lichess_id	event	site	date	round
51EhMpIT	Clutch-ch June	Lichess.org INT	2020.06.13	3.1
hhaSI6SI	Clutch-ch June	Lichess.org INT	2020.06.14	3.12
1OdQ8CAQ	FIDE Chess.com Grand Swiss	Douglas ENG	2019.10.19	9.2
4DFmQ2ev	Saint Louis Blitz 2019	Saint Louis USA	2019.08.14	13.1
X5SOdQhT	FIDE Candidates	London	2013.03.16	2
JNf4bkVj	Norway Chess	Stavanger	2013.05.08	1
izDMPoOm	11th London Classic 2019	London ENG	2019.12.04	1.8
WZR4g5So	Cote d'Ivoire Blitz 2019	Abidjan CIV	2019.05.12	11.1
fV925IT4	7th Norway Blitz 2019	Stavanger NOR	2019.06.03	2.1
wj8ECbQq	Sinquefield Cup	Saint Louis	2013.09.10	2
YSvU3Ibw	Vugar Gashimov Mem 2015	Shamkir AZE	2015.04.19	3.3
Me9HfuFx	3rd GRENKE Chess Classic	Baden Baden GER	2015.02.06	4.3
yiksI5er	3rd Norway Blitz 2015	Stavanger NOR	2015.06.15	8.5
Q4BQZWmP	Carlsen Inv Prelim	chess24.com INT	2020.04.29	6.3
T0CbWmZi	Legends of Chess Prelim	chess24.com INT	2020.07.22	2.2
yERFDEca	Aimchess US Rapid Prelim	chess24.com INT	2021.08.28	2.2
VAlYv84F	Tata Steel-A 74th	Wijk aan Zee	2012.01.15	2
AbJWxyOy	5th Norway Blitz 2017	Stavanger NOR	2017.06.05	9.1
XLmqeLoN	FTX Crypto Cup Prelim	chess24.com INT	2021.05.24	9.6
1mqK1xG4	Tata Steel-A 74th	Wijk aan Zee	2012.01.29	13
D5JwRO6a	Goldmoney Asian Prelim	chess24.com INT	2021.06.27	10.8
6kaQE7rN	FIDE World Blitz 2014	Dubai UAE	2014.06.20	17.9
gdwDRRR1	Brussels	Brussels	1987.04.14	4
iAyxfTmX	World Cup	Khanty-Mansiysk	2007.11.29	2.4
s6g3GWvX	World Blitz 2019	Moscow RUS	2019.12.30	15.28
ZiXqZje1	Zurich CC Rapid 2014	Zurich SUI	2014.02.04	1.1
XUhnAEMo	Tata Steel India Blitz	Kolkata IND	2019.11.26	18.3
71zMf0s6	7th Norway Blitz 2019	Stavanger NOR	2019.06.03	3.1
n6Yl7poc	FIDE World Blitz 2014	Dubai UAE	2014.06.20	18.2
9y57EzAQ	Corus	Wijk aan Zee	2008.01.13	2
fBScZEep	Leon 22nd	Leon	2009.06.07	2.7
pCzmxaM6	FIDE-Wch	Elista	1996.07.04	15
gzL9Y2yy	Opera Euro Rapid Prelim	chess24.com INT	2021.02.08	15.1
kR4mY2Xe	Biel GM 45th	Biel	2012.07.31	8
N9sx7pSk	Corus	Wijk aan Zee	2003.01.23	10
OAqIpO80	Amber-rapid 20th	Monte Carlo	2011.03.24	11
4DV5U1ZD	Zurich CC Rapid 2014	Zurich SUI	2014.02.04	1.2
r9fUj0WO	11th London Classic 2019	London ENG	2019.12.04	1.5
yDEt8ZmG	Tata Steel India Blitz	Kolkata IND	2019.11.26	17.2
FBxafSXx	Beijing Sportaccord blitz	Beijing	2012.12.17	15
hbMtoz7m	Tal Memorial 8th	Moscow	2013.06.13	1
LS1xb3rL	chess.com Speed 3m+2spm 2017	chess.com INT	2017.11.18	2.22
COlw0MQ9	WCh 2016	New York USA	2016.11.11	1
CSa0jBmY	CCT Final Playoff 2023	Toronto CAN	2023.12.10	4.2
cJsGI6A4	85th Tata Steel Masters	Wijk aan Zee NED	2023.01.16	3.1
oPelXIS9	Cote d'Ivoire Blitz 2019	Abidjan CIV	2019.05.12	12.3
rFDUsr9Y	Carlsen Tour Final	chess24.com INT	2020.08.09	1.16
W9375DmX	Carlsen Tour Final	chess24.com INT	2020.08.12	1.45
jownEPXs	chess.com Speed 1m+1spm 2017	chess.com INT	2017.11.18	2.34
ZPEjdsGK	GCT Rapid YourNextMove	Leuven BEL	2017.06.29	5.2
xoxeikcy	3rd Norway Blitz 2015	Stavanger NOR	2015.06.15	2.3
UJkORpA4	chess.com Speed 3m+1spm 2018	chess.com INT	2018.09.07	1.18
yvQYwASv	chess.com Speed 1m+1spm 2017	chess.com INT	2017.11.18	2.35
IOi3k1eB	Goldmoney Asian Rapid KO	chess24.com INT	2021.07.04	3.22
ACD30sjE	chess.com Blitz Final 3m+2spm 2016	chess.com INT	2016.10.27	13
N12LQaxu	Chessable Masters Winners	chess.com INT	2025.02.21	5.4
IpY1ThET	Zurich CC Rapid 2014	Zurich SUI	2014.02.04	2.3
nBtNHsCU	3rd Norway Blitz 2015	Stavanger NOR	2015.06.15	7.4
eVTBhl4K	Chessable Masters KO 2022	chess24.com INT	2022.05.24	2.11
CchXqKRa	Chessable Masters KO 2022	chess24.com INT	2022.05.24	2.13
XGd9eXYP	chess.com Speed 1m+1spm 2017	chess.com INT	2018.08.07	24
J7chx8ZZ	chess.com Speed 1m+1spm 2017	chess.com INT	2018.08.02	28
26uyPfd1	PRO League Group Stage	chess.com INT	2018.02.03	4
15DI8EFq	5th Classic GpA 2013	London ENG	2013.12.13	6.2
uWF0g6DM	FTX Crypto Cup Prelim	chess24.com INT	2021.05.24	6.3
lVMpaBqQ	FTX Crypto Cup KO 2021	chess24.com INT	2021.05.31	3.31
0CyFG6o3	FTX Crypto Cup KO 2021	chess24.com INT	2021.05.27	1.23
KD0RyRu4	chess.com Speed 3m+1spm 2018	chess.com INT	2018.09.07	1.10
boLujJkB	Saint Louis Rapid 2019	Saint Louis USA	2019.08.11	4.1
zruFgG89	Clutch-ch June	Lichess.org INT	2020.06.14	3.11
bbp4jgEb	Chessable Masters Final	chess24.com INT	2020.06.25	1.13
bMJKX8YH	Clutch-ch June	Lichess.org INT	2020.06.14	3.9
jMVMo1Ua	3rd Norway Chess 2015	Stavanger NOR	2015.06.21	5.2
vDq0pmw3	Carlsen Tour Final	chess24.com INT	2020.08.09	1.11
6ra0xjZ4	Carlsen Tour Final	chess24.com INT	2020.08.11	1.33
BTVJpaP6	Carlsen Tour Final	chess24.com INT	2020.08.11	1.32
4d2hVLKj	Cote d'Ivoire Blitz 2019	Abidjan CIV	2019.05.11	2.1
mkArCT5Z	Cote d'Ivoire Rapid 2019	Abidjan CIV	2019.05.09	5.1
x43vjTbT	Norway Chess	Stavanger	2013.05.13	5
vkPr1VTO	Linares 18th	Linares	2001.02.25	3
izdLhcDH	Corus	Wijk aan Zee	2001.01.17	4
uNJuQn1m	Saint Louis Blitz 2017	Saint Louis USA	2017.08.17	2.2
4i7ggz2L	Legends of Chess Final	chess24.com INT	2020.08.04	2.22
vhck1T54	Legends of Chess Final	chess24.com INT	2020.08.03	2.15
5H6i4xRr	Tata Steel India Rapid	Kolkata IND	2019.11.22	1.2
fn2C5ODv	5th Norway Chess 2017	Stavanger NOR	2017.06.08	3.1
EEiUY1fX	Biel GM 45th	Biel	2012.07.25	3
6hTro47G	Amber-blindfold 10th	Monte Carlo	2001.03.17	1
D4PQqufl	Candidates qf1	Alma-Ata	1980.??.??	4
gAJFG46p	Candidates qf1	Alma-Ata	1980.??.??	2
oAE56yGP	FIDE Candidates 2020	Yekaterinburg RUS	2021.04.19	8.1
h15D2RxK	83rd Tata Steel Masters	Wijk aan Zee NED	2021.01.23	7.4
rgjomTAG	7th Norway Chess 2019	Stavanger NOR	2019.06.05	2.4
DISwa3Yx	Linares 18th	Linares	2001.02.23	1
gnCbmvaX	WCh 2018	London ENG	2018.11.19	8
oI7SdvND	WCh Rapid TB 2018	London ENG	2018.11.28	2
9hRmnVXz	WCh 2018	London ENG	2018.11.22	10
oLo7q12t	WCh 2018	London ENG	2018.11.26	12
3T6laDU6	3rd Sinquefield Cup 2015	Saint Louis USA	2015.08.26	4.2
URQYx9hO	Airthings Masters Prelim	chess24.com INT	2020.12.28	11.3
XgWg4yVr	Saint Louis Blitz 2019	Saint Louis USA	2019.08.14	16.4
zgRU8wfS	Magnus Carlsen Inv Prelim	chess24.com INT	2021.03.14	8.3
LsYVhozU	Moscow Aeroflot op-A	Moscow	2005.02.21	7
4ZfDWkL5	FIDE-Wch k.o.	Tripoli	2004.06.29	5.7
0I7BwZld	Ugra Cup	Khanty-Mansiysk	2008.10.23	9
5I9RUtvA	EU-ch 7th	Kusadasi	2006.04.07	4
sMqdaIN7	Cote d'Ivoire Blitz 2019	Abidjan CIV	2019.05.12	13.1
3IjC40lK	ARM-ROW m	Moscow	2004.06.15	6
9kn1jmvK	Nanjing Pearl Spring 2nd	Nanjing	2009.10.05	7
2IEAzaFV	Corus	Wijk aan Zee	2000.01.28	11
bz1M1qWk	Clutch-ch June	Lichess.org INT	2020.06.08	1.11
CAg5Wck8	Linares 15th	Linares	1998.03.01	7
bPWuogVp	Dortmund SuperGM	Dortmund	2003.08.03	4
DNarGjM9	Linares 19th	Linares	2002.03.10	14
rZjU3wqD	FIDE World Rapid 2014	Dubai UAE	2014.06.17	6.2
RjbXhrby	Saint Louis Rapid	Lichess.org INT	2020.09.17	9
nJ6sMTpL	Arctic Stars Prelim	Kristiansund	2010.08.28	3
6EIDOa5F	Opera Euro Rapid Prelim	chess24.com INT	2021.02.06	5.4
JcW0nyTk	Corus	Wijk aan Zee	2010.01.22	6
cvKvhZx8	Mainz Classic rap fin	Mainz	2008.08.03	1
d2OPYH9G	Carlsen Inv Prelim	chess24.com INT	2020.04.18	1.4
PoBF3Mqd	Carlsen Inv Prelim	chess24.com INT	2020.04.18	1.5
2QofbaNZ	Lindores Abbey Prelim	chess24.com INT	2020.05.21	9
h2Fd3Q6f	SportAccord Basque Men 2013	Beijing CHN	2013.12.18	5.1
aB82kSWO	79th Tata Steel GpA	Wijk aan Zee NED	2017.01.24	9.1
EkBXM5ue	Amber-rapid 17th	Nice	2008.03.22	7
VovimiK8	Chess Classics Giants	Frankfurt	1998.06.18	4
ch76oTrr	Airthings Masters KO 2022	chess24.com INT	2022.02.26	3.23
mJWuXHlT	Tata Steel India Rapid	Kolkata IND	2024.11.14	6.2
MqbrEepC	Casablanca Chess 2024	Casablanca MAR	2024.05.18	3.1
N076H7lD	44th GM 2016	Dortmund GER	2016.07.15	5.4
Gf1tgtQw	WCh 2014	Sochi RUS	2014.11.15	6
U70yDvah	Zurich CC Blitz 2014	Zurich SUI	2014.01.29	1.1
RCZ8X8hV	Botvinnik Memorial m	Moscow	2001.12.02	2
wrkLQvCE	GCT Blitz Paris 2016	Paris FRA	2016.06.12	15.3
qA1UriE0	Casablanca Chess 2024	Casablanca MAR	2024.05.19	6.2
3mXymgBl	GRENKE Chess Classic 2018	Karlsruhe/Baden Baden GER	2018.04.09	9.4
KlTovZ6S	Meltwater Tour Final 2021	chess24.com INT	2021.09.27	3.5
Vv32s0zJ	NIC Classic KO 2021	chess24.com INT	2021.04.28	1.24
dWxgnyeJ	Clutch-ch June	Lichess.org INT	2020.06.13	3.4
kMy4yNaa	Clutch-ch June	Lichess.org INT	2020.06.13	3.6
CA4oVUCt	3rd Sinquefield Cup 2015	Saint Louis USA	2015.08.23	1.1
Duq7YtG9	Legends of Chess Prelim	chess24.com INT	2020.07.26	6.4
vWr95Ltv	11th London Classic 2019	London ENG	2019.12.04	1.10
aQzCUaqm	Skilling Open KO 2020	chess24.com INT	2020.11.28	2.22
4boqPNUD	Global Chess League 2023	Dubai UAE	2023.06.26	6.1
kjeXLQ1j	Skilling Open KO 2020	chess24.com INT	2020.11.26	1.24
pEOSwU5b	World Rapid 2025	Doha QAT	2025.12.28	13.1
bQDZlxgx	CCT Final Survival Loser	Toronto CAN	2023.12.12	1.2
MZtoGHrW	Chess.com Rapid Wk5 Swiss	chess.com INT	2022.03.12	8
T9j0z3kT	Paris Immopar rapid	Paris	1992.??.??	1
UMxwAw7D	Gaprindashvili Cup 2016	Tbilisi GEO	2016.04.27	6.5
jl99WINz	GCT Blitz Paris 2019	Paris FRA	2019.07.31	5.2
YVtNDDGm	World Rapid 2021	Warsaw POL	2021.12.27	7.1
b2Xfc6Wq	Carlsen Tour Final	chess24.com INT	2020.08.09	1.13
dlIJafzl	Carlsen Tour Final	chess24.com INT	2020.08.09	1.15
BniKX8rH	chess.com Speed 1m+1spm 2017	chess.com INT	2017.11.18	2.30
5X5KF2fY	chess.com Speed 5m+2spm 2017	chess.com INT	2017.11.18	2.2
tPeuj1h3	GCT Rapid YourNextMove	Leuven BEL	2016.06.18	7.4
tEDRPql9	Skilling Open KO 2020	chess24.com INT	2020.11.30	3.23
4vjGgx3t	World Championship	Chennai	2013.11.10	2
l0GOEDHp	Clutch-ch June	Lichess.org INT	2020.06.12	2.10
5KVwagdf	Linares 20th	Linares	2003.03.01	7
1NEyYCyB	FTX Crypto Cup Prelim	chess24.com INT	2021.05.25	14.6
9Sdad7YX	Aimchess Rapid Prelim	chess24.com INT	2022.10.17	14.1
yZrlyaVp	SuperUnited Rapid 2023	Zagreb CRO	2023.07.05	3.5
AY124uKf	Amber-rapid 18th	Nice	2009.03.20	6
J7ib4KLs	Chessable Masters Final	chess24.com INT	2020.06.26	1.16
Eo3VhELp	FTX Crypto Cup 2022	Miami USA	2022.08.20	6.1
oS9Z4tQd	GCT Rapid YourNextMove	Leuven BEL	2017.06.29	4.2
35nNrI3L	chess.com Speed 1m+1spm 2017	chess.com INT	2018.01.03	4.23
0w0CWOAG	Oslo Esports Cup 2022	Oslo NOR	2022.04.22	1.3
5C7mGGJp	7th Norway Blitz 2019	Stavanger NOR	2019.06.03	7.1
hVPOX7F4	chess.com Speed 3m+2spm 2017	chess.com INT	2017.11.18	2.15
sefXWDFd	PRO League KO Stage 2017	chess.com INT	2017.03.25	4.8
yxUYCNPt	Saint Louis Blitz 2019	Saint Louis USA	2019.08.13	9.2
WMxFBmkB	11th London Classic 2019	London ENG	2019.12.08	2.7
9HqyqJiz	Grand Slam Final 5th	Sao Paulo/Bilbao	2012.10.11	8
XEMESrCm	Carlsen Inv Prelim	chess24.com INT	2020.04.19	1.1
7nbTX8Jv	2nd Norway Blitz 2014	Flor & Fjaere NOR	2014.06.02	6.2
orraV4Zh	Moscow Tal Memorial 7th Blitz	Moscow	2012.06.07	4
J13Xismj	GCT Blitz Paris 2017	Paris FRA	2017.06.24	3.5
usADdvRU	5th Norway Blitz 2017	Stavanger NOR	2017.06.05	8.3
e09n1mAb	FTX Crypto Cup 2022	Miami USA	2022.08.15	1.3
kTVwc1ZD	FTX Crypto Cup KO 2021	chess24.com INT	2021.05.26	1.12
kN6CGYP0	FTX Crypto Cup KO 2021	chess24.com INT	2021.05.27	1.32
PmEbQLwH	FTX Crypto Cup KO 2021	chess24.com INT	2021.05.26	1.14
GjkiRzzC	Saint Louis Blitz 2019	Saint Louis USA	2019.08.13	2.1
Cf1e6zzg	Saint Louis Blitz 2017	Saint Louis USA	2017.08.17	3.3
LcHBiBca	11th Norway Chess 2023	Stavanger NOR	2023.05.30	1.1
uWjzaZ6O	Wch Rapid	Astana	2012.07.06	2
ZCJF7nUs	Goldmoney Asian Rapid KO	chess24.com INT	2021.07.02	2.24
ENgsTpMF	SpeedChess Final 2024	Paris FRA	2024.09.08	2.31
7b8a4CjY	Superbet POL Rapid 2024	Warsaw POL	2024.05.08	1.5
m5HcNahZ	chess.com Speed 1m+1spm 2017	chess.com INT	2018.07.24	18
CbXQqjRn	Lindores Abbey Stars	Cupar SCO	2019.05.26	4.1
5CDw4tTR	Saint Louis Rapid 2019	Saint Louis USA	2019.08.11	6.4
czkdJ4Am	6th Norway Blitz 2018	Stavanger NOR	2018.05.27	6.4
O8omjb36	GCT Blitz Paris 2018	Paris FRA	2018.06.24	13.3
Fp7E1XuI	7th Norway Blitz 2019	Stavanger NOR	2019.06.03	8.1
YHMDum3F	chess.com Speed 1m+1spm 2017	chess.com INT	2017.11.18	2.25
bGO35uRV	7th Norway Blitz 2019	Stavanger NOR	2019.06.03	4.1
lDqJtaDt	FTX Crypto Cup 2022	Miami USA	2022.08.15	1.1
qGeCrW3o	3rd Norway Blitz 2015	Stavanger NOR	2015.06.15	3.4
Ehvx4Qco	41st Olympiad Open 2014	Tromso NOR	2014.08.08	6.3
b7D1Xesz	42nd Olympiad 2016	Baku AZE	2016.09.11	9.2
osU4h7ZT	World Blitz 2019	Moscow RUS	2019.12.30	15.1
J1tOgIW5	Carlsen Inv Prelim	chess24.com INT	2020.04.22	3.1
5dDr8w4P	chess.com Blitz Final 1m+1spm 2016	chess.com INT	2016.10.27	22
7Dbasb1N	Clutch-ch June	Lichess.org INT	2020.06.11	2.2
upErKiJh	Carlsen Tour Final	chess24.com INT	2020.08.18	2.55
5VhZIm1B	FTX Crypto Cup KO 2021	chess24.com INT	2021.05.29	2.24
vRNabPCI	Airthings Masters KO 2020	chess24.com INT	2020.12.30	1.32
aDlTfLDd	Meltwater Tour Final 2021	chess24.com INT	2021.09.27	3.5
Cqc5SyrP	chess.com Speed 2019	chess.com INT	2019.12.05	3.22
Sxov6E94	Saint Louis Blitz 2019	Saint Louis USA	2019.08.14	14.5
jYSkjcuG	Saint Louis Blitz 2019	Saint Louis USA	2019.08.13	5.1
91pLjvXB	Carlsen Inv Prelim	chess24.com INT	2020.04.22	3.3
RoHsVV05	Clutch-ch June	Lichess.org INT	2020.06.13	3.2
LSVO85Cp	3rd Norway Chess 2015	Stavanger NOR	2015.06.17	2.4
Kc2CTGlC	3rd GRENKE Chess Classic	Baden Baden GER	2015.02.08	6.3
BYevzpdi	3rd Sinquefield Cup 2015	Saint Louis USA	2015.09.01	9.2
CtG3Ko4C	Vugar Gashimov Mem 2014	Shamkir AZE	2014.04.23	4.2
PEiLTONx	Tata Steel India Rapid	Kolkata IND	2019.11.24	9.4
Qloag7DW	Vugar Gashimov Mem 2015	Shamkir AZE	2015.04.17	1.3
VIytwd64	GCT Rapid TB Paris 2017	Paris FRA	2017.06.25	2
iNHMHPQt	Vugar Gashimov Mem 2018	Shamkir AZE	2018.04.25	6.3
Fue6cZsZ	Sinquefield Cup	Saint Louis	2013.09.15	6
B0EL1LtT	Linares 20th	Linares	2003.03.02	8
RSXB88Pz	Norway Chess	Stavanger	2013.05.13	5
ItvPp7aI	Grand Slam Final 3rd	Bilbao	2010.10.15	6
BKEBQcHY	Nanjing Pearl Spring 3rd	Nanjing	2010.10.21	2
n1M9TAdH	London Classic 2nd	London	2010.12.10	3
sfQ6e6c7	Opera Euro Rapid KO 2021	chess24.com INT	2021.02.11	2.12
enZ12hVj	Vugar Gashimov Mem 2014	Shamkir AZE	2014.04.29	9.2
M0SYEbdM	Mainz Classic rap Prelim	Mainz	2008.08.02	6
aNu7HTso	8th Grand Slam Masters	Bilbao ESP	2015.10.31	5.1
8RjEsDdx	4th Sinquefield Cup 2016	Saint Louis USA	2016.08.08	4.5
oOAcwi26	Qatar Masters Open 2015	Doha QAT	2015.12.26	6.1
ycyVNNe6	Amber-blindfold 20th	Monte Carlo	2011.03.18	6
aPuS18QP	RUS-The World	Moscow	2002.09.11	9
F1O04Umm	Sofia MTel Masters 5th	Sofia	2009.05.22	9
WfNuXE4u	Sinquefield Cup	Saint Louis	2013.09.13	4
bHEacwVE	SpeedChess Final 2024	Paris FRA	2024.09.08	2.30
nOj6zqgz	chess.com Speed 5m+1spm 2018	chess.com INT	2018.12.02	4.7
AVtAS7RB	London FIDE GP 1st	London	2012.09.29	8
9fWPVa8k	Chessable Masters Final	chess24.com INT	2020.06.25	1.12
Gt25dwor	GCT Blitz Paris 2016	Paris FRA	2016.06.11	5.3
0qiAsGo2	GCT Blitz Paris 2016	Paris FRA	2016.06.12	11.5
SWQkWTRn	7th Sinquefield Cup 2019	Saint Louis USA	2019.08.27	10.4
WkbWJ9FY	GCT Blitz YourNextMove	Leuven BEL	2017.07.02	11.3
GmHrNCGa	GCT Blitz YourNextMove	Leuven BEL	2016.06.19	7.3
oycDquDF	WCh 2021	Dubai UAE	2021.12.10	11
UayafTnB	Clutch-ch June	Lichess.org INT	2020.06.11	2.5
oVs5EH8m	chess.com Speed 1m+1spm 2017	chess.com INT	2017.11.21	3.19
l2qKTr1O	chess.com Speed 1m+1spm 2017	chess.com INT	2017.11.21	3.23
LmrXVYKd	Casablanca Chess 2024	Casablanca MAR	2024.05.18	1.1
wrnAe2Wc	NIC Classic KO 2021	chess24.com INT	2021.04.29	2.31
6mQ2NmhQ	6th Sinquefield Cup 2018	Saint Louis USA	2018.08.20	3.1
T320IHuB	SpeedChess Final 2024	Paris FRA	2024.09.08	2.6
oPRsdMZb	4th GRENKE Chess Classic	Karlsruhe GER	2017.04.22	7.2
uldGpuyI	3rd Norway Blitz 2015	Stavanger NOR	2015.06.15	5.5
O7vkSean	Carlsen Inv Prelim	chess24.com INT	2020.04.30	7.4
1nSvjcEV	chess.com Speed 2019	chess.com INT	2019.11.18	2.31
6DthAjoX	Saint Louis Blitz 2017	Saint Louis USA	2017.08.17	1.5
99Jjiftn	EU-ch blitz	Warsaw	2011.12.16	9
7JPyKEXC	ROM-chT	Eforie Nord	2000.12.20	3
MxHHpDbg	Queens-Kings	Jinan	2002.07.24	1
a1zZkVRY	TCh-RUS Blitz 2018	Sochi RUS	2018.10.10	5.1
aGwGgxqM	Clutch-ch June	Lichess.org INT	2020.06.13	3.5
e7d46fUY	Clutch-ch June	Lichess.org INT	2020.06.14	3.10
kjCg2P9g	WCh 2018	London ENG	2018.11.24	11
8HJr7ebi	WCh 2018	London ENG	2018.11.16	6
p5pz4Js3	FIDE World Blitz 2014	Dubai UAE	2014.06.19	10.1
u6jBXenv	2nd Sinquefield Cup 2014	Saint Louis USA	2014.08.27	1.1
tMYtH8W6	5th Sinquefield Cup 2017	Saint Louis USA	2017.08.06	5.3
kTn1iL3J	Tata Steel-A 73rd	Wijk aan Zee	2011.01.15	1
j4EJbD40	9th London Classic 2017	London ENG	2017.12.08	6.3
3YAxTLTQ	Ultimate Blitz Challenge	Saint Louis USA	2016.04.28	3.1
jCdjuvmq	Wch Blitz 5th	Moscow	2010.11.16	8
coR471p1	Saint Louis Blitz 2019	Saint Louis USA	2019.08.14	12.4
oetwfx9X	Norway Chess	Stavanger	2013.05.10	3
fZVH1e5U	chess.com Blitz Final 1m+1spm 2016	chess.com INT	2016.10.27	25
JnQQrdOQ	chess.com Blitz Final 1m+1spm 2016	chess.com INT	2016.10.27	23
vmVobDAG	Saint Louis Rapid	Lichess.org INT	2020.09.16	5
Vac306Gi	Skilling Open Prelim	chess24.com INT	2020.11.23	10.5
OoJHBFl9	Wch Blitz	Astana	2012.07.10	18
GIqpuZ2S	Lindores Abbey Prelim	chess24.com INT	2020.05.21	10
71QYgHtn	EU-chT (Men) 10th	Debrecen	1992.11.??	1.2
q89OnKSL	Riga Interzonal	Riga	1979.??.??	15
CqtcEn6u	GER-ch 65th	Bad Wildbad	1993.??.??	3
5LR4a3w4	Metz op 06th	Metz	1988.??.??	?
RxhRsNmg	3rd Norway Chess 2015	Stavanger NOR	2015.06.22	6.1
rAY2ystg	GCT Rapid Paris 2016	Paris FRA	2016.06.10	9.2
ou3TQZzU	3rd Sinquefield Cup 2015	Saint Louis USA	2015.08.31	8.2
GRO6W4Up	Cote d'Ivoire Blitz 2019	Abidjan CIV	2019.05.11	3.2
G2rC8V4M	GCT Blitz Paris 2018	Paris FRA	2018.06.23	2.4
mbFAORpx	GCT Rapid YourNextMove	Leuven BEL	2016.06.17	2.2
ILdiFLsx	5th Hainan Danzhou 2014	Danzhou CHN	2014.06.26	2.5
2aEainlU	CGC KO 2022	chess.com INT	2022.09.23	2.3
HSVzjayd	World Blitz 2015	Berlin GER	2015.10.13	5.14
CV4JKRpO	World Cup	Khanty-Mansiysk	2007.11.24	1.1
M1gyq6VU	Bundesliga 1112	Germany	2011.11.20	5.2
c6dwyRDR	Dos Hermanas Internet f 7th	ICC INT	2006.03.25	3.2
qwpV2wk4	2nd Sinquefield Cup 2014	Saint Louis USA	2014.09.05	9.2
6YlcvH78	Nanjing Pearl Spring 3rd	Nanjing	2010.10.22	3
p1e9BdsY	Champions Showdown 60m	Saint Louis USA	2016.11.12	5.1
FCFgDv0K	Vugar Gashimov Mem 2014	Shamkir AZE	2014.04.20	1.1
6ToNbOnr	Chessable Masters Final	chess24.com INT	2020.07.04	3.24
KrEw3E6R	FIDE Candidates	London	2013.03.17	3
IxkY2IpJ	Carlsen Inv Final 4	chess24.com INT	2020.05.03	2.4
b6Ltr4hi	4th Norway Chess 2016	Stavanger NOR	2016.04.27	7.3
35l2nEZB	3rd GRENKE Chess Classic	Baden Baden GER	2015.02.02	1.3
YNb68tYJ	Magnus Carlsen Inv KO	chess24.com INT	2021.03.19	2.32
em58WdtD	Magnus Carlsen Inv KO	chess24.com INT	2021.03.19	2.22
MlmCSQYo	Linares 20th	Linares	2003.02.22	1
PVTasgpF	Botvinnik Memorial m 5'	Moscow	2001.12.09	3
BQ21cqaY	Botvinnik Memorial m	Moscow	2001.12.01	1
Ewk9ssJ6	Botvinnik Memorial m 5'	Moscow	2001.12.09	9
A2cM3wqU	41st Olympiad Open 2014	Tromso NOR	2014.08.06	5.3
IyXf8bOi	3rd Norway Chess 2015	Stavanger NOR	2015.06.16	1.2
csT4wq1I	Chessable Masters KO 2022	chess24.com INT	2022.05.24	2.14
kN6d9l2i	FIDE World Rapid 2014	Dubai UAE	2014.06.18	12.1
0H6H5Wpx	7th Sinquefield Cup TB	Saint Louis USA	2019.08.29	1
Um5Pxzih	Charity Cup KO 2022	chess24.com INT	2022.03.24	2.24
SAH980a5	Carlsen Tour Final	chess24.com INT	2020.08.12	1.41
va9vwOQB	Kosmos m 5'	Moscow	1998.11.28	13
72Yr5Ggz	Moscow Tal Memorial 4th	Moscow	2009.11.08	4
XNtK2YoR	Moscow Advanced rap m	Moscow	2007.11.23	1
IHRez3l8	Tata Steel-A 75th	Wijk aan Zee	2013.01.15	4
o9NGQ8O5	Legends of Chess Prelim	chess24.com INT	2020.07.26	6.2
Ow7wyZ2H	3rd Sinquefield Cup 2015	Saint Louis USA	2015.08.26	4.5
JsjRCJDP	Zuerich m	Zuerich	2012.04.21	1
LFnOHgBR	Zuerich m	Zuerich	2012.04.27	5
1jkK1e1E	Magnus Carlsen Inv Prelim	chess24.com INT	2021.03.14	10.4
BjlGJTNo	ICC Open Final 2016	ICC INT	2016.06.05	2.3
4EKiBQAx	World Teams 2013	Antalya TUR	2013.11.26	1.5
6AdyW0sp	Moscow Tal Memorial 7th	Moscow	2012.06.18	9
1R4fWTVm	Nakamura vs Aronian Blitz	Saint Louis USA	2014.11.25	7
fidio1sX	6th London Classic 2014	London ENG	2014.12.10	1.1
qeYPJL2y	6th Norway Chess 2018	Stavanger NOR	2018.06.03	6.1
VpWYyv3g	Magnus Carlsen Inv Prelim	chess24.com INT	2021.03.15	12.5
nlh6QPSg	Chessable Masters GpB	chess24.com INT	2020.06.23	8
uJ9AIo6J	Candidates Tournament	Ekaterinburg	2020.03.19	3
wDDEy97W	Clutch-ch June	Lichess.org INT	2020.06.12	2.7
tsWUg1l1	Corus	Wijk aan Zee	2000.01.20	5
mewHWXvN	2nd Sinquefield Cup 2014	Saint Louis USA	2014.08.27	1.2
70xqABbQ	83rd Tata Steel Masters	Wijk aan Zee NED	2021.01.27	10.1
bmkRfUAJ	Croatia GCT 2019	Zagreb CRO	2019.07.04	8.1
rOdJEc5O	Charity Cup KO 2022	chess24.com INT	2022.03.24	2.23
9ciha6L5	Legends of Chess Prelim	chess24.com INT	2020.07.28	8.3
Od8mrfTI	FTX Crypto Cup 2022	Miami USA	2022.08.20	6.4
abEUqedn	Lindores Abbey Final 8	chess24.com INT	2020.05.26	1.23
dYhrqOdu	84th Tata Steel Masters	Wijk aan Zee NED	2022.01.25	9.1
11qVtwTb	84th Tata Steel Masters	Wijk aan Zee NED	2022.01.21	6.1
OIqjIXYx	World Rapid 2025	Doha QAT	2025.12.27	6.3
WOb0yPxr	2nd IMSA Blitz 2017	Huai'an CHN	2017.12.12	3.5
EcF6DdUi	Chess.com RCC Wk15 Swiss	chess.com INT	2022.05.21	9
CYO3l92h	PRO League KO Stage	Chess.com INT	2020.03.10	2
i9Kxe2bb	Charity Cup KO 2022	chess24.com INT	2022.03.24	2.22
kTlHiJaw	Vugar Gashimov Mem 2019	Shamkir AZE	2019.04.04	5.3
whxPSyuk	Tata Steel India Rapid	Kolkata IND	2019.11.23	6.3
QmTBEsNY	Chessable Masters Prelim	chess24.com INT	2022.05.19	4.1
rrThLDAC	Cote d'Ivoire Rapid 2019	Abidjan CIV	2019.05.10	8.2
LTe0cNKy	Carlsen Tour Final	chess24.com INT	2020.08.10	1.21
2AIOYRST	World Rapid 2019	Moscow RUS	2019.12.28	12.1
v5PLWi9g	chess.com Speed 1m+1spm 2017	chess.com INT	2017.11.18	2.28
QR5UbqUY	7th Sinquefield Cup 2019	Saint Louis USA	2019.08.19	3.2
XolcdVwH	Carlsen Inv Prelim	chess24.com INT	2020.04.22	3.2
wV7Qn4S6	Carlsen Tour Final	chess24.com INT	2020.08.12	1.43
GaxieaHb	Bundesliga 2018-19	Berlin GER	2019.03.03	11.1
ULAgpMaX	2nd Norway Chess 2014	Stavanger NOR	2014.06.08	5.2
3mzUbWRx	FIDE World Rapid 2014	Dubai UAE	2014.06.18	11.1
CHr4jtYg	2nd Norway Blitz 2014	Flor & Fjaere NOR	2014.06.02	4.3
aKStNkXb	Saint Louis Rapid 2019	Saint Louis USA	2019.08.10	1.1
z2geMgul	11th Tal Mem Blitz 2018	Moscow RUS	2018.03.05	11.2
Se07YrWg	Wch Blitz	Astana	2012.07.10	21
jfFPmX8l	chess.com Speed 1m+1spm 2017	chess.com INT	2018.08.07	28
yWVrDAz3	chess.com Speed 1m+1spm 2017	chess.com INT	2018.08.07	22
vx1mUeOc	NATT/6	ICCF	2008.06.20	?.1
3PEfzPuH	Internet Section 06A g/8'+2	Dos Hermanas	2004.03.06	7
iFYywHQz	MT-Milan (ENG)	ICCF	2008.08.15	?
TGEbeK5Q	BRA-NOR 2008	ICCF	2008.08.28	?.1
jIWOc713	FIDE World Rapid 2014	Dubai UAE	2014.06.18	14.2
tQZnzpJU	Tata Steel-A 75th	Wijk aan Zee	2013.01.13	2
FTNFpGyo	Vugar Gashimov Mem 2018	Shamkir AZE	2018.04.19	1.3
blKvPNqS	Carlsen Tour Final	chess24.com INT	2020.08.10	1.23
uNm0HJZZ	Julius Baer GenCup KO	chess24.com INT	2022.09.25	3.22
yahD43ql	7th Norway Blitz 2019	Stavanger NOR	2019.06.03	5.3
bQeAGBcw	41st Olympiad Open 2014	Tromso NOR	2014.08.04	3.1
5HPzvCPk	Chessable Masters Final	chess24.com INT	2020.06.30	2.14
qTDbYPql	Chessable Masters Final	chess24.com INT	2020.07.01	2.21
5RZ0f9x5	World Blitz 2019	Moscow RUS	2019.12.30	20.1
XIOE4kIi	Amber-rapid 19th	Nice	2010.03.21	8
E4ENwId4	Ultimate Blitz Challenge	Saint Louis USA	2016.04.28	2.2
KShxgyrN	Kosmos m 5'	Moscow	1998.11.27	6
9eE7XxLa	Amber-blindfold 19th	Nice	2010.03.14	2
ZJIxPaS8	36th ECC Open 2021	Struga MKD	2021.09.22	5.3
hMsMv966	SportAccord Rapid Men 2013	Beijing CHN	2013.12.13	5.5
Iu3cR4Il	Beijing Sportaccord blindfold	Beijing	2012.12.19	6
LYlWOL61	SportAccord Blitz Men 2013	Beijing CHN	2013.12.16	27.1
x1NfADEP	World Rapid 2024	New York USA	2024.12.28	11.4
Mynd8eWQ	5th Classic KO 2013	London ENG	2013.12.15	3.2
IWmRX2ik	Beijing FIDE GP	Beijing	2013.07.15	10
l5617NnX	Tata Steel-A 75th	Wijk aan Zee	2013.01.14	3
2QYo9oKl	Amsterdam Euwe Memorial	Amsterdam	1995.05.12	1
ThkFnrhc	EU-chT (Men) 17th	Novi Sad	2009.10.26	5
Tgj8tE31	Linares 12th	Linares	1994.??.??	3
ivxeEQ7a	Aruba m	Aruba	1995.??.??	5
cOKsoa1P	Chessable Masters Final	chess24.com INT	2020.06.27	1.23
QNNsIg4q	Chessable Masters Final	chess24.com INT	2020.06.27	1.21
g5bZX298	Norway Chess 8th	Stavanger	2020.10.08	4
aNKdVGIR	7th Sinquefield Cup 2019	Saint Louis USA	2019.08.25	8.2
ZIpTRHrr	Chessable Masters KO 2022	chess24.com INT	2022.05.24	2.12
iOgwL8EI	6th Norway Blitz 2018	Stavanger NOR	2018.05.27	7.1
tnNZQMWZ	Tal Memorial 8th	Moscow	2013.06.18	5
Lsl4tnmq	FIDE Candidates	London	2013.03.31	13
5hrHwytd	2nd Norway Blitz 2014	Flor & Fjaere NOR	2014.06.02	8.3
rTc3REeE	Vugar Gashimov Mem 2014	Shamkir AZE	2014.04.26	6.2
l7sb4G7L	Lindores Abbey Stars	Cupar SCO	2019.05.25	1.2
F887FG8M	Saint Louis Blitz 2019	Saint Louis USA	2019.08.14	17.1
bY9LGqgM	Meltwater Tour Final 2021	chess24.com INT	2021.10.03	8.4
0lMZtIzE	Saint Louis Blitz 2019	Saint Louis USA	2019.08.14	11.3
XfSevJ8V	FIDE World Cup	Tromso	2013.08.24	5.2
FKzZmlKr	Hofmann Cup	Baden-Baden	1995.??.??	6
mvXFjw4B	IMSA Blitz 2016	Huai'an CHN	2016.03.01	23.3
r4U2eW0t	Corus	Wijk aan Zee	2001.01.23	9
TCMsEOzj	FIDE World Blitz 2014	Dubai UAE	2014.06.20	16.2
IHJjuOuQ	Grand Slam Final 5th	Sao Paulo/Bilbao	2012.10.13	10
bEupX1Mc	WCh 2014	Sochi RUS	2014.11.14	5
oC6QLobQ	Vugar Gashimov Mem 2014	Shamkir AZE	2014.04.28	8.2
lvmmI4Ad	Botvinnik Memorial m 5'	Moscow	2001.12.09	2
BrG40tmB	FIDE World Rapid 2014	Dubai UAE	2014.06.16	4.4
whNCT02j	World Blitz 2016	Doha QAT	2016.12.30	16.2
N8XykJzY	Tata Steel-A 75th	Wijk aan Zee	2013.01.23	10
N8XEWWZo	chess.com Blitz Final 3m+2spm 2016	chess.com INT	2016.10.27	11
4hVkYUap	chess.com Blitz Final 5m+2spm 2016	chess.com INT	2016.10.27	9
UqrxVvU1	Grand Slam Final 5th	Sao Paulo/Bilbao	2012.09.29	5
J2SNJvgv	FIDE Candidates	London	2013.03.15	1
dZ1Lf04a	PRO League KO Stage 2017	chess.com INT	2017.03.26	5.4
LiE2YWKA	GCT Blitz YourNextMove	Leuven BEL	2016.06.20	13.5
61x0vxpI	GCT Blitz YourNextMove	Leuven BEL	2016.06.19	9.4
Ibovajr9	SpeedChess Final 2024	Paris FRA	2024.09.08	2.28
GoX6H0bl	Legends of Chess Prelim	chess24.com INT	2020.07.22	2.4
zT7p8scw	Alma-Ata m1	Alma-Ata	1995.??.??	?
blAcGcqZ	Lindores Abbey Final 8	chess24.com INT	2020.05.24	1.13
XDlWSpjh	2nd Norway Chess 2014	Stavanger NOR	2014.06.10	7.3
B9jC6RdF	Saint Louis Rapid 2019	Saint Louis USA	2019.08.12	7.2
4Hof4Yvr	7th Sinquefield Cup 2019	Saint Louis USA	2019.08.24	7.3
7KeZ8rWs	WCh 2014	Sochi RUS	2014.11.21	10
esRKFa7Z	Chessable Masters Final	chess24.com INT	2020.06.30	2.13
y9dIW0Vx	11th London Classic 2019	London ENG	2019.12.04	1.4
1hSD8a6z	7th Norway Chess 2019	Stavanger NOR	2019.06.06	3.1
sX9fY9K0	Saint Louis Rapid	Lichess.org INT	2020.09.16	4
o8NALwSs	2nd Norway Blitz 2014	Flor & Fjaere NOR	2014.06.02	2.4
eZxOxuUd	4th GRENKE Chess Classic	Karlsruhe GER	2017.04.20	5.4
cQ5o0L2Z	World Cup	Khanty-Mansiysk	2009.11.21	1.1
rv4Nzs6F	SWIFT-Chess World Championship	Brussels	1987.??.??	?
kec8I8fo	Paris-ch blitz	Paris	2011.??.??	5
8nDz67kQ	Zurich CC Rapid 2014	Zurich SUI	2014.02.04	4.2
n0jfW5WW	Tata Steel-A 75th	Wijk aan Zee	2013.01.20	8
36v6iMte	Grand Slam Final 5th	Sao Paulo/Bilbao	2012.10.08	6
pKo5nxav	30th Leon GM 2017	Leon ESP	2017.07.07	1.4
FatpiP06	World Rapid 2021	Warsaw POL	2021.12.28	10.5
sFNHLJAC	FIDE World Cup 2021	Krasnaya Polyana RUS	2021.07.29	6.2
6tTnsVXU	Champions Showdown Blitz	Saint Louis USA	2019.02.23	12.1
zVaqozdf	Wch Blitz 5th	Moscow	2010.11.16	6
AyxhkvhD	Wch Blitz 5th	Moscow	2010.11.17	17
Oszd6zma	Aimchess Rapid KO	chess24.com INT	2022.10.20	3.12
0DfZPdnI	11th London Classic 2019	London ENG	2019.12.08	2.3
stv7HHPj	GCT Rapid Paris 2016	Paris FRA	2016.06.10	7.4
hUPN4foC	Saint Louis Blitz 2017	Saint Louis USA	2017.08.17	2.1
rHvAegKn	Champions Showdown 60m	Saint Louis USA	2016.11.11	4.1
fgVYDlgo	chess.com Speed 5m+2spm 2017	chess.com INT	2017.11.18	2.11
kunu6Vsz	Carlsen-Ding Showdown G5	Saint Louis USA	2017.11.14	11
9Hx1Mjho	World Rapid 2017	Riyadh KSA	2017.12.28	15.1
MO0RYZRV	Julius Baer Gen Cup D1 W	chess.com INT	2024.10.01	4.4
civdIIB0	Zurich Chess Challenge 2014	Zurich SUI	2014.01.31	2.3
ymKeRuLU	Norway Masters blitz	Stavanger	2013.05.07	7
jqhETGh8	4th Norway Blitz 2016	Stavanger NOR	2016.04.18	1.4
eQpwsLKA	78th Tata Steel GpA	Wijk aan Zee NED	2016.01.17	2.1
Rakivs4Y	SuperUnited Rapid 2022	Zagreb CRO	2022.07.21	6.4
63pcIJI1	PRO League Group Stage	chess.com INT	2019.03.13	10
0uHkVKh8	chess.com Speed 2019	chess.com INT	2019.09.03	1.27
oThzjNPP	chess.com Speed 2019	chess.com INT	2019.09.03	1.29
qY1dni1K	chess.com Speed 2019	chess.com INT	2019.09.03	1.28
Xe7h3WOi	5th Norway Blitz 2017	Stavanger NOR	2017.06.05	1.1
0iRDUzIW	5th Norway Blitz 2017	Stavanger NOR	2017.06.05	3.1
fSLyX9nZ	Fujitsu Siemens Giants	Frankfurt	2000.06.25	10
jaGA4ktx	SuperUnited CRO Rapid 2025	Zagreb CRO	2025.07.04	9.3
dkG9PfcU	European Blitz 2017	Katowice POL	2017.12.15	19.6
NXqdhv0r	Chess24 Banter Blitz Cup	chess24.com INT	2019.11.14	1.15
4amzGDKo	EU-chT (Men) 18th	Porto Carras	2011.11.10	8.1
7Fz1lmuG	Leros Artemis Cup 2nd	Leros	2010.07.16	5
e5mhwtJG	chess.com Blitz Final 5m+2spm 2016	chess.com INT	2016.10.27	6
wE7AR9c9	chess.com Speed 1m+1spm 2017	chess.com INT	2017.05.25	1.23
laGXmlTs	Champions Showdown Blitz	Saint Louis USA	2019.02.23	3.1
O1Ipwjpl	chess.com QF Blitz 5m+2spm 2016	chess.com INT	2016.05.04	2
826j7s4l	Moscow Tal Memorial 8th Blitz	Moscow	2013.06.12	5
RInu90Wf	Geneve Masters KO	Geneve	2013.06.29	1.3
Rhb7toKs	chess.com Speed 1m+1spm 2018	chess.com INT	2018.09.07	1.28
LyfqDDVv	Amber-blindfold 20th	Monte Carlo	2011.03.24	11
M48jv4JW	chess.com Speed 3m+2spm 2017	chess.com INT	2017.11.18	2.17
TTOqflCh	WCh 2016	New York USA	2016.11.21	8
od0E5M3q	79th Tata Steel GpA	Wijk aan Zee NED	2017.01.21	7.1
1e2V3pea	5th Norway Chess 2017	Stavanger NOR	2017.06.16	9.4
aRWPtH7a	Clutch Chess: Champions	Saint Louis USA	2025.10.27	5.2
toKk31dU	5th Norway Blitz 2017	Stavanger NOR	2017.06.05	8.1
mSuXXzOV	Chessable Masters Winners	chess.com INT	2025.02.19	4.1
uHG38n4Z	13th Norway Chess 2025	Stavanger NOR	2025.05.26	1.3
bPaAl7J9	Carlsen Inv Prelim	chess24.com INT	2020.04.30	7.1
wM2okvaK	Carlsen Inv Prelim	chess24.com INT	2020.04.28	6.2
2T0cCXkX	Meltwater Tour Final 2021	chess24.com INT	2021.10.03	8.1
zvnX9XR2	Clutch-ch June	Lichess.org INT	2020.06.12	2.7
OQwHPQ8w	Meltwater Tour Final 2021	chess24.com INT	2021.10.04	9.2
7T4TLCsb	Clutch-ch June	Lichess.org INT	2020.06.08	1.12
AvKmzp5G	World Rapid 2018	St Petersburg RUS	2018.12.28	11.11
fq9u11SX	World Rapid 2018	St Petersburg RUS	2018.12.26	4.5
06wNUWaA	Aimchess US Rapid Prelim	chess24.com INT	2021.08.28	4.3
K3TNuDAQ	Aimchess US Rapid Prelim	chess24.com INT	2021.08.29	8.5
0CSERfQh	Croatia GCT 2019	Zagreb CRO	2019.07.06	10.2
4WUj3eBH	Corus	Wijk aan Zee	2010.01.19	4
cXFPBvBQ	World Blitz 2015	Berlin GER	2015.10.13	10.6
fALCWUdm	PRO League Group Stage	chess.com INT	2018.02.28	8
TWaPr1W2	Tilburg Fontys	Tilburg	1996.10.17	6
FObjM5Rc	EU-chT (Men) 12th	Batumi	1999.12.06	8.2
ukKcGWvV	Madrid rapid	Madrid	1988.??.??	3
NPB19Ec7	Wall Street 5'	New York	1993.??.??	2.1
hIfScRr1	TCh-HUN 2018-19	Hungary HUN	2019.03.31	7.4
0mjPAyJY	SpeedChess Final 2024	Paris FRA	2024.09.08	2.21
b2fJA3Ib	TechM GCL 2024	London ENG	2024.10.08	7.3
1YIcyEYg	Mukachevo m g/10'+10''	Mukachevo	2007.10.28	11
ymzbO4ha	Wch Blitz 5th	Moscow	2009.11.16	12
IYJebnH4	Wch Blitz 3rd	Moscow	2007.11.21	13
vyzeKbyn	WchT 8th	Ningbo	2011.07.23	6
qyOjz798	Mexico City UNAM	Mexico City	2012.11.26	2.2
h5AbNcQB	Bazna Kings 5th	Medias	2011.06.20	9
4mI8Kfc6	Vugar Gashimov Mem 2018	Shamkir AZE	2018.04.21	3.3
Xe5sQt5d	5th Norway Blitz 2017	Stavanger NOR	2017.06.05	7.1
QuEfnEsV	Norway Masters blitz	Stavanger	2013.05.07	9
Iv1uYhxS	GCT Blitz YourNextMove	Leuven BEL	2017.07.01	8.3
HYHDmWFa	Wch Blitz 5th	Moscow	2010.11.16	7
DhYQ3hvA	Wch Rapid	Khanty-Mansiysk	2013.06.08	13
Q1kQczEo	EU-Cup 25th	Ohrid	2009.10.07	4.1
VO2bq0Od	SuperUnited CRO Rapid 2025	Zagreb CRO	2025.07.03	5.2
aIw782F3	TechM GCL 2025	Mumbai IND	2025.12.14	6.2
ot8kJUbu	chess.com Speed 1m+1spm 2018	chess.com INT	2018.10.11	2.35
Km87jmeb	Chess@iceland blitz f	Kopavogur	2000.04.02	3
B124r8Ib	Chess@iceland rap f	Kopavogur	2000.04.02	2
vB9fmQ33	Linares 19th	Linares	2002.03.09	13
oAYcNsnb	Fujitsu Siemens Giants	Frankfurt	2000.06.23	3
SBwocc7h	chess.com Speed 1m+1spm 2017	chess.com INT	2017.11.21	3.20
EBBoofCq	Amber-rapid 20th	Monte Carlo	2011.03.23	10
pxYfAwWi	Amber-rapid 20th	Monte Carlo	2011.03.13	2
SZnu0ANE	Amber-rapid 20th	Monte Carlo	2011.03.19	7
kKVCaqSR	Grand Slam Final 3rd	Bilbao	2010.10.13	4
kIkqnVMu	Amber-rapid 16th	Monte Carlo	2007.03.17	1
kY1eRcs6	Amber-rapid 20th	Monte Carlo	2011.03.15	4
CuQmjkwk	chess.com Speed 3m+2spm 2017	chess.com INT	2017.11.18	2.16
jagC6XqM	chess.com Speed 5m+2spm 2017	chess.com INT	2017.11.18	2.6
ElGD0Jes	Tal Memorial 8th	Moscow	2013.06.21	7
I9Kpdufd	Linares 15th	Linares	1998.02.24	3
9oYHppb3	Superbet Rapid 2023	Warsaw POL	2023.05.21	3.2
LKmsyXp2	World Rapid 2017	Riyadh KSA	2017.12.28	11.3
rH54IBK6	Carlsen Inv Prelim	chess24.com INT	2020.04.22	3.4
qustMeqJ	Zurich CC Blitz 2014	Zurich SUI	2014.01.29	5.3
bjSF8DMw	Clutch Chess: Champions	Saint Louis USA	2025.10.29	18.2
EG8FFMmO	34th ECC Open 2018	Porto Carras GRE	2018.10.17	6.2
rgBT0k5E	Geneve Masters KO	Geneve	2013.06.30	2.1
4kX05UOH	FIDE Candidates 2022	Madrid ESP	2022.06.26	8.1
VFb6tR2K	IMSA Rapid 2016	Huai'an CHN	2016.02.27	7.2
VIoP3DE2	Dos Hermanas	Dos Hermanas	2008.04.20	2.2
1irvz4ub	Tata Steel-A 82nd	Wijk aan Zee	2020.01.26	13
RPabtEQR	Magnus Carlsen Inv KO	chess24.com INT	2021.03.17	1.22
dUpyzpF3	13th Norway Chess 2025	Stavanger NOR	2025.06.02	7.2
35EuEaWc	Vugar Gashimov Mem 2018	Shamkir AZE	2018.04.28	9.3
G05mtzim	79th Tata Steel GpA	Wijk aan Zee NED	2017.01.25	10.1
kwwlHx93	Amber-rapid 19th	Nice	2010.03.14	2
Bbh6HM1l	Airthings Masters KO 2020	chess24.com INT	2020.12.30	1.22
HBZpZZHh	Amber-blindfold 19th	Nice	2010.03.19	6
BrBb1hVx	80th Tata Steel GpA	Wijk aan Zee NED	2018.01.24	10.6
1lJyXpKU	PAL/CSS Freestyle fin 7th	playchess.com INT	2007.09.08	3
lNxPixHl	European Blitz 2014	Wroclaw POL	2014.12.19	2.1
7mVIb8i6	36th Roquetas de Mar Open	Roquetas de Mar ESP	2025.01.03	3.5
xGsi8M93	PAL/CSS Freestyle op 5th	playchess.com INT	2007.03.03	5
aYZMIInG	2nd Sinquefield Cup 2014	Saint Louis USA	2014.08.29	3.1
DTcX956x	6th Norway Chess 2018	Stavanger NOR	2018.05.28	1.1
hnrTmQI4	Airthings Masters KO 2022	chess24.com INT	2022.02.26	3.22
jXVyBUEo	GCT Rapid Paris 2016	Paris FRA	2016.06.10	7.1
L2bAxc5P	7th Norway Blitz 2019	Stavanger NOR	2019.06.03	5.1
MwjmZ5t4	Opera Euro Rapid Prelim	chess24.com INT	2021.02.06	2.1
iSkynYpd	World Blitz 2016	Doha QAT	2016.12.30	13.30
6l7uuWFl	ch-RUS Rapid 2015	St Petersburg RUS	2015.05.14	6.3
kOML0CEc	Tata Steel-A 75th	Wijk aan Zee	2013.01.15	4
Qgu0CeVr	Champions Showdown Blitz	Saint Louis USA	2016.11.14	10.2
CF2Gdnsp	Norway Chess	Stavanger	2013.05.14	6
ZSnTgugi	chess.com Speed 3m+2spm 2017	chess.com INT	2017.10.24	2.18
ILd2SKbB	Tata Steel-A 75th	Wijk aan Zee	2013.01.22	9
eqTUJqXb	FIDE World Blitz 2013	Khanty-Mansiysk	2013.06.10	17
aA2Yozp9	USA-ch	Stillwater	2007.05.23	9
D0Xu4d0B	Manila Interzonal	Manila	1976.06.26	10
0SIcuwW0	Cento op 1st	Cento	2011.02.12	8
fbb19qlY	Parla 25 jub op	Parla	2008.09.10	5
TpOFFTap	chess.com Speed 2019	chess.com INT	2019.11.18	2.29
iKw1mTFX	GCT Blitz YourNextMove	Leuven BEL	2017.07.01	5.3
w8wLTkqh	Wch Blitz 5th	Moscow	2010.11.17	28
B3cuCIpf	New York State-ch 129th	New York	2007.09.03	6
vRYxnSdU	Chess.com RCC Wk15 Swiss	chess.com INT	2022.05.21	6
qIdVwh4I	16th Padova Open A 2013	Padova ITA	2013.12.17	4.1
SpTN68S0	2nd DKM 0-2750  1 (BUL)	ICCF	2025.01.25	?
1TPd5p1S	chess.com Speed 1m+1spm 2017	chess.com INT	2017.10.24	2.22
NoSayZPl	Saint Louis Blitz 2017	Saint Louis USA	2017.08.18	10.4
MrNhaorh	Carlsen Tour Final	chess24.com INT	2020.08.10	1.22
9BVdEqeK	Opera Euro Rapid KO 2021	chess24.com INT	2021.02.13	3.12
87u6NYxG	SpeedChess Final 2024	Paris FRA	2024.09.08	2.22
cV7134Za	Superbet POL Rapid 2024	Warsaw POL	2024.05.09	6.4
yx011mel	Superbet Blitz 2019	Bucharest ROU	2019.11.09	9.3
UGaI0JBl	URS Spartakiad 9th	Moscow	1983.??.??	7
jSS2xEWl	Linares 09th	Linares	1991.??.??	3
E4ahoyT8	Paris-ch blitz	Paris	2011.??.??	5
QglWXpy1	ARM-ch	Yerevan	2007.01.16	1
T9ql5knh	Saint Louis Blitz 2019	Saint Louis USA	2019.08.14	15.5
LRHPie7j	IMSA Rapid 2016	Huai'an CHN	2016.02.27	7.6
0yMLHCwu	Linares 16th	Linares	1999.03.02	8
5EAvkAFp	FIDE GP	Dubai	2002.04.04	2.4
x0fWg1VG	WCh 2021	Dubai UAE	2021.12.05	8
uyfJbDib	Clutch-ch June	Lichess.org INT	2020.06.11	2.4
nvw6k197	Superbet POL Rapid 2024	Warsaw POL	2024.05.09	5.2
BXHeQ3lC	Skilling Open KO 2020	chess24.com INT	2020.11.26	1.23
MkTDL4B8	GCT Blitz YourNextMove	Leuven BEL	2017.07.02	15.3
Bn97UkG7	Wch Rapid	Astana	2012.07.08	12
BMpna8yy	Saint Louis Blitz 2018	Saint Louis USA	2018.08.14	3.3
a3IXezjI	Superbet Rapid 2023	Warsaw POL	2023.05.23	8.2
BfvmTiCI	SpeedChess Final 2024	Paris FRA	2024.09.06	1.23
cREsBikg	SpeedChess Final 2024	Paris FRA	2024.09.06	1.27
JPlNgSFe	Wch Blitz 5th	Moscow	2009.11.18	34
6d1lDLVQ	Superbet Rapid 2023	Warsaw POL	2023.05.22	6.2
22IRlzfy	FIDE World Rapid 2014	Dubai UAE	2014.06.17	10.1
UuW4hPgr	Norway Masters blitz	Stavanger	2013.05.07	8
BfLcz7VI	Zurich CC Blitz 2014	Zurich SUI	2014.01.29	5.1
5NLQ2XbL	Clutch Chess: Champions	Saint Louis USA	2025.10.27	1.2
JRVaFyCT	81st Tata Steel GpA	Wijk aan Zee NED	2019.01.18	6.1
RzUGOWDd	Botvinnik Memorial m 5'	Moscow	2001.12.09	5
qu5GY0Ru	9th London Classic 2017	London ENG	2017.12.01	1.1
ZVxAM9oJ	5th Norway Chess 2017	Stavanger NOR	2017.06.14	7.4
UbpLQJEX	Botvinnik Memorial m 30'	Moscow	2001.12.07	3
afLQWjwB	chess.com Speed 1m+1spm 2017	chess.com INT	2018.01.03	4.21
uJ6kGgLD	FIDE Candidates 2014	Khanty-Mansiysk RUS	2014.03.25	10.3
y49xbMdg	Sinquefield Cup	Saint Louis	2013.09.09	1
g2uxHCXw	Tata Steel India Blitz	Kolkata IND	2019.11.26	11.4
Z0JmS6XC	7th Sinquefield Cup 2019	Saint Louis USA	2019.08.20	4.2
PsEzO94G	10th Norway Chess 2022	Stavanger NOR	2022.06.01	2.1
vLuLRyDS	Chessable Masters Final	chess24.com INT	2020.07.03	3.15
fLDTnMX2	Saint Louis Blitz 2019	Saint Louis USA	2019.08.13	4.4
98r9wJgn	WCh 2018	London ENG	2018.11.10	2
PlCEGJ2K	WCh 2018	London ENG	2018.11.18	7
GbaP5CNe	WCh 2014	Sochi RUS	2014.11.11	3
0YZJhTKl	FIDE Candidates	London	2013.03.25	9
Go7Iigbo	FIDE Candidates	London	2013.03.24	8
ESJpw399	6th London Classic 2014	London ENG	2014.12.11	2.2
4GnxdSsA	Corus	Wijk aan Zee	2008.01.25	11
FfqETqgN	GCT Finals 2025	Sao Paulo BRA	2025.09.30	1.3
G8HPayYZ	PCA/Intel-GP	Paris	1995.11.12	4.4
o0njTZQg	London Classic 3rd	London	2011.12.06	4
WgcBQpP2	Chess.com RCC Winners	chess.com INT	2022.08.18	1.2
ln48UCHz	FIDE Candidates	London	2013.04.01	14
9k9GbAbT	Chessable Masters GpB	chess24.com INT	2020.06.23	9
6JVREKrj	5th Sinquefield Cup 2017	Saint Louis USA	2017.08.10	8.4
rEwdR6G8	Aimchess Rapid KO	chess24.com INT	2022.10.19	2.12
vYkjHnUY	Capablanca Memorial Elite 47th	Havana	2012.05.08	5
3udEKioJ	World Championship 28th	Reykjavik	1972.07.20	5
J7GQsslt	FIDE World Cup 2017	Tbilisi GEO	2017.09.09	3.1
HbghAOAb	FIDE Grand Swiss 2023	Douglas IOM	2023.11.05	11.5
PaUpIeZS	81st Tata Steel GpA	Wijk aan Zee NED	2019.01.19	7.2
ppIvlSkj	GCT Rapid Paris 2019	Paris FRA	2019.07.27	2.5
43UPiAJc	Amber-rapid 20th	Monte Carlo	2011.03.19	7
LFRTvuCG	Saint Louis Rapid 2017	Saint Louis USA	2017.08.16	7.4
9YtZyYZz	Reggio Emilia 54th	Reggio Emilia	2012.01.02	6
lxynHZxv	FIDE World Blitz 2013	Khanty-Mansiysk	2013.06.10	27
ds0SRz0a	FIDE World Cup	Khanty-Mansiysk	2011.09.11	5.4
cPZBFMEJ	2nd IMSA Basque w 2017	Huai'an CHN	2017.12.15	4.2
3qWVh2vi	Ostrava	Ostrava	1994.??.??	3
1o6oqKVM	ISR-chT	Israel	2002.03.09	6
vsce9pGf	Barcelona	Barcelona	1993.??.??	7
lkdNBgIi	FIDE Candidates	London	2013.03.20	5
BKWBFtJK	Moscow Tal Memorial 6th	Moscow	2011.11.20	5
ocx9Dyq0	Moscow Tal Memorial 7th Blitz	Moscow	2012.06.07	8
SGALq4VA	GCT Blitz YourNextMove	Leuven BEL	2017.07.01	2.2
t6EUxiRp	Moscow Tal Memorial 7th	Moscow	2012.06.14	6
U1PEREzS	Champions Showdown Blitz	Saint Louis USA	2019.02.23	10.5
LJeLL8cd	RUS-chT 20th	Loo	2013.04.13	7
MrkVr16k	Moscow Tal Memorial 7th	Moscow	2012.06.13	5
m5nl7yzC	2nd Sinquefield Cup 2014	Saint Louis USA	2014.09.02	6.2
owPCpQLq	FTX Crypto Cup Prelim	chess24.com INT	2021.05.23	2.5
pFFH80NC	GCT Blitz YourNextMove	Leuven BEL	2016.06.20	16.3
olvheO1f	Amber-blindfold 20th	Monte Carlo	2011.03.22	9
awLrxAYl	SpeedChess Final 2024	Paris FRA	2024.09.06	1.21
coU1pYFZ	PCA/Intel-GP	New York	1994.??.??	2
ex16CIoM	chess.com Speed 2019	chess.com INT	2020.01.05	3.31
JrmMZYke	chess.com Speed 2019	chess.com INT	2019.10.03	1.23
bmy2AwLK	Charity Cup Prelim	chess24.com INT	2022.03.20	7.2
debC8CwP	Carlsen Inv Prelim	chess24.com INT	2020.04.21	2.3
Lhv5rQBi	SportAccord Blitz 2014	Beijing CHN	2014.12.13	14.2
OIyjKmiI	5th Classic KO 2013	London ENG	2013.12.14	1.1
6bdmqnpp	ch-USA 2015	Saint Louis USA	2015.04.04	4.3
UfDxSk2L	73rd Moscow Blitz	Moscow RUS	2019.09.07	14.4
5JYtz40o	Zuerich Champions rap	Zuerich	2009.08.23	5
waMGdiVj	Julius Baer Gen Cup P/I m D2	chess.com INT	2024.09.26	2.4
usmu8pTX	Eliseev Memorial Pt1 2017	Moscow RUS	2017.11.19	5.3
8Ow3GIzu	Chess24 Banter Blitz Cup	chess24.com INT	2019.10.03	1.8
jfWsokVq	Rilton Cup 37th	Stockholm	2007.12.31	5
8Q7Bzaey	CZE-chT 0304	Czechia	2003.??.??	2
39WQKJwU	Charity Cup KO 2022	chess24.com INT	2022.03.26	3.32
2qerDwVc	Norway Chess 8th	Stavanger	2020.10.13	8
188paWP7	SuperUnited Rapid 2023	Zagreb CRO	2023.07.06	5.4
LfNIzB7m	Wch Blitz 5th	Moscow	2009.11.16	11
jPInPNYo	4th Norway Chess 2016	Stavanger NOR	2016.04.27	7.1
p2ZD0wuH	GBR-ch 98th playoff	Sheffield	2011.08.06	2
R1QB1L20	Wch Candidates sf	Elista	2007.06.02	1.6
Xx7KhhjU	Capablanca Memorial Elite 45th	Havana	2010.06.19	9
NUpITh1Y	Leon Masters 24th	Leon	2011.06.04	3
d19dW1SQ	GCT Blitz YourNextMove	Leuven BEL	2017.07.01	7.5
PbfMMz9H	FIDE World Cup 2017	Tbilisi GEO	2017.09.09	3.1
2fTaBkYb	FIDE World Cup 2023	Baku AZE	2023.08.06	3.2
LyvL64JD	Wch Blitz 5th	Moscow	2009.11.18	39
42H56wo5	Wch Blitz 5th	Moscow	2009.11.16	11
2dFGpmxy	Saint Louis Blitz 2019	Saint Louis USA	2019.08.13	5.2
duRhttK3	Tata Steel-A 74th	Wijk aan Zee	2012.01.19	5
xdXoRXg3	chess.com QF Blitz 5m+2spm 2016	chess.com INT	2016.06.23	3
c58dFOmg	Beijing Sportaccord blindfold	Beijing	2011.12.15	5
MfoNXuQ1	World Blitz 2015	Berlin GER	2015.10.14	16.12
dtwcZlsQ	GCT Blitz Paris 2019	Paris FRA	2019.07.31	1.1
91PGeLVD	GCT Rapid Paris 2019	Paris FRA	2019.07.28	6.2
3yUk9aIZ	Skilling Open Prelim	chess24.com INT	2020.11.22	1.8
MZ8SDeCf	Chessable Masters Winners	chess.com INT	2025.02.19	4.3
TyzviOo7	Saint Louis Rapid 2024	Saint Louis USA	2024.08.12	3.1
r9XXbinW	Champions Showdown Kings	Saint Louis USA	2025.03.04	1.1
myqx8fCX	10th London Classic 2018	London ENG	2018.12.17	2.6
FJVM5JMN	Grand Slam Final 4th	Sao Paulo/Bilbao	2011.09.28	3
qx65dMN4	Grand Slam Final 1st	Bilbao	2008.09.06	5
hFigNtet	Croatia GCT 2019	Zagreb CRO	2019.06.28	3.1
ezRQfr7f	7th Sinquefield Cup TB	Saint Louis USA	2019.08.29	4
iQpt8fQH	11th London Classic 2019	London ENG	2019.12.03	1.2
JMzjlsi2	11th London Classic 2019	London ENG	2019.12.04	1.5
gtEoiwVq	6th Norway Chess 2018	Stavanger NOR	2018.06.06	8.1
oqA1Jin3	World Blitz 2019	Moscow RUS	2019.12.30	19.1
uhIOh073	Clutch Chess: Champions	Saint Louis USA	2025.10.29	14.2
o9m82XUS	World Blitz 2017	Riyadh KSA	2017.12.30	13.3
cUozJRFa	21st European Teams	Hersonissos GRE	2017.11.05	8.1
Bzcj6Ruh	3rd Sinquefield Cup 2015	Saint Louis USA	2015.08.24	2.4
LskdDYll	GCT Rapid Paris 2016	Paris FRA	2016.06.09	4.1
EDdL4QO3	Opera Euro Rapid Prelim	chess24.com INT	2021.02.07	9.6
03dXRM0Q	GCT Rapid Paris 2016	Paris FRA	2016.06.09	2.3
p6N1lsRZ	11th London Classic 2019	London ENG	2019.12.04	1.3
4yFmREk5	Corus	Wijk aan Zee	2001.01.16	3
qkVY8Fa7	Goldmoney Asian Rapid KO	chess24.com INT	2021.07.02	2.23
0mLlgzVa	Goldmoney Asian Rapid KO	chess24.com INT	2021.07.02	2.21
brQwlI9t	Wch Blitz 3rd	Moscow	2007.11.22	21
mLybilXt	TechM GCL 2025	Mumbai IND	2025.12.22	10.1
v74eUrpV	WR Chess Masters 2024	London ENG	2024.10.16	3.1
vAuZbQ4C	GCT Rapid Paris 2021	Paris FRA	2021.06.20	9.5
o4GVTIBC	Amber-rapid 20th	Monte Carlo	2011.03.22	9
6Vu343xz	Amber-blindfold 15th	Monte Carlo	2006.03.19	2
OvbTYsL3	Corus	Wijk aan Zee	2010.01.16	1
R5hH3Lp2	Wch Blitz 3rd	Moscow	2007.11.22	32
lf29VDdq	KM FIDE GP 2015	Khanty-Mansiysk RUS	2015.05.16	3.6
0P2N8lmN	Aimchess US Rapid KO 2021	chess24.com INT	2021.09.01	1.22
adG97bP7	Chessable Masters Prelim	chess24.com INT	2021.07.31	3.8
XY6GcdUW	FTX Crypto Cup 2022	Miami USA	2022.08.18	4.1
cB7aFejt	FTX Crypto Cup 2022	Miami USA	2022.08.16	2.5
Knqsklvh	11th Sinquefield Cup	Saint Louis USA	2024.08.19	1.3
fQCdbS0S	World Rapid 2018	St Petersburg RUS	2018.12.27	7.6
xrpjpu7A	Khanty-Mansiysk ol (Men) 39th	Khanty-Mansiysk	2010.09.25	5.2
ai9J6ok4	Battle of the Americas Blitz 2014	St Louis USA	2014.03.08	4
HG1mRuQl	43rd Annual World Open	Arlington USA	2015.07.05	9.3
J1FPwxYy	Dos Hermanas Blitz Final	ICC INT	2010.03.19	2.1
LKNxN8mF	World Blitz 2016	Doha QAT	2016.12.30	17.33
eb7VRWqb	41st Olympiad Open 2014	Tromso NOR	2014.08.03	2.36
PxJ5TUNH	WSTT/5/24/1	ICCF	2024.09.20	?
3mAwgpd0	15th Nat PRC RR Men	Shenzhen CHN	2025.09.25	3.3
tjUUeWtM	Turin ol (Men) 37th	Turin	2006.06.03	12
6TvILIyB	Julius Baer Gen Cup P/I m D3	chess.com INT	2024.09.26	1.1
g7uohoTx	Tata Steel India Blitz	Kolkata IND	2019.11.25	8.2
NRb7EMLw	10th Sinquefield Cup	Saint Louis USA	2023.11.27	6.2
jWGBdoe3	chess.com Speed 1m+1spm 2017	chess.com INT	2018.08.07	29
FihBOuLG	Chess.com Rapid Wk2 Swiss	chess.com INT	2022.02.19	7
nV0VjDva	Bundesliga 2022-23	Deggendorf GER	2023.03.18	10.6
jyOcagdl	Milan	Milan	1975.08.27	7
toYz2y4o	Moscow Tal Memorial 7th	Moscow	2012.06.13	5
qQI5SHyh	FIDE World Blitz 2014	Dubai UAE	2014.06.19	6.1
i7e9XpFN	chess.com Speed 5m+1spm 2018	chess.com INT	2018.09.07	1.4
DVBBg64i	4th Norway Chess 2016	Stavanger NOR	2016.04.20	2.2
LG59eNiU	Champions Showdown G30	Saint Louis USA	2017.11.09	2.1
VQZYmjAT	TechM GCL 2025	Mumbai IND	2025.12.19	6.3
9yRhC0kw	4th Zurich CC Blitz	Zurich SUI	2015.02.13	3.1
DzMqspxx	Goldmoney Asian Prelim	chess24.com INT	2021.06.26	1.6
tiYxvwH4	chess.com Speed 1m+1spm 2018	chess.com INT	2018.09.07	1.32
q0tyKE82	chess.com Speed 1m+1spm 2018	chess.com INT	2018.09.07	1.24
3ZbEl4ao	WCh 2021	Dubai UAE	2021.11.30	4
DTMYWSer	Linares 17th	Linares	2000.03.10	10
eWL0KeLQ	Charity Cup KO 2022	chess24.com INT	2022.03.26	3.24
WXJAe3II	FTX Crypto Cup KO 2021	chess24.com INT	2021.05.26	1.11
YiHFyvbB	Goldmoney Asian Prelim	chess24.com INT	2021.06.26	5.5
S4xl4588	Chess24 Banter Blitz Cup	chess24.com INT	2019.11.07	1.1
oegv8xsS	European Rapid Youth U18	Tallinn EST	2019.11.02	9.3
uVaYl9aw	Belgrade-chT	Belgrade	2008.10.07	3
QBLwEuEw	9th Masters Final 2016	Bilbao ESP	2016.07.17	5.2
CHC6dowG	Hoogovens	Wijk aan Zee	1999.01.28	10
c0KefWKS	Mainz CC Champions Duel	Mainz	2001.06.27	4
8waqOq5L	FIDE Candidates	London	2013.03.19	4
k0IXY6nk	Clutch Chess: Champions	Saint Louis USA	2025.10.28	10.2
x73dFiBE	Julius Baer GenCup KO	chess24.com INT	2022.09.22	1.13
gdj3nsNq	38th ECC Open 2023	Durres ALB	2023.10.07	7.2
BR8abipf	8th Sinquefield Cup 2021	Saint Louis USA	2021.08.24	7.1
mEUPQOym	Tata Steel-A 74th	Wijk aan Zee	2012.01.14	1
M4ObuWZ6	Tata Steel-A 75th	Wijk aan Zee	2013.01.25	11
MlLv6kl3	Tbilisi FIDE GP 2015	Tbilisi GEO	2015.02.26	10.6
qZ2SWxjT	RUS-chT	Sochi	2007.05.02	1
zVjZTTSg	7th Norway Chess 2019	Stavanger NOR	2019.06.13	8.1
NkNdPcCx	Amber-rapid 16th	Monte Carlo	2007.03.23	6
DdiRry8S	Gjovik Aker CC Blitz	Gjovik	2009.01.04	3
X5qCw2pl	World Blitz 2016	Doha QAT	2016.12.29	7.10
IbzcPbig	Meltwater Tour Final 2021	chess24.com INT	2021.09.29	5.3
xclGVa1w	12th Norway Chess 2024	Stavanger NOR	2024.05.29	3.3
9m2HRx8w	Tata Steel India Rapid	Kolkata IND	2024.11.15	7.1
gwf485z1	FIDE Grand Swiss 2025	Samarkand UZB	2025.09.15	11.4
JcaKZqYb	7th London Classic 2015	London ENG	2015.12.12	8.4
HxIAa7Th	Chessable Masters Final	chess24.com INT	2020.07.04	3.21
PVQ38vXm	43rd Olympiad 2018	Batumi GEO	2018.10.03	9.2
Psjq8ec7	Beijing FIDE GP	Beijing	2013.07.06	3
Kn0pOWwh	FTX Crypto Cup 2022	Miami USA	2022.08.17	3.1
NgZbHalC	23rd Dubai Open 2023	Dubai UAE	2023.06.03	8.1
R9B5Dy3X	Candidates final	Moscow	1974.??.??	22
tU4GOz2e	Chennai GM 2024	Chennai IND	2024.11.10	6.1
LNCPMNVR	FIDE Chess.com Grand Swiss	Douglas ENG	2019.10.14	5.2
rbNsajAr	PRO League KO Stage	Chess.com INT	2020.09.25	3.4
th1Mi39d	Zurich Chess Challenge 2014	Zurich SUI	2014.02.02	4.3
8E4pEbMO	4th Sinquefield Cup 2016	Saint Louis USA	2016.08.09	5.5
fz2KuLvr	Wch Blitz 5th	Moscow	2010.11.18	33
n40c3ebh	Champions Showdown Blitz	Saint Louis USA	2016.11.14	6.2
22WKtl62	Linares 26th	Linares	2009.02.26	7
VSOII90G	10th Sinquefield Cup	Saint Louis USA	2023.11.24	4.3
cQH9Xs4b	76th Tata Steel Masters	Wijk aan Zee NED	2014.01.15	4.4
wEYj5za4	SpeedChess Final 2024	Paris FRA	2024.09.08	2.17
ckZL0ilK	Moscow Tal Memorial 7th Blitz	Moscow	2012.06.07	8
qh89U5AN	7th Norway Blitz 2019	Stavanger NOR	2019.06.03	9.3
Z9m8WIvY	Airthings Masters Prelim	chess24.com INT	2020.12.26	2.4
pDzabZ1B	Superbet Classic 2022	Bucharest ROU	2022.05.13	8.1
GNbCYYqX	Clutch-ch June	Lichess.org INT	2020.06.08	1.10
d1DO3cpV	World Rapid 2021	Warsaw POL	2021.12.28	13.6
9HxrWoSU	GCT Blitz YourNextMove	Leuven BEL	2016.06.19	6.4
Dk94SKU6	2nd Norway Chess 2014	Stavanger NOR	2014.06.07	4.4
3IQHRrdj	2nd Sinquefield Cup 2014	Saint Louis USA	2014.08.30	4.2
yK1Ijey4	Zurich Chess Challenge 2014	Zurich SUI	2014.02.01	3.2
FdQFgUs0	Vugar Gashimov Mem 2014	Shamkir AZE	2014.04.27	7.2
gYNyDobz	Vugar Gashimov Mem 2014	Shamkir AZE	2014.04.22	3.2
eUNpzgkP	chess.com Blitz Final 5m+2spm 2016	chess.com INT	2016.10.27	3
HsoQ45zJ	Moscow Botvinnik Memorial	Moscow	2011.09.02	1
ld3qMxPo	Croatia GCT 2019	Zagreb CRO	2019.07.07	11.1
2347wL2A	Legends of Chess Prelim	chess24.com INT	2020.07.28	8.2
P9xdCt33	Skilling Open KO 2020	chess24.com INT	2020.11.27	2.13
UUJSWbw7	Astana	Astana	2001.05.24	4
ffUP9I0H	Dubai op 14th	Dubai	2012.04.22	8
Fp30Ufki	Dos Hermanas op	Dos Hermanas	2000.04.15	9
S03YL1EP	URS Burevestnik-ch	Odessa	1977.??.??	?
oJteQefi	Krakow op 17th	Krakow	2007.01.02	7
T3HCAdN1	chess.com SF Blitz 3m+2spm 2016	chess.com INT	2016.08.23	10
EgwaJbCs	10th Tal Mem 2016	Moscow RUS	2016.10.01	5.2
aPZYIf9b	Tata Steel-A 74th	Wijk aan Zee	2012.01.14	1
8aXdDyow	Wch Blitz 5th	Moscow	2010.11.17	15
WV7p1Nj8	FIDE World Blitz 2014	Dubai UAE	2014.06.19	5.24
r6Uod0Hh	Tata Steel-B 73rd	Wijk aan Zee	2011.01.26	10
TYh4bufk	Biel GM	Biel	2007.07.25	3
9Zjy5aC3	GRENKE Chess Classic 2018	Karlsruhe/Baden Baden GER	2018.04.06	6.3
bSGSUFj4	Meltwater Tour Final 2021	chess24.com INT	2021.10.03	8.2
xwJ6pPGU	Cote d'Ivoire Rapid 2019	Abidjan CIV	2019.05.08	3.1
YpIUls34	GCT Blitz Paris 2017	Paris FRA	2017.06.25	14.4
Cvdkin8Y	GCT Blitz YourNextMove	Leuven BEL	2016.06.20	15.4
3mC4pvDW	FIDE Candidates 2014	Khanty-Mansiysk RUS	2014.03.22	8.2
QpcWVA1y	Wch Blitz 5th	Moscow	2010.11.18	34
fxYo6dnM	Champions Showdown Rapid	Saint Louis USA	2016.11.13	4.1
NQrR51OA	5th Norway Blitz 2017	Stavanger NOR	2017.06.05	5.4
Pjm0LIRJ	Wch Blitz	Astana	2012.07.10	19
tNI6xr01	Saint Louis Blitz 2017	Saint Louis USA	2017.08.18	17.3
anOuHKUv	Champions Showdown Blitz	Saint Louis USA	2016.11.14	2.1
BoLjFm0k	5th Norway Blitz 2017	Stavanger NOR	2017.06.05	5.1
1hY7JZoR	81st ch-ESP 2016	Linares ESP	2016.08.12	8.2
BfhWUYJr	CCO15/F	ICCF	2006.03.30	?.2
IeWBFPwh	chess.com Speed 2019	chess.com INT	2019.10.01	1.10
EzGaeVVl	EU-ch 13th	Plovdiv	2012.03.31	11
rmxoCWif	Tolstoy Mem 2021	Yasnaya Polyana RUS	2021.09.12	8.3
FMKVZIiQ	Linares 07th	Linares	1989.??.??	?
Jjc6119K	World Cup	Barcelona	1989.03.??	2
TSm1K2Jq	Niksic	Niksic	1983.??.??	2
AQ07tL0d	Tata Steel-A 74th	Wijk aan Zee	2012.01.22	8
fTof1UXv	FIDE World Blitz 2014	Dubai UAE	2014.06.20	14.10
XYB7TQ4G	World Blitz 2018	St Petersburg RUS	2018.12.30	19.26
iw3tDNiz	chess.com Speed 5m+1spm 2017	chess.com INT	2018.07.24	8
9bRfH00R	Wch Candidates	Kazan	2011.05.08	1.4
YJppAU3e	CHN-RUS Summit Men 7th Rapid	Ningbo	2010.08.11	2
RXEQEnik	Mainz Ordix op 17th	Mainz	2010.08.08	11
BeI46jxn	Linares 27th	Linares	2010.02.15	3
TmmccYoM	Zuerich Chess Challenge	Zuerich	2013.02.25	3
GRCFHHlV	Zug FIDE GP	Zug	2013.04.30	11
8Roozoic	Navara-Ding Match 2019	Prague CZE	2019.06.17	2
LBhSfaJZ	Candidates sf2	Dortmund	2002.07.13	1
ToAXJ8Jo	Astrakhan FIDE GP	Astrakhan	2010.05.11	2
lMoEfxGB	GRENKE Chess Classic 2024	Karlsruhe GER	2024.03.30	8.3
6tWzmwdC	Clutch-ch May	Lichess.org INT	2020.05.28	2.3
cn2UxoBc	FIDE Candidates 2016	Moscow RUS	2016.03.16	5.4
k1aCpSKk	Amber-rapid 03rd	Monte Carlo	1994.04.05	9
JTywutIO	Leon m	Leon	1997.06.10	3
r4o2riHT	London Classic 2nd	London	2010.12.14	6
ICRcUXRb	Wch Blitz 5th	Moscow	2009.11.17	22
TdBlU79R	Corus	Wijk aan Zee	2001.01.21	7
786MzFFT	Amber-blindfold 17th	Nice	2008.03.15	1
vOBbtvCJ	Linares 16th	Linares	1999.02.23	3
7Keb0mqa	World Rapid 2019	Moscow RUS	2019.12.27	10.1
38bGQLMe	Champions Showdown G20	Saint Louis USA	2017.11.10	4.2
JzRdvvBY	Champions Showdown G20	Saint Louis USA	2017.11.10	2.2
Wvq3P59t	Amber-rapid 18th	Nice	2009.03.21	7
MEpeujqt	Amber-blindfold 05th	Monte Carlo	1996.??.??	6
KkRDMwkI	SportAccord Blitz 2014	Beijing CHN	2014.12.13	13.7
FPAljT6O	Moscow Tal Memorial 3rd	Moscow	2008.08.20	3
2pIRBUH2	Linares 26th	Linares	2009.02.25	6
Z4yT1NqB	Moscow Tal Memorial 8th Blitz	Moscow	2013.06.12	2
bmXtm6Pw	Yerevan m	Yerevan	2007.05.05	4
ekjsOVao	Tallinn	Tallinn	1975.02.18	3
FVMCglhX	EU-ch 8th	Dresden	2007.04.13	10
IUVYQbkR	Bazna Kings 2nd	Bazna	2008.05.28	5
P4EKUepU	Szirak	Szirak	1985.10.08	3
K9XMZPVR	Wch Blitz 5th	Moscow	2009.11.18	35
wjD6lIyR	48th Biel GM 2015	Biel SUI	2015.07.24	5.1
MH9lbG7A	Jerusalem FIDE Grand Prix	Jerusalem ISR	2019.12.13	1.4
TCBzvvzW	Great Hopes GM 2013	Budapest HUN	2013.11.19	4.1
jkTK6ol6	NOR-ch playoff	Oslo	2004.09.05	2
70eE1VpI	Bundesliga 0607	Germany	2007.03.31	14.4
Tf6IYRKU	YUG-chT 31st	Donji Milanovac	1979.08.28	2.1
oDcnonpA	Tata Steel-A 74th	Wijk aan Zee	2012.01.16	3
DhVwKzxH	Carlsen Inv Prelim	chess24.com INT	2020.04.29	6.2
NgLzQXgi	GCT Rapid Paris 2017	Paris FRA	2017.06.22	6.1
qXY95Npq	9th Sinquefield Cup 2022	Saint Louis USA	2022.09.03	2.3
IYBLB6lV	FTX Crypto Cup 2022	Miami USA	2022.08.19	5.1
j4ccjXRQ	63rd ch-USA 2019	Saint Louis USA	2019.03.31	11.3
UaiWc7fu	Karpov Cup - 50 years	Moscow RUS	2025.05.21	1.3
3xTMHSrn	67th ch-RUS 2014	Kazan RUS	2014.12.01	4.1
Z32jLbHw	PNWCC Online Masters WOO	Chess.com INT	2020.07.05	5.1
I0Z8LKBz	Botvinnik Memorial m 5'	Moscow	2001.12.09	10
wBnKCnDK	Champions Club m 5'	Kasparovchess INT	2001.06.05	1
rvRUDCaz	Linares 21st	Linares	2004.02.23	5
lZRlXsMV	Bazna Kings 5th	Medias	2011.06.21	10
aWVqS1zJ	chess.com Blitz Final 1m+1spm 2016	chess.com INT	2016.10.27	21
UE8Dpf7X	Botvinnik Memorial m 5'	Moscow	2001.12.09	1
Faxb4TT4	TechM GCL 3rd-4th 2025	Mumbai IND	2025.12.23	4.2
a4jHl1xg	Dortmund SuperGM	Dortmund	2007.06.26	3
jLcHp98y	Sinquefield GCT TB 2018	Saint Louis USA	2018.08.28	2
CmLxAqb4	6th Sinquefield Cup 2018	Saint Louis USA	2018.08.24	6.3
thPtXhWn	13th Norway Chess 2025	Stavanger NOR	2025.05.27	2.1
bAwbqUgc	9th Sinquefield Cup 2022	Saint Louis USA	2022.09.04	3.1
9pLBqmun	Hoogovens	Wijk aan Zee	1993.01.??	2
U7vNigXU	Amber-blindfold 10th	Monte Carlo	2001.03.27	9
udjn1sDp	EU-ch Internet final	playchess.com INT	2004.11.07	1.4
EaWaHK2g	CHN Team Men 2016	Wuxi CHN	2016.08.01	6.2
fMOz05iR	PRO League Group Stage	chess.com INT	2019.03.14	10
DJ2X3BFP	ISR-chT	Ramat Aviv	2000.05.12	11.1
gyglASbT	RUS-chT (Women)	Dagomys	2008.04.06	5
IIKAsX73	SRB-chT Cup	Sombor	2009.05.21	4
d4SDahvZ	World Championship	London	2000.10.21	8
t1krKP3y	Linares 15th	Linares	1998.03.08	13
7EldW9G5	Kosmos m 5'	Moscow	1998.11.28	16
x5iphSq5	Kosmos m 5'	Moscow	1998.11.28	20
MXF8wCPS	WCh 2013	Chennai IND	2013.11.21	9
mEjqkYf5	12th Norway Chess 2024	Stavanger NOR	2024.06.03	7.1
bOOer7xh	CCT Final RR 2024	Oslo NOR	2024.12.17	1.2
ceRocrTn	GCT Rapid Paris 2016	Paris FRA	2016.06.09	3.1
Lgx4i1NK	Petrosian Memorial 2014	Moscow RUS	2014.11.05	2.2
PLjcGrJF	7th Sinquefield Cup 2019	Saint Louis USA	2019.08.28	11.5
xZbgB5k8	World Blitz 2019	Moscow RUS	2019.12.30	14.1
dBI8MaGZ	Candidates Tournament	Ekaterinburg	2020.03.21	4
ofSyhA5h	World Championship	Sofia	2010.05.07	10
9qYzm4S5	6th Sinquefield Cup 2018	Saint Louis USA	2018.08.24	6.1
eP3Q94yj	11th London Classic 2019	London ENG	2019.12.08	2.7
96XXJODr	Beijing FIDE GP	Beijing	2013.07.16	11
GAdZZAej	Zug FIDE GP	Zug	2013.04.23	5
rmG2qn9R	Carlsen Tour Final	chess24.com INT	2020.08.12	1.42
zBsnh5yE	chess.com QF Blitz 5m+2spm 2016	chess.com INT	2016.05.10	5
JB1Nuwr9	Ding vs Grischuk Match	Wenzhou CHN	2016.07.21	3
BU202T4d	Champions Showdown Rapid	Saint Louis USA	2016.11.13	6.2
huDqWd76	World Championship 35th-KK5	Lyon/New York	1990.10.08	1
kF1eU1Oy	Tata Steel-A 74th	Wijk aan Zee	2012.01.15	2
LHFjbnUD	PRO League All Stars St1	chess.com INT	2018.09.08	11
fRHt3SqF	Linares 11th	Linares	1993.??.??	10
Tt3UpaJm	World Championship 35th-KK5	Lyon/New York	1990.12.29	23
4beBChZJ	World Championship 35th-KK5	Lyon/New York	1990.12.19	21
XcRrCEkQ	Beijing Sportaccord blindfold	Beijing	2012.12.19	7
ZUbZ9P3d	Biel Breisacher Memorial	Biel	2013.07.24	3
C6bCqwMb	PRO League Stage	Chess.com INT	2020.02.17	7
8tAv6d8w	Belgrade Investbank	Belgrade	1997.11.12	2
fpPGSn6h	Beijing Sportaccord blitz	Beijing	2012.12.16	5
7sZEBWbS	WMSG Blitz Team 1st	Beijing	2008.10.13	1
SoQrcxJp	EU-Cup 23rd	Kemer	2007.10.08	6.1
8D5LFEAs	Biel SKA	Biel	1991.??.??	13
uu4Ca8Te	Wch blitz	Saint John	1988.??.??	4
2ZMKL0Me	Wch Blitz	Astana	2012.07.09	4
9eYh5kJl	Amber-rapid 20th	Monte Carlo	2011.03.17	5
FPDsXWJr	Chess.com RCC Wk24 Swiss	chess.com INT	2022.08.06	4
sVHsxenN	FIDE World Cup 2023	Baku AZE	2023.08.14	5.6
QEQmleQK	Beijing Sportaccord blindfold	Beijing	2012.12.19	5
4HWQOhxE	GCT Finals 2025	Sao Paulo BRA	2025.10.03	2.3
hql33vKM	World Blitz 2015	Berlin GER	2015.10.14	21.6
PUUoOflC	Paris FIDE GP	Elancourt	2013.09.23	2
dAgngFMv	2nd Sinquefield Cup 2014	Saint Louis USA	2014.09.04	8.1
orMwOXjU	Chessable Masters Winners	chess.com INT	2025.02.19	3.4
E1aTvdT4	Moscow Tal Memorial 8th Blitz	Moscow	2013.06.12	7
LdrjbTID	Magnus Carlsen Inv Prelim	chess24.com INT	2021.03.13	4.1
d5PBHQG4	Clutch Chess: Champions	Saint Louis USA	2025.10.29	15.1
fdEBFvQj	Clutch Chess: Champions	Saint Louis USA	2025.10.28	12.1
dfYKaW8J	Clutch Chess: Champions	Saint Louis USA	2025.10.29	17.2
QqQ2PBDy	TechM GCL 2024	London ENG	2024.10.06	3.3
Hnq6dU18	Cote d'Ivoire Rapid 2019	Abidjan CIV	2019.05.08	2.3
kxwPodW4	Tata Steel-A 75th	Wijk aan Zee	2013.01.26	12
LbJRALod	Wch Rapid	Astana	2012.07.08	14
kkDr4WAB	Cote d'Ivoire Blitz 2019	Abidjan CIV	2019.05.11	7.1
ioH1Tfpq	Opera Euro Rapid KO 2021	chess24.com INT	2021.02.09	1.11
vu5e3o5h	Yinzhou Cup 2018	Ningbo CHN	2018.06.27	1.1
cYKTd1Uj	IMSA Basque 2016	Huai'an CHN	2016.03.02	3.14
0bCT7kKc	CCT Final KO 2023	Toronto CAN	2023.12.15	2.13
PErP8QcE	Superbet Blitz 2019	Bucharest ROU	2019.11.10	11.1
0HqNpxPo	World Rapid 2023	Samarkand UZB	2023.12.27	8.1
RB1VqLGf	Calvia ol (Men)	Mallorca	2004.10.24	9
tMwqpkIc	GCT Blitz YourNextMove	Leuven BEL	2018.06.15	6.5
aIb1RMRI	World Rapid 2021	Warsaw POL	2021.12.27	9.1
NKS7DQGP	80th Tata Steel GpA	Wijk aan Zee NED	2018.01.13	1.7
NTSVu9sz	GCT Blitz Paris 2018	Paris FRA	2018.06.24	18.5
FPqOfHpy	SportAccord Blitz Men 2013	Beijing CHN	2013.12.14	5.1
akQx2lM6	Chennai GMs 2023	Chennai IND	2023.12.16	2.1
37a2ntwQ	World Rapid 2024	New York USA	2024.12.26	2.10
MKMzE6fK	FIDE World Rapid Team	Almaty KAZ	2024.08.04	12.7
mD1ZgNEE	Groningen PCA	Groningen	1993.??.??	2
poZA7JjH	Hastings 9192	Hastings	1991.??.??	11
lavlL0KL	Meltwater Indian Qualfier	chess24.com INT	2021.05.07	1.1
TpiaHbuX	Tilburg	Tilburg	1994.??.??	2
Gkc9IMBD	Leon	Leon	1996.??.??	1
0sSfmFB7	Dubai op 7th	Dubai	2005.04.06	3
Jt3IYvz1	Bugojno	Bugojno	1978.02.26	1
CdyBIHFB	Phillips&Drew	London	1982.??.??	?
bZAUB5cn	Thessaloniki FIDE GP	Thessaloniki	2013.05.25	4
ayHPHX8X	World Blitz 2017	Riyadh KSA	2017.12.29	11.3
4vpt6f0M	Grand Slam Final 1st	Bilbao	2008.09.09	7
uPGnFsDk	Luohu GM Blitz 2018	Shenzhen CHN	2018.06.14	4
npRV2hl2	Dortmund SuperGM	Dortmund	2005.07.11	4
Fg14uMgN	GCT Blitz Paris 2018	Paris FRA	2018.06.24	14.3
bYqsm7Qf	TechM GCL 2024	London ENG	2024.10.11	10.3
IVRaN9hb	FIDE Grand Swiss 2021	Riga LAT	2021.11.01	6.3
XHKNDKdI	TCh-FRA Top 12 2021	Chalons en Champagne FRA	2021.06.29	6.4
T5Z3prOA	Chessable Qualifier	chess24.com	2020.10.18	7
k4edn7pF	43rd Olympiad 2018	Batumi GEO	2018.09.28	5.7
KUOAWaI0	30th Leon GM 2017	Leon ESP	2017.07.09	2.2
oWPUv7wF	80th Tata Steel GpA	Wijk aan Zee NED	2018.01.16	4.1
YA4HdPNi	Amber-rapid 18th	Nice	2009.03.19	5
54VMcYoB	GCT Blitz Paris 2017	Paris FRA	2017.06.25	11.2
WQ1jJlHd	chess.com QF Blitz 3m+2spm 2016	chess.com INT	2016.05.10	12
rUVudB5Y	Wch Blitz 5th	Moscow	2010.11.16	2
3BfVIl8K	Thessaloniki FIDE GP	Thessaloniki	2013.05.28	6
gZFur9Hj	Wch Blitz 5th	Moscow	2010.11.17	16
sDST3fk3	Skilling Open KO 2020	chess24.com INT	2020.11.30	3.31
j17tWPyE	Saint Louis Blitz 2018	Saint Louis USA	2018.08.14	4.1
zwQmPvdi	6th Norway Blitz 2018	Stavanger NOR	2018.05.27	8.2
h1paaDHX	Julius Baer Gen Cup D1 W	chess.com INT	2024.09.29	3.1
xivW5sVK	Saint Louis Rapid	Lichess.org INT	2020.09.15	1
1MK8brAm	Clutch-ch June	Lichess.org INT	2020.06.09	1.10
qnGvUjtc	Clutch-ch June	Lichess.org INT	2020.06.09	1.12
SVpfJKio	Norway Chess 8th	Stavanger	2020.10.10	5
cd3gr3VI	34th ECC Open 2018	Porto Carras GRE	2018.10.18	7.1
h1mXjKxg	chess.com Speed 2019	chess.com INT	2019.11.19	2.22
OyGVcKLX	1st China Chess King 2024	Chengdu CHN	2024.01.07	4.3
klbulGE2	Beijing FIDE GP	Beijing	2013.07.12	8
NvoIVNNp	SportAccord Blitz Men 2013	Beijing CHN	2013.12.15	16.4
4Jm3a7HJ	World Cup ACP 3rd	Odessa	2009.05.23	2.2
zaKzJGgK	Wch Blitz 4th	Almaty	2008.11.08	10
QFU3sGTh	5th Zurich Opening Blitz	Zurich SUI	2016.02.12	5.2
mdRVhbSV	Amber-blindfold 17th	Nice	2008.03.16	2
0dhNJLWm	Beijing Sportaccord blitz	Beijing	2012.12.17	9
rQvoR0O5	Amber-blindfold 17th	Nice	2008.03.22	7
gmVwoHz3	POL-chT	Lubniewice	1998.11.07	7
R5EdC6Vy	TCh-AUT 2014-15	Austria AUT	2015.02.27	6.6
zFFLEwBx	Abu Dhabi op 15th	Abu Dhabi	2005.08.15	2
zpYmLotm	Alushta4	Alushta	1994.??.??	3
RlVKClm2	Reykjavik op	Reykjavik	2013.02.25	8
smo9Xe2r	Nakamura-Nepomniashchy m	playchess.com INT	2007.02.28	?
zwPM06Wl	German Team  Cup 2025	Augsburg GER	2025.06.15	5.3
KAmaRsbk	World Rapid 2025	Doha QAT	2025.12.26	5.17
fSlpe0wy	Wch Blitz	Astana	2012.07.09	7
hawrah0O	Moscow Aeroflot rapid final	Moscow	2013.02.16	2.2
UydmmeoV	FIDE World Blitz 2014	Dubai UAE	2014.06.20	17.4
sDZ8lU1P	Wch Blitz	Astana	2012.07.09	10
1C9eJZeC	6th London CC Elite Blitz 2014	London ENG	2014.12.08	10.1
p5fgcIDG	GCT Blitz YourNextMove	Leuven BEL	2018.06.16	15.1
1ni802BR	21st TCh-RUS 2014	Loo RUS	2014.04.12	6.1
lJ8rgvyi	6th LCC Super Rapidplay Open 2014	London ENG	2014.12.07	10.2
kS5jDzLw	Zug FIDE GP	Zug	2013.04.25	7
r68ek9XW	RUS-ch Higher League 66th	Yekaterinburg	2013.06.22	3
qrcBRrAR	Kurnosov Mem Rapid 2018	Chelyabinsk RUS	2018.09.09	11.1
TDc6LMjc	Moscow op-A	Moscow	2010.02.04	6
oTBRPQVr	GCT Blitz YourNextMove	Leuven BEL	2017.07.01	3.3
EL2NTTRc	chess.com Speed 3m+2spm 2017	chess.com INT	2017.11.21	3.9
MvMgUZ30	Corus	Wijk aan Zee	2005.01.22	7
F78YQet5	SportAccord Blitz Men 2013	Beijing CHN	2013.12.16	22.7
vtx91cbj	Madrid	Madrid	1973.12.08	10
njhImY3x	Yerevan Petrosian Memorial	Yerevan	1988.05.24	15
3zN1YCwP	Rubinstein Memorial 15th	Polanica Zdroj	1977.??.??	17
CCpweDLs	BUL-ch 43th	Sofia	1989.??.??	15
lU1nshO7	Meltwater Tour Final 2021	chess24.com INT	2021.09.26	2.2
kJn6OM2i	51st Biel GM 2018	Biel SUI	2018.07.30	8.1
o5n0JGbS	FIDE Candidates 2022	Madrid ESP	2022.06.26	8.3
LA8pDChv	2nd UzChess Cup Masters	Tashkent UZB	2025.06.21	3.3
P79aJLyv	GCT Rapid Paris 2017	Paris FRA	2017.06.22	5.4
kc83IX8Z	Lindores Abbey Final 8	chess24.com INT	2020.05.30	2.32
cE0ccG4q	Vugar Gashimov Mem 2016	Shamkir AZE	2016.06.02	7.3
d4Pwl7dq	chess.com Speed 3m+1spm 2018	chess.com INT	2018.09.07	1.19
H7cdTGaw	CRO-chT	Tucepi	1996.??.??	?
Um2W3xc1	Golden Sands Europe op 1st	Golden Sands	2012.06.07	4
ArwEDylB	Samara Polugaevsky Memorial 2nd	Samara	2012.07.08	4
LFvLGIVA	FIN-chT 1920	Finland	2020.02.09	8.1
Ptd0Dhl6	Champions Showdown Rapid	Saint Louis USA	2019.02.21	6.1
ycqDjX8c	PRO League Group Stage	chess.com INT	2018.02.24	7
1AAdWwUE	EU-Cup final	Lyon	1994.??.??	?
dlGSs0nQ	Pepe Cuenca Invitational	chess24.com INT	2020.04.14	2.4
lZp3dXWZ	12th Norway Chess 2024	Stavanger NOR	2024.05.28	2.1
r7MQXTul	SpeedChess Final 2024	Paris FRA	2024.09.06	1.8
3NiNozEM	SpeedChess Final 2024	Paris FRA	2024.09.06	1.12
NA6xyI0w	SpeedChess Final 2024	Paris FRA	2024.09.06	1.6
5lPUk9Wr	4th Norway Blitz 2016	Stavanger NOR	2016.04.18	5.1
sHIBSmVm	chess.com QF Blitz 5m+2spm 2016	chess.com INT	2016.05.10	4
yFUItKia	SpeedChess Final 2024	Paris FRA	2024.09.06	1.20
Lvqea7xt	Magnus Carlsen Inv KO	chess24.com INT	2021.03.17	1.23
nNI9uHjZ	GCT Blitz Paris 2018	Paris FRA	2018.06.24	11.4
RRYi14q0	GCT Rapid Paris 2018	Paris FRA	2018.06.22	7.1
FbwSGQj3	9th Norway Chess 2021	Stavanger NOR	2021.09.17	10.1
55GlUBTE	Opera Euro Rapid KO 2021	chess24.com INT	2021.02.13	3.14
LtaxEabX	Skilling Open KO 2020	chess24.com INT	2020.11.26	1.21
BZQeHsdX	FTX Crypto Cup KO 2021	chess24.com INT	2021.05.30	3.13
JQlotbBy	FIDE Grand Swiss 2025	Samarkand UZB	2025.09.08	5.53
DAjZ7uZk	Khanty-Mansiysk ol (Men) 39th	Khanty-Mansiysk	2010.09.22	2.3
dSbo3WdA	World Junior Open 2014	Pune IND	2014.10.19	13.1
sDN7QIDY	Donner Memorial	Amsterdam	1996.08.19	3
LO1Szmve	Hastings Masters 2018-19	Hastings ENG	2019.01.04	8.2
7v9UjwRR	Muensterland op	Senden	2004.10.25	5
KBVNGT7f	Chigorin Memorial 07th	St Petersburg	1999.11.04	3
Z124vYVp	FICGS__CHESS__WCH_ROUND_ROBIN_FINAL__00	FICGS	2012.01.02	1
G7xt1gmI	FIDE-Wch k.o.	Las Vegas	1999.08.10	4.2
98g0IZao	Rubinstein Memorial 37th	Polanica Zdroj	2000.08.21	5
h4ESygfe	Madrid Magistral 6th	Madrid	1997.05.30	8
YHwJfmq5	Corus	Wijk aan Zee	2001.01.17	4
iNs71Tbl	Wch Blitz 5th	Moscow	2010.11.18	36
QiWaRCSN	80th ch-ESP 2015	Linares ESP	2015.08.25	3.9
BLloLqoV	Serpukhov-B	Serpukhov	2002.??.??	4
qXZIVQsq	Karel Opocensky Mem 2019	Prague CZE	2019.06.28	8.1
57TPeIUY	Magnus Carlsen Inv Prelim	chess24.com INT	2021.03.13	2.6
x8zHWTWJ	Leuven m blitz	Leuven	2011.10.09	6
6YRWrSqn	Vladimir Petrov Mem 2015	Jurmala LAT	2015.03.08	9.1
NRs2P5Fh	IMSA Blitz 2016	Huai'an CHN	2016.03.01	29.6
1EDTjeYC	Pula op	Pula	2009.06.30	4
uLjPueSa	Berlin Neukoelln	Berlin West	1988.??.??	?
mcRTtEy5	Olomouc Ave Kontakt Cup	Olomouc	2002.??.??	7
lclmG6Qf	Porec op	Porec	2007.12.07	3
aZ6oVKX6	Bazna Kings 4th	Medias	2010.06.17	4
wlUt5nKZ	Moscow Tal Memorial 7th	Moscow	2012.06.10	3
UyAJTRIC	Chess.com RCC Wk24 Swiss	chess.com INT	2022.08.06	8
S1d4Ytl8	IMSA World Masters Rapid	Hengshui CHN	2019.05.16	8.6
gSuPi2iz	Ultimate Blitz Challenge	Saint Louis USA	2016.04.29	15.1
IalKttuz	Moscow Tal Memorial 7th Blitz	Moscow	2012.06.07	7
HeMFhbQ5	Ultimate Blitz Challenge	Saint Louis USA	2016.04.29	11.2
iH8porzJ	Ultimate Blitz Challenge	Saint Louis USA	2016.04.29	17.2
68EAzUs8	Moscow op-E	Moscow	2011.02.06	9
p0BZYSGs	GER-GRE	Fuerth	2002.09.05	6
htJUAmzJ	St Petersburg-Moscow	Moscow	2002.10.22	1
OacuU2sC	Tilburg	Tilburg	1979.??.??	2
W5d5049h	USA-ch	Saint Louis	2012.05.15	7
Vo7TbS5C	Aimchess US Rapid Prelim	chess24.com INT	2021.08.30	11.8
7qWPTdaq	chess.com Speed 5m+2spm 2017	chess.com INT	2017.11.21	3.5
iRtkr1jy	3rd GRENKE Classic TB	Baden Baden GER	2015.02.09	2
OVv3ULaj	World Blitz 2015	Berlin GER	2015.10.13	8.1
kKm0mMTN	chess.com QF Blitz 1m+1spm 2016	chess.com INT	2016.05.10	26
g9bvNCcP	8th Danzhou Super GM 2017	Danzhou CHN	2017.07.09	1.2
OSx577hS	Huocheng Xinjiang Rapid	Huocheng County CHN	2017.08.02	3.2
sfVOVNX3	World Rapid 2017	Riyadh KSA	2017.12.26	2.28
SaS9DphC	FTX Crypto Cup Prelim	chess24.com INT	2021.05.24	7.7
RgIL2Hr2	4th Norway Blitz 2016	Stavanger NOR	2016.04.18	7.3
DEgu8p1M	Goldmoney Asian Rapid KO	chess24.com INT	2021.06.30	1.32
vwS3TZPX	Meltwater Tour Final 2021	chess24.com INT	2021.09.26	2.4
apgOfawn	Chessable Masters Prelim	chess24.com INT	2022.05.21	12.1
rGwEyXYG	PRO League Group Stage	chess.com INT	2018.01.31	3
miv28pWJ	European Rapid 2018	Skopje MKD	2018.12.09	13.32
epvlTQ4f	Chigorin Mem Blitz 2014	St Petersburg RUS	2014.10.17	8.9
evYvYqyF	Wch Blitz	Astana	2012.07.10	27
81U7dfpb	World Rapid 2024	New York USA	2024.12.28	10.12
bb7VvtoB	World Rapid 2024	New York USA	2024.12.28	13.60
rAzfmmji	World Blitz 2015	Berlin GER	2015.10.13	11.72
cq4RO60z	Charity Cup KO 2022	chess24.com INT	2022.03.24	2.11
wzK0ASRm	Opera Euro Rapid Prelim	chess24.com INT	2021.02.07	8.4
XNNUzrfO	6th Norway Blitz 2018	Stavanger NOR	2018.05.27	1.1
xk69W9wH	Carlsen Inv Prelim	chess24.com INT	2020.04.29	6.4
GnbgGzz8	chess.com SF Blitz 1m+1spm 2016	chess.com INT	2016.08.24	26
6iWm2Qgm	chess.com Speed 1m+1spm 2017	chess.com INT	2017.11.02	2.18
23vcx5gk	Chessable Masters Prelim	chess24.com INT	2022.05.21	10.1
JBJtbgO6	chess.com Speed 3m+1spm 2018	chess.com INT	2018.12.02	4.15
GwqwYtSV	Wch Blitz 5th	Moscow	2010.11.18	38
P9P5jp21	SpeedChess Final 2024	Paris FRA	2024.09.06	1.29
UZ7QqvhX	Amber-blindfold 19th	Nice	2010.03.13	1
mKcFCjtF	FTX Crypto Cup 2022	Miami USA	2022.08.16	2.3
80aFLYii	chess.com Speed 5m+1spm 2018	chess.com INT	2018.09.07	1.8
N8ctpvdm	ECo-C Extraliga 2022-23	Czech Republic CZE	2023.03.26	11.4
cqqji8XS	PRO League Group Stage	chess.com INT	2018.02.04	4
Q3QxQSZY	MPL Indian Chess Tour #2	chess24.com INT	2022.06.05	15.3
SPWXqpMU	PRO League Group Stage	chess.com INT	2018.02.24	7
fu2sEmjg	5th Prague Challengers	Prague CZE	2023.06.29	8.5
3Zrlj0qE	7th ch-Francophonie Blitz	Paris FRA	2019.08.10	6.2
GhFz3BRN	17th Rochefort Open 2018	Rochefort FRA	2018.02.21	7.4
oIkRGGbJ	PRO League Group Stage	chess.com INT	2018.02.28	8
SUsYC8vH	PRO League Group Stage	chess.com INT	2019.03.14	10
iWKTzWbX	PRO League Group Stage	chess.com INT	2019.01.10	1
jPbFcamT	41st Olympiad Open 2014	Tromso NOR	2014.08.03	2.3
4b0sBa5P	Senta op-A 17th	Senta	2013.07.17	6
ZyNc1ux2	Kamen Piskov Memorial 4th	Ruse	1984.??.??	1
b6IHiE0W	CT21/pr33	ICCF	2015.10.01	?
w86SU0Pb	Forli op	Forli	1989.??.??	2
0czAN8tB	Fujitsu Siemens Giants	Frankfurt	2000.06.23	5
dwDWAn7y	Saint Louis Blitz 2019	Saint Louis USA	2019.08.13	7.5
4CYoYiAa	Saint Louis Rapid 2019	Saint Louis USA	2019.08.12	9.5
kzK4Cz4Q	Riga FIDE Grand Prix 2019	Riga LAT	2019.07.24	4.8
KIHx5pTL	chess.com Speed 1m+1spm 2017	chess.com INT	2018.07.24	24
3IsuhaCM	chess.com Speed 5m+1spm 2018	chess.com INT	2018.09.07	1.9
nmNchE54	Chessable Masters GpB	chess24.com INT	2020.06.23	9
9hC7kZMS	Tata Steel India Blitz	Kolkata IND	2019.11.26	14.3
cGEIyC4M	Vugar Gashimov Mem 2015	Shamkir AZE	2015.04.23	6.3
jltofliW	GCT Blitz Paris 2016	Paris FRA	2016.06.12	13.4
ROY13eRx	Superbet Rapid 2019	Bucharest ROU	2019.11.06	2.4
ZSvS67zx	Zurich CC Blitz 2014	Zurich SUI	2014.01.29	3.1
lQB3e4Wq	Biel GM 45th	Biel	2012.07.26	4
oFkFUnoA	Paris FIDE GP	Elancourt	2013.09.29	7
zQsA7kH1	73rd Moscow Blitz	Moscow RUS	2019.09.07	15.6
9vbLtcRz	73rd Moscow Blitz	Moscow RUS	2019.09.07	13.5
jSoNk0O6	World Blitz 2016	Doha QAT	2016.12.30	21.40
1PHczNWL	St Louis Fall B 2019	Saint Louis USA	2019.09.15	6.1
u9WMDZlg	Dmitrov	Dmitrov	2007.07.26	5
QmAUDgMR	FIDE World Blitz 2014	Dubai UAE	2014.06.20	15.1
8G8ZXoql	Superbet Blitz 2019	Bucharest ROU	2019.11.09	2.4
vRKJsywO	Biel Exhibition Blitz	Biel	2012.07.22	2.2
p6ViCgBO	Astana	Astana	2001.05.25	5
UwngjqBI	Wch Blitz 5th	Moscow	2010.11.16	14
bSo3nqbS	Swiss/white (SUI)	ICCF	2007.02.01	?
x23kDo3K	17th Miquel Mas Open 2016	Castell de Sant Ferran ESP	2016.08.17	8.3
M8dk6csA	Barcelona Sants op 01st	Barcelona	1999.??.??	3
sKqAcosr	Eger	Eger	1993.??.??	7
enqXd1Nm	Sao Paulo Communic 5th	Sao Paulo	2004.02.12	1
WBGnAvIw	GCT Blitz Paris 2017	Paris FRA	2017.06.24	8.4
FbIqR71a	Magnus Carlsen Inv Prelim	chess24.com INT	2021.03.13	3.8
LXO09D7X	GCT Blitz Paris 2018	Paris FRA	2018.06.24	17.1
wELirEiQ	Bundesliga 9900	Germany	2000.04.08	14.1
VLDaDdzH	FIDE World Blitz 2013	Khanty-Mansiysk	2013.06.09	7
gBS1s1LM	FIDE World Blitz 2013	Khanty-Mansiysk	2013.06.09	6
816lywmD	Karpov Trophy Final 2019	Cap d'Agde FRA	2019.11.01	2.2
9z6lKQFQ	Chess.com RCC Wk24 Swiss	chess.com INT	2022.08.06	6
tq3P6YpN	Wch Blitz 5th	Moscow	2010.11.18	33
CZF3CUH4	European Online CC GpD	Tornelo INT	2021.03.28	6.4
tP3tbihG	EU-ch Online 2300+ Qual	Chess.com INT	2020.05.29	6
ZWuoIhXS	Caplin Hastings Online	Tornelo INT	2021.01.09	5.6
yo2Az1l4	NATT/7	ICCF	2016.05.01	?
dz2YUABb	Kuban Region-ch	Krasnodar	2007.??.??	8
nbjbg8dL	Nyiregyhaza op	Nyiregyhaza	1994.??.??	8
k54dMuRV	Lahijan op 4th	Lahijan	2005.08.30	6
zGst3txM	Vezerkepzo GM Sept 2023	Budapest HUN	2023.09.26	4.3
bfVCGXUE	Vestmannaeyjum	Vestmannaeyjum	1985.??.??	8
9cK4gXr8	26th Abu Dhabi Masters	Abu Dhabi UAE	2019.08.02	1.21
TGwBa0DJ	Lloyds Bank op 14th	London	1990.??.??	?
eDGrngmc	WSTT/3/23/3	ICCF	2023.04.20	?
PVJWq3nQ	Regensburg op	Regensburg	1997.??.??	4
tlRyVOvZ	Napoleon Trophy Blitz	La Roche-sur-Yon FRA	2019.02.16	6
nB5LYDqd	Napoleon Trophy Blitz	La Roche-sur-Yon FRA	2019.02.16	5
BrojqyWE	EU-ch 9th	Plovdiv	2008.04.29	8
M1DbSBhA	Sitges Sunway online KO	Chess.com INT	2020.04.28	1.1
VAGKNtZc	Sigeman & Co 03rd	Malmo	1995.??.??	3
Wt9YLzSK	RUS-chT2	Sochi	2007.05.04	2
0Lllqkch	41st Olympiad Open 2014	Tromso NOR	2014.08.05	4.20
tSTy9mWX	EU-chT (Men) 10th	Debrecen	1992.11.??	4.2
UzPHBk2o	European Online CC GpA	Tornelo INT	2021.03.28	6.3
2Ax3u5Hv	Internet Section 16-A	Dos Hermanas	2003.03.16	9
xSo1YJdj	BCF-ch	Brighton	1980.08.15	11
2eVHH5mk	BCF-ch	Brighton	1980.08.13	9
7QM4iC12	chess.com Speed 1m+1spm 2017	chess.com INT	2017.08.30	1.28
L4umYFAQ	chess.com Speed 1m+1spm 2017	chess.com INT	2017.08.30	1.24
N4n5VBjJ	chess.com Speed 1m+1spm 2017	chess.com INT	2017.08.30	1.22
P4raZgky	chess.com Speed 1m+1spm 2017	chess.com INT	2017.08.30	1.30
O39uqSCk	Tal Memorial Blitz 2014	Sochi RUS	2014.11.13	11.5
JdX8ClUV	Paris FIDE GP	Elancourt	2013.10.02	9
H5qhioud	SportAccord Blitz Men 2013	Beijing CHN	2013.12.16	28.7
HbuJ815H	Champions Showdown Blitz	Saint Louis USA	2019.02.24	19.4
LoW9PS3d	chess.com Speed 1m+1spm 2018	chess.com INT	2018.09.07	1.29
Wah35qt9	Julius Baer Gen Cup Pl/In	chess.com INT	2024.09.25	7
NtIEhoha	Internet Section 07A g/8'+2	Dos Hermanas	2004.03.07	5
XlnIxwwB	World Blitz Women 2017	Riyadh KSA	2017.12.30	21.16
FAdQnbdP	Cheliabinsk Kurnosov Memorial rapid	Cheliabinsk	2020.09.05	9
KtDxg8ZN	ch-USA Junior 2019	Saint Louis USA	2019.07.20	9.4
UHwBkHDC	1st Peter Poobalasingam	Harrow ENG	2018.09.09	3.2
mExPDbPR	Legends and Prodigies	Madrid ESP	2025.09.20	4.3
03UZasxA	chess.com Speed 2019	chess.com INT	2019.11.19	2.32
i1S0k4XT	ch-RUS Blitz 2017	Sochi RUS	2017.10.02	16.28
S4RbYkCy	ch-RUS Blitz 2018	Sochi RUS	2018.10.07	16.25
Oy4j2CND	European Blitz 2015	Minsk BLR	2015.12.18	8.31
15rBGbaU	Budapest FS02 GM	Budapest	2011.02.06	2
5bfVeqXy	NED-chT 9596	Netherlands	1995.??.??	?
VGGQvSBN	Mediterranean-ch 8th	Beirut	2013.01.21	4
nAsyCQC9	SWE-chT 0506	Sweden	2005.??.??	4
G1By7Vjz	Pardubice op rap 24th	Pardubice	2013.07.18	9
khBWILyb	Buenos Aires CC Argentino Ruibal	Buenos Aires	2008.10.02	4
ffAts8HM	Fredericia IM 2025	Fredericia DEN	2025.06.01	9.2
N0bBAeF8	NIC Classic Prelim 2021	chess24.com INT	2021.04.24	3.7
XbOcfJ4s	Meltwater Tour Final 2021	chess24.com INT	2021.10.01	6.1
NLfuImWa	Wch Blitz 5th	Moscow	2009.11.17	18
bZVogcdO	World Cup	Khanty-Mansiysk	2007.11.30	3.1
zrrwso73	Sofia MTel Masters 3rd	Sofia	2007.05.13	4
Gk8GX30i	Zug FIDE GP	Zug	2013.04.18	1
k6Rni8tu	10th World Teams 2015	Tsaghkadzor ARM	2015.04.21	3.4
wIAz6uJ6	Valencia m blitz	Valencia	2009.09.24	4
rMPPJWO5	ESP-chT CECLUB Honor	Melilla	2011.11.23	3
ZDKzbp7X	SRB-Cup	Valjevo	2011.05.19	4.1
atStKoXw	Lloyds Bank op 15th	London	1991.??.??	9
yS9IAaDy	Politiken Cup 10th	Copenhagen	1988.??.??	6
gk7joRJf	Lloyds Bank op 16th	London	1992.??.??	?
SQM5UvhB	FIDE World Rapid 2014	Dubai UAE	2014.06.17	10.2
uBVrqBZL	Chessable Masters KO	chess24.com INT	2021.08.04	1.22
1PKML5Lu	Chess.com Rapid Wk6 Swiss	chess.com INT	2022.03.19	8
FsgGblpA	CHN-RUS Summit Men 7th Rapid	Ningbo	2010.08.12	7
TFRB9fH5	Champions Showdown G30	Saint Louis USA	2017.11.09	2.2
eCT4RoHs	Wch Blitz 5th	Moscow	2009.11.17	27
4rjEG847	Linares 11th	Linares	1993.??.??	5
imzvLB8c	Jakarta m 25' blindfold	Jakarta	1997.11.21	2
wgZ8tJOz	Linares 11th	Linares	1993.??.??	1
wcWaeax5	SuperUnited CRO Rapid 2025	Zagreb CRO	2025.07.02	2.3
rTnObe42	TechM GCL 2025	Mumbai IND	2025.12.14	1.1
LbMolsMJ	BIH-chT	Vogosca	2007.06.05	4
t8paVviY	25th ch-EUR Indiv 2025	Eforie Nord ROU	2025.03.25	10.6
ldC0TtKC	Moscow Botvinnik Memorial	Moscow	2011.09.02	2
JEsHgW1V	EU-Cup 24th	Kallithea	2008.10.22	6
AczLdPtI	Nanjing Pearl Spring 3rd	Nanjing	2010.10.20	1
suPEyNuw	Tal Memorial 8th	Moscow	2013.06.18	5
INY3KINN	Vugar Gashimov Mem 2014	Shamkir AZE	2014.04.21	2.2
VMARLzg7	79th Tata Steel GpA	Wijk aan Zee NED	2017.01.14	1.1
mr1pyJkJ	PRO League KO Stage 2017	chess.com INT	2017.03.25	4.9
c7o26lKe	London Classic 3rd	London	2011.12.08	5
2W36Yf71	Grand Slam Final 1st	Bilbao	2008.09.08	6
380SLrCE	Shanghai Masters	Shanghai	2010.09.05	3
SnjQOYVy	Carlsen Inv Prelim	chess24.com INT	2020.04.24	4.3
lKrzx7ij	CCT Final Playoff 2023	Toronto CAN	2023.12.12	7.3
vv6eOwHx	Vugar Gashimov Mem 2015	Shamkir AZE	2015.04.20	4.1
d4Z1NeRh	WR Chess Masters 2023	Dusseldorf GER	2023.02.25	9.4
VKGc9nr0	Torshavn sim	Torshavn	2001.06.10	1
jFQRZLh1	URS-ch46	Tbilisi	1978.12.??	15
CFNRhW5x	Barcelona Sant Marti op-A 14th	Barcelona	2012.07.20	8
JaRTdd4g	MT-Biella/B (PER)	ICCF	2009.06.01	?
ExwVoX33	Hoogovens	Wijk aan Zee	1999.01.31	13
jYbbplL7	World Championship	Bonn	2008.10.20	5
m5TmzM4Y	World Championship	Bonn	2008.10.17	3
rREjvcgZ	Vugar Gashimov Mem 2019	Shamkir AZE	2019.04.04	5.5
BlinqMeD	Amber-blindfold 17th	Nice	2008.03.20	5
lsQvn7rX	Moscow Tal Memorial 4th	Moscow	2009.11.11	6
VRMMfnv9	Hoogeveen Essent Crown 10th	Hoogeveen	2006.10.22	1
9Wi4lgYr	Airthings Masters Prelim	chess24.com INT	2022.02.22	13.8
1jFHksKR	OHRA-A	Amsterdam	1984.07.18	2
dDnfdSuC	Graz	Graz	1979.??.??	7
kBW6ZN6X	NED-ch35	Leeuwarden	1980.03.18	11
oj2OV4lG	10th Sabadell Open 2017	Sabadell ESP	2017.09.07	7.2
yPo5BBvy	Yerevan ol (Men)	Yerevan	1996.??.??	9
1uHT7vzH	Yerevan ol (Men)	Yerevan	1996.??.??	12
SjVh35g1	URS-World	London	1984.??.??	3.1
ipRi2FTL	EU-ch 5th	Antalya	2004.05.27	11
DyPFzbsf	Amber-rapid 18th	Nice	2009.03.22	8
RvF9xueD	Airthings Masters KO 2020	chess24.com INT	2020.12.29	1.11
EkVhZvyB	81st Tata Steel GpA	Wijk aan Zee NED	2019.01.15	4.3
WWH7KLZh	87th Tata Steel Masters	Wijk aan Zee NED	2025.01.26	8.6
Kl9uE3vk	Leon 22nd	Leon	2009.06.07	2.2
kDnC9ZX3	32nd ECC Open 2016	Novi Sad SRB	2016.11.08	3.2
pJMXUASf	GCT Rapid YourNextMove	Leuven BEL	2018.06.12	2.1
vrNicNVs	American Cup Champ	Saint Louis USA	2025.03.22	4.1
L7K33mJo	2nd IMSA Rapid 2017	Huai'an CHN	2017.12.10	4.1
VmIKw4fm	Carlsen Inv Prelim	chess24.com INT	2020.04.26	5.1
NSLHML7s	Corus	Wijk aan Zee	2010.01.26	9
kjcVNv1l	Opera Euro Rapid Prelim	chess24.com INT	2021.02.08	14.1
uOSbsp7V	Chessable Masters GpA	chess24.com INT	2020.06.22	9
LReilUpw	Nalchik FIDE GP	Nalchik	2009.04.21	6
vgvI0zJU	FTX Crypto Cup Prelim	chess24.com INT	2021.05.23	5.8
jLSBqGi8	Airthings Masters KO 2022	chess24.com INT	2022.02.23	1.14
M3jMjb8x	84th Tata Steel Masters	Wijk aan Zee NED	2022.01.23	8.1
TcgKy827	FTX Crypto Cup Prelim	chess24.com INT	2021.05.23	1.6
ctr3HYrh	4th Norway Blitz 2016	Stavanger NOR	2016.04.18	6.2
LfDQeYIe	Biel SKA	Biel	1996.07.28	6
ULYA7WX0	Hoogovens	Wijk aan Zee	1997.01.18	1
wCsJOcxf	FRA-ch	Val d'Isere	2002.08.19	1
sxj3d7Yq	Amber-rapid 02nd	Monte Carlo	1993.03.28	3
x9aOIhS6	Baku FIDE Grand Prix 2014	Baku AZE	2014.10.05	4.2
PEXW6HKp	FIDE World Cup	Khanty-Mansiysk	2011.08.31	2.1
ceI5arbW	Linares 08th	Linares	1990.??.??	3
i05llkJW	30th ECC Open 2014	Bilbao ESP	2014.09.19	6.1
EWSaOXrX	Manila	Manila	1974.??.??	4
iHPjBD3S	URS-chT	Riga	1975.??.??	?
SISNVmg3	London Phillips&Drew	London	1980.??.??	13
df5FZ2RR	URS Spartakiad	Moscow	1979.??.??	?
BaxvZbmi	Airthings Masters Prelim	chess24.com INT	2022.02.22	14.2
hfAm6Vjb	Legends of Chess Prelim	chess24.com INT	2020.07.21	1.4
aZKl90PU	Tal Memorial 8th	Moscow	2013.06.14	2
UQ4veJjL	Wch Rapid	Astana	2012.07.07	8
AlX5tJBC	Wch Rapid	Astana	2012.07.07	6
DtwVDfmD	Khanty-Mansiysk ol (Men) 39th	Khanty-Mansiysk	2010.09.25	5.1
cdizSchX	Poikovsky Karpov 07th	Poikovsky	2006.03.26	8
oCjOYpSB	12th Norway Chess 2024	Stavanger NOR	2024.06.02	6.3
mNmCQ9Uu	SuperUnited CRO Rapid 2024	Zagreb CRO	2024.07.12	9.2
aUPBtFMg	Superbet ROM Classic 2025	Bucharest ROU	2025.05.08	2.4
UHadabbL	Chess.com RCC Wk12 Swiss	chess.com INT	2022.04.30	1
4Q5BfQ66	Lindores Abbey Stars	Cupar SCO	2019.05.25	3.1
9g6vywje	Goldmoney Asian Rapid KO	chess24.com INT	2021.07.01	2.12
u6ufPez4	GCT Rapid YourNextMove	Leuven BEL	2017.06.28	1.1
UrSBdsyY	FIDE World Rapid 2014	Dubai UAE	2014.06.18	11.6
PsnlDPmL	World Rapid 2022	Almaty KAZ	2022.12.26	1.27
TT12eRWQ	Cacak	Cacak	1995.??.??	?
nhQJJRMg	TCh-CHN 2017	China CHN	2017.07.27	9.1
pU1CCxg3	Skilling Open Prelim	chess24.com INT	2020.11.24	14.7
86rtqfG2	NIC Classic KO 2021	chess24.com INT	2021.04.28	1.22
dRPCNW6S	FIDE Candidates 2018	Berlin GER	2018.03.14	4.3
lQJpYz6A	Kosmos m 5'	Moscow	1998.11.27	2
7OuaoWa5	Botvinnik Memorial m 5'	Moscow	2001.12.09	6
ihvL8hUO	Tilburg Fontys	Tilburg	1997.10.08	10
DcoHqocI	Opera Euro Rapid KO 2021	chess24.com INT	2021.02.09	1.11
aNC3RC98	Opera Euro Rapid Prelim	chess24.com INT	2021.02.06	4.8
7Ca9cDt8	42nd Olympiad 2016	Baku AZE	2016.09.09	7.17
ukIbvcfK	Bundesliga 0203	Germany	2003.01.11	8.2
2hlRuNYi	31st Cappelle Open 2015	Cappelle la Grande FRA	2015.03.03	5.8
IjK58Dns	32nd ECC Open 2016	Novi Sad SRB	2016.11.09	4.6
74jokMNX	Amber-blindfold 10th	Monte Carlo	2001.03.27	9
FS0JMOJ8	Amber-blindfold 05th	Monte Carlo	1996.??.??	9
UZEFPOy7	Roquebrune rapid	Roquebrune	1992.??.??	15
aabc3x5l	Qatar Masters Open 2014	Doha QAT	2014.12.02	7.10
yTn2CrIr	FIDE Candidates	London	2013.03.23	7
YszqA64q	42nd GM 2014	Dortmund GER	2014.07.19	6.4
37Q46ZV1	Candidates sf2	Moscow	1971.??.??	2
ifN5ec1M	Dubai Police Open A 2024	Dubai UAE	2024.05.08	5.3
MwSNBnFp	Tallinn	Tallinn	1975.02.23	6
2iwvGkXS	Nordhorn op	Nordhorn	2009.09.13	6
OiqEFFdg	9th London Classic 2017	London ENG	2017.12.10	8.5
dJc7EJ1H	Biel GM 41st	Biel	2008.07.26	6
rArNXjgN	10th World Teams 2015	Tsaghkadzor ARM	2015.04.28	9.5
5qPNlHzN	Chess.com Rapid Wk5 KO	chess.com INT	2022.03.13	1.1
XtX3jnoT	21st TCh-RUS 2014	Loo RUS	2014.04.08	2.3
EF0svZKc	FIDE GP	Dubai	2002.04.04	2.2
M6Xxa9KY	Lindores Abbey Final 8	chess24.com INT	2020.05.27	1.33
YAu4C2wi	Chess.com RCC Losers	chess.com INT	2022.08.19	2.2
fbgqCVbb	FIDE World Cup	Tromso	2013.08.16	2.4
sDwOxnnh	European Blitz 2016	Tallinn EST	2016.12.17	18.3
qsgIGY3U	Chess.com RCC Wk11 KO	chess.com INT	2022.04.24	1.1
mgSFvQ0n	RUS-CHN Summit 8th Rapid	St Petersburg	2012.07.08	7
IX3QUy9V	Moscow PCA-Intel qual	Moscow	1995.??.??	9
JN1dwKPp	Bundesliga 0910	Germany	2010.02.07	9.2
mij0i9Tf	Petrosian Memorial 2014	Moscow RUS	2014.11.10	6.3
Eggtow85	FIDE Candidates 2014	Khanty-Mansiysk RUS	2014.03.17	4.4
OkpOW3w4	34th ECC Open 2018	Porto Carras GRE	2018.10.14	3.1
a9QsSx6w	Leon Man+Comp m	Leon	1998.06.10	2
G6yQX6nz	Wch Blitz 3rd	Moscow	2007.11.21	2
4t6OWtO6	Amber-blindfold 20th	Monte Carlo	2011.03.24	11
rxFnj4f2	World Cup	Khanty-Mansiysk	2007.12.02	3.3
aPIbxktM	Leon 23rd	Leon	2010.06.04	1.2
EgdlBfb7	87th Tata Steel Masters	Wijk aan Zee NED	2025.01.22	5.1
mdbGbxJ6	CGC KO 2022	chess.com INT	2022.11.03	4.6
zEbiynJ8	5th Classic GpD 2013	London ENG	2013.12.11	2.1
5KgbeNCG	NC World Masters 2023	Dortmund GER	2023.06.30	4.2
oPqvv8oh	Kharkov Femida	Kharkov	2005.10.26	11
fVudcWJi	EU-chT Seniors 12th	Dresden	2010.02.15	6
GDSyxUxS	Arctic Chess Challenge	Tromsoe	2009.08.09	9
ZM2uCDOx	RUS Cup Qualifier 1	chessassistantclub.com INT	2004.09.07	?
XtPiJqOB	IMSA Blitz 2016	Huai'an CHN	2016.02.29	19.1
e4I5koSd	Chess24 Banter Blitz Cup	chess24.com INT	2019.10.14	1.10
RLfIwMCr	Chess24 Banter Blitz Cup	chess24.com INT	2019.10.14	1.24
6RX75spe	FRA-chT Gp-A	France	2003.04.05	6.3
nB5jSck0	PRO League Group Stage	chess.com INT	2019.03.13	10
ZTpWTxQl	World Rapid 2018	St Petersburg RUS	2018.12.27	6.34
QKf06iPX	Russian Rapid Cup Final 2013	Khanty-Mansiysk RUS	2013.12.20	2.3
ZxIyRBPm	chess.com Speed 1m+1spm 2017	chess.com INT	2018.08.02	29
A2Ko8voP	chess.com Speed 2019	chess.com INT	2019.12.05	3.27
41QCH9x1	Chess24 Banter Blitz Cup	chess24.com INT	2020.01.05	2.7
nzUOb7cS	Mayors Cup Yerevan KO	Yerevan ARM	2017.01.31	1.4
psT3x9qw	GCT Blitz YourNextMove	Leuven BEL	2018.06.16	16.3
WUvX5u8S	Vugar Gashimov Mem 2016	Shamkir AZE	2016.05.27	2.2
pcVEenjn	Amber-blindfold 18th	Nice	2009.03.21	7
A80Pzs0y	Amber-blindfold 07th	Monte Carlo	1998.03.15	3
xG9cQoWR	SuperUnited CRO Rapid 2024	Zagreb CRO	2024.07.12	8.4
KW56zRBi	CHN-RUS Summit Men 7th Rapid	Ningbo	2010.08.11	2
u9LlJfEQ	World Senior 50+ 2016	Marianske Lazne CZE	2016.11.22	4.5
Z7VLkREw	Plunge op	Platelia	2000.??.??	9
dIHZB0Sx	HUN-chT2 Maroczy 0506	Hungary	2006.02.12	7
3AVS2DF3	Champions Challenge 123rd	playchess.com INT	2005.12.03	2.3
e8dOB9YW	Catalunya-chT Honor	Catalunya	2013.02.23	6.5
zEBM3woj	18th Sautron Open 2018	Sautron FRA	2018.10.26	8.6
s22cktqZ	Landesliga Sued 1011	Bayern	2010.12.12	4.1
kuzHEYNl	Tata Steel India Blitz	Kolkata IND	2018.11.14	17.3
EFEhOCYR	Checkmate: USA vs India	Arlington, TX USA	2025.10.04	5.5
grRa5jby	Saint Louis Rapid 2024	Saint Louis USA	2024.08.13	5.4
Rz3nj96p	RUS-Cup	Krasnodar	1998.??.??	3
rvODa6ZO	Tilburg rapid20	Tilburg	1993.??.??	1
IaDOoeoc	GCT Blitz YourNextMove	Leuven BEL	2017.07.01	9.3
751DRMPG	9th Masters Final 2016	Bilbao ESP	2016.07.22	9.2
oQhNQhXs	GCT Blitz Paris 2017	Paris FRA	2017.06.24	1.1
jfH3pc6f	5th Norway Blitz 2017	Stavanger NOR	2017.06.05	4.2
87uNhf3u	Muensterland op 14th	Muenster	2000.??.??	6
olPWYoq1	NED-ch51 sf	Enschede	1995.11.09	6
cT0TDJZH	SRB-chT (Women)	Valjevo	2011.08.27	1.3
lIIuzU3x	WC.2008.T.00002	IECG	2007.02.02	?
sN4H5pQf	ESP-chT CECLUB Permanencia-2 Div 1	Sabadell	2011.09.04	2.1
DvH90nFI	FICGS__CHESS__WCH_CANDIDATES_FINAL__000	FICGS	2011.04.01	4
QH8Y5qUf	BAN-ch 34th	Dhaka	2008.04.23	4
X2pVRuNt	32nd ECC Open 2016	Novi Sad SRB	2016.11.09	4.11
BryUj3vF	Chessable Masters Final	chess24.com INT	2020.07.01	2.22
cnujkxtE	Chessable Masters Final	chess24.com INT	2020.06.30	2.15
g7R7Lznv	GCT Blitz YourNextMove	Leuven BEL	2016.06.20	18.2
eYP6YvDW	5th Zurich Opening Blitz	Zurich SUI	2016.02.12	2.3
wiEqBMSO	4th Norway Blitz 2016	Stavanger NOR	2016.04.18	2.4
RcxuLNJC	5th Zurich Opening Blitz	Zurich SUI	2016.02.12	4.2
VtV4Jn9O	WS/GMN/A/13	ICCF	2025.08.02	?
bmcEiydV	CM.2002.0.00168	IECG	2002.02.06	?
BwQrHYhG	FICGS__CHESS__CLASS_SM__000002	FICGS	2006.09.01	1
04cYq4QG	WC30/sf03	ICCF	2006.06.20	?
PBfzOp3V	US op 099th	Kona	1998.08.08	8
UttlcLqr	Zvenigorod op-A	Zvenigorod	2008.09.27	5
aLDIzP4y	Metz op 06th	Metz	1988.??.??	?
rysH1wjK	San Sebastian op 23rd	San Sebastian	2000.??.??	9
FjlP3BQ6	PCA/Intel-GP	New York	1995.06.23	4.2
yB8TKcZ2	IMSA Blitz 2016	Huai'an CHN	2016.02.29	14.6
Uw42rpnw	Frankfurt-West Masters	Frankfurt	1999.07.02	12
8bif9N6r	World Cup ACP 4th	Odessa	2010.05.27	1.2
ACETbn3V	ch-SWE 2016	Uppsala SWE	2016.07.19	4.2
z414klSV	ROM-80 (ROU)	ICCF	2005.03.20	?
RoaVbA7s	ACP Blitz Prelim2	playchess.com INT	2004.04.13	16
khU6LISx	WS/GMN/022	ICCF	2010.04.15	?
2FlR6yeN	Tata Steel-A 73rd	Wijk aan Zee	2011.01.30	13
mlavtC3b	Fujitsu Siemens Giants	Frankfurt	2000.06.23	3
vpyi4sR4	FIDE Candidates	London	2013.03.19	4
dl6lnn0x	Voronezh City-ch	Voronezh	2007.12.14	11
slwajPoN	PAL/CSS Freestyle op 5th	playchess.com INT	2007.03.03	5
fzc0GbxL	WC.2005.S.00003	IECG	2003.05.19	?
7T0NZaL8	POR-ch	Odivelas	2020.09.09	3
BBmYxde9	Wch Blitz	Astana	2012.07.10	26
fSLsWxjS	Manila ol (Men)	Manila	1992.??.??	?
kpUOvwso	Linares 10th	Linares	1992.??.??	11
XC1elbJi	Bled ol (Men)	Bled	2002.10.30	5.1
EJmeJguJ	TCh-SRB Premier 2017	Ruma SRB	2017.09.09	9.6
Zc0ogYdL	Reykjavik Open 2016	Reykjavik ISL	2016.03.12	6.7
oMsv9PDl	TV2 GM Open 2017	Fagernes NOR	2017.04.11	4.4
nnETqSOy	World Junior Open 2017	Tarvisio ITA	2017.11.16	4.10
SF35GUf4	Linares 21st	Linares	2004.02.25	6
nX09byQ8	Amber-rapid 18th	Nice	2009.03.26	11
UbmA86aa	TechM GCL 2024	London ENG	2024.10.07	6.2
J4HBE79c	45th Olympiad 2024	Budapest HUN	2024.09.21	10.1
SyXpUCvg	London Classic	London	2009.12.12	4
kREMUbTs	Dortmund SuperGM	Dortmund	2000.07.09	3
SBZahzUv	EU-Cup 27th	Rogaska Slatina	2011.10.01	7
vYihUzaJ	Superbet POL Rapid 2024	Warsaw POL	2024.05.08	1.2
KT3vBEeQ	Meltwater Tour Final 2021	chess24.com INT	2021.09.29	5.1
GPhN0v2b	World Rapid 2025	Doha QAT	2025.12.26	3.5
dbr9OtEB	Mainz Ordix op 14th	Mainz	2007.08.18	4
hJtK3c2l	Pardubice Synthesia rap op 19th	Pardubice	2008.07.16	2
FkPxdUnp	World Blitz 2019	Moscow RUS	2019.12.30	16.1
4K0Lukk3	World Rapid 2019	Moscow RUS	2019.12.26	2.1
niSGRl6f	6th Sinquefield Cup 2018	Saint Louis USA	2018.08.22	5.3
MMhqul9H	GCT Blitz Paris 2019	Paris FRA	2019.08.01	11.3
KVS2TJMq	Amber-blindfold 20th	Monte Carlo	2011.03.20	8
4XbWUP2O	Vugar Gashimov Mem 2018	Shamkir AZE	2018.04.27	8.2
NmrbLobh	PRO League KO Stage	Chess.com INT	2020.03.10	2
ZkpKJIKo	Opera Euro Rapid Prelim	chess24.com INT	2021.02.07	10.1
GxMtD45k	Julius Baer Gen Cup D1 W	chess.com INT	2024.09.27	1.2
fMbptXp9	Tata Steel-A 82nd	Wijk aan Zee	2020.01.22	10
zKOxFzgu	Reggio Emilia 7475 17th	Reggio Emilia	1975.01.06	11
zQY2Ic2c	Petrovskaya Ladya op	Peterhof	2008.01.07	5
n3tI6DHV	ch-CAN 2015	Guelph CAN	2015.07.15	8.6
wSk3rs2p	SUI-ch int	Arosa	1996.07.19	11
K70sfvPD	USA-chT Amateur East	Parsippany	2001.02.19	5
cijB7zIQ	Backa Palanka op	Backa Palanka	2001.05.05	4
tckM0fpf	EU-ch U16	Budva	2003.09.22	9
mzJUtLkt	40th ECC Open 2025	Rhodes GRE	2025.10.23	5.37
tHx2IVT1	GCT Rapid Paris 2021	Paris FRA	2021.06.20	8.4
yH40X0Wn	SportAccord Blitz 2014	Beijing CHN	2014.12.13	25.3
PoZoqU2q	13th Hainan Danzhou GM	Danzhou CHN	2022.12.14	5.1
NAM80KRD	PRO League Group Stage	chess.com INT	2019.01.30	4
UkAC1GUZ	Moscow PCA-GP Kremlin Stars	Moscow	1996.04.28	1.2
WMOa1RTq	IMSA Blitz 2016	Huai'an CHN	2016.03.01	29.7
t62Y0EeC	World Rapid 2022	Almaty KAZ	2022.12.28	12.5
W9qBAixz	Clermont Ferrand	Clermont Ferrand	1989.??.??	?
IdDv5HYm	Cap d'Agde Karpov qual 2nd	Cap d'Agde	2013.10.29	10
FnsGSAQW	YUG-chT 36th	Pula	1984.09.10	5.1
yONyg9bL	ch-CHN 2016	Xinghua CHN	2016.04.20	4.4
THukP6fQ	TCh-AUT 2022-23	Austria AUT	2022.11.03	1.6
ACAf5gqd	45th Olympiad 2024	Budapest HUN	2024.09.14	4.6
66y2izFD	Tallinn	Tallinn	1973.03.10	13
Gt6qoQZw	Hilversum KRO m	Hilversum	1986.??.??	6
YHlsCAHt	FIDE World Blitz 2013	Khanty-Mansiysk	2013.06.10	20
JO0LaR48	USA-ch Gr-B	Saint Louis	2011.04.17	3
sdUu3B99	Amber-rapid 18th	Nice	2009.03.15	2
NrNI5GyD	Prague m1	Prague	2006.08.12	4
H2pAe832	FIDE World Rapid 2014	Dubai UAE	2014.06.18	13.9
iheiq2QN	World Cup	Khanty-Mansiysk	2009.12.07	6.2
Kd088Fb2	Bazna Kings 5th	Medias	2011.06.14	4
4q5HQkmN	FRA-chT Top 16 GpB	Cannes	2005.04.01	5
R8HNgTkt	RUS-chT	Kazan	1995.??.??	5
3DDH5Cq0	World Blitz 2016	Doha QAT	2016.12.29	3.21
eF6X4b2E	Botvinnik Memorial m 30'	Moscow	2001.12.08	6
l7xHqhGN	SpeedChess Final 2024	Paris FRA	2024.09.06	1.17
ch3PmMS5	Mexico City UNAM	Mexico City	2012.11.24	1.2
IRGEoy7F	FIDE World Cup	Khanty-Mansiysk	2011.09.09	5.1
jKMUZ2hn	Tata Steel-A 74th	Wijk aan Zee	2012.01.25	10
gv9LrBK5	Beijing Sportaccord rap	Beijing	2011.12.10	5
pEZHOVmm	World Blitz 2019	Moscow RUS	2019.12.29	10.2
BQEARqN7	Dortmund	Dortmund	1996.07.13	8
acOcdXoG	1st Niteroi Chess Open	Niteroi BRA	2019.09.07	6.1
ppP79m31	Dos Hermanas Internet f 9th	ICC INT	2008.04.04	2.3
Ex13ogaM	Beijing Sportaccord rap	Beijing	2011.12.11	6
ZHa47Bp9	Bundesliga 0506	Germany	2006.01.28	8.1
NUbYz8ta	6th London Classic 2014	London ENG	2014.12.12	3.3
yye1FXsK	chess.com Speed 2019	chess.com INT	2019.11.19	2.23
XucX76DL	Moscow Tal Memorial Blitz	Moscow	2008.08.30	27
39ZilSs3	Amsterdam Euwe Memorial	Amsterdam	1995.05.13	2
4UO4YZ8Q	TechM GCL 2025	Mumbai IND	2025.12.14	7.3
HGQMy6nO	WchT 8th	Ningbo	2011.07.20	4
y6pRo05w	Wch Blitz 5th	Moscow	2010.11.17	25
lX85oQqY	Bazna Kings 5th	Medias	2011.06.18	7
T1kk4rU2	Magnus Carlsen Inv KO	chess24.com INT	2021.03.20	3.11
N5heRaVB	FIDE Grand Swiss 2023	Douglas IOM	2023.11.04	10.1
BOPnWcdA	chess.com Speed 2019	chess.com INT	2019.09.03	1.30
setLFMsC	6th LCC Super Rapidplay Open 2014	London ENG	2014.12.06	5.6
LYnGlzBw	Canadian op	Ottawa	2007.07.10	5
wTle0c6A	Mallorca Trophy-B	playchess.com INT	2004.02.08	3.3
A2S5mDSd	Budva zt	Budva	1981.??.??	15
QzJPzM33	PRO League Group Stage	chess.com INT	2018.02.04	4
8I6B1U7P	PRO League Group Stage	chess.com INT	2018.02.14	6
Y9aZ9RIa	ch-St Petersburg Rapid 2014	St Petersburg RUS	2014.03.08	4.1
IR8iwUlS	BIH-chT2	Neum	2003.08.26	5
QUeUD132	chess.com SF Blitz 1m+1spm 2016	chess.com INT	2016.08.23	17
hPKUMMsr	chess.com SF Blitz 1m+1spm 2016	chess.com INT	2016.08.23	22
3zscU36w	chess.com SF Blitz 1m+1spm 2016	chess.com INT	2016.08.23	24
mdyhM5IB	Wch Blitz 5th	Moscow	2009.11.17	17
NwClEPOR	Wch Blitz 5th	Moscow	2010.11.17	28
2Rrjn6aL	FIDE World Blitz 2014	Dubai UAE	2014.06.19	8.18
OfgAaISk	FIDE World Cup	Tromso	2013.08.21	4.2
91j4edgW	EU-ch 13th	Plovdiv	2012.03.29	9
DSzRCora	EU-ch Online 2300+ Final	Chess.com INT	2020.05.30	5
QDx50F1q	POL-ch 63rd	Krakow	2006.02.26	2
WyqWQF6c	World Rapid 2025	Doha QAT	2025.12.27	6.6
nhJSecnX	chess.com Speed 3m+2spm 2017	chess.com INT	2017.05.03	1.14
d2B9UV95	Aeroflot Open A 2015	Moscow RUS	2015.03.30	4.29
BEn0e3sC	Vladimir Petrov Mem 2015	Jurmala LAT	2015.03.08	9.8
iaSibRT3	Alfoeld Cup op	Hajduszoboszlo	2001.06.22	7
OKngz6GJ	Hamburg-ch int	Hamburg	1998.06.03	6
ySjZj9TK	USA/WSC1/pr04 (USA)	ICCF	2005.04.17	?
LBbMkL5b	88th ch-GER 2017	Apolda GER	2017.06.23	1.14
8CY5cRHF	Minsk Boleslavsky Memorial	Minsk	1994.??.??	3
LUqcAXac	Capablanca Memorial op-A 48th	Havana	2013.04.28	7
amps4vtY	Minsk Boleslavsky Memorial	Minsk	1994.??.??	5
wxmUlO7N	Danube/3	ICCF	2008.02.01	?.6
3jvlJzSW	Las Palmas	Las Palmas	1974.??.??	12
z6WDLWBh	Capablanca Memorial op-A 48th	Havana	2013.04.25	5
XKAMxPmC	ISR-chT	Ramat Aviv	2000.01.14	1.1
Rzl1cdeM	Politiken Cup 33rd	Helsingor	2011.07.31	3
TzxmQYoK	ACP Blitz Prelim3	playchess.com INT	2004.04.14	16
QMgW1JoF	BL2-West 9798	Germany	1997.??.??	?.5
bwASXCsA	FRA-chT2 North 0809	France	2009.03.14	8.3
JUJMiLPN	Reykjavik op	Reykjavik	1990.??.??	4
2uxuX4Rs	European Online CC PlayC	Tornelo INT	2021.03.29	4.1
uAOWpVZ9	PRO League Group Stage	chess.com INT	2018.02.07	5
UtjE09d0	PRO League Group Stage	chess.com INT	2018.02.24	7
ij0GGMMI	9th Sunway Sitges 2022	Sitges ESP	2022.12.14	3.9
mGJ3bBxg	2nd DSM 0-2750  B (BUL)	ICCF	2025.08.10	?
ERXtdrf2	Yuzhny FO-ch op	Armavir	2011.03.19	8
qB1P02xV	WS/SIM/B/74	ICCF	2025.08.02	?
JmARfmlA	WS/SIM/B/74	ICCF	2025.08.02	?
b800dkfN	AUS/NZL-ENG	ICCF	2013.01.07	?.10
xBMIl5xd	Warsaw (Women)	Warsaw	2004.06.19	3
80k6W1xq	Passau op 4th	Passau	1996.??.??	7
Kb62Ks9G	4NCL Div 1b 2019-20	Daventry ENG	2020.01.12	4.85
ARaqqPEm	GCT Blitz YourNextMove	Leuven BEL	2016.06.19	2.3
1DUU3NNz	GCT Blitz Paris 2017	Paris FRA	2017.06.24	3.4
oNKlabdC	FTX Road to Miami Prelim	chess24.com INT	2022.07.11	8.1
Qc4xTLZy	Tashkent FIDE GP 2014	Tashkent UZB	2014.10.31	9.3
u6REZlEF	Chess.com Rapid Wk8 Swiss	chess.com INT	2022.04.02	3
g1IXBAzi	Chess.com RCC Wk24 Swiss	chess.com INT	2022.08.06	8
57mEECtl	Airthings Masters Prelim	chess24.com INT	2022.02.19	3.6
YWgbgCCi	42nd Olympiad 2016	Baku AZE	2016.09.09	7.5
GxfUCwcd	Chess.com Rapid W10 Swiss	chess.com INT	2022.04.16	3
Wy63HR64	Chess.com RCC Wk15 Swiss	chess.com INT	2022.05.21	5
KVZZkvE1	EU-ch U18	Peniscola	2002.10.03	5
cjtIVzyo	chess.com Speed 1m+1spm 2018	chess.com INT	2018.09.07	1.22
ENtW6lUM	Tal Memorial Blitz 2016	Moscow RUS	2016.09.25	8.2
2MjJX19u	USA/C20/final (USA)	ICCF	2014.03.01	?
POIOsmpH	BL-LSS	ICCF	2013.02.10	?.3
UaIRiqab	Alushta May-B	Alushta	2009.05.??	12
18k8CP5S	CP.1996.S.00009	IECG	1997.??.??	?
KM9x9ohc	PRO League Pacific 2017	chess.com INT	2017.01.11	1
NF5dCC7n	WS/GMN/020	ICCF	2009.10.30	?
7y2UTAMk	Swiss/white (SUI)	ICCF	2007.02.01	?
l8gTUIOv	USA/C20/final (USA)	ICCF	2014.03.01	?
q4GLi5pK	XXIV Balaguer Rapid Open	Balaguer ESP	2016.09.18	8.7
6R73yUoy	Salgotarjan op	Salgotarjan	2004.03.05	3
xldE7FL5	17th Gijon Rapid Open	Gijon ESP	2017.07.23	6.5
XlTrDmTS	Paks Atom Cup IM 3rd	Paks	1998.??.??	1
xDZkZggX	Chicago op 18th	Chicago	2009.05.24	4
8QpB36zt	PRO League KO Stage 2017	chess.com INT	2017.03.08	2
eNx11Nax	Zwolle op	Zwolle	1996.??.??	5
0cgbYUl7	Chicago op 21st	Wheeling	2012.05.26	4
63QdabHh	Saint Louis Rapid 2019	Saint Louis USA	2019.08.10	1.2
QX6KrKK0	7th London Classic 2015	London ENG	2015.12.11	7.4
RJkzV1I4	GCT Blitz YourNextMove	Leuven BEL	2016.06.19	8.3
3w7fhFFt	Carlsen-Ding Showdown G30	Saint Louis USA	2017.11.11	2
8Rw8ViJ4	4th Norway Chess 2016	Stavanger NOR	2016.04.22	4.2
ROyu7Avq	GCT Rapid YourNextMove	Leuven BEL	2016.06.17	5.4
ruAbFgBs	4th Norway Chess 2016	Stavanger NOR	2016.04.24	5.2
Ba6XAzXC	Carlsen Inv Prelim	chess24.com INT	2020.04.23	3.4
jsnou3lt	79th Tata Steel GpA	Wijk aan Zee NED	2017.01.20	6.1
dHWHPf4p	EU-ch 11th	Rijeka	2010.03.06	1
E41YMo7f	UKR-ch 73rd	Kharkov	2004.08.24	1.1
OCcp2YYr	Canadian op	Montreal	2008.07.20	2
05GVxyp7	Minsk Inautomarket op	Minsk	2005.07.18	9
JmtQSevA	5th Zurich CC 2016	Zurich SUI	2016.02.14	3.3
NtT1AX9g	FIDE Candidates 2016	Moscow RUS	2016.03.20	8.3
zLGK36G7	FIDE World Cup 2017	Tbilisi GEO	2017.09.27	7.5
62NvLBOS	41st Olympiad Open 2014	Tromso NOR	2014.08.09	7.7
2nHXIhj3	SpeedChess Final 2024	Paris FRA	2024.09.06	1.22
BT15RqxJ	chess.com Speed 1m+1spm 2017	chess.com INT	2017.10.23	2.27
iewh9VNi	chess.com Speed 2019	chess.com INT	2019.09.03	1.8
VocKpHSa	79th Tata Steel GpA	Wijk aan Zee NED	2017.01.27	11.1
pVFMabJd	Amber-blindfold 14th	Monte Carlo	2005.03.20	2
KtKUl7AM	RUS-CHN Summit 8th Rapid	St Petersburg	2012.07.07	3
5ZwlHXaK	Candidates FIDE sf1 playoff rapid	Sanghi Nagar	1994.??.??	9
UFfK3B7K	RUS-CHN Summit 8th Rapid	St Petersburg	2012.07.07	2
FUgke3oi	11th Tal Mem Rapid 2018	Moscow RUS	2018.03.02	3.2
eTAXwLQ1	11th Tal Mem Blitz 2018	Moscow RUS	2018.03.05	10.6
pEGLwj63	6th Sinquefield Cup 2018	Saint Louis USA	2018.08.19	2.2
Od35p0jC	11th Tal Mem Blitz 2018	Moscow RUS	2018.03.05	12.7
xjVJ7MsC	Moscow Piterenka blitz	Moscow	2012.12.29	5
K3kueQxX	Beijing Sportaccord blitz	Beijing	2012.12.17	12
tt2uNXTZ	41st Olympiad Open 2014	Tromso NOR	2014.08.09	7.7
ZnEdfvZg	Internet blitz 5'	ICC INT	1998.08.07	?
vnJ3J3w4	10th London Classic 2018	London ENG	2018.12.13	1.8
0953IfLt	FIDE Grand Prix 2 Pool C	Belgrade SRB	2022.03.06	5.2
sHXm9qal	Wch Blitz 2nd	Rishon Le Ziyyon	2006.09.07	3
bhDBjYuj	Leon 17th	Leon	2004.06.06	2.1
M3s8q7SQ	81st Tata Steel GpA	Wijk aan Zee NED	2019.01.20	8.6
x5ROPRWf	5th Norway Chess 2017	Stavanger NOR	2017.06.06	1.1
gVZSgJLW	85th Tata Steel Masters	Wijk aan Zee NED	2023.01.22	8.3
slzkZF3J	Norway Masters blitz	Stavanger	2013.05.07	2
FqzaLlHb	Wch Blitz 5th	Moscow	2010.11.17	25
g5FWiTJE	IMSA Blitz 2016	Huai'an CHN	2016.03.01	24.1
esOb72NJ	EU-ch rapid	Warsaw	2011.12.17	3
oiLAB7ak	Donostia-B	San Sebastian	2009.07.12	5
GT4Acfuj	San Sebastian op 18th	San Sebastian	2008.09.22	4
OJ5oxgcZ	San Sebastian op 18th	San Sebastian	2008.09.24	6
TypNObHw	Moscow Tal Memorial 6th	Moscow	2011.11.16	1
wIVTtWlx	Grand Slam Final 3rd	Bilbao	2010.10.09	1
8VDiFj0A	Opera Euro Rapid Prelim	chess24.com INT	2021.02.08	11.8
6iHY2eID	Dortmund SuperGM	Dortmund	2008.07.04	5
2kdjRDoy	Amber-blindfold 20th	Monte Carlo	2011.03.14	3
m3p6CxqB	Amber-rapid 17th	Nice	2008.03.15	1
lI5X22MM	Mainz Classic rap Prelim	Mainz	2008.08.02	5
hjqX9rBT	Saint Louis Blitz 2019	Saint Louis USA	2019.08.14	17.3
h8WuLil1	Baku FIDE Grand Prix 2014	Baku AZE	2014.10.04	3.1
lfYpMJh3	Saint Louis Rapid 2019	Saint Louis USA	2019.08.12	8.1
mQio9D9m	GCT Blitz YourNextMove	Leuven BEL	2017.07.02	15.2
JyCEM4Ue	chess.com SF Blitz 5m+2spm 2016	chess.com INT	2016.08.23	3
bkmy2bw9	TCh-TUR 1st League 2025	Ankara TUR	2025.07.20	9.26
rq28IIAr	Chess24 Banter Blitz Cup	chess24.com INT	2019.10.18	1.15
pWm5SMRH	Zadar op-A 19th	Zadar	2012.12.17	2
oRilrrfN	20th ch-EUR Indiv 2019	Skopje MKD	2019.03.27	9.67
JB5IPFFh	TechM GCL 2024	London ENG	2024.10.09	8.3
IU4QnwfP	FTX Crypto Cup Prelim	chess24.com INT	2021.05.24	8.2
lZIC0dVi	6th Norway Blitz 2018	Stavanger NOR	2018.05.27	1.4
B2rAl3GU	Champions Showdown Blitz	Saint Louis USA	2016.11.14	12.1
y7bQbsqB	Carlsen Tour Final	chess24.com INT	2020.08.16	2.34
1Usgy9P9	NIC Classic Prelim 2021	chess24.com INT	2021.04.25	9.3
70aZJBq3	TechM GCL 2024	London ENG	2024.10.05	4.1
vTPdUzVT	TCh-ESP Div Honor 2024	Melilla ESP	2024.10.18	7.1
l2Cqunj2	World Blitz 2018	St Petersburg RUS	2018.12.30	21.1
lpAVTpRn	World Blitz 2016	Doha QAT	2016.12.29	8.1
mCQgE8ci	Leon Masters g/20 26th	Leon	2013.06.08	4
lms4vJy9	7th Norway Chess 2019	Stavanger NOR	2019.06.14	9.1
7K23Cm3D	Norway Chess 8th	Stavanger	2020.10.12	7
XAwc5zJ8	77th Tata Steel GpA	Wijk aan Zee NED	2015.01.16	6.4
T9YyQj3C	WCh 2018	London ENG	2018.11.09	1
0JS2tRz1	FIDE Candidates	London	2013.03.23	7
J03FAP95	CCT Final KO 2024	Oslo NOR	2024.12.21	2.3
NqJAxxCo	CCT Final KO 2023	Toronto CAN	2023.12.15	2.14
cIEwGCDd	Julius Baer GenCup KO	chess24.com INT	2022.09.24	3.13
wetTKRsY	FIDE World Cup 2023	Baku AZE	2023.08.16	6.2
unW4pzDM	CCT Final KO 2024	Oslo NOR	2024.12.20	1.5
NcsepClV	FRA-GER 2013/S	ICCF	2013.03.01	?.1
BM23X1cO	Kamsky-Andreikin m	playchess.com INT	2007.01.22	?
ZSi7sH5j	Oviedo Fischer Blitz	Oviedo	1992.??.??	?
KsNi88M4	Bronstein Mem Open A 2014	Minsk BLR	2014.02.15	5.16
uW1YsjX6	MT-Vinagre/G (BRA)	ICCF	2007.04.30	?
LVa4zUld	Corsican Circuit Final	Bastia FRA	2016.10.27	1.3
jG7GwCPY	Catonsville sim	Catonsville	1997.05.17	?
tx14m2zw	20th European Teams	Reykjavik ISL	2015.11.14	2.8
tj6fPF3H	Yerevan	Yerevan	1989.??.??	?
QF9B7ToE	Clutch-ch June	Lichess.org INT	2020.06.06	1.1
IRifIqO2	Nanjing Pearl Spring 3rd	Nanjing	2010.10.26	6
ChnDRxeZ	85th Tata Steel Masters	Wijk aan Zee NED	2023.01.16	3.6
gkyGSVkO	Corus	Wijk aan Zee	2002.01.25	11
Sc0oSSbM	Amber-rapid 17th	Nice	2008.03.27	11
zrC5ked6	World Cup ACP 3rd	Odessa	2009.05.23	3.1
wYqqSVi1	Amber-blindfold 11th	Monte Carlo	2002.03.22	6
z8rjXbpk	St Petersburg Cup rapid	St Petersburg	2012.10.06	7
00JK0SRQ	FRA-chT Top 16 GpB	France	2010.05.01	6
SOaFMzpi	EU-ch Seniors 05th	Bad Homburg	2005.??.??	7
96F48Oz0	HUN-chT	Hungary	1995.??.??	?
ZBWShX3X	BCF-ch	Clacton on Sea	1974.08.15	10
nRhc7pkf	Buenos Aires op	Buenos Aires	1995.??.??	3
0o2ePsQr	FIDE World Blitz 2013	Khanty-Mansiysk	2013.06.10	19
0jSCgdN1	World Rapid 2017	Riyadh KSA	2017.12.26	5.26
cayZXW6J	World Rapid 2017	Riyadh KSA	2017.12.28	14.13
kJmsuBY0	ch-RUS Blitz 2016	Sochi RUS	2016.10.04	18.9
0rLdo4rW	Dos Hermanas	Dos Hermanas	1997.04.11	9
e0NpOjxo	Istanbul ol (Men) 34th	Istanbul	2000.11.10	13.2
L1k7kFDZ	Novgorod	Novgorod	1994.??.??	2
4WjAXVp2	Linares 13th	Linares	1995.03.01	1
wGm7KfiV	World Cup	Khanty-Mansiysk	2009.11.28	3.2
4GQjK5aG	TCh-RUS Premier 2020	Sochi RUS	2020.11.27	8.2
dytyvgC6	PAL/CSS Freestyle fin 7th	playchess.com INT	2007.09.07	1
9h4mp3iX	Linares 10th	Linares	1992.??.??	6
R0tXcLA9	12th Norway Chess 2024	Stavanger NOR	2024.05.30	4.1
58PEF6OM	Chessable Masters Winners	chess.com INT	2025.02.19	3.3
Vmwv7C4B	Opera Euro Rapid KO 2021	chess24.com INT	2021.02.14	3.24
76FAhlwy	World Rapid 2024	New York USA	2024.12.27	6.11
yg2U7E0u	4th Prague Challengers	Prague CZE	2022.06.17	9.5
l5w1NfFQ	60th World Juniors 2023	Mexico City MEX	2023.09.23	4.4
WOoIxeJG	Bundesliga 8788	Germany	1988.??.??	?.2
SwSWgC8r	World Championship 35th-KK5	Lyon/New York	1990.11.02	10
8HkAGZzY	FIDE World Cup 2019	Khanty-Mansiysk RUS	2019.09.25	5.6
Ac8AMCgf	Dresden ol (Men) 38th	Dresden	2008.11.17	5
rsagpmw8	4th Chinese Rapid Masters	Shenzhen CHN	2014.11.20	6.1
4nr7sINf	WC.1997.F.00001	IECG	1997.??.??	?
SyHxMPaa	EU/TC9/final	ICCF	2014.06.10	?.6
eTGxYEP2	Linares Anibal op 08th	Linares	2001.01.11	4
0vPxQilO	NF-Intro/02	ICCF	2005.02.01	?
bZgKnO05	Superbet Classic TB 2022	Bucharest ROU	2022.05.14	1
gu1aa4XF	Yinzhou Cup Men 2019	Ningbo CHN	2019.12.23	5.3
yAwhXK6u	Navara-Ding Match 2019	Prague CZE	2019.06.19	8
M1leH7ih	FIDE Grand Prix 3 Pool A	Berlin GER	2022.03.22	1.2
6BtFoSHa	FIDE Grand Prix 1 Playoff	Berlin GER	2022.02.12	1.1
nnaDzGUx	FIDE Grand Prix 1 Pool D	Berlin GER	2022.02.04	1.1
sbi3Zttt	FIDE World Blitz 2014	Dubai UAE	2014.06.20	14.2
uYt0lBIa	7th Grand Slam Masters	Bilbao ESP	2014.09.18	4.1
1o3e7RBA	6th Prague Masters 2024	Prague CZE	2024.03.05	7.5
4JVjQXZq	Meltwater Tour Final 2021	chess24.com INT	2021.10.04	9.2
IBXc7Ckv	FIDE World Cup 2019	Khanty-Mansiysk RUS	2019.09.18	3.5
xllmaIOV	World Rapid 2021	Warsaw POL	2021.12.28	12.1
kz0H0U8r	World Championship	London	2000.10.17	6
9PzMez6G	Mainz CC Champions Duel	Mainz	2001.06.26	1
uBh6HwI3	Amber-rapid 08th	Monte Carlo	1999.03.18	3
ayX4rOTq	21st European Teams	Hersonissos GRE	2017.11.01	5.5
0GTVl10p	Chess.com Rapid Wk6 Swiss	chess.com INT	2022.03.19	4
7nSkHboY	21st European Teams	Hersonissos GRE	2017.10.29	2.3
99z4cXMs	PNWCC Super SOS	Chess.com INT	2020.07.13	2
FQY0frbv	World Championship	Chennai	2013.11.15	5
h4itkpda	Oslo Esports Cup 2022	Oslo NOR	2022.04.24	3.1
Aq1hmid2	FIDE Candidates 2018	Berlin GER	2018.03.23	11.1
AuV6uu0G	Clutch-ch June	Lichess.org INT	2020.06.06	1.6
6wpBcGQ7	World Rapid 2024	New York USA	2024.12.27	6.8
oO1aY40i	Biel GM 45th	Biel	2012.07.24	2
WG9baOr1	Hans Suri Mem 2014	Biel SUI	2014.07.22	8.3
l3sbfxbd	Skilling Open KO 2020	chess24.com INT	2020.11.29	3.11
IpQdauYU	Skilling Open KO 2020	chess24.com INT	2020.11.30	3.22
H8mpZDWN	SuperUnited Rapid 2022	Zagreb CRO	2022.07.20	1.3
1Ey6pUSs	CCT Final KO 2023	Toronto CAN	2023.12.14	1.23
6baFadqb	Chessable Masters Final	chess24.com INT	2020.06.30	2.11
IS8ewDyz	Villa Martelli Pro Am op 10th	Villa Martelli	2003.??.??	5
BlWcrPAy	EU-ch U18	Vejen	1993.??.??	9
pE03kqWH	HUN-ch	Budapest	1971.??.??	16
AIcZG02P	TechM GCL 2025	Mumbai IND	2025.12.15	2.1
0y2ERSBj	Goldmoney Asian Prelim	chess24.com INT	2021.06.27	6.6
ifzZaFBT	Aimchess Rapid Prelim	chess24.com INT	2022.10.17	15.5
i9RK95ra	TCh-POL Ekstraliga 2025	Chotowa POL	2025.06.03	2.1
3QH3F1se	EU-chT (Men) 18th	Porto Carras	2011.11.05	3.1
poM1ITTv	FIDE World Blitz 2013	Khanty-Mansiysk	2013.06.09	3
PAsKrbgm	RUS Cup final	Khanty-Mansiysk	2012.12.09	3.4
64KqxGuN	Gibraltar Masters 11th	Caleta	2013.01.27	6
QEjfVRBG	IMSA World Masters Rapid	Hengshui CHN	2019.05.15	7.5
bO2dUxH5	Tata Steel-B 74th	Wijk aan Zee	2012.01.16	3
ded1tfAx	EU-chT (Men) 16th	Heraklio	2007.11.03	6.1
uoBA8u3I	3rd Sinquefield Cup 2015	Saint Louis USA	2015.08.29	6.4
CGaSsibV	GCT Blitz Paris 2017	Paris FRA	2017.06.25	13.2
aPg5gd2f	FIDE World Blitz 2013	Khanty-Mansiysk	2013.06.09	3
8c9sZfK7	19th Moscow Stars Prelim	Moscow RUS	2023.07.22	6.1
bFjAowZM	IMSA Basque 2016	Huai'an CHN	2016.03.03	5.14
HCek4FGe	74th ch-ARM 2014	Yerevan ARM	2014.01.21	9.2
b8bwZ81B	Champions Challenge 177th	playchess.com INT	2006.12.16	4.1
OncqMlI5	Rio de Janeiro Interzonal	Rio de Janeiro	1979.10.08	12
0ED8rwMO	EU-ch 7th	Kusadasi	2006.04.05	2
zi2jo2QA	Wch Blitz 5th	Moscow	2009.11.18	35
xVNOEq6A	IMSA Blitz 2016	Huai'an CHN	2016.02.29	11.1
Shh2MNMv	Amber-rapid 20th	Monte Carlo	2011.03.22	9
WsR4Vheu	IMSA Blitz 2016	Huai'an CHN	2016.03.01	27.1
sZLUToTt	GCT Blitz YourNextMove	Leuven BEL	2016.06.20	17.3
tgJazBfD	Carlsen Inv Prelim	chess24.com INT	2020.04.30	7.3
Ho4qRrGM	GCT Blitz Paris 2016	Paris FRA	2016.06.12	18.5
laqA9Ewe	5th Classic KO 2013	London ENG	2013.12.14	1.4
OQGpSLnR	Linares Anibal op 03rd	Linares	1996.??.??	?
By313x9L	Alekhine op	Moscow	1996.??.??	6
CZu72Xw8	Jurmala	Jurmala	1985.??.??	4
go1P72e8	FSGM May 2018	Budapest HUN	2018.05.09	4.1
jzay5imM	Gibraltar Masters 2018	Caleta ENG	2018.01.31	9.11
boorxN7C	EU-chT (Men) 17th	Novi Sad	2009.10.22	1
HDAHTpBW	FRA-chT Top 16 GpA	France	2008.04.11	5
PWHPk4MO	TCh-SVK 2017-18	Slovakia SVK	2018.01.06	7.4
V7TcSe23	World Rapid 2018	St Petersburg RUS	2018.12.28	12.1
cu3ty9V3	3rd Norway Blitz 2015	Stavanger NOR	2015.06.15	6.2
fLC3Vu4B	6th Norway Chess 2018	Stavanger NOR	2018.06.02	5.1
oW0O0nCK	Grand Slam Final 1st	Bilbao	2008.09.03	2
wfuJE4T3	Grand Slam Final 1st	Bilbao	2008.09.10	8
rAw3PyPT	PCA-World Championship	New York	1995.09.28	11
PuaeVwTM	Grand Slam Final 1st	Bilbao	2008.09.05	4
b5RQMwtm	Miskolc m	Miskolc	2008.05.28	1
hn0bFhzX	Nanjing Pearl Spring 2nd	Nanjing	2009.10.06	8
x1VZZFbZ	Airthings Masters Prelim	chess24.com INT	2020.12.28	9.1
FTyFx8SH	Linares 15th	Linares	1998.03.02	8
P5o19M3P	GCT Blitz YourNextMove	Leuven BEL	2018.06.16	15.2
b6CuuKY4	Horgen	Horgen	1995.10.30	9
8vyEH37u	Global Chess League 2023	Dubai UAE	2023.06.30	9.1
yidLylju	FIDE World Cup 2019	Khanty-Mansiysk RUS	2019.10.04	7.10
iflTXAXo	82nd Tata Steel GpA	Wijk aan Zee NED	2020.01.11	1.6
1L7gqmzr	Cap d'Agde final	Cap d'Agde	1994.??.??	7.3
N6M46fCg	6th London CC Elite Blitz 2014	London ENG	2014.12.08	6.2
5Iniq5nv	Saint Louis Blitz 2017	Saint Louis USA	2017.08.17	7.5
4B7v6HKF	Amber-rapid 18th	Nice	2009.03.25	10
cZ3BI1JQ	Amber-rapid 06th	Monte Carlo	1997.??.??	2
cvt5xBCA	Linares 19th	Linares	2002.03.10	14
bSSpuHcn	Nalchik FIDE GP	Nalchik	2009.04.27	11
mN2B3VOR	Chess Classics f	Frankfurt	1997.??.??	3
ieFmKou0	Wch Blitz 5th	Moscow	2009.11.18	42
qYPWnDI1	Las Palmas	Las Palmas	1996.12.17	7
XtUjOnb3	World Championship 28th	Reykjavik	1972.08.10	13
phrIplqa	7th Hainan Danzhou GM	Danzhou CHN	2016.07.13	6.1
W6c5ooTa	Online Olym Div Top-D	Chess.com INT	2020.08.21	3.1
PBhWlst8	Julius Baer GenCup KO	chess24.com INT	2022.09.25	3.21
mbcAHVLf	Crete m g/5	Crete	2003.09.23	1
L8nm2ts4	Crete m g/5	Crete	2003.09.23	3
TEIQrmsQ	Los Angeles Metropolitan 26th	Los Angeles	2013.05.09	3
68DOkjve	Warsaw AIG Life rapid qf3	Warsaw	2002.12.22	2
5cfpqqMY	23rd Voronezh Master Open	Voronezh RUS	2019.06.19	7.7
px8HGod2	Hastings 8586	Hastings	1985.??.??	1
qJ5VidxJ	Corus	Wijk aan Zee	2001.01.17	4
CsDFbRZ2	Sarajevo Bosnia 30th	Sarajevo	2000.05.27	10
1L0VOFLR	Gambitmatch/5+6	ICCF	2005.07.10	?.1
PIhqtCMK	October Revolution 60	Leningrad	1977.07.02	7
z19nnoRJ	Buenos Aires ol (Men)	Buenos Aires	1978.11.01	7
pf0Jpldu	TCh-CRO Final 2014	Bol na Bracu CRO	2014.05.15	2.3
FoIbcSTJ	AEAC TT/3/24-1 (ESP)	ICCF	2024.12.31	?
EIdkUe9k	74th ch-RUS 2021	Ufa RUS	2021.10.09	1.2
YB06MhkY	ROM-80 (ROU)	ICCF	2005.03.20	?
7cysJ3kq	Villarrobledo op	Villarrobledo	1997.??.??	2
mE2jNMQu	European Hybrid Qual 2021	Tornelo INT	2021.05.26	2.1
1bQfoIoP	European Blitz 2018	Skopje MKD	2018.12.07	15.24
ydHMAogG	Internet Section 07A g/8'+2	Dos Hermanas	2004.03.07	4
TAQZz5wW	Nice ol (Men) qual-A	Nice	1974.06.11	5
LnGKRbex	GEO-ch KO 3rd-4th place 67th	Tbilisi	2008.03.31	5.4
l8Za6kST	Monarch Assurance 14th	Port Erin	2005.09.29	6
MJmU8LSv	Donner Memorial	Amsterdam	1995.??.??	8
hpxa6gur	68th ch-HUN 2019	Budapest HUN	2019.12.17	3.2
vHL6kHy5	Biel Interzonal	Biel	1993.??.??	6
QMCg8RaT	St Petersburg	St Petersburg	1997.04.22	6
0sgI0jN7	World Rapid 2018	St Petersburg RUS	2018.12.28	11.32
5beIuTeM	Mark Dvoretsky Mem 2019	Moscow RUS	2019.12.11	7.3
mEcRI1WJ	14th Teplice Open 2019	Teplice CZE	2019.06.23	9.3
XQAAiVnv	2nd UzChess Cup Masters	Tashkent UZB	2025.06.24	6.2
BWRI2K3h	45th Olympiad 2024	Budapest HUN	2024.09.15	5.5
EHS0bMwn	FIDE Grand Swiss 2023	Douglas IOM	2023.11.05	11.9
vVWmIzZl	92nd ch-FRA TB 2017	Agen FRA	2017.08.27	3
4BPqtTPR	Pardubice Czech op 22nd	Pardubice	2011.07.30	9
t4N1w0IR	TCh-HUN 2013-14	Nagykanizsa HUN	2013.10.20	3
SG6jG0qZ	Rubinstein Memorial 09th	Polanica Zdroj	1971.08.24	8
zOzTChVm	World Championship	Sofia	2010.04.27	3
nklcvdUz	World Championship	Sofia	2010.05.04	8
rH6QFqUl	22nd European Teams	Batumi GEO	2019.11.02	9.2
AuvyugEv	Dortmund SuperGM	Dortmund	2000.07.16	9
hm6HFb46	Chess.com Rapid Wk8 Swiss	chess.com INT	2022.04.02	3
aXuPXQYP	Cap d'Agde-B	Cap d'Agde	2000.??.??	3
9LY1eV6m	USA tt	ICC INT	2007.10.03	6
7dOkAosl	American op 37th	Los Angeles	2001.11.23	4
H5Le04m4	URS-ch FL	Tbilisi	1973.??.??	4
5GSekfQ5	RUS-chT 19th	Sochi	2012.04.11	3
4bOWOw6O	FIDE World Cup	Khanty-Mansiysk	2011.09.19	7.4
7jG0dVD5	Tashkent FIDE GP 2014	Tashkent UZB	2014.10.24	4.2
pnDTcz9r	Amber-blindfold 11th	Monte Carlo	2002.03.19	4
ofsPXkAy	Grand Slam Final 5th	Sao Paulo/Bilbao	2012.09.24	1
yvciu286	2nd Norway Chess 2014	Stavanger NOR	2014.06.04	2.3
Qaiclqw2	Istanbul ol (Men) 40th	Istanbul	2012.09.01	5.1
QhBGQ2uF	YUG-ch	Novi Sad	1995.??.??	?
CMYImCB9	Budapest Spring op 17th	Budapest	2001.03.19	4
MKfCG0bi	Forli op	Forli	1995.??.??	?
OUPoE37F	World Rapid 2019	Moscow RUS	2019.12.26	3.64
PUWtje3x	Dortmund 25th	Dortmund	1997.07.10	6
B5UTc6Yf	Teeside	Teeside	1975.??.??	4
DzzpzOty	National op	Las Vegas	1997.??.??	3
pJWR5s5P	Berliner Sommer 12th	Berlin	1994.??.??	?
cVf6VIXI	World Cup	Barcelona	1989.03.??	15
uBAoPC8c	Turin ol (Men) 37th	Turin	2006.06.03	12
AXvPLIWT	EU-Cup 22nd	Fuegen	2006.10.13	6.1
ZrFEH3Gu	FIDE World Cup 2021	Krasnaya Polyana RUS	2021.07.20	3.4
05WoYxG5	Amber-rapid 12th	Monte Carlo	2003.03.25	9
9IrjQQ5j	FIDE World Cup	Tromso	2013.08.18	3.2
5XSDLO37	FIDE World Blitz 2014	Dubai UAE	2014.06.19	7.9
XzKrlUdu	8th Danzhou Super GM 2017	Danzhou CHN	2017.07.16	7.1
9pBoNvto	World Blitz 2017	Riyadh KSA	2017.12.30	17.15
VDJzs2Av	Eurasian Blitz Chess Cup	Almaty KAZ	2016.06.19	17.6
exxEVPSs	Tal Memorial Blitz 2016	Moscow RUS	2016.09.25	3.5
tQyRJ081	FIDE World Blitz 2013	Khanty-Mansiysk	2013.06.10	30
EfMItMKQ	Paris Immopar rapid	Paris	1992.??.??	4
wcG5zPuX	Uva Four player KO 2014	Caxias do Sul BRA	2014.03.07	2.2
gWn3kVJY	77th Tata Steel GpA	Wijk aan Zee NED	2015.01.10	1.4
KrzsL4lk	Carlsen-Ding Showdown G5	Saint Louis USA	2017.11.14	10
kUb6boAH	Korinthos m	Korinthos	2002.05.14	5
N5Db8w7M	GRE-GER m	Corfu	1999.10.12	1
uyiiJtFE	Bratislava Slovan op	Bratislava	1994.??.??	?
rjZQodXD	IBM-B	Amsterdam	1980.??.??	?
r38N7EGH	2nd Sinquefield Cup 2014	Saint Louis USA	2014.08.31	5.2
EefOQxVw	PRO League Group Stage	chess.com INT	2018.02.03	4
Myavvaep	GCT Rapid Paris 2021	Paris FRA	2021.06.19	4.2
JH3nfRy6	Saint Louis Blitz 2019	Saint Louis USA	2019.08.14	18.1
yRa2ogl3	chess.com Speed 5m+2spm 2017	chess.com INT	2018.01.03	4.1
lt2xJsC3	World Blitz 2017	Riyadh KSA	2017.12.29	1.11
ZIhKPiDn	World Blitz 2018	St Petersburg RUS	2018.12.29	3.13
sTqLK2sC	World Rapid 2017	Riyadh KSA	2017.12.27	9.11
9RUunGwr	Gibraltar Masters 2018	Caleta ENG	2018.01.31	9.2
mxIZfrVV	IMSA Basque 2016	Huai'an CHN	2016.03.03	4.6
nzHbJgi4	PRO League Group Stage	chess.com INT	2018.02.03	4
1dtQVa1t	FIDE Chess.com Grand Swiss	Douglas ENG	2019.10.15	6.13
3zSqkntu	FIDE World Blitz 2014	Dubai UAE	2014.06.19	3.23
b5gywWd7	Sigeman & Co 05th	Malmo	1997.06.10	1
sIwwk4cb	Vugar Gashimov Mem 2014	Shamkir AZE	2014.04.30	10.2
PxvKsHlR	Carlsen Tour Final	chess24.com INT	2020.08.09	1.17
A5DeW6cG	11th London Classic 2019	London ENG	2019.12.04	1.6
P4h7dWMe	Zurich CC Blitz 2014	Zurich SUI	2014.01.29	2.3
neBGtmkO	8th London Classic 2016	London ENG	2016.12.12	4.2
LEgxrWsm	Saint Louis Blitz 2017	Saint Louis USA	2017.08.18	16.2
mm08pfta	45th GM 2017	Dortmund GER	2017.07.21	5.3
HwZpBjzc	GCT Blitz Paris 2017	Paris FRA	2017.06.25	18.2
tvdeGwPa	2nd IMSA Basque 2017	Huai'an CHN	2017.12.14	2.1
22wC3oCc	GCT Blitz Paris 2018	Paris FRA	2018.06.24	13.4
uTqcbiBO	BL2-Ost 0809	Germany	2009.03.01	7.1
c6AJQU34	New York op	New York	1986.??.??	?
IHoWn5Q5	Sonnevanck 3rd	Wijk aan Zee	1993.??.??	9
9Gv6ZcCd	ch-ESP Rapid 2023	Linares ESP	2023.08.19	3.3
x1LIXL4e	Chessable Masters Final	chess24.com INT	2020.06.27	1.22
OKR1F36e	PRO League KO Stage 2017	chess.com INT	2017.03.25	4.7
fr1ZThDA	Cap d'Agde Karpov qual	Cap d'Agde	2012.10.26	2
WIE464ge	Beijing Sportaccord blitz	Beijing	2012.12.17	15
elAHlh65	Beijing Sportaccord blitz	Beijing	2012.12.16	3
UUCz77K8	Moscow Tal Memorial 7th Blitz	Moscow	2012.06.07	8
e6Xd8DW4	Saint Louis Blitz 2019	Saint Louis USA	2019.08.13	3.5
2KOQWWMm	CCT Final KO 2023	Toronto CAN	2023.12.13	1.14
mITzh5mn	SportAccord Blitz 2014	Beijing CHN	2014.12.13	20.1
H4jHyuTK	chess.com Speed 1m+1spm 2018	chess.com INT	2018.10.11	2.31
n8Whokp2	chess.com Speed 5m+1spm 2018	chess.com INT	2018.09.07	1.5
kvS4RZiB	FIDE Candidates	London	2013.03.27	10
zLxWOn3b	Amber-rapid 17th	Nice	2008.03.17	3
BOggPwHI	Moscow Tal Memorial Blitz	Moscow	2008.08.29	10
fIrc1Xtg	Bundesliga 0001	Germany	2001.04.28	14.1
99ICWf7Y	New York op	New York	1994.??.??	6
7DxBFUgU	Malaga op 3rd	Malaga	2000.03.04	9
wg1G4O5G	GER-ch g/5 Internet 1st	playchess.com INT	2003.02.22	19
g8KJ6oux	Benidorm Bali	Benidorm	2003.11.27	2
ofhwtIyL	Martinenc	Martinenc	2001.01.08	1
hnuSWQPv	FICGS__CHESS__THEMATIC_TOURNAMENT__0002	FICGS	2023.10.08	1
YyWSwonf	Ostend op	Ostend	1991.??.??	4
5wGOFFw8	GER-ch 75th	Hoeckendorf	2004.02.07	9
0KReVviw	Bundesliga 9192	Germany	1991.??.??	?.4
xGpdhYfK	Groningen op	Groningen	1991.??.??	4
7SGoZIwO	Namestovo	Namestovo	1987.??.??	5
2KmiBsxn	76th Tata Steel Masters	Wijk aan Zee NED	2014.01.12	2.1
ZRwBIahf	Airthings Masters Prelim	chess24.com INT	2022.02.20	7.6
ZyWe7lgX	Moscow Tal Memorial Blitz	Moscow	2008.08.30	19
VLILl96O	Amber-rapid 17th	Nice	2008.03.25	9
w9NNfBQa	Tata Steel Challengers	Wijk aan Zee NED	2014.01.16	5.6
OocJfK2y	Sarajevo Bosnia 30th	Sarajevo	2000.05.29	11
STAgbnIO	Julius Baer Gen Cup P/I m D3	chess.com INT	2024.09.26	1.2
LnZqFeek	FIDE World Rapid Team	Almaty KAZ	2024.08.02	2.3
JJ5QCa50	FIDE World Rapid 2014	Dubai UAE	2014.06.16	4.36
MFc0PGxf	Cap d'Agde Karpov KO	Cap d'Agde	2012.11.03	2.7
3MDsmEHZ	Chess.com RCC Wk22 Swiss	chess.com INT	2022.07.23	2
hpb78qez	Chess.com RCC Wk13 Swiss	chess.com INT	2022.05.07	1
MTle7B8T	Biel SKA	Biel	1991.??.??	7
dMnbz8iD	ROM-80 (ROU)	ICCF	2005.03.20	?
v9RTLQXa	Manila	Manila	1973.11.03	13
78XDCmwO	Athens Acropolis	Athens	2003.09.02	9
2U3eujnN	Arcapita op	Manama	2009.01.30	6
CNJzTth9	RUS-Cup9	Novgorod	1997.06.11	1
SCyKYrbO	WchT 3rd	Luzern	1993.??.??	2
9ZCqmRcI	TCh-ISR 2018	Israel ISR	2018.01.19	3.2
K0c7AisH	Wch Rapid	Khanty-Mansiysk	2013.06.07	7
sXNnuXvp	Tilburg	Tilburg	1993.??.??	3
ulc16bUe	Manila ol (Men)	Manila	1992.??.??	?
AroqNjVx	Viernheim	Viernheim	1992.??.??	3
5ZB9C9Lv	Benasque op 16th	Benasque	1996.??.??	6
SPNBJbuo	GMA Baleares op	Palma de Mallorca	1989.??.??	8
psoE0h1J	Wch Rapid	Khanty-Mansiysk	2013.06.06	3
GL4mCqr0	Biel SKA	Biel	1991.??.??	1
56NQ9Q2E	SUI-chT	Switzerland	2011.10.23	9.4
hBYykqe1	FTX Crypto Cup 2022	Miami USA	2022.08.19	5.6
EnEP4olR	7th Norway Armageddon	Stavanger NOR	2019.06.04	1.2
ooZB52FE	Amber-blindfold 20th	Monte Carlo	2011.03.19	7
zLwmKaNR	GCT Blitz Paris 2019	Paris FRA	2019.07.31	7.4
yjZ6vlmU	chess.com Speed 2019	chess.com INT	2019.10.02	1.28
ggK6XYcl	SportAccord Rapid Men 2013	Beijing CHN	2013.12.12	3.4
HEymWx8R	Moscow Tal Memorial 8th Blitz	Moscow	2013.06.12	5
uLXxmgQ6	Carlsen Inv Prelim	chess24.com INT	2020.04.30	7.2
3LYUswaZ	Wch Blitz 5th	Moscow	2010.11.17	18
8x50KhzS	World Blitz 2018	St Petersburg RUS	2018.12.30	16.4
iHhmOeaM	2nd IMSA Blitz 2017	Huai'an CHN	2017.12.13	20.3
AE2kL5DU	World Blitz 2017	Riyadh KSA	2017.12.30	20.11
VP8vPryV	World Blitz 2019	Moscow RUS	2019.12.29	9.34
XiXvbI2h	GRE-chT 36th	Kallithea	2008.07.09	6.1
jPxo5pjN	Karpov Trophy Final 2019	Cap d'Agde FRA	2019.10.31	1.5
jkhKhJeb	Indonesia	Indonesia	1983.??.??	2
5f7F3DaV	Corus	Wijk aan Zee	2005.01.20	5
2HCWixJB	Moscow Tal Memorial 3rd	Moscow	2008.08.25	7
jzObiRRd	Moscow Tal Memorial Blitz	Moscow	2008.08.30	24
HuBQbKrV	86th Tata Steel Masters	Wijk aan Zee NED	2024.01.28	13.3
aS5pXdGI	Chess.com Rapid Wk3 Swiss	chess.com INT	2022.02.27	3
JPo4Au7q	2nd Hua Yi Cup CHN Rapid	Shaoxing CHN	2023.05.30	3.3
oVzLbCtV	Dubai Police Open A 2024	Dubai UAE	2024.05.08	5.19
pRRzVcb7	Bayern-chI Bank Hofmann 13th	Bad Wiessee	2009.11.06	8
k0as4oSb	Saint Louis Rapid 2019	Saint Louis USA	2019.08.11	5.1
fCfkKThN	World Rapid 2019	Moscow RUS	2019.12.27	6.1
ChKPeXAN	NIC Classic KO 2021	chess24.com INT	2021.04.30	2.23
Kqjmvhec	Clutch-ch June	Lichess.org INT	2020.06.13	3.3
r64ZEwks	chess.com Blitz Final 5m+2spm 2016	chess.com INT	2016.10.27	2
cuPpPeTg	chess.com Blitz Final 5m+2spm 2016	chess.com INT	2016.10.27	4
bibZgIe7	Clutch-ch June	Lichess.org INT	2020.06.12	2.10
8BLUTVtm	Clutch-ch June	Lichess.org INT	2020.06.11	2.1
oHBoHXip	Chessable Masters Winners	chess.com INT	2025.02.21	5.2
PlxUzM5V	Meltwater Tour Final 2021	chess24.com INT	2021.10.04	9.1
ybRzmZEl	chess.com SF Blitz 5m+2spm 2016	chess.com INT	2016.08.23	2
cM7S8u6W	Saint Louis Blitz 2018	Saint Louis USA	2018.08.14	1.1
6znQRbJd	7th Sinquefield Cup TB	Saint Louis USA	2019.08.29	3
5gix7EyS	Vugar Gashimov Mem 2017	Shamkir AZE	2017.04.25	5.2
fjaC8XvY	Amber-blindfold 10th	Monte Carlo	2001.03.23	6
L8ZgEuel	World Blitz 2016	Doha QAT	2016.12.29	11.9
QmRmP8PR	CHN-RUS Summit Men 6th Blitz	Sochi	2009.08.23	6
QyTE9a6L	FIDE Grand Swiss 2023	Douglas IOM	2023.11.02	8.16
BLOUx5E8	chess.com Speed 5m+2spm 2017	chess.com INT	2017.11.18	2.4
CKReTUHL	Amber-blindfold 17th	Nice	2008.03.16	2
3Vbfs9rU	Tal Memorial Blitz 2014	Sochi RUS	2014.11.14	19.3
fj7UaGBu	Gibraltar Masters 2014	Caleta ENG	2014.02.02	6.1
9PX0fUUq	chess.com Speed 5m+2spm 2017	chess.com INT	2017.11.18	2.3
pTzmzFwc	7th Gashimov Mem Rapid	Baku AZE	2021.12.21	6.1
nhRSuZCz	Moscow Tal Memorial Blitz	Moscow	2008.08.29	7
Z1l1U441	EU-ch 12th	Aix-les-Bains	2011.03.28	7
vl5iWdIX	EU-Cup 18th	Kallithea	2002.09.26	5.3
g5q3C1z9	World Championship 35th-KK5	Lyon/New York	1990.10.29	8
lTB6tdvV	World Championship 35th-KK5	Lyon/New York	1990.11.07	12
3onAS2A3	World Championship 35th-KK5	Lyon/New York	1990.12.08	18
taEwiGbr	World Championship 35th-KK5	Lyon/New York	1990.10.24	6
IondEVY9	Goldmoney Asian Rapid KO	chess24.com INT	2021.07.01	2.11
uSWCGDxP	7th London Classic 2015	London ENG	2015.12.10	6.4
6F4cAC8f	chess.com Speed 2019	chess.com INT	2019.11.18	2.1
9VWmkUju	chess.com Speed 2019	chess.com INT	2019.11.18	2.3
GtoaQ61j	SpeedChess Final 2024	Paris FRA	2024.09.08	2.16
sHm6CLeO	China vs World Team 2018	Liaocheng CHN	2018.04.09	9.1
fkAphZeS	21st European Teams	Hersonissos GRE	2017.10.30	3.7
EmpZ2End	IMSA Blitz 2016	Huai'an CHN	2016.02.28	2.2
oeBvelMD	Champions Showdown Rapid	Saint Louis USA	2019.02.21	8.1
CbdCkelj	Amber-rapid 19th	Nice	2010.03.16	4
hsNT0e3A	Corus	Wijk aan Zee	2005.01.29	12
44FximHo	Sarajevo Bosnia 33rd	Sarajevo	2003.05.19	2
miAwWHUZ	Alekhine Memorial	Moscow	1971.11.26	3
BiaAAXRQ	Baku President's Cup 3rd	Baku	2008.05.12	4
BZP1vDkT	TV 2 Chess International	Fagernes NOR	2015.12.27	1.1
roU0dcIc	IBM	Amsterdam	1972.??.??	?
Gnwb7Equ	Berlin ND (Women) fin1 6th	Berlin	2011.11.25	1.2
6nr4bfQD	EU-ch Online 2300+ Qual	Chess.com INT	2020.05.29	8
xqc79nzR	Finkenstein op 16th	Finkenstein	2000.08.18	8
EjukKbHA	AUT-chT2M 1314	Austria	2013.10.05	2.4
6fKuNqIQ	Moscow Tal Memorial 2nd	Moscow	2007.11.13	4
SuSMqtro	ESP-chT semifinal	Motril	2008.11.01	1.2
WqESX0kc	Mainz Ordix op 17th	Mainz	2010.08.08	11
NDhfWgaP	EU-Cup 25th	Ohrid	2009.10.10	7.2
aCtpO9av	Amber-rapid 18th	Nice	2009.03.17	4
KWie0mft	Tal Memorial 8th	Moscow	2013.06.15	3
BmSgoRfp	Wch Blitz 3rd	Moscow	2007.11.21	19
MqmVhY9M	World Cup	Khanty-Mansiysk	2007.12.04	4.2
YHy2TgA6	World Cup	Khanty-Mansiysk	2007.11.30	3.1
dlK0zSij	RUS-chT	Dagomys	2008.04.09	7
bf0BciQJ	Wch Blitz	Astana	2012.07.09	15
zV6aSOc3	Linares 20th	Linares	2003.03.03	9
chjK8k1p	Beijing Sportaccord blindfold	Beijing	2012.12.18	1
9UWjdcLN	USA-ch	New York	1972.??.??	12
ZAP5BgWC	Banja Luka	Banja Luka	1976.??.??	10
0F489tQC	Neskaupstad	Neskaupstad	1984.??.??	?
N71h6FQ8	USA-ch	Oberlin	1975.??.??	8
wnRmTXS5	Amber-rapid 20th	Monte Carlo	2011.03.24	11
7N6yOHW7	Corus	Wijk aan Zee	2005.01.18	4
wewn6eSJ	Linares 21st	Linares	2004.02.20	2
n5w2YkaE	ch-ISL 2015	Reykjavik ISL	2015.05.21	8.5
ejS4RzCa	Bundesliga 8485	Germany	1985.??.??	?.1
LKKjCd1z	AUT-chT2M 1011	Austria	2010.10.17	2
H7mHTo1i	SWE-ch	Uppsala	1985.??.??	?
rVfIWvaW	PCA/Intel-GP	Paris	1995.11.12	3.2
9G11rfbw	Linares 15th	Linares	1998.03.07	12
VactTccE	Bucharest m	Bucharest	2006.04.09	4
vyAoiI5x	Moscow Tal Memorial Blitz	Moscow	2008.08.30	27
sjcEZl2b	Internet Chess Club m1 g/5'	ICC INT	1999.12.06	?
AmdcC6kW	FIDE Grand Prix 1 Pool B	Berlin GER	2022.02.06	3.1
jZnnsEyF	Corus	Wijk aan Zee	2005.01.29	12
EK0NguF4	Wydra Memorial rapidplay	Haifa	2000.02.05	10
94zwrpgL	World Rapid 2021	Warsaw POL	2021.12.28	12.7
BAnmInq2	85th Tata Steel Masters	Wijk aan Zee NED	2023.01.29	13.2
7BporOT0	Magnus Carlsen Inv Prelim	chess24.com INT	2021.03.14	8.8
wJOHkwSO	Opera Euro Rapid Prelim	chess24.com INT	2021.02.08	11.1
6Hc10rv8	Manila	Manila	1974.??.??	14
o54FWPP3	19th Asian Continental	Delhi IND	2022.10.28	3.17
DGyMJ17X	Piloo Mody op	Lucknow	2004.10.02	2
rS7mQD8V	Lone Pine op	Lone Pine	1976.03.13	7
0bUbcWUf	Leon Man+Comp m playoff	Leon	1998.06.12	7
CSNIpIEw	Amber-blindfold 15th	Monte Carlo	2006.03.28	9
e2uWflB8	FRA-chT Top 16 GpA	France	2009.03.21	2
YEUGJEUq	Tirnavia	Trnava	1985.??.??	3
6rOB8SvQ	Kasparov Cup	Moscow	1997.??.??	?
9oRca9Qd	Superbet Rapid 2023	Warsaw POL	2023.05.23	7.2
GKLfMwDt	chess.com Junior Speed	chess.com INT	2019.07.09	2.2
xxffSGH6	22nd European Teams	Batumi GEO	2019.10.28	5.8
28OUnatD	FIDE World Cup	Tromso	2013.08.12	1.2
ndFDKsD6	World Cup	Reykjavik	1988.10.??	12
HYzR9dos	RUS-ch Superfinal 61st	Moscow	2008.10.13	9
Q3JhRYYP	Hastings 7576	Hastings	1976.01.10	11
9FdPFMMR	Beijing Sportaccord blitz	Beijing	2012.12.17	11
NFX5RTL7	Bundesliga 9697	Germany	1997.??.??	?.1
RU8JwMtF	FRA-chT Top 16 GpB	Cannes	2005.04.01	5
2V7oQPhs	USA tt	ICC INT	2009.10.12	7
PvOayehL	Oslo Esports Cup 2022	Oslo NOR	2022.04.24	3.3
jQIgJySC	GCT Rapid YourNextMove	Leuven BEL	2016.06.18	6.3
YPV0LyXo	Dortmund SuperGM	Dortmund	2001.07.18	6
3yR2Nrrb	World Championship	Brissago	2004.10.16	13
rNyhNVgo	6th Hainan Danzhou GM	Danzhou CHN	2015.07.06	5.2
iBjAFGcK	Capechecs Online Trophy A	Europe-Chess INT	2020.10.24	14
1Btfv3BN	16th Asian Continental	Chengdu CHN	2017.05.16	5.9
buVZtzJv	TCh-AUT 2022-23	Austria AUT	2022.11.05	3.6
JGFj2xGS	USA op	USA	1990.??.??	?
7GfA39TS	FSGM July 2014	Budapest HUN	2014.07.13	8.3
Ul5CS3SK	5th Cesme Open 2017	Cesme TUR	2017.06.13	3.5
4NaT54Cm	World Junior Open 2016	Bhubaneswar IND	2016.08.17	9.5
aadGNpAZ	2nd Norway Chess 2014	Stavanger NOR	2014.06.03	1.2
xEIGG3HX	Bundesliga 2014-15	Hamburg GER	2015.02.22	11.5
w8a6jQG9	EU-ch 10th	Budva	2009.03.17	11
za73hqM8	TCh-POL Ekstraliga 2014	Wroclaw POL	2014.09.05	4.1
TeW5cow0	BIH-chT	Vogosca	2007.06.08	7
L9O43Ja4	CL/2024/B3	ICCF	2024.02.25	?.2
cAikpjHi				
OuvqKvp7				
t2WSWBJt				
CoZcggJU	WchT 8th	Ningbo	2011.07.21	5
jzmvInkl	WchT 7th	Bursa	2010.01.12	8.2
PisToFnp	Moscow Aeroflot op-A 11th	Moscow	2012.02.11	5
8ymElv2m	7th Norway Chess 2019	Stavanger NOR	2019.06.04	1.1
XlLAVucw	Croatia GCT 2019	Zagreb CRO	2019.06.27	2.1
0fMAsGzz	London rapid m	London	1993.??.??	3
VpSVrAEE	Dortmund SuperGM	Dortmund	2010.07.21	6
t5BSAwQT	Chess.com RCC Wk22 Swiss	chess.com INT	2022.07.23	4
HIGsV7bZ	Dortmund 25th	Dortmund	1997.07.07	4
g3QRNNvW	Wch Blitz 5th	Moscow	2010.11.16	9
guvoS5LI	Moscow Tal Memorial Blitz	Moscow	2008.08.30	29
bM01pnce	Hoogovens op	Wijk aan Zee	1995.01.??	10
VNJyLN4k	Rubinstein Memorial 34th	Polanica Zdroj	1997.08.21	3
17zTuOmh	IMSA Basque 2016	Huai'an CHN	2016.03.02	3.6
iEljpF04	RUS-chT	Dagomys	2008.04.13	11
q27TMiC6	Bled ol (Men)	Bled	2002.11.02	8.1
Y8I7BWZq	EU-ch 6th	Warsaw	2005.07.01	13
mFxX7lqj	Dos Hermanas	Dos Hermanas	1996.05.26	5
ComfWova	Linares 11th	Linares	1993.??.??	4
4uyQn8Ip	Dortmund	Dortmund	1992.??.??	1
vjvjNmeA	Reggio Emilia-A 9192 34th	Reggio Emilia	1992.??.??	3
1ycfOQ5c	Corfu	Corfu	1995.??.??	1
QQA9J0jo	Jantar Baltyku op-A	Poland	1998.??.??	?
WdnrkinK	HUN-ch	Budapest	1976.12.10	7
Od9zL2hU	CSR-ch	Frenstat	1982.??.??	17
RAaoD4md	51st Biel GM 2018	Biel SUI	2018.07.31	9.1
VG4RGLr6	chess.com Blitz Final 1m+1spm 2016	chess.com INT	2016.10.27	18
zYEeVmVP	12th Sinquefield Cup	Saint Louis USA	2025.08.26	8.1
vMs4dA9Z	Chess24 Banter Blitz Cup	chess24.com INT	2020.01.07	2.14
V6p1wh9m	EU-ch playoff Bronze 5th	Antalya	2004.05.30	4
fFMxCK7M	Mar del Plata	Mar del Plata	1982.??.??	?
SHZcNkJK	Tuapse Rapid Open 2021	Tuapse RUS	2021.07.06	5.1
9VugRLS1	Moscow Tal Memorial 7th Blitz	Moscow	2012.06.07	6
uYI2AWLC	4th Zurich CC Blitz	Zurich SUI	2015.02.13	5.2
1efoOFwE	4th Zurich CC Blitz	Zurich SUI	2015.02.13	2.3
Gl1gTQWR	Tata Steel-A 73rd	Wijk aan Zee	2011.01.16	2
UdAbtuZ5	chess.com Speed 5m+2spm 2017	chess.com INT	2017.10.24	2.9
KqhjVWlH	chess.com Speed 1m+1spm 2017	chess.com INT	2017.10.24	2.21
8ZfYYL0G	Amber-rapid 20th	Monte Carlo	2011.03.12	1
3QMTxa4Z	World Blitz 2019	Moscow RUS	2019.12.29	5.13
ge9kV7s2	FIDE World Blitz 2014	Dubai UAE	2014.06.20	20.23
SJOrlVVV	Dresden ol (Men) 38th	Dresden	2008.11.13	1
EHn2op3x	World Rapid 2016	Doha QAT	2016.12.26	1.32
yKLtYxkq	FRA-chT Top 16 GpB	Cannes	2005.03.31	4
mfVF4LGB	Champions Showdown Blitz	Saint Louis USA	2019.02.24	19.5
BGltTnFn	TCh-SRB Premier 2014	Palic SRB	2014.09.07	9.1
gaqFaRQD	Moscow Aeroflot op-A 10th	Moscow	2011.02.15	8
c94JjrP8	New York op	Newark	1995.??.??	4
REMM4IFB	Moscow Tal Memorial 8th Blitz	Moscow	2013.06.12	3
lSOJOh4l	RUS-ch Higher League 66th	Yekaterinburg	2013.06.29	9
pMkmuvSP	Dos Hermanas Internet f 6th	ICC INT	2005.03.26	2.1
LuXkuQ72	Amsterdam	Amsterdam	1982.??.??	8
1ziWLQpT	Kolkata op 4th	Kolkata	2009.09.06	6
wKkeKXtb	Gibraltar Masters 10th	Caleta	2012.01.29	6
BjuBPqve	Qatar Masters Open 2015	Doha QAT	2015.12.21	2.24
gzvQ0lBu	Capablanca Memorial Elite 34th	Havana	1999.05.07	1
BfuoQWRM	RUS Rapid GP Serpukhov	Serpukhov RUS	2018.02.23	2.14
GSe0caN1	Capablanca Memorial-B	Cienfuegos	1985.??.??	9
04pQKyFc	Ankara Campomanes Memorial IM	Ankara	2010.05.21	10
bXT9H1qT	71st ch-MNE 2019	Podgorica MNE	2019.05.21	4.8
dfewD52A	Wch Blitz 5th	Moscow	2010.11.16	3
qVCSgalU	Moscow PCA-Intel qual	Moscow	1995.??.??	9
2NTWEbSx	US Collegiate Rapid	Lichess.org INT	2020.09.26	8
TrnpMDom	RUS-ch Higher League 66th	Yekaterinburg	2013.06.24	5
SxBJfJ0U	Wch Blitz 3rd	Moscow	2007.11.21	10
5fbOpVzL	ESP-chT Honor Gp1	Cala Mayor	2008.09.03	1
tuFWVK1Z	FIDE World Blitz 2014	Dubai UAE	2014.06.20	16.8
wl519q0X	WchT 7th	Bursa	2010.01.13	9.4
olBtjEei	Pfalz op 01st	Neustadt an der Weinstrasse	2008.02.18	4
UfeTwXHo	FIDE-Wch k.o.	Groningen	1997.12.11	2.1
6ovn2Pl2	EU-ch 7th qual	Kusadasi	2006.04.16	2.5
Q9aufomI	41st Olympiad Open 2014	Tromso NOR	2014.08.05	4.3
dpghlrk0	Corus	Wijk aan Zee	2000.01.22	6
ujN8M5lk	Linares 16th	Linares	1999.02.26	5
TVgQu2Z0	Zuerich Kortschnoj-A	Zuerich	2001.04.28	1
JGlVgsA9	TCh-TUR Super League 2025	Ankara TUR	2025.08.13	12.38
shlTepyM	IMSA Blitz 2016	Huai'an CHN	2016.02.28	7.8
qARhwqtB	WchT 7th	Bursa	2010.01.06	2.1
dowK9Ygg	FIDE-Wch k.o. g/25+10	Las Vegas	1999.08.14	5.3
NPIUyncQ	Mainz Ordix op 17th	Mainz	2010.08.08	11
LrK2Rjrm	Mainz Ordix op 17th	Mainz	2010.08.08	9
mldVEU4Z	Marrakesh op 1st	Marrakesh	2010.06.29	6
A0blWoqp	World Rapid 2015	Berlin GER	2015.10.10	2.54
Qd4ESLqW	Voronezh m	Voronezh	2003.06.14	3
wBetGeDm	Moscow Rector Cup	Moscow	2006.07.05	5
iNTYKWYP	Bulgaria	Bulgaria	1985.??.??	?
Zxby2YsV	Buenos Aires tt	Buenos Aires	1996.??.??	2
Y1LVxlka	WchT 2nd	Luzern	1989.??.??	?
qiIvwqLA	Biel	Biel	1982.??.??	8
OmmCytiq	Oslo op	Oslo	1994.??.??	4
sVV7uscb	URS-ch42	Leningrad	1974.??.??	1
NQWdUfVJ	Moscow 07	Moscow	2009.07.13	1
U7BCl7Nq	EU-ch U18	Budva	2003.09.15	3
2KLysHHb	CM.1999.0.00065	IECG	1999.??.??	?
0OLG0iCB	Val Maubuee op	Val Maubuee	1988.??.??	?
Dr4AUcDk	Levitov Chess Week Blitz	Amsterdam NED	2019.08.03	7.2
jxT9VSc8	Moscow Piterenka rapid	Moscow	2012.12.29	4
TMBv17uT	chess.com Speed 1m+1spm 2017	chess.com INT	2017.10.24	2.26
yiabGQIK	Malaga	Malaga	1981.??.??	6
yXeGYzBz	BUL-chT-A 62nd	Sunny Beach	2012.09.21	3.2
PWrAB1jc	USA tt	ICC INT	2009.10.05	6
q1RX0B99	PSC / Puregold Open 2016	Subic Bay PHI	2016.12.13	1.11
0aAr6g4a	TechM GCL 2024	London ENG	2024.10.05	4.3
UARbRchi	RUS/Moscow/20sf (RUS)	ICCF	2012.07.31	?
hUJEP8OQ	Cappelle op 11th	Cappelle la Grande	1995.??.??	9
QJCL1oJ6	Australia op	Australia	1973.??.??	4
LgF88Aqw	QM.2006.0.00093	IECG	2006.04.11	?
6cLJ6egc	Abu Dhabi op 09th	Abu Dhabi	1999.08.29	8
EW65Gy3H	CT23 pr 42	ICCF	2020.09.30	?
YDEOvpBh	WS/M/214	ICCF	2009.05.09	?
gjngnqSV	Leon 19th	Leon	2006.06.09	1.5
efny6kyx	20th Karpov Poikovsky	Poikovsky RUS	2019.06.13	7.1
MtI1Ynqu	58th Biel GM1 Rapid 2025	Biel SUI	2025.07.13	2.1
yP0fW6O6	18th ch-EUR Indiv 2017	Minsk BLR	2017.06.06	7.29
TwPyko0a	Aimchess US Rapid Prelim	chess24.com INT	2021.08.30	13.2
uYWawPva	Croatia GCT 2019	Zagreb CRO	2019.07.05	9.1
8n6wHiK3	14th Balagna Rapid Open	Balagna FRA	2017.05.06	6.1
C5G0KkJn	World Blitz 2018	St Petersburg RUS	2018.12.29	3.66
2Xyxanbe	ISR-chT	Israel	2020.09.05	10.3
NugUAEna	Navalmoral op 13th	Navalmoral	2007.12.07	4
zeadX7lx	SuperUnited Rapid 2022	Zagreb CRO	2022.07.22	7.3
3enEsQEz	Istanbul ol (Men) 40th	Istanbul	2012.09.03	6.1
hZwcgjTU	2nd Sinquefield Cup 2014	Saint Louis USA	2014.08.28	2.3
gokMdciD	Moscow Tal Memorial 6th	Moscow	2011.11.19	4
fTqhr1pA	Moscow Tal Memorial 4th	Moscow	2009.11.14	9
9mbfsjPi	Corus	Wijk aan Zee	2009.02.01	13
vqMzvEqA	Corsica Masters rap 11th	Bastia	2007.10.29	2.3
Y7Gz7Zq8	Battle of the Generations 2013	Moscow RUS	2013.12.03	2
ij6Hkhjk	Amber-rapid 03rd	Monte Carlo	1994.04.05	9
AwUcBYNq	EU-ch 14th	Legnica	2013.05.07	3
USQgtgH6	Corus	Wijk aan Zee	2008.01.15	4
OR7Vdh8p	SportAccord Blitz 2014	Beijing CHN	2014.12.15	21.1
cxgslOGf	Prague Cez Trophy m	Prague	2009.05.27	2
rFBPO8Ah	10th Norway Chess 2022	Stavanger NOR	2022.06.06	6.1
3rLE5msw	Aimchess Rapid KO	chess24.com INT	2022.10.19	2.14
5aoaK6Zh	Chess.com RCC Wk23 Swiss	chess.com INT	2022.07.30	2
abuahRIw	TCh-FRA Top 16 Haute 2024	Chartres FRA	2024.06.07	2.17
4MAfoY8V	EU-Cup 24th	Kallithea	2008.10.20	4
xBl7zuJL	MK Cafe Cup-A	Koszalin	1999.08.04	2
AyWQSStU	EU-ch rapid	Warsaw	2012.12.16	10
bMVfHyZa	Moscow Aeroflot op-A 11th	Moscow	2012.02.10	4
rxBacrkR	Dortmund SuperGM 39th	Dortmund	2011.07.24	4
1RmuEuK7	WchT 7th	Bursa	2010.01.07	3.1
poDbGRgC	Bundesliga 1213	Germany	2012.12.08	5.3
mhq9wLyN	GRE-chT 34th	Ermioni Argolidas	2005.07.09	7
IjBp6fG2	Dortmund	Dortmund	1994.??.??	5
vCWbaKm4	Munich Intel Express blitz '5	Munich	1994.??.??	?
PkbLYSfm	RUS-ch 57th	Moscow	2004.11.27	11
CPPqugVb	ch-Moscow Superfinal 2014	Moscow RUS	2014.01.30	4.5
UxKXq2Bq	Politiken Cup 2014	Helsingor DEN	2014.07.24	5.2
PsVnpN4G	RUS-ch Superfinal 60th	Moscow	2007.12.28	9
cVjYkZZT	Portoroz/Ljubljana	Ljubljana	1975.06.10	8
UaG6vsPT	ch-PER 2017	Lima PER	2017.03.05	9.2
avISXXP6	43rd Olympiad 2018	Batumi GEO	2018.09.24	1.3
70PwUZgp	FTX Crypto Cup 2022	Miami USA	2022.08.19	5.5
atV0IOWF	Zurich CC Rapid 2014	Zurich SUI	2014.02.04	4.3
NZ40pe4e	chess.com Speed 1m+1spm 2017	chess.com INT	2017.11.02	2.24
XZLZoJzs	chess.com Speed 1m+1spm 2017	chess.com INT	2017.12.16	3.24
mFj25TFM	chess.com Speed 5m+2spm 2017	chess.com INT	2017.11.02	2.2
jX3oj3ZO	chess.com Speed 3m+2spm 2017	chess.com INT	2017.11.02	2.10
xYXyrfdh	5th Norway Blitz 2017	Stavanger NOR	2017.06.05	5.5
eJWV9GLe	PRO League KO Stage 2019	chess.com INT	2019.05.06	4
LUEWKWOV	USA-ch	Saint Louis	2012.05.11	4
47YGraVC	Amber-blindfold 07th	Monte Carlo	1998.03.26	11
GDUkbnLK	Zuerich Champions rap	Zuerich	2009.08.23	1
SWh2u5M6	Portuguese Top League	Leiria POR	2017.07.20	5.5
jWj8yaJv	PRO League Group Stage	chess.com INT	2018.02.24	7
zACcZF55	Fortalece Sede Palmira	Palmira COL	2022.12.18	10.5
xO9roFw0	HUN-ch	Budapest	1971.??.??	15
f77xS8o7	EU-ch 12th	Aix-les-Bains	2011.04.01	10
JxGhVKJU	Stari Mikanovci Jaric Memorial	Stari Mikanovci	2008.04.17	6
JCpKjfNM	Dos Hermanas Internet f 8th	ICC INT	2007.03.23	1.5
FDDaddiY	CRO-chT1A 18th	Sibenik	2009.09.22	2
GOrldh2f	TCh-ESP 2nd Div 2017	Linares ESP	2017.08.11	5.5
6Bb07OsO	Moscow Tal Memorial Blitz	Moscow	2008.08.29	6
Oa6EX1wQ	FIDE Grand Swiss 2025	Samarkand UZB	2025.09.08	5.2
BqxaYMMQ	Chess.com RCC Wk19 Swiss	chess.com INT	2022.07.02	4
v82glSlR	Linares 12th	Linares	1994.??.??	2
KH2KZghi	Novosibirsk Region-ch final	Novosibirsk	2008.12.11	7
ahyC2IAi	NC World Masters 2023	Dortmund GER	2023.06.26	1.2
l1J1WUTR	Dortmund	Dortmund	1998.06.28	3
qRoCmRTD	EU-Cup 21st	Saint Vincent	2005.09.21	4.1
eAyKaxnt	Chess.com RCC Wk12 Swiss	chess.com INT	2022.04.30	5
aYRfbVzo	Chess.com Rapid Wk1 Swiss	chess.com INT	2022.02.12	7
SyWF4wbC	Chess.com Rapid Wk2 Swiss	chess.com INT	2022.02.19	1
DBsgmp6T	Chess.com RCC Wk17 Swiss	chess.com INT	2022.06.04	4
11TJfrwX	Bundesliga 2018-19	Dresden GER	2018.12.16	6.8
4hkqopM8	TCh-RUS Blitz 2018	Sochi RUS	2018.10.10	9.2
VLFOyQnv	Asuncion	Asuncion	1992.??.??	6
fpIV1Jjc	Pardubice op	Pardubice	1992.??.??	9
v5oX1uiP	BCF-ch	Southampton	1986.??.??	9
X1rkEpw5	GRE-ch active	Athens	1996.??.??	11
kMc1czvH	chess.com Speed 2019	chess.com INT	2019.10.03	1.14
QwJs9i7P	Amber-rapid 03rd	Monte Carlo	1994.04.04	8
vr7Yn8yJ	73rd Moscow Blitz	Moscow RUS	2019.09.07	5.8
xQXaOXZb	Netanya Riordan	Netanya	2009.07.12	4
L7nX1aF0	Charity Cup Prelim	chess24.com INT	2022.03.22	13.3
qaxqXAfh	Belgrade Investbank	Belgrade	1997.11.17	6
ndTmSX0K	Wch Rapid	Khanty-Mansiysk	2013.06.07	9
Anr0CI26	DEN-ch	Koge	2004.04.04	1.1
V9UEgpuY	62nd TCh-DEN Ex 2024-25	Denmark DEN	2024.11.17	3.2
vWM0TUKD	AUT-chT2M 0203	Austria	2002.10.11	6
x4zTIbAZ	SWE-chT2 0708	Sweden	2008.01.12	4
QH35NsVD	PRO League Stage	Chess.com INT	2020.01.20	3
m3lExkDA	PRO League Stage	Chess.com INT	2020.02.17	7
VxE5m9jF	Haarlem Nova College op-A	Haarlem	2010.07.03	2
w3FbEp4T	European Blitz 2016	Tallinn EST	2016.12.17	10.19
Ohv0GwxF	HUN-chT2 9900	Hungary	1999.10.17	3
ZAVWoiPC	Pardubice Czech op 23rd	Pardubice	2012.07.28	9
Fojs8coM	NED-chT 9596	Netherlands	1995.??.??	?
nQURsIPa	Dieren op	Dieren	1989.??.??	8
w09yEWVw	CCT Final Playoff 2023	Toronto CAN	2023.12.10	3.2
hIT8rr7d	Bundesliga 2017-18	Aachen GER	2018.02.25	10.1
fkqLSF5K	Showdown Blitz 2015	Saint Louis USA	2015.11.15	4
okBhJiQF	WS/M/750	ICCF	2020.01.12	?
WJzOqDrc	WSTT/3/23/S  1	ICCF	2025.02.25	?
AbegcaPo	WSTT/3/23/S  2	ICCF	2025.02.25	?
VJDn0XgY	WSTT/3/23/S  2	ICCF	2025.02.25	?
yAzi5zsw				
AYcNYKvb	Kiev m rap	Kiev	2008.07.06	8
wwkqOPAq	Alekhine Memorial	Moscow	1971.12.08	11
Vc6M8r2S	RUS-ch Higher League 61st	Novokuznetsk	2008.09.07	5
aD03EZoU	EU/C2021/sf  14	ICCF	2021.09.20	?
eQx8kiT3	ESP-chT	Benidorm	1986.??.??	7
LPK79bih	Sixth Regency Masters	Ramsgate	1984.??.??	6
wAkcEMh6	Wch Blitz	Astana	2012.07.09	11
EmdwrDWk	Amber-rapid 14th	Monte Carlo	2005.03.26	7
mQx6Ml8y	Wch Blitz 4th	Almaty	2008.11.08	11
bPXF1xd3	Manaus zt 2.4	Manaus	2013.04.29	4
dWJXtGDc	Alushta Summer 1st	Alushta	2007.06.04	3
uRzb68Kv	3rd Dole Open 2025	Aix-en-Provence FRA	2025.07.20	2.7
3TYWndOb	Clutch-ch June	Lichess.org INT	2020.06.14	3.8
1izZGjZm	Chessable Masters Final	chess24.com INT	2020.06.25	1.11
gETRhsBJ	World Blitz 2017	Riyadh KSA	2017.12.30	21.1
gi52mOLg	Legends of Chess Prelim	chess24.com INT	2020.07.21	1.3
b3tRpnMP	chess.com Speed 2019	chess.com INT	2019.11.18	2.28
Ylscj4zw	SportAccord Blitz 2014	Beijing CHN	2014.12.13	29.1
uF1vJMsG	11th Tal Mem Rapid 2018	Moscow RUS	2018.03.04	8.1
z6ybvGod	Beijing Sportaccord blitz	Beijing	2012.12.16	7
7mZEHWkN	Vugar Gashimov Mem 2015	Shamkir AZE	2015.04.18	2.3
8XZXdXIq	Grand Slam Final 4th	Sao Paulo/Bilbao	2011.09.28	3
auqOWxl5	WC31/sf09	ICCF	2007.12.20	?
wjyd55Oq	Superbet Rapid 2023	Warsaw POL	2023.05.23	9.5
aB4Vra46	Tata Steel India Blitz	Kolkata IND	2018.11.13	8.3
frqwFD4b	SportAccord Rapid 2014	Beijing CHN	2014.12.12	6.3
D7Ak9GX9	Champions Challenge 159th	playchess.com INT	2006.08.12	4.2
dCpeCkyp	Santiago magistral 3rd	Santiago de Chile	1996.??.??	?
Y7MWaoSm	LNA Puma Cup	Argentina	2006.10.01	5
8woGtb2q	Buenos Aires Najdorf op	Buenos Aires	1993.??.??	7
5IGksGkA	Moscow Tal Memorial Blitz	Moscow	2008.08.30	33
5evZUmOJ	Skilling Open Prelim	chess24.com INT	2020.11.22	2.2
ZP6TL6kb	Skilling Open Prelim	chess24.com INT	2020.11.24	15.3
cgHveBw8	chess.com Speed 5m+2spm 2017	chess.com INT	2018.01.03	4.8
gPW2wc5K	Beijing Sportaccord blitz	Beijing	2012.12.16	1
KkTWIqzG	Astrakhan FIDE GP	Astrakhan	2010.05.19	9
xkBZ4GzN	43rd Olympiad 2018	Batumi GEO	2018.10.01	7.4
ywSp7SVf	Dubai op 7th	Dubai	2005.04.12	9
muRlNOzx	Interpolis	Tilburg	1992.10.10	1.3
SdcsSFE9	Miskolc m	Miskolc	2007.04.25	1
YBVM8HgX	Amsterdam Euwe Memorial	Amsterdam	1996.03.27	5
6jeWLLAL	World Blitz 2016	Doha QAT	2016.12.30	18.10
6AWLLw9Y	1st Prague Masters 2019	Prague CZE	2019.03.08	3.3
B5m7IzdJ	WCh 2018	London ENG	2018.11.13	4
iTLarM9n	WCh 2018	London ENG	2018.11.21	9
AWXHYPa7	7th Norway Armageddon	Stavanger NOR	2019.06.09	5.1
8mVx30pi	Linares 08th	Linares	1990.??.??	2
vacn0ZuP	Bled ol (Men)	Bled	2002.10.31	6.1
s5xrgqpB	chess.com SF Blitz 5m+2spm 2016	chess.com INT	2016.08.24	9
mb7w4iXC	2nd Norway Chess 2014	Stavanger NOR	2014.06.05	3.2
Vtjtve4B	5th Norway Blitz 2017	Stavanger NOR	2017.06.05	1.2
PjyElrS7	chess.com Speed 1m+1spm 2017	chess.com INT	2017.05.25	1.22
4SiSkXV9	SpeedChess Final 2024	Paris FRA	2024.09.06	1.19
yA8MGYU8	chess.com Speed 5m+2spm 2017	chess.com INT	2017.12.16	3.6
vP7DOFx8	6th LCC Super Rapidplay Open 2014	London ENG	2014.12.07	10.1
KWDe1GJ8	11th Tal Mem Rapid 2018	Moscow RUS	2018.03.04	9.1
OIb1JcmF	World Blitz 2016	Doha QAT	2016.12.30	20.1
7X7sUdju	World Blitz 2015	Berlin GER	2015.10.13	11.1
hbwPqiVY	chess.com Speed 1m+1spm 2017	chess.com INT	2017.05.25	1.28
I8NVBOsa	Vladimir Petrov Memorial op	Jurmala	2012.02.17	8
7HEYGEtv	Tilburg	Tilburg	1994.??.??	4
cPqPs2Sw	WC31/ct05	ICCF	2011.09.10	?
bt1GClu1	Kolkata op 4th	Kolkata	2009.09.03	3
4nUp6sVb	3rd Sinquefield Cup 2015	Saint Louis USA	2015.08.27	5.4
XfPlG9JN	GCT Rapid YourNextMove	Leuven BEL	2016.06.17	1.1
A6OWfCO9	GCT Blitz YourNextMove	Leuven BEL	2016.06.19	2.5
1Jq3gzhT	Lugansk-A	Lugansk	2007.10.??	3
XSaMTaq8	Hastings Masters op	Hastings	2004.12.28	1
2OVrFfVo	Mukachevo m g/10'+10''	Mukachevo	2007.10.28	9
2WRhb5ML	Wch Blitz 3rd	Moscow	2007.11.21	16
TdutLatN	Chess@iceland rap f	Kopavogur	2000.04.02	1
Xb5iA7Yj	Chess@iceland blitz f	Kopavogur	2000.04.02	4
Y4f3ReJm	Amber-blindfold 13th	Monte Carlo	2004.03.31	10
ljfJJ5Rw	Corus	Wijk aan Zee	2005.01.21	6
Aso4BBwT	Corus	Wijk aan Zee	2007.01.24	10
K9fUw4CU	EU-chT (Men) 15th	Gothenburg	2005.07.31	2.1
RsYtGZ3j	Opera Euro Rapid KO 2021	chess24.com INT	2021.02.14	3.21
thgWBce6	Moscow Tal Memorial 4th	Moscow	2009.11.12	7
uW87zQXk	FIDE GP	Moscow	2002.06.03	3.2
LZh1KPlQ	Linares 26th	Linares	2009.03.06	13
fUvSXVK4	GRENKE Chess Playoffs 1-2	Karlsruhe GER	2024.04.01	1
TtLDn17I	Meltwater Tour Final 2021	chess24.com INT	2021.10.01	6.1
XeAo69CD	Tbilisi FIDE GP 2015	Tbilisi GEO	2015.02.20	5.2
ddOcMQiz	Saint Louis Rapid	Lichess.org INT	2020.09.16	6
tFYmmB2H	Amber-rapid 18th	Nice	2009.03.16	3
DwICrj3F	World Rapid 2016	Doha QAT	2016.12.28	14.2
B23AUVom	Linares 16th	Linares	1999.02.21	1
uHD7N5rB	SWE-chT 0809	Sweden	2009.03.13	9
OEvQP20X	32nd ECC Open 2016	Novi Sad SRB	2016.11.12	7.22
QzTYYAE3	Reggio Emilia 7172 14th	Reggio Emilia	1971.??.??	11
sl6sY6mm	76th Tata Steel Masters	Wijk aan Zee NED	2014.01.11	1.3
aGgqaZWK	Carlsen Inv Final 4	chess24.com INT	2020.05.02	1.2
8I2YuiTC	5th Norway Chess 2017	Stavanger NOR	2017.06.14	7.3
smnYA5Pa	chess.com Speed 3m+1spm 2018	chess.com INT	2018.09.20	2.10
TWN9zRDQ	Superbet Classic 2022	Bucharest ROU	2022.05.09	5.4
fqSa6mAY	Oslo Esports Cup 2022	Oslo NOR	2022.04.26	5.4
tCLxCX5R	Bled ol (Men)	Bled	2002.11.08	13.1
z8v40lOW	Czestochowa	Czestochowa	1981.??.??	9
7e3sPjFQ	Parcetic Memorial 6th	Sombor	1974.??.??	5
ujSCJRHR	Vrnjacka Banja	Vrnjacka Banja	1981.??.??	14
wHl524U3	CM.2005.0.00273	IECG	2005.04.03	?
31bGlBjm	London Classic 4th	London	2012.12.03	3
bxyftISf	Tata Steel-A 73rd	Wijk aan Zee	2011.01.20	5
GckNjRY9	EU-ch 1st 5'	Neum	2000.10.04	6
ZXCUeyj3	Poikovsky Karpov 08th	Poikovsky	2007.03.22	7
uBWb1ld9	EU-ch Internet Gr-A 3rd	playchess.com INT	2006.01.22	1.1
T8b3GyKR	Grand Slam Final 4th	Sao Paulo/Bilbao	2011.09.27	2
pJExfJkG	World Championship	Mexico City	2007.09.14	2
lFApY8Rk	Moscow Tal Memorial 4th	Moscow	2009.11.07	3
dCl3DzdU	Morelia/Linares 25th	Morelia/Linares	2008.02.17	3
HuB2A34p	Grand Slam Final 1st	Bilbao	2008.09.05	4
gTmDxipe	Duel of the Champions	Mainz	2002.08.18	8
TeRJryfX	PER-VEN 2017	ICCF	2017.11.10	?.3
Xl82sGfH	Alma-Ata m1	Alma-Ata	1995.??.??	?
aMzvQ2jN	World Rapid 2019	Moscow RUS	2019.12.28	13.24
snSisbjd	49th Biel Master Open	Biel SUI	2016.08.01	7.1
gws560lc	FIDE World Blitz 2013	Khanty-Mansiysk	2013.06.10	23
oG8hBJxY	FIDE Grand Prix 1 Pool B	Berlin GER	2022.02.04	1.2
sDrdGmMh	Tata Steel-A 75th	Wijk aan Zee	2013.01.20	8
F0kQ6KIG	Candidates sf1	Linares	1992.??.??	1
oNg2bxI1	Amber-blindfold 02nd	Monte Carlo	1993.03.29	4
u7n6hQEH	ch-CHN 2014	Xinghua CHN	2014.03.17	6.2
tUy4Lolc	Moscow Blitz Final 2014	Moscow RUS	2014.09.06	7.7
TJRavbzO	FIDE World Blitz 2013	Khanty-Mansiysk	2013.06.10	30
QoMhxo7y	Paris Immopar rapid	Paris	1991.??.??	3
xPPbzmRh	Dubai op 15th	Dubai	2013.04.09	3
mSou110i	AUT-chT 1213	Austria	2013.03.21	8.3
UhwXACdV	Wch U20 50th	Chennai	2011.08.07	6
RqFSqTN5	Cappelle op 29th	Cappelle la Grande	2013.02.25	4
By3SSycR	Novgorod	Novgorod	1997.09.18	6
a8ygEP66	Lloyds Bank op 18th	London	1994.??.??	1
6uFm5ymG	BCF-ch 77th	Eastbourne	1990.??.??	?
K2HOqwv6	Lloyds Bank op 18th	London	1994.??.??	7
ysgFhcaH	Lloyds Bank op 18th	London	1994.??.??	3
zQS3qTMx	Manchester Benedictine op 4th	Manchester	1981.09.07	4
6WkmhUms	Lviv Rapid Cup 2017	Lviv UKR	2017.05.08	3.8
smetPV8F	European Online CC GpA	Tornelo INT	2021.03.28	7.3
ZztHyXUm	Amber-blindfold 11th	Monte Carlo	2002.03.26	9
V0d56pUW	Istanbul ol (Men) 40th	Istanbul	2012.09.01	5.1
N2x82I41	Bundesliga 9798	Germany	1998.04.26	15.2
uvPW43lQ	Genova Ducale op	Genova	2004.07.07	5
z48NQCJp	Beersheba	Beersheba	1987.??.??	?
osnMLcSs	Lisbon Summer op	Lisbon	2000.08.29	9
MvLonBiQ	RUS Cup Qualifier 1	chessassistantclub.com INT	2004.09.07	?
TCD4d5Lf	1st EJCOA Forest Hall Inv	Newcastle ENG	2021.10.28	8.2
g9A1gGva	BITNY/B 2021 (USA)	ICCF	2021.01.31	?
I7bmdiFv	PRO League Group Stage	chess.com INT	2018.02.24	7
0wIOY58t	EU-chT (Men) 07th	Skara	1980.01.??	1.1
XY1yqTy8	71st Moscow Blitz	Moscow RUS	2017.09.03	18.4
1LXV2vzI	St Louis Spring Classic B	Saint Louis USA	2017.05.19	4.3
huP1B8Y5	World Blitz 2015	Berlin GER	2015.10.14	21.24
NbUrxuwS	Barcelona Casino	Barcelona	2010.11.12	9
rztsMiOV	Warsaw AIG Life rapid qf2	Warsaw	2002.12.22	1
Z1YOHOss	Donner Memorial op	Amsterdam	1996.??.??	7
bA027aNZ	WC.2003.S.00011	IECG	2001.04.01	?
Clx06PaQ	45th La Roda Open 2018	La Roda ESP	2018.03.30	4.21
pbNuxKIN	Bremen CD Meyer Memorial	Bremen	2020.10.13	4
Fq1sHyEu	chess.com Speed 1m+1spm 2017	chess.com INT	2018.08.07	26
OPPzmtwY	Wch Blitz 4th	Almaty	2008.11.08	15
RCJxfYfM	SportAccord Blitz Men 2013	Beijing CHN	2013.12.15	18.6
beCCPuzH	chess.com Speed 2019	chess.com INT	2019.10.02	1.20
zA2YZpLF	FIDE World Cup 2023	Baku AZE	2023.08.04	2.4
NVJYAkOH	Vladimir Dvorkovich Mem 2014	Taganrog RUS	2014.01.24	7.1
59fXBv4t	PRO League All Stars St1	chess.com INT	2018.09.08	7
Bk9NQK8G	Zvenigorod op-A	Zvenigorod	2008.09.29	7
QFgow1TI	Nikolaev	Nikolaev	2001.08.10	10
gVzaa8iv	Cap d'Agde CCAS Gp-B	Cap d'Agde	2008.10.28	6
JviwbYOD	Crete m rap	Crete	2003.09.23	1
ECCHT8Z9	World Blitz 2016	Doha QAT	2016.12.29	7.3
3Vp3Y7Qg	Wch Blitz 5th	Moscow	2010.11.18	37
aIlr582X	Tata Steel IND Rapid Open	Kolkata IND	2023.09.06	5.3
u9eMtE8V	EU-Cup 23rd	Kemer	2007.10.07	5.1
5NizPIBF	Amber-blindfold 04th	Monte Carlo	1995.??.??	9
45pdQw6z	Moscow-ch blitz	Moscow	2004.09.05	?
6vsyfFgT	17th Dubai Chess Open	Dubai UAE	2015.04.12	7.4
pwTeZNDt	Czerniak Memorial 15th	Tel Aviv	1999.04.04	5
glOUbtBT	Budapest FS08 GM	Budapest	2007.08.14	9
pFnvqvUp	SportAccord Blitz w 2014	Beijing CHN	2014.12.14	11.1
jLZfDNCc	SportAccord Blitz w 2014	Beijing CHN	2014.12.13	5.5
zoRKpknB	TCh-SUI 2016	Switzerland SUI	2016.10.08	8.1
xb3HyBkm	Elekes Memorial	Budapest	1989.??.??	?
lIZaxNlh	YUG-ch35	Skender Vakuf	1980.02.??	8
qbl2BnaW				
FTfmcR09	ch-European Blitz 2013	Warsaw POL	2013.12.13	10.1
DAi8vSKw	75th ch-ITA 2015	Milan ITA	2015.12.11	11.3
onlbI5l0	GP Stage 5 Braila 2022	Braila ROU	2022.11.06	5.7
AXw9RTHl	EU-Cup 24th	Kallithea	2008.10.19	3
1qXzxcsj	EU-ch 6th	Warsaw	2005.06.29	11
ZNwLENDK	World Blitz 2015	Berlin GER	2015.10.13	1.84
r89wgHQ0	Minsk op	Minsk	2008.07.16	7
qptBCdeO	43rd Annual World Open	Arlington USA	2015.07.02	3.3
ra2e9eB4	Hamburg Favoriten	Hamburg	1980.??.??	9
PUPuDZTe	11th Mayors Cup Open 2018	Mumbai IND	2018.06.04	2.2
o0xcjcx8	44th Olympiad 2022	Chennai IND	2022.07.29	1.4
4BZcvf2R	Baku op	Baku	2012.09.22	1
5Pr1Gftf	Izmailov Memorial op 12th	Tomsk	2008.06.25	1
CCFnOQl1	ESP-ch 75th	Arenal d'en Castell	2011.10.15	1
KtZzfOk9	World Blitz Women 2017	Riyadh KSA	2017.12.29	3.18
w9sH6pIk	Saint Louis Blitz 2018	Saint Louis USA	2018.08.15	12.2
aLfOUN1R	Sofia MTel Masters 4th	Sofia	2008.05.11	4
YE0mBly6	SuperUnited Rapid 2023	Zagreb CRO	2023.07.06	4.1
KChWL7aH	Chessable Masters Final	chess24.com INT	2020.06.30	2.11
dtSZ1CAw	Chessable Masters Final	chess24.com INT	2020.06.30	2.13
BiN2fDOK	Las Palmas	Las Palmas	1996.12.12	4
gyAc88FW	Levitov Chess Week Blitz	Amsterdam NED	2019.08.03	4.3
lcfJDBZM	chess.com Speed 1m+1spm 2017	chess.com INT	2017.11.21	3.24
fUNxCXZs	World Rapid 2016	Doha QAT	2016.12.28	15.1
yUgIepOl	80th Tata Steel GpA	Wijk aan Zee NED	2018.01.27	12.5
lx26VBnW	GCT Blitz YourNextMove	Leuven BEL	2017.07.02	13.1
s85liygn	World Blitz 2018	St Petersburg RUS	2018.12.29	12.6
Uc9cJmMJ	Carlsen-Ding Showdown G10	Saint Louis USA	2017.11.13	6
FNTKKslA	chess.com Speed 1m+1spm 2017	chess.com INT	2017.11.18	2.32
rkf7uZ6z	UZB-ch	Tashkent	2011.05.28	8
to1QN7uI	Tula Kotov Memorial	Tula	2008.01.10	9
nYRQph3Y	chess.com Speed 1m+1spm 2017	chess.com INT	2017.05.25	1.26
o4eGk9dr	chess.com Speed 1m+1spm 2017	chess.com INT	2017.05.25	1.24
Y4dydLCv	7th London Classic 2015	London ENG	2015.12.12	8.1
z669BO02	EU-ch 1st	Saint Vincent	2000.07.12	9
Qfl2bB1o	111th ch-GBR 2025	Liverpool ENG	2025.08.10	9.1
KjUQkZoB	Turning Torso Chess 2021	Malmo SWE	2021.08.21	6.5
TIotGJTi	Moscow Aeroflot op-A	Moscow	2005.02.15	1
k80wJjL3	BEL-chT 0102	Belgium	2001.12.09	4
GYSR5jUB	PRO League Pacific 2017	chess.com INT	2017.01.25	3
XRl2hVmy	Interpolis	Tilburg	1980.09.30	10
WtAzKfoB	Pardubice Chladek&Tintera op-A 19th	Pardubice	2008.07.24	7
UZ3dQnlr	chess.com Speed 2019	chess.com INT	2019.11.18	2.26
X07A53yi	EU-Cup 28th	Eilat	2012.10.11	1.1
vjUCLh98	chess.com IoM Masters	Douglas ENG	2017.09.28	6.1
DezX8qha	SpeedChess Final 2024	Paris FRA	2024.09.07	2.21
qG39myyc	4th Zurich CC Blitz	Zurich SUI	2015.02.13	1.2
UYkhVVPj	PCA-World Championship	New York	1995.10.03	14
3jbGLjFN	Pepe Cuenca Invitational	chess24.com INT	2020.04.12	1.1
6htWUW65	ESP-chT	Salamanca	1998.09.13	9
kMwF32WK	European Blitz 2014	Wroclaw POL	2014.12.19	9.1
7fVxjUeo	Capablanca Memorial Premier 47th	Havana	2012.05.06	3
u1n51cN2	San Sebastian op 31st	Donostia	2008.03.21	7
CtE3Tj8Z	World Blitz 2017	Riyadh KSA	2017.12.30	14.26
0fJ5IvD6	Corus	Wijk aan Zee	2002.01.25	11
L3q2zhYY	Moscow Grand Prix 2017	Moscow RUS	2017.05.13	2.9
4YHCbgzV	Biel GM	Biel	2000.07.30	6
ZnxRPCbT	Alushta Autumn3 GM	Alushta	2006.09.17	4
1I6u2LJ1	Zenica Subasic Memorial 5th	Zenica	2006.12.12	5
lUNtHs3Z	Cannes op2	Cannes	1990.??.??	?
Flp1a0ik	Voronezh City-ch	Voronezh	2007.12.11	8
ISIyPatO	IMSA Basque 2016	Huai'an CHN	2016.03.02	2.1
IxFDJBno	NED-ch33	Leeuwarden	1978.04.25	8
aw7IQL4V	Navalmoral op 06th	Navalmoral	2000.??.??	6
fKFnVLMQ	Doppelbauer Kiel GM 2021	Kiel GER	2021.10.05	5.5
wGSOPrri	Hoogeveen Essent op	Hoogeveen	2006.10.21	2
126vkhIQ	Saint Louis Blitz 2017	Saint Louis USA	2017.08.17	8.1
xC3D4wps	Thessaloniki FIDE GP	Thessaloniki	2013.05.23	2
skknC2Tu	Hamburg FIDE Grand Prix	Hamburg GER	2019.11.17	4.6
2ZPhehZ9	chess.com Speed 1m+1spm 2017	chess.com INT	2018.07.29	26
Ox3U3zRF	Salekhard	Salekhard	2008.11.30	2
YsE7Z5BV	Lyon	Lyon	1988.??.??	?
f0HdUEuC	WCN-ch North America	Richmond	2002.06.15	5
lOtqCT21	ch-Moscow Open Superfinal	Ershovo RUS	2024.02.26	6.7
gj9EyMOQ	TCh-RUS Rapid 2018	Sochi RUS	2018.10.08	4.1
12fH2re3	World Rapid 2015	Berlin GER	2015.10.11	10.50
kIKu1yoy	CZE-ch blitz KO	Prague	2012.12.15	1.3
u2wSCNzd	Zadar op 14th	Zadar	2007.12.18	4
xP2GX0Wh	Tula	Tula	2007.02.20	12
FbWwor3N	World Rapid 2023	Samarkand UZB	2023.12.27	9.5
72RCCEtm	Shusha Chess Rapid 2022	Shusha AZE	2022.09.22	2.1
h5fuIBJq	IMSA World Masters Rapid	Hengshui CHN	2019.05.15	6.8
t53XbDvV	Corus	Wijk aan Zee	2002.01.16	4
NSkZMRf4	Meltwater Tour Final 2021	chess24.com INT	2021.10.01	6.3
KmnltpdD	Cheliabinsk Kurnosov Memorial rapid	Cheliabinsk	2020.09.06	10
2Nf3SXPX	Wch Blitz 5th	Moscow	2009.11.16	11
wli4Xj17	World Cup ACP 3rd	Odessa	2009.05.23	2.2
0YMT3qhs	2nd IMSA Blitz 2017	Huai'an CHN	2017.12.13	16.5
AZ7dh4rS	Odessa Pivdenny Bank	Odessa	2007.07.06	7
h7sxyRo5	Online Olym Top DivB 2021	chess.com INT	2021.09.10	7.1
5sGJqioa	Aeroflot Open A 2015	Moscow RUS	2015.03.28	2.14
WZwHsqop	Katrineholm	Katrineholm	1999.05.17	6
ebU4nZvM	Saint Louis Rapid 2018	Saint Louis USA	2018.08.13	8.5
GvCEMSWG	Magnus Carlsen Inv Prelim	chess24.com INT	2021.03.14	9.5
x5fcECnO	Mukachevo Zakarpattya Cup	Mukachevo	2012.08.28	5.3
FLrRCzo2	Rubinstein Memorial 13th	Polanica Zdroj	1975.??.??	14
VKLwHGnn	Bundesliga 8283	Germany	1983.??.??	?.3
vpTpKgAC	Hallein op	Hallein	1988.??.??	9
4EUw3VV9	UKR-ch 81st	Kiev	2012.08.03	7
TXYkC0IC	Moscow Interzonal	Moscow	1982.??.??	7
GVmfO8sY	Maastricht Limburg op-A 5th	Maastricht	2011.06.13	7
cLhoUSkC	Hoogovens	Wijk aan Zee	1992.01.??	7
aXmcnFkt	Moscow FIDE Grand Prix	Moscow RUS	2019.05.27	4.1
08bBbkpV	Nations Cup Online Prelim	Chess.com INT	2020.05.05	2.3
UQjCcEI8	World Rapid 2018	St Petersburg RUS	2018.12.26	5.2
SEquMv09	71st ch-RUS 2018	Satka RUS	2018.08.28	4.5
RKVEXu0O	Tbilisi FIDE GP 2015	Tbilisi GEO	2015.02.23	8.1
2Zn79b12	Linares 17th	Linares	2000.03.04	5
SFVd0Ufo	Wch Candidates	Kazan	2011.05.07	1.3
pCHZaYDJ	Morelia/Linares 24th	Morelia/Linares	2007.03.03	9
L2oCDzpa	Amber-rapid 16th	Monte Carlo	2007.03.29	11
u2o9mqCk	SLO-chT	Celje	2003.11.22	8
8lfb87sx	FRA-ch playoff	Aix les Bains	2003.08.30	5
fOstOnSj	IMSA World Masters Rapid	Hengshui CHN	2019.05.16	9.6
CcpJvGA0	World Rapid 2017	Riyadh KSA	2017.12.27	8.5
6spFlOAL	Linares 13th	Linares	1995.03.01	1
LqVTXgjU	Xtracon Chess Open 2017	Helsingor DEN	2017.07.30	10.3
pH2l1paU	World Rapid 2017	Riyadh KSA	2017.12.26	5.6
UGa9qBUh	World Blitz 2017	Riyadh KSA	2017.12.29	11.42
bD9QaTqq	World Blitz 2019	Moscow RUS	2019.12.29	9.19
dCdUWv88	World Rapid 2015	Berlin GER	2015.10.10	1.36
o0k7Y5vo	61st Rubinstein ALREH	Polanica Zdroj POL	2025.08.19	4.3
GFL8euK9	Meltwater Indian Qualfier	chess24.com INT	2021.05.08	2.3
t1b4C8Bs	Liga Nacional Superior	Villa Martelli ARG	2022.08.28	4.1
VkFeQxOY	Wch Seniors 14th	Halle	2004.10.30	7
Ca6LwUlh	Champions Showdown Kings	Saint Louis USA	2025.03.06	3.2
RX7kCRVJ	Champions Showdown Kings	Saint Louis USA	2025.03.06	3.1
XgQ2qkoh	FIDE World Blitz 2014	Dubai UAE	2014.06.20	17.2
b96iz8Jf	Chess.com RCC Wk18 KO	chess.com INT	2022.06.12	1.1
HP3oiEyY	Miskolc m	Miskolc	2008.05.29	4
yeZDm57t	18th ch-EUR Indiv 2017	Minsk BLR	2017.06.02	4.15
hxFd4gsQ	49th Italian Teams 2017	Gallipoli ITA	2017.04.30	5.1
b8v2VNlN	DSM 2400-2499 (BUL)	ICCF	2023.12.10	?
B3BzTvTY	Lodz	Lodz	1979.??.??	10
0o7K4GS4	USA-ch	Seattle	2000.09.27	3
cEz6xmUB	USA-ch	Parsippany	1996.??.??	9
V0Q6fnX0	National op blitz	Las Vegas	1993.??.??	?
HtdvsDLl	Biel MTO op	Biel	1994.??.??	8
7ZBIxAn4	World Blitz 2018	St Petersburg RUS	2018.12.29	10.13
UO6dZAGK	Chess.com RCC Wk23 Swiss	chess.com INT	2022.07.30	6
eSpKM9nO	43rd Olympiad 2018	Batumi GEO	2018.10.03	9.24
Fzs6nTwo	World Blitz 2015	Berlin GER	2015.10.13	2.42
TSiar8SB	European Blitz 2015	Minsk BLR	2015.12.18	7.46
KexfxQ5g	EU-chT (Men) 13th	Leon	2001.11.07	2.1
2sxuw40q	Online Olym Div Top-D	Chess.com INT	2020.08.23	9.2
RsCzuPUO	European Blitz 2019	Tallinn EST	2019.12.07	10.9
ikOD8mZl	ch-RUS Rapid 2018	Sochi RUS	2018.10.06	7.27
kr5QeKdK	ch-European Rapid 2013	Warsaw POL	2013.12.14	3.16
61b2MKgK	SpeedChess Final 2024	Paris FRA	2024.09.06	1.26
hOOY9JUC	EU-ch 12th	Aix-les-Bains	2011.04.02	11
OqqBkOkK	PRO League Group Stage	chess.com INT	2019.01.16	2
kA8G4Vsh	CRO-chT	Medulin	2002.09.17	9
VGhieAMV	Altensteig Mephisto	Altensteig	1987.??.??	?
bStLddLP	CCO17/F	ICCF	2009.09.10	?.5
UtbeFUpz	Oberliga NRW 0708	Germany	2008.04.06	8.2
BzAAIYop	Julius Baer Gen Cup D3 W	chess.com INT	2024.09.27	1.2
aS7ZLs5o	Budapest FS07 GM	Budapest	2006.07.10	10
xJ83H6xl	Oberliga NRW 9900 I	Germany	2000.03.01	6.5
EcvA8r25	CSR-ch	Bratislava	1991.??.??	2
Omk48oqF	ch-Africa 2019	Hammamet TUN	2019.07.14	6.1
0qkGrjGJ	Brno-A	Brno	1994.??.??	2
xOxryTik	ch-USA Seniors 2021	Saint Louis USA	2021.07.16	1.2
RUfC4JCx	16th Asian Continental	Chengdu CHN	2017.05.20	9.15
k52TDzea	Francophonie Rapid Teams	Tornelo INT	2022.06.04	5.1
hsAgNlys	Seefeld op 14th	Seefeld	2003.09.16	4
UuphvX8c	UKR games U16 B2 2nd	Simferopol	2004.05.22	7
r695lsB4	CCT Final Playoff 2023	Toronto CAN	2023.12.12	7.3
VBxq8SH4	Tata Steel India Blitz	Kolkata IND	2019.11.26	15.1
hEeK4Fot	Tal Memorial Blitz 2014	Sochi RUS	2014.11.13	1.4
Xqe8fQVh	Biel GM 45th	Biel	2012.07.26	4
3xV0Terc	CRO-ch 13th	Plitvicka Jezera	2013.01.25	5
eLtTb5QX	Hoogovens	Wijk aan Zee	1984.01.29	13
JSDCKfJB	Novokuznetsk-ch HL	Novokuznetsk	2011.04.??	6
BuZS6EBb	WS/SIM/A/12	ICCF	2021.11.10	?
mVeGzxlb	VWC 7/F	ICCF	2018.06.15	?
C52SvXCN				
qeBnAsTv	WZ/GM/13	ICCF	2020.08.31	?
gEzWUEas	Bad Woerishofen op 7th	Bad Woerishofen	1991.??.??	6
A3AbFzxn	BL2-Ost 0809	Germany	2009.03.01	7.1
55P4sQkv	St Petersburg op	St Petersburg	1993.??.??	?
YjFWVHhG	POL-chT	Lublin	2009.09.13	2
GRR5PrVW	World Rapid 2016	Doha QAT	2016.12.26	2.36
KDWgRXGa	chess.com Speed 5m+1spm 2017	chess.com INT	2018.08.07	4
nRf5UaAV	TCh-RUS Rapid 2015	Sochi RUS	2015.05.08	3.1
35p51wCm	World Rapid 2021	Warsaw POL	2021.12.26	4.8
q9FYYFtB	Chess.com Rapid Wk6 Swiss	chess.com INT	2022.03.19	5
yXTSjvjF	Chess.com RCC Wk11 Swiss	chess.com INT	2022.04.23	3
DAWsHtMp	SWIFT-Chess World Championship	Brussels	1987.??.??	?
GvK2Belb	Sochi Chigorin Memorial	Sochi	1977.??.??	10
XYmSYJXM	Linares 10th	Linares	1992.??.??	6
8OG2hls7	4th GRENKE Chess Classic	Karlsruhe GER	2017.04.19	4.2
CHzS0aFb	11th Norway Chess 2023	Stavanger NOR	2023.06.09	9.1
9Z4pvENM	SVK-chT	Slovakia	1994.??.??	?
nyAjGniS	FRA-chT Gp-A	France	2003.04.03	4.8
t4WNAZBX	GCT Blitz Paris 2018	Paris FRA	2018.06.23	3.2
ghvqIEkH	Chess.com RCC Winners	chess.com INT	2022.08.21	5.1
jiibwnKG	World Blitz 2017	Riyadh KSA	2017.12.29	10.8
ngxxy8kT	10th Sinquefield Cup	Saint Louis USA	2023.11.23	3.3
jYkTkmyg	Troll Masters	Gausdal	1991.??.??	1
KlcljGc8	PSC / Puregold Open 2014	Quezon City PHI	2014.12.17	5.17
MwV33mUg	FIN/C64 (FIN)	ICCF	2013.04.04	?
ETNCAbxz	Oberliga Hessen	Hessen	1992.??.??	?
wXK9C6Vd	FRA-chA 86th	Caen	2011.08.18	5
h6q6Hhck	ch-CRO 2014	Porec CRO	2014.02.03	1.5
E7BQoAzI	2nd DKM 0-2750  1 (BUL)	ICCF	2025.01.25	?
3neKwrKL	Oz.com qual blitz	ICC INT	2000.03.05	6
YdBdZTvL	LAT-ch	Riga	2006.03.03	6
FiVXE1Xp	Vienna op 16th	Vienna	2009.08.18	4
5tNfftlE	PRO League Group Stage	chess.com INT	2018.02.24	7
gxiAAxzp	US op	Palo Alto	1981.??.??	8
ok1C0ArR	AUT-chT2W 9798	Austria	1997.??.??	1
I9SR18fK	RUS South Region-ch op	Belorechensk	2005.06.??	?
2Dtk8lwW	Wichern op 5th	Hamburg	1999.10.19	6.8
H1oX7NW2	Devecser Esterhazy Memorial op	Devecser	2009.07.04	5
0szinyrU	SRB-chT 1st League	Serbia	2005.10.01	10.4
C08VcwW9	ROM-chT	Eforie Nord	2009.09.21	3
2lqP2Crr	AUT-chT 9899	Austria	1999.??.??	?
eWy9BCOY	Schleusen IM 4th	Datteln	2002.05.03	4.1
MnK9gyTx	chess.com Speed 2019	chess.com INT	2019.10.01	1.28
IyVaWIz1	119th US Open 2018	Middleton USA	2018.08.05	9.2
dmGZ0UiL	Vladivostok Russian Cup	Vladivostok	2012.09.23	7
NGElo646	Nice ol (Men) fin-A	Nice	1974.06.24	9
IDHOaOcY	FRA-chT Top 16 Gp Haute	France	2007.05.31	8.2
SMtrNg9Q	Andorra op 21st	Andorra	2003.07.09	5
JbReArD7				
ppgNtndG	15th LCC Super Rapid 2025	London ENG	2025.12.06	4.26
KKPPm57l	Zalakaros op 14th	Zalakaros	1995.??.??	9
b5Jy8SZ0	Reggio Emilia 7778 20th	Reggio Emilia	1977.??.??	?
QXAmNDDz	BCF-chT 0203 (4NCL)	West Bromwich	2002.11.23	1.1
aVrarNSl	EU-ch Internet Cand 3rd	playchess.com INT	2006.01.21	3
pNxTVduK	EU-Cup 23rd	Kemer	2007.10.08	6.4
HKrnJKWf	Havirov op	Havirov	2010.08.25	5
ITSV2NqF	Basel Masters 2017	Basel SUI	2017.01.06	6.6
QJ1M2dqI	MNT-ch 52nd	Tivat	2000.12.12	5
LbJVSwWW	Bad Woerishofen op 8th	Bad Woerishofen	1992.03.12	7
bdMs8E73	Chicago Int 3rd	Chicago	1994.04.22	4
IrGcRlPn	Wch U20	Zagan	1997.07.16	3
GqIdzWPO	TCh-HUN 2018-19	Hungary HUN	2018.11.17	1.5
w7KiiqMf	PRO League Stage	Chess.com INT	2020.02.17	7
NMlh7ohx	Lvov Vasylyshyn Memorial GM	Lvov	2010.11.23	1
3WajJ64u	Paris-ch op	Paris	2008.07.03	6
Z4pD0TDp	EU-Cup 29th	Rhodes	2013.10.24	5.1
jtbGknHO				
rYlmRNmk	Solin 6th	Solin	1998.??.??	6
9Ylw9Grg	Tal Memorial Blitz 2019	Riga LAT	2019.07.18	12.9
rcEdfksK	SVK-chT 0809	Slovakia	2009.01.17	5.1
as9xzpRa				
wgvtf4Tg	IMSA Blitz 2016	Huai'an CHN	2016.02.29	12.1
K7tIkiHb	IMSA Blitz 2016	Huai'an CHN	2016.02.29	20.1
QpM0CKA3	Chess.com RCC Wk13 Swiss	chess.com INT	2022.05.07	5
YcaRXwj8	Chess.com RCC Wk22 Swiss	chess.com INT	2022.07.23	6
XiNDcujS	European Blitz 2015	Minsk BLR	2015.12.18	19.11
PJtWIE6o	Bucharest MI Festival GM	Bucharest	1999.03.26	7
uC2TUXxc	ESP-ch	Lleida	1991.??.??	2
CEpVZLaP	AUS Masters IM	Melbourne AUS	2013.12.17	4.2
8amtLqSI	FIDE World Rapid Team	London ENG	2025.06.12	6.1
XsSdZyPR	Las Palmas	Las Palmas	1977.??.??	2
RWdpOtzd	Turin ol (Men) 37th	Turin	2006.05.29	8
dvSLYZHD	FTX Crypto Cup Prelim	chess24.com INT	2021.05.25	14.5
4dlCKlKX	GCT Rapid YourNextMove	Leuven BEL	2018.06.14	9.1
Zn8Q8jYv	Tal Memorial Blitz 2014	Sochi RUS	2014.11.14	13.3
wMV5sXxy	FIDE World Cup 2017	Tbilisi GEO	2017.09.08	2.6
nHhByzxf	Istanbul ol (Men) 34th	Istanbul	2000.10.29	2.3
3i3BU1as	CZE-chT1W 1011	Czechia	2010.11.28	4.1
sGvhZOHJ	Isle of Man op	Isle of Man	1995.??.??	1
bZKgvB8j	Biel Credis op	Biel	1995.??.??	12
qE8uNHje	Minsk	Minsk	1995.??.??	8
TZgXGNwB	Chigorin Memorial 17th	St Petersburg	2009.10.16	1
8REK9RPB	World Rapid 2017	Riyadh KSA	2017.12.26	3.28
I6EMToGj	Beijing Lee Cup 1st	Beijing	1993.??.??	10
Vy1j2QVD	Reykjavik	Reykjavik	1978.??.??	?
MPXaOjOI	Ducale op 10th	Genova	2002.11.27	4
16qoksJU	Bundesliga 0405	Germany	2005.03.14	13.5
xEfxJZSF	Oslo Sveins op 6th	Oslo	2013.06.24	7
d49Zx7XQ	TCh-SRB Premier 2018	Valjevo SRB	2018.09.07	8.4
sJHwQvAg	Benasque op 31st	Benasque	2011.07.10	4
x3I1fmCh	Manila	Manila	1973.10.18	2
8XjrH4hE	EU-chT (Men) 11th	Pula	1997.05.??	3.2
8iyvRBQZ	ESP-chT	Salamanca	1998.??.??	1
cwWaofXG	Pamplona	Pamplona	2000.01.03	7
S2li2EF5	EU-ch 8th	Dresden	2007.04.14	11
8KEGAjyY	Cappelle op 29th	Cappelle la Grande	2013.03.02	9
bjiRRJgJ	St.Petersburg Rapid 2017	St Petersburg RUS	2017.08.27	10.10
r7KIOtXc	Wijk Cultural Village	Wijk aan Zee	2012.11.21	2
foimx9JH	Max Euwe Matches 2015	Amsterdam NED	2015.11.14	3.4
egi1277S	WC.2002.S.00008	IECG	2000.??.??	?
WyoGl9jx	HUN-chT 0203	Hungary	2003.04.13	11.1
AJv3SiSE	ITA-ch 70th	Siena	2010.11.24	2
Se6by26w	Zalakaros op 17th	Zalakaros	1998.??.??	4
ZhdApKMP	Zalakaros op 18th	Zalakaros	1999.05.20	9
YhiEL0UC	Pervomaisky IM Autumn	Pervomaisky RUS	2016.10.03	5
QXUJMpVi	ARG-ch	Buenos Aires	1998.05.01	15
oNEG889A	Bratislava Slovan op	Bratislava	1993.??.??	2
LYMI22dG	World Senior 65+ 2017	Acqui Terme ITA	2017.11.09	3.7
RM46S9lt	Victorian Masters-A	Melbourne	2003.04.06	2
PzzGpQbA	23rd European Teams	Terme Catez SLO	2021.11.13	2.4
BZlaGcCu	Dubai Police Open A 2024	Dubai UAE	2024.05.10	7.17
mIvuL0p1	Amber-rapid 08th	Monte Carlo	1999.03.23	7
g62o0phY	Frankfurt Ordix op	Frankfurt	1998.06.21	11
2ET5I06Y	FIDE-Wch k.o.	Moscow	2002.01.19	7.4
wRph1Ke0	Julius Baer GenCup Prelim	chess24.com INT	2022.09.19	7.6
lJc9nzdk	SuperUnited Rapid 2023	Zagreb CRO	2023.07.07	8.4
2lMvfly1	2nd Du Te Cup 2018	Shenzhen CHN	2018.11.08	5.3
xiaZZcRI	Clutch-ch June	Lichess.org INT	2020.06.08	1.7
ZMEDlEbb	Carlsen Tour Final	chess24.com INT	2020.08.12	1.46
k9CPdGpw	4th Norway Chess 2016	Stavanger NOR	2016.04.29	9.2
cGCsb8gA	Nanjing Pearl Spring 3rd	Nanjing	2010.10.28	8
Z2s8lLk9	GCT Blitz YourNextMove	Leuven BEL	2017.07.01	7.3
woUpthjI	Romania 100 Open 2018	Alba Iulia ROU	2018.11.13	3.4
g5Nb3EZG	18th HZ Open 2014	Vlissingen NED	2014.08.03	3.4
uYKlwbPG	Dubai ol (Men)	Dubai	1986.11.18	4
kiclRsYi	EU Union-ch 4th	Liverpool	2008.09.12	4
U3UTX4ND	WC30/ct09	ICCF	2010.09.10	?
jjCsvCE4	WchT (Women) 2nd	Ningbo	2009.09.08	6
kL37IK1a	FRG-ch int 4th	Bad Lauterberg	1977.??.??	9
1OR9HSYB	5th Norway Blitz 2017	Stavanger NOR	2017.06.05	7.5
w5qn4SkR	11th London Classic 2019	London ENG	2019.12.08	2.3
9QENn1wW	CAN-ch closed	Montreal	2001.08.27	8
oxkTRsYQ				
0DqUJjV6	Asturias-ch	Gijon	1999.??.??	2
hs09l6iV				
XjQRpyad	CHN-ch	Xinghua Jiangsu	2011.04.07	8
YEDrWAws	O2C Doeberl Cup 2018	Canberra AUS	2018.03.30	3.2
lEFnRD37	26th Abu Dhabi Masters	Abu Dhabi UAE	2019.08.07	6.25
gncL9A0l	GAMMA Reykjavik Open 2019	Reykjavik ISL	2019.04.10	4.12
yiT40suI	Biel	Biel	1986.07.25	5
zo999GhX	SRB-chT 1st League	Vrnjacka Banja	2010.08.30	10
ZjZifk3j	EU-ch 5th	Antalya	2004.05.29	13
CB5luY3I	Halle DSV	Halle	1978.??.??	8
nwbr2J5h	9th Fischer Memorial 2023	Heraklion GRE	2023.11.02	2.4
audgBPr6	Interpolis	Tilburg	1983.10.24	10
5p5lrLWO	SCG-ch 2nd	Pancevo	2006.02.27	1
lle4TwO7	BUL-ch 75th	Bankia	2011.04.17	9
adX7HxlO	SCG-ch 2nd	Pancevo	2006.03.02	4
Cj4PTBAw	13th Teplice Open 2018	Teplice CZE	2018.06.21	6.1
dJKzd5pb	WCh Women 2016	Lviv UKR	2016.03.14	9
FeyAVr8c	ECo-C Extraliga 2022-23	Czech Republic CZE	2023.02.19	8.6
vpckSQgS	Maastricht Limburg op-A 4th	Maastricht	2010.05.24	7
cQrFsNiO	World Blitz 2017	Riyadh KSA	2017.12.30	14.24
XOP3R7JU	Marrakesh op 1st	Marrakesh	2010.06.29	6
QBawdSDo	Nantes op 8th	Nantes	2009.12.??	5
Hv2MoN01	Sofia MTel Masters 3rd	Sofia	2007.05.17	7
OtioGQZS	Poznan m rap	Poznan	2012.07.28	2
UHxY0yUT	Quantbox Chennai GM 2025	Chennai IND	2025.08.08	2.4
DXwitWRm	Tata Steel India Rapid	Kolkata IND	2019.11.22	3.3
Pa4f209t	51st Biel GM 2018	Biel SUI	2018.07.29	7.2
BVfB26E2	Mukachevo m g/10'+10''	Mukachevo	2007.10.27	7
Te5gE1SB	Sarajevo op	Sarajevo	2009.05.18	9
oARZFqlU	Baku op	Baku	2013.09.20	2
AeakacxN	WS/M/910	ICCF	2023.07.23	?
XX4h9VN2	Dos Hermanas Internet qual-A 10th	ICC INT	2009.03.13	2
Iuw3ZZQH	YUG-ch	Kladovo	1990.??.??	?
K4FpC2Cr	Skilling Open KO 2020	chess24.com INT	2020.11.29	3.12
oPWVAyFG	Meltwater Tour Final 2021	chess24.com INT	2021.09.27	3.6
FzIq5ULt	Goldmoney Asian Rapid KO	chess24.com INT	2021.06.29	1.12
ogEuS94r	EU-chT (Men) 19th	Warsaw	2013.11.14	6.2
MCd2zZhJ	World Cup	Khanty-Mansiysk	2009.11.25	2.2
mA8pPzWg	PCA-Wch Candidates sf2	Linares	1994.??.??	4
mOtWn31m	13th Norway Chess 2025	Stavanger NOR	2025.05.26	1.2
QWoKPiq9	Aimchess US Rapid Prelim	chess24.com INT	2021.08.30	15.5
ncLLGOOL	chess.com Speed 2019	chess.com INT	2019.11.14	2.11
SL9kqrOT	World Blitz 2017	Riyadh KSA	2017.12.29	10.1
0CpYq93C	4th Zurich CC Rapid	Zurich SUI	2015.02.19	2.3
Rv61huqd	Dos Hermanas	Dos Hermanas	1996.05.27	6
5CxF6fMB	World Championship	Mexico City	2007.09.16	4
Dz39mE6Q	Zurich CC Blitz 2014	Zurich SUI	2014.01.29	5.2
bDPkIliF	USA-ch Gr-A	Saint Louis	2011.04.15	1
xwsuOwWW	TCh-SRB Premier 2014	Palic SRB	2014.08.31	2.2
b1Ca5HhZ	1000GM Vegas GMA 2024	Las Vegas USA	2024.06.01	2.3
jwgdrnBs	AUT-chT2O 1011	Austria	2010.10.30	3.1
W3i1YTxr	SRB-chT	Valjevo	2011.09.03	8.5
3AE9sPTL	World Blitz 2015	Berlin GER	2015.10.14	18.4
EmR5xixf	Calvia ol (Men)	Mallorca	2004.10.20	6
0GSXTfag	70th ch-RUS HL 2017	Sochi RUS	2017.07.03	2.2
nJz62JAS	World Blitz 2015	Berlin GER	2015.10.13	3.54
XBRgT9yc	Candidates FIDE sf1	Sanghi Nagar	1994.??.??	2
bXjKD3SG	Bundesliga 1112	Germany	2011.10.16	3.1
F6G0VUsD	Istanbul ol (Men) 40th	Istanbul	2012.08.29	2.1
B0BPmM8j	Kemerovo1	Kemerovo	1995.??.??	7
gZqgc5eJ	Osijek	Osijek	1993.??.??	5
NrbMZipj	17th American Cont Rapid	Medellin COL	2024.06.01	4.1
o3w0Ds98	ROM-ch sf	Sovata	2001.03.12	3
KHSxtdzB	Legends of Chess Prelim	chess24.com INT	2020.07.23	3.1
qiJxEVni	Beijing Sportaccord blitz	Beijing	2011.12.13	13
7KyHZZ0b	Linares 12th	Linares	1994.??.??	12
kJ5zC02I	Saint Louis Blitz 2018	Saint Louis USA	2018.08.14	4.4
6O4A2uka	GCT Blitz Paris 2018	Paris FRA	2018.06.23	5.3
b6rsP7MZ	Belgrade GMA op	Belgrade	1988.??.??	?
dSgYmiCe	Lloyds Bank op 16th	London	1992.??.??	?
T6DGszE3	Albena Masters op	Albena	2013.06.01	1
RPDTV4Fy	London MSO Banwell Memorial	London	2001.08.24	7
vBXzT1Zc	ch-European Blitz 2013	Warsaw POL	2013.12.13	11.2
I5wsobNc	Nalchik FIDE GP	Nalchik	2009.04.28	12
7HIo43eE	Astrakhan FIDE GP	Astrakhan	2010.05.21	10
OjpKV2kE	European Blitz 2016	Tallinn EST	2016.12.17	16.4
Gu3PfTBf	World Cup ACP 3rd	Odessa	2009.05.22	1.1
bCiOIJJt	Cappelle op 10th	Cappelle la Grande	1994.??.??	8
2bfVrIHu	Goodricke op 05th	Kolkata	1994.??.??	9
pDHz5BHR				
1jfE2El1	Politiken Cup 05th	Copenhagen	1983.??.??	8
yMYYWTAn	POL-ch 39th	Zielona Gora	1982.??.??	?
bqAvk0Yx	Manila ol (Men)	Manila	1992.??.??	?
gR0XHBY3	FRA-chT	France	1991.??.??	?
h40DLghI	Tan Chin Nam Cup 1st	Beijing	1995.??.??	3
SLmjfssI				
GcyarKL4	GCT Blitz Paris 2016	Paris FRA	2016.06.12	10.1
7bgdSnIR	Vugar Gashimov Mem 2018	Shamkir AZE	2018.04.27	8.3
CgAKP9ni	3rd Sinquefield Cup 2015	Saint Louis USA	2015.08.29	6.1
pPJdum2s	USA-ch	San Diego	2004.12.03	8
Wa1cnpHL	World Cup of Rapid Chess-A	Cannes	2001.03.21	1
OkBw2mDh	Zuerich Kortschnoj KO	Zuerich	2001.04.29	2.1
gZYSCGGp	42nd Olympiad 2016	Baku AZE	2016.09.04	3.7
y0qJuz9r	Gibraltar Masters playoff 8th	Caleta	2010.02.04	2.1
d6k8I5C8	Corus	Wijk aan Zee	2000.01.16	2
1dmhZRC2	Bugojno	Bugojno	1986.??.??	1
N8ooCLpM	World Rapid 2017	Riyadh KSA	2017.12.26	3.20
zQJXVx0C	Levitov Chess Week Rapid	Amsterdam NED	2023.09.22	5.4
YnhUxfoF	Capablanca Memorial Elite 40th	Havana	2005.05.06	1
Ow4b3w1C	Rubinstein Memorial 34th	Polanica Zdroj	1997.??.??	3
liROLllh	NED-ch58	Leeuwarden	2003.06.27	2
0rOapxIk	CUB-ch	Cuba	1982.??.??	2
EDDpGsSn	BCF-ch 79th	Plymouth	1992.??.??	1
iUEnpvBx	Barcelona Guinardo 6th	Barcelona	2013.09.05	4
3OLNMGOY	4th Norway Chess 2016	Stavanger NOR	2016.04.24	5.1
UDQ2aWgX	SpeedChess Final 2024	Paris FRA	2024.09.06	1.10
V3eaeOii	Nancy FFE 2nd Stage KO	Nancy	2012.04.29	2.4
h8d8a2EA	FIDE World Blitz 2013	Khanty-Mansiysk	2013.06.09	4
wFX8Ra4Q	Bucharest m rap	Bucharest	2005.03.25	5
zA9TBGUI	Wch Blitz 3rd	Moscow	2007.11.22	33
JiHAExY0	IMSA Basque 2016	Huai'an CHN	2016.03.03	4.11
NChqiOGT	37th Benasque Open 2017	Benasque ESP	2017.07.15	10.1
fF2BGWPe	Chigorin Memorial-A 15th	St Petersburg	2007.12.06	6
SZStONxC	SVK-45/Gold (SVK)	ICCF	2013.02.10	?
5X2L0cEh	9th Washington Int 2022	Rockville USA	2022.08.14	3
uPOxZZwO	MT-Geet/A (NED)	ICCF	2014.02.01	?
ffCKg2Ka	Moscow Tal Memorial 1st	Moscow	2006.11.06	1
LphLVHmW	TCh-TUR Super League 2019	Konya TUR	2019.07.20	4.6
sv34KFvj	Eurotel Trophy	Prague	2002.04.29	1.2
nDtOt7Vl				
E9n1OcQs	LiSB-ch	Heerlen	1999.11.28	7
McnIcFbX	Wch Rapid	Astana	2012.07.07	10
ezCwozE7	Moscow Aeroflot rapid final	Moscow	2013.02.16	1.2
s8AihTBN	Beijing Sportaccord rap	Beijing	2011.12.09	2
EcDYnZue	TCh-BEL 2014-15	Belgium BEL	2014.11.02	3.2
xZCmbn7R	Buenos Aires ITT FMDA	Buenos Aires	2003.??.??	?
9OdfuxAZ	Asuncion	Asuncion	1991.??.??	4
8pEaozSh	BCF-chT 0809 (4NCL)	Hinckley Island	2008.12.07	4.2
Jx40KI70	Hasselbacken Open 2016	Stockholm SWE	2016.05.03	4.4
3Vj7OsGZ	St Petersburg-ch 85th	St Petersburg	2012.05.05	1
yrGBJZsw	Moscow Aeroflot op-A 11th	Moscow	2012.02.10	4
fiVWN5K7	WC27/ct01	ICCF	2007.02.25	?
wUHgRik2	FRA-ch blitz	Nice	2011.02.20	6
UlhER8Ww	27th Czech Open E 2016	Pardubice CZE	2016.07.15	3.1
XP5tCKFB	CHN-chT	Beijing	2012.10.06	15
FIG8LUAZ	Asia Cities-ch 16th	Beirut	2009.04.22	8
KmlOhKHC	TCh-RUS Rapid 2015	Sochi RUS	2015.05.08	1.21
a9oQnUgK	Chepukaitis Memorial blitz final	St Petersburg	2013.09.07	5
9U8xaH43	41st Olympiad Open 2014	Tromso NOR	2014.08.06	5.5
b1yQ05xe	Selfoss Milk Masters 1st	Selfoss	2002.10.15	8
kyIqvtny	Paris Multicoms-A	Paris	2006.12.18	6
Rudo9fcW	TCh-ESP Div Honor 2017	Linares ESP	2017.08.19	6.2
bhSVnQf8	FRA-chT Top 16 Gp Haute	Guingamp	2010.06.06	11
nwSsvwfu	Hoogeveen Unive op	Hoogeveen	2009.10.18	3
JvO1BChb	4th Sinquefield Cup 2016	Saint Louis USA	2016.08.14	9.5
PFB3fYOl	FIDE World Rapid Team	Almaty KAZ	2024.08.04	10.1
ZQ83aKWH	1st China Chess King 2015	Taizhou CHN	2015.11.26	2.1
FmNXzu3W	Paris Senat CanalWeb GP	Paris	2000.05.06	1.1
ZMmp6CzX	Athens tt	Athens	1996.??.??	?
yiqpZfAy	Casablanca Chess 2024	Casablanca MAR	2024.05.18	1.2
e1eXNswm	Ashkhabad	Ashkhabad	1996.??.??	10
B2AxOw4d	TOP 16 Rapid GP Final	Khanty-Mansiysk RUS	2020.12.16	8.5
aF38ZBgj	Montreal Empresa-A	Montreal	2006.08.16	9
w3yzPrTD	Mainz Classic rap Prelim	Mainz	2008.08.01	1
KWYYr88h	Kecskemet5	Kecskemet	1992.??.??	?
8bJan8JK	Bratto opB 5th	Bratto	1999.??.??	1
umUswvy8	BUL/TC11 (BUL)	ICCF	2009.09.15	?.3
i2zV2aYv	Baer Polgar Challenge	chess24.com INT	2021.04.08	2.6
4VN5uqwr	Moscow PCA-op rapid	Moscow	1994.??.??	9
TsCAcBA3	Zalakaros op 27th	Zalakaros	2008.05.27	6
7WNgXItx	Salinas Olimpic Fest 3rd	Salinas	2005.02.23	9
xxXTvCKD	San Bernardo ITT	San Bernardo	2005.07.10	7
h9s3SQOf	Clichy IM	Clichy	1993.??.??	1
BOX30Fl6	TCh-AUT 2nd Ost 2016-17	Austria AUT	2017.01.14	6.5
mbhCNDTM	SVK-chT1W 0607	Slovakia	2006.10.08	2.2
uMs2AQpm	Grischuk-Grachev m	playchess.com INT	2006.12.25	?
I9qdJUXZ	Gyumri	Gyumri	2009.05.27	5
OMsDOsnI	Dutch League 2014-15	Netherlands NED	2014.11.22	3.3
mU3Uw4Y0	Salinas Olimpic Fest 3rd	Salinas	2005.02.20	5
KMCNnakd	Julian Borowski rap	Mainz	2001.08.25	4
awdv5ToT	Julian Borowski-A 2nd	Essen	2000.05.01	5
eCMCtwgu	EU-ch 1st 30'	Neum	2000.10.02	1
8ux3xJSA	ISR-chT 1112	Israel	2012.01.06	5.6
oN4AqDoZ	Bled ol (Men)	Bled	2002.10.29	4.1
mWEkvjEx	RUS-ch 57th	Moscow	2004.11.22	7
4fAUskj6	RUS-ch 57th	Moscow	2004.11.17	3
ZPvWERFC	EU-ch 12th	Aix-les-Bains	2011.04.01	10
JWtPi8vu	Hessen-ch M	Moerlenbach	2004.04.05	6
k3QSpJEC	NED-chT 0102	Netherlands	2001.??.??	1
ktG2hS5I	Oberwart op	Oberwart	2002.07.12	8
gcOznJfR	Dortmund	Dortmund	1996.07.12	7
hSjFma8N	chess.com Junior Speed	chess.com INT	2019.07.09	2.20
It2nPndZ	RUS-chT 13th	Sochi	2006.04.23	4
P8yirdH6	Ciego de Avila	Ciego de Avila	2010.06.30	4
x2KPDFl4	UZB-ch	Tashkent	2007.05.12	2
Ikn7PrL0	Kastav Hotel Opatija 05	Kastav	2000.05.11	7
etEbRMWg	Nijmegen RABO	Nijmegen	1978.02.04	6
QS9u4VWp	Guillermo Garcia Memorial-A 20th	Santa Clara	2011.06.02	12
TGEmlDmI	Goodricke op 11th	Kolkata	2000.02.14	9
Q6i3OLq8	Bundesliga 9293	Germany	1992.??.??	?.7
qZ2fR5An	Amber-rapid 10th	Monte Carlo	2001.03.19	3
gBqfrgQD	Global Chess League 2023	Dubai UAE	2023.07.01	10.2
M8U3Tvg4	HUN-chT 9596	Hungary	1996.??.??	9
xrvGVe91	CZE-chT2 9899	Czechia	1998.??.??	?
7tUVJ4wa	Torremolinos 14th	Torremolinos	1974.??.??	4
EGc7mD5J	Moscow Women op-C	Moscow	2010.02.04	6
qawqhBNo	AUT-chT2O 0910	Austria	2010.04.17	10.1
kLvRyniE				
d7NQtIzk	Amber-rapid 06th	Monte Carlo	1997.??.??	1
ul3tLOUA	Palma De Mallorca GP 2017	Palma de Mallorca ESP	2017.11.20	5.3
3wkKYAa5	Amber-rapid 06th	Monte Carlo	1997.??.??	4
QXn05VGD	5th Yaroslav the Wise Rapid	Yaroslavl RUS	2014.08.26	1.3
LZ3KrFru	Wch Blitz	Astana	2012.07.10	19
93XjLBa8	Wch Blitz 5th	Moscow	2010.11.16	5
VeyGOy6j	Wch Blitz 5th	Moscow	2010.11.17	23
JBTDN8qc	Wch Blitz 3rd	Moscow	2007.11.21	4
VyKcacze	Yerevan ol (Men)	Yerevan	1996.??.??	7
ATfQp5Bl	Brussels SWIFT	Brussels	1986.??.??	?
HEeUnZ8l	WMSG Blitz Team 1st	Beijing	2008.10.13	4
IleRVVw6	1st ch-EUR University	Yerevan ARM	2015.10.07	2.3
qJEvtte9	Banja Luka	Banja Luka	1987.??.??	10
teuXygj8	Neckar op-A 12th	Deizisau	2008.03.21	3
V9IXct6Y	Beijing Kings Challenge	Beijing	2003.09.23	5
s4sOhyW9	FIDE World Cup	Khanty-Mansiysk	2011.08.29	1.2
1md7uiCd	Bundesliga 0708	Germany	2007.12.01	3.1
Sk194Nro	Dos Hermanas 10th	Dos Hermanas	1999.04.14	7
jANgWiW6	19th Karpov Poikovsky	Poikovsky RUS	2018.06.02	6.5
SGjlacWV	Frankfurt Ordix op	Frankfurt	1999.07.04	10
bobLjBe9	3TPA/VEN/1A (VEN)	ICCF	2020.04.15	?
DqvLEASs	Pardubice Czech op-A	Pardubice	2009.07.24	1
uENB9bXZ	ARG/cup04/sf  2 (ARG)	ICCF	2022.11.30	?
mFMN8AVy	Bundesliga 8586	Germany	1986.??.??	?.5
H5UjzmHD	Rostov on Don tt	Rostov on Don	1980.??.??	?
x3GPSz47	Pau op	Pau	1988.??.??	5
8alb3MPE	URU-ch	Uruguay	1997.??.??	?
63BIvuIZ	URU-ch	Uruguay	1997.??.??	?
VSP6NmSR	INA-ROW m	Bali	1999.05.06	5
09nzLJkl	Vitrobud op	Sandomierz	1976.??.??	8
huppzpCc	ARG-ch	Buenos Aires	1998.04.27	11
xYFHxSy1	Linares m	Linares	1993.??.??	3
YW8RXIhX	Moscow Aeroflot op-A	Moscow	2004.02.17	1
G3iWLV9x	Chigorin Memorial 15th	Sochi	1981.??.??	?
4P1QvGKl	14th Teplice Open 2019	Teplice CZE	2019.06.21	7.7
XuRDvLnh	Cap d'Agde CCAS Trophee KO	Cap d'Agde	2008.10.29	1.3
i1mD0aC4	Fujitsu Siemens Giants	Frankfurt	2000.06.23	5
MFadXmYU	Corus	Wijk aan Zee	2005.01.16	2
Qf7g4XE3	Superbet ROM Classic 2025	Bucharest ROU	2025.05.11	5.5
0rFWclgh	Sofia MTel Masters 2nd	Sofia	2006.05.18	7
YiwhmkCD	2nd Norway Chess 2014	Stavanger NOR	2014.06.10	7.2
gIbaXFrw	Beijing FIDE GP	Beijing	2013.07.07	4
E4dq4ore	Paris NAO GM 1st	Paris	2003.02.15	3
rtL1zEgI	VIE-chT (Women)	Vung Tau	2005.08.??	2
S2BdVoXE	Vugar Gashimov Mem 2014	Shamkir AZE	2014.04.23	4.3
sLME96Ie	URS-ch otbor	Pavlodar	1987.??.??	?
jV4cybbF	Romanian Teams 1st League	Mamaia ROU	2021.10.07	7.2
P0kty7n0	FRA-chT2W 0203	France	2002.11.16	2
JcCKsBRM	EU-chT (Women) 16th	Heraklio	2007.10.28	1
oCQ0ZGOM	Moscow Aeroflot op-A 10th	Moscow	2011.02.12	5
Y7K8IVIb	European Online CC GpA	Tornelo INT	2021.03.27	2.5
GCnvPafH	European Blitz 2014	Wroclaw POL	2014.12.19	11.1
u8GBDsdo	TCh-ESP Div Honor 2016	Monzon ESP	2016.09.26	1.1
91pH9iu2	FRA-chT Top 16	Asnieres sur Seine	2006.05.05	9
6dnspQ2A	43rd Seville Open 2018	Seville ESP	2018.01.18	7.5
azvqGYHm	Gorbea Memorial op 5th	Madrid	2001.09.11	5
FtQPkQz8	ACP Blitz Prelim2	playchess.com INT	2004.04.13	16
49zpsWJ7	Wch U18	Chalkidiki	2003.10.23	1
NDRvezoH	World Cup qual	Khanty-Mansiysk	2007.10.17	5
LDKg4Jft	Nassau Int	Syosset	1984.08.11	5
d3hZDfxa	Hastings Challengers 9596	Hastings	1995.??.??	1
YmSUuhqb	81st Tata Steel GpA	Wijk aan Zee NED	2019.01.26	12.6
Dx1SShs2	16th Karpov Poikovsky	Poikovsky RUS	2015.09.29	2.4
Tef7mcDB	Lost Boys 5th	Antwerp	1997.??.??	7
7siRLWZW	TCh-RUS Rapid 2015	Sochi RUS	2015.05.08	1.8
r3uGI5B9				
LDbv7WoI	European Blitz 2016	Tallinn EST	2016.12.18	24.19
4VP5te5L	Tula	Tula	2007.02.21	14
zYdd3f2q	Oberwart op	Oberwart	2000.??.??	1
jJirD9iS	Velden op	Velden	1993.??.??	3
FpWpuNRi	Istanbul ol (Men) 34th	Istanbul	2000.11.06	9.2
oU12L8ZC	26th Czech Open A 2015	Pardubice CZE	2015.07.27	4.82
12t9EOlT	All China Games 4th	Hefei	2010.05.18	3
HS1lM1oe	GRE-ch	Liosia	1991.??.??	?
jRRj92mJ	Champions Challenge 225th	playchess.com INT	2007.11.17	1.4
cDqrIx8j	St Cebria op	St Cebria	1997.??.??	8
R4Bc5SfN	Toronto-A1	Toronto	2008.01.22	1
MhEBXu0q	SVK-chT1W 1112	Slovakia	2011.12.10	5.1
bDECChyC	Amsterdam Euwe Memorial	Amsterdam	1991.??.??	7
ZYNg3QCb	Amber-rapid 08th	Monte Carlo	1999.03.21	5
ZW5hyVXb	Tunis Interzonal	Tunis	1985.??.??	4
FOAdP6vN	Tunis Interzonal	Tunis	1985.??.??	13
HUt6sXoY	Candidates m6	Saint John	1988.??.??	4
MRjSq0Wq	PRO League Group Stage	chess.com INT	2017.02.11	5
kV4LaRjU	Turin op	Turin	2000.11.24	7
Bmhp6uHY	CCO17/S3	ICCF	2006.01.10	?.5
oYI261Fv	Politiken Cup 34th	Helsingor	2012.08.05	10
5ES26RZf	7th Gashimov Mem Rapid	Baku AZE	2021.12.18	1.1
6n0Dy27t	Lille op 2nd	Lille	2011.04.27	3
rt34NoR6	Privolzhskogo FO-ch U16	Oktjabrsky	2004.11.??	8
TdkSS5kg	Espergarde op	Espergarde	1978.??.??	2
IpjFR8LK	PCA-World Championship	New York	1995.09.14	3
92IWGmV4	PCA-World Championship	New York	1995.09.18	5
zaG4jrbn	7th London Classic 2015	London ENG	2015.12.08	5.5
h2jpkWVp	7th Sinquefield Cup 2019	Saint Louis USA	2019.08.23	6.1
fbZVJ0ae	Tal Memorial 8th	Moscow	2013.06.23	9
9SM8YTZP	chess.com Speed 5m+1spm 2018	chess.com INT	2018.09.18	2.1
gsRaBV6Q	5th Classic KO 2013	London ENG	2013.12.14	1.1
IvHih9Bm	Amber-blindfold 09th	Monte Carlo	2000.03.26	9
R0jLUfs2	4th Norway Chess 2016	Stavanger NOR	2016.04.25	6.4
PA2ek8X9	10th Tal Mem 2016	Moscow RUS	2016.09.29	3.5
OPAn7bVD	Region Blitz Moscow 2018	Moscow RUS	2018.03.01	7.2
mn2WN2Q3	FIDE Chess.com Grand Swiss	Douglas ENG	2019.10.20	10.3
ZFotHM4v	FIDE-Wch k.o.	Groningen	1997.12.30	7.6
zLIJChML	Dortmund	Dortmund	1996.07.08	4
Z2iMkyF9	World Rapid 2017	Riyadh KSA	2017.12.27	9.30
z4Rao1pq	World Rapid 2019	Moscow RUS	2019.12.27	7.76
pDf9DF9v	Riga Cup	Riga	1980.??.??	?
kJbloCE3	Kharkov Region-ch 9900	Kharkov	1999.??.??	?
mVclNwja	Wch Candidates sf	Elista	2007.06.01	1.5
djcPQUCo	Bundesliga 0910	Germany	2010.02.06	8.1
pCLpv9no	Wch Blitz 3rd	Moscow	2007.11.22	28
33luvRVb	Chessable Masters Prelim	chess24.com INT	2021.07.31	1.7
xOFSdHdm	Amber-rapid 19th	Nice	2010.03.13	1
SxAvyhBw	Mazatlan rapid	Mazatlan	1988.??.??	?
PI1dzZ7p	Bundesliga 2023-24	Viernheim GER	2024.02.23	9.5
uPhCjToh	World Blitz 2018	St Petersburg RUS	2018.12.30	13.26
fAsqXNUl	Siegen ol (Men) qual-D	Siegen	1970.09.07	3
f9T5tpdd	Moscow-ch	Moscow	2008.05.18	7
k4pqWnfR	Mark Dvoretsky Mem 2021	Moscow RUS	2021.02.11	6.4
hu9yR0tr	Yerevan ol (Men)	Yerevan	1996.??.??	5
K5jru1eI	Oslo op	Oslo	2011.10.06	6
8e5IFol3	Linares 26th	Linares	2009.02.28	8
vuv0zbe4	Amber-rapid 17th	Nice	2008.03.22	7
RHlRD9WN	Amber-rapid 17th	Nice	2008.03.17	3
WGy6bhrU	FIDE World Rapid Team	Almaty KAZ	2024.08.02	4.13
MlX8P41T	Hoogovens	Wijk aan Zee	1972.01.16	5
SR94ruqF	Mitropa Cup 2014	Ruzomberok SVK	2014.05.25	3.1
PhHH8wJg	Bundesliga 9899	Germany	1998.12.13	6.1
ZhemlBRT	Warsaw AIG Life rapid qf	Warsaw	2003.12.21	2
vmWYV9FB	Hoogeveen Essent Crown 10th	Hoogeveen	2006.10.28	6
nMhvCUgy	Eurotel Trophy	Prague	2002.04.30	2.1
WblcSFov	Sofia MTel Masters 1st	Sofia	2005.05.16	5
Eni0pLzB	6th Norway Chess 2018	Stavanger NOR	2018.06.01	4.2
bZwrUk6R	Moscow Tal Memorial 3rd	Moscow	2008.08.25	7
q8EhBK0m	Saint Louis Rapid 2022	Saint Louis USA	2022.08.26	2.2
NeRf8Ogt	Luohu GM Blitz 2018	Shenzhen CHN	2018.06.14	5
KpQ7q17E	San Antonio	San Antonio	1972.11.21	3
jYWLAU6j	USA-ch sf2	Chandler	1997.09.06	7
ruJNqO92	76th ch-GEO 2017	Tbilisi GEO	2017.01.23	3.3
y3Es3Kh9	Universiad Men 27th	Kazan	2013.07.10	2
5OE2ICra	PCA/Intel-GP	Moscow	1994.??.??	1
slPVmyAh	Moscow Aeroflot op-A1	Moscow	2008.02.19	6
BZ9ZeOSp	US op 099th	Kona	1998.08.07	7
0UQOQFeh	Amber-rapid 20th	Monte Carlo	2011.03.14	3
1W9Gujsb	FIDE World Rapid 2014	Dubai UAE	2014.06.16	2.2
tMdAYPIH	Wch Blitz 3rd	Moscow	2007.11.22	32
AD0Yusgi	11th Kings Blitz 2017	Medias ROU	2017.11.28	12.1
ugqimX91	Clutch-ch June	Lichess.org INT	2020.06.09	1.8
5SI19OfF	RUS-chT 17th	Dagomys	2010.04.10	9
wvh9b4v9	Moscow Blitz Final 2014	Moscow RUS	2014.09.06	8.7
1gpen6c2	Warsaw STG m1	Warsaw	2010.05.26	2
a4CXaVNM	CRO-chT1A 20th	Sibenik	2011.10.07	4.2
J9mLXPJy	Opera Euro Rapid Prelim	chess24.com INT	2021.02.06	3.7
rDGmGJ8j	Opera Euro Rapid Prelim	chess24.com INT	2021.02.06	1.6
h8pysjEp	Amber-blindfold 19th	Nice	2010.03.19	6
DA1nqBKO	Goldmoney Asian Rapid KO	chess24.com INT	2021.06.30	1.23
DObnzoHh	ch-USA Seniors 2023	Saint Louis USA	2023.07.23	8.2
qYj1hZSh	Saint John op-2	Saint John	1988.??.??	?
tSJ9sQFw	43rd Olympiad 2018	Batumi GEO	2018.10.01	7.6
bfn10ZqG	Moscow ol (Men)	Moscow	1994.??.??	9
G13BVpQY	World Rapid 2025	Doha QAT	2025.12.28	13.29
A9QiD0Cj	World Blitz 2019	Moscow RUS	2019.12.29	3.58
CLIqHtlv	20th ch-EUR Indiv 2019	Skopje MKD	2019.03.20	3.30
MMIMGZXD	TCh-FRA Top 12 2017	Chartres FRA	2017.05.19	2.2
xcQnZ1wk	Montecatini Terme op 8th	Montecatini Terme	1999.08.02	3
c6RbMdA1	FRA-chB	Besancon	2006.08.18	5
4cmywF3R	RUS-Cup04	Samara	2002.07.29	4
gtHLYSiz	Novi Sad	Novi Sad	1976.12.12	12
6qQrpnpS	Belgorod	Belgorod	1990.??.??	?
ggbu601N	Terrassa op	Terrassa	1994.??.??	5
O3PBmvku	ARG-ch Najdorf Memorial	Buenos Aires	1999.11.23	5
slLGcWza	Panama op 1st	Panama City	2011.11.07	9
z3vsOeJK	New York MCC	New York	1980.??.??	10
NRBnf29t	DEN-chT 0203	Denmark	2003.02.02	5.1
yEh4I9Vl	ESP-FIN 2012/s	ICCF	2012.02.25	?.7
gBlxS2io	Oviedo rapid	Oviedo	1991.??.??	4
aG1zsvYt	Groningen op	Groningen	1990.??.??	8
q90oSVi8	Sydney op	Sydney	2008.03.29	8
fbS846EL	1st Merida World Heritage	Merida (Badajoz) ESP	2021.08.05	2.4
aRqGUl5E	Pamplona 14th	Pamplona	2004.12.26	4
6H0tWtUk	90th ch-FRA 2015	Saint-Quentin FRA	2015.08.16	7.1
xXW9UFwq	URS-CupT	Tbilisi	1976.??.??	?
iQR0p1qj	CHN-ch	Xinghua	2012.04.04	8
QAlHKGfS	GCT Rapid Paris 2017	Paris FRA	2017.06.22	5.5
w7u1BNCD	81st Tata Steel GpA	Wijk aan Zee NED	2019.01.13	2.3
yIChVvPx	Siemens Giants	Frankfurt	1999.06.29	1
Vo38pcpN	Wch Blitz 3rd	Moscow	2007.11.21	14
7VshIc2B	Superbet POL Rapid 2025	Warsaw POL	2025.04.27	5.4
A5Za6z8m	7th Norway Blitz 2019	Stavanger NOR	2019.06.03	9.4
hzE7lFbI	Beijing FIDE GP	Beijing	2013.07.09	5
sxXygS3u	FIDE World Cup 2017	Tbilisi GEO	2017.09.21	6.5
vdm3GUGl	81st Tata Steel GpA	Wijk aan Zee NED	2019.01.14	3.3
gqKnSTKw	77th Tata Steel GpA	Wijk aan Zee NED	2015.01.11	2.2
kPhgShRv	Korinthos op 7th	Korinthos	2004.07.30	9
NaCKZqEH	Panticapaeum Rapid 2021	Kerch RUS	2021.09.22	7.2
E03CTS0M	Tatry op	Tatranske Zruby	2012.09.26	5
4Jkd2Qxg	Berliner Sommer 12th	Berlin	1994.??.??	?
G92iykqo	1st Bangalore Int Open	Bangalore IND	2024.01.23	7.18
soNsU0z8	Roquebrune rapid	Roquebrune	1992.??.??	10
izaRs75J	BRA/CXEB-Open01  2 (BRA)	ICCF	2023.06.30	?
4ojmb1Z2	WS/SIM/A/17	ICCF	2023.06.29	?
UhRqmWm2	5th Dziedzica Mem 2015	Trzcianka POL	2015.04.19	3.7
XiZF5FCS	NED-ch44	Hilversum	1989.04.11	2
hxZ3hBhe	GCT Rapid Paris 2018	Paris FRA	2018.06.21	6.4
lfr3M0an	Saint Louis Blitz 2017	Saint Louis USA	2017.08.17	7.2
0hWnLwuY	Saint Louis Blitz 2017	Saint Louis USA	2017.08.18	13.4
x77fya4b	URS-ch55	Moscow	1988.07.??	7
C9o4BQqE	EU-chT (Men) 16th	Heraklio	2007.11.06	9.2
WaDyjMrg	25th ch-EUR Indiv 2025	Eforie Nord ROU	2025.03.22	7.1
LQgxEzqp	World Cup	Belfort	1988.06.??	8
zmCNFfu5	GCT Rapid YourNextMove	Leuven BEL	2017.06.28	3.2
RbbgEmpt	World Championship	London	2000.10.28	12
4qJggR50	Aimchess Rapid KO	chess24.com INT	2022.10.19	2.13
ksOdfiqr	Saint Louis Rapid 2022	Saint Louis USA	2022.08.26	3.5
pbRcqNvQ	CCT Final Survival Winner	Toronto CAN	2023.12.12	1.2
AHG5eFGt	World Rapid 2025	Doha QAT	2025.12.27	7.35
lhQuQfFT	Chennai GM 2024	Chennai IND	2024.11.07	3.4
2eH640ZF	Sofia MTel Masters 3rd	Sofia	2007.05.20	10
yJjkJvtZ	Chess.com RCC Wk12 Swiss	chess.com INT	2022.04.30	1
aVppJJWT	Chessable Masters Final	chess24.com INT	2020.07.03	3.16
joGtUkin	Legends of Chess Prelim	chess24.com INT	2020.07.22	2.1
86raeBDd	chess.com SF Blitz 3m+2spm 2016	chess.com INT	2016.08.24	19
lo1wGh6G	Carlsen Tour Final	chess24.com INT	2020.08.18	2.57
G4hNqC2b	GCT Blitz YourNextMove	Leuven BEL	2016.06.19	4.3
onALx0AR	NIC Classic KO 2021	chess24.com INT	2021.04.27	1.13
4ojhjB5x	18th Moscow Stars Final	Moscow RUS	2022.07.20	3.1
SI6Sl3qE	Wch Blitz 2nd	Rishon Le Ziyyon	2006.09.07	9
Pv3sY1M8	Nis City-ch	Nis	2010.05.31	7
Ks60a6Du	Opera Euro Rapid KO 2021	chess24.com INT	2021.02.10	1.23
hYBmKJ28	FIDE Candidates 2020	Yekaterinburg RUS	2021.04.26	13.4
EjrJvaH3	Amber-blindfold 15th	Monte Carlo	2006.03.26	8
1iJ7s5eM	Beijing Sportaccord blitz	Beijing	2012.12.16	8
9knh66m7	Wch Blitz 5th	Moscow	2010.11.17	27
j16Mw9VU	GCT Blitz Paris 2017	Paris FRA	2017.06.25	14.2
UXWe8FAk	Saint Louis Rapid 2021	Saint Louis USA	2021.08.13	9.5
ik9YgB8J	Saint Louis Blitz 2019	Saint Louis USA	2019.08.14	15.2
myDu8U0d	Morelia/Linares 24th	Morelia/Linares	2007.03.09	13
FWi6QnOY	48th Biel GM 2015	Biel SUI	2015.07.22	3.1
YAIqjRNC	Manila	Manila	1974.??.??	8
ynKNE2fZ	15th Asian Continental	Tashkent UZB	2016.06.02	8.8
oojhbrsP	Sochi Chigorin Memorial	Sochi	1974.??.??	9
Mce8qShJ	Moscow PCA-GP Kremlin Stars	Moscow	1996.04.27	1.1
sGVDTjZY	World Cup	Khanty-Mansiysk	2007.12.01	3.2
5MKUapVO	FIDE Grand Swiss 2023	Douglas IOM	2023.11.04	10.5
wP7VkVDh	Foros Aerosvit 3rd	Foros	2008.06.11	4
T9lKkrSB	RUS-chT 13th	Sochi	2006.04.26	7
9Ek8y8Hu	Goodricke op 11th	Kolkata	2000.02.11	6
FXJJY4JE	Calvi Balagne op 02nd	Calvi	2005.02.26	9
LFpqc3uq	Arnold Cup	Gausdal	1989.??.??	?
Ls3xqKhb	Lindores Abbey Final 8	chess24.com INT	2020.05.27	1.32
07XoK2t8	Moscow Tal Memorial Blitz	Moscow	2008.08.30	34
rv6gf7Bw	Prague Masters 2nd	Prague	2020.02.21	9
Lo9E21Vv	Tata Steel IND Rapid Open	Kolkata IND	2023.09.07	7.5
j2XFOHY7	Wch Blitz 5th	Moscow	2009.11.17	20
5elUpQGe	KM FIDE GP 2015	Khanty-Mansiysk RUS	2015.05.14	1.3
7py7g9yM	Chessable Masters Prelim	chess24.com INT	2021.07.31	4.6
udycrCwb	Airthings Masters Prelim	chess24.com INT	2022.02.21	9.5
ECDFKxSp	Airthings Masters KO 2022	chess24.com INT	2022.02.23	1.12
XazCzqdC	WCh 2014	Sochi RUS	2014.11.18	8
V8VlNp5T	Botvinnik Memorial m	Moscow	2001.12.04	3
nRdva0Bb	Grand Slam Final 4th	Sao Paulo/Bilbao	2011.10.07	7
5MTULzEv	Magnus Carlsen Inv Prelim	chess24.com INT	2021.03.14	9.6
8NogdEns	Vugar Gashimov Mem 2018	Shamkir AZE	2018.04.25	6.1
ZNL5oKqo	Sofia m 25'	Sofia	1998.05.03	3
NP4XJf9Q	Las Palmas	Las Palmas	1996.12.19	8
X4To7GWC	London Classic 3rd	London	2011.12.11	8
RWltnTlH	ch-USA 2015	Saint Louis USA	2015.04.04	4.1
0WhkNTCE	Grand Slam Final 1st	Bilbao	2008.09.04	3
TyDT5p1i	Astana	Astana	2001.05.26	6
YYQ0HkhJ	Vugar Gashimov Mem 2015	Shamkir AZE	2015.04.26	9.1
uIWGixoN	Wch Blitz final (Women)	Moscow	2010.09.18	30
b4zZk0om	FRA-chT	France	1998.02.06	1
eLTkuykP	Bayamo	Bayamo	1990.??.??	5
6b6937Av	Luanda Cidade	Luanda	1981.01.31	9
TJAqxuE3	Dordrecht blitz	Dordrecht	2000.02.12	17.2
lMEwgD8b	Groningen PCA	Groningen	1993.??.??	10
sppr9xnF	Cento op 1st	Cento	2011.02.12	9
IgxeC5Vu	Saint John op-1	Saint John	1988.??.??	?
FRSRgsmt	Canadian op	Kitchener	2006.07.21	7
PeZlWEdG	MT-Radzikowska (POL)	ICCF	2015.02.05	?
HYOs36Wt	Dos Hermanas Internet f 10th	ICC INT	2009.03.20	2.1
oNvjbgy1	Miskolc Avas op-A	Miskolc	2000.06.21	3.1
70oHe1ld	SWE-ch	Motala	1976.??.??	?
SyMmdsuu	RUS-chT	Sochi	2004.04.26	7.1
daw6fSt1	FIDE GP	Moscow	2002.06.05	5.2
UT18EOWt	FIDE GP	Moscow	2002.06.05	5.4
dd0LNuDM	Amber-rapid 07th	Monte Carlo	1998.03.17	5
ZbtbCKAz	World Rapid 2021	Warsaw POL	2021.12.28	11.12
nVo6uGNi	86th Tata Steel Masters	Wijk aan Zee NED	2024.01.23	9.4
7mCTO6gT	German Masters 2022	Magdeburg GER	2022.08.19	4.1
bQwKG6L2	Kirovakan	Kirovakan	1978.??.??	12
hUxKItXb	Pula zt	Pula	1975.11.10	14
gVDvqRJn	Wch U26	Sofia	1994.??.??	5
nqJKy1oE	Jurmala	Jurmala	1978.??.??	10
JDqrqskr	Paks Atom Cup GM 2nd	Paks	1997.??.??	7
LDHG6hKd	Bonneweg ET14	Luxembourg	1986.??.??	2
6gmD7thA	RUS-ch Seniors	Odintsovo	2008.10.09	7
D7UntY0s	Amber-rapid 17th	Nice	2008.03.20	5
i0JSjA3U	Zlin	Zlin	1995.??.??	?
5K7MHnbJ	CZE-chT 9697	Czechia	1997.??.??	9
UPXjVwmP	Golden Cleopatra op	Cairo	2003.06.08	7
9l8MGknJ	St Petersburg Nov op	St Petersburg	2008.11.08	8
8hSf9Rvr	26th TCh-CRO Div 1b 2017	Mali Losinj CRO	2017.10.04	7.43
P53zJSER	Budapest FS12 GM	Budapest	2011.12.05	3
QzhENxMr	Bad Woerishofen op 24th	Bad Woerishofen	2008.02.29	2
8NL3La7F	Srbia-chT	Jahorina	2000.??.??	?
bgUfQlrb	ch-FIN 2021	Sastamala FIN	2021.07.24	8.4
iyhcpkOx	CM.2001.0.00128	IECG	2001.01.28	?
i68knyCz	Budapest FS10 IM-A	Budapest	2001.10.16	11
eMHIAlmL	Amber-rapid 15th	Monte Carlo	2006.03.28	9
fdpzbDmu	FIDE World Cup	Khanty-Mansiysk	2011.09.08	4.4
UFxkQ5no	Wch Blitz 4th	Almaty	2008.11.08	8
chZjs8Rc	FIDE World Cup	Khanty-Mansiysk	2011.09.02	2.3
PbZWFr5I	BCF-ch 87th	Millfield	2000.08.11	11
96PzYCMj	Oviedo rapid	Oviedo	1993.??.??	8
FulgIWe9	FIDE World Blitz 2014	Dubai UAE	2014.06.20	20.30
Jepimiir	Nova Gorica op-A 15th	Nova Gorica	2010.02.06	9
5xV8Btx5	27th Abu Dhabi Masters	Abu Dhabi UAE	2021.12.12	2.9
5GyUIWq6	Lloyds Bank op 05th	London	1981.08.27	3
Hep9egHI	Berliner Sommer 11th	Berlin	1993.??.??	?
jAalrVl9	21st European Teams	Hersonissos GRE	2017.10.31	4.16
0jbLZyrx	Oberliga Bayern 1112	Bayern	2011.11.20	3.4
6ZTXUtB8	86th Tata Steel Masters	Wijk aan Zee NED	2024.01.24	10.4
jJV5Nqb6	Chess.com RCC Wk19 Swiss	chess.com INT	2022.07.02	6
4DiuPOBK	Chess.com RCC Wk12 Swiss	chess.com INT	2022.04.30	4
ShrxMLfa	World Rapid 2016	Doha QAT	2016.12.27	7.19
gYahrPqy	EU-Cup 28th	Eilat	2012.10.11	1.2
bB73oNeH	15th ch-EUR Indiv 2014	Yerevan ARM	2014.03.10	7.5
NQtrLCkc	World Rapid 2024	New York USA	2024.12.27	7.42
XQBT4Jwb	FRA-ch 87th	Pau	2012.08.20	7
DFqewBnp	Armageddon Grand Finale L	Berlin GER	2023.09.18	2.2
E5rtoFF2	Tata Steel India Rapid	Kolkata IND	2022.11.29	3.5
0NxaE6LG	1st Kasimdzhanov Masters	Tashkent UZB	2023.03.28	5.3
yZbjLiOv	Tata Steel India Rapid	Kolkata IND	2022.11.29	1.4
IbLx4dJd	Carlsen Tour Final	chess24.com INT	2020.08.11	1.31
m3Bo7j6Y	6th Norway Blitz 2018	Stavanger NOR	2018.05.27	3.4
yDdzj8Gn	Carlsen-Ding Showdown G5	Saint Louis USA	2017.11.14	2
vxAxdCMg	Nations Cup Online Prelim	Chess.com INT	2020.05.07	6.2
xIFxhk01	PRO League KO Stage 2019	chess.com INT	2019.03.21	1
ceEgctLk	EU-ch rapid	Panormo	2002.10.01	6
fXclFEqt	Alushta Autumn 1st	Alushta	2011.09.05	4
PgzCBUzn	La Fere op 8th	La Fere	2009.07.10	8
14aBFdCv	FRA-chT	France	1996.??.??	?
F9dPmkKT	Bolzano op 15th	Bolzano	2000.07.19	6
EwQe8EFq	Swidnica op	Swidnica	1999.07.05	8
jY2qsb1x	Politiken Cup 34th	Helsingor	2012.07.29	3
12eKTqq7	Carlsen Tour Final	chess24.com INT	2020.08.18	2.56
A1PwmvoV	Aimchess Rapid KO	chess24.com INT	2022.10.19	2.14
JqaUyp4a	TechM GCL Final 2025	Mumbai IND	2025.12.23	2.1
9LBDXYf2	Opera Euro Rapid KO 2021	chess24.com INT	2021.02.10	1.22
Fisl8tey	chess.com Speed 1m+1spm 2018	chess.com INT	2018.11.30	3.19
bddAqsI0	World Championship	London	2000.10.24	10
mzpQKu0R	5th Norway Chess 2017	Stavanger NOR	2017.06.15	8.2
BoqBJoAD	PRO League KO Stage	Chess.com INT	2020.09.27	4.4
V5r6savB	Chessable Masters GpB	chess24.com INT	2020.06.23	10
0WG5Y9z0	chess.com Speed 1m+1spm 2017	chess.com INT	2017.08.23	1.26
ix0FflRS	URS-ch42	Leningrad	1974.??.??	10
3NWjo4wd	YUG-chT	Vrnjacka Banja	1999.??.??	11
JQBgOJOt	YUG-chT playoff	Vrnjacka Banja	1999.08.31	3
MPyj7jx4	Fujitsu Siemens Giants	Frankfurt	2000.06.22	1
xbT1NZw6	Zuerich Kortschnoj KO	Zuerich	2001.04.29	1.1
rhrZMTRS	Leon Masters 25th	Leon	2012.06.09	4
3nr5DWN5	Chessable Masters Losers	chess.com INT	2025.02.20	4.2
aYM5XH7I	Jerusalem Masters 2025	Jerusalem ISR	2025.12.02	11.1
ELms3kjZ	WCh 2024	Singapore SIN	2024.11.30	5.1
ptCRR05M	World Rapid 2024	New York USA	2024.12.27	8.4
Uq2ZKtVw	GCT Blitz Paris 2017	Paris FRA	2017.06.25	16.2
PtBDo3mE	Tilburg	Tilburg	1991.??.??	6
m9pWfM54	Wch Blitz 3rd	Moscow	2007.11.21	13
b56lfRCx	Paris Immopar rapid	Paris	1991.??.??	2
cUcarEAl	FIDE Candidates 2024	Toronto CAN	2024.04.18	12.1
JzldvvWB	WR Chess Masters 2024	London ENG	2024.10.15	2.2
OOtNQZkT	Paris Immopar rapid	Paris	1991.??.??	3
LFGWBlBy	83rd Tata Steel Masters	Wijk aan Zee NED	2021.01.31	13.5
dqfmt8LA	PRO League Stage	Chess.com INT	2020.01.29	4
N2yGudmd	Khanty-Mansiysk ol (Men) 39th	Khanty-Mansiysk	2010.09.25	5.1
80Hvh7Hy	Moscow Aeroflot op-A	Moscow	2007.02.15	2
8mvvVSgq	Saint Louis Blitz 2019	Saint Louis USA	2019.08.14	11.2
nYelaE8D	Wch Blitz	Astana	2012.07.10	25
IWjGrGbJ	World Rapid 2024	New York USA	2024.12.27	7.7
LEkdkruJ	Tata Steel India Rapid	Kolkata IND	2024.11.13	1.2
80qbPLMC	9th Masters Final 2016	Bilbao ESP	2016.07.15	3.2
PaosPAuT	Norway Masters blitz	Stavanger	2013.05.07	5
pLztNtW6	Corus	Wijk aan Zee	2000.01.19	4
TtwNzq7F	Nakamura vs Aronian Blitz	Saint Louis USA	2014.11.25	14
K1ndnvm4	TCh-POL Ekstraliga 2016	Poland POL	2016.09.24	5.2
DP2uWHaY	Le Port Marly Paribas blitz op	Le Port Marly	2012.06.16	6.1
YoCxfXbj	TCh-TUR Super League 2016	Izmir TUR	2016.08.03	11.7
GmqITFjT	EU-ch 7th	Kusadasi	2006.04.14	10
vqZ3UePX	FIDE World Blitz 2014	Dubai UAE	2014.06.20	17.3
rMOYohNi	Zuerich blitz	Zuerich	2013.02.22	4
LS9rmJqf	FIDE World Blitz 2014	Dubai UAE	2014.06.20	15.5
roRGWbJb	Carlsen Inv Prelim	chess24.com INT	2020.04.30	7.4
Lmx5f02T	Amber-rapid 17th	Nice	2008.03.17	3
cyTuZNOg	chess.com QF Blitz 1m+1spm 2016	chess.com INT	2016.05.04	21
I4EApW3Q	11th Sinquefield Cup	Saint Louis USA	2024.08.28	9.4
UoFrggMX	Bundesliga 0910	Germany	2010.03.20	12.4
Grdc8uJK	EU-ch Rapid-30'	Cap d'Agde	1996.??.??	?
hlrfXMZC	EU-Cup 18th	Kallithea	2002.09.28	7.5
3a2XKeYD	77th Tata Steel GpA	Wijk aan Zee NED	2015.01.10	1.3
EeSBfN1k	EU-ch 11th	Rijeka	2010.03.11	6
VQttWiRZ	Biel GM	Biel	2003.07.30	9
ALDXIAfr	Tata Steel India Blitz	Kolkata IND	2019.11.25	2.3
jPQhVlOL	chess.com Blitz Final 1m+1spm 2016	chess.com INT	2016.10.27	24
0A9Lhop7	Opera Euro Rapid Prelim	chess24.com INT	2021.02.06	1.2
IaNSgKjE	Meltwater Tour Final 2021	chess24.com INT	2021.10.01	6.4
FIISNMij	Norway Chess	Stavanger	2013.05.09	2
GMoea1Yt	World Blitz 2017	Riyadh KSA	2017.12.30	21.34
KT5FffqP	86th ch-ESP 2021	Linares ESP	2021.08.23	8.1
2RaAw3ag	World Rapid 2024	New York USA	2024.12.28	13.27
wpZI6jN0	World Blitz 2017	Riyadh KSA	2017.12.30	19.37
ppahlGci	World Blitz 2019	Moscow RUS	2019.12.30	16.19
Xj1NN3KR	Moscow Aeroflot op-A 11th	Moscow	2012.02.15	9
Bdfrsx3P	SRB-chT Premier	Ruma	2020.10.01	9.6
wfph4PpS	RUS Cup final	St Petersburg	2009.11.04	1.6
59BTq13A	Saint Louis Blitz 2019	Saint Louis USA	2019.08.14	18.5
0NZ9GXOE	chess.com SF Blitz 5m+2spm 2016	chess.com INT	2016.08.23	4
igWCiD06	GCT Blitz Paris 2019	Paris FRA	2019.07.31	9.5
CeEIlLbU	Xiong-Liem rapid m	Lichess.org INT	2020.08.08	1
yCgxOR1M	RUS-chT	Dagomys	2008.04.13	11
UgPUL0yX	54th Biel Master Open	Biel SUI	2021.07.27	2.1
0t87s6Um	Moscow Aeroflot op-A	Moscow	2009.02.18	2
qgNvUsFB	FIDE-Wch k.o.	Tripoli	2004.06.22	2.2
eLpOPKc3	Guarenas Martinez Memorial	Guarenas	2012.10.28	6
y7MM2G9l	Reggio Emilia 53rd	Reggio Emilia	2011.01.04	7
zd95VidL	Champions Showdown 60m	Saint Louis USA	2016.11.11	3.1
Rf9mCQFv	GCT Rapid Paris 2018	Paris FRA	2018.06.22	9.2
YRQTrojZ	Porzellan Cup	Dresden	1997.??.??	25
WtxPHMRR	ch-RUS Blitz 2016	Sochi RUS	2016.10.04	9.6
ktyJfEmd	PHI-ch	Manila	2008.07.05	6
OvAwgsv9	70th Moscow Blitz	Moscow RUS	2016.09.04	5.4
VBbGwsWG	TCh-RUS Rapid 2016	Sochi RUS	2016.10.06	9.2
Tp8y5Gcr	POL-chT1	Ustron	2003.09.12	7
58H3Bbi3	ROM-80 (ROU)	ICCF	2005.03.20	?
HuAdxnnX	Chicago op 17th	Chicago	2008.05.25	5
woDirAmN	Zhukov Memorial	Spasskoe	1996.??.??	1
S7m7J4BV	WS/GMN/009	ICCF	2007.10.30	?
MfWOqI0x	WS/GMN/009	ICCF	2007.10.30	?
RURjY7PT	Philippine Int Open 2014	Quezon City PHI	2014.12.09	6.4
kwhuu45x	TCh-RUS Rapid 2019	Sochi RUS	2019.10.18	3.4
VeJyyFuR	9th Batavia GM 2017	Amsterdam NED	2017.02.27	4.4
CA996IhT	PAL/CSS Freestyle fin 8th	playchess.com INT	2008.04.11	2
J8Wp7kt5	PRO League KO Stage 2019	chess.com INT	2019.03.21	1
5S6fb2Do	Internet Section 16-A	Dos Hermanas	2003.03.16	5
fnIjdaIF	RUS Fed Internet Cup Final 5'	chessassistantclub.com INT	2004.12.28	16
vfFLiavE	Magistral de VRSA 3rd	Santo Antonio	2000.05.26	7
jQHrl5a2	ch-RUS Rapid 2019	Sochi RUS	2019.10.16	10.11
8f1E8p0z	SLO-chT	Rogaska Slatina	2009.??.??	7
ILLcrlZc	FRA-ch blitz	Paris	2009.01.25	5
GlQTEcWq	Moscow-ch	Moscow	1996.??.??	10
y4Ijw6UU	Manresa op 35th	Manresa	2008.08.19	8
8qFA6g2l	TCh-CZE Extraliga 2018-19	Czech Republic CZE	2019.02.10	8.3
qp1M9kuo	ch-CHN Rapid 2018	Tianjin CHN	2018.06.06	1.2
TAfNAJgu	SportAccord Blitz Women 2013	Beijing CHN	2013.12.16	23.2
c7cS9R2p	RUS Fed Internet Cup Final 5'	chessassistantclub.com INT	2004.12.28	5
s8UiuOvd	World Rapid 2018	St Petersburg RUS	2018.12.27	9.2
ctAkwSyp	Linares 14th	Linares	1997.02.06	3
RY5tWSss	Corus	Wijk aan Zee	2002.01.26	12
mrm1jtkd	RUS-The World	Moscow	2002.09.10	7
u6Jr7B8U	Adhiban-Wei Yi Basque m	Hoogeveen NED	2017.10.27	1.2
nRuxPguQ	Online Olym Div2 E 2021	chess.com INT	2021.09.04	7.5
hv5iDfHw	RUS Fed Internet Cup Final 5'	chessassistantclub.com INT	2004.12.28	15
2c1GAU25	TCh-RUS Rapid 2016	Sochi RUS	2016.10.05	2.4
ieOtxWoG	Moscow-ch blitz	Moscow	2004.09.05	?
6UaqqpkE	FIDE World Cup	Khanty-Mansiysk	2005.12.02	2.4
3kT4oz8z	FIDE World Cup	Khanty-Mansiysk	2005.12.02	2.5
Y8BfUOuu	FIDE World Cup	Khanty-Mansiysk	2005.12.01	2.2
qnPgBGTA	Elbow Beach Club GM-A	Paget Parish	2001.01.30	10
p8Ft1nJ4	ISR-ch	Ramat Aviv/Modiin	2000.12.24	7
vGbIZ86j	RUS-ch Higher League 73rd	Sochi	2020.10.17	9
nU2136Dx	Las Vegas National op	Las Vegas	2006.06.18	6
t8FGM50u	ch-USA 2016	Saint Louis USA	2016.04.14	1.1
P7YBbMXf	15th Nat Games Tm Prelim	Huairou District CHN	2025.06.12	5.1
ElVKr7xR	EU-ch blitz 29th	Warsaw	2010.12.17	3
JJck0BUH	Cap d'Agde-A	Cap d'Agde	2002.10.25	4
4ApcyiGo	Geller Memorial	Odessa	2005.07.01	3
ejf2ysit	ISL-CHN m	Reykjavik	2013.02.16	1.2
HL23NYir	Sydney op	Parramatta	2010.04.09	5
iO2Ht44j	Oviedo rapid	Oviedo	1993.??.??	12
klUMP3Pe	World Rapid 2016	Doha QAT	2016.12.28	14.1
UnKR5cNl	GCT Blitz YourNextMove	Leuven BEL	2017.07.01	5.2
mfHs2f15	SpeedChess Final 2024	Paris FRA	2024.09.06	1.13
x2LY5EE6	Mexico City UNAM KO	Mexico City	2010.11.19	1.3
bTPSYWja	Bundesliga 1112	Germany	2011.10.16	3.4
8P6ey58H	Pan-Am Intercollegiate	Kenner USA	2016.12.30	6.2
oR0qHrfI	Bundesliga 1112	Germany	2011.12.11	7.3
vt7vPCWD	Chess.com RCC Wk25 Swiss	chess.com INT	2022.08.13	1
bZUBey6V	Chessable Masters Prelim	chess24.com INT	2021.08.01	9.5
xzfStMyy	World Rapid 2023	Samarkand UZB	2023.12.28	10.9
RzRMhap9	Chess.com Rapid Wk2 Swiss	chess.com INT	2022.02.19	9
dOmgnzkM	FIDE Candidates 2020	Yekaterinburg RUS	2021.04.21	10.1
ZvPoG0LD	5th Norway Chess 2017	Stavanger NOR	2017.06.07	2.4
HmSACnso	Airthings Masters Prelim	chess24.com INT	2022.02.22	15.8
8a7m4Inw	WCh 2021	Dubai UAE	2021.11.26	1
Iy5zieFc	Arctic Stars Final	Kristiansund	2010.08.30	2
A3APPG1V	WCh 2016	New York USA	2016.11.18	6
JsPtHlOQ	Clutch Chess: Champions	Saint Louis USA	2025.10.29	13.2
NgKZGRc3	Grand Slam Final 5th	Sao Paulo/Bilbao	2012.10.12	9
6rA9re76	FIDE Candidates 2018	Berlin GER	2018.03.26	13.4
f5n63q5L	6th London Classic 2014	London ENG	2014.12.10	1.2
ppwrlp7Z	Champions Showdown Blitz	Saint Louis USA	2019.02.23	11.5
OIVNXejQ	FIDE World Blitz 2013	Khanty-Mansiysk	2013.06.10	21
etuQG2jf	23rd Dubai Open 2023	Dubai UAE	2023.06.02	7.3
iDZNVMSL	EU-ch 12th	Aix-les-Bains	2011.03.27	6
WgVjD5uO	Beijing Sportaccord blitz	Beijing	2011.12.13	14
Vmj8dahN	Kiev rapid	Kiev	2013.06.07	8
PSlbw3gd	70th ch-RUS HL 2017	Sochi RUS	2017.07.11	9.5
qLiyQrMH	World Rapid 2024	New York USA	2024.12.28	13.14
KWcK9TFa	Int ch-Central SRB Op A	Paracin SRB	2015.07.04	3.8
YvpA2Euk	FRA-chT	France	1996.??.??	?
2zsWqWzq	Budapest Spring Open 2017	Budapest HUN	2017.03.24	7.3
Z2JhGz7n	Linares	Linares	1983.??.??	?
76SDtPwM	Champions Showdown Rapid	Saint Louis USA	2019.02.21	5.5
fn5Nc5zR	FIDE World Blitz 2014	Dubai UAE	2014.06.20	17.12
Fnxy8U3i	World Blitz 2018	St Petersburg RUS	2018.12.29	3.43
VwfNGeYp	Ilichevsk Sunnny Pawn-A	Illichevsk	2008.07.30	10
qMkVLjjQ	FIDE World Blitz 2014	Dubai UAE	2014.06.20	13.12
53eSNWWb	Moscow Tal Memorial Blitz	Moscow	2008.08.30	22
1FJ06wdn	Candidates sf1	London	1989.??.??	4
08m4eOaT	World Blitz 2017	Riyadh KSA	2017.12.30	15.31
exU8Cihd	World University-ch 12th	Guimaraes	2012.08.25	9
illg9CjD	PRO League KO Stage 2018	chess.com INT	2018.03.21	2
EwjREsaO	SUI-chT	Switzerland	1988.??.??	?
BnNy19U8	Alushta Autumn 5th	Alushta	2002.10.16	2
fPNMpSLu	Cez Trophy 2016	Prague CZE	2016.06.06	2
AhbIOyF2	Cez Trophy 2016	Prague CZE	2016.06.08	4
0zrw9sYM	World Blitz 2018	St Petersburg RUS	2018.12.29	5.10
7S6RAjVM	World Championship 28th	Reykjavik	1972.08.27	19
KiQ5wdHE	Bayern-chI Bank Hofmann 16th	Bad Wiessee	2012.11.02	7
aBYuKgb1	Julius Baer GenCup Prelim	chess24.com INT	2022.09.18	2.1
8wkabvP0	Podolsk	Podolsk	1992.??.??	?
QbNixp8k	Amber-blindfold 17th	Nice	2008.03.25	9
K4XYtZOh	Champions Showdown G5	Saint Louis USA	2017.11.12	12.3
iLS44Neu	Munich SKA	Munich	1991.05.11	7
znob2W6u	Aeroflot Open A 2016	Moscow RUS	2016.03.03	3.2
eN9Vh48Y	TCh-ROU 2014	Calimanesti-Caciulata ROU	2014.11.13	6.5
dCnKH1IS	EU-ch 5th	Antalya	2004.05.16	2
XrStrbwR	Frankfurt-West Masters	Frankfurt	1999.06.30	7
Rat1baMT	World Rapid 2017	Riyadh KSA	2017.12.27	9.31
7KX0rhr0	PRO League KO Stage	Chess.com INT	2020.03.04	1
IpaoBkVE	RUS-ch Higher League 63rd	Irkutsk	2010.08.28	3
toqdPqGG	Al-Ain Classic Open A 2013	Al-Ain UAE	2013.12.23	5.1
PF5wQVBU	Wch Blitz 5th	Moscow	2010.11.16	10
tx95srYs	Moscow MGSU Rector Cup	Moscow	2012.11.10	5
oEhKCr3k	Chess24 Banter Blitz Cup	chess24.com INT	2019.12.20	2.5
tdw3ZD0T	24th ch-EUR Indiv 2024	Petrovac MNE	2024.11.12	5.15
50E1epIP	51st La Roda Open 2025	La Roda ESP	2025.04.19	7.2
3lotsA3F	Cappelle op 23rd	Cappelle la Grande	2007.03.05	3
4l55rTkF	PRO League KO Stage 2017	chess.com INT	2017.03.15	3
0sVRFfgY	Novosibirsk Siberian Bank Cup	Novosibirsk	2012.11.17	2
2NIYGBtv	Champions Showdown G10	Saint Louis USA	2017.11.11	5.2
lCaIIqnr	Champions Showdown G10	Saint Louis USA	2017.11.11	3.2
DQ3FHkFI	Global Chess League 2023	Dubai UAE	2023.06.24	4.2
AIRkXa8u	56th Biel GM Rapid 2023	Biel SUI	2023.07.16	6.3
7wtbB79O	Julius Baer Gen Cup Pl/In	chess.com INT	2024.09.25	6
waiPqz63	Tal Memorial Blitz 2014	Sochi RUS	2014.11.14	17.3
rX2WJGYo	Saint Louis Blitz 2019	Saint Louis USA	2019.08.14	14.4
XGcsqqcZ	Budapest RWE Gas m	Budapest	2001.01.04	6
O4ruDFv5	SpeedChess Final 2024	Paris FRA	2024.09.06	1.25
FA4i63AA	chess.com QF Blitz 1m+1spm 2016	chess.com INT	2016.05.04	23
Ecyunhy1	Goldmoney Asian Prelim	chess24.com INT	2021.06.28	11.1
U4kT1ftE	Landesliga Sued 0304	Bayern	2004.04.25	9.2
MuomQEND	American Cup Elim	Saint Louis USA	2022.04.26	4.4
P7ehWlIy	Online Olym Div Top-B	Chess.com INT	2020.08.21	1.1
gCM2KI5f	21st TCh-RUS 2014	Loo RUS	2014.04.10	4.1
XaC35Dk1	Moscow Tal Memorial Blitz	Moscow	2008.08.30	26
so5KOokL	Lindores Abbey Prelim	chess24.com INT	2020.05.19	4
DSykzD5f	WCh 2018	London ENG	2018.11.15	5
5cEbmnTo	84th Tata Steel Masters	Wijk aan Zee NED	2022.01.29	12.1
oTmodDrI	Tata Steel India Rapid	Kolkata IND	2019.11.23	5.4
UxNCMRFG	Charity Cup KO 2022	chess24.com INT	2022.03.26	3.21
JsoiepfC	SuperUnited Rapid 2023	Zagreb CRO	2023.07.05	1.1
VCYoq3EG	Grand Slam Final 5th	Sao Paulo/Bilbao	2012.10.12	9
BAbBOSHh	Saint Louis Rapid 2017	Saint Louis USA	2017.08.16	9.1
mmxkCAkE	Zurich CC Rapid 2014	Zurich SUI	2014.02.04	3.2
fOZTwXN7	Norway Chess	Stavanger	2013.05.12	4
iWn7MlXO	Magnus Carlsen Inv KO	chess24.com INT	2021.03.18	2.14
lE8xBwf1	Tashkent FIDE GP 2nd	Tashkent	2012.11.24	3
jCmufRz7	Amber-rapid 16th	Monte Carlo	2007.03.29	11
hSq1ST7T	Corus	Wijk aan Zee	2001.01.25	10
j6YzZOGz	Millionaire Chess Op 2015	Las Vegas USA	2015.10.10	5.3
fagYKl7S	Chess.com RCC Wk19 Swiss	chess.com INT	2022.07.02	2
s419HIJ4	70th Moscow Blitz	Moscow RUS	2016.09.04	13.6
uLkXIsFO	12th Asrian Memorial 2019	Jermuk ARM	2019.06.16	6.1
mx0IsIKY	World Blitz 2016	Doha QAT	2016.12.30	15.2
XR8gQUC2	Croatia GCT 2019	Zagreb CRO	2019.07.06	10.4
LMiTNDRK	Saint Louis Blitz 2017	Saint Louis USA	2017.08.18	12.4
CP0c2Pej	Guarapuava	Guarapuava	2006.08.??	6
P4wUjVmh	Swiss/white (SUI)	ICCF	2007.02.01	?
FjsZtYN4	HUN-chT 9394	Hungary	1994.??.??	?
xUE5vX1S	Eger Narancs Cup	Eger	1993.??.??	3
ZhGilf3G	USA op	Fort Worth	1984.??.??	5
JM11VeOR				
PzCf7eJs	POR-chT	Portugal	1999.??.??	3
5NTx3e4R	EU/TC7/sf3	ICCF	2005.12.20	?.6
dqeR4kks	WC31/sf03	ICCF	2007.04.25	?
RCxh2z54	Yalta rapid	Yalta	1995.??.??	6
Ij0EJeVp	Dresden ZMD op	Dresden	2010.07.16	7
mWQWoQP8	Moscow ol (Men)	Moscow	1994.??.??	5
JPklJAxI	FIDE Grand Swiss 2023	Douglas IOM	2023.10.30	6.8
4dHm3xhW	45th Olympiad 2024	Budapest HUN	2024.09.16	6.6
aFvBLTSG	St Louis Spring A	Saint Louis USA	2024.04.14	4.5
rZtUsrfh	TCh-POL Ekstraliga 2019	Katowice POL	2019.08.29	2.3
JxKRg75t	American op 40th	Los Angeles	2004.11.28	7
zoK2f79a	Aalborg m	Aalborg	1994.??.??	2
C2i4dXpu	Budapest Statisztika IM	Budapest	1992.??.??	5
UsiZWlTY	ROM-chT	Brasov	2011.10.09	2.2
arud6gkM	86th Tata Steel Masters	Wijk aan Zee NED	2024.01.24	10.2
2j50p8Y2	World Blitz 2018	St Petersburg RUS	2018.12.29	2.28
t3NYfSLQ	Oslo	Oslo	1984.??.??	?
gyIR6MZb	TCh-TUR Super League 2015	Kocaeli TUR	2015.08.07	4.1
XHiiLFsG	New York op	New York	1986.??.??	?
IEZHdeNo	Oviedo rapid	Oviedo	1993.??.??	3
rRffFr60	Sao Paulo-ch fin	Serra Negra	2002.??.??	?
ybZm1KID	YUG-ch op	Nis	1996.??.??	1
q3rhUhHR	Tatry op	Tatranske Zruby	2010.10.06	6
lc4ltULd	Katowice op	Katowice	1990.??.??	5
yDVKmT2U	Nakhchivan Open 2016	Nakhchivan AZE	2016.05.12	3.3
Axm5IBs7	Nis Open 2017	Nis SRB	2017.06.28	2.4
OzTF9JTO	Novi Sad ol (Men)	Novi Sad	1990.??.??	6
dQhl7STH	Canarias en Red final	playchess.com INT	2004.05.09	3
37hVx6AM	World Rapid 2022	Almaty KAZ	2022.12.27	6.13
2dLP1vrN	World Blitz 2018	St Petersburg RUS	2018.12.30	13.13
6OSLgP35	SPICE Cup Open 2016	Saint Louis USA	2016.10.19	4.1
36ELQ2co	Beersheba	Beersheba	1993.??.??	7
q4TIWth6	SuperChess Blitz 2019	Bucharest ROU	2019.11.10	16.3
VNs2zhqZ	NED-chT 1011	Netherlands	2010.11.20	3.2
VkaUu5Hf	Chess.com RCC Wk21 Swiss	chess.com INT	2022.07.16	2
KTQeZoCi	Moscow Tal Memorial Blitz	Moscow	2008.08.30	19
MIYGCXdK	Internet blitz 5'	ICC INT	1998.06.04	?
6WMdkVFA	Wch Blitz 5th	Moscow	2010.11.16	11
KxG51GLx	22nd European Teams	Batumi GEO	2019.11.02	9.2
lhezgmGa	Qatar Masters Open 2023	Doha QAT	2023.10.20	9.2
cpp3a9ic	Saint Louis Rapid 2024	Saint Louis USA	2024.08.14	8.2
wnoSwOhq	10th Tal Mem 2016	Moscow RUS	2016.10.01	5.5
XJEuMbkq	ch-CHN Blitz 2018	Tianjin CHN	2018.06.08	8.1
y4BYA8N8	World Blitz 2017	Riyadh KSA	2017.12.30	21.3
26iAropm	Karpov Cup - 50 years	Moscow RUS	2025.05.22	4.1
2gdfA20m	Online Olym Top DivB 2021	chess.com INT	2021.09.10	9.4
Q1Mhse4p	World Blitz 2016	Doha QAT	2016.12.30	19.19
fZlUa3sm	TCh-RUS Premier 2019	Sochi RUS	2019.05.09	8.2
8ZN1Pt6H	Prague m1	Prague	2006.08.11	3
vIc3UMog	Candidates sf2	Buenos Aires	1980.??.??	8
Tgxx8SET	Candidates sf2	Buenos Aires	1980.??.??	6
vIovnKtX	ch-HUN Rapid 2023	Ajka HUN	2023.07.22	6.3
YSuFLnHa	Aeroflot Open A 2016	Moscow RUS	2016.03.04	4.3
jnwjtYbI	4th Norway Chess 2016	Stavanger NOR	2016.04.29	9.5
PUvQjuiU	World Rapid 2016	Doha QAT	2016.12.26	5.4
GIqiN39e	GCT Blitz YourNextMove	Leuven BEL	2017.07.01	4.1
zcLNbFMp	Mondariz zt 1.1	Mondariz	2000.09.07	5
jjjiLKaG	World Cup	Reykjavik	1991.??.??	1
SKXtknXa	TCh-AUT 2021	Austria AUT	2021.03.13	6.3
tsTktD5I	World Rapid Women 2019	Moscow RUS	2019.12.28	12.5
nOpkAkDX	D.S. Shcherbin Mem 2024	Yekaterinburg RUS	2024.01.13	4.1
uhEnlGTI	USA-ch	Mentor	1977.??.??	3
XVVit61E	US op	Los Angeles	1991.??.??	?
LZcl8LZw	YUG Cup	Ulcinj	1998.??.??	4
lN4lB13u	6th HD Bank Cup 2016	Ho Chi Minh City VIE	2016.03.10	4.7
1OJtNN0W	CZE-chT 0910	Czechia	2010.03.27	8.5
kF15eTmR	Gibraltar Masters 2017	Caleta ENG	2017.01.27	4.58
f0Y52aZ8	5th Dziedzica Mem 2015	Trzcianka POL	2015.04.19	5.5
m5BB4MW7	Bundesliga 2015-16	Berlin GER	2016.02.06	5.4
eVXdvxjt	83rd ch-UKR 2014	Lviv UKR	2014.11.14	4.4
zUGrs6Vc	Czerniak Memorial 26th	Tel Aviv	2011.05.26	4
iRIFZseD	FRA-chT Top 16 GpA	Noyon	2005.04.01	5
vaRfEMQe	Basel m	Basel	1986.05.15	1
p4hasJtA	TCh-CHN Division A 2014	Jiaxing CHN	2014.09.12	14.3
KPWsqv6q	Kolkata op 4th	Kolkata	2009.09.09	9
WZSjDXFJ	Alma-Ata m3	Alma-Ata	1995.??.??	?
AyhjcRGE	YUG-chT	Niksic	1996.??.??	?
ZFAn4K91	Recklinghausen	Recklinghausen	1998.??.??	2
VkHdsVa9	Dordrecht FPO	Dordrecht	1998.??.??	?
pVWa8y3Y	CZE-chT2e 0607	Czechia	2007.01.14	6.1
GqrKUbqv	Forli op	Forli	1989.??.??	4
t9kUwT76	Bratto op 13th	Bratto	1993.??.??	?
WprR3XUv	Montreal	Montreal	1979.05.06	18
Ls8T3B2I	Chess Classics Masters	Frankfurt	1998.06.18	10
4b5wLHN5	20th European Teams	Reykjavik ISL	2015.11.21	8.1
0ikstnQl	Superbet Blitz 2019	Bucharest ROU	2019.11.09	6.1
cPZEMgZ6	CRO-chT	Sibenik	2007.10.17	5
WEoNcMzb	NED-ch op 5'	Dordrecht	2002.02.15	?
5R9jYkfg	Sarajevo Bosnia 33rd	Sarajevo	2003.05.21	4
PVpQwVPA	Hoogeveen Essent Crown 12th	Hoogeveen	2008.10.20	2
WxtbbsnZ	4th Zurich CC Blitz	Zurich SUI	2015.02.13	2.1
xKhQshQK	Amber-blindfold 20th	Monte Carlo	2011.03.14	3
195LAO8p	GCT Blitz YourNextMove	Leuven BEL	2016.06.19	6.3
SA9xZl62	Hoogovens 5'	Wijk aan Zee	1999.01.18	12
91nM2MJL	Leon 21st	Leon	2008.05.30	1.4
KUOZAzAN	Saint Louis Rapid 2024	Saint Louis USA	2024.08.13	6.3
6UT0GkGs	Tata Steel-A 73rd	Wijk aan Zee	2011.01.18	4
DVnZGD13	11th London Classic 2019	London ENG	2019.12.08	2.5
WCGbOkSx	GCT Blitz Paris 2017	Paris FRA	2017.06.25	17.1
SEqbKEKJ	Saint Louis Blitz 2018	Saint Louis USA	2018.08.15	17.1
q6aBa13t	SuperUnited CRO Rapid 2025	Zagreb CRO	2025.07.02	2.1
XO5e14ne	GCT Rapid Croatia 2021	Zagreb CRO	2021.07.08	4.4
FmXykWsV	Khanty-Mansiysk ol (Men) 39th	Khanty-Mansiysk	2010.09.30	9.1
EgUWE1gR	Saint Louis Rapid 2017	Saint Louis USA	2017.08.16	8.2
H8TKUSnz	Showdown Rapid 2015	Saint Louis USA	2015.11.14	3
hOzgTiJ1	2nd IMSA Blitz 2017	Huai'an CHN	2017.12.12	3.1
9IlS6zFf	6th Norway Blitz 2018	Stavanger NOR	2018.05.27	5.5
yVudmkwM	World Blitz 2018	St Petersburg RUS	2018.12.29	12.1
zVNQ66bk	Chess.com Rapid Wk8 Swiss	chess.com INT	2022.04.02	8
8G4o2QEw	Nakamura vs Aronian Blitz	Saint Louis USA	2014.11.25	12
H5nylGNR	World Rapid 2022	Almaty KAZ	2022.12.28	12.4
rLiR6G2e	FIDE World Blitz 2014	Dubai UAE	2014.06.19	10.3
qPHVR2CF	Dortmund SuperGM	Dortmund	2000.07.15	8
byDdjbVC	chess.com Speed 1m+1spm 2017	chess.com INT	2017.05.24	1.22
0JF3tXz3	World Blitz 2015	Berlin GER	2015.10.13	6.5
oN0Ss4Uc	European Blitz 2016	Tallinn EST	2016.12.17	10.16
mnScUTNn	European Online CC GpG	Tornelo INT	2021.03.28	7.3
32PFPOSa	Third Saturday IM Mix 245	Novi Sad SRB	2022.03.11	9.5
yk3aztbr	Oberliga Ost B 9798	Germany	1998.??.??	?.1
QUhhsEYH	25th ch-EUR Indiv 2025	Eforie Nord ROU	2025.03.17	3.26
wv1EJWh5	Thessaloniki ol (Men)	Thessaloniki	1984.12.04	14
3jzUh7KF	CAN-ch	Toronto	1996.??.??	1
un91CyPC	ISL-chT 1314	Reykjavik	2013.10.12	4.2
1VUhdEyO	TCh-RUS Major League 2017	Sochi RUS	2017.05.03	3.1
mzA2uxL5	Hradec Kralove	Hradec Kralove	1988.??.??	4
Jh8TKdgj	MT-Moura/B	ICCF	2019.06.02	?
MCqn26xh	5th IIFL Wealth Mumbai Op	Mumbai IND	2020.01.06	8.22
L62s34iO	URS-ch FL51	Tallinn	1983.??.??	?
te04wL5f	CL0-1998.02	IECC	1998.03.31	?
VEmuIKEm	Cappelle op 08th	Cappelle la Grande	1992.??.??	6
wFg0DzZv	Kecskemet2	Kecskemet	1991.??.??	4
1mdevCx7	Chess.com RCC Wk14 Swiss	chess.com INT	2022.05.14	2
GkPvu8vf	Vladimir Petrov Mem 2016	Jurmala LAT	2016.03.06	9.6
qHH4Ivu6	Petrov Mem Blitz 2015	Jurmala LAT	2015.03.06	4.8
FBhuAhKf	Las Vegas National op	Las Vegas	2010.06.13	5
CAkG4xQ6	Novosibirsk	Novosibirsk	1995.??.??	1
mnQvmPTr	TCh-LTU 2015	Lithuania LTU	2015.02.16	5.1
HoscLTVx	Baltic zt II Stage 2018	Palanga LTU	2018.06.15	2.2
0qyWaTSE	11th Tal Mem Blitz 2018	Moscow RUS	2018.03.05	13.1
ZUdp9GvU	PRO League All Stars St2	chess.com INT	2018.09.08	3.5
7wmkOu9i	World Blitz 2016	Doha QAT	2016.12.29	3.9
0sZCmNuc	Chess.com Rapid Wk5 Swiss	chess.com INT	2022.03.12	5
RAHeXeDo	EU-ch 10th	Budva	2009.03.12	7
nJlGBIMZ	American Continental 9th	Cochabamba	2013.05.14	10
XaGFFJLh	1st Silk Road Blitz 2016	Hancheng CHN	2016.07.21	2.2
9faWNkp3	5th Shenzhen Longgang	Shenzhen CHN	2024.03.06	6.3
ZH1eegsd	St Louis Summer A	Saint Louis USA	2024.06.05	9.5
T0xPP9Sh	TCh-AUT 2024-25	Austria AUT	2025.04.02	6.14
UcbgH053	Ubeda op 1st	Ubeda	1996.??.??	?
dj2fwOPQ	Grand Europe Cup 2014	Golden Sands BUL	2014.06.13	4.1
iU4PtqXd	Belgrade Investbank	Belgrade	1991.??.??	?
LAaBFGx4	TUR-chT	Konya	2012.07.18	8
KT7wRI8O	19th Kolkata GM Open 2014	Kolkata IND	2014.03.26	9.6
T8mVztQD	FIDE World Cup 2017	Tbilisi GEO	2017.09.04	1.2
8xKwL3vQ	Sunway Sitges Open TB	Sitges ESP	2023.12.22	2.1
YfieTtCJ	Vrnjacka Banja	Vrnjacka Banja	1992.04.13	6
DSnRtPNS	Vilnius	Vilnius	1978.??.??	6
1F8yW1qB	Plovdiv Bulgarian op 33rd	Plovdiv	2011.02.01	4
a2b3f6pT	Moscow WCT 2nd	Moscow	2009.08.09	2
o3pkegr2	Regensburg-ch	Regensburg	1995.??.??	?
FaTRgchT	FTX Crypto Cup 2022	Miami USA	2022.08.17	3.4
lIbVVUCI	NIC Classic KO 2021	chess24.com INT	2021.04.29	2.11
ukXCk43b	NIC Classic KO 2021	chess24.com INT	2021.04.29	2.32
jRFCGpcc	78th Tata Steel GpA	Wijk aan Zee NED	2016.01.22	6.1
F3AXr6zV	Beijing Sportaccord blitz	Beijing	2011.12.13	10
W7GxpsRV	World Rapid 2015	Berlin GER	2015.10.11	6.3
sURT6cly	28th Leon GM 2015	Leon ESP	2015.06.12	1.2
GrxD21ZX	Sonnevanck-A	Wijk aan Zee	1995.??.??	6
8893J61o	Cappelle op 24th	Cappelle la Grande	2008.02.17	2
0llhOj6n	WCh 2021	Dubai UAE	2021.11.28	3
8AZTl7NV	Aimchess US Rapid KO 2021	chess24.com INT	2021.09.03	2.21
YbhCZlal	Meltwater Tour Final 2021	chess24.com INT	2021.09.27	3.2
RX5WVTjC	Meltwater Tour Final 2021	chess24.com INT	2021.09.27	3.4
lN70ZLRx	Linares 18th	Linares	2001.03.01	6
lssTxQXl	WCh 2016	New York USA	2016.11.15	4
Zyx2O5Yb	Moscow Botvinnik Memorial	Moscow	2011.09.03	5
ah0XVM0y	FIDE Candidates 2014	Khanty-Mansiysk RUS	2014.03.13	1.3
ZhhrcLEP	9th London Classic 2017	London ENG	2017.12.05	4.2
QRaGpIq9	Candidates Tournament	Ekaterinburg	2020.03.22	5
k3B38yPC	3rd Norway Chess 2015	Stavanger NOR	2015.06.24	8.2
zZ9BVCHh	Carlsen-Ding Showdown G10	Saint Louis USA	2017.11.13	5
QDLyeTVU	Carlsen-Ding Showdown G30	Saint Louis USA	2017.11.11	1
Cw6pxvaa	Legends of Chess Prelim	chess24.com INT	2020.07.27	7.2
ftU9NJBI	World op 34th	Philadelphia	2006.06.29	2
6z31MbpG	Belt and Road Hunan Op A	Changsha CHN	2019.07.29	1.17
88Z6kQx7	25th Abu Dhabi Masters	Abu Dhabi UAE	2018.08.12	6.17
Oegy9KYL	Szombathely GM	Szombathely	2010.07.29	3
nU0jjZNy	Canarias en Red final	playchess.com INT	2004.05.09	4
YUE5ZTo4	Voronezh op-A 11th	Voronezh	2007.06.15	4
mvwa2U2r	Belgrade GMA op	Belgrade	1988.??.??	?
PrwyVnw1	Mainz Classic rap Prelim	Mainz	2007.08.18	6
c0hJeMkx	Amber-blindfold 15th	Monte Carlo	2006.03.23	5
p1lHx7rU	Wch Blitz qual	Moscow	2011.02.17	7
i8274mME	Mainz Ordix op	Mainz	2004.08.08	7
65QVigxO	Eurasian Blitz Chess Cup	Almaty KAZ	2016.06.18	8.7
fr62IUZY	Dubai op	Dubai	2001.04.18	4
pqbxd93a	Mitropa Online Cup 2021	Tornelo INT	2021.05.05	2.3
3KSBiFWI	TCh-POL Ekstraliga 2019	Katowice POL	2019.09.05	9.5
2oVYsqyg	Gibraltar Telecom final	ICC INT	2008.12.14	2.3
wa6JX4Q9	Banja Luka	Banja Luka	1981.??.??	?
aE2m8npy	BL2-Sued 1213	Germany	2013.04.14	9.1
q4YHVH6s	41st Olympiad Open 2014	Tromso NOR	2014.08.08	6.22
8d8PhGpq	FRA-ch	Strasbourg	1992.??.??	6
9kNkrs1Z	EU-chT Seniors 02nd	Dresden	2000.03.01	1.3
anwDkQ6W	Oslo CI	Oslo	1973.04.15	3
7p6trou9	GCT Blitz YourNextMove	Leuven BEL	2017.07.01	3.5
4wa5gCkL	St Louis Fall B 2019	Saint Louis USA	2019.09.18	9.2
FXZdr6gr	World Rapid 2018	St Petersburg RUS	2018.12.27	7.60
qDYYTbt8	2nd Hyderabad GM Open 2013	Hyderabad IND	2013.12.01	9.5
y2ATACB8	Goodricke op 05th	Kolkata	1994.??.??	1
zihpdZpB	80th Tata Steel GpA TB	Wijk aan Zee NED	2018.01.28	2
3YMOEYpa	Superliga E Kosoves 2021	Prishtina KOS	2021.05.20	7.1
bsj3BjVu	Mlada Boleslav op	Mlada Boleslav	1993.??.??	?
0XRRtgJF	TCh-AUT 2nd Ost 2016-17	Austria AUT	2017.04.02	11.4
auidGiLE	Paris-ch op	Paris	1990.??.??	?
x6U2r8w1	Zolochiv Chess Winter	Zolochiv UKR	2017.12.06	6
yqrLTxhJ	CZE-chT 0809	Czechia	2009.03.21	10.8
35uCISOc	Corus	Wijk aan Zee	2001.01.20	6
EFBWd3Pb	London Classic 2nd	London	2010.12.14	6
Qn9yHQoH	ch-SWE 2015	Sunne SWE	2015.07.19	9.3
oFF0YjAo	Bayern-chI Bank Hofmann 3rd	Bad Wiessee	1999.10.27	5
MtJXRkeo	Grand Prix du Senat	Paris	2001.04.06	2.2
QGssnYIP	FRA-chT 9900	France	2000.04.29	8.4
JZKDfWXo	SportAccord Rapid Men 2013	Beijing CHN	2013.12.13	7.8
9UKkln6R	ENG-URS m	London	1976.??.??	?
8IOcJaWo	Terme Krka ch-SLO Open	Otocec SLO	2021.07.09	8.7
RKKtIZk0	CZE-chT2B 0910	Czechia	2009.10.18	1.1
W5D7R1EB	1st League Cent-SRB 2024	Novi Pazar SRB	2024.10.18	11.4
iTbbH25s	TCh-LTU 2023	Lithuania LTU	2023.04.23	7.1
CJI4nytG	Porzellan Cup	Dresden	1999.??.??	3.3
0zIQ0521	EU-chT (Men) 16th	Heraklio	2007.10.31	4.4
LhoAdKvH	FIN-chT 0910	Finland	2009.11.15	5
xBrcgser	ch-SRB 2016	Pirot SRB	2016.04.18	8.2
7O0FDWqX	WYCC U18 Open 2013	Al-Ain UAE	2013.12.21	4.6
I8TWsixg	CRO-chT	Porec	1998.09.12	6
xHSsDcMD	ISL-ch	Reykjavik	1999.09.09	9
qAp7ycB6	FIDE World Blitz 2013	Khanty-Mansiysk	2013.06.09	14
jgV1bgiZ	Khanty-Mansiysk ol (Men) 39th	Khanty-Mansiysk	2010.09.21	1.1
KAzGrDu9	CRO-chT	Rabac	2004.09.06	2.3
tu6Dqmtz	Tula Igriashvili Memorial	Tula	2006.04.03	13
oCaFyrlX	Vugar Gashimov Mem 2015	Shamkir AZE	2015.04.25	8.4
aP4jQ3WB	Saint Louis Rapid 2019	Saint Louis USA	2019.08.11	4.5
0dHpngp2	Wch Blitz 5th	Moscow	2010.11.18	36
Du1dl3CB	IMSA World Masters Rapid	Hengshui CHN	2019.05.15	5.8
9oSILlKs	Politiken Larsen rapid	Copenhagen	2010.08.03	4
pNZewEJx	Leon 17th	Leon	2004.06.04	1.4
jMqGcKsV	Amber-rapid 13th	Monte Carlo	2004.03.31	10
pFWbSfy7	Zuerich Champions rap	Zuerich	2009.08.23	5
AnpQptsa	Dortmund final	Dortmund	2004.07.30	1.5
lI36oPap	6th Prague Masters 2024	Prague CZE	2024.02.29	3.4
BChx8lM6	World Blitz 2018	St Petersburg RUS	2018.12.30	13.3
Hsf0sJ5n	NIC Classic Prelim 2021	chess24.com INT	2021.04.24	4.3
Hh1Ew06D	Buenos Aires Sicilian	Buenos Aires	1994.10.26	11
j1H8h3Z7	Corus	Wijk aan Zee	2010.01.29	11
3uJJxUFZ	Amber-blindfold 20th	Monte Carlo	2011.03.14	3
BNjKtRX2	Wch Blitz	Astana	2012.07.09	9
4ZQodRb7	Norway Chess 8th	Stavanger	2020.10.13	8
XuuNOKk8	Wch Blitz	Astana	2012.07.09	1
oxzSnNgz	World Blitz 2019	Moscow RUS	2019.12.29	10.4
5p5Plo3D	Opera Euro Rapid KO 2021	chess24.com INT	2021.02.12	2.32
kON1qJuh	Opera Euro Rapid KO 2021	chess24.com INT	2021.02.12	2.23
5fujEJD0	Airthings Masters KO 2022	chess24.com INT	2022.02.25	3.12
z6pvc6ZX	Clutch-ch June	Lichess.org INT	2020.06.12	2.9
IEChBVPH	Clutch-ch June	Lichess.org INT	2020.06.12	2.11
INBwZy1O	3rd Sinquefield Cup 2015	Saint Louis USA	2015.08.27	5.2
gVg9axsJ	GCT Blitz YourNextMove	Leuven BEL	2017.07.02	17.3
t4Dyu2Au	Legends of Chess Prelim	chess24.com INT	2020.07.23	3.4
kDJqeEoK	FIDE-Wch	San Luis	2005.10.10	11
ft4L80ck	PRO League Eastern 2017	chess.com INT	2017.01.11	1
IYXwaF22	20th European Teams	Reykjavik ISL	2015.11.16	4.2
p59uiue3	TCh-SWE Elitserien	Sweden SWE	2017.03.25	8.1
TYlr4XLX	United Insurance 4th	Dhaka	1999.02.26	8
FoXAliN5	20th Copa Mercosur 2016	Buenos Aires ARG	2016.08.11	8.4
akGIKI3b	GCT Rapid Paris 2017	Paris FRA	2017.06.22	4.4
hVPlREbH	TechM GCL 2024	London ENG	2024.10.05	3.2
aDJqNf7V	CRO-chT1B 19th	Sibenik	2010.09.09	6
E0U7AvyS	EU-ch 8th	Dresden	2007.04.08	6
Pb0DuoxS	9th Ugra Governor's Cup	Khanty-Mansiysk RUS	2013.12.06	9.6
tEqKjLCq	XTRACON GM 2015	Koge DEN	2015.10.17	8.1
QTqMqqZt	Rainer Radtke Mem Rapid	Berlin GER	2025.11.15	5.1
gzEK5lps	Zalakaros op 24th	Zalakaros	2005.05.28	9
Wz4rzwoU	Ashkhabad	Ashkhabad	1996.??.??	11
M65C1jic	Beijing Sportaccord blitz	Beijing	2012.12.17	15
VFvoXp6B	5th Sinquefield Cup 2017	Saint Louis USA	2017.08.06	5.4
7wkYT5IA	FIDE World Cup 2017	Tbilisi GEO	2017.09.08	2.4
6KwZ6gkh	World Rapid 2019	Moscow RUS	2019.12.26	5.6
neZef3Eb	Groningen	Groningen	1995.??.??	5
IAQMom5B	Amber-blindfold 04th	Monte Carlo	1995.??.??	10
yb7PX0AL	President of UZB Prizes	Tashkent UZB	2021.11.14	5.1
SijJnalt	ch-RUS Blitz 2016	Sochi RUS	2016.10.04	17.10
yGXnymZ6	Cappelle op 14th	Cappelle la Grande	1998.??.??	7
deCvnyLI	Pardubice Czech op	Pardubice	2007.07.28	9
dfY7fk5o	RUS Cup Qualifier 2	chessassistantclub.com INT	2004.09.30	?
NLl8mXqC	RUS Cup Qualifier 3	chessassistantclub.com INT	2004.10.21	?
hQbujmk7	EU-ch Internet qual	playchess.com INT	2003.11.08	4
s5uQXs3E	European Blitz 2019	Tallinn EST	2019.12.07	13.14
auBs2gsT	European Blitz 2017	Katowice POL	2017.12.15	22.3
ju2RPvHI	World op 37th	Philadelphia	2009.07.05	9
YxrJEXOK	RUS/FC/pr2 (RUS)	ICCF	2020.02.01	?
ZqS2i0ZY	European Online CC GpG	Tornelo INT	2021.03.28	5.3
h1FSZ7dc	Cappelle op 29th	Cappelle la Grande	2013.02.28	7
eI2u7w3v	Dutch League 2018-19	Netherlands NED	2019.05.11	9.6
QBapuu3A	WMSG Rapid Pair 1st	Beijing	2008.10.10	4
5Ap6LLtx	Grand Slam Final 4th	Sao Paulo/Bilbao	2011.10.11	10
MGtNbSgd	chess.com QF Blitz 3m+2spm 2016	chess.com INT	2016.05.04	11
1E57fhar	Meltwater Tour Final 2021	chess24.com INT	2021.10.01	6.1
O5oLXwbT	Chess.com Rapid Wk5 Swiss	chess.com INT	2022.03.12	5
HlbWXKXB	Chennai Challengers 2024	Chennai IND	2024.11.10	6.1
fkbxSoqT	SWE-chT 0304	Sweden	2004.??.??	11
rAcV6yma	Politiken Cup 23rd	Copenhagen	2001.07.20	6
soI5zv4a	Gibraltar Masters	Gibraltar	2006.01.25	2
AMqwhBJw	Canadian op	Montreal	2008.07.23	5
4qHjU0uk	Asia-chT fin 12th	Shenyang	1999.10.10	1
tHYXrHjs	TCh-RUS Blitz 2017	Sochi RUS	2017.10.05	3
jKHmOmto	Legends of Chess Prelim	chess24.com INT	2020.07.21	1.2
ztvS7NvR	Saint Louis Blitz 2019	Saint Louis USA	2019.08.13	6.3
L8E13d8M	2nd IMSA Basque 2017	Huai'an CHN	2017.12.15	5.2
slgCGYmc	Vugar Gashimov Mem 2019	Shamkir AZE	2019.04.03	4.1
o911o1SX	81st Tata Steel GpA	Wijk aan Zee NED	2019.01.25	11.7
RHELcRsE	5th Zurich Opening Blitz	Zurich SUI	2016.02.12	4.1
DU51fFJt	FIDE World Rapid Team	London ENG	2025.06.12	5.1
ixy2QEdb	19th Karpov Poikovsky	Poikovsky RUS	2018.05.29	3.1
9MrA9uNE	Goldmoney Asian Rapid KO	chess24.com INT	2021.06.30	1.31
g5gzlFNG	St.Petersburg Rapid 2019	St Petersburg RUS	2019.08.24	3.2
PP0mhMff	Baltic zt III Stage 2018	Liepaja LAT	2018.07.11	4.5
BhDZ4Z59	EU-ch (Women) 10th	St Petersburg	2009.03.11	4
KN5T1wPn	UKR/C29/final (UKR)	ICCF	2017.12.31	?
4B53Ztfh	World Championship playoff	Elista	2006.10.13	1
HMMH8x5p	Wch Blitz 3rd	Moscow	2007.11.21	17
jYFNxFpX	Amber-blindfold 18th	Nice	2009.03.24	9
yn7uzX3X	Amber-rapid 17th	Nice	2008.03.25	9
uzsqCop4	Paris FIDE GP	Elancourt	2013.10.02	9
4DG6brd6	Carlsen Inv Final 4	chess24.com INT	2020.05.01	1.2
hke0OggW	World Championship	Bonn	2008.10.14	1
OM1MYXq8	Tashkent FIDE GP 2nd	Tashkent	2012.11.29	7
bPSGN63a	Chessable Masters GpB	chess24.com INT	2020.06.21	2
cFWhbbtm	Superbet Classic 2023	Bucharest ROU	2023.05.09	4.1
ieF44u6i	FIDE World Blitz 2013	Khanty-Mansiysk	2013.06.10	17
FHpKJkTZ	Wch Blitz	Astana	2012.07.09	1
vsvDFFRU	Grenke Chess Classic 1st	Baden-Baden	2013.02.10	4
354NIkYW	Aeroflot Open A 2019	Moscow RUS	2019.02.25	7.12
BeADVTzb	FEDA Int Scheveningen	Los Cancajos ESP	2020.12.05	6.1
0NkwpNtb	Enghien les Bains	Enghien les Bains	2003.06.21	8
uz5m2Ytq	Kolomna Rapid 2018	Moscow RUS	2018.02.17	9.4
uE25MeIt	Zadar op 12th	Zadar	2005.12.12	1
v9XAuWPN	Istanbul ol (Men) 40th	Istanbul	2012.09.04	7.2
26NuHsiX	Kosmos m 5'	Moscow	1998.11.28	22
6nwPyVLN	Nations Cup Online Prelim	Chess.com INT	2020.05.08	8.1
7ISvCb7H	Saint Louis Rapid 2019	Saint Louis USA	2019.08.12	8.5
e5UIz6Zx	Moscow Botvinnik Memorial	Moscow	2011.09.03	4
w8aqHEiP	13th Hainan Danzhou GM	Danzhou CHN	2022.12.13	4.3
xmkRCauo	PRO League Stage	Chess.com INT	2020.02.05	5
7eZbxaVR	PRO League KO Stage	Chess.com INT	2020.09.27	4.1
sYvHj5xv	Madrid Magistral 6th	Madrid	1997.05.22	2
mSDw7lOZ	19th ch-EUR Indiv 2018	Batumi GEO	2018.03.18	2.1
FKEBHvcK	19th Karpov Poikovsky	Poikovsky RUS	2018.06.04	8.5
SfYOhtUc	8th Gashimov Mem Rapid	Baku AZE	2022.12.18	3.5
bCIVuOpl	Hastings Masters 2019-20	Hastings ENG	2020.01.05	9.3
8JltHoMG				
7Ok3kQH3	Dubai op	Dubai	1999.05.03	3
CwhwJC1v	101st ch-IRL 2022	Dublin IRL	2022.07.06	5.1
CgWBxJ0D	GCT Blitz Paris 2018	Paris FRA	2018.06.24	17.2
WTZkGbx5	84th Tata Steel Masters	Wijk aan Zee NED	2022.01.28	11.1
LMcsnp5c	6th Norway Blitz 2018	Stavanger NOR	2018.05.27	2.4
ewbYc3eZ	WS/MN/B/11	ICCF	2019.09.25	?
2pc80Aan	BUL-chT 58th	Borovetz	2008.10.02	2
7cdv8VdN	BUL-chT-A 62nd	Sunny Beach	2012.09.19	1.3
0CKZy73h	11th Norway Chess 2023	Stavanger NOR	2023.06.09	9.4
bHKrLHlb	TCh-CZE Extraliga 2023-24	Czech Republic CZE	2024.04.07	11.1
C8hVkYlH	Fagernes GM Open 2022	Fagernes NOR	2022.04.16	8.4
huS7IWaV	ch-CRO 2017	Valpovo CRO	2017.04.26	2.3
bdsZCs7n	Chess.com RCC Wk14 Swiss	chess.com INT	2022.05.14	2
yRGWxjI0	New York op	New York	2000.05.10	8
WonJdPAp				
viHXkK5B	RUS/King/3 (RUS)	ICCF	2020.09.25	?
L4YPx2yQ	PAL/CSS Freestyle op 2nd	playchess.com INT	2006.03.19	5
TfOEJzKE	WS/M/089	ICCF	2007.02.17	?
27VuFJzJ	7th Norway Chess 2019	Stavanger NOR	2019.06.10	6.2
iRvptFeV	chess.com IoM Masters	Douglas ENG	2017.09.27	5.1
lEvTIqcO	Yinzhou Cup 2018	Ningbo CHN	2018.06.28	5.1
4zu0gTLf	World Rapid 2017	Riyadh KSA	2017.12.27	6.26
SToo1zE3	TCh-CHN 2019	China CHN	2019.11.22	17.3
IVAcMbia	43rd Olympiad 2018	Batumi GEO	2018.10.02	8.7
AUaah8jZ	90th ch-UKR 2021	Kharkiv UKR	2021.12.14	6.4
y8waWkpE	NIC Classic Prelim 2021	chess24.com INT	2021.04.24	4.1
VHV5KvmO	Wch Blitz 5th	Moscow	2010.11.17	22
STGfCtgU	ch-CHN Blitz 2017	Shenzhen CHN	2017.12.08	3.1
H6imPxIf	Sanxenxo op 5th	Sanxenxo	2013.06.26	5
v09qWtwc	Mitropa Cup 2015	Zillertal AUT	2015.06.17	4.5
dmhto4PM	MK Cafe Cup-B	Koszalin	1999.08.11	8
aTclLHe6	Leeuwarden op	Leeuwarden	1993.??.??	7
cZTJhOnY	Rome op	Rome	1990.??.??	6
tOSdO6li	Marianske Lazne IM-B1	Marianske Lazne	2008.01.27	11
QkLLyRGC	London Classic	London	2009.12.10	3
QldQDjv4	World Rapid Team 2023	Dusseldorf GER	2023.08.28	9.1
KrskRXs5	Chess24 Banter Blitz Cup	chess24.com INT	2019.10.15	1.2
RQs2L3PV	AUT-chT 0405	Austria	2004.11.20	2
u9lnQJmA	CL/2010/B4	ICCF	2010.01.25	?.4
aaZpC9os	Australian Masters	Melbourne	1997.??.??	?
IN3i0yIa	TUR-chT	Konya	2011.06.30	3
z3XRK7Oj	51st Canadian Open 2014	Montreal CAN	2014.07.20	2.10
rCvJGbn7	European Rapid 2017	Katowice POL	2017.12.17	7.36
QxEtz6PM	BIH-chT 9th	Bihac	2010.06.11	7
ZFumKCjo	Serbia-chT	Zlatibor	2006.09.02	8
NrTirM2l	Sarajevo Bosnia 32nd	Sarajevo	2002.05.25	4
5scF8iiB	Andorra op 22nd	Andorra	2004.07.10	8
azqbam0L	BUL-ch	Panagyurishte	2012.04.27	10
1Jm45wrR	Wch Rapid	Khanty-Mansiysk	2013.06.08	14
jhh4ZaEl	YUG-chT Cup	Becici	1994.??.??	?
RshmK9qR	Abierto op	Spain	1994.??.??	8
WBscN6Au	HUN-chT 0102	Hungary	2002.03.24	9
rwwGlDyx	GCT Blitz Paris 2016	Paris FRA	2016.06.12	14.3
2oGsiWRr	Moscow Tal Memorial 8th Blitz	Moscow	2013.06.12	2
HqMD4OGj	FIDE World Blitz 2014	Dubai UAE	2014.06.20	13.1
ewZsZ9Qx	Belgrade-chT	Belgrade	2008.10.11	7
iBaOKE8o	ch-POL Rapid 2017	Zgierz POL	2017.01.08	4.12
xKbJeXJ6	CT23 pr 20	ICCF	2020.09.30	?
nWW6VNxm	TCh World Deaf 2014	Opatija CRO	2014.06.21	3.3
r3Dtd0y0	Saint Louis m1 rap	Saint Louis	2011.05.24	1
X96efapa	Chessable Masters Final	chess24.com INT	2020.06.28	1.26
y9E8RT1z	Chessable Masters Final	chess24.com INT	2020.06.26	1.13
ymIK0KcX	Graested	Graested	1990.??.??	2
j5fFIHzG	CUB-ch op	Havana	2004.04.22	3
PM5Byx3T	CCCSA Summer GMA 2018	Charlotte USA	2018.06.06	1.3
qIHWmxZK	7th Pontevedra Open 2019	Pontevedra ESP	2019.08.10	4.2
BVVmCdPe	Budapest FS04 GM	Budapest	2004.04.13	11
VscVyS9Y				
xtYDNSMx	Eger Europe Chess	Eger	2002.03.26	7
tKIno0Ve	Wolfsberg Open A 2013	Wolfsberg AUT	2013.12.30	6.5
wrsmkLVw	Manila Pichay Cup 4th	Manila	2008.09.15	3
QlAtl8W6	Oberliga NRW 9900 I	Germany	2000.05.11	9.2
jJyvDAV0	Tata Steel India Rapid	Kolkata IND	2024.11.13	1.1
g3xbuGCM	FIDE World Rapid 2014	Dubai UAE	2014.06.17	10.4
43GkkNRK	FIDE World Rapid Team	London ENG	2025.06.11	4.1
MoJLc7dp	5th Classic GpC 2013	London ENG	2013.12.12	3.1
bUECZUZg	chess.com Speed 2019	chess.com INT	2019.11.14	2.10
iHNYD6Lx	Lindores Abbey Prelim	chess24.com INT	2020.05.19	3
M28VXndM	chess.com Speed 5m+2spm 2017	chess.com INT	2017.11.02	2.8
jslgYstK	TCh-FRA Top 16 Basse 2024	Chartres FRA	2024.06.09	4.9
UvCo4TNj	YUG-ch	Yugoslavia	1989.??.??	?
mhwDqI6G	Grenke Chess Classic 1st	Baden-Baden	2013.02.17	10
FgKTRBeu	EU-ch blitz	Warsaw	2011.12.16	5
8ER3kKzJ	17th Karpov Poikovsky	Poikovsky RUS	2016.07.31	8.4
dk9GnSgY	UK Open Blitz 2019	Solihull ENG	2019.11.16	3.8
vxnfxJtu	YUG Cup	Ulcinj	1997.??.??	?
z0GAAa3E	YUG-ch35	Skender Vakuf	1980.02.19	1
Ok7NpusX	YUG Cup	Ulcinj	1997.??.??	?
cBvAGH9C	YUG-ch35	Skender Vakuf	1980.03.??	10
ZDfrdZpW	Belgrade-chT	Belgrade	2008.10.10	6
yIjjJmK3	Pancevo	Pancevo	1989.??.??	11
b9qVDUKd	MT-Mostert/Team (NED)	ICCF	2006.11.19	?
SKiWv9CF	18th Asian Continental	Xingtai CHN	2019.06.11	5.15
rUEttZUj	ch-KAZ 2016	Almaty KAZ	2016.05.11	9.1
Ce6Idl7P	12th Teplice Open 2017	Teplice CZE	2017.06.16	7.4
5D34ZdcK	Baden-Baden	Baden-Baden	1985.??.??	11
uK0hbVVE	Tel Aviv	Tel Aviv	1988.??.??	?
sGb9Oa7U	Serbia-ch	Dimitrovgrad	2003.03.06	7
a9KxeB7X	Druga liga SRB Vojvodina	Novi Sad SRB	2018.11.12	5.2
1GAPjnoM	6th Sharjah Masters 2023	Sharjah UAE	2023.05.18	2.10
UorvXqee	EU-ch Online 2300+ Qual	Chess.com INT	2020.05.29	3
TX3eNYdG	Satranc Arena IM Chess 1	Izmir TUR	2024.03.20	5.3
pU8H78Nx	chess.com Speed 3m+1spm 2018	chess.com INT	2018.09.18	2.14
YfzVwovp	1st Hainan Open 2016	Danzhou CHN	2016.12.16	9.1
dl2VDPSp	World Blitz 2015	Berlin GER	2015.10.13	4.11
V8OmInxs	FIDE World Blitz 2014	Dubai UAE	2014.06.20	17.14
HqldlixT	Dubai Police Open A 2024	Dubai UAE	2024.05.04	1.24
sujmdNaP	Lubbock SPICE Cup-B	Lubbock	2009.09.24	6
g4OPB0kf	World Rapid 2017	Riyadh KSA	2017.12.27	10.41
seteDo2V	World Blitz 2017	Riyadh KSA	2017.12.29	11.34
IH8OUbD2	TCh-TUR Super League 2023	Ankara TUR	2023.07.16	7.6
9RnzTWrN	GCT Blitz Paris 2018	Paris FRA	2018.06.23	1.3
KzN73bwV	Interpolis	Tilburg	1983.10.14	3
dhYQ9oun	PRO League Group Stage	chess.com INT	2018.01.18	1
0ntT2Tdm	TechM GCL 2024	London ENG	2024.10.04	2.2
hUguKrA7	Meltwater Tour Final 2021	chess24.com INT	2021.10.01	6.6
BTw5dfwr	Meltwater Tour Final 2021	chess24.com INT	2021.10.01	6.3
fsiTXm3W	Sochi FIDE GP	Sochi	2008.08.07	7
sRK8EXxd	AZE-ch	Baku	2000.??.??	?
kVv8AQz7	Chigorin Memorial 09th	St Petersburg	2001.10.26	1
qOm6GFU4	Malta ol (Men)	La Valetta	1980.11.21	2
GQCt2hYt	WC.2002.S.00007	IECG	2000.??.??	?
Bm8bW2vg	FRG-ch int	Dortmund	1973.??.??	1
ltOelozA	Lloyds Bank op 12th	London	1988.??.??	?
yoPomqXi	Julius Baer GenCup Prelim	chess24.com INT	2022.09.18	3.8
UeIecAft	European Blitz 2014	Wroclaw POL	2014.12.19	8.1
QjcdLhQr	1st League Cent-SRB	Kragujevac SRB	2015.09.11	9.3
55OHDeyR	RUS-ch sf	Tula	2003.??.??	9
b5nRoyU1	44th Olympiad 2022	Chennai IND	2022.08.06	8.15
3wTnw5Hh	Bronstein Memorial 2017	Minsk BLR	2017.02.18	4.2
BKISLcb6	ch-HUN Rapid 2025	Ajka HUN	2025.07.19	2.9
xymFaGfn	Charity Cup Prelim	chess24.com INT	2022.03.21	10.5
NBepWt5U	Bundesliga 1920 final	Karlsruhe	2020.09.19	5.5
id2rC3zR	Chess24 Banter Blitz Cup	chess24.com INT	2019.10.18	1.11
2eq0nTSC	IND-ch 43rd	Visakhapatnam	2006.04.17	21
4CiyZfHK	Belgrade Premier League	Belgrade SRB	2014.09.24	5.6
EU2F3o5H	FTX Crypto Cup Prelim	chess24.com INT	2021.05.25	11.5
XtdHZwz9	SuperUnited CRO Rapid 2025	Zagreb CRO	2025.07.03	4.4
LWuLwuJP	chess.com Speed 1m+1spm 2017	chess.com INT	2017.05.25	1.18
dgZpzS1O	World Rapid 2022	Almaty KAZ	2022.12.26	4.1
Yciuznzh	FIDE World Cup 2017	Tbilisi GEO	2017.09.13	4.2
DdTF1hXC	World Blitz 2017	Riyadh KSA	2017.12.30	15.11
RUNOOh78	World Blitz 2017	Riyadh KSA	2017.12.30	19.9
51MIhC1g	FIDE World Cup 2017	Tbilisi GEO	2017.09.10	3.2
zE9ianO4	Grandiscacchi Ch Open A	Cattolica ITA	2022.05.25	7.1
i2oZq4Vj	World Blitz 2019	Moscow RUS	2019.12.29	7.4
7jQfLlio	NED-NOR 2009	ICCF	2009.09.10	?.1
f5eTO7hh	Nova Gorica op-A 10th	Nova Gorica	2005.01.28	1
ELrivJdh	EU-Cup 29th	Rhodes	2013.10.23	4.4
TJrRKfI9	Krakow op-A	Krakow	2004.01.03	8
5VW4wAKh	Singapore schev	Singapore	2010.02.12	10
SpI0u32l	PCA-op	New York	1994.??.??	6
rOqFQ8SS	Oberwart op	Oberwart	1993.??.??	7
2xv5aG0N	BUL-ch	Bulgaria	1975.??.??	7
jDJ9WWl8	Guillermo Garcia Memorial-B 11th	Santa Clara	2003.??.??	6
7seBw3EB	World Blitz 2015	Berlin GER	2015.10.14	15.35
843IBcE8	World Blitz 2017	Riyadh KSA	2017.12.29	2.26
VhiYspWO	Amber-rapid 16th	Monte Carlo	2007.03.19	3
5OPLlZJD	RUS Rapid GP Serpukhov	Serpukhov RUS	2018.02.24	8.20
bO8NRV5v	Dos Hermanas Internet f 10th	ICC INT	2009.03.21	3.3
LZwzgVsN	GER-ch 67th	Binz	1995.??.??	8
jkshz2nO	Sao Jose do Rio Preto 05th	Sao Jose de Rio Preto	2006.03.??	2
KDfVfEOF	Moscow-ch sf	Moscow	2009.03.25	5
so28MWkz	BIH-chT	Neum	2000.??.??	6
WuhqiMgs	Zadar op	Zadar	2001.12.23	9
ko9x7aSb	Pula op 10th	Pula	1996.??.??	?
ORdrGOi3	Ljubljana op 5th	Ljubljana	1994.??.??	?
grKZXZW1	European Blitz 2016	Tallinn EST	2016.12.17	10.3
ZX0Eq9aE	World Rapid 2025	Doha QAT	2025.12.28	12.43
tng5P4yk	ch-RUS Rapid 2016	Sochi RUS	2016.10.03	9.4
FuoRoAHn	Paul Keres Memorial 2015	Tallinn EST	2016.01.10	10.7
RaV1iiBA	Oslo Esports Cup 2022	Oslo NOR	2022.04.22	1.2
ehLigGe8	PRO League Group Stage	chess.com INT	2018.02.28	8
LCpblIvL	Kuppenheim 12h blitz final	Kuppenheim	2005.06.04	?
ZhJ5ByRz	9th Batavia Blitz 2017	Amsterdam NED	2017.02.23	9.3
sWySRdIj	Magnus Carlsen Inv Prelim	chess24.com INT	2021.03.13	2.2
6NIGtPyb	Chessable Masters Prelim	chess24.com INT	2022.05.20	8.1
cLqfwyxz	Checkmate: USA vs India	Arlington, TX USA	2025.10.04	1.1
ZYTkSZnd	Saint Louis Blitz 2018	Saint Louis USA	2018.08.15	14.4
WgSaCaLV	SpeedChess Final 2024	Paris FRA	2024.09.06	1.21
LNwpnUi7	chess.com Speed 1m+1spm 2018	chess.com INT	2018.10.11	2.29
vvvnGyDi	CCT Final RR 2024	Oslo NOR	2024.12.17	2.2
QARyGJih	11th Tal Mem Blitz 2018	Moscow RUS	2018.03.05	6.3
w08LUMdN	Legends of Chess Prelim	chess24.com INT	2020.07.28	8.4
uACcqN10	Legends of Chess Final	chess24.com INT	2020.08.04	2.23
Mb1UgkP3	3rd Norway Blitz 2015	Stavanger NOR	2015.06.15	4.2
hp2gL6Cs	7th Norway Blitz 2019	Stavanger NOR	2019.06.03	6.1
FWqNBnnl	chess.com Blitz Final 1m+1spm 2016	chess.com INT	2016.10.27	20
XeBcoSzq	Zurich CC Blitz 2014	Zurich SUI	2014.01.29	3.2
i9DQPtUo	SpeedChess Final 2024	Paris FRA	2024.09.08	2.18
iDRK9atd	83rd Tata Steel Masters	Wijk aan Zee NED	2021.01.24	8.5
8vHZ5kqz	USA-ch	Long Beach	1993.??.??	6
vi9MkWOs	World University-ch 6th	Golden Sands	2000.09.02	2
2orPOS96	FICGS__CHESS__CLASS_SM__000002	FICGS	2006.09.01	1
RNR0bpVa	chess.com Speed 2019	chess.com INT	2019.09.03	1.31
QvIxfe2s	Hawaii GM Blitz 2015	Honolulu USA	2015.03.20	1.1
cWHmAwX3	ROM-ch rapid Online GpD	Chess.com INT	2020.06.02	4
2hyEb2hr	32nd ECC Open 2016	Novi Sad SRB	2016.11.09	4.9
VjlWYQK2	PRO League Group Stage	chess.com INT	2019.03.13	10
HUnAX7JH	St Louis Spring A	Saint Louis USA	2018.03.13	8.5
wrOjfIGX	Biel SKA	Biel	1996.07.27	5
FcgD4Ogl	St Louis Fall A 2019	Saint Louis USA	2019.09.18	9.4
Fu23OKz5	Superbet Rapid 2023	Warsaw POL	2023.05.21	1.2
rvMcjiQk	chess.com Junior Speed	chess.com INT	2019.06.18	1.28
aADoNQuH	PRO League Group Stage	chess.com INT	2018.02.03	4
w1y9Zrog	Chess.com RCC Wk16 Swiss	chess.com INT	2022.05.28	2
FoSS0ena	BL2-West 9495	Germany	1995.??.??	3.2
5uQawxh9	Karl Mala Memorial op 08th	Frankfurt	2004.07.23	2
SRdHW01b	NATO-ch 18th	Ankara	2007.09.04	4
ysZQxged	Maikop op	Maikop	2004.04.??	2
VmfZ1Dr1	Novokuznetsk Summer op	Novokuznetsk	2010.06.16	2
aocL2WOV	Paskturneringen Open 2025	Norrkoping SWE	2025.04.19	5.2
fYeWeKvf	Lagarde-Guliyev m	Europe Echecs INT	2020.07.16	8
tjSYbusO	PNWCC Super G60 op	Chess.com INT	2020.10.18	4
3HCyEq7T	MT-Mostert/Team (NED)	ICCF	2006.11.19	?
AnXHQMwf	PNWCC Super G60 op	Chess.com INT	2020.10.17	2
zEaZZlau	Clutch Chess: Champions	Saint Louis USA	2025.10.28	11.1
5KwVFgVi	YUG-chT 41st	Zlatibor	1989.08.29	2
W9N7PIQk	RUS Central Region-chT club	Tula	2005.11.27	3
70WOLCXj	Pardubice KB op	Pardubice	1996.??.??	7
YzRNwQ2c	Maharashtra-chT	Pune	2013.04.26	5
8L7SianN	American Cup Elim	Saint Louis USA	2025.03.21	4.4
Cfd27HM6	Moscow Piterenka blitz	Moscow	2012.12.29	1
p4KK9Di9	Armageddon Euro&Africa W	Berlin GER	2023.06.12	1.2
DVekvVGW	Clichy m qual	Clichy	2011.09.17	3
cmDAJr0T	EU-ch Internet Cand 3rd	playchess.com INT	2006.01.21	11
20jtlYDy	Lisbon Christmas Op 2014	Lisbon POR	2014.12.26	1.4
pvSOuWvQ	Martinenc	Martinenc	2001.01.13	6
Bwjdgdd4	Baden OL 0102	Germany	2001.10.07	1.1
EKYBu9FE	Clutch-ch June	Lichess.org INT	2020.06.14	3.7
CHtDrbJm	WCh Rapid TB 2018	London ENG	2018.11.28	3
ML3ZXATe	GCT Blitz Paris 2016	Paris FRA	2016.06.11	2.5
ZaZQphrQ	WCh 2014	Sochi RUS	2014.11.12	4
igXfRpPA	EU-ch 12th	Aix-les-Bains	2011.03.27	6
d5QI0OA9	HUN-chT	Hungary	1992.??.??	?
CjIWndk9	FSIM October 2015	Budapest HUN	2015.10.12	9.3
XfBEQoFj	Debrecen op	Debrecen	1989.??.??	?
CYpBw7l1	PAL/CSS Freestyle fin 8th	playchess.com INT	2008.04.13	8
OKskdR5B	82nd ch-ITA 2023	Brescia ITA	2023.12.05	7.6
oF1IzACm	EU-ch 11th	Rijeka	2010.03.16	10
GAU6s0uF	Milan Crespi op-A 31st	Milan	2010.12.06	3
6iyuvKcn	RUS Cup Qualifier 4	chessassistantclub.com INT	2004.11.25	?
zqeKfGK1	Corsica Masters rap 08th	Bastia	2004.11.03	3.2
qLZ9IzS3	SportAccord Rapid Men 2013	Beijing CHN	2013.12.12	2.3
XRnvFwPR	Pedro Zabala Memorial	Bilbao	2004.10.12	10
e8pPzP3W	USA-ch	Saint Louis	2012.05.09	2
JdTXrPBV	Groningen op	Groningen	1997.??.??	8
m2yfso4a	XXIX Elgoibar GM 2019	Elgoibar ESP	2019.12.16	6.4
05kLaUva	Cutro 03rd	Cutro	1997.??.??	?
TkqoIquM	Sao Paulo clock sim	Sao Paulo	2001.09.03	?
AU1t8760	Women-Veterans	Prague	1995.??.??	1
YR65GtwS	Madrid	Madrid	1994.??.??	9
WfuanD1e	Mar del Plata	Mar del Plata	1982.??.??	?
3Tv8reG4	Mar del Plata	Mar del Plata	1971.03.27	5
Sol1DXQD	chess.com Speed 1m+1spm 2017	chess.com INT	2017.10.24	2.24
Mau3DET3	Napoleon Trophy Blitz	La Roche-sur-Yon FRA	2019.02.16	7
dcN2RDOo	World Rapid 2025	Doha QAT	2025.12.27	8.12
Z621RgnO	WC.1999.F.00001	IECG	1999.??.??	?
qUNyRGHh	RH-2007-0-00086	Lechenicher SchachServer	2007.10.07	?
OmPzpWDS	Amsterdam ACT op 2nd	Amsterdam	2005.07.21	6
7xWfKKaK	CM.1998.0.00052	IECG	1998.??.??	?
1pUAiPBp	WchT 8th	Ningbo	2011.07.20	4
ywvz8fAR	Nakamura-Nepomniashchy m	playchess.com INT	2007.02.28	?
EiDbd316	Champions Challenge 92nd	playchess.com INT	2005.04.30	1.1
qhF5Tlg0	GER/GM01 (GER)	ICCF	2012.03.31	?
Y235Mmc3	WS/GMN/036	ICCF	2012.12.20	?
Z6CsMvql	AUT-chT 1112	Austria	2012.03.01	4.3
bnuW1Q0i	G AM 09-A (GER)	ICCF	2024.10.15	?
iUGuUOLu	Moscow Aeroflot op-B	Moscow	2005.02.20	6
7eeK3XtA	Carlsen Inv Prelim	chess24.com INT	2020.04.30	7.2
ITZSYMl6	Saint Louis Rapid 2024	Saint Louis USA	2024.08.13	5.3
hxEpSxAA	Saint Louis Rapid 2024	Saint Louis USA	2024.08.12	1.5
c4G8SREH	Cap d'Agde KO	Cap d'Agde	2003.10.27	1.2
NfpjMYsq	Leon Masters g/20 26th	Leon	2013.06.08	2
7g7EjWwb	Paris Immopar rapid	Paris	1990.11.??	3
8lYDSjQ6	European Blitz 2014	Wroclaw POL	2014.12.19	8.1
HXORTOle	Latvian Railway Open 2014	Riga LAT	2014.03.28	4.3
9PphdcQG	CP.2001.F.00001	IECG	2005.07.01	?
Ho0jX95S	MK Cafe Cup-A	Koszalin	1999.08.03	1
X2YJTnUJ	GER CupT	Germany	1994.??.??	1
9wAAA8Qy	WDR Match TV g/60	Cologne	1993.??.??	?
X3pVeTEi	Amber-rapid 17th	Nice	2008.03.16	2
Y3reQ023	Four Player Festa da Uva 2014	Caxias do Sul BRA	2014.03.06	4.1
EmWNpHVU	FIDE World Rapid 2014	Dubai UAE	2014.06.17	8.3
P6tTaw0u	45th GM 2017	Dortmund GER	2017.07.23	7.2
4MWymlrb	FIDE World Rapid 2014	Dubai UAE	2014.06.17	6.9
Xyozbkc6	FIDE World Blitz 2014	Dubai UAE	2014.06.20	15.11
LsxCpo8t	FIDE World Rapid 2014	Dubai UAE	2014.06.18	14.6
ZwBsG6eN	5th Yaroslav the Wise Rapid	Yaroslavl RUS	2014.08.27	9.1
Pd2NHIWK	UKR games U16 B3 2nd	Simferopol	2004.05.23	9
YJnbo8Ap	UKR-ch (Women)	Ukraine	1996.??.??	5
fI3SQGBS	Hoogeveen Essent op	Hoogeveen	2007.10.12	1
Kr9WbAYv	Dortmund	Dortmund	1985.??.??	8
q5uKDsSs	RUS-chT	St Petersburg	1999.05.18	3
FjQAoe4d	ch-POR 2019	Portimao POR	2019.09.14	8.1
2ifeieuR	9th Masters Final 2016	Bilbao ESP	2016.07.13	1.2
CcYfmebI	Wch Blitz 5th	Moscow	2010.11.18	34
M3PMViVF	Wch Blitz 5th	Moscow	2010.11.16	6
Qc7FVaov	Wch Blitz 5th	Moscow	2010.11.17	18
8bzbxpEc	FTX Road to Miami Prelim	chess24.com INT	2022.07.11	6.4
nKyE20Vx	Chess24 Banter Blitz Cup	chess24.com INT	2019.09.29	1.2
UhKzwchf	Legends of Chess Prelim	chess24.com INT	2020.07.29	9.4
FwTQiJkH	Moscow Superblitz	Moscow	2006.01.05	16
quQggDOw	Aimchess US Rapid KO 2021	chess24.com INT	2021.09.05	3.22
kGJQv4Xs	Wch Blitz 5th	Moscow	2009.11.16	13
8D1aVhpQ	World Blitz 2015	Berlin GER	2015.10.14	19.2
UQe5M8mw	Wch Blitz 5th	Moscow	2009.11.16	6
0BoP3fbp	Meltwater Tour Final 2021	chess24.com INT	2021.09.26	2.6
EoMxgmT5	Saint Louis Blitz 2019	Saint Louis USA	2019.08.14	17.2
rY9iA2Ly	World Blitz 2017	Riyadh KSA	2017.12.29	1.1
xywrdMIC	chess.com Speed 5m+2spm 2017	chess.com INT	2017.10.04	1.2
I5UU8NaP	Bundesliga 2024-25	Munich GER	2024.10.05	1.7
8HbjFBX8	Battle Champions Rapid m	Baku AZE	2025.04.28	1.1
L0PtnAmd	Battle Champions Rapid m	Baku AZE	2025.04.28	3.1
IY7wbpO7	TCh-RUS Rapid 2023	Sochi RUS	2023.10.19	7.14
N5hXxqyC	44th Ghent Open 2023	Ghent BEL	2023.07.14	4.1
AMorb6d4	1000GM Vegas Super Swiss	Las Vegas USA	2023.06.09	2.8
iLWnAxHM	World Blitz 2015	Berlin GER	2015.10.14	19.7
bBbt4fo8	SportAccord Blitz 2014	Beijing CHN	2014.12.13	14.8
ZnEMswSg	SportAccord Basque 2014	Beijing CHN	2014.12.16	1.11
Yc6oy6vz	SportAccord Blitz 2014	Beijing CHN	2014.12.13	3.8
ZsJXLdvq	London Classic 3rd	London	2011.12.12	9
0VQWmBXL	Cap d'Agde CCAS Trophee KO	Cap d'Agde	2010.10.31	3.2
KTbtoiuw	Kings Gambit Radom 2015	Radom POL	2015.05.31	5.1
OCQI2R2N	BCF-ch playoff m	London	1974.??.??	6
6x9HMa4R	SS Manhem IM 2015	Gothenburg SWE	2015.08.12	6.3
C2yuhC7V	Kings Gambit Radom 2015	Radom POL	2015.05.31	6.1
Jb6c7KRK	Kings Gambit Radom 2015	Radom POL	2015.05.31	3.1
K9sv6SQJ	Kings Gambit Radom 2015	Radom POL	2015.05.31	7.1
z7ZpM4I0	Kings Gambit Radom 2015	Radom POL	2015.05.31	8.1
7lixAcrf	Hanoi nat op	Hanoi	2002.10.08	9
eSBnxzGi	Wch Blitz	Astana	2012.07.09	2
dQoO1B1g	Warsaw PlusGSM m	Warsaw	2003.04.10	8
kUEETsWd	TCh-AUT 2014-15	Austria AUT	2014.11.21	2.3
09GCgNYe	Yangon schev	Yangon	1999.02.06	7
rNdze461	Zug U20	Zug	1983.??.??	4
h7au7Avh	Brighton	Brighton	1982.??.??	?
LnXKH2uf	NED-chT 1011	Netherlands	2011.05.15	9.2
qQsvPEZi	Peer Gynt	Gausdal	1994.??.??	5
rBjb0qRE	Kings Gambit Radom 2015	Radom POL	2015.05.31	2.1
rYERb5yb	Serbia Open 2022	Novi Sad SRB	2022.07.05	8.44
tFHS0OP4	Fujitsu Siemens Giants	Frankfurt	2000.06.23	4
rbqoBzqc	Chess.com RCC Wk25 Swiss	chess.com INT	2022.08.13	3
Np4mXu9A	Chess.com RCC Wk24 Swiss	chess.com INT	2022.08.06	4
6dZiFzbX	Lublin 3rd	Lublin	2011.05.18	4
QbmYn8ba	World Rapid Team 2023	Dusseldorf GER	2023.08.28	9.8
MXBTRPtW	Match of Champions 2016	Porto-Vecchio FRA	2016.05.20	2
7QRLWvoI	Bundesliga 2014-15	Baden-Baden GER	2014.11.08	3.7
8kJoLu6p	ACP Masters GpB 2015	Ashdod ISR	2015.12.08	4.3
QAVUvusC	Chess.com Rapid Wk9 Swiss	chess.com INT	2022.04.09	5
Zac3PL6R	PCA/Intel-GP	Paris	1995.11.10	1.8
VaGuMQhl	FIDE World Blitz 2014	Dubai UAE	2014.06.20	13.19
D9xXpz1W	Global Chess League 2023	Dubai UAE	2023.06.27	6.6
u9l6Axcx	CL/2004/C1	ICCF	2004.12.01	?.3
jPbl293B	Vantaa We op2	Vantaa	1996.??.??	5
E7JM40lE	NRW Class2 0304	Germany	2003.09.28	1.3
h4r2yuJU	Caissa IM Nov 2013	Kecskemet HUN	2013.11.17	2.2
4OOofMO6	IMSA Blitz 2016	Huai'an CHN	2016.02.29	18.6
8rlVmec4	IMSA Blitz 2016	Huai'an CHN	2016.03.01	29.4
Y1QJf8oe	Kamsky-Mamedyarov m	playchess.com INT	2006.09.19	?
bWa32ZP2	Geneve op	Geneve	1991.??.??	7
RcHDCtok	Gothenburg	Gothenburg	1993.??.??	6
yoES41jx	Arad Vados	Arad	2007.09.27	8
UyvfCll9	Tata Steel Challengers	Wijk aan Zee NED	2023.01.15	2.7
ZKDk6Wu9	Corsican Circuit Final	Bastia FRA	2019.10.21	2.3
qoTjjX8W	EU-chT (Men) 15th	Gothenburg	2005.08.06	8.3
CL8em8LI	London1	London	1994.??.??	7
VxSw866y	CM.1998.0.00053	IECG	1998.??.??	?
lGGHmBGS	LM.2001.0.00006	IECG	2001.02.04	?
NZTSKDNp	WC.2001.F.00002	IECG	2001.12.15	?
W0nKfzse	London rapid m theme	London	1993.??.??	2
WbJBRmrB	KasparovChess GP g/5	Internet	2000.02.15	2.6
oEcL6kbV	Madrid Magistral 6th	Madrid	1997.05.29	7
f1A79drZ	NED-ch57	Leeuwarden	2002.06.22	3
JGh6MR98	Linares Anibal op 09th	Linares	2002.03.10	10
8eVDfdAB	Hastings Challengers 9091	Hastings	1990.??.??	?
xhspMEQu	IMSA World Masters Rapid	Hengshui CHN	2019.05.15	6.4
rgfKHF0c	48th Biel GM 2015	Biel SUI	2015.07.21	2.1
y2JRqfz3	EU-ch 11th playoffs	Rijeka	2010.03.18	2.3
XG1KVmup	ch-RUS Rapid 2015	St Petersburg RUS	2015.05.14	8.3
K3Alsgic	Asia-chT 16th	Guangzhou	2010.11.19	2
6c5pBkwb	CCCSA Summer GMA 2021	Charlotte USA	2021.07.28	1.4
OaqsGNI7	RUS-ch Higher League 62nd	Ulan Ude	2009.09.13	11
HWmkxvyx	24th North American Open	Las Vegas USA	2014.12.26	2.10
VFqao8fr	Novosibirsk op	Novosibirsk	2001.07.29	11
WcW1HQ5a	FIDE World Cup-A	Shenyang	2000.09.02	2
MrFuaLl5	EU-chT (Men) 11th	Pula	1997.05.??	3.2
DMdJdOp3	WchT 7th	Bursa	2010.01.07	3.3
jIPzfCDC	FRA-ch	Val d'Isere	2002.08.30	11
oCGXVRRO	RUS-ch Higher League 61st	Novokuznetsk	2008.09.10	7
x2TK9AKI	Sunway Sitges Open TB	Sitges ESP	2019.12.22	1.3
p8h7az27	Moscow Aeroflot op-A 11th	Moscow	2012.02.12	6
i8fiQVxD	22nd Premier League BIH	Neum BIH	2024.09.03	4.1
KeGHE0aG	EU-ch Online U2300 Final	Chess.com INT	2020.05.26	8
h8m8wwq5	Africa-ch	Maputo	2011.06.06	3
Ve35U9K4	Bundesliga 8788	Germany	1987.??.??	?.2
KTZ7X7NH	Marlboro Chess Classic	Manila	1977.11.05	13
ufXgwU8B	9th Blondes vs. Brunettes	Moscow RUS	2019.03.16	1.4
CMeuvb8J	Champions Showdown Blitz	Saint Louis USA	2016.11.14	5.1
SFx2IrSU	SportAccord Basque 2014	Beijing CHN	2014.12.17	5.3
M3Bw4udW	10th Sinquefield Cup	Saint Louis USA	2023.11.30	9.4
bbVvlU3I	Tata Steel-A 82nd	Wijk aan Zee	2020.01.21	9
p9VGOfRs	Opera Euro Rapid Prelim	chess24.com INT	2021.02.08	13.8
B0HbAfTZ	World Blitz 2018	St Petersburg RUS	2018.12.29	3.7
fi6QqC00	2nd IMSA Basque 2017	Huai'an CHN	2017.12.15	4.1
VjAGnyAD	FIDE Grand Swiss 2023	Douglas IOM	2023.10.29	5.1
zITkFNCB	Aeroflot Open A 2018	Moscow RUS	2018.02.22	3.13
7F6iVgOL	HUN-ch rapid	Ajka	2020.07.18	5
mTj4vBn0	USA-ch	Saint Louis	2009.05.17	9
PGLsmDdc	USA tt qf	ICC INT	2010.11.01	1
c2GAsJAo	7th Sinquefield Cup TB	Saint Louis USA	2019.08.29	2
df6Lbr6I	2nd Norway Chess 2014	Stavanger NOR	2014.06.04	2.2
uAGUHbEQ	SuperUnited Rapid 2022	Zagreb CRO	2022.07.21	4.5
gKGWXZjv	George Marx Memorial 8th	Paks	2010.08.06	1
aD3aak9K	Groningen op	Groningen	1990.??.??	6
l3dDiy8j	Abu Dhabi op 20th	Abu Dhabi	2010.08.19	8
rX6RQxJM	Mar del Plata op 26th	Mar del Plata	1995.??.??	5
FNvSOzBr	9th London Classic 2017	London ENG	2017.12.04	3.1
yJhZs8i9	43rd Olympiad 2018	Batumi GEO	2018.09.27	4.3
8QxgFkQI	Corus	Wijk aan Zee	2001.01.28	13
86nabnTv	Goldmoney Asian Rapid KO	chess24.com INT	2021.07.03	3.14
U8XbbGpb	Goldmoney Asian Rapid KO	chess24.com INT	2021.07.04	3.21
Zigj3cbi	FTX Road to Miami KO 2022	chess24.com INT	2022.07.17	3.23
AJpZw1oZ	Chessable Masters Prelim	chess24.com INT	2022.05.20	7.6
djPOCz5C	84th Tata Steel Masters	Wijk aan Zee NED	2022.01.16	2.5
B4jEQHpU	82nd ch-ARM HL 2022	Yerevan ARM	2022.01.17	6.3
IYeZcQK0	Legends of Chess Prelim	chess24.com INT	2020.07.25	5.5
Ei0VCmv6	Julius Baer Gen Cup P/I m D1	chess.com INT	2024.09.26	2.3
ge2lkBW6	19th Moscow Stars Final	Moscow RUS	2023.07.23	1.3
H8IGxaiV	39th ECC Open 2024	Vrnjacka Banja SRB	2024.10.26	7.1
fiYDrSdm	GCT Blitz Paris 2018	Paris FRA	2018.06.23	4.2
9CIOKyO0	80th Tata Steel GpA	Wijk aan Zee NED	2018.01.17	5.5
eBp06NYO	chess.com SF Blitz 3m+2spm 2016	chess.com INT	2016.08.23	13
9uEzDlpV	Vugar Gashimov Mem 2019	Shamkir AZE	2019.04.07	7.1
Xvda3TgZ	PRO League KO Stage 2017	chess.com INT	2017.03.25	4.4
mZJG6yc9	FIDE Candidates 2014	Khanty-Mansiysk RUS	2014.03.18	5.2
zGCMRFtz	3rd Norway Blitz 2015	Stavanger NOR	2015.06.15	8.3
F00cpWeX	Amber-rapid 20th	Monte Carlo	2011.03.13	2
nUE1eFq7	2nd Norway Chess 2014	Stavanger NOR	2014.06.05	3.4
OrIacCOP	Chessable Masters Prelim	chess24.com INT	2022.05.22	13.1
E7Z3PTvi	Zurich Chess Challenge 2014	Zurich SUI	2014.01.30	1.1
IJBH7dMa	6th Sinquefield Cup 2018	Saint Louis USA	2018.08.26	8.2
XVWJCuzy	FTX Crypto Cup 2022	Miami USA	2022.08.17	3.2
4TELiEw4	Airthings Masters Prelim	chess24.com INT	2022.02.21	11.6
uiJq9js3	Vugar Gashimov Mem 2019	Shamkir AZE	2019.04.06	6.3
ecbC1Ykr	Carlsen Tour Final	chess24.com INT	2020.08.12	1.44
ZifUaalE	St Louis Winter Classic A	Saint Louis USA	2017.03.13	3.1
PNPSfHGC	POL-ch 68th	Warsaw	2011.02.20	9
6pyqdQrC	Hastings 7778	Hastings	1977.??.??	14
t1w9RiTL	Foxwoods op 08th	Ledyards	2006.04.15	6
5eWf5g9R	AZE-ch	Baku	2009.01.18	6
uF5rIlFP	URS-ch FL53	Kharkov	1985.??.??	?
DLT9ERes	IBM	Amsterdam	1978.??.??	9
Ytgi6kmu	Reykjavik op	Reykjavik	2011.03.14	7
51BjR3Oc	Charity Cup Prelim	chess24.com INT	2022.03.19	4.8
HtSR7sK8	11th London Classic 2019	London ENG	2019.12.07	2.2
8v3s9zgy	Baku FIDE Grand Prix 2014	Baku AZE	2014.10.12	9.1
MYJZSkb4	Tilburg Fontys	Tilburg	1998.10.29	6
HntlB4mw	Liepajas Rokade	Liepaya	2004.07.31	8
4EvGYfBd	Amsterdam ACT op 1st	Amsterdam	2004.07.19	3
GCcwsFN5	EU-ch 5th	Antalya	2004.05.22	7
hwc1rKqm	Saint Louis Blitz 2019	Saint Louis USA	2019.08.13	1.1
HbHDCRop	Carlsen Inv Prelim	chess24.com INT	2020.04.24	4.2
eh9L7Z5f	FIDE Candidates 2016	Moscow RUS	2016.03.17	6.2
qw7Bc5aa	FIDE Candidates 2020	Yekaterinburg RUS	2021.04.20	9.4
x5Ki235g	Corus-B	Wijk aan Zee	2006.01.20	6
bIX1o5jE	11th Floripa Open 2025	Florianopolis BRA	2025.01.22	6.3
DTPQEX79	Gausdal op-A	Gausdal	2008.04.12	5
dc4HfjKP	Meltwater Tour Final 2021	chess24.com INT	2021.10.03	8.3
W338897B	Sinquefield Cup	Saint Louis	2013.09.11	3
vyai802k	chess.com Speed 3m+2spm 2017	chess.com INT	2018.01.03	4.12
GYjYN7RR	EU-Cup 27th	Rogaska Slatina	2011.09.28	4
QpgxbhRd	Bundesliga 0910	Germany	2009.12.13	6.1
IpvoC29Y	8th Asrian Memorial 2015	Yerevan ARM	2015.06.18	3.2
SKOTEhm8	FTX Crypto Cup Prelim	chess24.com INT	2021.05.23	1.2
NTwM6zxw	London Classic 2nd	London	2010.12.11	4
tSbwWd8q	SportAccord Blitz Men 2013	Beijing CHN	2013.12.15	16.1
xAn2c597	Krasnodar Kuban Spring	Krasnodar	2002.04.??	?
QblG8n45	29th Czech Rapid G1 2018	Pardubice CZE	2018.07.19	7.6
udJnl9dL	Hungary	Hungary	1978.??.??	?
uiKkbWBW	1000GM Memorial Day 2024	San Francisco USA	2024.05.26	7.5
dH1nDOGF	Almaty Open 2017	Almaty KAZ	2017.10.06	4.4
bmy2Ru64	Baden-ch	Birkenfeld	2013.06.02	9
uOGlyuX5	Rochefort op-A 19th	Rochefort	2020.02.22	5
wz3nS1hm	Baden-ch	Ottenau	2005.03.30	8
iprdUmkL	Ubeda op 6th	Ubeda	2001.01.21	1
8NzaqMM8	ch-LTU 2023	Kaunas LTU	2023.06.08	3.2
z5vub2aM	ESP-ch	Zamora	1996.??.??	5
AfiT7cy0	Gibraltar Masters 6th	Gibraltar	2008.01.25	4
pD1aDRcc	ESP-chT	Oropesa del Mar	1996.??.??	6
VndWcadI	ESP-ch	Zamora	1996.??.??	3
zSQds28t	World Blitz 2015	Berlin GER	2015.10.13	3.32
R8wsbVy4	ch-CRO 2017	Valpovo CRO	2017.04.26	2.1
fJCa9ybA	Bundesliga 2018-19	Berlin GER	2019.03.02	10.2
xFOIGwo0	Sigeman & Co 06th	Malmo	1998.06.11	3
oWEKCc0b	Omis op	Omis	2005.10.10	1
aiGlTJYb	Mendoza ITT	Mendoza	2020.01.27	3
kBoQ6xOO	Tula-ch fin	Tula	2007.08.11	9
sp5FHh8Y	Donskoj	Donskoj	2007.07.12	7
MWi8zrf3	Brasschaat	Brasschaat	2011.08.24	5
ncME6AU1	BEL-ch	Westerlo	2004.07.07	5
xPsTdvcA	Novosibirsk Siberia	Novosibirsk	2012.07.19	2
Z0HzvHCK	Aeroflot Open A 2018	Moscow RUS	2018.02.26	7.9
5KJrQikT	EU-chT (Men) 13th	Leon	2001.11.11	6.2
s8yfJPjp	World Rapid 2018	St Petersburg RUS	2018.12.26	2.24
UFumfj2V	Tata Steel India Blitz	Kolkata IND	2019.11.26	16.4
qHh7ehMO	Tata Steel-A 75th	Wijk aan Zee	2013.01.12	1
qxwI2HRh	2nd Norway Blitz 2014	Flor & Fjaere NOR	2014.06.02	5.5
fLWBRBHA	Vugar Gashimov Mem 2015	Shamkir AZE	2015.04.17	1.5
ERj788iO	GCT Blitz Paris 2017	Paris FRA	2017.06.25	16.4
KlzsMKId	SportAccord Blitz Men 2013	Beijing CHN	2013.12.16	27.6
zplHTFmw	World Cup of Rapid Chess KO	Cannes	2001.03.24	2.2
CqSwwseM	Millionaire Chess Op 2016	Atlantic City USA	2016.10.09	7.1
2O3YV575	Internet blitz 5'	ICC INT	1998.08.20	?
rtHDy1nQ	Chess24 Banter Blitz Cup	chess24.com INT	2019.10.15	1.15
01A65BVd	Curacao op	Willemstad	2001.07.25	1
OjpoWfG1	New York WFW	New York	1990.??.??	?
FkJTZh2U	FRM-ch 11th	Gevgelija	2002.04.06	6
cWvnPwA6	Reggio Emilia-B 8990 32nd	Reggio Emilia	1989.??.??	?
zJObCBZb	Smith & Williamson YM-A 11th	Witley	2001.07.19	7
taub3XCD	ITA-chTB 43rd	Sant'Anastasia	2011.03.27	6
dUbsrg3b	Montreal-ch op	Montreal	2012.09.08	2
z2coUIPU	AUT-chT2W 1011	Austria	2010.10.17	3.1
y6xoqOyc	Daehne Cup final	Magdeburg	2011.06.24	4
SH2UefqO	BL2-Sued 0102	Germany	2001.11.11	2.4
HcniYrrm	World Rapid 2016	Doha QAT	2016.12.27	10.1
3ETul3bI	Croatia GCT 2019	Zagreb CRO	2019.07.03	7.3
Mf1ljSu5	Tal Memorial 8th	Moscow	2013.06.22	8
YNiUjR2n	Saint Louis Blitz 2019	Saint Louis USA	2019.08.13	8.1
S09QOT33	chess.com Speed 5m+2spm 2017	chess.com INT	2017.11.18	2.1
THOKF7vn	FIDE Candidates 2018	Berlin GER	2018.03.15	5.3
8Am15cz0	Geneve Masters KO	Geneve	2013.06.29	1.1
uLdUMDGj	GCT Blitz YourNextMove	Leuven BEL	2017.07.01	2.3
4DrrIyP0	GCT Blitz Paris 2017	Paris FRA	2017.06.25	12.5
4O4x4ss6	Amber-rapid 19th	Nice	2010.03.16	4
Zetxh5in	FIDE-Wch	Elista	1996.07.08	17
PovyFe0v	12th World Teams 2019	Astana KAZ	2019.03.09	5.4
XZ8wgU9g	Khanty-Mansiysk ol (Men) 39th	Khanty-Mansiysk	2010.09.28	7.2
z7HBIQ7Y	Croatia GCT 2019	Zagreb CRO	2019.06.29	4.2
zWDS2Jed	7th Sinquefield Cup 2019	Saint Louis USA	2019.08.17	1.1
wpM1axvA	Goldmoney Asian Rapid KO	chess24.com INT	2021.07.03	3.11
2reuCfFY	October GM	Ukraina	1999.??.??	?
AaZ1FtZ2	Puchko Memorial	Alushta	2000.03.25	7
Or1W1Z7w	Kuala Lumpur zt	Kuala Lumpur	1990.??.??	?
L9IARr8p	Capablanca Memorial-B	Cienfuegos	1983.??.??	?
sKHnUdfN	83rd Tata Steel Masters	Wijk aan Zee NED	2021.01.26	9.4
6JXu5ktH	PCA/Intel-GP	New York	1995.06.21	1.2
ubchS4I8	Linares 14th	Linares	1997.02.09	5
3Ahsx7om	TechM GCL 2025	Mumbai IND	2025.12.14	5.3
Ryy52Onf	Hoogovens 5'	Wijk aan Zee	1999.01.18	5
amUKI7dH	Sukhumi	Sukhumi	1972.08.24	7
HVZ5ivQ0	Vlissingen HZ op 09th	Vlissingen	2005.08.14	9
rGHdR9CL	56th ch-IND 2018	Jammu IND	2018.12.11	6.2
Vzh3VXgF	Bundesliga 1213	Germany	2012.12.09	6.6
eCKJGxgi	Thessaloniki ol (Men)	Thessaloniki	1984.11.23	5
ydyu0SIn	World Championship	London	2000.10.31	14
4swJpLCT	Tata Steel-A 74th	Wijk aan Zee	2012.01.24	9
p1hVuYZm	Amber-rapid 20th	Monte Carlo	2011.03.19	7
LqMDjsw3	Airthings Masters Prelim	chess24.com INT	2020.12.27	7.1
Le5jRebE	Opera Euro Rapid KO 2021	chess24.com INT	2021.02.12	2.31
5KSE1nNt	3rd Sinquefield Cup 2015	Saint Louis USA	2015.08.25	3.3
O4ZAlVe4	Tbilisi FIDE GP 2015	Tbilisi GEO	2015.02.16	2.3
F3Zd2dS8	Ultimate Blitz Challenge	Saint Louis USA	2016.04.28	5.1
vljHsx4u	Moscow Tal Memorial 7th Blitz	Moscow	2012.06.07	1
Pz9rrzb1	ch-RUS Blitz 2018	Sochi RUS	2018.10.07	17.1
cdaZ3AiL	World Rapid 2019	Moscow RUS	2019.12.27	9.46
VOpyo7Tj	Poikovsky Karpov 08th	Poikovsky	2007.03.23	8
31ViRabG	76th ch-RUS 2023	St Petersburg RUS	2023.10.09	8.1
yigF8EQu	Istanbul ol (Men) 40th	Istanbul	2012.09.04	7.1
zlc2G09i	FIDE Candidates 2020	Yekaterinburg RUS	2021.04.26	13.2
0aS78TYb	Airthings Masters Prelim	chess24.com INT	2020.12.27	7.3
Ex6cfpmy	World Rapid 2018	St Petersburg RUS	2018.12.27	10.5
YuLTBnSY	EU-Cup 25th	Ohrid	2009.10.06	3.1
bSopkzlY	FIDE World Cup	Tromso	2013.08.18	3.2
wIOFW0P6	RUS-chT	Dagomys	2008.04.09	7
OLoLIJMT	World Blitz 2018	St Petersburg RUS	2018.12.30	15.16
Zm4kyhRg	TCh-RUS Premier 2021	Sochi RUS	2021.05.01	1.4
rh7beN82	Chess.com Rapid Wk3 Swiss	chess.com INT	2022.02.27	3
5bpjlCHc	Chess.com RCC Wk22 Swiss	chess.com INT	2022.07.23	6
V6s1C2ci	46th TCh-ITA 2014	Condino ITA	2014.04.30	1.1
d299Nm27	Wch Blitz 5th	Moscow	2010.11.17	28
Z0IGQRCX	GCT Blitz Paris 2017	Paris FRA	2017.06.24	2.5
URj9snf2	Corus	Wijk aan Zee	2008.01.22	9
AM8mXPYk	Wch Blitz 3rd	Moscow	2007.11.22	30
VDvtaxEn	77th Tata Steel GpA	Wijk aan Zee NED	2015.01.11	2.4
sySw7831	Dortmund	Dortmund	1998.06.26	1
1t7r5MbY	Chess Classics Giants 1st pl	Frankfurt	1998.06.19	3
YwHxat78	Amber-blindfold 11th	Monte Carlo	2002.03.16	1
4cDotBJU	Dortmund SuperGM	Dortmund	2000.07.13	6
b27ELZ2p	7th Gashimov Mem Rapid	Baku AZE	2021.12.21	7.1
9gUQveeU	Clutch Chess: Champions	Saint Louis USA	2025.10.27	3.1
sMbp9KKh	9th Norway Chess 2021	Stavanger NOR	2021.09.09	3.1
TuEfXofI	chess.com Speed 5m+2spm 2017	chess.com INT	2017.11.18	2.13
rOzvdxES	London Classic 4th	London	2012.12.03	3
PyQcWe02	World Blitz 2015	Berlin GER	2015.10.14	15.1
nnGkFUKA	Carlsen-Ding Showdown G5	Saint Louis USA	2017.11.14	1
ZQhUxddM	GCT Rapid Paris 2016	Paris FRA	2016.06.09	4.2
rXmsnO4z	Zurich Korchnoi CC Blitz	Zurich SUI	2017.04.17	7.4
9cCabk1v	DEN-ch	Greve	2002.03.25	3
lnyTAG5k	Kurgan op	Kurgan	2010.03.24	5
LJ0VFJB1	89th ch-ARG 2014	Saenz Pena ARG	2014.07.17	11.1
3j6Ri1rr	Astana Zhuldyzdary Open A	Astana KAZ	2023.07.14	5.13
UkLyC1Fo	Clutch Chess: Champions	Saint Louis USA	2025.10.29	13.1
iZ4DzGip	Amber-rapid 11th	Monte Carlo	2002.03.16	1
Zf82nTsF	GCT Blitz YourNextMove	Leuven BEL	2017.07.02	12.5
4zMAm4fO	ESP-chT final 3rd	Motril	2008.11.02	2.4
uASG4CEM	RUS-ch rapid	Olginka	2011.04.25	3
dHPFNY4W	RUS-UKR m g/3	bereg.ru Int	2003.12.14	1
YeENwvoH	Kochan Memorial op 19th	Koszalin	2008.08.07	4
6UKJQTmG	chess.com Blitz Final 3m+2spm 2016	chess.com INT	2016.10.27	14
1OAVavjO	World Cup	Khanty-Mansiysk	2009.12.14	7.8
hB6JCLu5	World Cup blindfold	Bilbao	2007.10.18	5
WGM0aPtY	Dos Hermanas 10th	Dos Hermanas	1999.04.17	9
r5gwfi4d	RUS-Cup04	Samara	2002.08.02	8
aPTR0nP5	Altensteig-A	Altensteig	1993.??.??	1
YdzWvgEH	Wch U20 52nd	Kocaeli	2013.09.14	2
jWvqUxk7	Bundesliga 0405	Germany	2005.01.30	9.7
8F49yH4y	Dieren op	Dieren	1989.??.??	3
hfS22oqE	Dieren op	Dieren	1989.??.??	5
v4Iiyy4j	Dieren op	Dieren	1989.??.??	2
rKBeEdN8	Soukhumi op	Soukhumi	2007.08.03	1
3yzt8FKr	ROM/Cup1/A (ROU)	ICCF	2005.02.13	?
hlM3Ha7W	Zagreb op	Zagreb	1997.??.??	4
O5OyBzfZ	Athens op	Athens	1989.??.??	?
7g1QACuQ	FRA-chT Top 16 GpA	France	2009.05.03	7
E2r0WMGu	PRO League Stage	Chess.com INT	2020.02.17	7
hMr06K8i	PRO League Group Stage	chess.com INT	2019.02.20	7
H5sEXED7	PRO League Group Stage	chess.com INT	2019.02.20	7
MO9xplAS	PRO League Group Stage	chess.com INT	2019.02.20	7
xfKIqk0B	Reykjavik Open 2016	Reykjavik ISL	2016.03.14	8.3
5Rovc6aM	Linares 15th	Linares	1998.02.22	1
G5oUeln0	42nd Olympiad 2016	Baku AZE	2016.09.10	8.10
Qno3OOgH	Amber-blindfold 07th	Monte Carlo	1998.03.16	4
3jccafMh	SportAccord Blitz 2014	Beijing CHN	2014.12.13	18.2
qL3ore7x	Airthings Masters KO 2020	chess24.com INT	2020.12.30	1.23
ZfcQB2Iz	Opera Euro Rapid KO 2021	chess24.com INT	2021.02.14	3.21
at5yZoKB	GCT Rapid Paris 2019	Paris FRA	2019.07.27	1.4
5Oh6idxA	Tbilisi FIDE GP 2015	Tbilisi GEO	2015.02.22	7.6
O3ofoScg	Champions Showdown Blitz	Saint Louis USA	2019.02.23	12.2
wUAKYW45	TCh-CHN 2016	China CHN	2016.09.23	12.6
ZFYUWKJ1	Netanya Riordan	Netanya	2009.07.13	5
qvp14wGz	European Rapid 2023	Zagreb CRO	2023.12.15	9.23
ADqerh6q	1st Maharashtra GM Open	Pune IND	2022.06.02	4.11
CFc8rFHj	TCh-SRB Druga 2023	Novi Sad SRB	2023.11.08	9.3
ofxhPd5b	Bled op 18th	Bled	1997.??.??	5
W2CSZA93	chess.com Speed 1m+1spm 2017	chess.com INT	2017.11.18	2.29
ummn4pfC	Legends of Chess Final	chess24.com INT	2020.08.03	2.16
Ut2icCi9	GCT Blitz YourNextMove	Leuven BEL	2016.06.19	8.5
TlGaEcVA	Zurich CC Rapid 2014	Zurich SUI	2014.02.04	5.2
MlWCUI0X	ch-UZB 2024	Tashkent UZB	2024.04.29	19.5
3tynflcw	Asia-chT Tata Steel	Kolkata	2009.12.23	2
rZkSbdXR	GCT Blitz YourNextMove	Leuven BEL	2016.06.20	12.4
w4TyDoaL	Zurich CC Blitz 2014	Zurich SUI	2014.01.29	4.1
GkAg8xms	Wch Blitz 5th	Moscow	2010.11.16	13
uyyamsqb	SportAccord Rapid 2014	Beijing CHN	2014.12.11	1.4
fHvwrYaC	Bundesliga 8687	Germany	1987.??.??	?.1
ezAU6Pri	Espoo zt	Espoo	1989.??.??	?
1pPTEMEU	Solin 6th	Solin	1998.??.??	4
SH4VJBQI	Niksic	Niksic	2000.??.??	?
kjiWgJis	chess.com Speed 1m+1spm 2017	chess.com INT	2017.11.18	2.33
KlRBdPa4	Moscow Botvinnik Memorial	Moscow	2011.09.03	5
BfZlLBrG	Leuven m blitz	Leuven	2011.10.09	7
rTOB03ZH	GCT Rapid YourNextMove	Leuven BEL	2016.06.18	9.1
UItHQndh	GCT Blitz YourNextMove	Leuven BEL	2016.06.19	5.2
6GNOIsg9	chess.com Speed 3m+2spm 2017	chess.com INT	2017.11.18	2.19
vRnYK2TX	Amber-rapid 15th	Monte Carlo	2006.03.19	2
SGiTBzMJ	S-Open/1-final	ICCF	2009.05.05	?
nZ0u3hzm	GRENKE Chess Open 2019	Karlsruhe GER	2019.04.19	3.71
dkgZaxAO	RoW/CA 1 1	ICCF	2023.03.20	?
bWbLpasd	22nd Dubai Open 2022	Dubai UAE	2022.08.27	1.17
OIaunp6g	Norway Masters blitz	Stavanger	2013.05.07	1
I9OtQwUQ	Norway Masters blitz	Stavanger	2013.05.07	4
59o6w4jH	PokerStars IoM Masters	Douglas ENG	2015.10.11	9.5
6UBZJCjK	ACP Blitz Prelim1 playoff 3rd	playchess.com INT	2004.05.31	1.1
rNahwSo6	Julius Baer GenCup Prelim	chess24.com INT	2022.09.21	14.8
fzbX0J7M	World Blitz 2018	St Petersburg RUS	2018.12.29	12.45
sxbDSZUo	5th Vergani Cup Dec 2020	Villorba ITA	2020.12.30	8.1
gfwITYid	2nd Stars Cup Blitz 2017	Bandar-e Anzali IRI	2017.07.11	7.6
KUsjuKh2	Chess.com Rapid Wk5 Swiss	chess.com INT	2022.03.12	6
ePcqYBjD	Swiss/KO 2022 Rd 1/ 8	ICCF	2022.03.31	?
T42VvJxc	PRO League Group Stage	chess.com INT	2017.02.11	5
ARLm0Hkh	Legends of Chess Prelim	chess24.com INT	2020.07.26	6.1
e2joeTLU	PRO League Group Stage	chess.com INT	2018.01.31	3
M8vi8vfj	Nancy Meurthe KO 11th	Nancy	2013.03.10	1.2
Oxr1sSS1	TCh-AUT 2023-24	Austria AUT	2023.11.23	2.3
GxbAdysx	Bogoroditsk 07	Bogoroditsk	2013.07.10	12
qqMXQaK1	Karpos Open 2014	Skopje MKD	2014.03.31	4.39
G5GGd9uF	World Blitz 2018	St Petersburg RUS	2018.12.30	13.90
vBoMdcFN	Lisbon Masters	Lisbon	1996.??.??	9
YESMxxbp	Montevideo Duchamp Cup 4th	Montevideo	2020.02.12	6
4x4yhGY6	CZE-chT 0607	Czechia	2007.03.24	10.1
IOp7ccx9	Sparkassen op-A	Dortmund	2000.07.14	8
T7bMIIMz	Perugia op	Perugia	2009.07.01	6
UeBKb7y9	GCT Rapid YourNextMove	Leuven BEL	2016.06.18	9.4
7OiO7mMO	GCT Blitz Paris 2017	Paris FRA	2017.06.24	9.3
It0FWgd2	chess.com Speed 3m+2spm 2017	chess.com INT	2017.11.18	2.21
R76H0Off	GCT Blitz YourNextMove	Leuven BEL	2016.06.19	3.4
dAVuLL4Z	Pamplona 19th	Pamplona	2009.12.27	7
vGMhxIBB	Russian Rapid GP 2015	Khanty-Mansiysk RUS	2015.12.15	12
Rie2pTfM	ch-CHN Blitz 2019	Shenyang CHN	2019.12.18	5.3
qrZV8frw	TCh-TUR 1st League 2017	Konya TUR	2017.07.19	4.4
O4GNM6DF	3rd Norway Blitz 2015	Stavanger NOR	2015.06.15	2.4
4r9i3SlB	World Blitz 2019	Moscow RUS	2019.12.30	19.3
Lcf4Bo1C	Wch Blitz 3rd	Moscow	2007.11.21	3
Gr3CpdBq	Bundesliga 2022-23	Baden-Baden GER	2023.03.18	10.1
zKLQGZJp	81st Tata Steel GpA	Wijk aan Zee NED	2019.01.12	1.1
NxawiLUB	Vugar Gashimov Mem 2015	Shamkir AZE	2015.04.21	5.3
MoYha7L8	Norway Masters blitz	Stavanger	2013.05.07	3
KcfBQuYr	Zurich CC Blitz 2014	Zurich SUI	2014.01.29	4.2
w6MW7QIH	Superbet Rapid 2023	Warsaw POL	2023.05.22	6.1
nsdOkdEB	Norway Masters blitz	Stavanger	2013.05.07	5
q3I2iB9L	PRO League Group Stage	chess.com INT	2018.03.07	9
MRuAazF0	22nd Voronezh Master Open	Voronezh RUS	2018.06.21	9.7
4CGINefZ	Carnevale Master Open	Bassano del Grappa ITA	2021.02.14	5.3
392AnYOY	Vierlaenderkampf	Baden	1999.??.??	?
aXFQKGwt	33rd Staufer-Open 2023	Schwaebisch Gmuend GER	2023.01.06	9.11
e41kyMDB	7th Norway Blitz 2019	Stavanger NOR	2019.06.03	2.4
mrKim9UQ	Levitov Chess Week Blitz	Amsterdam NED	2019.08.03	5.1
URf6E378	World Blitz 2017	Riyadh KSA	2017.12.30	21.2
BcUgj0UN	Levitov Chess Rapid Match	lichess.org INT	2020.11.18	5
6fF7Idkx	GCT Blitz Paris 2017	Paris FRA	2017.06.24	5.4
tubGGGFi	chess.com Speed 3m+1spm 2018	chess.com INT	2018.09.07	1.16
ckvCZE6M	chess.com Speed 2019	chess.com INT	2019.09.04	1.25
RmCEIS2H	World Blitz 2017	Riyadh KSA	2017.12.30	12.55
zS0r7fgc	15th Hainan Danzhou GM	Danzhou CHN	2024.10.29	6.4
h4O2iF3J	BCF-chT 0506 (4NCL)	Birmingham	2006.04.30	10.2
hPY53kan	BCF-chT 1213 (4NCL)	England	2013.03.23	7.136
DJMfv0h0	BCF-ch	Chester	1979.??.??	11
3RvRz7l7	Legends of Chess Prelim	chess24.com INT	2020.07.26	6.3
bT2DOHaz	World Championship	Chennai	2013.11.12	3
Sw6AVeSq	World Championship	Chennai	2013.11.09	1
rdzLggXH	chess.com Blitz Final 3m+2spm 2016	chess.com INT	2016.10.27	16
sEc0Wpmf	Saint Louis Rapid 2019	Saint Louis USA	2019.08.10	2.4
wT9Y5jzh	6th Norway Blitz 2018	Stavanger NOR	2018.05.27	3.1
2tB6tsFG	FIDE Candidates	London	2013.03.20	5
y3nv3Baj	Charity Cup Prelim	chess24.com INT	2022.03.19	1.3
1nsnNAOO	US Chess League 2015	ICC INT	2015.09.08	3
KH4TFyGp	CM.1997.0.00024	IECG	1997.??.??	?
lrx4bPNF	GB/C2009 (ENG)	ICCF	2009.10.15	?
CX1EUB8c	CM.1997.0.00029	IECG	1997.??.??	?
dX5SwfS3	44th Sitges Open 2018	Sitges ESP	2018.07.28	8.1
BmgHMkSA	Bank Lviv Rapid Open 2016	Lviv UKR	2016.03.15	2.5
8bjH5tD9	16th Somov Memorial 2018	Kirishi RUS	2018.05.16	2.6
MuaNXNQ6	ENG Thomas (ENG)	ICCF	2021.06.01	?
XVl23KI7	CL/2021/C7	ICCF	2021.11.01	?.1
X7zVNLaP	I FC 2024 S 12 (CUB)	ICCF	2024.01.31	?
gmfsoOLK	WZCChamp/1	ICCF	2018.07.31	?
NszMtkAH	Valjevo Zepter	Valjevo	2005.06.15	2
f2rdIjNI	BIH-chT	Teslic	2006.06.19	2.4
5GhtyEpa	S-Open/8-SF  10	ICCF	2024.09.30	?
59dVX4P4	Kiev Independence Cup-A 2nd	Kiev	2002.08.16	4
pDPetYz5	Chigorin Memorial 18th	St Petersburg	2010.11.05	9
7qbAuSoy	CM.2003.0.00220	IECG	2003.05.08	?
49ZdTLjW	Moratalaz op 25th	Madrid	2012.09.20	6
rQUn1QLE	5th Norway Blitz 2017	Stavanger NOR	2017.06.05	3.5
FU2gM68C	5th Norway Blitz 2017	Stavanger NOR	2017.06.05	3.4
fsbd9nab	Wch Blitz	Astana	2012.07.09	11
EiNoD6cQ	PRO League Group Stage	chess.com INT	2018.02.04	4
HEkAfjd2	Kavala zt5	Kavala	1985.02.01	7
9Gawgcue	AUT-chT 0405	Austria	2005.01.14	5
RhSY7ZJI	DEN-chT 0809	Denmark	2009.01.11	5
CgEnM3l4	AUT-chT2W 1213	Austria	2013.01.13	8.5
eTsb1uJJ	Prague sim3	Prague	1990.??.??	?
ZPf16m6o	Pula op	Pula	1990.??.??	1
PZ9cbpIj	World Blitz 2019	Moscow RUS	2019.12.30	16.41
RnyE8STQ	Warsaw AIG Life rapid	Warsaw	2002.12.21	5
LdVqsBAB	Sigeman & Co 03rd	Malmo	1995.??.??	4
n6T7u6Si	Vladivostok Russian Cup	Vladivostok	2012.09.20	4
Xp9eCgC4	Baltic zt Tallinn 2015	Tallinn EST	2015.01.12	1.3
A5YVWnMo	Bundesliga 0001	Germany	2001.02.17	8.3
DeX5UAf8	BL2-West 0102	Germany	2001.10.07	1.1
lcUayvIO	Internet op	Internet	2004.01.03	?
oFs6J37f	Tula1	Tula	2001.??.??	4
zClR7ws9	Chennai op 12th	Chennai	2020.01.24	9
4wnqqqOx	Hoogovens 5'	Wijk aan Zee	1999.01.18	10
3Gb7CHE1	World Blitz 2015	Berlin GER	2015.10.13	10.56
XLyt0YMe	38th ECC Open 2023	Durres ALB	2023.10.03	3.2
T2iFue5i	Biel MTO op 45th	Biel	2012.07.30	7
OZxltZQ0	39th Zurich Christmas	Zurich SUI	2015.12.29	5.2
Z1X4P4pQ	ACP Blitz Prelim1	playchess.com INT	2004.04.12	4
8Lfwaplr	AUT-chT 1213	Austria	2013.01.18	5.2
goFmWLXU	Syre Memorial op 20th	Issy les Moulineaux	1997.05.??	?
OuQjDTDB	BCF-ch	Edinburgh	1985.??.??	3
j8dr6RVr	Bristol op	Bristol	1980.??.??	4
4jgkWC0G	Ribnica	Ribnica	1979.??.??	10
oY5gNY0b	11th Ugra Governor's Cup	Khanty-Mansiysk RUS	2015.11.30	8.10
PyjnP3Im	Bor	Bor	1983.??.??	9
5p6rbYaL	Berliner Sommer 06th	Berlin West	1988.??.??	5
awDHQJ0J	CL/2010/B1	ICCF	2010.01.25	?.4
ONvkugmI	Delmenhorst	Delmenhorst	1988.??.??	?
xM6DP2x2	Fil Brothers Cup	Murom	2000.??.??	7
IesIDlDU	Clutch-ch June	Lichess.org INT	2020.06.08	1.8
1w7BJqS6	Beijing Sportaccord blindfold	Beijing	2011.12.16	6
z2Kd0a5S	IMSA Blitz 2016	Huai'an CHN	2016.02.28	9.6
wa7SGhld	Tal Memorial Blitz 2014	Sochi RUS	2014.11.14	15.2
XoCQRzGD	Kosmos m 5'	Moscow	1998.11.27	3
gjhFf6uG	3rd Norway Blitz 2015	Stavanger NOR	2015.06.15	7.1
rPHO5BeB	European Rapid 2014	Wroclaw POL	2014.12.20	3.34
FQOcLugG	BEL-chT 0001	Belgium	2001.03.04	13
QSKQSKvo	Los Angeles Metropolitan 22nd	Los Angeles	2012.10.10	1
weEgBgpA	SportAccord Blitz 2014	Beijing CHN	2014.12.13	1.8
lH4QCFHb	42nd Olympiad 2016	Baku AZE	2016.09.08	6.12
aV1XZsML	World Rapid 2024	New York USA	2024.12.26	5.4
rnVblveN	Texas Collegiate 2013	Houston USA	2013.11.09	2
XPXlltvI	FIDE World Rapid Team	London ENG	2025.06.11	3.2
J6FU4qgj	72nd Moscow Blitz	Moscow RUS	2018.09.08	3.9
82HosJre	World Rapid 2025	Doha QAT	2025.12.26	2.6
P2ZjCo80	FIDE World Cup 2019	Khanty-Mansiysk RUS	2019.09.25	5.9
hSzYeUH5	World Blitz 2019	Moscow RUS	2019.12.30	14.2
c8B5pYfH	FICGS__CHESS__WCH_QUARTER_FINAL_4__0000	FICGS	2007.01.16	6
5v1hJAOI	POL/ETC3 (POL)	ICCF	2006.11.15	?.2
PqhUiIlQ	FICGS__CHESS__WCH_STAGE_2_GROUP_01__000	FICGS	2007.02.15	1
jp5RqPxK	CM.2002.0.00170	IECG	2002.02.13	?
hufC9eTY	GCT Blitz Paris 2016	Paris FRA	2016.06.12	13.5
b1N6suRb	SuperUnited CRO Rapid 2024	Zagreb CRO	2024.07.12	7.5
GrA7t3Ee	Bundesliga 1213	Germany	2012.12.08	5.1
PJTBkGAC	Internet Section 06A g/8'+2	Dos Hermanas	2004.03.06	5
xfZkpEQa	NRW-ch U26	Buende	1985.??.??	3
JZ4fg8iZ	Bundesliga 9091	Germany	1990.??.??	?.5
VBn1pUVy	Oberliga Ost-B 9900	Germany	1999.10.10	1.1
cZv56VD6	chess.com Speed 2019	chess.com INT	2019.12.04	2.21
bjtqDtLU	Moscow Blitz Final 2014	Moscow RUS	2014.09.06	8.4
10fis1as	EU-Cup 21st	Saint Vincent	2005.09.23	6.2
4ajUWh1I	Las Palmas3	Las Palmas	1993.??.??	2
WYehtw7J	Wroclaw op 5th	Wroclaw	2010.06.27	2
90uwwAGN	ENG-ISL 2011	ICCF	2011.03.26	?.1
PKnH3P93	BL2-Sued 0708	Germany	2008.04.20	9.1
HhvAzGHK	2nd IMSA Basque 2017	Huai'an CHN	2017.12.15	5.2
Q6f9Hy23	Four Player Festa da Uva 2014	Caxias do Sul BRA	2014.03.06	6.1
aywiW86N	Barcelona GM 2017	Barcelona ESP	2017.11.10	2.4
UrMpL5aR	Montcada op 17th	Montcada	2009.06.29	4
3SOJ89XY	SRB-ch	Vrnjacka Banja	2012.04.29	7
AuLxYJl0	Pula op 10th	Pula	1996.??.??	?
4kudKyTZ	10th Pfalz Open 2019	Neustadt an der Weinstrasse G	2019.03.05	9.6
ezR4pi4c	Alushta Autumn 2nd	Alushta	2001.??.??	11
Yzum5ndZ	Superbet Classic 2022	Bucharest ROU	2022.05.06	2.4
6G3mo4ra	FIDE World Rapid 2014	Dubai UAE	2014.06.16	5.2
u1AGWKNw	FIDE World Cup	Tromso	2013.08.21	4.2
43Su95Ye	CGC KO 2022	chess.com INT	2022.10.03	3.3
NWPmnYY9	FIDE World Blitz 2013	Khanty-Mansiysk	2013.06.09	15
mnic8Bid	ROM/C50 (ROU)	ICCF	2011.05.15	?
4qMFs3bj	ch-LAT 2017	Riga LAT	2017.05.04	7.2
xNu1ktXC	Uljanovsk Volga op	Uljanovsk	2011.01.05	6
NxKoBr2T	1st BICA Pawn Open 2021	Sousse TUN	2021.12.27	6.1
wnWQ6oDb	Scandinavian Masters Rapid	Oslo NOR	2015.05.15	1.3
U9N2tC5L	Chess Stars 5.0 Rapid	Moscow RUS	2025.06.26	2.3
fNsuGLeN	4NCL 2017-18	England ENG	2018.05.06	10.11
2CFhty9p	Wch Blitz	Astana	2012.07.09	5
6zf8xzXS	ICC Open Final 2016	ICC INT	2016.06.05	2.2
IFChadzS	PRO League Group Stage	chess.com INT	2018.02.28	8
ly1KwSir	PRO League Group Stage	chess.com INT	2019.03.07	9
9S7ThhrT	World Rapid 2019	Moscow RUS	2019.12.28	12.31
HcPiq7x8	World Blitz 2018	St Petersburg RUS	2018.12.29	10.50
81HpbWjz	Philip Hogarty Mem GM 2019	Dublin IRL	2019.01.03	2.2
fAQs5wQt	Nanjing Pearl Spring 1st	Nanjing	2008.12.13	3
Di99pK44	Norway Masters blitz	Stavanger	2013.05.07	8
0XJIqgLy	Amber-blindfold 18th	Nice	2009.03.16	3
YQDP53bm	Amber-rapid 18th	Nice	2009.03.14	1
BGPWdeVG	Wch Blitz	Astana	2012.07.09	2
CIQ238fo	Bazna Kings 4th	Medias	2010.06.24	9
ve7zLBJu	Wch Blitz 3rd	Moscow	2007.11.21	15
4juQWPvd	Chess.com RCC Wk13 Swiss	chess.com INT	2022.05.07	2
iKFSIQ1M	RUS-chT	Togliatti	2003.05.25	10
EjYYqAAQ	TCh-CZE Extraliga 2013-14	Ostrava CZE	2013.12.01	4.1
XgBH8khq	5th Classic GpD 2013	London ENG	2013.12.11	1.2
MZSthGC6	PRO League KO Stage	Chess.com INT	2020.03.04	1
X2iaorbG	Chess.com Rapid Wk8 Swiss	chess.com INT	2022.04.02	4
ffrUt8fC	Sunway Sitges Open 2016	Sitges ESP	2016.12.20	6.4
uUab28o2	Charity Cup KO 2022	chess24.com INT	2022.03.26	3.22
7IG243RG	chess.com Speed 1m+1spm 2018	chess.com INT	2018.11.30	3.22
meHOJT7j	chess.com Speed 2019	chess.com INT	2019.09.02	1.14
QUiVO2dE	Armageddon: Chess for TV	Moscow RUS	2019.06.14	3.1
oOazcS8W	Skilling Open Prelim	chess24.com INT	2020.11.22	3.6
IkmJQssp	Chessable Masters Prelim	chess24.com INT	2022.05.20	7.1
RA5m58Yn	Levitov Chess Week Rapid	Amsterdam NED	2019.08.06	6.4
eRAlOBMx	Levitov Chess Week Blitz	Amsterdam NED	2019.08.03	2.1
mbrtsyhZ	Meltwater Tour Final 2021	chess24.com INT	2021.09.29	5.2
IM0vV1uh	chess.com Speed 2019	chess.com INT	2019.11.14	2.17
T6AVWTWM	Skilling Open Prelim	chess24.com INT	2020.11.23	10.2
TtY7GQLV	Saint Louis Blitz 2019	Saint Louis USA	2019.08.13	1.2
e6hmuHrJ	Reykjavik rapid	Reykjavik	1994.??.??	1
76vwCPh3	Internet Section 18-A	Dos Hermanas	2003.03.18	2
y098jAJk	Capablanca Memorial-A 23th	Havana	1988.??.??	?
AhuoHR0h	6th HD Bank Cup 2016	Ho Chi Minh City VIE	2016.03.08	2.4
KFHHwUaP	World Blitz 2015	Berlin GER	2015.10.14	21.1
F47sAPFL	World Blitz 2018	St Petersburg RUS	2018.12.30	21.26
4MohREPm	BCF-chTb 1112 (4NCL)	England	2011.11.12	1.1
Q1DZpHnO	ch-SWE 2015	Sunne SWE	2015.07.16	6.1
VLoCJWvz	38th Cardinal Open 2015	Reynoldsburg USA	2015.01.25	5.3
zuqNnFxk	ICCF-FM/206	ICCF	2006.01.09	?
rR2gX6hj	WSTT/3/06/4	ICCF	2006.09.10	?
luHYXEEP	CZE-chT1W 0607	Czechia	2006.10.29	1.2
LDLe6Oyr	Dortmund op-A	Dortmund	1993.??.??	7
3iEj0sEG	Oberliga Nord N 9798	Germany	1998.??.??	?
PIyXpond	chess.com Speed 3m+2spm 2017	chess.com INT	2017.11.18	2.20
4hPTzFrV	chess.com Speed 1m+1spm 2017	chess.com INT	2017.10.04	1.19
FEZcX2Z9	YUG-Cup	Herceg Novi	2000.??.??	4
N7tssgpV	81st ch-ARM Highest 2021	Yerevan ARM	2021.02.20	5.5
qGXiuw2i	CZE-chT 0506	Czechia	2006.02.25	8
1AbdCYip	Vicente Lopez op	Vicente Lopez	1993.??.??	6
yRdL5i2Q	Villa Martelli Pro Am op 10th	Villa Martelli	2003.??.??	7
PwRp7vTO	CZE-chT rap	Pardubice	2012.07.14	4.4
bkII5TEc	Benidorm op	Benidorm	1989.??.??	?
9jiEQlOR	Copenhagen KO	Copenhagen	2010.??.??	2.2
pITCmn5e	42nd Olympiad 2016	Baku AZE	2016.09.13	11.7
0cYNaZDg	Villarrobledo op 22nd	Villarrobledo	2007.08.05	6
EEw8sqcw	Politiken Cup 30th	Helsingor	2008.07.25	8
inNau9Pl	Calatrava op rapid 2nd	Calatrava	2007.04.07	4
L42osr2f	Balaguer op 11th	Balaguer	2006.07.25	9
Wi4aTQ3g	ACP Blitz Prelim2 3rd	playchess.com INT	2004.06.02	15
VNa8djsB	RUS-chT 13th	Sochi	2006.04.27	8
tQQ0B9qh	VWC12/SF  2	ICCF	2021.08.21	?
GvgGu9BM	WS/SIM/B/64	ICCF	2025.01.13	?
JRnaJlxO	GER/C52/pr09 (GER)	ICCF	2020.04.16	?
4FkT7Tuu	2nd DSM 0-2750  G (BUL)	ICCF	2025.08.10	?
kyDjSYXe	CL/2015/PL11	ICCF	2015.04.15	?.2
vDKg29Kj	Moscow Cup Final 2013	Moscow RUS	2013.12.10	6.3
yWzhbTDB	7th Gashimov Mem Rapid	Baku AZE	2021.12.19	3.2
9YoDpt6c	Elista Dordzhiev Memorial	Elista	2011.04.26	4
EgfFKzUn	Champions Challenge 206th	playchess.com INT	2007.07.07	3.4
221yLsWV	New York 1924 Centennial	New York USA	2024.07.19	4.1
AspxC2d4	Paris-ch blitz	Paris	2011.??.??	13
k3gsrTqA	Warsaw AIG Life rapid	Warsaw	2005.12.17	5
0Ey71Uj7	BL2-West 0809	Germany	2009.01.18	5.2
DuWqClW1	St Petersburg White Nights op	St Petersburg	1999.??.??	3
YQyC33nL	Chigorin Memorial 21st	St Petersburg	2013.10.08	4
OTFfnCDY	World Blitz 2016	Doha QAT	2016.12.29	5.29
uwZkwTyo	Yopal	Yopal	1997.06.20	1
gTogC4m6	EU-ch 9th	Plovdiv	2008.04.27	7
oNCfGHVY	3rd Chinggis Invitational	Burlingame USA	2017.02.25	8
0YwR4McZ	BL2-Nord 0102	Germany	2002.01.20	4.1
kY4gVtF7	Sarajevo Bosnia 30th	Sarajevo	2000.05.19	3
yiNHgsFP	Foxwoods op 06th	Connecticut	2004.04.09	4
0vkoH44K	RUS/FC/pr2 (RUS)	ICCF	2020.02.01	?
OF7wMuaL	Bundesliga 0102	Germany	2002.02.03	7.7
DAJ7MZtG	13th Hainan Danzhou GM	Danzhou CHN	2022.12.14	7.1
pUj47ifw	GCT Rapid YourNextMove	Leuven BEL	2017.06.28	3.5
Gqx23B7T	TCh-FRA Top 12 2016	Drancy FRA	2016.05.30	3.5
BVeCpvPX	Samba Cup 2nd	Skanderborg	2005.10.22	8
A5se2clq	Moscow Aeroflot op-A	Moscow	2005.02.17	3
pLcITT65	TCh-RUS Premier 2023	Sochi RUS	2023.05.05	5.3
hVkcA4V7	Los Inmortales op 4th	Santo Domingo	2002.12.05	9
GujHXTr2				
aebmasCs	Julius Baer Gen Cup D3 W	chess.com INT	2024.09.30	5.1
Us4vw9CF	Fujairah Global Superstar	Fujairah City UAE	2025.08.26	2.10
CfgLUteH	SWE-chT 0506	Sweden	2005.??.??	1
NJBw3j66	ch-USA 2023	Saint Louis USA	2023.10.12	7.5
UKeEJ4v6	La Roche sur Yon	La Roche sur Yon	2006.03.21	6
fbPxsdx2	Reykjavik op 23rd	Reykjavik	2008.03.07	5
VXkWOV7K	AUT-chT2M 1011	Austria	2010.10.17	2
x0XNSkaO	Ostend op	Ostend	1992.??.??	3
Uee6hBUS	BL2-Ost 0001	Germany	2000.12.10	3.3
kJkxs1yI	Carlsen Inv Prelim	chess24.com INT	2020.04.19	1.3
apgVroW4	chess.com Speed 1m+1spm 2017	chess.com INT	2018.07.24	26
Qzl2yuNs	chess.com QF Blitz 3m+2spm 2016	chess.com INT	2016.05.10	16
BEzarwOF	4th Sinquefield Cup 2016	Saint Louis USA	2016.08.05	1.2
iTFGmK77	IMSA World Masters Rapid	Hengshui CHN	2019.05.14	3.4
oe3QkdCI	World Blitz 2015	Berlin GER	2015.10.14	20.15
2YDXzvEm	Bundesliga 2023-24	Dresden GER	2024.02.04	8.1
4Zf83t2P	Nebesna sotnya Mem Blitz	Lutsk UKR	2016.02.19	20.1
pQQ4NJMT	Mainz Ordix op 14th	Mainz	2007.08.19	9
9dgBetuv	Interpolis	Tilburg	1986.10.31	10
uttAuTL9	Vergani Cup Jan 2022	Cattolica ITA	2022.01.09	9.4
Fo3iTpug	OHRA	Amsterdam	1986.??.??	?
L94D0H0Y	RUS Cup Qualifier 2	chessassistantclub.com INT	2004.09.30	?
l7aWMCXa	Reggio Emilia-A 8687 29th	Reggio Emilia	1986.??.??	?
y7y1Sb6f	HUN-ch	Hungary	1984.??.??	2
WHAT0uPJ	RUS-ch 56th	Krasnoyarsk	2003.09.09	6
lCIRd8Oy	World Rapid Women 2014	Khanty-Mansiysk RUS	2014.04.25	13.4
Im4HY8WQ	SportAccord Blitz w 2014	Beijing CHN	2014.12.15	21.2
FPZc44uE	Cappelle op 29th	Cappelle la Grande	2013.02.25	3
qNDjaIu3	San Francisco schev 2nd	San Francisco	1999.03.29	5
b5i4nyvL	Neckar op-A 16th	Deizisau	2012.04.09	8
8QMNazmc	FRA-ch Pool B	Vichy	2000.08.23	6
VqIXNl9g	15th BCC Open 2015	Pattaya THA	2015.04.15	5.3
rx5JoA6H	Vaujany op	Vaujany	2012.07.18	7
LHqh6DNq	European Rapid 2015	Minsk BLR	2015.12.20	10.9
yr7pctor	European Blitz 2018	Skopje MKD	2018.12.07	12.10
jHvQn33m	Paris op	Paris	1996.??.??	2
NCUaBJCb	27th Czech Rapid G1 2016	Pardubice CZE	2016.07.21	8.11
N9v61TyP	GCT Blitz Paris 2019	Paris FRA	2019.08.01	10.4
2qNdnKVk	Champions Showdown G10	Saint Louis USA	2017.11.11	6.2
83KHngJf	Superbet Blitz 2019	Bucharest ROU	2019.11.10	10.2
dF2h0O8Y	Grand Slam Final 5th	Sao Paulo/Bilbao	2012.09.24	1
Fnn3oRqP	Global Chess League 2023	Dubai UAE	2023.06.28	7.1
SLHmyYXh	Amber-rapid 20th	Monte Carlo	2011.03.17	5
SqXUrego	45th Olympiad 2024	Budapest HUN	2024.09.18	7.5
RujUq0Eg	St Louis Summer B	Saint Louis USA	2019.06.26	8.2
2yABMME1	RUS Fed Internet Cup Final 5'	chessassistantclub.com INT	2004.12.28	14
Kamrfbu7	Aimchess US Rapid Prelim	chess24.com INT	2021.08.30	11.1
Eacu5Qua	7th Prague Masters 2025	Prague CZE	2025.03.01	4.5
IJajSsX9	World Rapid 2021	Warsaw POL	2021.12.26	1.4
uSgosBUY	8th Lublin GM 2016	Lublin POL	2016.06.17	5.1
UhGncOnW	Bundesliga 9192	Germany	1991.??.??	?.1
jwgTcqUw	Mallorca op	Mallorca	2000.12.08	7
aBPEoiZP	Belgrade GMA op	Belgrade	1988.??.??	?
n9qjI6tW	Pula zt 1.2	Pula	2000.04.19	8
ggeGzHJQ	CCO15/F	ICCF	2006.03.30	?.2
QmiDtkGT	WC25/ct05	ICCF	2006.02.25	?
wG234OZe	Reykjavik Summit	Reykjavik	1990.??.??	?
s9prkSl4	EU-Cup 18th	Kallithea	2002.09.23	2.5
0j2FYVvn	CCO15/F	ICCF	2006.03.30	?.2
ri0FHwjC	WC25/ct05	ICCF	2006.02.25	?
0mI7SB0a	Prague Cez Trophy m	Prague	2010.04.24	8
K1dM0PE3	Richard Riordan Blitz	Netanya	2009.07.16	1
VgTAdkT7	United Insurance 4th	Dhaka	1999.02.22	4
j479bCHv	Monarch Assurance 12th	Port Erin	2003.09.04	8
8DhVNNPl	Carlsen Inv Prelim	chess24.com INT	2020.04.21	2.2
lXIoa48R	GCT Blitz Paris 2018	Paris FRA	2018.06.23	4.5
taWO6fnN	Saint Louis Rapid	Lichess.org INT	2020.09.17	8
DQFAQ8YH	Dortmund 25th	Dortmund	1997.07.04	1
Tw3wI5Lr	Moscow Tal Memorial Blitz	Moscow	2008.08.30	32
QGgrnwSk	Superbet Rapid 2022	Warsaw POL	2022.05.20	5.5
u7F9GUYV	7th Gashimov Mem Rapid	Baku AZE	2021.12.19	3.1
zGdZPWSh	Amber-rapid 20th	Monte Carlo	2011.03.22	9
zPRXrd1Y	7th Gashimov Mem Rapid	Baku AZE	2021.12.19	2.2
Uw3f40Nc	Luohu GM Blitz 2018	Shenzhen CHN	2018.06.14	9
weqhN5RY	Vugar Gashimov Mem 2016	Shamkir AZE	2016.06.02	7.2
BgJOQo67	IMSA World Masters Blitz	Hengshui CHN	2019.05.18	19.6
dJEMSt6U	CGC KO 2022	chess.com INT	2022.10.03	3.1
p3kxYbmb	GCT Blitz YourNextMove	Leuven BEL	2018.06.16	14.1
IQNupeQY	chess.com Speed 1m+1spm 2018	chess.com INT	2018.11.30	3.23
UC0zE8Do	Armageddon Grand Finale L	Berlin GER	2023.09.20	4.1
gRwpqtQb	42nd Olympiad 2016	Baku AZE	2016.09.11	9.4
UiEBcA7C	Candidates sf1	Denver	1971.07.06	1
1bCVI4Vv	EU-ch rapid	Warsaw	2010.12.19	12
66CZKOEu	EU-Cup 27th	Rogaska Slatina	2011.09.28	4
Ux1xgHqq	World Blitz 2018	St Petersburg RUS	2018.12.29	2.63
rayWXCx5	Belgrade Investbank	Belgrade	1991.??.??	?
QxzbcuHv	Amsterdam NH Hotels 1st	Amsterdam	2006.08.25	6
WQF1Lxeq	Calvia ol (Men)	Mallorca	2004.10.28	13
bFezvU8y	ch-European Blitz 2013	Warsaw POL	2013.12.13	6.1
UJRWJlEp	POL-ch	Chorzow	2013.04.20	8
8dqOEw8r	Nice ol (Men) fin-A	Nice	1974.06.21	7
C71wS8SE	World Cup	Brussels	1988.??.??	?
pDQQSklr	Nice ol (Men) fin-A	Nice	1974.06.18	4
HtFYKy7n	Moscow Aeroflot rapid op qual	Moscow	2013.02.12	3
4l7nH9fw	Nijmegen RABO	Nijmegen	1980.02.09	7
lNDQpeRl	10th London Classic 2018	London ENG	2018.12.17	2.8
AUmY1Pkj	3rd GRENKE Chess Classic	Baden Baden GER	2015.02.04	3.3
faKwdXkr	Zuerich blitz	Zuerich	2013.02.22	3
jIAGIhcy	30th ECC Open 2014	Bilbao ESP	2014.09.14	1.3
9rVccP3U	Rilton Cup 35th	Stockholm	2006.01.02	6
WCE2BPBh	Tashkent zt 3.4	Tashkent	2009.06.22	8
pJNfwpDx	SUI-chT	Switzerland	1997.??.??	?
NWsAUOKH	Karlovac	Karlovac	1979.??.??	12
nYdqvZS3	Bucharest	Bucharest	1978.??.??	12
TXtrz9fa	Birmingham	Birmingham	1977.??.??	6
KaGVKRQa	Caorle op	Caorle	1993.??.??	?
rVyLPtxh	Brussels SWIFT rapid	Brussels	1992.??.??	?
3fhfB5J7	EU-chT (Men) 10th	Debrecen	1992.11.??	5.2
wjzSv32s	SRB-chT 1st League	Kragujevac	2009.09.06	6
8eOkigRT	41st Olympiad Open 2014	Tromso NOR	2014.08.03	2.25
taKsRLQb	TCh-AUT 2nd Ost 2016-17	Austria AUT	2017.03.05	9.6
wei6h8el	Moscow Tal Memorial 7th Blitz	Moscow	2012.06.07	3
bpoqlA3c	Amber-blindfold 18th	Nice	2009.03.19	5
ybU2bbqF	FIDE World Cup 2023	Baku AZE	2023.08.11	4.6
Vxzupl81	Wch Blitz 3rd	Moscow	2007.11.21	15
HsI8Oylz	ch-RUS Rapid 2017	Sochi RUS	2017.10.01	11.5
FtcFC36H	chess.com QF Blitz 1m+1spm 2016	chess.com INT	2016.04.06	16
mAtUGv3m	chess.com Speed 1m+1spm 2017	chess.com INT	2017.10.24	2.27
Vttfn3hT	FTX Road to Miami KO 2022	chess24.com INT	2022.07.17	3.22
bFyCHE6K	Goldmoney Asian Rapid KO	chess24.com INT	2021.07.04	3.22
ORHI6wMw	Petersburg Summer blitz	St Petersburg	2013.08.28	11
H1BWNaG5	Andratx 1st	Andratx	2004.10.09	8
enllYmEg	EU-ch blitz	Panormo	2002.10.02	7
vlhjC74R	Chigorin Memorial 21st	St Petersburg	2013.10.11	7
eUEldzPY	Latvian Railway Open 2014	Riga LAT	2014.03.28	1.1
QEydfTOF	World Blitz 2015	Berlin GER	2015.10.14	20.66
QlY3ax0X	Rilton Cup 2013-14	Stockholm SWE	2014.01.01	5.9
ebTxodXS	Bucharest Cup GM	Bucharest	1998.??.??	?
7saXRnSR	CSR-ch int	Luhacovice	1973.05.13	5
CfORSpBo	Augsburg 9394	Augsburg	1994.??.??	?
0uoNhS2s	World Rapid 2017	Riyadh KSA	2017.12.26	3.4
rbBBQbvJ	World Blitz 2016	Doha QAT	2016.12.29	1.30
tWSX58Ml	EU-ch Blitz	Ajaccio	2007.10.25	7
9w7RJt9P	ch-CHN 2023	Xinghua CHN	2023.05.11	6.1
EOm128My	Kesarovski Georgiev Memorial 5th	Sunny Beach	2006.09.05	4.1
OJbuvZLU	GM FISCA Round Robin 2023	Jupiter ROU	2023.06.24	9.1
MLjh5iXs	6th Norway Blitz 2018	Stavanger NOR	2018.05.27	9.1
fBimDwsx	4th Zurich CC Rapid	Zurich SUI	2015.02.19	3.2
CiQfUSBT	World Rapid 2022	Almaty KAZ	2022.12.26	3.1
QUtudVpI	GCT Blitz Paris 2018	Paris FRA	2018.06.24	11.3
dKW36UPU	3rd Norway Blitz 2015	Stavanger NOR	2015.06.15	5.4
k753174b	Ciocaltea Memorial	Bucharest	2001.03.07	4
h6O5f2dN	CZE-chT 1213	Czechia	2013.02.16	5.3
bOSjuuPQ	Tel Aviv ASA	Tel Aviv	1996.??.??	1
eaGe7RQe	FRA-chT2 0304	France	2004.03.14	9
2lVtSobS	SpeedChess Final 2024	Paris FRA	2024.09.06	1.18
zE1gUS4p	Aimchess US Rapid Prelim	chess24.com INT	2021.08.30	14.8
jVc6kOEH	NIC Classic Prelim 2021	chess24.com INT	2021.04.25	6.7
foybqocW	NIC Classic Prelim 2021	chess24.com INT	2021.04.25	8.8
HoRqKyxL	chess.com Speed 1m+1spm 2018	chess.com INT	2018.09.07	1.31
4VXXGqbi	chess.com Speed 2019	chess.com INT	2020.01.05	3.26
dI7vG0Fw	chess.com Speed 2019	chess.com INT	2020.01.05	3.24
UTfFr8Li	Bundesliga 0001	Germany	2001.03.31	12.4
9hRRHcRn	Bundesliga 0001	Germany	2001.01.07	5.4
3vaxTulS	Munich zt	Munich	1987.??.??	?
VG4xjhsG	Marshall CC	New York	1977.??.??	?
J6IQmzTP	chess.com Speed 2019	chess.com INT	2019.12.04	2.8
z4DH4le0	Chess.com RCC Wk22 Swiss	chess.com INT	2022.07.23	1
75eVESuA	TCh-FRA Top 12 2017	Chartres FRA	2017.05.27	10.4
79PdZWse	RUS Fed Internet Cup Final 5'	chessassistantclub.com INT	2004.12.28	4
TQRNsB20	FIDE World Rapid 2014	Dubai UAE	2014.06.17	7.8
5SkZfuts	PRO League Group Stage	chess.com INT	2019.02.19	7
QcigCmmn	Jerusalem FIDE Grand Prix	Jerusalem ISR	2019.12.16	2.4
Er5g1QA7	World Rapid 2019	Moscow RUS	2019.12.28	15.5
RPry3Buj	World Blitz 2019	Moscow RUS	2019.12.30	18.29
q7hdceGN	European Online CC GpE	Tornelo INT	2021.03.27	4.4
TWaTqdjR	ch-RUS Rapid GP Final	Khanty-Mansiysk RUS	2018.12.02	10.8
Nqj5tGlW	NIC Classic KO 2021	chess24.com INT	2021.04.30	2.23
gFFPqGvL	EUR-ASIA m 30'	Batumi	2001.09.17	3
mVMFojv9	European Blitz 2017	Katowice POL	2017.12.15	13.8
bdjlSnas	Corsican Circuit Final	Bastia FRA	2015.10.18	1.4
UbGExfPj	PRO League Group Stage	chess.com INT	2019.01.17	2
h3B56dqU	INA-ROW m	Bali	1999.05.07	6
19dtrLIi	EU-Cup 16th	Neum	2000.09.24	1.1
UWGUytsT	17th Dubai Chess Open	Dubai UAE	2015.04.09	4.6
0JU0QCvX	EU-chT (Men) 19th	Warsaw	2013.11.17	9.52
uMCQj8vR	Wch Rapid	Khanty-Mansiysk	2013.06.07	6
FHjfLDeI	URS-ch45	Leningrad	1977.11.29	1
LN3fZpiK	Stepanakert Petrosian Memorial	Stepanakert	2004.03.09	1
CmO7D1yi	EU-ch 5th	Antalya	2004.05.18	4
c5lDZr0M	20th Zadar Open A 2013	Zadar CRO	2013.12.17	4.9
iibwbWf4	38th ECC Open 2023	Durres ALB	2023.10.02	2.7
u5oEVaYE	London Classic op	London	2009.12.11	4
ST2Riw0E	Internet Section 09B g/8'+2	Dos Hermanas	2004.03.09	6
tclrDdXH	EU-ch Internet fin	playchess.com INT	2003.11.09	1.3
GmTYzJKS	Osijek	Osijek	1992.??.??	8
Pp3qlAj5	Cappelle op 24th	Cappelle la Grande	2008.02.21	7
gx7VuKzh	Gausdal Jubilee	Gausdal	1983.??.??	4
K56MCccq	Internet Section 06B g/8'+2	Dos Hermanas	2004.03.06	8
v9H5iFJP	Brighton	Brighton	1981.??.??	8
kkaySOvn	North Bay op	North Bay	1995.??.??	?
G6i1F0ge	American op 39th	Los Angeles	2003.11.30	8
8gjQ9GUD	Khanty-Mansiysk ol (Men) 39th	Khanty-Mansiysk	2010.09.27	6.1
Gt8IOPUc	World Blitz 2019	Moscow RUS	2019.12.29	1.2
TXdGydqs	GCT Blitz YourNextMove	Leuven BEL	2017.07.02	16.5
CkPkP6nB	Tal Memorial Blitz 2014	Sochi RUS	2014.11.14	22.2
ucLxdyYK	FIDE World Blitz 2014	Dubai UAE	2014.06.19	3.2
T7Tp1ugN	chess.com Speed 3m+1spm 2018	chess.com INT	2018.09.07	1.17
S7t4paOV	chess.com Speed 1m+1spm 2018	chess.com INT	2018.09.07	1.23
jpghw1F2	chess.com Speed 3m+1spm 2018	chess.com INT	2018.09.07	1.15
ihO3NEWD	Sarajevo	Sarajevo	1983.??.??	?
uMYYDVy6	23rd Puhajarve Rapid	Puhajarve EST	2023.11.24	7.5
Zop1MuW9	Gelsenkirchen op	Gelsenkirchen	2000.??.??	4
KahFhZOV	YUG-ch 1/2 fin	Mataruska Banja	1997.??.??	5
hdc0QRXq	Nova Gorica op 03rd	Nova Gorica	1998.??.??	9
gN7qsmUd	Basel Hilton op 09th	Basel	2007.01.06	6
mGkiSpls	PRO League Group Stage	chess.com INT	2018.02.24	7
qDlHiQZl	World Blitz 2017	Riyadh KSA	2017.12.30	18.6
Yb1Giora	Montecatini Terme	Montecatini Terme	2000.07.29	2
Xszm0fxr	PRO League Stage	Chess.com INT	2020.02.12	6
B426ntCQ	Bled op-A 23rd	Bled	2002.07.07	6
sZxaLEer	Evpatoria	Evpatoria	2009.10.16	4
37dzj4mx	Kiel op	Kiel	2009.??.??	7
75UXlcl7	Reti Mem GM 2025	Trnava SVK	2025.08.17	5.2
EueMWGhp	Dortmunder Schachtage-C 18th	Dortmund	1990.04.16	11
2lexZkix	CZE Czechia-ch	Prague	1994.??.??	9
NjSbgyZS	CZE/Cup/f37 (CZE)	ICCF	2018.11.01	?
Vm4YiD1o	AUT-chT2M 9899	Austria	1999.02.28	9
ktMtZAOM	Moscow blitz	Moscow	1993.??.??	?
RzvWjwNc	ARM-ch	Yerevan	2009.01.12	1
h96HqTUs	Dubai op 6th	Dubai	2004.04.20	2
o4jeAxsm	Ptuj zt	Ptuj	1995.??.??	6
HDvbWOze	AUT-ch	Vienna	2010.08.01	9
1ziuLgsH	SUI-chT	Switzerland	2011.08.27	6.2
ZyZj7vT8	20th ch-EUR Indiv 2019	Skopje MKD	2019.03.26	8.9
YpNjBo9l	Chess.com RCC Wk11 Swiss	chess.com INT	2022.04.23	5
qDZji6YL	RUS Cup	Serpukhov	2007.11.12	4.2
bDuZvwR4	Nakamura-Nepomniashchy m	playchess.com INT	2007.02.28	?
Qdoele9r	FIDE World Cup 2019	Khanty-Mansiysk RUS	2019.09.22	4.8
xQYMI4Dk	Chess.com RCC Wk25 Swiss	chess.com INT	2022.08.13	2
uYukbnPu	CHN-ch	Xinghua	2012.03.30	4
pwnEv8Rt	UKR-ch	Ordzhonikidze	2001.09.12	5
BCZ1jisM	ch-NOR 2017	Stavanger NOR	2017.07.01	2.1
NczqL2pL	5th CNE ch-NED Blitz 2019	Amstelveen NED	2019.11.30	24.7
dgfgHgju	Vrnjacka Banja	Vrnjacka Banja	1988.??.??	?
izsKe2TM	UKR-chT	Alushta	1999.??.??	4
kuy27FOn	Majdanpek	Majdanpek	1976.??.??	2
rV2WAqoo	Copenhagen AS04& BSF	Copenhagen	1984.??.??	1
NLgBWF8J	Athens Akropolis 15th	Athens	1992.05.20	6
0eeT0oPJ	Bar op	Bar	2007.04.04	6
rb6YKXEv	Pardubice Czech op	Pardubice	1998.??.??	1
kK0GpdS7	Capablanca Memorial-C 13th	Cienfuegos	1976.05.20	4
Ojxokk7S	chess.com Speed 2019	chess.com INT	2019.10.02	1.21
CdF87Ut4	SportAccord Blitz 2014	Beijing CHN	2014.12.13	2.1
LI8ynm9F	SportAccord Blitz 2014	Beijing CHN	2014.12.13	30.5
M6YGc03P	Chess.com RCC Wk14 KO	chess.com INT	2022.05.15	1.1
kJBkyHd6	Werfen	Werfen	1992.??.??	5
l2r7pbLc	BL2-Sued 0405	Germany	2005.02.13	7.6
lBYI9Qju	Stare Mesto Open 2017	Stare Mesto CZE	2017.08.18	9.7
mLUs9uR1	32nd ECC Open 2016	Novi Sad SRB	2016.11.09	4.4
VSNghqJO	Balatonbereny GM	Balatonbereny	1996.??.??	3
X58JhyS9	San Juan op	San Juan	2008.06.22	3
hlatp1EA	YUG-ch52	Niksic	1997.??.??	1
5tzCjsXS	World Blitz 2017	Riyadh KSA	2017.12.29	8.1
nKeb3fmB	Amber-rapid 15th	Monte Carlo	2006.03.30	11
2brSKHfO	chess.com Speed 2019	chess.com INT	2019.10.02	1.25
K4WeGO72	Chess24 Banter Blitz Cup	chess24.com INT	2020.01.06	2.2
5UM6vOrO	World Rapid 2018	St Petersburg RUS	2018.12.26	5.57
aI2UPBTb	World Blitz 2019	Moscow RUS	2019.12.30	20.44
27vuLrwV	FIDE-Wch k.o.	Tripoli	2004.06.24	3.6
8IwVafp6	Asian Continental Blitz	Xingtai CHN	2019.06.15	5.3
xhi5vnzQ	WMSG Blitz Team 1st	Beijing	2008.10.13	2
pXbyZ9g1	Reykjavik op	Reykjavik	2009.03.28	5
ipTHzTWc	PGMA Cup 2nd	Manila	2007.11.26	7
7T78UOYv	Madrid Oliver Gonzalez Memorial-A 3rd	Madrid	2012.09.06	6
8y8YUwDN	BEL-ch	Eupen	2008.07.08	4
j8GBm2VL	BEL-chT 0809	Belgium	2009.03.22	11
otnQLmHW	Verbandsliga Sued Baden 9596	Germany	1995.11.05	2.3
fbjEmo8i	Catalunya-chT	Spain	1994.??.??	?
0W212Szl	Barcelona Sants op 13th	Barcelona	2011.08.20	2
1TGSJcAT	Vulca op	Barcelona	1994.??.??	?
OuKlbkhi	WMSG Rapid Team 1st	Beijing	2008.10.16	9
lU5N8al9	Wroclaw-A	Wroclaw	1980.06.03	11
1DOFMMnW	89th ch-FRA 2014	Nimes FRA	2014.08.21	5.5
G1QtnzC0	5th Blitz Marathon 2014	Rabat MAR	2014.06.07	3.1
2BICg2UE	15th ch-EUR Indiv 2014	Yerevan ARM	2014.03.10	7.42
SG8ymfw6	chess.com IoM Masters	Douglas ENG	2017.09.26	4.1
kRutxE71	World Rapid 2017	Riyadh KSA	2017.12.27	6.1
XT1sACTf	chess.com Speed 5m+2spm 2017	chess.com INT	2017.10.04	1.3
O7pTbqWY	Odessa-ch	Odessa	2001.??.??	8
ldXNB4gv	Schwarzach op-A	Schwarzach	1998.08.24	3
7xuF3YKZ	Wunsiedel op 6th	Wunsiedel	2012.05.18	4
fg55qdlg	Vezerkepzo IM Autumn 2023	Budapest HUN	2023.10.20	2.3
MBc89M2y	EU-ch 1st	Saint Vincent	2000.07.12	9
8tCwB51H	El Ksiba Open 2019	El Ksiba MAR	2019.04.10	5.1
3mjqpMl7	Sigeman & Co 04th	Malmo	1996.??.??	5
M5W9Z8OX	FRA-ch blitz	Nice	2011.02.20	10
hvXTOyot	Groningen op	Groningen	1989.??.??	5
wyYSzu6p	Roc Aventus op	Apeldoorn	2002.09.14	3
DBDzQabP	Capablanca Memorial op 41st	Havana	2006.11.28	8
mo86e0lg	Valby Scandinavian op	Valby	2008.04.02	7
yMAlFL0F	Top 16 Russian Rapid GP	Khanty-Mansiysk RUS	2019.12.03	15.1
bekjsZH4	PRO League Stage	Chess.com INT	2020.01.29	4
QtQT7Sjp	Internet Section 14-A	Dos Hermanas	2003.03.14	9
P4ShyUDH	72nd Moscow Blitz	Moscow RUS	2018.09.08	5.8
FbWqQRyq	ch-FRA Blitz 2019	Le Blanc-Mesnil FRA	2019.06.01	14.3
vFWV3gYp	Warsaw AIG Life rapid 8th	Warsaw	2008.12.20	4
XInBlMRG	BCF-ch rapidplay	Halifax	2005.11.12	4
Zianz3sn	Bundesliga 1213	Germany	2012.10.20	1.4
0yckT28t	FIDE World Blitz 2013	Khanty-Mansiysk	2013.06.09	2
jkr05z1v	FIDE World Blitz 2013	Khanty-Mansiysk	2013.06.10	20
KsafWEwP	TCh-HUN 2022-23	Hungary HUN	2022.12.18	3.7
6buDI63P	Universidad La Punta GM	San Luis ARG	2016.12.15	6.2
DI9ujuYw	TCh-BAN Premier 2019	Dhaka BAN	2019.12.07	1.4
pRobGQ0i	23rd ch-EUR Indiv 2023	Vrnjacka Banja SRB	2023.03.05	3.16
d9myRMmz	Kazakhstan Chess Cup 2023	Astana KAZ	2023.04.30	9.5
2Ar6s3cp	3rd Cambridge Int Open	Cambridge ENG	2025.05.28	4.2
9bgynkHK	World Rapid 2023	Samarkand UZB	2023.12.26	1.44
EAuL1duQ	London Classic Masters	London ENG	2024.12.03	6.4
ChQGOxvg	chess.com Speed 3m+1spm 2018	chess.com INT	2018.09.07	1.14
IJeiGNxH	2nd Norway Blitz 2014	Flor & Fjaere NOR	2014.06.02	3.5
JDTnpVjn	Astrakhan FIDE GP	Astrakhan	2010.05.11	2
cqiqH5er	Amber-blindfold 16th	Monte Carlo	2007.03.22	5
6OGyWprm	TCh-CHN 2018	China CHN	2018.08.25	15.3
FwUGCN5W	World Blitz 2018	St Petersburg RUS	2018.12.29	12.46
BRirBk1M	ch-CHN 2018	Xinghua CHN	2018.04.22	5.4
qxx4voFl	National Open 2015	Las Vegas USA	2015.06.21	5
LD9nZb1I	St Petersburg Chigorin CC-ch	St Petersburg	2008.05.21	7
8qR0Mda3	Dieren op	Dieren	2010.07.28	2
ySzKPivN	Vergani Cup Dec 2021	Cattolica ITA	2021.12.29	6.6
BUurq7OG	10th New York Int 2017	New York USA	2017.06.22	3
71b896Sk	Legends of Chess Final	chess24.com INT	2020.08.03	2.13
J430V7KD	Legends of Chess Final	chess24.com INT	2020.08.03	2.11
2bb5sBUo	FTX Crypto Cup 2022	Miami USA	2022.08.15	1.2
zbJzbQlz	Opera Euro Rapid Prelim	chess24.com INT	2021.02.08	14.2
nFbAUWCx	Legends of Chess Prelim	chess24.com INT	2020.07.29	9.4
AssGSN2K	Astana	Astana	2001.05.22	3
AXTC342C	Opera Euro Rapid Prelim	chess24.com INT	2021.02.06	1.3
539HlCaB	Opera Euro Rapid KO 2021	chess24.com INT	2021.02.10	1.21
LjW2irkU	Morelia/Linares 25th	Morelia/Linares	2008.03.01	10
U6Kt5eZM	Wch Candidates	Kazan	2011.05.07	1.3
0D3xDwAh	Tata Steel-A 73rd	Wijk aan Zee	2011.01.22	7
9qe9UTwA	5th Zurich CC Blitz	Zurich SUI	2016.02.15	2.2
UNgDCkIV	8th London Classic 2016	London ENG	2016.12.17	8.3
TvyzfF6i	4th GRENKE Chess Classic	Karlsruhe GER	2017.04.22	7.3
BSBDJDZl	Aimchess US Rapid KO 2021	chess24.com INT	2021.09.03	2.24
6eqVYnlB	GCT Rapid Paris 2017	Paris FRA	2017.06.21	3.3
EgxqddUD	GCT Blitz Paris 2017	Paris FRA	2017.06.25	16.5
yOYYDQt0	3rd Sinquefield Cup 2015	Saint Louis USA	2015.08.30	7.2
YuQ8kZDT	Linares 17th	Linares	2000.03.03	4
SBMfuhZV	Qatar Masters Open 2015	Doha QAT	2015.12.27	7.1
tDfsZ9GD	PRO League Group Stage	chess.com INT	2019.02.20	7
vkgTAF6R	GCT Rapid Croatia 2021	Zagreb CRO	2021.07.09	8.1
89CVQ8gh	American Cup Elim	Saint Louis USA	2023.03.19	1.5
5YWWLYAH	15th London Classic Elite	London ENG	2025.11.27	2.5
Pl6XTvNQ	49th Capablanca Elite 2014	Havana CUB	2014.05.14	6.2
85eQJTlu	Amsterdam Euwe Memorial	Amsterdam	1994.05.16	4
DyKYTZEv	Sarajevo Bosnia 29th	Sarajevo	1999.05.23	6
VQQpSwQI	Skilling Open Prelim	chess24.com INT	2020.11.22	3.2
lP0jVnn7	Wch Blitz 5th	Moscow	2009.11.18	30
nueBizlZ	Linares 11th	Linares	1993.??.??	2
ZT4ijf6s	Paris Immopar rapid	Paris	1992.??.??	4
V8yU0Wqz	EU-chT (Men) 10th	Debrecen	1992.11.??	5.1
IObjfW7O	11th London Classic 2019	London ENG	2019.12.04	1.9
RqwrtAxq	11th London Classic 2019	London ENG	2019.12.02	1.1
eIowcHyb	Carlsen Inv Prelim	chess24.com INT	2020.04.26	5.4
h2DTXoCF	4th GRENKE Chess Classic	Karlsruhe GER	2017.04.20	5.3
ADA96iLe	51st Biel GM 2018	Biel SUI	2018.07.24	3.1
g5wg7mCl	chess.com Speed 2019	chess.com INT	2019.11.18	2.23
P9EBWSwO	chess.com Speed 2019	chess.com INT	2019.11.18	2.19
uT7nELQW	chess.com Speed 2019	chess.com INT	2019.11.18	2.21
bKoqC7cy	8th London Classic 2016	London ENG	2016.12.15	6.3
jy8Dg0jH	Amber-blindfold 19th	Nice	2010.03.21	8
2dltQwx9	Linares 14th	Linares	1997.02.10	6
UTVZqI2K	Biel GM 42nd	Biel	2009.07.30	10
EJ2kqlEg	FRA-chT Top 16 GpA	France	2009.05.02	6
bWXGJ8rB	Sofia MTel Masters 5th	Sofia	2009.05.17	5
nDAgpsVB	Corus	Wijk aan Zee	2001.01.27	12
kZ9hRvZl	10th World Teams 2015	Tsaghkadzor ARM	2015.04.19	1.3
5ENtHmpr	Levitov Chess Week Rapid	Amsterdam NED	2023.09.22	4.4
bSa12bbD	Nutcracker Rapid 2015	Moscow RUS	2015.12.25	5.1
4xPI5lhz	ch-USA 2017	Saint Louis USA	2017.03.29	1.6
8dUl3R84	World Blitz 2019	Moscow RUS	2019.12.29	4.54
PDHNifoX	World Blitz 2016	Doha QAT	2016.12.30	21.21
MeNXZQ0A	World Rapid 2017	Riyadh KSA	2017.12.28	12.50
uGcVtQQi	GEO-ch 72nd	Tbilisi	2013.06.13	2
rxOUovdZ	PRO League Stage	Chess.com INT	2020.02.05	5
CyE8UTyQ	FIDE Candidates 2022	Madrid ESP	2022.06.25	7.4
adyOWQJc	chess.com Speed 2019	chess.com INT	2019.12.05	3.20
wrlV0aZn	FIDE World Cup 2017	Tbilisi GEO	2017.09.08	2.8
LxK8hKvt	Corus	Wijk aan Zee	2003.01.16	5
6V8ZoEQw	CGC KO 2022	chess.com INT	2022.09.15	1.4
9bvECQ5g	Tilburg	Tilburg	1990.09.22	13
e5p8FVdD	SRB-chT	Subotica	2008.09.11	10
1sTm7nGk	POL-chT	Lubniewice	2005.09.11	9
hCzQ0BRa	World Cup	Khanty-Mansiysk	2009.11.23	1.8
0gACYCmV	ch-RUS Blitz 2015	St Petersburg RUS	2015.05.15	8.4
arn7NPPI	Budapest FS11 GM	Budapest	2005.11.11	7
BHOm5G7A	Oberliga Ost-B 0203	Germany	2003.03.30	11.3
hb9tTzoF	Rio de Janeiro Clube Naval op 2nd	Rio de Janeiro	1995.02.17	8
3e47AG11	HUN-chT2 9798	Hungary	1997.??.??	?
8qj7cr4i	Bogota McGregor op 1st	Bogota	2010.12.06	6
ZMNb81HI	GER-ch Net final U25	playchess.com INT	2011.05.18	1
EqDWCepA	Albena op 19th	Albena	2011.07.02	8
jJ5Lu7sT	Hotel Agro GM	Budapest	1999.07.31	2
EBowNxTw	BdF/Gold 2007 (GER)	ICCF	2007.08.15	?
DlDTTDuN	8th Leiden Open A 2014	Leiden NED	2014.07.19	8.4
JuTpFjpN	Illkirch-Graffenstaden op	Illkirch-Graffenstaden	2004.07.13	7
72nBNivo	Amber-rapid 02nd	Monte Carlo	1993.03.27	2
zRo2rqZQ	ch-UZB 2024	Tashkent UZB	2024.04.27	16.2
eR1ie6oz	EU-ch Internet Cand 3rd	playchess.com INT	2006.01.21	9
bGZZofIl	14th Moscow Open A 2018	Moscow RUS	2018.01.27	1.33
efAzOXmo	Velden op	Velden	1995.??.??	7
1HXghxdD	Las Palmas-B	Las Palmas	1993.??.??	7
rrN02P4j	Viernheim	Viernheim	1995.??.??	8
JnKTWRXU	FRG-ch int	Mannheim	1975.??.??	4
Tm3bAibP	FIDE World Rapid Team	Almaty KAZ	2024.08.03	5.13
22u5x2lb	TCh-RUS Rapid 2015	Sochi RUS	2015.05.09	5.2
JTiAjJrE	World Rapid 2025	Doha QAT	2025.12.26	4.8
VwVN4YzI	World Rapid 2023	Samarkand UZB	2023.12.26	2.2
VN5stdGu	Norway Masters blitz	Stavanger	2013.05.07	4
WSEap6lg	chess.com Speed 2019	chess.com INT	2019.12.05	3.4
B0CfzctP	chess.com Speed 2019	chess.com INT	2019.11.14	2.3
i5NqMnKB	HUN-ch KO	Budapest	2000.10.08	7.1
5VPavxH9	TUR-chT	Denizli	2013.06.29	1.2
dFIxM2vG	Reykjavik op	Reykjavik	2009.03.25	2
w56gqxHZ	Biel MTO op	Biel	2006.07.27	4
cVMrc30S	ch-USA 2022	Saint Louis USA	2022.10.17	11.7
707ivgAb	15th London Classic Elite	London ENG	2025.12.01	6.1
W2n3H0rm	FIDE World Blitz 2014	Dubai UAE	2014.06.20	15.37
esi03r5E	European Blitz 2016	Tallinn EST	2016.12.17	8.14
kX1saQoM	Bundesliga 0809	Germany	2008.10.25	3.5
6wzIHT7W	Cannes op	Cannes	1994.??.??	3
uNcxmDjH	URS-ch45 otbor	Beltsy	1977.??.??	8
Jlhx9Iuo	Hoogovens	Wijk aan Zee	1972.01.13	3
mkPGd4Iz	Moscow Aeroflot op-A	Moscow	2005.02.17	3
jW6wAj26	EU-ch 9th	Plovdiv	2008.04.29	8
NdvzIP3M	Chigorin Memorial-A 15th	St Petersburg	2007.12.04	4
frKmUD9o	CZE-chT 0304	Czechia	2004.04.04	11
XGZCsNGH	Riga Tech Open A 2014	Riga LAT	2014.08.17	2.1
HEIF3joE	Champions Challenge 176th	playchess.com INT	2006.12.09	5.5
lFHVTq5v	Champions Challenge 176th	playchess.com INT	2006.12.09	5.3
s1EgDI8p	TCh-POL Ekstraliga 2019	Katowice POL	2019.09.05	9.2
INl4GC7V	chess.com Speed 2019	chess.com INT	2019.10.03	1.4
1i8phGEg	chess.com Speed 1m+1spm 2017	chess.com INT	2017.08.03	1.24
zi3bxoyW	TCh-RUS Rapid 2018	Sochi RUS	2018.10.08	5.1
uuoWsWmX	33rd ECC Open 2017	Antalya TUR	2017.10.09	2.7
hOWR4nJt	Chess Classics Giants	Frankfurt	1998.06.18	6
2TkpJa53	GCT Finals 2025	Sao Paulo BRA	2025.10.01	2.1
a2zky4KK	Amber-blindfold 17th	Nice	2008.03.17	3
2pu3eXBj	SportAccord Blitz Men 2013	Beijing CHN	2013.12.14	8.7
UVBUQ1iX	Dortmund SuperGM	Dortmund	2005.07.08	1
oAwuzxMh	Internet Chess Club m g/5'	ICC INT	1998.12.17	?
v0em1ewk	Beijing FIDE GP	Beijing	2013.07.09	5
uwIFut8G	Tashkent FIDE GP 2014	Tashkent UZB	2014.11.01	10.3
jvVqoP2s	FIDE Candidates	London	2013.03.29	12
3Kxsa8GX	FIDE Candidates 2020	Yekaterinburg RUS	2021.04.27	14.1
6jZqwAil	Magnus Carlsen Inv Prelim	chess24.com INT	2021.03.14	7.7
2S9waVcW	FIDE Candidates 2020	Yekaterinburg RUS	2021.04.24	12.1
9JQw2GNO	Bundesliga 1920 final	Karlsruhe	2020.09.20	7.1
r0u73Swo	Nanjing Pearl Spring 1st	Nanjing	2008.12.19	8
oDvlRTMf	Saint Louis Blitz 2019	Saint Louis USA	2019.08.13	2.5
pqLT84zf	Superbet Classic 2023	Bucharest ROU	2023.05.15	9.4
BVqtgqt5	9th Sinquefield Cup 2022	Saint Louis USA	2022.09.08	6.3
hMwlvVy0	SUI-chT	Switzerland	2001.03.25	2.1
NcID59yf	EU-ch rapid	Warsaw	2011.12.17	7
rvFCj3BS	World Junior Open 2017	Tarvisio ITA	2017.11.13	1.15
KpPSqZYQ	URS-chT	Moscow	1972.??.??	?
WNb5j9UK	Saint Louis Rapid 2025	Saint Louis USA	2025.08.12	4.1
ucXY7lir	Pepe Cuenca Invitational	chess24.com INT	2020.04.13	1.9
bAeRPdoP	73rd ch-RUS 2020	Moscow RUS	2020.12.05	1.2
Aaka4GeM	FIDE World Cup 2025	Goa IND	2025.11.11	4.1
2srOZkWb	Superbet Classic 2022	Bucharest ROU	2022.05.08	4.3
12ou2Zg6	Superbet Classic 2022	Bucharest ROU	2022.05.13	8.4
lcJLWl3s	NIC Classic KO 2021	chess24.com INT	2021.05.01	3.12
yGXpMONi	Opera Euro Rapid Prelim	chess24.com INT	2021.02.07	6.6
HUPifV4H	2nd Sinquefield Cup 2014	Saint Louis USA	2014.09.02	6.1
r2Q2zBuF	Magnus Carlsen Inv Prelim	chess24.com INT	2021.03.15	12.1
doJVgYuW	FIDE Candidates 2022	Madrid ESP	2022.06.22	5.1
s68FF30f	TUR-chT	Denizli	2013.07.06	8.2
WlbnECSW	FIDE-Wch k.o.	Las Vegas	1999.08.01	1.2
AV1hdKQC	Moscow-ch blitz 67th	Moscow	2013.09.01	5
qtnGsNfs	Pedrido Memorial	Vilagarcia	2000.??.??	6
7pt0VrIo	Linares 19th	Linares	2002.02.25	3
ewQPBGvq	Dortmund final	Dortmund	2004.08.01	2.2
wxfYTKvS	Morelia/Linares 25th	Morelia/Linares	2008.02.23	7
3HpYxp6a	Leon 21st	Leon	2008.06.01	2.3
V5TCURwD	75th ch-ARM HL 2015	Yerevan ARM	2015.01.16	5.2
xzZgtuf8	Marshall CC Winter	New York	1998.12.18	7
mKozbKA5	Caissa IM Nov 2013	Kecskemet HUN	2013.11.16	1.3
WkChui32	Moscow rapid	Moscow	1992.??.??	?
urxSxEIN	MT-Vinagre/G (BRA)	ICCF	2007.04.30	?
qUylwh8L	Hoogovens	Wijk aan Zee	1982.01.29	12
TjNthVr7	Vasteras op	Vasteras	2013.09.28	6
FtVSXQ0p	73rd ch-ITA	Rome ITA	2013.11.21	1.1
NDCsOEpk	12th American Continental	Medellin COL	2017.06.13	5.3
9zH75t19	Yerevan	Yerevan	1996.??.??	6
qqnQpQnZ	71st ch-RUS HL 2018	Yaroslavl RUS	2018.06.30	5.15
bUkIydQZ	chess.com Speed 3m+2spm 2017	chess.com INT	2018.01.03	4.16
az7zdFwf	Moscow Tal Memorial 8th Blitz	Moscow	2013.06.12	3
onvDcL2L	Julius Baer GenCup Prelim	chess24.com INT	2022.09.18	4.3
mzDcMyyy	Prague Cez Trophy m	Prague	2009.05.27	1
BilXJKRx	Jerusalem Masters 2024	Jerusalem ISR	2024.09.24	3.5
agdakrZT	World Rapid 2022	Almaty KAZ	2022.12.27	8.26
HhJv5a4i	Jerusalem Masters 2024	Jerusalem ISR	2024.09.25	8.3
fsi4wg4o	Jerusalem Masters 2024	Jerusalem ISR	2024.09.25	6.2
O7UT0wyx	FIDE World Cup	Khanty-Mansiysk	2011.09.09	5.1
GZmHPMR7	Moscow Tal Memorial Blitz	Moscow	2008.08.30	23
keh7KWDV	Wch Blitz 5th	Moscow	2009.11.17	26
acIeEX9P	ch-USA 2024	Saint Louis USA	2024.10.19	8.5
CzVTb1fD	Clutch Chess: Champions	Saint Louis USA	2025.10.29	14.1
78LUsz3M	GCT Blitz YourNextMove	Leuven BEL	2018.06.15	4.5
QtnwfEis	FIDE Candidates 2020	Yekaterinburg RUS	2021.04.26	13.1
lVbSUppR	SpeedChess Final 2024	Paris FRA	2024.09.08	2.9
MInHyRar	Norway Chess 8th	Stavanger	2020.10.11	6
w8SykOia	13th Norway Chess 2025	Stavanger NOR	2025.06.05	9.1
1tBV3r57	Warsaw AIG Life rapid playoff	Warsaw	2005.12.18	1
HwfGdOBM	RUS-Cup2	Moscow	1996.??.??	3
9YxW9yq8	Novi Sad	Novi Sad	1986.??.??	64
n5xYISGE	New York op	New York	1987.??.??	?
KZxMpr0n	World Rapid 2018	St Petersburg RUS	2018.12.26	1.16
ftZnjZIC	World Blitz 2019	Moscow RUS	2019.12.29	9.20
by4eM89e	World Blitz 2019	Moscow RUS	2019.12.29	11.32
vSZiV1z5	World Blitz 2018	St Petersburg RUS	2018.12.29	7.9
65J5rs5N	Moscow Tal Memorial 7th Blitz	Moscow	2012.06.07	6
jbNfoJAn	Aimchess US Rapid KO 2021	chess24.com INT	2021.08.31	1.13
Nau5E5PW	Ultimate Blitz Challenge	Saint Louis USA	2016.04.28	7.2
VRAbpOqD	SpeedChess Final 2024	Paris FRA	2024.09.06	1.12
APJltLsS	Chennai GM 2024	Chennai IND	2024.11.05	1.3
OzoZLvKD	PCA/Intel-GP	New York	1994.??.??	4
3A5dZVIU	EU-ch 11th playoffs	Rijeka	2010.03.18	2.5
37yqG5hW	RUS Cup final	Belgorod	2010.11.12	3.4
Yf4UpSa5	Croatia GCT 2019	Zagreb CRO	2019.07.03	7.1
HnQ5veaT	Carlsen Inv Prelim	chess24.com INT	2020.04.28	6.4
PaE9wrBs	Opera Euro Rapid Prelim	chess24.com INT	2021.02.07	7.5
WqiioQTX	6th Sinquefield Cup 2018	Saint Louis USA	2018.08.18	1.1
SvLZlvz6	Cote d'Ivoire Rapid 2019	Abidjan CIV	2019.05.09	4.2
JqWuJjeh	FTX Crypto Cup Prelim	chess24.com INT	2021.05.25	15.6
zxFAKAk4	World Blitz 2018	St Petersburg RUS	2018.12.29	11.1
K0lMpSwU	GRENKE Chess Classic 2019	Karlsruhe/Baden Baden GER	2019.04.28	8.3
yHLBozvz	Zurich Chess Challenge 2014	Zurich SUI	2014.02.03	5.1
QimuDbSs	76th Tata Steel Masters	Wijk aan Zee NED	2014.01.17	5.3
4hDildQt	Cote d'Ivoire Blitz 2019	Abidjan CIV	2019.05.12	12.2
hgJ0v6j8	World Blitz 2017	Riyadh KSA	2017.12.30	17.44
DMsPHdU5	Corsican Circuit Final	Bastia FRA	2019.10.20	1.2
hrzFslcp	TCh-FRA Top 12 2015	Montpellier FRA	2015.06.08	10.5
yli9ZSoL	Chess.com RCC Wk16 Swiss	chess.com INT	2022.05.28	6
XnJyPSau	Fujitsu Siemens Giants	Frankfurt	2000.06.22	1
JBhkWcbR	Fujitsu Siemens Giants	Frankfurt	2000.06.23	4
MuZjR5iC	ARM-ROW m	Moscow	2004.06.14	5
F2nzzDVJ	Mainz CC Champions Duel	Mainz	2001.06.30	7
oJjhy84x	Mainz CC Champions Duel playoff	Mainz	2001.06.26	1
02W5A5n5	Legends of Chess Prelim	chess24.com INT	2020.07.24	4.3
yg8Qil8e	chess.com Speed 1m+1spm 2017	chess.com INT	2017.10.24	2.29
RndZ5T8x	Bogoroditsk 07	Bogoroditsk	2013.07.11	13
xzaHudBT	ST-2009-0-00049	Lechenicher SchachServer	2009.05.22	?
XzBYXVuj	WS/CCM/B/6	ICCF	2019.09.30	?
UQXHbf1u	ENG/VC2/Final (ENG)	ICCF	2020.03.05	?
dW2sc9ko	Superbet Rapid 2022	Warsaw POL	2022.05.21	7.5
WKyod5pQ	Amber-rapid 15th	Monte Carlo	2006.03.26	8
ZC8knaNW	World Rapid 2021	Warsaw POL	2021.12.28	10.13
PClUctFq	World Rapid 2021	Warsaw POL	2021.12.28	13.7
P2ApBCoZ	Cote d'Ivoire Rapid 2019	Abidjan CIV	2019.05.10	9.2
yt9Zl3cI	Cote d'Ivoire Blitz 2019	Abidjan CIV	2019.05.11	4.1
NG7jVma1	World Blitz 2017	Riyadh KSA	2017.12.29	7.3
AHEVGRtG	World Rapid 2017	Riyadh KSA	2017.12.27	10.30
8swmN8xX	6th Zurich Opening Blitz	Zurich SUI	2017.04.12	2.2
Eyq0NTtP	Sarajevo Bosnia 30th	Sarajevo	2000.05.27	10
IZmjs2ya	2nd Norway Blitz 2014	Flor & Fjaere NOR	2014.06.02	4.1
jjLvBYhR	Linares 15th	Linares	1998.02.26	5
jmzn0ST6	Beijing Sportaccord blitz	Beijing	2012.12.17	14
eC2cAkB0	World Blitz 2016	Doha QAT	2016.12.29	12.6
ohkPqzsK	ch-PER 2016	Lima PER	2016.02.13	7.3
YNveyDdL	EU/C66/sf04	ICCF	2005.09.01	?
DLBH6JTL	Cherepovets	Cherepovets	1997.??.??	4
W1QpUvh5	TCh-SRB Premier 2018	Valjevo SRB	2018.09.07	8.1
9ZwdQ0L7	GCT Blitz YourNextMove	Leuven BEL	2016.06.19	4.5
vt6ahGEZ	Skilling Open Prelim	chess24.com INT	2020.11.23	9.5
TVc0Baoy	Biel GM 45th	Biel	2012.07.23	1
obUElLlQ	Skilling Open Prelim	chess24.com INT	2020.11.24	15.2
15LBRurL	NED-ch62 playoff	Hilversum	2007.06.28	2
isRkiOPA	2nd Hyderabad GM Open 2013	Hyderabad IND	2013.11.30	7.1
i9ZCPeMl	Monarch Assurance 08th	Port Erin	1999.11.11	6
gzCY6my4	New York op	New York	1998.03.17	3
bnQ5e02d	7th Norway Blitz 2019	Stavanger NOR	2019.06.03	9.1
0M9ukGs1	Julius Baer Gen Cup Pl/In	chess.com INT	2024.09.25	6
CRvp9Oly	Chess.com RCC Wk20 Swiss	chess.com INT	2022.07.09	8
gpjOqVN1	CZE-chT 0102	Czechia	2001.12.15	4
ubhANS4Z	Biel GM 41st	Biel	2008.07.30	9
RlF5mURZ	FIDE World Cup	Khanty-Mansiysk	2011.09.08	4.6
Vk55GJU3	76th Tata Steel Masters	Wijk aan Zee NED	2014.01.12	2.6
4IuOeO7z	CHN-RUS Summit Men 6th Blitz	Sochi	2009.08.23	8
bpJ8dF9c	Moscow Superblitz	Moscow	2006.01.05	12
qYN6Je7q	Paul Keres Memorial 2015	Tallinn EST	2016.01.10	11.7
cpDTvdJY	EU-chT (Men) 12th	Batumi	1999.11.29	1.1
epuyvH40	Eurasian Blitz Chess Cup	Almaty KAZ	2016.06.19	17.7
ql5PXGD8	Clarin	Buenos Aires	1979.??.??	11
g1vqZjb5	UZB-ch	Tashkent	2009.06.06	9
aglXBBdc	ARG-ch Superior	Buenos Aires	2002.??.??	3
8zedGQoh	WS/MN/105	ICCF	2013.10.31	?
JbO6HGpN	chess.com Speed 3m+1spm 2017	chess.com INT	2018.07.24	10
9ZKcoibI	chess.com Speed 5m+1spm 2017	chess.com INT	2018.07.24	6
z2TtKVhn	GCT Blitz YourNextMove	Leuven BEL	2018.06.15	9.2
xkggPMRn	Moscow Tal Memorial 7th Blitz	Moscow	2012.06.07	2
JQGhftWO	Khanty-Mansiysk ol (Men) 39th	Khanty-Mansiysk	2010.09.30	9.1
DVH3OpjT	Satty Zhuldyz Rapid 2023	Astana KAZ	2023.04.22	11.3
22PUTtw4	FIDE World Blitz 2013	Khanty-Mansiysk	2013.06.09	16
9l3czXPu	Sarajevo Bosnia 29th	Sarajevo	1999.05.21	5
n8xo4pxX	Wch Rapid	Khanty-Mansiysk	2013.06.07	6
wAvTcF65	European Blitz 2016	Tallinn EST	2016.12.17	8.1
34HWNrUa	SuperUnited Rapid 2022	Zagreb CRO	2022.07.20	3.1
uyxRI2hz	Saint Louis Blitz 2017	Saint Louis USA	2017.08.18	12.3
LsZnHLEA	7th Norway Blitz 2019	Stavanger NOR	2019.06.03	4.4
DcHydxhY	GRENKE Chess Classic 2019	Karlsruhe/Baden Baden GER	2019.04.21	2.3
xUg9YNKP	Vugar Gashimov Mem 2018	Shamkir AZE	2018.04.23	5.3
W2Zowbwo	Aimchess US Rapid Prelim	chess24.com INT	2021.08.30	11.3
lYUXOpxj	chess.com Speed 1m+1spm 2017	chess.com INT	2018.01.03	4.19
QunKOqfx	chess.com Speed 3m+1spm 2017	chess.com INT	2018.07.24	14
PHFeLbja	Moscow PCA-GP Kremlin Stars	Moscow	1996.04.30	4.1
uPy5kZkM	Amsterdam Euwe Memorial	Amsterdam	1996.03.30	7
DdzQ2eIQ	Novgorod	Novgorod	1997.06.22	9
Se1g51j1	Bath TV-B	Bath	1983.??.??	?
tmaHC2VN	CZE-chT1W 1213	Czechia	2013.04.07	10.1
Y7STfb6P	Pribram Cup	Pribram	1998.??.??	?
eedBE1uJ	Politiken Cup 30th	Helsingor	2008.07.26	9
3J7grG8u	RUS-ch Higher League 63rd	Irkutsk	2010.08.28	3
XdBNwz5O	Wch Rapid	Khanty-Mansiysk	2013.06.06	1
7gVs2vo4	Abu Dhabi op 21st	Abu Dhabi	2013.07.04	6
msS4Kzq2	Vugar Gashimov Mem B 2014	Shamkir AZE	2014.04.29	9.2
H50ABKhF	Sarajevo	Sarajevo	1984.??.??	?
5rhtRUw7	URS Spartakiad	Moscow	1981.??.??	?
Wj3Vaprw	Online Olym Div Top-C	Chess.com INT	2020.08.23	9.1
NvPJyaHi	Yugoslavia-Asia	Subotica	1984.11.12	10
omM3cmPF	Corus	Wijk aan Zee	2009.01.24	7
NvjPkJVl	Amber-blindfold 11th	Monte Carlo	2002.03.17	2
hY2BJnD7	Moscow Tal Memorial Blitz	Moscow	2008.08.30	34
jYPXgVhA	EU-Cup 22nd	Fuegen	2006.10.11	4.1
fXXNEyXK	Saratov Governor's Cup	Saratov	2011.10.11	4
zMonQyGw	Moscow Tal Memorial 7th	Moscow	2012.06.12	4
OTf1J2AB	Corus	Wijk aan Zee	2009.02.01	13
3xttECHh	Wch Blitz 5th	Moscow	2009.11.16	12
Do7KYMvv	RUS-chT 16th	Dagomys	2009.04.04	1
SjiPmcd5	Nanjing Pearl Spring 1st	Nanjing	2008.12.12	2
9b4KO3mJ	Astrakhan FIDE GP	Astrakhan	2010.05.22	11
az8IHKFw	FIDE-Wch	San Luis	2005.10.04	6
pbOeAGEu	World Blitz 2015	Berlin GER	2015.10.14	12.8
T1GaitEl	Corsica Masters rap 11th	Bastia	2007.10.29	2.2
SGs4pM2m	Ubeda	Ubeda	1997.02.12	4
XpXanqQN	Bilbao	Bilbao	1987.??.??	?
SkTSIHlR	Wch Blitz	Astana	2012.07.09	9
RWRa15pj	FTX Road to Miami Prelim	chess24.com INT	2022.07.10	1.3
nu82iGCf	Saint Louis Rapid 2019	Saint Louis USA	2019.08.12	7.5
Vdf7j78p	TCh-CHN 2016	China CHN	2016.09.26	15.2
U0kbEfmK	SuperUnited Rapid 2023	Zagreb CRO	2023.07.06	4.5
XCR03FJN	Norway Chess 8th	Stavanger	2020.10.07	3
OOWYZ2Vs	Bundesliga 2021-22	Bremen GER	2022.05.28	9.5
N8VwPIcB	6th Sharjah Masters 2023	Sharjah UAE	2023.05.17	1.1
MhqlXUrG	45th Olympiad 2024	Budapest HUN	2024.09.12	2.4
IgHo7jdU	23rd European Teams	Terme Catez SLO	2021.11.21	9.1
EoOGVXsK	ch-RUS Rapid GP Final	Khanty-Mansiysk RUS	2017.12.02	7.3
ZfZdkFOV	Collado Villalba op-A 26th	Collado Villalba	2010.08.26	7
dldShEL0	WC.2002.S.00003	IECG	2000.??.??	?
nDgc2Giq	Bad Zwesten op 10th	Bad Zwesten	2006.01.07	8
BHlufhq2	Keres Memorial rap	Tallinn	2004.01.03	1
ALuQpCWC	12th Paleochora Open 2019	Paleochora GRE	2019.07.17	6.8
1NZvtWmv	URS Army-ch	Frunze	1988.??.??	?
8IxnxqQU	Noyabrsk Fakel Jamala	Noyabrsk	2003.11.19	2
NehavXC8	Skilling Open Prelim	chess24.com INT	2020.11.22	1.1
7fQZ5AHc	Amber-blindfold 03rd	Monte Carlo	1994.03.26	1
ybtzu6SG	World Blitz 2018	St Petersburg RUS	2018.12.30	17.10
IBpWzGAG	Chess.com Rapid W10 Swiss	chess.com INT	2022.04.16	1
SHjL8SVg	chess.com Speed 2019	chess.com INT	2019.11.19	2.14
6Egbpac6	Skilling Open Prelim	chess24.com INT	2020.11.22	3.1
sj52xVws	World Rapid 2022	Almaty KAZ	2022.12.28	13.1
jDLgqxRx	2nd Norway Blitz 2014	Flor & Fjaere NOR	2014.06.02	7.5
udZU0rIl	PRO League Group Stage	chess.com INT	2018.02.04	4
ISVRYBcY	PRO League Group Stage	chess.com INT	2018.01.18	1
ayasayBM	CRO-chT1B 18th	Sibenik	2009.09.27	7
LVbAG4hJ	Oerebro	Oerebro	1990.??.??	4
IvI4Sx1T	5th Prague Challengers	Prague CZE	2023.06.24	4.4
zoNqKqmt	26th Roquetas de Mar Open	Roquetas de Mar ESP	2015.01.05	7.3
ZXdEihu2	SVK-chT2D 0910	Slovakia	2010.02.27	10.4
dRcuUlXY	Oberwart op 27th	Oberwart	2005.07.11	3
d72HWRCs	3rd Norway Blitz 2015	Stavanger NOR	2015.06.15	6.4
9g0Q4UhF	2nd Sinquefield Cup 2014	Saint Louis USA	2014.08.28	2.1
KEIV7Omb	3rd Norway Blitz 2015	Stavanger NOR	2015.06.15	1.2
MrUMkOHu	GCT Rapid YourNextMove	Leuven BEL	2018.06.13	6.3
59HI09IK	Vugar Gashimov Mem 2015	Shamkir AZE	2015.04.20	4.3
UuyO3SAO	PRO League KO Stage	Chess.com INT	2020.03.10	2
aPVfw8kP	GCT Blitz YourNextMove	Leuven BEL	2018.06.16	14.2
bJwe2kXt	College Final Four 2015	New York USA	2015.03.29	3.2
CYzVSOx0	RUS-Cup3	Omsk	1996.??.??	5
9CrRMdNQ	Cheliabinsk	Cheliabinsk	1991.??.??	?
y36lANxm	Guillermo Garcia Memorial-A 02nd	Santa Clara	1994.??.??	3
RSKGEzVz	RUS Rapid GP Serpukhov	Serpukhov RUS	2018.02.24	9.4
uuxeFuL9	TCh-CZE Extraliga 2023-24	Czech Republic CZE	2023.10.14	1.5
upQVxaMT	Smederevska Palanka	Smederevska Palanka	1980.06.??	?
TK4yb1qL	WC47/sf  2	ICCF	2023.06.20	?
8QvMSgyv	Lisbon Masters	Lisbon	1997.??.??	6
5WKrJ5H0	ch-CHN Blitz 2016	Shenzhen CHN	2016.08.26	5.5
B5PVXXsf	POL-chT2	Polanica Zdroj	1999.??.??	5
Mdt63Dcc	Bucharest Romgaz op 2nd	Bucharest	2008.09.14	4
92Sl1MNr	Eforie Nord Romgaz op	Eforie Nord	2007.08.10	9
EeoOVi65	Granada op	Granada	2006.12.07	4
03dEEurH	30th Czech Rapid G1 2019	Pardubice CZE	2019.07.19	7.11
vRm7GQXd	41st Olympiad Open 2014	Tromso NOR	2014.08.12	10.3
qG6uL19l	FIDE GP	Moscow	2002.06.04	4.4
UGFs95DO	FIDE GP	Moscow	2002.06.04	4.2
2XcaeXHU	Biel GM	Biel	2004.07.26	7
ntYmfySj	24th ch-EUR Indiv 2024	Petrovac MNE	2024.11.13	6.17
uJfjQmuh	27th OIBM 2024	Tegernsee GER	2024.10.29	4.2
iU2kg1Yk	Tbilisi tt	Tbilisi	1986.??.??	?
je8z8gaN	Vrnjacka Banja	Vrnjacka Banja	1985.??.??	6
rI0OtacE	Wch Rapid	Astana	2012.07.08	11
3I0uuFYH	Wch Blitz	Astana	2012.07.09	12
awRGNw6c	SportAccord Blitz 2014	Beijing CHN	2014.12.13	13.6
bIjYl1H3	Wch Blitz	Astana	2012.07.09	8
wbhjdtuW	Vladimir Petrov Memorial op	Jurmala	2013.02.17	13
xvlJCeaz	Gibraltar Masters 11th	Caleta	2013.01.30	9
GFeDVIII	Oberliga Nord O 0102	Germany	2001.10.07	1.5
YvG4wkyo	European Blitz 2017	Katowice POL	2017.12.15	17.2
haPYOyHU	Vladimir Petrov Memorial op	Jurmala	2013.02.16	8
kDG0eCYp	Poikovsky Karpov 07th	Poikovsky	2006.03.21	4
BHraX2Nw	Lubbock SPICE Cup	Lubbock	2008.09.27	8
20D0ntG4	Glitnir blitz	Reykjavik	2006.03.16	3.2
ozfiTkd4	RUS-chT 17th	Dagomys	2010.04.03	3
DRyqOHDz	Alekhine op	Moscow	1996.??.??	?
KvpF3N1i	Porto Velho	Porto Velho	1988.09.??	7
CpJtmmel	Zagreb op	Zagreb	1997.??.??	4
m70pTrz3	CRO-chT1B 19th	Sibenik	2010.09.04	1
CWLH46AF	Legends of Chess Prelim	chess24.com INT	2020.07.22	2.2
SLjV0rIY	chess.com Speed 2019	chess.com INT	2019.09.06	1.13
3hSBW1aW	Leon 23rd	Leon	2010.06.05	1.1
vnIr5jQ1	World Rapid 2016	Doha QAT	2016.12.26	5.16
rOMjOyP3	FIDE World Cup	Khanty-Mansiysk	2011.09.18	7.3
OFHDwQkC	25th ch-EUR Indiv 2025	Eforie Nord ROU	2025.03.15	1.44
62X4wdUz	HUN-chT 9798	Hungary	1997.??.??	?
KCfrp7kr	Vojvodina-chT 2nd League	Sombor	2010.10.10	1
CQngx9LS	HUN-chT 9798	Hungary	1997.??.??	?
G23t9FyV	EU-ch 11th	Rijeka	2010.03.12	7
8xZ8YNHA	EU-Cup 24th	Kallithea	2008.10.23	7
nozofn6s	Parnu	Parnu	1997.??.??	?
cqQGAgej	Corus-B	Wijk aan Zee	2003.01.14	3
YAKPLAwd	World Cup ACP 1st	Odessa	2007.01.05	1.2
tZXwyQZC	Bundesliga 2016-17	Berlin GER	2017.04.30	14.8
Trr6Z4Hl	Poikovsky Karpov 11th	Poikovsky	2010.06.03	2
FBsCrmLi	Poikovsky Karpov 11th	Poikovsky	2010.06.02	1
2xiuRc9h	FRA-ch	Auxerre	1996.??.??	11
a25l6Ucj	Benasque op 19th	Benasque	1999.??.??	9
6F7qgjkC	YUG-ch	Yugoslavia	1984.??.??	15
oK1fXnVl	SWE-ch	Sundsvall	1989.??.??	?
nYZuDlHm	POR-ch	Lisbon	1991.??.??	6
S2OT1PWd	Capablanca Memorial op-A 48th	Havana	2013.04.28	7
OiJhsEZD	chess.com SF Blitz 1m+1spm 2016	chess.com INT	2016.08.24	29
T2s2OmzL	World Blitz 2017	Riyadh KSA	2017.12.29	11.1
PZ25sRL3	Wch Blitz 5th	Moscow	2009.11.17	25
kLVGfTjD	IMSA Blitz 2016	Huai'an CHN	2016.02.28	4.3
UvxERtbP	World Rapid 2025	Doha QAT	2025.12.26	4.45
hNy8AZZT	Wch Blitz 5th	Moscow	2009.11.16	10
3CkxJVgM	CZE-chT 0910	Czechia	2010.04.17	10.1
5w0JMQgE	CHN-chT	Beijing	2012.05.01	4
EHfyWvjb	6th Sharjah Masters 2023	Sharjah UAE	2023.05.21	5.37
2UuSQs0M	Chess.com U20 Speed Qual	Chess.com INT	2020.09.09	1.13
IpoOqUmS	FICGS__CHESS__FICGS_VS_IGAME_RU_MATCH	FICGS	2007.06.27	1
7ug0YnbZ	London	London	1992.??.??	?
v3IxHrrW	Danzhou 4th	Danzhou	2013.05.28	8
oj6j5cHt	CSR-chT	Czechoslovakia	1989.??.??	?
HMVjBS46	Cartak GM	Cartak	2005.06.26	10
WXqHtG4x	BdF-60/S/pr33 (GER)	ICCF	2006.11.15	?
2YCHRrYM	FIDE World Blitz 2014	Dubai UAE	2014.06.20	19.2
QCaSggeh	SportAccord Blitz 2014	Beijing CHN	2014.12.13	9.3
PrKj2uTv	Mainz m	Mainz	2004.08.08	8
IQARSZ9h	Prague	Prague	1990.??.??	4
4Z1wcpYB	CRO-Cup	Pula	1997.??.??	?
pDaiAtHP	Skopje ol (Men) fin-B	Skopje	1972.09.27	1
UJac0r9t	Leipzig BKL	Leipzig	1979.??.??	10
16Ihk2xR	Ultimate Blitz Challenge	Saint Louis USA	2016.04.28	9.1
E3S294oy	BCF-ch	Southampton	1986.??.??	3
meyB3ceG	Darmstadt Heinerfestpokal op	Darmstadt	1994.??.??	?
YzzqWr51	Scarborough Congress 2017	Scarborough ENG	2017.10.22	5.1
GwWMfeh6	Kimovsk	Kimovsk	2011.02.20	3
ZoOUw5b7	CZE-chT 0809	Czechia	2009.02.08	7.4
FGUEp8ke	Groningen op	Groningen	1999.12.26	7
QDMqMhsU	CZE-chT 0405	Czechia	2005.04.16	10.4
oNJOihiU	Orel	Orel	1998.??.??	13
zLdykOMh	FIDE World Rapid 2014	Dubai UAE	2014.06.16	2.6
KnrX7kG3	45th Olympiad 2024	Budapest HUN	2024.09.21	10.5
XgkNiNz1	FIDE World Blitz 2014	Dubai UAE	2014.06.20	17.26
4RlkZF5s	Yerevan	Yerevan	1980.??.??	1
S2NHQ9nv	30th Czech Rapid G1 2019	Pardubice CZE	2019.07.18	6.41
IFThpdK9	26th Kavala Open 2017	Kavala GRE	2017.08.02	7.1
8uzlA7Dk	GRE-ch 58th	Rhodes	2008.12.08	9
NOmGTPmh	Aigialias op 1st	Aigialias	2008.08.20	4
If4JEreu	Minsk op	Minsk	2013.07.19	7
dcE1HeY3	42nd Olympiad 2016	Baku AZE	2016.09.11	9.7
qFNIvWmY	Pune	Pune	2004.09.11	8
9mKXb56H	ACP Blitz Prelim2	playchess.com INT	2004.04.13	15
1df1G27w	FIDE World Blitz 2014	Dubai UAE	2014.06.20	16.26
8RIq5471	Oberliga NRW 9596 II	Germany	1995.??.??	?.5
vQwP028u	Wch Blitz	Astana	2012.07.09	4
3AQUkdCf	Wch Blitz 3rd	Moscow	2007.11.21	6
dqlRtJgD	Amber-rapid 05th	Monte Carlo	1996.??.??	3
TBYHctDr	7th HD Bank Cup 2017	Ho Chi Minh City VIE	2017.03.17	9.1
37u04hhA	Biel GM	Biel	2003.07.25	5
7EcLbwUU	Chess.com RCC Wk16 Swiss	chess.com INT	2022.05.28	9
8keLVSFG	RUS Cup Qualifier 2	chessassistantclub.com INT	2004.09.30	?
4eykyKQt	Paris	Paris	1994.??.??	2
nJqq4R5g	Oviedo rapid	Oviedo	1993.??.??	5
IzaP9n8t	RUS-ch	Elista	1995.??.??	1
IMrb9nSq	Capablanca Memorial-C	Matanzas	1995.??.??	12
lByWIgMI	NED-ch51 sf	Enschede	1995.11.05	3
CAIEX339	Aragon Autonomico op	Aragon	1998.??.??	?
c25tUHce	CZE-chT2 9697	Czechia	1997.??.??	?
t91fBnch	Cappelle	Cappelle la Grande	1994.??.??	1
KcLZz9se	Buenos Aires Bolivar op 4th	Buenos Aires	2011.06.21	7
8CCwicyX	RUS-Cup04	Samara	2002.07.29	4
BlR3BMab	European Rapid 2023	Zagreb CRO	2023.12.14	6.27
qiytCLx3	CRO-chT2 East	Croatia	2005.03.19	3.2
UiIKPyBk	SLO-chT Cup	Gostovanja	2004.05.16	2.1
pEXB5TL5	Belgrade Spring op	Belgrade	2008.03.26	2
C01O2avV	US op 097th	Alexandria	1996.??.??	12
JpDjFVeP	FIDE World Blitz 2014	Dubai UAE	2014.06.19	9.19
aVWl4Xkd	Bar	Bar	1980.??.??	?
dhgcdh3X	New York Marshall/Enhance	New York	1994.??.??	2
fFx6Tqqe	Kurgan op	Kurgan	2010.03.23	4
kRNXYgfy	Altensteig	Altensteig	1991.??.??	1
jix9siuC	Alekhine op	Moscow	1992.??.??	?
PZeDAx7I	UKR-chT Clubs	Alushta	2010.05.14	2
MHNPpnkj	URS-ch U26	Lvov	1985.??.??	?
1hljNQjb	CHN-ch	Beijing	2008.06.06	9
AIbvWbkS	Chess.com RCC Wk24 Swiss	chess.com INT	2022.08.06	6
pQMT7eXk	chess.com Junior Speed	chess.com INT	2019.05.31	1.20
IeUZkkgb	ch-RUS Blitz 2019	Sochi RUS	2019.10.17	15.4
myFz02VV	FRA-chT Top 12	Haguenau	2013.06.03	5.5
cV8HvTGK	Geneve	Geneve	1993.??.??	1
YmWYABE0	St Petersburg Chigorin CC-ch	St Petersburg	2009.05.24	5
AAZdyaZK	AUT-chT2S 9798	Austria	1998.03.15	11
QBsXAmBt	Zlin op	Zlin	1996.??.??	8
9kkPjAfj	Alekhine Memorial	Moscow	1971.11.26	3
etgM1bUv	Van Foreest-Sokolov m	Hoogeveen NED	2016.10.17	2
IAt3LMNY	World Rapid 2016	Doha QAT	2016.12.26	2.31
Bp30jWpg	SRB-chT 1st	Zlatibor	2007.09.01	11
PVXierLG	49th Capablanca Premier 2014	Havana CUB	2014.05.09	2.5
hsrm7wv8	Biel Interzonal	Biel	1976.07.30	14
JGx9qSVm	World Cup	Reykjavik	1991.??.??	2
oydLh3GH	URS-ch44	Moscow	1976.12.20	15
B6ybppwh	DEN-ch	Odense	1994.??.??	3
4euPATD3	Buenos Aires Club Argentino	Buenos Aires	1975.??.??	5
dzNyApAa	EU Union-ch 3rd	Arvier	2007.06.16	2
rufgABVE	Lloydminster BATB op 4th	Lloydminster	2010.09.05	4
0RpUEsPJ	Hastings 9091	Hastings	1990.12.??	3
KTbp8xhD	Minsk	Minsk	1982.05.13	6
6jZ1VPan	EU-chT (Men) 06th	Moscow	1977.04.??	3.5
X2nn1dnQ	Bundesliga 9495	Germany	1995.??.??	?.6
DZxH3L5a	Tula1	Tula	2001.??.??	1
0CmXF8Xh	Yerevan	Yerevan	1981.??.??	13
pvPwNEyo	71st ch-RUS HL 2018	Yaroslavl RUS	2018.06.29	4.16
K80oA5iv	Krakow op-A	Krakow	1998.??.??	?
E4PLXQgj	Grand Manan	New Brunswick	1984.??.??	4
oZYKZDqh	ESP-5/Alcazar (ESP)	ICCF	2007.09.10	?
caoLToDP	GCT Blitz YourNextMove	Leuven BEL	2017.07.02	13.2
Pmu4eyT8	Superbet Classic 2022	Bucharest ROU	2022.05.09	5.5
hUFNYRh6	GCT Blitz YourNextMove	Leuven BEL	2017.07.02	15.4
nBFw5iQa	Bundesliga 2021-22	Berlin GER	2022.07.08	12.7
5FXF1sHa	chess.com Speed 1m+1spm 2017	chess.com INT	2018.07.24	25
OcYbkkdC	Julius Baer Gen Cup D1 L	chess.com INT	2024.09.30	4.2
XrtYknC1	Julius Baer Gen Cup Pl/In	chess.com INT	2024.09.25	4
LvSvpFM0	World Rapid 2025	Doha QAT	2025.12.27	7.6
sVfHt7We	Regionalliga NordN	Germany	1990.11.11	2.4
Gt5u5cT5	Online Olym Div2 C	Chess.com INT	2020.08.16	8.3
VW7VHtwk	Hilversum op	Hilversum	2008.04.11	7
oZZW5WtP	POL/C52/sf3 (POL)	ICCF	2006.10.02	?
qoOEVYkj	Mondariz-B	Mondariz	1999.??.??	8
jn7c6qSl	Serbia-chT	Jahorina	2001.08.14	4
2Rg5vIKg	Genting zt	Genting	1995.??.??	2
t9fEivik	Paleochora op 2nd	Paleochora	2009.07.26	7
qDY2msK4	Novi Sad ol (Men)	Novi Sad	1990.??.??	14
xHsGJCBy	US Chess Masters 2025	Charlotte USA	2025.11.27	2.3
5SskcWyA	WC40/sf04	ICCF	2016.06.20	?
41H3T3wt	Saint Louis Blitz 2019	Saint Louis USA	2019.08.13	7.3
Ir37Tsls	World Blitz 2017	Riyadh KSA	2017.12.29	4.23
uqrCiXCD	World Rapid 2018	St Petersburg RUS	2018.12.26	2.1
Lrruhbui	Sigeman & Co 13th	Malmo/Copenhagen	2005.04.22	7
v11VEyvW	Le Touquet op 10th	Le Touquet	1995.??.??	?
aLoycGaa	KGSRL Masters 2nd	Gent	1999.09.12	9
6T3VxqPA	TCh-CAT Gp1 2016	Barcelona ESP	2016.01.23	1.1
MNPyp1Q4	HUN-chT2 9293	Hungary	1993.??.??	?
CFPi6Bq4	6th Sinquefield Cup 2018	Saint Louis USA	2018.08.25	7.1
YO7GGsin	Tata Steel-A 75th	Wijk aan Zee	2013.01.17	5
8GehpFF6	80th Tata Steel GpA	Wijk aan Zee NED	2018.01.13	1.1
W9EXI7NB	FIDE Candidates 2018	Berlin GER	2018.03.14	4.4
cXu0JpTE	FIDE Candidates 2018	Berlin GER	2018.03.19	8.1
4ecI6o64	31st ECC Open 2015	Skopje MKD	2015.10.23	6.2
f387EvRA	6th Norway Chess 2018	Stavanger NOR	2018.06.06	8.3
w2gG0mpX	Carlsen Inv Prelim	chess24.com INT	2020.04.21	2.5
y2ZipWQl	GCT Rapid YourNextMove	Leuven BEL	2018.06.14	9.2
DlDMVi7g	FIDE Candidates 2022	Madrid ESP	2022.06.30	11.2
ebh2ZGN9	Corus	Wijk aan Zee	2009.01.28	10
3ZzOhHv9	86th Tata Steel Masters	Wijk aan Zee NED	2024.01.20	7.4
FDqXLhtD	Global Chess League 2023	Dubai UAE	2023.06.22	1.1
Aid08G4H	ch-USA 2018	Saint Louis USA	2018.04.26	8.1
mHKBb9yH	GCT Rapid YourNextMove	Leuven BEL	2018.06.12	3.4
Jj9m7i2a	Chess.com RCC Wk25 KO	chess.com INT	2022.08.14	3.2
GTKNga0O	Lindores Abbey Prelim	chess24.com INT	2020.05.19	2
iggw0wzK	WCh 2021	Dubai UAE	2021.12.08	10
7fkry5c2	6th Sinquefield Cup 2018	Saint Louis USA	2018.08.27	9.1
FSzHFHOH	85th Tata Steel Masters	Wijk aan Zee NED	2023.01.21	7.6
KdVHJujc	87th Tata Steel Masters	Wijk aan Zee NED	2025.02.02	13.5
BhNYEITm	chess.com Speed 3m+1spm 2018	chess.com INT	2018.12.01	3.19
rNaAtF0x	Amber-rapid 17th	Nice	2008.03.25	9
mstU8SmU	CCT Final Playoff 2023	Toronto CAN	2023.12.10	4.3
WUrS4QVc	TechM GCL 2025	Mumbai IND	2025.12.14	4.1
HdKUZVtM	Champions Showdown Kings	Saint Louis USA	2025.03.04	1.2
Eux7UaZG	Tata Steel India Rapid	Kolkata IND	2024.11.14	5.4
OsZNbMvN	TechM GCL 2025	Mumbai IND	2025.12.15	2.1
vDePvPYG	II Neoclassical Masters	Madrid ESP	2016.06.03	1.2
m0fTTxQM	MT-Hollis (ENG)	ICCF	2014.01.05	?
mK6w9zLY	Tula Kotov Memorial	Tula	2007.07.01	3
2iPDEK8B	PRO League Stage	Chess.com INT	2020.01.29	4
pfia0zZq	Rochade-20/TT	ICCF	2009.11.01	?.3
CO22dLGW	IMSA Masters Rapid Women	Hengshui CHN	2019.05.14	4.2
Bh40lkiO	Johannesburg	Johannesburg	1981.??.??	1
ka5TJFmj	MT-Barrios/A (ESP)	ICCF	2010.12.01	?
USJmKtk3	Politiken Cup 28th	Copenhagen	2006.07.25	4
xbvDTM2Q	TCh-POL Ekstraliga 2024	Walbrzych POL	2024.10.15	9.28
YLYv2Oya	MT-Oesterman (FIN)	ICCF	2016.11.01	?
VV7BT2xL	FIN/C72 (FIN)	ICCF	2021.04.15	?
v2yjZxkx	RUS-ch sf	Tula	2003.??.??	3
g9OJkSIx	Wichern op 4th	Hamburg	1997.??.??	6
kAfsKBKQ	Chigorin Memorial 09th	St Petersburg	2001.10.30	5
lexlYs51	Subotica-ch op	Subotica	2007.03.09	9
ethSjEG7	Pardubice Czech op	Pardubice	1998.??.??	5
S3SWvRaj	Kharkov Caissa op	Kharkov	2000.03.01	8
RzCXf0Om	Hotel Agro op	Budapest	1999.07.30	1
Bu7Jlbzo	Novosibirsk Siberian Bank Cup	Novosibirsk	2012.11.18	10
yNEbZj8s	EU-ch blitz	Warsaw	2011.12.16	3
rRqf6DV5	Moscow Aeroflot op-A	Moscow	2004.02.23	7
TiDnQa8i	ESP-chT	Ponferrada	1997.??.??	6
xJb7DWhk	Chess.com Rapid Wk9 KO	chess.com INT	2022.04.10	3.1
zKJa7aba	Carlsen Inv Prelim	chess24.com INT	2020.04.30	7.5
IO2WUeOj	chess.com Speed 2019	chess.com INT	2019.11.14	2.18
DqF9P7Zr	Legends of Chess Prelim	chess24.com INT	2020.07.26	6.2
7SmlHeUI	World Rapid 2017	Riyadh KSA	2017.12.27	7.28
iafpL2fY	Namangan zt	Namangan	2000.??.??	?
fbolOCbW	Sao Paulo 4th	Sao Paulo	2005.11.15	6
3tYhl2kR	Bled op 15th	Bled	1994.??.??	?
NGDMde8v	Ibercaja op-A	Zaragoza	1996.??.??	6
FOg1gVmF	Kiel op 14th	Kiel	2001.08.22	7
oNRSny82	Helsinki	Helsinki	1989.??.??	4
xugMnoUF	Politiken Cup 13th	Copenhagen	1991.??.??	?
UO5FDJcJ	Oberliga NRW 9192 II	Germany	1991.??.??	?.2
1CSFn5pf	Maribor	Maribor	1980.10.??	3
08cZzr3B	Izmailov Memorial 12th	Tomsk	2008.07.07	4
ugLsqFRg	Chigorin Memorial 08th	St Petersburg	2000.11.09	8
6KAKxPnV	Budapest FS02 IM-A	Budapest	2001.02.14	11
W4xJM6M8	Moscow ol (Men)	Moscow	1994.??.??	3
UuIiHWPN	St Martin op	St Martin	1992.??.??	7
Lg8zzvvh	San Sebastian op	San Sebastian	1991.??.??	7
drh7AC4e	Copenhagen Cup	Copenhagen	1992.??.??	?
O43Fb8hY	chess.com Speed 5m+2spm 2017	chess.com INT	2018.01.03	4.7
pL7NtKhi	Norway Masters blitz	Stavanger	2013.05.07	7
Hjo8AarU	FTX Crypto Cup Prelim	chess24.com INT	2021.05.24	7.6
Uik4TcJ9	Bundesliga 0304	Germany	2004.03.27	12.7
31RAInYo	ENG-NOR 2007	ICCF	2007.06.15	?.1
BC6IVapo	Vinkovci	Vinkovci	1995.??.??	?
81KPJc3A	SLO-chT1	Bled	2005.12.02	9
iOIx2DGX	American Continental 9th	Cochabamba	2013.05.10	5
kbwe3GFK	Izmailov Memorial op 13th	Tomsk	2009.07.02	9
KGMF0HWo	ARM-ch	Yerevan	1996.??.??	2
cbPdMIYZ	CRO-chT	Medulin	2002.09.12	4
D3TZBYqU	Havana ol (Men) fin-B	Havana	1966.??.??	1
TNXrs3bR	TCh-ROU Superliga 2015	Mamaia ROU	2015.10.08	6.5
74xxvTTG	Schwarzach op-A	Schwarzach	2000.08.25	7
cvYrAUxR	Nice ol (Men) fin-A	Nice	1974.06.29	14
cDf9R2DJ	Prerov Friendship GM	Prerov	2001.12.10	7
LjhCnVCr	Mar del Plata op 30th	Mar del Plata	1999.03.31	5
mWluRphU	San Martin	San Martin	1994.??.??	8
eAIpE5cl	NED-chT	Netherlands	1993.??.??	5
2Bgr0Aex	FRA	France	1993.??.??	?
IZLPqeyQ	Capablanca Memorial-B	Matanzas	1992.??.??	9
BsApVOqu	Pau op	Pau	1988.??.??	8
0RdHrgPs	Eger op	Eger	1989.??.??	?
9onIHCXC	Oberliga NRW 9091 II	Germany	1991.??.??	?
iMyJA5U8	CM.1999.0.00080	IECG	1999.??.??	?
OV6lDbww	Ballerup	Ballerup	1985.??.??	7
l2FjdD3p	Cap d'Agde CCAS Trophee KO	Cap d'Agde	2010.10.31	3.1
eMZF3Udu	Kamsky-Mamedyarov m	playchess.com INT	2006.09.19	?
wQ7oigfl	Chess.com Rapid Wk9 Swiss	chess.com INT	2022.04.09	2
Ybmj55wZ	Gambitmatch/1+2	ICCF	2005.07.10	?.1
a0LePo1k	Dos Hermanas Internet qual-C 10th	ICC INT	2009.03.14	12
zIonvGY1	28th Abu Dhabi Masters	Abu Dhabi UAE	2022.08.24	8.16
x73pBtdB	Cappelle op 19th	Cappelle la Grande	2003.02.27	7
hpIOB4yF	Vilnius zt	Vilnius	1975.??.??	7
uFI8l1qo	Moscow-4teams	Moscow	1981.02.27	5.2
5yv5DqxR	SVK-chT 0102	Slovakia	2001.??.??	4
cINkq0dq	FICGS__CHESS__THEMATIC_TOURNAMENT__0001	FICGS	2011.12.24	1
rc8DovCk	FICGS__CHESS__THEMATIC_TOURNAMENT__0001	FICGS	2011.12.24	1
9gxiblbT	FRA-chT	France	1988.??.??	?
cjzW187g	Genova	Genova	1989.??.??	10
F8qYaPqj	TH-M-1347.2	IECC	2001.06.07	?
4mntHAvh	FICGS__CHESS__THEMATIC_TOURNAMENT__0000	FICGS	2006.09.04	1
n1uNQGs1	TH-T-1051.1	IECC	2000.09.15	?
DKGEuyv6	Baden-ch	Oberwinden	2007.04.12	9
kADZYkjE	YUG-ch (Women)	Belgrade	1993.??.??	9
3g718lPY	Baden-ch MTA	Viernheim	1999.??.??	5
7uFnDUXz	Paris	Paris	1994.??.??	7
zt2cnvgR	CRO-Cup	Pula	1999.05.28	5
0GkwRaBC	Gonfreville Master	Gonfreville	1999.04.18	13
QKgl8kv1	Bunratty Masters 2014	Bunratty IRL	2014.02.09	5.2
A6AfERie	BL2-West 0708	Germany	2007.12.09	4.4
vMjoKBE2	Vidmar Memorial	Ljubljana/Portoroz	1989.??.??	?
YUSLKKlj	BL2-Sued 0809	Germany	2009.03.15	8.5
UmPckRuP	Prague Bohemians	Prague	1995.??.??	10
GBfK9ShQ	Golden Sands Europe op 2nd	Golden Sands	2013.06.17	8
cMrH4v6R	Budapest Spring op 09th	Budapest	1993.??.??	9
XI7ZlsNt	RUS-Cup6	Krasnodar	1997.03.18	8
aOzZQHyE	WSTT/3/23/S  1	ICCF	2025.02.25	?
gwrnMqfy	Sao Paulo	Sao Paulo	1978.??.??	2
aM1UXzal	WSTT/3/23/S  1	ICCF	2025.02.25	?
Hos5IyJB	World op 23rd	Philadelphia	1995.??.??	7
tGwJHigu	Chess.com RCC Wk18 Swiss	chess.com INT	2022.06.11	7
Q1we4Kkb	Zhukov Memorial	Spasskoe	1996.??.??	13
PvsFYRV1	CZE-chT 9798	Czechia	1997.12.14	4
jPbNJGVY	Peer Gynt	Gausdal	1992.??.??	2
xLBrEOJb	Djakovo op	Djakovo	1994.??.??	7
Z9e1RtK1	Nova Gorica op 06th	Nova Gorica	2001.01.29	5
0iPNEV85	Airthings Masters Prelim	chess24.com INT	2022.02.20	7.1
C51cYTwv	ch-CZE Blitz 2018	Prague CZE	2018.12.22	14.1
JfayHVhk	PRO League Group Stage	chess.com INT	2018.01.31	3
2wFGgnMJ	TCh-ESP Div Honor 2017	Linares ESP	2017.08.17	4.4
9jcw48U5	Kiev Independence Cup-A 4th	Kiev	2004.08.21	11
3RMwZX0E	34th ECC Open 2018	Porto Carras GRE	2018.10.15	4.13
MAUpeTau	Prague Vysehrad-A	Prague	1990.??.??	6
e6Z4cMvH	VIII ShakkiNet GM 2024	Helsinki FIN	2024.06.11	2.8
6OXU9dyw	Clutch Chess: Champions	Saint Louis USA	2025.10.28	8.1
NGu6YuBe	ch-USA 2025	Saint Louis USA	2025.10.19	7.5
2xl6xnXw	GCT Blitz YourNextMove	Leuven BEL	2017.07.01	6.5
ZMXmZ10i	Meltwater Tour Final 2021	chess24.com INT	2021.09.26	2.4
vUhb47en	31st Keres Mem Rapid	Tallinn EST	2022.09.11	8.9
0abm1zgE	Hamburg-ch int	Hamburg	2000.06.18	9
MUXpg1BL	2nd Sinquefield Cup 2014	Saint Louis USA	2014.09.03	7.2
BwJc2PSE	WCh 2016	New York USA	2016.11.20	7
13Hi9NPC	RUS-ch 57th	Moscow	2004.11.24	8
qT2kcFDs	Zug FIDE GP	Zug	2013.04.29	10
iQHIYkiO	Grand Slam Final 4th	Sao Paulo/Bilbao	2011.10.11	10
juVYjxoP	Carlsen Inv Final 4	chess24.com INT	2020.05.02	1.4
M7KiOdUO	FIDE Candidates	London	2013.03.31	13
qvJ9yEZf	chess.com QF Blitz 1m+1spm 2016	chess.com INT	2016.04.06	21
ZUlZx9YU	Vugar Gashimov Mem 2014	Shamkir AZE	2014.04.28	8.3
caPwMmG8	FIDE World Rapid 2014	Dubai UAE	2014.06.17	7.4
dt6sdaGG	2nd Sinquefield Cup 2014	Saint Louis USA	2014.08.31	5.1
CGu7oQBH	FIDE Candidates 2014	Khanty-Mansiysk RUS	2014.03.13	1.4
ouZkDKyr	SportAccord Basque 2014	Beijing CHN	2014.12.17	4.9
Eqv7dbkf	Moscow Tal Memorial 8th Blitz	Moscow	2013.06.12	6
hf5jSl8t	Tata Steel India Blitz	Kolkata IND	2019.11.25	3.3
urxdzICI	Skilling Open Prelim	chess24.com INT	2020.11.23	7.6
F1R11WbM	Kosmos m 5'	Moscow	1998.11.28	15
COPOpYvk	83rd Tata Steel Masters	Wijk aan Zee NED	2021.01.30	12.1
snbA06M1	FINJUB50/SF/06 (FIN)	ICCF	2014.02.25	?
QffoUFPt	WC.2004.F.00002	IECG	2005.05.16	?
dY4FYQvK	Swiss/KO3/4	ICCF	2025.02.01	?
qsP6dRoZ	Poysdorf op	Poysdorf	1994.??.??	1
9Zv7coLY	Canada op	Sackville	2001.07.15	10
6V5THxNG	Linares zt	Linares	1995.??.??	3
N5VjYF7y	Reykjavik-B blindfold	Reykjavik	1997.??.??	3
4Kv6WVwW	RUS-chT (club)	Novokuznetsk	1999.??.??	?
C7Brfrym	YUG Cup1	Yugoslavia	2002.05.14	2
kHik6aBG	WC30/sf03	ICCF	2006.06.20	?
XaB5MGcg	Verbandsliga Sued Baden 9596	Germany	1996.01.14	5.1
wRIs9lR1	Grand Europe Albena 2014	Albena BUL	2014.06.03	3.28
mjUpnui1	Hlohovec op	Hlohovec	1996.??.??	6
a9S9gpOi	Berliner Sommer 12th	Berlin	1994.??.??	?
ONrJ14LL	NED-chT	Netherlands	2000.03.18	5
qbyDujkZ	Paris-ch	Paris	2006.07.12	6
G4u9bnEP	World Rapid 2022	Almaty KAZ	2022.12.28	12.48
BIHRmSbq	Munich SKA	Munich	1994.06.01	10
O8PGEswP	Moscow-A	Moscow	1987.??.??	?
6ZNpFYdD	Munich	Munich	1988.??.??	?
QGcOzB9T	Bundesliga 9697	Germany	1996.??.??	?.2
mGtMyft6	Julius Baer GenCup KO	chess24.com INT	2022.09.22	1.11
AiLLKnGQ	CRO-chT	Makarska Tucepi	1995.??.??	?
biaqD1yV	MT-Vinchev/2 (BUL)	ICCF	2015.02.28	?
ynauazdk	Neikirch (BUL)	ICCF	2024.12.25	?
x2j9tOIG	Neikirch (BUL)	ICCF	2024.12.25	?
1aXLYoKm	Moscow Piterenka rapid	Moscow	2012.12.29	3
59wVVx3F	chess.com Speed 2019	chess.com INT	2019.10.02	1.19
2zr1NY05	EuroTel Trophy	Prague	1998.09.06	1
Un45oK2Y	Chess.com RCC Wk19 Swiss	chess.com INT	2022.07.02	1
6lBaaXdj	5th Sinquefield Cup 2017	Saint Louis USA	2017.08.09	7.5
TRxdmEep	5th Sinquefield Cup 2017	Saint Louis USA	2017.08.03	2.2
VpFWx20I	Superbet ROM Classic 2025	Bucharest ROU	2025.05.07	1.5
nPaIrfxM	Grand Slam Final 4th	Sao Paulo/Bilbao	2011.10.06	6
uD0BBYCH	Wch Blitz 3rd	Moscow	2007.11.21	18
eJZPpb4B	Amber-blindfold 09th	Monte Carlo	2000.03.27	10
SeBSuRoi	World Blitz Women 2018	St Petersburg RUS	2018.12.29	9.2
JUuVHeBy	Interzonal TT/5	ICCF	2008.12.27	?.5
BYIw8824	EU-ch U20	Tallinn	1997.09.17	8
NMjxlyQn	Interzonal TT/5	ICCF	2008.12.27	?.5
kCCOTCu2	Saint Louis Rapid 2019	Saint Louis USA	2019.08.12	9.4
fqulDUK9	CCT Final Playoff 2023	Toronto CAN	2023.12.10	4.1
U8PCvk0N	GCT Blitz Paris 2018	Paris FRA	2018.06.23	3.3
VNcKcz2T	American Cup Champ	Saint Louis USA	2025.03.23	4.2
IkwjaCba	NC World Masters 2023	Dortmund GER	2023.06.26	1.1
7GyPW9Ip	Djerba Masters 2024	Djerba TUN	2024.02.19	2.1
lDrxPh5K	Istanbul ol (Men) 40th	Istanbul	2012.09.09	11.2
s3aOHEyt	PRO League Atlantic 2017	chess.com INT	2017.01.18	2
5di5X06c	EU-ch rapid	Warsaw	2012.12.16	10
p28UQO0t	chess.com Speed 5m+2spm 2017	chess.com INT	2017.11.18	2.7
W502i0Nz	chess.com Speed 5m+2spm 2017	chess.com INT	2017.11.18	2.10
6ujFs0dJ	chess.com Speed 5m+2spm 2017	chess.com INT	2017.11.18	2.8
GigY8gpa	WCh 2021	Dubai UAE	2021.12.03	6
ittkvGJQ	Charity Cup KO 2022	chess24.com INT	2022.03.26	3.31
ygCZIB5s	Lindores Abbey Stars	Cupar SCO	2019.05.26	5.2
FbZsUw1H	chess.com Speed 1m+1spm 2017	chess.com INT	2018.07.24	27
0bU1yxJL	45th Olympiad 2024	Budapest HUN	2024.09.20	9.4
vMBMI6YX	Superbet POL Rapid 2025	Warsaw POL	2025.04.28	7.2
MVQt5lVi	WchT 7th	Bursa	2010.01.07	3.1
NcirjMwk	Koge Niels Juel Cup	Koge	2013.04.27	10
LpoCM1j0	CRO-ch	Slavonski Brod	1995.??.??	?
jnKgaPD8	World Blitz 2015	Berlin GER	2015.10.14	15.52
fXwzDouG	Moscow Tal Memorial 7th Blitz	Moscow	2012.06.07	5
eeMKwqYm	Champions Showdown G5	Saint Louis USA	2017.11.12	5.1
Hm0s0hVh	Moscow Tal Memorial 2nd	Moscow	2007.11.16	6
J9HzwCQv	Hoogovens Blitz	Wijk aan Zee	1998.01.19	5
s6X1rr3s	Moscow Tal Memorial Blitz	Moscow	2008.08.29	5
tDacaZby	Botvinnik Memorial m 30'	Moscow	2001.12.08	5
qQCt1DT4	Leon Man+Comp	Leon	2002.06.22	3
fFVl0TuL	Saint Louis Rapid 2025	Saint Louis USA	2025.08.11	2.3
guefW0Fh	87th Tata Steel Masters	Wijk aan Zee NED	2025.01.19	2.2
BPsuKAzu	Charity Cup Prelim	chess24.com INT	2022.03.20	8.4
RBgughPN	Chess.com RCC Wk23 Swiss	chess.com INT	2022.07.30	1
LthUgArz	World Rapid Team 2023	Dusseldorf GER	2023.08.28	12.9
Zdnqy2qs	chess.com Speed 1m+1spm 2017	chess.com INT	2017.11.18	2.31
bRBgaSJc	20th European Teams	Reykjavik ISL	2015.11.17	5.2
MgkhzQ9H	London m 25'	London	1987.02.04	3
MDwXAF8g	chess.com Junior Speed	chess.com INT	2019.07.18	3.24
yOGSn45w	Julius Baer Gen Cup Pl/In	chess.com INT	2024.09.25	7
9973A2yA	Aimchess US Rapid KO 2021	chess24.com INT	2021.09.04	3.12
kMrxHva3	Goldmoney Asian Rapid KO	chess24.com INT	2021.07.02	2.31
zu7UOqaE	10th Danzhou GM 2019	Danzhou CHN	2019.07.05	5.4
Z8PzL1qq	Milan	Milan	1975.08.26	6
YL2hDDNh	Nijmegen m	Nijmegen	1993.??.??	3
IeFc26A4	Candidates qf3	Quebec	1989.??.??	3
WwLse51S	Rochade-20/TT	ICCF	2009.11.01	?.1
DeP7Nvrt	World Championship 31th-KK1	Moscow	1984.10.05	9
nqM8uB1g	World Championship 31th-KK1	Moscow	1984.09.28	7
dObo3pCO	Sarajevo Bosnia 39th	Sarajevo	2009.05.14	6
XyOyGGhV	Norway Chess	Stavanger	2013.05.18	9
VDsnz4NS	Skilling Open Prelim	chess24.com INT	2020.11.24	11.5
XdGQhbbW	45th Olympiad 2024	Budapest HUN	2024.09.22	11.8
FaClGMxh	RUS-chT 16th	Dagomys	2009.04.09	6
CiBFq6zG	Barbera del Valles op 33th	Barbera del Valles	2010.07.12	9
wjm3tmgd	Biel Interzonal	Biel	1976.07.31	15
6JTq001o	Chennai GM 2024	Chennai IND	2024.11.09	5.4
5tU51VIF	EU-Cup 23rd	Kemer	2007.10.08	6.1
WTUwzeuo	Skilling Open Prelim	chess24.com INT	2020.11.22	1.4
9f5FwWKa	7th Prague Masters 2025	Prague CZE	2025.03.04	6.4
tdGqblxS	Julius Baer GenCup Prelim	chess24.com INT	2022.09.21	14.7
2dj0YD8l	World Cup	Brussels	1988.??.??	?
9h8nEGGr	Interpolis	Tilburg	1983.10.21	8
el3txfCg	Biel	Biel	1986.07.27	7
7j8B82Z3	Charity Cup KO 2022	chess24.com INT	2022.03.25	3.12
Xh5UjIfb	84th Tata Steel Masters	Wijk aan Zee NED	2022.01.15	1.1
nskEaxJT	FIDE World Cup 2017	Tbilisi GEO	2017.09.10	3.2
WJe58nuo	Wch Blitz 5th	Moscow	2009.11.18	30
SfRxaLxl	World Rapid 2016	Doha QAT	2016.12.26	2.2
A5q6mH1x	Pamplona 18th	Pamplona	2008.12.22	1
PCy8JMNx	TCh-RUS Premier 2019	Sochi RUS	2019.05.02	2.4
V7baWrZ7	Chessable Masters Final	chess24.com INT	2020.07.03	3.13
dyFbMrV4	NIC Classic Prelim 2021	chess24.com INT	2021.04.26	15.4
b5S7DV9V	chess.com Speed 1m+1spm 2017	chess.com INT	2017.05.25	1.17
HkCSbvew	Dortmund SuperGM	Dortmund	2007.06.24	2
pLU5y3IV	42nd Olympiad 2016	Baku AZE	2016.09.10	8.4
Tmc5QtvU	Dos Hermanas	Dos Hermanas	1995.??.??	9
gYEP90FZ	World Championship 31th-KK1	Moscow	1984.12.17	33
1BShyeww	Moscow Tal Memorial 5th	Moscow	2010.11.10	5
RkxHy6mL	Novgorod	Novgorod	1994.??.??	2
SfnlHLRR	Amber-rapid 14th	Monte Carlo	2005.03.29	9
wOLvR2DJ	Beijing Sportaccord rap	Beijing	2012.12.14	1
ZJuWKI29	Bundesliga 9697	Germany	1997.??.??	?.2
PWlDKxnP	Los Llanos de Aridane 5th	Los Llanos de Aridane	2008.03.16	3
YFQ3jD37	EU-chT (Men) 06th	Moscow	1977.04.??	2.6
SnRBBfod	Ismailia Misr 2nd	Ismailia	2004.08.18	3
zGBBwk2h	GCT Blitz YourNextMove	Leuven BEL	2016.06.20	11.5
hOchcStp	Saint Louis Rapid 2017	Saint Louis USA	2017.08.14	2.1
E4YUyFAu	Wch Blitz 5th	Moscow	2009.11.18	40
yYCztSij	Opera Euro Rapid Prelim	chess24.com INT	2021.02.08	12.5
e5RUo8yE	Airthings Masters KO 2020	chess24.com INT	2021.01.01	2.21
TuE6O3UF	Airthings Masters KO 2020	chess24.com INT	2021.01.01	2.23
EoOcUCUI	Moscow Tal Memorial 4th	Moscow	2009.11.07	3
9iPlTfvQ	3rd Sinquefield Cup 2015	Saint Louis USA	2015.08.25	3.5
YgcImxH4	Linares 26th	Linares	2009.02.22	4
a8klEgXZ	EU-chT (Men) 16th	Heraklio	2007.11.04	7.1
o1KMDCzY	Chennai GM 2024	Chennai IND	2024.11.11	7.3
Kpp4BUOj	Budapest Spring Open 2018	Budapest HUN	2018.04.25	8.14
Jr7qtFT5	Cannes	Cannes	1999.??.??	3
dAGpAMwp	ch-PHI 2015	Manila PHI	2015.10.25	2.3
VpWi0ec3	CZE-chT 9899	Czechia	1998.??.??	3
hAs4OeAb	Aimchess US Rapid Prelim	chess24.com INT	2021.08.29	7.5
DjdXlB6w	TCh-FRA Top 16 Haute 2022	Chartres FRA	2022.06.18	3.3
pAL7T7Zi	Chess.com RCC Wk23 Swiss	chess.com INT	2022.07.30	5
Pdm5859U	Azmaiparashvili-Belov m	playchess.com INT	2007.02.05	?
tiTqGq2M	WCh 2014	Sochi RUS	2014.11.08	1
pott3lUO	Vugar Gashimov Mem 2015	Shamkir AZE	2015.04.20	4.5
4sXxFmkF	Croatia GCT 2019	Zagreb CRO	2019.06.30	5.1
aVSvRigO	Nations Cup Online Prelim	Chess.com INT	2020.05.08	7.1
CI05ELlE	chess.com Junior Speed	chess.com INT	2019.08.10	4.14
JNbakU2W	Zurich Chess Challenge 2014	Zurich SUI	2014.01.30	1.3
lCsrXBWT	Nanjing Pearl Spring 2nd	Nanjing	2009.10.04	6
QzEBRv1J	Beijing Sportaccord blindfold	Beijing	2012.12.19	6
Upk3GJ5c	Gashimov Mem TB 2016	Shamkir AZE	2016.06.04	1
TVR1bMXb	Biel GM 45th	Biel	2012.07.28	6
9QMiPm4O	6th London Classic 2014	London ENG	2014.12.13	4.2
FrpQ7fOy	Vugar Gashimov Mem 2016	Shamkir AZE	2016.05.27	2.3
LAi7KuxA	Chess Classics Giants	Frankfurt	1998.06.17	1
BkVYMJEb	Vugar Gashimov Mem 2015	Shamkir AZE	2015.04.17	1.4
FlG4NkxH	Airthings Masters Prelim	chess24.com INT	2020.12.27	8.6
7AdZIf0v	SuperUnited Rapid 2022	Zagreb CRO	2022.07.21	5.2
tB7i5MNe	6th Norway Chess 2018	Stavanger NOR	2018.05.28	1.2
GoXLtSCE	82nd Tata Steel GpA	Wijk aan Zee NED	2020.01.11	1.4
EFKCuNGW	Rio Hondo	Rio Hondo	1987.??.??	3
JnvzmHmg	American Continental 3rd	Buenos Aires	2005.08.08	3
BErFNCsx	Karvina op	Karvina	1989.??.??	10
mkiIKM7D	FRA Cup	France	1990.??.??	2
AsJHFTop	chess.com QF Blitz 5m+2spm 2016	chess.com INT	2016.05.10	7
ogt3lBDk	World Blitz 2018	St Petersburg RUS	2018.12.30	19.4
0fUB6cQX	ESP-chT CECLUB Honor	Leon	2012.11.07	3.3
4Qi67G7I	FIDE World Cup	Khanty-Mansiysk	2011.08.30	1.5
RQsGazrr	Beijing FIDE GP	Beijing	2013.07.11	7
ZR6p0N1Y	Biel Breisacher Memorial	Biel	2013.07.24	3
oCGLyHPw	Foros Aerosvit 3rd	Foros	2008.06.17	9
ZjmspV64	Legends of Chess Prelim	chess24.com INT	2020.07.26	6.1
zHK3aKyy	Lindores Abbey Prelim	chess24.com INT	2020.05.20	8
eUM2m6XD	Carlsen Inv Prelim	chess24.com INT	2020.04.26	5.3
m4qteZIS	Morelia/Linares 25th	Morelia/Linares	2008.03.03	11
KDcPSTDO	American Cup Champ	Saint Louis USA	2024.03.14	2.1
iY87vd1y	Moscow Tal Memorial 4th	Moscow	2009.11.06	2
mC8X5Dra	RUS-CHN Summit 8th	St Petersburg	2012.07.05	4
A32u5eFs	St.Petersburg Rapid 2017	St Petersburg RUS	2017.08.26	4.2
AiVaaD99	Rochade-20/TT	ICCF	2009.11.01	?.1
5RjlNpIA	ARG/cup04/sf  17 (ARG)	ICCF	2022.11.30	?
HbGMI9Xm	FIDE World Cup	Khanty-Mansiysk	2011.09.18	7.3
geIvId33	Corus	Wijk aan Zee	2009.01.31	12
9i6UIl7v	Beijing FIDE GP	Beijing	2013.07.10	6
tCV97pYe	Novgorod	Novgorod	1994.??.??	2
Z5vGSjop	6th Norway Blitz 2018	Stavanger NOR	2018.05.27	2.1
VWXWRyTB	Tal Memorial 8th	Moscow	2013.06.23	9
VCl6Bwia	World Rapid 2023	Samarkand UZB	2023.12.28	13.6
78H8Jkts	11th World Teams 2017	Khanty-Mansiysk RUS	2017.06.18	2.2
fg2OQqb7	RUS-chT 13th	Sochi	2006.04.30	11
8C3zAnrE	7th Grand Slam Masters	Bilbao ESP	2014.09.15	2.2
nenZFtZn	GCT Blitz YourNextMove	Leuven BEL	2018.06.15	3.4
RuDZOrMU	Paris Immopar rapid	Paris	1991.??.??	3
FNw9OKDM	FIDE World Blitz 2014	Dubai UAE	2014.06.20	20.7
Bs6aJH21	Wch Blitz 3rd	Moscow	2007.11.21	6
R1asnWDl	52nd Biel GM Blitz 2019	Biel SUI	2019.07.27	9.4
iIBSwqLL	chess.com QF Blitz 1m+1spm 2016	chess.com INT	2016.05.04	24
iYtF8trC	Magnus Carlsen Inv Prelim	chess24.com INT	2021.03.14	9.7
auLJeOd2	FIDE World Blitz 2014	Dubai UAE	2014.06.19	9.9
5ZaiboaU	GRENKE Chess Classic 2018	Karlsruhe/Baden Baden GER	2018.03.31	1.1
MeyXsFKE	6th Norway Chess 2018	Stavanger NOR	2018.05.29	2.3
fUcTR0fk	Paris FIDE GP	Elancourt	2013.09.25	4
RX7gmxPB	Clutch Chess: Champions	Saint Louis USA	2025.10.27	2.1
B83JHNXv	SpeedChess Final 2024	Paris FRA	2024.09.06	1.1
hOCEaUHi	Amber-blindfold 13th	Monte Carlo	2004.03.28	8
a8t5maMO	EU-Cup 24th	Kallithea	2008.10.21	5
EQoJYTnZ	FIDE World Rapid 2014	Dubai UAE	2014.06.16	5.4
gZQ0zhOg	FIDE World Blitz 2014	Dubai UAE	2014.06.20	14.1
kFoTLcHH	FIDE Candidates	London	2013.03.17	3
GOS3i92V	Amber-blindfold 20th	Monte Carlo	2011.03.19	7
2sY9mm7h	Zug FIDE GP	Zug	2013.04.26	8
t49CQtZq	FIDE Candidates	London	2013.03.25	9
qD36ycVL	Linares 08th	Linares	1990.??.??	10
hX5xTItC	Biel GM 45th	Biel	2012.07.26	4
f3ORgslE	15th LCC Super Rapid 2025	London ENG	2025.12.07	6.3
vpoZ4Nyv	Amber-blindfold 02nd	Monte Carlo	1993.04.01	6
uCCTc5S3	RUS Cup final	Magnitogorsk	2011.11.16	2.2
qJpniVkp	Yerevan	Yerevan	1996.??.??	4
in8QFm0V	Moscow Tal Memorial 6th	Moscow	2011.11.24	8
aroiNcWl	Bazna Kings 4th	Medias	2010.06.20	6
CNrFnJBf	3rd Sinquefield Cup 2015	Saint Louis USA	2015.08.26	4.4
0ANPZvY5	10th World Teams 2015	Tsaghkadzor ARM	2015.04.22	4.4
baPWY8nU	Tata Steel-A 73rd	Wijk aan Zee	2011.01.26	10
zGEMHGt2	30th ECC Open 2014	Bilbao ESP	2014.09.18	5.1
Cu8bvZ27	Chess.com RCC Losers	chess.com INT	2022.08.19	1.2
YxHyXbcv	Elista ol (Men)	Elista	1998.10.11	12
jBHhFcgC	16th ch-EUR Indiv 2015	Jerusalem ISR	2015.03.05	9.2
uEvNB8xH	Amber-blindfold 08th	Monte Carlo	1999.03.17	2
uk0guPQQ	World Teams 2013	Antalya TUR	2013.12.05	9.2
LIWS5wh3	Bucharest Kings playoff 6th	Bucharest	2012.11.13	2
G9MSm5KP	Bazna Kings 5th	Medias	2011.06.11	1
vWjLsH1Y	Madrid rapid	Madrid	1988.??.??	5
AO9CCf4Z	European Rapid 2015	Minsk BLR	2015.12.20	10.1
nKN4Bf8Q	FRA-chT	France	1998.02.06	1
LVKQY7Sk	ch-USA 2014	Saint Louis USA	2014.05.10	3.4
otiiva46	Moscow Tal Memorial 7th	Moscow	2012.06.08	1
n3Hz6R5K	Magnus Carlsen Inv KO	chess24.com INT	2021.03.16	1.11
6QozUDBC	GCT Blitz YourNextMove	Leuven BEL	2018.06.16	15.5
3yERocy7	World Rapid 2016	Doha QAT	2016.12.26	5.31
lqE29gCM	RUS-chT	Sochi	2007.05.08	7
IfhUO9o6	CCO17/S2	ICCF	2006.01.10	?.2
b7kbzynm	Senta op-A 10th	Senta	2006.07.26	7
pNzXuY9E	Clutch-ch June	Lichess.org INT	2020.06.07	1.2
jbaXiWKO	World Rapid 2021	Warsaw POL	2021.12.28	11.22
C11kFXAD	Sunway Sitges Open 2019	Sitges ESP	2019.12.18	6.15
i6zL0o6b	121st US Open 2021	Cherry Hill USA	2021.08.07	8.4
4fvF2EUc	St Louis Spring Classic A	Saint Louis USA	2017.05.17	2.1
e0yguOoO	SPICE Cup Open 2018	Saint Louis USA	2018.10.28	9.2
pva0ZiYT	51st ch-IND Premier 2013	Jalgaon IND	2013.12.17	1.4
7H4WIiDU	2nd Gurgaon Open 2014	Gurgaon IND	2014.01.05	7.1
KRfA2kq8	Botvinnik Memorial m 30'	Moscow	2001.12.07	2
IYy6Ikld	80th Tata Steel GpA	Wijk aan Zee NED	2018.01.26	11.1
F6AbJUyT	Croatia GCT 2019	Zagreb CRO	2019.07.06	10.1
n0Ps9uIg	Moscow Tal Memorial 7th	Moscow	2012.06.09	2
3JpYawq1	Clutch-ch June	Lichess.org INT	2020.06.09	1.7
chcbdyea	Tashkent FIDE GP 2014	Tashkent UZB	2014.10.28	7.3
KiUfuB77	NIC Classic KO 2021	chess24.com INT	2021.05.02	3.21
Z0ssfumk	Kosmos m 5'	Moscow	1998.11.27	4
MgdaatFi	Superbet Classic 2022	Bucharest ROU	2022.05.11	6.5
NYDq40yB	Bundesliga 9900	Germany	2000.03.13	13.2
oT62bd3O	NED-chT 0708	Netherlands	2008.05.17	9.1
sWbRgrJg	Voronezh op 3rd	Voronezh	1999.06.14	3
RTDxk7I5	Stuttgart op 6th	Ditzingen	2001.05.26	5
xvQ35IVc	77th Tata Steel GpA	Wijk aan Zee NED	2015.01.17	7.7
a8beaGar	EU-Cup 25th	Ohrid	2009.10.06	3.2
T9fLdCUG	Candidates sf2	Linares	1992.??.??	3
CZo6dh7i	Donner Memorial-A	Amsterdam	1994.??.??	7
yTqlbLCv	Gibraltar Masters 2014	Caleta ENG	2014.02.03	7.16
TR2Leedd	IMSA Rapid 2016	Huai'an CHN	2016.02.27	5.6
g0DxkpGG	25th TCh-CRO Div 1a 2016	Sibenik CRO	2016.10.08	1.4
rwObVOom	Stepan Avagyan Mem 2024	Jermuk ARM	2024.06.14	5.3
EWW6AnCw	CHN-RUS Summit Men 6th	Sochi	2009.08.15	1
fefiuhQu	Corus	Wijk aan Zee	2001.01.20	6
ht3sZMwX	Morelia/Linares 23rd	Morelia/Linares	2006.02.20	3
Kp0cLIp8	Nanjing Pearl Spring 3rd	Nanjing	2010.10.29	9
OB9Ok9kN	Tata Steel-A 73rd	Wijk aan Zee	2011.01.28	11
PGzUyx5i	GCT Blitz Paris 2017	Paris FRA	2017.06.25	10.4
2fbzIEDG	FIDE Candidates 2018	Berlin GER	2018.03.10	1.4
MycS4qoC	PRO League KO Stage	Chess.com INT	2020.09.27	4.3
uZz2BXsV	9th London Classic 2017	London ENG	2017.12.04	3.3
UP2kjonF	Botvinnik Memorial m 5'	Moscow	2001.12.09	8
7DF82EeZ	4th Sinquefield Cup 2016	Saint Louis USA	2016.08.08	4.1
gAEYgaOM	4th Sinquefield Cup 2016	Saint Louis USA	2016.08.11	6.4
VNZR5g0s	GCT Rapid Paris 2019	Paris FRA	2019.07.29	8.5
EssbVER9	Beijing Sportaccord blitz	Beijing	2012.12.16	3
bEuPkmNv	Wch Blitz 5th	Moscow	2009.11.16	6
a6rj0fuL	FTX Crypto Cup KO 2021	chess24.com INT	2021.05.26	1.14
te8qS0gs	FIDE World Cup	Tromso	2013.08.18	3.2
2ugU3p0M	Carlsen-Ding Showdown G5	Saint Louis USA	2017.11.14	8
Ttltretr	St Stefan/Belgrade m	Belgrade	1992.??.??	16
SrtNT3RF	St Stefan/Belgrade m	Belgrade	1992.??.??	26
qfs1cFJD	FIDE Grand Swiss 2021	Riga LAT	2021.10.31	5.35
bABjem3j	Alekhine Memorial	Moscow	1971.11.28	4
e9OlA4ha	11th Tal Mem Blitz 2018	Moscow RUS	2018.03.05	9.3
hptr5Y8t	FIDE World Cup 2017	Tbilisi GEO	2017.09.21	6.6
y7snSUrH	CCT Final Playoff 2023	Toronto CAN	2023.12.09	1.2
u5A3k7ZK	chess.com Speed 2019	chess.com INT	2019.10.02	1.22
hOrznatU	GRENKE Chess Classic 2024	Karlsruhe GER	2024.03.28	5.2
i5wMi6PI	AUT-chT 9697	Austria	1996.??.??	1
1xeJ6XGg	Dos Hermanas Blitz Final	ICC INT	2010.03.19	1.4
MC4qHt8y	Athens Kallidromio	Athens	1996.??.??	3
Dd7lWQvj	Cappelle op 10th	Cappelle la Grande	1994.??.??	8
NxF6gICB	Porto San Giorgio op 15th	Porto San Giorgo	2003.08.29	9
dcWsZ7rb	Pardubice op rap 23rd	Pardubice	2012.07.18	3
ryrIbbTl	World Blitz Women 2014	Khanty-Mansiysk RUS	2014.04.28	26.1
08zRzHPU	Graested	Graested	1990.??.??	9
OODo2rbM	Alushta Autumn 3rd	Alushta	2004.09.13	6
dKbjIMV3	FIDE World Blitz 2013	Khanty-Mansiysk	2013.06.10	29
a0oUekJm	Chess.com Rapid Wk8 Swiss	chess.com INT	2022.04.02	4
Qmk4mwgt	chess.com Speed 5m+2spm 2017	chess.com INT	2017.11.18	2.9
iyaJXTSY	FIDE World Cup 2017	Tbilisi GEO	2017.09.11	3.8
nO8AWL0M	Wch Blitz	Astana	2012.07.10	30
3s1qHipt	Linares 17th	Linares	2000.03.10	10
LZDBp1lY	Chess.com Rapid Wk8 Swiss	chess.com INT	2022.04.02	2
PgKDo3Oi	Mainz Ordix op	Mainz	2005.08.14	8
Cam1X5ue	WchT 8th	Ningbo	2011.07.24	7
3pa6Ywbr	World Cup	Khanty-Mansiysk	2009.11.28	3.2
EZH1Sq40	Eastern Class-ch 8th	Woburn	1999.??.??	5
SPXs6wEg	Tilburg	Tilburg	1994.??.??	3
eH8Wcdyz	Ho Chi Minh City HD Bank op 3rd	Ho Chi Minh City	2013.03.21	4
ZbQWNJqC	Bajada de la Virgen op 3rd	Santa Cruz de la Palma	2005.06.17	7
pczgL30m	AUT-chT2W 9798	Austria	1997.??.??	3
fmXVk2Td	World Rapid 2021	Warsaw POL	2021.12.28	11.11
acSgq85i	Donner Memorial	Amsterdam	1996.08.18	2
dGUqty4A	Karpov Trophy Final 2019	Cap d'Agde FRA	2019.10.31	1.4
zaxVsAb1	Garmisch Partenkirchen	Garmisch Partenkirchen	1994.??.??	15
61YbYHKL	St Petersburg-ch	St Petersburg	1998.04.14	7
10h5Brh1	YUG-chT	Vrnjacka Banja	1996.??.??	?
zFxvQqpU	YUG-chT	Vrnjacka Banja	1996.??.??	?
SAMGNvpQ	Belgrade-A	Belgrade	1991.??.??	5
D2kPf5zL	Beijing Sportaccord blitz	Beijing	2012.12.16	7
xqv2yKJW	Corsica Masters rap 09th	Bastia	2005.11.05	4.2
z0PiMK3W	Tata Steel-A 82nd	Wijk aan Zee	2020.01.26	13
NycruqCj	FIDE GP+	Dubai	2002.04.07	4.3
bx1nZBq5	ch-RUS Blitz 2016	Sochi RUS	2016.10.04	4.5
SZPCCqMD	Roquebrune rapid	Roquebrune	1992.??.??	4
IHm7X8Ql	Golden Sands Europe op 2nd	Golden Sands	2013.06.16	7
17rHVCKd	Chicago op 20th	Wheeling	2011.05.30	8
oUWF3Ke8	Chess Classics Giants	Frankfurt	1998.06.18	6
IvSV2arc	PNWCC Super SOS	Chess.com INT	2020.07.17	6
RZ1NfU2u	Dortmund	Dortmund	1998.07.04	8
hXt8pqgo	Mainz Ordix op 16th	Mainz	2009.08.02	9
9V0dmMUa	SportAccord Blitz Men 2013	Beijing CHN	2013.12.14	1.1
jqrGVxil	Amber-blindfold 06th	Monte Carlo	1997.??.??	4
AZaDVqo1	Hastings Masters	Hastings	1995.??.??	6
TeUCeoiG	San Bernardino op	San Bernardino	1989.??.??	7
AOgO7iig	BL2-Nord 9394	Germany	1993.??.??	?.3
YzlqrFIh	Imperia op	Imperia	1996.??.??	3
RaY5ueBs	Wch Blitz 3rd	Moscow	2007.11.22	29
ld82HzQi	Cap d'Agde CCAS Trophee KO	Cap d'Agde	2008.10.30	1.3
pJXMBosI	Amber-blindfold 04th	Monte Carlo	1995.??.??	4
YFIIm8Mk	TUR-chT	Konya	2012.07.21	12
XymKJ5Yv	WR Chess Masters 2023	Dusseldorf GER	2023.02.16	1.1
HjAFQKCf	Superbet ROM Classic 2025	Bucharest ROU	2025.05.15	8.5
m0XhJNBd	Chess.com RCC Winners	chess.com INT	2022.08.18	2.2
FVpuB9eq	Chess.com RCC Wk22 Swiss	chess.com INT	2022.07.23	9
dEDIA7zN	Tata Steel-A 74th	Wijk aan Zee	2012.01.28	12
tx6McNeH	Wch Blitz	Astana	2012.07.10	24
Uaocz8GY	Munich Intel Express blitz '5	Munich	1994.??.??	?
i10z434l	Moscow PCA-GP Kremlin Stars	Moscow	1996.04.28	1.2
Fib5EOzu	Wch Blitz 5th	Moscow	2009.11.18	39
RH9CGZDq	Internet m	Internet	1995.??.??	2
MaCdK64b	Odessa Pivdenny Bank 4th	Odessa	2008.05.30	4
eqpHtiEO	Tilburg	Tilburg	1994.??.??	5
EhMZ5Vvw	World Rapid 2021	Warsaw POL	2021.12.28	12.4
kMVozEUd	Legends of Chess Prelim	chess24.com INT	2020.07.27	7.2
DRvJJVSk	PRO League KO Stage	Chess.com INT	2020.09.27	4.4
o4WKSo0C	Moscow Tal Memorial Blitz	Moscow	2008.08.30	30
8qhzV0ah	Giri-Van Foreest m	chess24.com INT	2020.04.13	4
PETIwpZO	GCT Blitz YourNextMove	Leuven BEL	2017.07.02	12.3
6OozFPxg	GCT Rapid YourNextMove	Leuven BEL	2017.06.30	8.3
5qd02sRq	Carlsen Inv Prelim	chess24.com INT	2020.04.30	7.4
IQNXHeYK	Chessable Masters Final	chess24.com INT	2020.06.30	2.16
IfUbjn7n	Chessable Masters Final	chess24.com INT	2020.07.01	2.23
GbqGokGs	Legends of Chess Prelim	chess24.com INT	2020.07.28	8.5
aVAm3i83	Saint Louis Rapid	Lichess.org INT	2020.09.15	2
ujG1nlBw	GCT Rapid YourNextMove	Leuven BEL	2016.06.17	2.3
Qyfbz5QZ	FTX Crypto Cup 2022	Miami USA	2022.08.20	6.5
0KXlZPsf	PRO League Group Stage	chess.com INT	2019.02.20	7
X7p4G6K8	Meltwater Tour Final 2021	chess24.com INT	2021.10.01	6.1
N4j7xnUv	Magnus Carlsen Inv KO	chess24.com INT	2021.03.21	3.23
vHY8jVdb	Carlsen Tour Final	chess24.com INT	2020.08.16	2.36
LeaLzLfg	Xinqiao Cup Men 2019	Wenzhou CHN	2019.07.15	1
yppPxAns	Moscow Tal Memorial Blitz	Moscow	2008.08.29	2
tyjT0SwK	FIDE World Cup 2017	Tbilisi GEO	2017.09.13	4.2
OxHYod0a	Gibraltar Masters 2018	Caleta ENG	2018.01.29	7.4
OKoS82il	6th Zurich Opening Blitz	Zurich SUI	2017.04.12	6.3
pUdyMXv1	chess.com IoM Masters	Douglas ENG	2018.10.26	7.9
OIzyNanr	Chess.com RCC Wk25 Swiss	chess.com INT	2022.08.13	7
QG9tJX6U	7th Norway Armageddon	Stavanger NOR	2019.06.04	1.1
mA8iAEkn	Oslo Esports Cup 2022	Oslo NOR	2022.04.28	7.2
1tojVo2x	SuperUnited CRO Rapid 2025	Zagreb CRO	2025.07.03	6.3
X47rqjFT	79th Tata Steel GpA	Wijk aan Zee NED	2017.01.19	5.1
ALIVHfzh	86th Tata Steel Masters	Wijk aan Zee NED	2024.01.15	3.7
mlwsQMoL	Chessable Masters Prelim	chess24.com INT	2022.05.20	7.4
fK9otbqZ	FTX Crypto Cup 2022	Miami USA	2022.08.18	4.4
Ey6wpZ8S	FTX Crypto Cup 2022	Miami USA	2022.08.18	4.2
hPdDIe9q	WCh Rapid TB 2018	London ENG	2018.11.28	1
2P4HBpgO	Clutch-ch June	Lichess.org INT	2020.06.12	2.8
Mu7FosJF	2nd Norway Chess 2014	Stavanger NOR	2014.06.12	8.4
bWlvPXF5	chess.com SF Blitz 1m+1spm 2016	chess.com INT	2016.08.23	21
272ZRQbR	3rd Norway Chess 2015	Stavanger NOR	2015.06.25	9.4
U10TeEtJ	Tata Steel India Rapid	Kolkata IND	2018.11.11	7.5
sY1S1WKJ	Wch Blitz	Astana	2012.07.09	1
mQEPAdFN	43rd Olympiad 2018	Batumi GEO	2018.10.02	8.2
7QiMrrh7	5th Sinquefield Cup 2017	Saint Louis USA	2017.08.10	8.3
RbIMpO8u	TechM GCL 2024	London ENG	2024.10.10	9.2
H3kWf8rs	Cote d'Ivoire Blitz 2019	Abidjan CIV	2019.05.11	6.4
batBblAc	Chessable Masters Final	chess24.com INT	2020.07.04	3.23
Tng4Dx0I	Tata Steel India Blitz	Kolkata IND	2019.11.25	7.4
UxlGCDqo	Goldmoney Asian Rapid KO	chess24.com INT	2021.06.29	1.13
iYNpzuk1	Tata Steel India Rapid	Kolkata IND	2019.11.23	4.3
KaSauYIX	Goldmoney Asian Rapid KO	chess24.com INT	2021.06.29	1.11
W6wxdfgl	Saint Louis Blitz 2018	Saint Louis USA	2018.08.14	8.1
Nf0K6c8c	5th Norway Blitz 2017	Stavanger NOR	2017.06.05	9.3
I48z7w2l	Saint Louis Blitz 2018	Saint Louis USA	2018.08.14	2.1
6diAacqV	43rd Olympiad 2018	Batumi GEO	2018.10.05	11.1
Z2cJHuso	Lindores Abbey Prelim	chess24.com INT	2020.05.20	7
p2H7eHVc	Carlsen-Ding Showdown G20	Saint Louis USA	2017.11.12	4
G722fIEA	Moscow Tal Memorial 7th	Moscow	2012.06.17	8
xitTmLZe	London Classic 2nd	London	2010.12.09	2
IaFqH6uz	Hoogovens	Wijk aan Zee	1999.01.23	6
Nj7P4hcS	Amber-blindfold 06th	Monte Carlo	1997.??.??	1
cY6N7YFT	Moscow Aeroflot op-A 9th	Moscow	2010.02.17	9
Dsw62g0G	Bundesliga 9899	Germany	1999.04.18	15.2
oW6iExyb	Madrid	Madrid	1994.??.??	1
o1awU5pn	Hoogovens	Wijk aan Zee	1994.01.??	4
jCCIz3U9	2nd Norway Chess 2014	Stavanger NOR	2014.06.03	1.3
JZUXQRuJ	Amber-rapid 20th	Monte Carlo	2011.03.20	8
WiAuaOio	Wch Blitz	Astana	2012.07.09	12
SCBsZBtt	Norway Chess	Stavanger	2013.05.14	6
KFmTpGMe	GCT Blitz YourNextMove	Leuven BEL	2017.07.01	4.3
cararhvq	Meltwater Tour Final 2021	chess24.com INT	2021.10.01	6.2
aCoucyL7	5th Norway Chess 2017	Stavanger NOR	2017.06.12	6.4
0fJhaD1i	Skilling Open KO 2020	chess24.com INT	2020.11.26	1.31
KBGo92jG	7th London Classic 2015	London ENG	2015.12.08	5.4
4YQ66hab	7th London Classic TB	London ENG	2015.12.13	2.2
STPHYKBb	2nd Norway Blitz 2014	Flor & Fjaere NOR	2014.06.02	1.4
mpdil2Mf	Champions Showdown G10	Saint Louis USA	2017.11.11	7.2
grrh3aPD	GCT Blitz Paris 2018	Paris FRA	2018.06.24	14.2
FQGN5Yv1	Zurich Korchnoi CC 2017	Zurich SUI	2017.04.14	3.1
DTY4uS3j	Saint Louis Blitz 2017	Saint Louis USA	2017.08.17	9.3
ikD12mFM	Superbet Blitz 2019	Bucharest ROU	2019.11.10	12.3
IobCDAMm	Global Chess League 2023	Dubai UAE	2023.06.24	4.2
hgAzYPCX	50th Capablanca Mem Elite	Havana CUB	2015.06.18	4.3
JHtDoap5	Wch Blitz 5th	Moscow	2010.11.18	35
otfCflgT	Chigorin Memorial 18th	St Petersburg	2010.11.05	9
OPTW9s3w	Tikhookeansky Meridian 2014	Vladivostok RUS	2014.07.20	9.4
zq90of67	ch-RUS Rapid 2015	St Petersburg RUS	2015.05.13	1.6
YAo3cWpb	ENG-FRA 2022	ICCF	2022.02.10	?.1
q8jinHIZ	TCh-NOR Elite 2015-16	Norway NOR	2015.10.31	2.3
vsgfieZf	Budapest FS12 GM	Budapest	2003.12.08	3
YxNtELQi	Saint Affrique op 07th	Saint Affrique	1999.??.??	6
JuZrtfWo	Timisoara Cup-A	Timisoara	2005.08.01	1
6lRdTTkc	Clutch-ch June	Lichess.org INT	2020.06.09	1.8
RpQQkU8E	FIDE Candidates 2014	Khanty-Mansiysk RUS	2014.03.25	10.4
lDQVsYp6	FIDE World Blitz 2014	Dubai UAE	2014.06.20	19.3
XdOK1IfM	Wch Blitz 5th	Moscow	2009.11.18	33
nvwYNtxG	2nd Hua Yi Cup CHN Rapid	Shaoxing CHN	2023.05.31	4.4
LzwbTcaY	10th Edmonton GM 2015	Edmonton CAN	2015.06.23	4.1
exNxeLTr	Vladimir Petrov Memorial op	Jurmala	2012.02.16	2
OgayBrT4	Vladimir Petrov Memorial op	Jurmala	2013.02.15	3
mtlOYjHO	Chess24 Banter Blitz Cup	chess24.com INT	2019.10.05	1.6
r3J5DgOT	Chess24 Banter Blitz Cup	chess24.com INT	2019.10.05	1.4
hME0wCzu	3rd Server24 Open	Ortisei ITA	2016.06.04	1.3
7FMqeIB8	Lorenzo Racero Mem 2016	Mina Clavero ARG	2016.05.15	9.1
QIHx8Kdv	39th ECC Open 2024	Vrnjacka Banja SRB	2024.10.20	1.9
KZOUigFP	BL2-Ost 9798	Germany	1997.??.??	1.2
y5GPzY3s	77th Tata Steel GpA	Wijk aan Zee NED	2015.01.15	5.2
s4fIBlwE	Baku FIDE Grand Prix 2014	Baku AZE	2014.10.07	5.4
HelbIGs3	Moscow Tal Memorial 7th Blitz	Moscow	2012.06.07	8
caZB5cw1	Sinquefield Cup	Saint Louis	2013.09.14	5
qbVzTwDY	World Cup ACP	Riga	2013.09.14	2.2
Nl4xNzUk	Beijing Sportaccord blindfold	Beijing	2012.12.19	6
WOZvJ1TU	SportAccord Blitz Men 2013	Beijing CHN	2013.12.14	9.5
glWJVyFR	Amsterdam Euwe Memorial	Amsterdam	1991.??.??	2
SIYF8LbG	WchT 7th	Bursa	2010.01.07	3.1
KB9Dm1Lf	GCT Blitz YourNextMove	Leuven BEL	2016.06.20	10.2
HeMOMbUo	79th Tata Steel GpA	Wijk aan Zee NED	2017.01.28	12.1
aSdKtFVQ	World Blitz 2015	Berlin GER	2015.10.14	18.1
IaYVLVxb	UKR-ch	Alushta	2009.05.12	2
AgQSR31t	Corfu op	Corfu	1993.??.??	?
gV0pGPjx	BCF-chT2 0708 (4NCL)	Sunningdale	2008.05.04	10
CpV46WwC	BCF-chT2 0203 (4NCL)	West Bromwich	2003.05.05	11.3
XviMMady	FIDE World Blitz 2014	Dubai UAE	2014.06.20	16.18
KVjgakXV	EU-Cup Gr5	Pula	1999.10.08	1
EdViH7bL	FRA-chT	France	1992.??.??	?
kWfb31xG	chess.com Junior Speed	chess.com INT	2019.06.03	1.25
VSa0ylLb	chess.com Junior Speed	chess.com INT	2019.06.03	1.23
Azw66SS3	chess.com Junior Speed	chess.com INT	2019.06.18	1.29
F7fEdb23	SVD Chess Duel 2016	Stockholm SWE	2016.01.05	2
1tmIiSD1	Almaty Open 2016	Almaty KAZ	2016.10.14	9.3
Q4kj2kfK	World Blitz 2016	Doha QAT	2016.12.29	4.13
3NapYYtf	chess.com Speed 1m+1spm 2017	chess.com INT	2017.08.30	1.23
tFCKFxDs	chess.com Speed 1m+1spm 2017	chess.com INT	2017.08.30	1.21
GPLZZaf9	London P&D	London	1984.05.08	11
8GukP6tM	Chess24 Banter Blitz Cup	chess24.com INT	2019.10.14	1.16
JvFW3HmF	Chess24 Banter Blitz Cup	chess24.com INT	2019.10.14	1.18
8hALxzLE	20th Marienbad GMA1 2022	Marianske Lazne CZE	2022.01.18	5.5
k3kreaWJ	Checkmate: USA vs India	Arlington, TX USA	2025.10.04	5.5
FaW068ye	Alma-Ata m2	Alma-Ata	1995.??.??	?
9Xal7Yge	London P&D	London	1984.05.11	13
BXeR1pTF	Chess24 Banter Blitz Cup	chess24.com INT	2019.10.14	1.12
P7rM9tfg	Goodricke op 11th	Kolkata	2000.02.08	3
BLsttOYw	Verona op	Verona	2002.01.??	6
SvFoboa2	World Blitz 2015	Berlin GER	2015.10.14	18.48
G5bludMw	BL2-Ost 0506	Germany	2005.10.23	1.1
Cpoq8JFL	New York op	New York	1990.??.??	8
kxEYl6E5	Coria del Rio op 11th	Coria del Rio	2005.02.14	5
dvEY1Xjp	Bucharest-B	Bucharest	1994.??.??	?
g3MnRPfY	GEO-ch (Women) 59th	Tbilisi	2002.04.20	10
5CmGKMd6	TechM GCL 2024	London ENG	2024.10.05	3.2
Kr5xbgAt	MNT-ch 57th	Cetinje	2005.07.16	9
nIRP5Vxy	Aylesbury	Aylesbury	1995.??.??	1
uPnVqqlJ	Minsk Inautomarket op	Minsk	2007.07.11	2
jFe5T6Kq	EU/C70/final	ICCF	2017.09.15	?
QTOx1ebt	36th Czech Rapid G1 2025	Pardubice CZE	2025.07.24	4.17
LruOooGu	Amber-blindfold 15th	Monte Carlo	2006.03.30	11
7JEnRkiI	3rd Norway Blitz 2015	Stavanger NOR	2015.06.15	6.3
GynmqRUI	Champions Showdown Blitz	Saint Louis USA	2019.02.24	21.5
KSIQj5uA	TCh-RUS Blitz 2015	Sochi RUS	2015.05.10	5.1
LqQIPwM0	World Blitz 2015	Berlin GER	2015.10.14	17.18
09wWRCou	Moscow-ch blitz 59th	Moscow	2005.08.28	?
ojN7uw6U	World Blitz 2015	Berlin GER	2015.10.13	7.6
Rm6KqnAp	39th ECC Open 2024	Vrnjacka Banja SRB	2024.10.24	5.6
ZlUteITC	Grand Prix PlusCity Rapid	Pasching AUT	2025.05.30	6.17
F53XSkCF	56th Groningen Open 2018	Groningen NED	2018.12.23	2.1
WLtXbuhI	Bled op 15th	Bled	1994.??.??	?
CRDMcAIV	5th Vergani Cup Dec 2020	Villorba ITA	2020.12.28	4.7
e9xuEMDE	Bucharest Cup IM	Bucharest	1998.??.??	?
rtyuMVKW	Wroclaw WSB Masters	Wroclaw	2006.05.03	11
8DnCu5Is	SWE-chT2 1011	Sweden	2010.12.04	3
Us8vaxNc	Buenos Aires CA-ch	Buenos Aires	2010.11.30	3
KKP0M2Ph	WSTT/1/25/2	ICCF	2025.01.15	?
tSPq9loq	CCO17/S1	ICCF	2006.01.10	?.3
EP99PSt2	ENG-HKG 2006	ICCF	2006.08.15	?.4
4QUAnzUQ	HUN-chT	Hungary	1992.??.??	?
falRlgV3	Eurasian Blitz Chess Cup	Almaty KAZ	2016.06.19	22.21
gtU2F9tF	69th Moscow Blitz	Moscow RUS	2015.09.06	6.7
O9kaHDRJ	TCh-RUS Blitz 2015	Sochi RUS	2015.05.10	11.12
9whGFkDD	World Blitz 2019	Moscow RUS	2019.12.30	18.51
nUP1N7PU	69th Moscow Blitz	Moscow RUS	2015.09.06	19.10
J05MZLCr	World Blitz 2018	St Petersburg RUS	2018.12.30	19.48
MRqrs6hq	Bundesliga 0001	Germany	2001.01.27	6.3
pJpjQEQT	Moscow Tal Memorial 7th Blitz	Moscow	2012.06.07	9
lkWB8QBh	chess.com Speed 5m+1spm 2018	chess.com INT	2018.09.07	1.6
F1hRqg0m	2nd IMSA Blitz 2017	Huai'an CHN	2017.12.13	14.5
KVs4HSQz	5th Classic GpB 2013	London ENG	2013.12.12	4.1
jCaK3Lkb	GCT Blitz Paris 2016	Paris FRA	2016.06.11	4.5
nsoFTtvi	World Blitz 2016	Doha QAT	2016.12.29	11.2
6Uoxn18T	San Fernando op	San Fernando	1993.??.??	4
gE1uTDlJ	Airthings Masters Prelim	chess24.com INT	2022.02.19	1.1
LTr4iNIE	chess.com QF Blitz 1m+1spm 2016	chess.com INT	2016.04.06	17
1fWVE90P	chess.com QF Blitz 1m+1spm 2016	chess.com INT	2016.04.06	15
cjvdKoVn	chess.com QF Blitz 1m+1spm 2016	chess.com INT	2016.04.06	19
feR82i72	5th Classic KO 2013	London ENG	2013.12.14	1.2
4ovwOGhA	Astrakhan FIDE GP	Astrakhan	2010.05.24	13
hbuXdOzO	AUS-ch	Brisbane	2006.01.08	10
XEG6zLTh	Bucharest Revolution Memorial	Bucharest	2002.12.??	?
hqYb44aF	TCh-ROU Rapid 2023	Sebes ROU	2023.12.02	2.13
F0MqXvMc	44th Barbera Open 2022	Barbera del Valles ESP	2022.07.04	1.8
X2pu21fr	Ceske Budejovice GMA 2025	Ceske Budejovice CZE	2025.07.04	7.3
PF2LXyIl	CTS 2025 B  9 (CUB)	ICCF	2025.03.30	?
Rx85pI1o	ch-NED Internet 2016	PlayChess INT	2016.06.25	4.2
pzOvgRKv	WMSG Blitz 1st	Beijing	2008.10.04	9
jCUQN9Bl	Reykjavik op	Reykjavik	2011.03.12	4.2
Vh38ZotZ	4NCL 2017-18	England ENG	2018.05.05	9.11
PbDZpd5D	Budapest FS04 GM-A	Budapest	2002.04.11	10
heYhqjE3	Dutch Open 2015	Dieren NED	2015.07.30	9.10
bpG4bWqq	European Hybrid Swiss TB	Tornelo INT	2021.05.30	1.6
8j4rwqxG	FIDE World Blitz 2014	Dubai UAE	2014.06.20	17.35
oxUE9R2h	RUS Fed Internet Cup Final 5'	chessassistantclub.com INT	2004.12.28	7
hPhwNtyD	ch-Midwest Collegiate Blitz	Columbia, MO USA	2019.10.03	3.4
oDmvbanf	Mallorca Trophy final	playchess.com INT	2004.02.08	1.3
5YqZm7vj	AUT-ch	Vienna	1999.08.07	1
TdjgLLrF	Buenos Aires Legislatura op 4th	Buenos Aires	2011.12.06	8
HqjR8ARt	World Rapid 2017	Riyadh KSA	2017.12.26	2.8
7bqpqRcT	31st Schwarzacher Open	Schwarzach AUT	2016.08.24	6.1
evz0H4q7	ch-CRO 2016	Porec CRO	2016.01.20	2.3
cP4W5Wy9	AUT-chT 1112	Austria	2012.03.04	7.1
xMaZgHMK	Chessable Masters Winners	chess.com INT	2025.02.19	4.2
k6GgUCb0	Graz op	Graz	1994.??.??	6
QEmL9exy	chess.com Speed 3m+2spm 2017	chess.com INT	2018.01.03	4.15
VfFQHqdc	Moscow Tal Memorial 7th Blitz	Moscow	2012.06.07	3
QadkuZaC	GCT Finals 2025	Sao Paulo BRA	2025.10.03	2.5
T9hk0ebE	chess.com Speed 3m+2spm 2017	chess.com INT	2018.01.03	4.13
K92Zm0N0	chess.com Speed 3m+2spm 2017	chess.com INT	2018.01.03	4.11
6iG1tFqz	chess.com SF Blitz 1m+1spm 2016	chess.com INT	2016.08.24	28
smBenMBD	1st Silk Road Blitz 2016	Hancheng CHN	2016.07.21	1.3
ZryHr8cM	SportAccord Blitz w 2014	Beijing CHN	2014.12.13	8.4
eXkEJfrV	World Blitz 2015	Berlin GER	2015.10.14	16.84
MGVwxq1a	Hastings 8283	Hastings	1982.??.??	?
KIiyvnw6	Las Palmas	Las Palmas	1972.06.02	4
f9i7Pm2F	SWE-chT 0304	Sweden	2004.??.??	9
rndlRpzF	PRO League Group Stage	chess.com INT	2019.02.28	8
QmLkSPfd	IBM	Amsterdam	1975.??.??	15
a5XhGVdf	Meltwater Tour Final 2021	chess24.com INT	2021.10.04	9.3
qAEjwzpO	6th London CC Elite Blitz 2014	London ENG	2014.12.08	2.3
LSnfUjO5	6th Norway Blitz 2018	Stavanger NOR	2018.05.27	7.3
JIBed0hu	FTX Crypto Cup KO 2021	chess24.com INT	2021.05.31	3.21
oWUHx18c	Lloyds Bank op 17th	London	1993.??.??	6
8Qv6owZs	2nd Ivy League Challenge	Toronto CAN	2019.11.10	5.1
n5DbtBqu	BCF-ch	Blackpool	1988.??.??	?
fIPxiWqi	ACP Blitz Prelim3	playchess.com INT	2004.04.14	11
E5lfJG9C	ACP Blitz Prelim3	playchess.com INT	2004.04.14	7
YP5TkAsV	World Blitz 2017	Riyadh KSA	2017.12.29	10.58
MZdpWdf6	Dos Hermanas Internet qual-B 10th	ICC INT	2009.03.13	12
i9I8wDwK	Neu Isenburg op	Neu Isenburg	1992.04.25	6
PXARycsA	Neu Isenburg op	Neu Isenburg	1992.04.26	10
XK4uzqM4	Belgrade (Women)	Belgrade	1994.??.??	2
gHj073ti	Zuerich op-A 15th	Zuerich	1991.??.??	2
f8SiVSCn	Chessable Masters GpA	chess24.com INT	2020.06.20	4
jQkKjTxu	9th Gashimov Mem Rapid	Baku AZE	2023.12.08	3.3
gKJHh0xR	World Cup	Skelleftea	1989.08.??	4
ZIVH0mMQ	FIDE World Rapid 2014	Dubai UAE	2014.06.18	14.8
WQG55CgN	Subotica Interzonal	Subotica	1987.??.??	5
fW65f0gR	FIDE World Rapid Team	Almaty KAZ	2024.08.03	7.14
MkbfGiNk	El Sauzal op 5th	El Sauzal	2004.11.07	9
cCaY7xEn	chess.com Speed 5m+1spm 2018	chess.com INT	2018.09.07	1.7
KOjJNVRn	PRO League Group Stage	chess.com INT	2019.03.13	10
fA0RFdBK	European Online CC Final	Tornelo INT	2021.03.31	6.3
VmwBVb8S	Beijing Sportaccord blitz	Beijing	2012.12.16	3
X5d6V9Iu	Clutch-ch May	Lichess.org INT	2020.05.29	2.12
8Ivva3o1	Norway Masters blitz	Stavanger	2013.05.07	6
laKnYacS	FTX Crypto Cup 2022	Miami USA	2022.08.17	3.1
Zo3BzTwR	5th Norway Blitz 2017	Stavanger NOR	2017.06.05	2.5
bpk0iatt	chess.com Blitz Final 1m+1spm 2016	chess.com INT	2016.10.27	19
CW8PmJIi	4th Norway Blitz 2016	Stavanger NOR	2016.04.18	4.1
54zx3y37	Amber-rapid 11th	Monte Carlo	2002.03.17	2
SsvPi97o	Champions Showdown Blitz	Saint Louis USA	2019.02.23	10.4
igoizkyc	Legends of Chess Final	chess24.com INT	2020.08.04	2.21
nVJB3MvZ	Carlsen Inv Prelim	chess24.com INT	2020.04.28	6.5
Cm03rlgU	World Blitz 2015	Berlin GER	2015.10.13	7.1
LmMi4CT2	GCT Rapid TB Paris 2017	Paris FRA	2017.06.25	1
0V5ZKDi5	Saint Louis Blitz 2018	Saint Louis USA	2018.08.14	6.1
Em9c07at	World Rapid 2015	Berlin GER	2015.10.11	10.1
kB1UOCQy	Moscow Tal Memorial 8th Blitz	Moscow	2013.06.12	4
PHkPA2eh	FTX Crypto Cup 2022	Miami USA	2022.08.15	1.4
7AE5CtxS	GCT Blitz YourNextMove	Leuven BEL	2017.07.01	6.3
nRXKlEBz	Saint Louis Blitz 2018	Saint Louis USA	2018.08.15	16.1
rge0MSxd	GCT Blitz Paris 2018	Paris FRA	2018.06.24	10.2
F6mZn2PO	GCT Rapid Paris 2018	Paris FRA	2018.06.22	8.4
aBt8E68W	chess.com Speed 1m+1spm 2017	chess.com INT	2018.08.07	25
5Xm8EgS4	Gibraltar Masters TB 2018	Caleta ENG	2018.02.01	2.4
wwqZ3nhO	GCT Rapid Paris 2021	Paris FRA	2021.06.18	3.3
OHnqSwTM	Airthings Masters KO 2020	chess24.com INT	2020.12.31	2.12
FoGAjBFK	Skilling Open KO 2020	chess24.com INT	2020.11.25	1.13
lweQ1MU8	Skilling Open KO 2020	chess24.com INT	2020.11.25	1.11
vY9qryYX	FIDE World Cup 2017	Tbilisi GEO	2017.09.21	6.9
CAQ6VqWS	FIDE World Cup 2017	Tbilisi GEO	2017.09.21	6.7
QeKUrKK5	Carlsen-Ding Showdown G5	Saint Louis USA	2017.11.14	5
dq0gohtF	3rd Norway Chess 2015	Stavanger NOR	2015.06.19	4.3
Rjxlwf2h	Tata Steel India Blitz	Kolkata IND	2019.11.25	5.3
yldIiQZJ	GCT Blitz YourNextMove	Leuven BEL	2016.06.20	14.2
emJfmbkC	FTX Crypto Cup Prelim	chess24.com INT	2021.05.25	14.3
GhGc3S7y	Botvinnik Memorial m	Moscow	2001.12.05	4
Nz9TSDfz	Magnus Carlsen Inv KO	chess24.com INT	2021.03.18	2.12
PA0ybU1M	Saint Louis Rapid 2018	Saint Louis USA	2018.08.11	3.1
n10cixPb	AICF World Cup Qualifier	Tornelo INT	2021.05.27	5.5
NNoc5NSp	ARG-chT	Argentina	2000.06.04	6
EeOnHnNo	CRO Cup 17th	Sibenik	2008.05.21	1
5MWw7kTd	Zonal 3.3 2015	Ho Chi Minh City VIE	2015.03.11	5.4
IPCIhrYU	Moscow Tal Memorial Blitz	Moscow	2008.08.30	25
rYTMzWf6	Corus	Wijk aan Zee	2009.01.18	2
j52qCMy2	Hamburg FIDE Grand Prix	Hamburg GER	2019.11.06	1.2
w8Wa9xDZ	Airthings Masters KO 2022	chess24.com INT	2022.02.25	3.14
I40tvUMj	TCh-AUT 2016-17	Austria AUT	2017.03.25	7.2
2jk3LXJS	22nd Abu Dhabi Masters	Abu Dhabi UAE	2015.08.25	3.29
Sfn7mFej	TCh-SVK 2015-16	Slovakia SVK	2016.01.17	6.4
iSxGhYlI	15th BPB Limburg Open	Maastricht NED	2023.05.28	4.9
nZsBfZtq	Teeside	Teeside	1975.??.??	5
g7h86e6i	Teeside	Teeside	1975.??.??	1
ZgkjWBpU	YUG-ch op	Nis	1996.??.??	4
ZdffifVS	CZE-chT 9899	Czechia	1998.??.??	4
wbHRak0L	Hastings 7677	Hastings	1976.??.??	9
Cb8CPYOH	Hoogovens Blitz	Wijk aan Zee	1998.01.19	6
BETmWud1	TechM GCL 3rd-4th 2025	Mumbai IND	2025.12.23	4.3
LvXaYflj	7th Prague Masters 2025	Prague CZE	2025.03.04	6.5
T1TxmRJH	Magnus Carlsen Inv Prelim	chess24.com INT	2021.03.14	8.6
GMDRHeXH	FIDE World Cup 2025	Goa IND	2025.11.04	2.1
mNApvldE	Kozloduy Danube Countries 2nd	Kozloduy	2013.11.02	7
cT38OW6n	RUS/FC/pr3 (RUS)	ICCF	2020.02.01	?
r1JDbzI2	3rd Schilcherland Open	Deutschlandsberg AUT	2019.12.31	5.1
jswhChFz	Sunway Sitges Open 2018	Sitges ESP	2018.12.16	3.18
tpyW7oVn	EU-ch 2nd	Ohrid	2001.06.03	3
M3Ks2EQ1	Santa Fe Bogota 4th	Bogota	1979.??.??	9
rCR5rWCS	Riga Tal Memorial	Riga	1995.??.??	4
v4lkzXuM	FIDE World Rapid 2014	Dubai UAE	2014.06.18	12.7
nbi4bCcR	Aimchess Rapid Prelim	chess24.com INT	2022.10.16	9.4
JjnOUEUB	CZE-ch U20	Prague	1997.??.??	4
uaVHNEki	CZE-chT1a	Czechia	1995.??.??	?
njO6na6H	USA-ch	Saint Louis	2012.05.08	1
6P1YSHb4	Sarajevo Bosnia 34th	Sarajevo	2004.05.25	7
O6v10jJo	FRA-ch op blitz	Nancy	2011.03.12	7
caGblztR	EU-chT (Men) 14th	Plovdiv	2003.10.19	8.2
eZRxJKlK	DEN-chT 9394	Denmark	1993.??.??	1
ernH7RRa	Frankfurt-West Masters	Frankfurt	1999.06.29	3
G1NGnAVq	FIDE World Rapid 2014	Dubai UAE	2014.06.16	1.7
YiVptaMZ	TCh-POL Ekstraliga 2021	Legnica POL	2021.10.06	5.5
meB7hRJD	Moscow Aeroflot op-A	Moscow	2005.02.15	1
avMbE23a	RUS-ch 53rd	Samara	2000.06.24	8
y75mXVsw	Abu Dhabi op 13th	Abu Dhabi	2003.08.19	4
5NP89pyN	DEN-chT 1112 50th	Denmark	2012.01.29	6.1
8KjnD9kk	ISL-ch	Reykjavik	2004.04.03	2.1
UGuKRfV9	Saint Louis Rapid 2018	Saint Louis USA	2018.08.11	1.1
5TbGQZJj	2nd UzChess Cup Masters	Tashkent UZB	2025.06.19	1.1
ZjPkWeKd	Wch Blitz 5th	Moscow	2009.11.18	40
8XQRDZMW	Karpov Cup - 50 years	Moscow RUS	2025.05.23	8.2
DjubETk4	World Blitz 2019	Moscow RUS	2019.12.29	9.12
oIgWzVkg	Asian Indoor Games 3rd Prelim	Ha Long City	2009.11.05	2
qQVhstZK	Asker 75th	Asker	1997.11.23	2
JuCDOMSz	Calvi Balagne op 07th	Calvi	2010.04.26	3
U6Eu8ttf	Moscow Tal Memorial Blitz	Moscow	2008.08.30	31
nSOTv29B	RUS-chT	Orel	1997.??.??	?
za8niPM4	ZMDI Open 2014	Dresden GER	2014.08.22	8.9
pnSGooX9	IND-ch 44th	Atul	2006.12.26	10
YRt7XrzG	Riblje ostrvo 4 GM 2016	Novi Sad SRB	2016.07.23	3.4
ApTVsKib	FIDE World Cup 2025	Goa IND	2025.11.07	3.1
ChIWMuAA	FIDE World Blitz 2014	Dubai UAE	2014.06.19	1.12
zSzVp6Bg	European Rapid 2016	Tallinn EST	2016.12.16	11.1
4esNErWr	EU-Cup 29th	Rhodes	2013.10.26	7.5
EMiVWVke	FIDE World Rapid 2014	Dubai UAE	2014.06.16	5.30
C0yvo2Qz	Jerusalem FIDE Grand Prix	Jerusalem ISR	2019.12.16	2.3
iY1taFdy	Tata Steel India Rapid	Kolkata IND	2022.11.29	1.5
ntkuwJOj	World Rapid 2024	New York USA	2024.12.26	5.23
rFlR8ZIx	45th Olympiad 2024	Budapest HUN	2024.09.18	7.9
HYCxqGKT	Global Chess League 2023	Dubai UAE	2023.06.27	6.3
wI5ASdQk	IMSA World Masters Blitz	Hengshui CHN	2019.05.18	15.5
OBiw8nmZ	URS-ch52	Riga	1985.??.??	9
ntUHI9yY	TCh-FRA Top 12 2021	Chalons en Champagne FRA	2021.06.30	7.6
3nIZ19ff	TCh-BEL 2024-25	Belgium BEL	2024.11.03	3.4
7OCaHcOK	90th ch-UKR 2021	Kharkiv UKR	2021.12.11	4.3
MM4TLIWF	Gyumri	Gyumri	2009.05.24	2
U2lf5ptx	Cheliabinsk Arhipov Memorial	Cheliabinsk	2007.03.10	2
b4HpZg4b	EU-Cup 22nd	Fuegen	2006.10.09	2.6
Gc3Z6XUE	Catalunya-chT	Spain	1999.??.??	5
XQrsMoZK	HUN-ch op	Kecskemet	1983.??.??	?
HuiePg7A	GB/C2009 (ENG)	ICCF	2009.10.15	?
wGiokTbd	HUN-chT 9697	Hungary	1997.??.??	12
HHTFOkal	SUI-chT	Switzerland	2001.09.09	7.1
SfqSCPvJ	World Rapid Women 2025	Doha QAT	2025.12.28	10.3
SMqav6dG	Monaco WGP 2025	Monaco MNC	2025.02.18	1.1
XC1ZU9Sc	FRA-chT Gp-B	France	2004.01.30	1
N2No9JPV	Jonkoping Open 2025	Jonkoping SWE	2025.07.27	3.2
mafEgxM9	4th elllobregat Open 2023	Sant Boi ESP	2023.12.07	8.45
neOzqhXs	Kolomna Rapid 2018	Moscow RUS	2018.02.17	8.16
8j7Iwpfm	Mexico City UNAM KO	Mexico City	2010.11.21	2.4
ol6wvcpY	79th Tata Steel GpA	Wijk aan Zee NED	2017.01.20	6.4
DeOH795X	SportAccord Basque 2014	Beijing CHN	2014.12.17	5.15
VgOsuRUn	EU-ch Internet final	playchess.com INT	2004.11.07	1.3
3fyXigTC	FIDE World Cup	Tromso	2013.08.15	2.2
zCh6rFCm	Amber-blindfold 11th	Monte Carlo	2002.03.16	1
vzj47kQS	London rapid m theme	London	1993.??.??	3
dh7Ok5NF	Duda-Ivanchuk Help UKR m	Europe-Echecs INT	2022.07.20	7
NEkmzNWh	EU-ch playoff fin 5th	Antalya	2004.05.30	1
ONNsk03e	Capps Memorial	San Francisco	1996.??.??	4
sopIxJJ3	Gausdal zt	Gausdal	1985.??.??	?
xlRVxDSP	TCh-AUT 2nd Ost 2017-18	Austria AUT	2018.01.14	7.6
dHzx5z1o	Buenos Aires Najdorf	Buenos Aires	1993.??.??	8
Bkt2RWWe	World Rapid 2023	Samarkand UZB	2023.12.28	13.61
nKnLMXIR	TCh-SWE Elitserien	Sweden SWE	2017.03.26	9.5
crMrIuP3	Bayern-chI Bank Hofmann 4th	Bad Wiessee	2000.10.30	3
UMOQTETF	Antwerp InventiChess	Antwerp	2009.09.23	6
rsFydxX2	Oberliga NRW 0910	Germany	2009.10.25	2.1
2dIeNrpA	Legnica Voivoda Cup	Legnica	1994.??.??	?
u0zcZzsR	Imperia op 47th	Imperia	2005.08.31	4
KsETtxvk	Umag op	Umag	2000.??.??	7
dbmVjw9I	WC-2009-T-00003	Lechenicher SchachServer	2008.04.15	?
0b15RJou	Beersheba	Beersheba	1978.??.??	7
IXO1gTbX	CM.2000.0.00121	IECG	2000.10.27	?
tyjasFBj	Jyvaskyla op	Jyvaskyla	1994.??.??	1
2byx0Eot	EU-ch 11th	Rijeka	2010.03.14	8
9TNOTkGG	8th Kaltern-Trophy 2025	Kaltern ITA	2025.10.19	5.4
pmKPC6gc	Najdorf Memorial 11th	Buenos Aires	2000.09.24	7
yhU1rLLk	Hoogovens	Wijk aan Zee	1997.02.01	12
KGJhysXR	FRA-chT Top 12	Haguenau	2013.06.03	5.3
CghcWPTS	FIDE-Wch k.o.	Las Vegas	1999.08.01	1.2
PK3uD6Xx	World Rapid 2024	New York USA	2024.12.27	8.31
vBATChtH	Online Olym Div2 D	Chess.com INT	2020.08.15	6.1
iHfGUvGW	FRA-chT Top 12	Belfort	2012.06.03	4.4
1BsVGx14	BRA/CXEB-50/B (BRA)	ICCF	2019.08.30	?
7LaMIK5i	Koge op	Koge	1997.??.??	5
cuGzidCj	Lost Boys	Amsterdam	1999.08.13	1
VOKcJgXG	Biel Interzonal	Biel	1993.??.??	12
gr8gjkSR	Athens Acropolis	Athens	2004.11.20	5
eNmW7VJW	Los Angeles Metropolitan 12th	Los Angeles	2011.11.13	9
oiMZAjIV	BUL-chT GpB 63rd	Sunny Beach	2013.09.20	2.2
0wvNB0NY	Zug	Zug	1991.??.??	11
McxHfbL2	Serpukhov-A	Serpukhov	2003.??.??	4
80HlicvT	London Peace	London	1987.??.??	?
I7lIp8N4	AUT-chT2O 0102	Austria	2002.01.19	6.1
V0S5pqoR	BIH-chT 11th	Jahorina	2012.06.03	2.5
SivhQWtT	Amber-blindfold 04th	Monte Carlo	1995.??.??	7
pOQzP7B7	Ubeda op 5th	Ubeda	2000.01.26	8
Hux12DQE	RUS-chT2 16th	Dagomys	2009.04.04	3
CMtcM6uU	Ano Liosia op	Ano Liosia	1996.??.??	7
WoO7gZR4	Leon	Leon	1990.??.??	11
PxM1jW5m	GER-ch 81st	Bad Liebenzell	2010.03.09	5
KJGgxMbF	BL2-Nord 9596	Germany	1996.??.??	?.6
3IxOOFgT	Isle of Lewis op	Isle of Lewis	1995.??.??	?
2fHUoNkr	CM.2002.0.00177	IECG	2002.04.12	?
AmBZvzsL	POL/ETC3 (POL)	ICCF	2006.11.15	?.1
XiikMBSf	Eurodata	Budapest	1992.??.??	5
4McFiWxH	Karl Mala Memorial op 04th	Griesheim	2000.08.05	5
7WBlfxtp	Linares 17th	Linares	2000.03.01	3
3VCVEBIG	Dortmund SuperGM	Dortmund	2001.07.16	5
pnRS9o9l	Kosmos m 5'	Moscow	1998.11.27	1
Crt0xLfF	6th Norway Chess 2018	Stavanger NOR	2018.05.30	3.2
h4gOa4tM	GCT Rapid Paris 2018	Paris FRA	2018.06.20	2.5
bgD3rk9v	WS/GMN/020	ICCF	2009.10.30	?
S8PbgxSK	2nd Norway Blitz 2014	Flor & Fjaere NOR	2014.06.02	1.2
u238xFPm	11th London Classic 2019	London ENG	2019.12.08	2.8
g00haaUw	Charity Cup KO 2022	chess24.com INT	2022.03.26	3.23
vZ2VZIia	2nd Norway Blitz 2014	Flor & Fjaere NOR	2014.06.02	6.1
iKGnXtje	55th Biel Master Open	Biel SUI	2022.07.21	8.17
j2oVKC1A	Tirnavia	Trnava	1986.??.??	5
BqyNEoED	World op	New York	1983.??.??	3
Bnc3tbPL	Moscow Aeroflot op-B 11th	Moscow	2012.02.08	2
MwOWbzHu	13th Foxwoods Open	Ledyard USA	2019.04.20	6
K8tan10r	Montebelluna op-A 5th	Montebelluna	2007.03.11	5
MNviMZh2	TCh-SVK 2017-18	Slovakia SVK	2017.11.11	3.6
sLyvXYtY	GCT Blitz Paris 2017	Paris FRA	2017.06.24	6.3
76uxVVJF	Tashkent FIDE GP 2014	Tashkent UZB	2014.10.22	2.5
1sJmbG1o	chess.com Speed 1m+1spm 2018	chess.com INT	2018.11.30	3.18
Akk90rir	chess.com Speed 1m+1spm 2018	chess.com INT	2018.11.30	3.20
ly70zHH0	BCF-ch	Brighton	1984.??.??	2
WA9WXrmu	BCF-ch	Edinburgh	1985.??.??	8
YTxiQ4U1	SCO-ch	Troon	1986.??.??	9
muwXDRJs	Illinois	Illinois	1986.??.??	?
hVecaJoD	GCT Blitz Paris 2016	Paris FRA	2016.06.11	1.1
enqI9q6Y	Opera Euro Rapid KO 2021	chess24.com INT	2021.02.10	1.32
k7GuDja9	Superbet Classic TB 2024	Bucharest ROU	2024.07.05	2.1
qpJxc8aA	Chessable Masters GpA	chess24.com INT	2020.06.22	9
6Cv98FK8	Tournament of Peace 2018	Zagreb CRO	2018.11.14	3.1
MPnGyMH8	ch-NED 2014	Amsterdam NED	2014.07.12	6.1
SSbkatIO	SRB-chT Premier	Ruma	2020.09.29	7.6
XdlWMsdZ	15th ch-EUR Indiv 2014	Yerevan ARM	2014.03.08	6.50
boUcIrHg	EU-Cup 23rd	Kemer	2007.10.06	4.4
5ZYCd2IX	4NCL 2014-15	Hinckley Island ENG	2015.03.28	7.151
pyBD8XuH	Ubeda op 6th	Ubeda	2001.01.30	10.11
3B5SMsqc	FIDE World Cup	Tromso	2013.08.16	2.4
0Hzl9DBQ	Vladimir Petrov Mem 2016	Jurmala LAT	2016.03.06	11.6
TDP5qFXr	ch-RUS Rapid 2021	Sochi RUS	2021.10.13	8.7
fU84sEH5	EU-ch rapid	Warsaw	2012.12.15	4
c3O60J14	Staufer op 21st	Schwaebisch Gmuend	2009.01.05	6
BVffqlkY	HUN-chT 9798	Hungary	1998.??.??	?
Z0LQ8NsA	Al-Ain Classic Open A 2013	Al-Ain UAE	2013.12.24	6.1
05MLFoOO	EU-ch Blitz	Ajaccio	2007.10.25	10
xQUCjfXY	FIDE GP	Moscow	2002.06.01	1.2
ZdJ1ue5I	World Blitz 2015	Berlin GER	2015.10.14	17.45
IeKWZ6Vj	Bundesliga 2022-23	Kirchweyhe GER	2023.02.25	8.3
UFKnjDhU	15th Hainan Danzhou GM	Danzhou CHN	2024.10.28	4.3
sLkT2CIV	ch-USA Seniors 2024	Saint Louis USA	2024.07.25	9.3
a3a2fPG4	Golden Sands Europe op 1st	Golden Sands	2012.06.09	6
5nmQtDuS	European Blitz 2019	Tallinn EST	2019.12.07	20.7
TxacH7Yw	IV Menorca Open A 2025	Ciutadella de Menorca ESP	2025.04.23	2.1
CkGuXRLj	Voskresensk	Voskresensk	1990.??.??	?
Ao5DWtNm	TCh-RUS Rapid 2017	Sochi RUS	2017.10.04	6.4
6crwrJ7B	5th ch-Francophonie Rapid	Cannes FRA	2018.07.15	8.1
QwHfB7TI	CZE-chT2 9697	Czechia	1997.??.??	?
uu9VsZRW	Berliner Sommer 14th	Berlin	1996.??.??	6
DCMUk1H9	Novokuznetsk op	Novokuznetsk	2008.12.07	7
TIJlMHrS	Rilton Cup 24th	Stockholm	1994.??.??	5
KZeoRB6o	Hastings 8990	Hastings	1989.12.??	7
PbzwsM9n	GMA-qual f	Moscow	1990.??.??	4
9aiN1pB6	Isle of Man op	Isle of Man	1995.??.??	2
tA3XC5IW	Oslo	Oslo	1984.??.??	?
G9zVIeYk	USA-ch	USA	1989.??.??	15
6i3REz1O	Bundesliga 8384	Germany	1984.??.??	?.1
bKVQu1U8	Corsican Circuit Final	Bastia FRA	2018.10.22	3.2
portb6pi	Corsican Circuit Final	Bastia FRA	2018.10.22	3.3
HgxDY0lh	Ottawa Winter op	Ottawa	2010.01.23	2
Lbp2AdX2	LTU-ch	Kaunas	2001.05.13	4
56sCdFYr	Tastrup	Tastrup	1990.??.??	2
Q68lt01w	Metz op 09th	Metz	1991.??.??	5
LYMAKAG1	PRO League KO Stage	Chess.com INT	2020.09.25	3.2
5d2Hksb6	RUS-ch 63rd	Moscow	2010.12.12	2
Hf9alAkm	8th Gashimov Mem Rapid	Baku AZE	2022.12.20	8.3
LpTeGYDu	Tilburg	Tilburg	1991.??.??	3
yTAnoRtm	Koop Tjuchem	Groningen	1996.??.??	1
434PMDgj	Bundesliga 2024-25	Deizisau GER	2024.12.01	4.4
f8LiFzJZ	Bundesliga 0001	Germany	2000.12.10	4.2
l1wgV9xm	ROM-chT2	Sovata	1997.??.??	?
MHzTqDVY	Skokie North Am 17th	Skokie	2008.11.20	9
kJm4xoJb	Valjevo	Valjevo	1984.??.??	9
h8XBTI6D	SVK-chT1W 0809	Slovakia	2009.02.07	8.6
lB8zk5xh	32nd Schwarzacher Open	Schwarzach AUT	2017.08.20	3.2
815igAR5	Hastings 9293	Hastings	1992.??.??	3
Xbq02Ptx	URS-YUG	Odessa	1975.??.??	5
3rWnx11o	BCF-chT 9899 (4NCL)	England	1999.05.02	10.1
zoQlSMah	World Rapid 2025	Doha QAT	2025.12.27	9.29
iLdgjZb1	RUS-ch qual 57th	Tomsk	2004.05.31	9
j247bLrY	ACP Blitz Octofinal-B 3rd	playchess.com INT	2004.06.05	3
5YpsrYDJ	Coupe de France 2019	Saint-Quentin FRA	2019.06.29	1.1
bR2tGUca	Skilling Open KO 2020	chess24.com INT	2020.11.30	3.21
6XjsakYx	GCT Blitz Paris 2018	Paris FRA	2018.06.24	15.5
U4LSY9eX	GCT Blitz Paris 2019	Paris FRA	2019.08.01	18.4
N0srPo5u	GCT Blitz Paris 2019	Paris FRA	2019.08.01	16.1
qVUT4rMu	Saint Louis Rapid 2017	Saint Louis USA	2017.08.16	7.1
xvkgTguX	Linares 18th	Linares	2001.02.28	5
QGD70bTz	Amber-blindfold 10th	Monte Carlo	2001.03.24	7
A38zti0x	Linares 18th	Linares	2001.03.03	7
yUcJMGCW	Ostrava m	Ostrava	1998.11.17	4
hr3O1140	Ostrava m	Ostrava	1998.11.15	2
lYcZwNyf	Dresden ol (Men) 38th	Dresden	2008.11.23	10
wDzhcCKi	1st Kasimdzhanov Masters	Tashkent UZB	2023.03.29	6.5
OSNWAHXu	Frankfurt-West Masters	Frankfurt	1999.07.01	9
O3ZLth4u	Chebanenco Memorial KO	Kishinev	2012.02.19	3.1
gSeH0Ro4	HUN-chT 1112	Hungary	2012.01.29	5
TTbEMR3E	BdF-60/S/pr52 (GER)	ICCF	2006.11.15	?
p1OSCl3y	CM.2000.0.00126	IECG	2000.12.19	?
5uyC69C3	Amber-blindfold 09th	Monte Carlo	2000.03.18	3
fXjKuyYQ	Sarajevo Bosnia 30th	Sarajevo	2000.05.24	7
v1hvoiP8	Fujitsu Siemens Masters	Frankfurt	2000.06.24	11
ZGQsGCkZ	Linares 18th	Linares	2001.02.25	3
BaW34tJD	Krakow op	Krakow	2005.01.04	9
aPQkpH89	Groningen GAM	Groningen	1991.??.??	2
Vxz9xV12	Groningen GAM	Groningen	1991.??.??	1
8PMCzPeq	4th POL-HUN Open 2016	Katowice POL	2016.05.07	2.5
qgFtyy8s	Chess Stars 5.0 Rapid	Moscow RUS	2025.06.27	4.3
JwGLeIlP	Biel MTO op 41st	Biel	2008.07.30	9
N76JlTNt	EU-ch Online 2300+ Final	Chess.com INT	2020.05.30	5
xF26WOU8	Paris-ch	Paris	2006.07.12	6
6B5AB7um	Livry Gargan op rap	Livry Gargan	2009.05.10	6
ASMGcVet	FICGS__CHESS__CLASS_SM__000009	FICGS	2008.05.17	1
fZfiNE3Z	GMA Baleares op	Palma de Mallorca	1989.??.??	7
glGMgPT0	Bundesliga 8586	Germany	1986.??.??	?.2
oehxG5o1	CalChess Masters	Berkeley	1983.03.11	7
xMqNw9Uz	Oslo Esports Cup 2022	Oslo NOR	2022.04.22	1.1
WLXQp8Ao	GCT Blitz YourNextMove	Leuven BEL	2018.06.16	12.2
uZwTyrie	Wch Blitz 3rd	Moscow	2007.11.22	38
uVDuqaMk	Mukachevo m g/10'+10''	Mukachevo	2007.10.26	1
2ntQBd2b	RUS-ch playoff 65th	Moscow	2012.08.13	2
m43tPPFZ	Moscow Tal Memorial 6th	Moscow	2011.11.20	5
eR6We3Ab	Wch Blitz	Astana	2012.07.10	17
PdkcEttH	Wch Blitz 3rd	Moscow	2007.11.21	6
TNDjkTpT	Amber-rapid 05th	Monte Carlo	1996.??.??	8
eINW95bg	World Blitz 2018	St Petersburg RUS	2018.12.29	9.17
EY4WSdO9	CCT Final KO 2023	Toronto CAN	2023.12.13	1.15
tP2JjNEa	Champions Showdown Blitz	Saint Louis USA	2016.11.14	3.1
t5MOCzCN	Champions Showdown Blitz	Saint Louis USA	2016.11.14	9.1
UABbv5cF	Julius Baer Gen Cup D1 W	chess.com INT	2024.10.01	4.1
taeCYFYu	Tata Steel-A 74th	Wijk aan Zee	2012.01.29	13
sXarM4L2	Internet m1	ICC INT	1998.05.24	2
m0Q92bom	Sinquefield Cup	Saint Louis	2013.09.10	2
XR7vaDFP	Amber-blindfold 06th	Monte Carlo	1997.??.??	2
bjLt2jiB	87th Tata Steel Masters	Wijk aan Zee NED	2025.01.18	1.1
4mFuhl8E	ROM-chT	Brasov	2011.10.09	2.4
QPLQNg6a	PRO League Central 2017	chess.com INT	2017.01.11	1
1wQO5rwG	CHN-RUS Summit Men 7th Rapid	Ningbo	2010.08.12	8
3LwzCkdN	2nd UzChess Cup Masters	Tashkent UZB	2025.06.21	3.4
9FKz4rJc	World Championship 28th	Reykjavik	1972.07.18	4
2yjyfdNR	Candidates sf1	Denver	1971.07.18	5
11zHwwXw	Candidates sf1	Denver	1971.07.11	3
ughQa3vs	Linares m	Linares	1992.??.??	3
YecZCa6J	Le Touquet op-A 24th	Le Touquet	2009.10.30	9
KamBr7fh	Luzern ol (Men)	Luzern	1982.11.13	13
TJqjgLaF	RUS-Cup	Tula	1999.??.??	2
LJCngctn	AUT-chT2M 0809	Austria	2009.03.07	7.1
Wuso0Apu	Skilling Open KO 2020	chess24.com INT	2020.11.27	2.12
M9oDzmBb	World Rapid 2025	Doha QAT	2025.12.28	10.11
nZgzked7	Novi Sad ol (Men)	Novi Sad	1990.??.??	6
k3HhTNVB	Brocco op	San Bernardino	1988.??.??	?
ZqL7bOjZ	Mallorca Trophy final	playchess.com INT	2004.02.08	2.4
jIiIPSJD	WC28/ct04	ICCF	2008.07.25	?
nwRPNzX3	Rimavska Sobota	Rimavska Sobota	1974.??.??	1
0OyE0qBy	Eksjo 09th	Eksjo	1981.??.??	3
geIQ9UpF	Eksjo 09th	Eksjo	1981.??.??	4
QYNPRk3T	ASEAN Masters Circuit GM-A	Tarakan	2008.01.09	2
Sn967f6x	EU-Cup 21st	Saint Vincent	2005.09.19	2.1
1NsBBf0E	EU-Cup 22nd	Fuegen	2006.10.12	5.1
Bj6xAXvd	Arkadia op	Greece	1995.??.??	2
8CODQIIF	NED-chT 0809	Netherlands	2009.03.28	7.4
2Pn4xocp	Den Bosch	Hertogenbosch	1999.11.22	5
CTy2Bk3c	Leinfelder Schachtage op 2nd	Leinfelden	2000.??.??	2
9OEFCEn5	St Petersburg June op	St Petersburg	2008.06.22	2
iDeGSw99	World Blitz 2017	Riyadh KSA	2017.12.29	2.30
uafhGArX	Amber-blindfold 13th	Monte Carlo	2004.03.31	10
qSbwwnjq	Veselin Pantev (BUL)	ICCF	2025.09.30	?
q1Cx7yLt	WC31/ct06	ICCF	2011.09.10	?
SArdaoq6	Tata Steel India Rapid w	Kolkata IND	2022.12.01	8.3
y0Vvz97O	ROM-chT	Mamaia	2012.09.28	7.3
FtjywhCZ	15th BPB Limburg Open	Maastricht NED	2023.05.26	1.2
fksyj4tY	St Petersburg Zak Memorial	St Petersburg	2007.03.27	4
suKYEsm8	Nakamura-Nepomniashchy m	playchess.com INT	2007.02.28	?
Cc8w3How	Chess24 Banter Blitz Cup	chess24.com INT	2019.10.14	1.6
vIUYREeR	USA tt	ICC INT	2012.09.05	1
90R1pehE	Bundesliga 1213	Germany	2013.02.03	8
yQTLZyjN	ch-ESP Rapid 2024	Mengibar ESP	2024.08.17	3.2
cXJzisVc	Varazdin GM	Varazdin	2003.11.27	6
4pqp4dDD	Al Ain op	Al Ain	2012.12.27	7
rdbmaZ7v	ch-ESP Rapid 2024	Mengibar ESP	2024.08.17	4.3
6I2R6ApQ	89th ch-Paris IdF 2014	Paris FRA	2014.07.06	2.4
bvdpPBSm	5th Ordu Open 2019	Ordu TUR	2019.04.30	3.3
CA272Eft	Zadar op 15th	Zadar	2008.12.19	8
xPlgltBt	6th Ferdowsi Open 2016	Mashhad IRI	2016.02.04	8.4
bRf991pE	MT-Hollis (ENG)	ICCF	2014.01.05	?
npMXXSBg	Gothenburg Manhem-A	Gothenburg	2013.08.15	8
ffMuzCI0	Ho Chi Minh City HD Bank op 2nd	Ho Chi Minh City	2012.03.02	2
fQZ7W0na	50th Italian Teams 2018	Gallipoli ITA	2018.04.27	1.1
CTW0TbUh	SCG-chT	Budva	2003.??.??	3.43
0SJozsUW	HUN-ch	Budapest	1976.12.13	9
bG4BVRGV	BdF/Gold 2007 (GER)	ICCF	2007.08.15	?
tUOCYxjF	PAL/CSS Freestyle op 3rd	playchess.com INT	2006.06.18	6
jTqkEUxd	WC28/ct04	ICCF	2008.07.25	?
01dP1jSK	Ankara Angora	Ankara	2009.12.17	8
PWX1IoSR	San Sebastian op	San Sebastian	1995.??.??	8
vyxrZYoF	Kecskemet Dutep op	Kecskemet	1989.??.??	?
Q8zoHEv3	Nagykanizsa op	Nagykanizsa	1993.??.??	6
2k5gy8Ui	Budapest Spring op 09th	Budapest	1993.??.??	2
s7RHqpzH	BdF/Gold 2007 (GER)	ICCF	2007.08.15	?
dgpwVoyT	38th ECC Open 2023	Durres ALB	2023.10.07	7.6
xbhbgBT7	IBM-B	Amsterdam	1980.??.??	?
AErFEm56	Travemuende op 26th	Travemuende	2009.12.30	7
qyfmgmFq	KM FIDE GP 2015	Khanty-Mansiysk RUS	2015.05.25	10.5
XIETo973	9th London Classic 2017	London ENG	2017.12.03	2.2
naifzCXK	11th Tal Mem Blitz 2018	Moscow RUS	2018.03.05	3.1
87iVR0xv	GCT Blitz YourNextMove	Leuven BEL	2017.07.02	12.2
bl5xV0Wp	CCT Final Playoff 2023	Toronto CAN	2023.12.11	5.2
scfzVChE	2nd IMSA Blitz 2017	Huai'an CHN	2017.12.13	19.1
jNbTdYoV	chess.com IoM Masters	Douglas ENG	2016.10.07	7.5
qe0bNY3z	Gibraltar Masters 10th	Caleta	2012.01.31	8
JUhyRvIY	Cheliabinsk Panchenko Memorial op-A	Cheliabinsk	2020.09.14	8
GfUreOaK	69th ch-RUS HL 2016	Kolomna RUS	2016.06.27	5.21
wKvu7gSx	Nijmegen RABO	Nijmegen	1977.01.29	7
KL3C8rSn	2nd Bundesliga Sud 2016-17	Germany GER	2016.12.04	3.1
s0nlHuQM	15th ch-EUR Indiv 2014	Yerevan ARM	2014.03.06	4.4
8eaH12Qc	25th TCh-CRO Div 1a 2016	Sibenik CRO	2016.10.10	3.3
rQvB2CZX	RUS-chT	Dagomys	2008.04.12	10
vH99gB9D	Zurich CC Blitz 2014	Zurich SUI	2014.01.29	2.2
kWTbXTI4	4th Zurich CC Blitz	Zurich SUI	2015.02.13	2.2
jClo5BH6	Srebrno Jezero op 7th	Srebrno Jezero	2013.06.19	8
OunNLMrQ	RUS/FC/pr1 (RUS)	ICCF	2020.02.01	?
HACrZnqy	M-5181.2	IECC	2005.01.01	?
iNETtPUd	FRA	France	1993.??.??	?
ielGZKrb	NIC Classic KO 2021	chess24.com INT	2021.04.29	2.33
SL3GJ7is	Grand Slam Final 6th	Bilbao	2013.10.10	4
p48vnlXU	FIDE World Blitz 2013	Khanty-Mansiysk	2013.06.09	12
Z54visT9	Wch Rapid	Khanty-Mansiysk	2013.06.07	6
8Jk34Tnc	85th Tata Steel Masters	Wijk aan Zee NED	2023.01.27	11.2
LyXboSga	CCT Final KO 2024	Oslo NOR	2024.12.21	2.4
TAlcca1D	GCT Rapid Paris 2021	Paris FRA	2021.06.18	2.1
teTsOBml	FIDE-Wch	Elista	1996.07.02	14
ow8JlKrm	FIDE World Cup KO	Shenyang	2000.09.10	2.5
KhDhm4Rz	Amber-rapid 20th	Monte Carlo	2011.03.14	3
3dlfGxI6	10th Sinquefield Cup	Saint Louis USA	2023.11.28	7.1
CpGzVs2v	WCh 2023	Astana KAZ	2023.04.20	8.1
xb2bdUQb	Chess.com Rapid Wk9 Swiss	chess.com INT	2022.04.09	3
6pwa6W90	11th Sinquefield Cup	Saint Louis USA	2024.08.21	3.4
CcW9D0j2	Chess.com Rapid Wk8 Swiss	chess.com INT	2022.04.02	1
PNmQGuIO	11th London Classic 2019	London ENG	2019.12.03	1.2
shmEuBMe	Norway Chess 8th	Stavanger	2020.10.05	1
OoyMBXI9	GCT Rapid Paris 2021	Paris FRA	2021.06.18	1.4
iHysbt21	Clutch-ch June	Lichess.org INT	2020.06.07	1.4
TeSuAbdQ	Moscow Tal Memorial Blitz	Moscow	2008.08.29	12
JJ37yJ7C	chess.com Blitz Final 5m+2spm 2016	chess.com INT	2016.10.27	7
HKUqEjAT	chess.com Blitz Final 5m+2spm 2016	chess.com INT	2016.10.27	5
8OSjILkY	Chessable Masters GpB	chess24.com INT	2020.06.21	1
UyW7uvP0	Moscow Aeroflot op-A	Moscow	2006.02.10	3
0lJEwhst	World Rapid 2019	Moscow RUS	2019.12.27	10.39
LJi2tko8	WMSG Rapid KO 1st	Beijing	2008.10.07	1.3
CXsLy0eC	RUS-chT 16th	Dagomys	2009.04.05	2
qWVUl7Pe	3rd Du Te Cup 2019	Shenzhen CHN	2019.04.19	3.3
aKNQIKg7	CCT Final Playoff 2023	Toronto CAN	2023.12.10	3.1
tfLdczCy	GCT Blitz Paris 2016	Paris FRA	2016.06.11	8.5
LJZGPZsb	GCT Rapid YourNextMove	Leuven BEL	2016.06.18	6.5
edd0y1jJ	GCT Rapid Paris 2018	Paris FRA	2018.06.20	3.2
uay9sTZd	chess.com Speed 5m+2spm 2017	chess.com INT	2017.05.25	1.8
doi1jSzN	GCT Blitz YourNextMove	Leuven BEL	2016.06.20	11.3
8kuea0F1	SuperUnited CRO Rapid 2025	Zagreb CRO	2025.07.03	5.4
kPpXMwlz	World Blitz 2015	Berlin GER	2015.10.14	19.3
8CD8anla	Casablanca Chess 2024	Casablanca MAR	2024.05.19	5.1
Za65NYEg	Saint Louis Blitz 2017	Saint Louis USA	2017.08.17	4.2
jFHC1Vj7	Khanty-Mansiysk ol (Men) 39th	Khanty-Mansiysk	2010.09.28	7.4
xz1eRpAi	EU-ch 4th	Istanbul	2003.06.07	8
PkJIEbI0	London P&D	London	1984.05.08	11
08akpAyO	Bundesliga 0102	Germany	2002.02.03	7.4
V1wAqmjI	Astrakhan FIDE GP	Astrakhan	2010.05.18	8
Ug7AuEIt	German Team  Cup 2025	Augsburg GER	2025.06.15	2.2
g9xFlkYN	Bundesliga 0910	Germany	2010.03.20	12.2
ieLCdF7L	Zurich Chess Challenge 2014	Zurich SUI	2014.01.30	1.2
rBfCWwBp	FIDE World Cup 2017	Tbilisi GEO	2017.09.25	7.3
YfwsMNvl	GCT Rapid Paris 2021	Paris FRA	2021.06.19	5.5
LX2AcSWr	Moscow Tal Memorial 7th Blitz	Moscow	2012.06.07	2
aZOXyPVK	TechM GCL 2024	London ENG	2024.10.04	2.2
uy4hp3R9	Benidorm Bali rap	Benidorm	2007.12.08	6
3QWRVK6T	Amber-blindfold 03rd	Monte Carlo	1994.03.31	5
UwBFdC1A	SportAccord Blitz 2014	Beijing CHN	2014.12.13	10.7
MbCwfIvf	CCT Final KO 2023	Toronto CAN	2023.12.14	1.33
HhhaYFuw	8th Danzhou Super GM 2017	Danzhou CHN	2017.07.10	2.2
hMwoPWUr	Wch Blitz 5th	Moscow	2009.11.17	27
DyJls7eh	Nalchik FIDE GP	Nalchik	2009.04.22	7
B6EQXw4s	CHN-RUS Summit Men 6th Rapid	Sochi	2009.08.21	2
SVy8zvJS	USA-ch Gr-B	Saint Louis	2011.04.20	6
VZ4QhQEi	World Rapid Team 2023	Dusseldorf GER	2023.08.26	4.5
pWOfQzsd	FIDE World Rapid Team	London ENG	2025.06.12	7.2
nAbDpbH4	World Rapid 2024	New York USA	2024.12.26	1.6
2oVUyLq1				
ZkzRadTF	Wch Blitz 5th	Moscow	2010.11.17	23
TXPXo6Fh	Nakamura vs Aronian Blitz	Saint Louis USA	2014.11.25	4
szRaB5Ww	Nakamura vs Aronian Blitz	Saint Louis USA	2014.11.25	2
h33axQxu	GCT Blitz YourNextMove	Leuven BEL	2016.06.19	6.2
OwoKj4Fo	Carlsen Inv Prelim	chess24.com INT	2020.04.21	2.1
EjVvJ10q	Beijing Sportaccord rap	Beijing	2012.12.15	7
aSrL5aZ0	World Rapid 2016	Doha QAT	2016.12.27	8.2
R1YPaL81	Legends of Chess Prelim	chess24.com INT	2020.07.28	8.1
6ApTSHzf	4th Norway Chess 2016	Stavanger NOR	2016.04.28	8.4
ZA4tzb3V	Vugar Gashimov Mem 2017	Shamkir AZE	2017.04.22	2.1
KmLguVHg	Saint Louis Blitz 2019	Saint Louis USA	2019.08.14	13.4
BdikY62G	4th Zurich CC Rapid	Zurich SUI	2015.02.19	4.2
cG9OxaVa	SpeedChess Final 2024	Paris FRA	2024.09.06	1.7
GMk4BeZ1	Amber-blindfold 14th	Monte Carlo	2005.03.31	11
32s0Espz	Yerevan Asrian Memorial	Yerevan	2008.06.13	9
ZY9aoug6	PRO League All Stars St1	chess.com INT	2018.09.08	2
SLz5TBqU	Valle d'Aosta op 10th	Saint Vincent	2002.02.16	8
fisksnKC	European Blitz 2016	Tallinn EST	2016.12.17	12.11
464eIlr9	FIDE World Blitz 2013	Khanty-Mansiysk	2013.06.09	7
an52ek0a	Corsican Circuit Final	Bastia FRA	2018.10.21	1.3
jKPonaiA	18th Oscaro.com Open 2014	Bastia FRA	2014.10.18	6.4
CI7iFtiH	PRO League Group Stage	chess.com INT	2018.02.03	4
NNZR1Dh9	PRO League Group Stage	chess.com INT	2018.01.31	3
ZoHKYbeo	Chennai op 12th	Chennai	2020.01.25	10
v3UqMHR4	TCh-CAT 2014	Catalonia ESP	2014.03.08	7.3
uah38uOO	RUS Cup	Serpukhov	2007.11.06	1.2
gbyES5Cl	Tbilisi FIDE GP 2015	Tbilisi GEO	2015.02.16	2.2
psvcgybe	TCh-ESP Div Honor 2015	Linares ESP	2015.08.21	7.1
irkxIyeJ	22nd European Teams	Batumi GEO	2019.10.30	6.2
xnecZqZM	Chessable Masters GpB	chess24.com INT	2020.06.21	2
M0lm9TQy	chess.com Speed 2019	chess.com INT	2019.11.18	2.24
fXZ78T1b	3rd Norway Blitz 2015	Stavanger NOR	2015.06.15	4.4
dTjNWx2w	Hamburg FIDE Grand Prix	Hamburg GER	2019.11.05	1.1
oB6vwSFp	Tata Steel-A 74th	Wijk aan Zee	2012.01.24	9
1b3Vme06	Biel GM 45th	Biel	2012.07.31	8
SldqeRIh	Biel Exhibition Blitz	Biel	2012.07.22	3.2
5GMsIEFv	SportAccord Blitz Men 2013	Beijing CHN	2013.12.16	23.4
y4kQzdDH	RUS-CHN Summit 8th	St Petersburg	2012.07.04	3
abGRuNpj	World Rapid 2023	Samarkand UZB	2023.12.28	10.10
Hvl1SpRw	Chess24 Banter Blitz Cup	chess24.com INT	2020.01.03	2.7
s5FDUo6P	EU-chT (Men) 19th	Warsaw	2013.11.11	4.4
msveWRyO	FIDE World Cup	Khanty-Mansiysk	2011.08.29	1.2
paUBPSBy	Bundesliga 1213	Germany	2013.03.17	12.3
bZy9hKy5	WC26/ct03	ICCF	2006.07.30	?
V3OyWXqv	Groningen PCA	Groningen	1993.??.??	8
9N3Xny3U	Tal Memorial Blitz 2016	Moscow RUS	2016.09.25	2.3
AWHhQmx0	Khanty-Mansiysk ol (Men) 39th	Khanty-Mansiysk	2010.09.29	8.2
vZWyYsJh	Wch Blitz	Astana	2012.07.10	17
lmTBSdNv	FIDE World Cup 2019	Khanty-Mansiysk RUS	2019.09.18	3.4
LxQkNPYp	32nd ECC Open 2016	Novi Sad SRB	2016.11.11	6.3
fe9kgiTO	7th Norway Blitz 2019	Stavanger NOR	2019.06.03	4.3
hdXvUwFk	FIDE World Cup 2019	Khanty-Mansiysk RUS	2019.09.22	4.3
UQ0RiQsP	Beautiful Minds 2016	Munich GER	2016.11.27	7.1
F8fhGLNm	Reggio Emilia 53rd	Reggio Emilia	2011.01.06	9
ynxA07tY	Chess.com RCC Wk13 Swiss	chess.com INT	2022.05.07	1
T8EmGFYy	18th Karpov Poikovsky	Poikovsky RUS	2017.04.23	5.2
w1AdJeN8	Padova op 14th	Padova	2011.12.12	2
OMtypg6D	Russian Club Cup	Maikop	1998.06.04	2
fSLMXllg	SWE-chT 0708	Sweden	2008.03.08	10
Lru7hDtZ	ITA-ch Lampo Online 2nd	playchess.com INT	2007.12.23	4.6
o9143VBc	BCF-ch rapidplay	Halifax	2004.11.13	5
nyxw26xL	Groningen op-A 50th	Groningen	2012.12.22	2
8FyOXETZ	Salamanca	Salamanca	1989.??.??	?
2SaXDTlE	Carlsen Inv Prelim	chess24.com INT	2020.04.28	6.3
cz0x98AX	GCT Blitz Paris 2017	Paris FRA	2017.06.25	18.5
cQjeKZ2t	48th Rilton Cup 2018-19	Stockholm SWE	2018.12.30	4.1
HyoGorxE	HUN-ch KO	Budapest	2000.10.09	7.2
C8lcTkHE	RUS-ch 54th	Elista	2001.05.06	6
X47boEne	FIDE World Blitz 2013	Khanty-Mansiysk	2013.06.10	28
EvTv5Ojd	Novi Sad Winter 2014	Novi Sad SRB	2014.01.10	1.1
2BlzNQVI	USA-ch	USA	1988.??.??	?
tX2LBKSZ	1st Goa Open 2018	Taleigao IND	2018.10.14	3.1
WShMFvyz	San Sebastian 4 Nations 2nd	San Sebastian	2004.12.10	2.6
Y2JUh1qS	ch-RUS Rapid 2025	Sochi RUS	2025.10.15	5.12
9Yvl6CqH	G CCM-E 4-B (GER)	ICCF	2020.06.19	?
kZ7cZig8	WS/MN/058	ICCF	2010.08.20	?
fNnHiNj2	VWC10/SF /SF 8	ICCF	2019.08.25	?
tSBDJVJs	LTU-ch	Vilnius	1995.??.??	9
67ac5HkD	Asian Individual Hybrid	Tornelo INT	2021.05.25	5.9
sbXJyy4r	WC.2002.S.00001	IECG	2000.??.??	?
JDxhOXHC	AUT-chT2O 9596	Austria	1995.??.??	3
T7zbmbQ6	WZ/M/  13	ICCF	2021.01.31	?
MZkUpxF6	7th Norway Chess 2019	Stavanger NOR	2019.06.06	3.3
32odTa1G	43rd Olympiad 2018	Batumi GEO	2018.10.02	8.7
S2ORpc5b	Clutch Chess: Champions	Saint Louis USA	2025.10.27	6.1
lmJqHflY	Superbet Blitz 2019	Bucharest ROU	2019.11.10	16.3
hBpKFQfp	Amber-rapid 18th	Nice	2009.03.24	9
mHDMH81y	Linares 27th	Linares	2010.02.20	7
Zu7T6OVr	Sofia MTel Masters 5th	Sofia	2009.05.14	2
gEwfMSyr	chess.com QF Blitz 3m+2spm 2016	chess.com INT	2016.05.04	10
rN1m5L0H	Corus	Wijk aan Zee	2010.01.21	5
RLA6sa8K	Amber-blindfold 18th	Nice	2009.03.15	2
l0MW8Lej	Fujitsu Siemens Giants	Frankfurt	2000.06.23	3
NUu9Q3S8	WC36/pr07	ICCF	2012.03.10	?
QEAl8ctI	WC36/pr07	ICCF	2012.03.10	?
sDpIOHmq	POL/TC21 (POL)	ICCF	2013.02.15	?.2
kisEjhaL	POL/C58/sf2 (POL)	ICCF	2013.02.15	?
P7dWljHL	Magnus Carlsen Inv Prelim	chess24.com INT	2021.03.14	7.4
G1p9E31j	Sao Paulo	Sao Paulo	2004.08.20	2
hhOggIT2	Goldmoney Asian Prelim	chess24.com INT	2021.06.28	13.8
sfE7TS81	Sao Paulo	Sao Paulo	2004.08.21	4
BQhHwDdS	Sao Paulo	Sao Paulo	2004.08.21	3
MC5MEh3G	EU-Cup 25th	Ohrid	2009.10.04	1.1
ib9vh84x	Geller Memorial op-A 4th	Odessa	2008.09.13	5
QyMpBgVT	BCF-ch 81st	Norwich	1994.??.??	3
4McpaPuG	Trans Europa Schach Express	Potsdam	2012.10.14	6.1
jH481E26	Barcelona tt 1st	Barcelona	2003.12.17	3
IoSM7hs8	USA-ch	Saint Louis	2013.05.10	7
74pOlo12	SCO Teams 2019	Qingdao CHN	2019.09.15	1.10
rISsENBp	CRO-Cup	Pula	1999.05.28	5
1ekLGh5M	Linares 15th	Linares	1998.03.06	11
F3qFDt9J	Saint Louis Rapid 2023	Saint Louis USA	2023.11.14	2.5
CuNmY45W	FIDE World Cup 2025	Goa IND	2025.11.17	6.1
1gOC6uxl	Foros Aerosvit	Foros	2006.06.21	5
oRyDWajH	Amber-rapid 08th	Monte Carlo	1999.03.24	8
oys4Bk8Q	11th London Classic 2019	London ENG	2019.12.08	2.6
nMxoNaRK	4th Sinquefield Cup 2016	Saint Louis USA	2016.08.12	7.5
mLFRXAA9	Elista FIDE GP	Elista	2008.12.27	12
nSIwzKxN	Jermuk FIDE GP	Jermuk	2009.08.22	12
a39PJRw2	Tal Memorial Rapid 2019	Riga LAT	2019.07.16	4.4
yzQ0O29J	32nd ECC Open 2016	Novi Sad SRB	2016.11.08	3.1
GBfkUKKF	Hoogovens Blitz	Wijk aan Zee	1998.01.19	10
JI6x4Jbx	World Blitz 2018	St Petersburg RUS	2018.12.29	7.96
M7fssOdB	Wch U20 41st	Goa	2002.12.10	3
CVwfvOm5	CCO18/S5	ICCF	2009.09.10	?.3
C3qa1kp4	American Cup Champ	Saint Louis USA	2024.03.14	2.2
n4zUfVkE	2nd IMSA Blitz 2017	Huai'an CHN	2017.12.13	14.3
jlHkWHVB	Prague Masters 2nd	Prague	2020.02.16	5
ta4JR8mK	Wch Blitz 3rd	Moscow	2007.11.21	5
bWi5o8lD	World Rapid 2025	Doha QAT	2025.12.26	4.35
HUbTvIzS	18th Asian Continental	Xingtai CHN	2019.06.12	6.1
g2gyQ3p0	Panormo zt	Panormo	1998.10.25	2
fkmsbEi5	Cappelle op 09th	Cappelle la Grande	1993.??.??	4
E15Awigs	Wch U20 41st	Goa	2002.12.20	13
6939g1bz	Las Palmas	Las Palmas	1972.06.06	7
nP7YIgYo	Tilburg	Tilburg	1994.??.??	1
Asu5trUa	16th ch-EUR Indiv 2015	Jerusalem ISR	2015.02.27	4.41
xStKgNym	Ubeda op 1st	Ubeda	1996.??.??	?
ASSF6iLh	Moscow Tal Memorial 3rd	Moscow	2008.08.21	4
gyGIVm5w	Grand Slam Final 1st	Bilbao	2008.09.12	9
593kCdIs	SportAccord Blitz 2014	Beijing CHN	2014.12.13	13.2
D4RchRPE	Wch Blitz 3rd	Moscow	2007.11.21	8
qnilSUdz	Moscow Tal Memorial Blitz	Moscow	2008.08.30	31
onFnpXdW	Wch Blitz 5th	Moscow	2009.11.17	22
drRVB8NK	Turin ol (Men) 37th	Turin	2006.05.27	6
NS4ZMiZL	EU-Cup 26th	Plovdiv	2010.10.19	3.1
8W0RPNlZ	Tata Steel India Blitz	Kolkata IND	2018.11.14	16.2
DQi2YFc9	Cap d'Agde CCAS Gp-A	Cap d'Agde	2008.10.26	2
KnHDQpVE	20th European Teams	Reykjavik ISL	2015.11.21	8.5
QbUGkZ2w	Corus	Wijk aan Zee	2008.01.17	5
IAJQZlHg	RUS-chT 13th	Sochi	2006.04.29	10
SUx5R7i7	chess.com QF Blitz 3m+2spm 2016	chess.com INT	2016.06.23	12
lMZKJG1t	52nd Biel GM Blitz 2019	Biel SUI	2019.07.27	3.4
SX9BnFXR	Biel	Biel	1992.??.??	2
J9uDlvaQ	Bugojno	Bugojno	1986.??.??	10
HDwI7Iud	Aeroflot Open A 2016	Moscow RUS	2016.03.08	8.21
a2RUJKlb	54th Italian Teams GpA	Bacoli ITA	2023.04.26	2
tv571esX	13th ch-Mediterranean	Platja d'Aro ESP	2023.11.09	7.1
GMDXDjb3	6th Arica Open 2019	Arica CHI	2019.12.20	8.4
O75rk4Z2	RUS-Cup7	Kstovo	1997.05.10	9
6zKEnw70	Dos Hermanas-A	Dos Hermanas	2001.04.27	9
ZoJb8AYJ	7th Salamanca Masters	Salamanca ESP	2024.05.25	7.4
Fgu4h7XP	World Rapid 2019	Moscow RUS	2019.12.26	3.12
wZgngiKZ	2nd IMSA Blitz 2017	Huai'an CHN	2017.12.12	8.2
Mvnkob71	GCT Finals 2025	Sao Paulo BRA	2025.10.03	2.8
pgT9nx0f	Wch Rapid	Astana	2012.07.07	8
fCiXBmNw	Corus	Wijk aan Zee	2008.01.13	2
ZCyEipJT	2nd IMSA Basque 2017	Huai'an CHN	2017.12.14	3.2
nLzrSPQ1	World Rapid 2017	Riyadh KSA	2017.12.28	14.8
98Uyv5pR	Wch Blitz 3rd	Moscow	2007.11.22	28
YAI1W0NQ	2nd IMSA Blitz 2017	Huai'an CHN	2017.12.12	10.3
HtXfV91p	PCA-World Championship	London	1993.10.19	19
F06NM36v	World Cup ACP 2nd	Odessa	2008.01.07	3.5
ii6Wq8sR	Candidates FIDE m2	Wijk aan Zee	1994.??.??	1
x6JsvcIt	LTU/C38 (LTU)	ICCF	2020.12.20	?
unYr0BZL	Goldmoney Asian Rapid KO	chess24.com INT	2021.07.02	2.31
D0imycqZ	Saint Louis Rapid 2023	Saint Louis USA	2023.11.15	4.4
4yUGau8V	TechM GCL 2025	Mumbai IND	2025.12.21	8.3
ZdtVnJZ9	WR Chess Masters 2024	London ENG	2024.10.15	2.3
JtokpIEy	FIDE World Rapid Team	Almaty KAZ	2024.08.02	1.43
5R9DfzFG	ch-ITA Semiblitz 2018	Chianciano Terme ITA	2018.04.02	6.5
sFhx5aKH	Mark Pinto IM	San Francisco	2004.07.26	6
IQ12gu4s	Moma Vucicevic Mem 2019	Belgrade SRB	2019.12.22	8.8
oEKgpiU7	Olkhovskiy Mem Rapid 2016	Vinnytsia UKR	2016.04.23	6.1
lz8MYNw0	SVK-ch op	Banska Stiavnica	2013.07.06	1
qnFvADoH	Asturias-chT Preferente 0001	Asturias	2000.10.28	1
SY6Op8C0	SWE-ch	Karlskrona	1983.??.??	?
kbI7b55V	Sh.Safin Memorial 2025	Tashkent UZB	2025.08.15	1.1
rMb56BB7	CZE-ch	Luhacovice	1993.??.??	11
8MDRH4vZ	Andorra op 15th	Andorra	1997.??.??	6
oBa6WmFS	Budapest FS08 IM	Budapest	1994.??.??	2
Mlm8SbLi	TCh-HUN 2016-17	Hungary HUN	2016.10.30	1.9
5jHAvGem	Luzern ol (Men)	Luzern	1982.11.01	3
p3EKwZMA	2nd IMSA Blitz 2017	Huai'an CHN	2017.12.13	13.1
Zgv8bqAu	41st Nezhmetdinov Rapid	Kazan RUS	2019.05.30	10.8
zOn0TLpz	ch-RUS Rapid GP Final	Khanty-Mansiysk RUS	2018.12.03	13.1
aZzaiUPl	London	London	1987.??.??	?
ejuCZVJb	4th Starodubtsev Mem 2018	Tula RUS	2018.01.08	3.5
vHL6XZpy	Hoogovens	Wijk aan Zee	1986.01.19	3
WJdna24G	Abu Dhabi op 14th	Abu Dhabi	2004.08.16	3
sLAZ2DtM	Rovno	Rovno	2000.??.??	13
eYO2gLlv	Lloyds Bank op 06th	London	1982.??.??	?
oKNHwY4h	EU-ch 8th	Dresden	2007.04.14	11
OMhpM4Im	RUS-Cup final	Samara	1998.08.29	1
iNU5WZ01	Hoogovens	Wijk aan Zee	1982.01.22	6
iebqANNz	ch-CRO 2023	Zagreb CRO	2023.12.06	2.1
vXuVyRoh	Leon Masters 25th	Leon	2012.06.08	2
gsfd8sIZ	Capablanca Memorial Elite 45th	Havana	2010.06.14	5
5ctUkglw	Moscow Aeroflot op-A 11th	Moscow	2012.02.07	1
eIEigEbp	Lake Sevan 2016	Martuni ARM	2016.07.25	8.2
PHJ2A0an	Morelia/Linares 24th	Morelia/Linares	2007.02.18	2
Nkt8DXeV	Amber-rapid 16th	Monte Carlo	2007.03.25	8
1JDpUTZd	RUS-chT	Briansk	1995.??.??	6
CFNWN3k8	Dos Hermanas op 4th	Dos Hermanas	2004.03.30	6
r8muk8rG	RUS-Cup02	Moscow	1998.??.??	1
SSgviqPt	POL-ch 29th	Wroclaw	1972.02.22	15
nVqohEGa	Chess@iceland-A	Kopavogur	2000.04.01	1
Ce6LSYV9	EU-Cup 19th	Rethymnon	2003.09.29	2.2
buoyD2sg	Poikovsky Karpov 09th	Poikovsky	2008.07.14	6
dEzYf58H	Norway Chess 8th	Stavanger	2020.10.11	6
h9mvIJab	Amber-blindfold 17th	Nice	2008.03.21	6
u4KGiETJ	Corus	Wijk aan Zee	2005.01.25	9
SI83IsMj	EU-Cup 26th	Plovdiv	2010.10.23	7.5
jjN65IiS	Pardubice Czech op 21st	Pardubice	2010.07.29	7
rhvpFm99	WC32/pr06	ICCF	2008.07.25	?
7Jwithfl	ARG-ch 88th	Resistance/Saenz Pena	2013.08.29	5
gNj1laUW	FSIM December 2013	Budapest HUN	2013.12.07	1.5
tmP0C7eN	Las Palmas Interzonal	Las Palmas	1982.??.??	12
CLmBGFOM	ESP-ch qual	Lorca	2005.11.14	1.2
xSmSe2Za	Barcelona Sant Marti op-A 14th	Barcelona	2012.07.19	7
ciUh7Jtk	Mendeleev Memorial 3rd	Tyumen	2012.11.09	5
L59vwOHd	Champions Challenge 178th	playchess.com INT	2006.12.23	3.3
eFWGCjtE	Amber-blindfold 13th	Monte Carlo	2004.03.25	5
yuZTaFGz	Amber-rapid 13th	Monte Carlo	2004.03.26	6
8HGos9c8	Mainz Ordix op	Mainz	2005.08.13	5
TrbAFA5Z	Portoroz/Ljubljana	Ljubljana	1975.06.18	13
7BxwrPFh	Staunton CC Albin Theme Invitational	Groningen	2001.09.07	1
VAiHyDfx	New Delhi Parsvnath op 8th	New Delhi	2010.01.17	6
9KPfNt52	ACP Blitz Prelim2	playchess.com INT	2004.04.13	14
YAMQ0z8P	Staunton CC Albin Theme Invitational	Groningen	2001.09.08	3
RQgBNIxr	ARG-ESP 2005	ICCF	2005.06.20	?.1
NH6wu9Im	Los Angeles	Los Angeles	2003.08.18	1
eyoeBHhL	Doroshkevich Memorial op	Belorechensk	2009.05.27	5
BrnCMaid	Staunton CC Albin Theme Invitational	Groningen	2001.09.08	2
ZkvDpgGh	FRA-chT1	France	2002.02.03	3.5
7ztwJ1He	Izmir op	Izmir	2004.09.06	7.5
TGSZsP2c	YUG-ch	Borovo	1981.??.??	7
zi866l1e	World Blitz 2016	Doha QAT	2016.12.29	12.3
H1BS4Rrh	Amber-blindfold 09th	Monte Carlo	2000.03.24	8
Ygx1SuBK	Bazna Kings 5th	Medias	2011.06.19	8
ds4HoIwq	5th Norway Chess 2017	Stavanger NOR	2017.06.10	4.2
xtK2yQcG	GCT Blitz Paris 2017	Paris FRA	2017.06.25	12.1
unTFeuKm	Tata Steel-A 75th	Wijk aan Zee	2013.01.25	11
46p46PKR	FIDE World Cup 2019	Khanty-Mansiysk RUS	2019.09.12	1.4
Y7hw21A7	Linares 11th	Linares	1993.??.??	10
q8zJ6BP4	Amber-blindfold 02nd	Monte Carlo	1993.03.31	5
K8mnyH1T	Sarajevo Bosnia 33rd	Sarajevo	2003.05.20	3
mox2ovlb	Amber-rapid 17th	Nice	2008.03.16	2
3LKD0tBn	Chess Classics	Frankfurt	1997.??.??	4
Bb7sAcgE	Dortmund SuperGM	Dortmund	2000.07.10	4
0rTK7oFA	Dortmund SuperGM	Dortmund	2000.07.08	2
bqFZYW9Z	OHRA-A	Brussels	1986.12.??	8
1cQfQuAx	Brussels	Brussels	1987.04.11	2
J7FwW4d7	URS-ch41	Moscow	1973.10.07	5
5wdTmBnh	OHRA-A	Brussels	1986.12.??	1
vmn2vQeh	Sofia MTel Masters 4th	Sofia	2008.05.17	9
5lDDlqEl	Chess.com RCC Losers	chess.com INT	2022.08.19	2.2
Yh2GlNn8	TCh-RUS Men 2017	Sochi RUS	2017.05.07	5.2
Bv0g6xat	World Blitz 2015	Berlin GER	2015.10.13	1.15
ma3LcMWx	TCh-FRA Top 16 Haute 2023	Chartres FRA	2023.06.10	3.4
LFgCoBMN	World Cup ACP 4th	Odessa	2010.05.27	1.2
TNgUoQuS	Wch Blitz 5th	Moscow	2010.11.18	35
2UtdIcWm	World Rapid 2016	Doha QAT	2016.12.27	10.23
NKsdfOQz	Wch Blitz 3rd	Moscow	2007.11.22	20
z2vJh7Xr	Reykjavik Open 2018	Reykjavik ISL	2018.03.07	3.1
Gb3FRjCe	Corus-B	Wijk aan Zee	2010.01.17	2
y112lvKA	Capablanca Memorial Premier 45th	Havana	2010.06.20	9
29zp6ggc	German Masters	Magdeburg	2020.08.19	4
C9bryyJi	EU-Cup 22nd	Fuegen	2006.10.13	6.1
lTvVcozO	2nd Dole Open 2024	Aix-en-Provence FRA	2024.07.25	6.11
s9NbEyoz	Fagernes GM Open 2024	Fagernes NOR	2024.03.28	6.5
UOaJqaXv	SPICE Cup Open 2023	Chesterfield MO USA	2023.12.21	8.4
8JznWp7U	III Niteroi Chess Open	Niteroi BRA	2023.09.07	6.1
ttXhKfSC	World op 34th	Philadelphia	2006.07.04	9
BT2c4Nib	Moscow blitz	Moscow	1993.??.??	?
2KFBsFFD	Bundesliga 0506	Germany	2006.04.01	14.3
BAgwYmaY	UT Dallas Fall Open 2018	Dallas USA	2018.11.21	9.3
SbxiOeYt	Monarch Assurance 14th	Port Erin	2005.10.02	9
pClPvfCN	Komotini op	Komotini	1992.??.??	?
KE3n9gea	San Marino op 2nd	San Marino	2006.06.09	6
DA63OqSY	ch-CHN 2024	Xinghua CHN	2024.05.10	5.3
ZB2KvWb5	WchT 8th	Ningbo	2011.07.20	4
qLtRUmZm	PRO League Group Stage	chess.com INT	2018.01.18	1
coB44z30	Tal Memorial 8th	Moscow	2013.06.15	3
sO0m8KwQ	GCT Blitz Paris 2017	Paris FRA	2017.06.24	5.1
hvyAkTG1	chess.com Speed 5m+1spm 2017	chess.com INT	2018.07.24	1
iO0Z4vbp	GCT Blitz Paris 2017	Paris FRA	2017.06.25	15.4
zseUdqst	Cap d'Agde CCAS Trophee KO	Cap d'Agde	2008.10.29	1.4
nW33Eky2	SportAccord Blitz Men 2013	Beijing CHN	2013.12.15	14.3
Nfym5KL9	Zurich Korchnoi CC Blitz	Zurich SUI	2017.04.17	4.3
rZtjYdDe	GCT Blitz Paris 2016	Paris FRA	2016.06.12	10.5
qmhkTkx0	FIDE-Wch k.o.	Tripoli	2004.07.04	6.4
tES5tkhl	World Blitz 2017	Riyadh KSA	2017.12.29	3.46
7u8j5jUe	Moscow Open A 2015	Moscow RUS	2015.02.07	8.10
92EOobRY	US op 104th	Los Angeles	2003.08.10	6
j2g4bUsN	Bratto op 26th	Bratto	2006.08.24	6
EdlR9ntX	EU-Cup 22nd	Fuegen	2006.10.10	3.1
6FMDxLHm	Dresden ol (Men) 38th	Dresden	2008.11.16	4
5pOQjL5a	Sant Cebria op	Sant Cebria	1998.??.??	?
pJahjGbu	ch-Commonwealth 2018	New Delhi IND	2018.06.30	6.4
aUwVqrsB	Azov Don Cup	Azov	2010.07.17	6
ifXMm9Wr	AA/TC03	ICCF	2020.12.15	?.1
5FL2bTUd	CL1-2000.18.07	IECC	2000.06.27	?
jXKPxFD3	SLO-chT	Kranj	1999.??.??	?
RQSfeEfb	Moscow op2	Moscow	1995.??.??	8
HN9KUWMs	SLO-chT sf	Skofja Loka	1997.??.??	?
JhyIwCQ5	VWC2/sf05	ICCF	2011.06.01	?
0yUPHbV8	CM.1999.0.00065	IECG	1999.??.??	?
vxdHSae0	WSTT/3/23/S  1	ICCF	2025.02.25	?
MySr2DyQ	Hofheim op	Hofheim	1997.??.??	3
qC7pSKhR	WSTT/3/23/1	ICCF	2023.04.20	?
wDpQxYbV	Rowy Jantar op	Rowy	2000.06.??	?
NNQKggDr	World Blitz 2018	St Petersburg RUS	2018.12.29	9.12
Crpi5QwU	FIDE World Cup 2023	Baku AZE	2023.08.04	2.3
ciWbKdSq	Online Olym Top DivB 2021	chess.com INT	2021.09.08	1.4
1eIKx3SH	15th Nat Games Ind Prelim	Huairou District CHN	2025.06.12	5.13
AW6hrxaZ	ECo-C TCh-SVK 2022-23	Slovakia SVK	2022.12.10	3.1
myAJF29U	POL-CZE 2025	ICCF	2025.06.15	?.2
aTJNTpGk	WC49/sf  5	ICCF	2025.06.20	?
vtkenVSa	WS/GMN/B/14	ICCF	2025.01.13	?
NJ4ysuBM	MT-Dunne/B (USA)	ICCF	2023.06.30	?
jmCFOrHC	Saint Louis Blitz 2018	Saint Louis USA	2018.08.14	8.5
3qWERrz9	46th GM 2018	Dortmund GER	2018.07.22	7.3
49s67exu	37th ECC Open 2022	Mayrhofen AUT	2022.10.05	3.1
HMVZDU9s	HUN-chT2 9798	Hungary	1998.??.??	?
scZCJYuW	FIDE Grand Swiss 2023	Douglas IOM	2023.10.29	5.11
aIyKB5tB	Alekhine Memorial	Moscow	1992.??.??	?
jEtZCIrW	EU-ch 12th	Aix-les-Bains	2011.03.28	7
bDWAPBsI	Rapid GP Final Russia 2014	Rostov-on-Don RUS	2014.12.14	2.2
xx46g9vQ	MK Cafe Cup-A	Koszalin	1999.08.13	10
u5noHFxA	Guarenas Martinez Memorial	Guarenas	2012.10.26	3
GuqOPnkZ	Bundesliga 0001	Germany	2001.04.01	13.3
rQBI7gZq	Leonid Stein Memorial	Lvov	2000.05.18	6
RjqcGIek	BIH-chT	Neum	2008.06.10	7
IArKc4ZX	Bundesliga 9900	Germany	1999.11.07	4.1
SJ76HVzu	YUG-chT	Tivat	1995.??.??	5
WSRFkvXN	Calatrava op rapid 2nd	Calatrava	2007.04.08	7
Ap2kwUXh	URS-ch54	Minsk	1987.??.??	?
dws2oBoT	EU-ch 11th	Rijeka	2010.03.11	6
BfRN2kPh	GCT Blitz Paris 2017	Paris FRA	2017.06.25	14.1
DyYXR2Yr	World Blitz 2019	Moscow RUS	2019.12.30	13.1
g9u5d8Y7	Chess Classics Giants 3rd pl	Frankfurt	1998.06.19	2
EHob3q3A	SportAccord Basque Men 2013	Beijing CHN	2013.12.18	5.1
m6KOwOIB	Grand Slam Final 6th	Bilbao	2013.10.12	6
77QvJ7FG	Moscow Tal Memorial 5th	Moscow	2010.11.12	7
erB17hWh	NIC Classic Prelim 2021	chess24.com INT	2021.04.25	8.5
PqJQcOvw	Tbilisi FIDE GP 2015	Tbilisi GEO	2015.02.23	8.6
NYSHOdbL	chess.com Speed 2019	chess.com INT	2019.09.03	1.31
aMFIoLtf	Tata Steel India Rapid	Kolkata IND	2024.11.15	7.3
q57ja0Kz	Tata Steel-A 73rd	Wijk aan Zee	2011.01.26	10
siminW0J	FIDE World Cup 2015	Baku AZE	2015.09.16	2.5
HthuPjUp	6th Sinquefield Cup 2018	Saint Louis USA	2018.08.26	8.4
GOfwkw13	Wch Blitz 5th	Moscow	2010.11.18	34
dyRsqO73	Sigeman & Co 20th	Malmo	2012.05.16	7
clzdg6Ya	Bled ol (Men)	Bled	2002.11.10	14.1
GsPI3JVA	St.Petersburg Rapid 2017	St Petersburg RUS	2017.08.27	7.3
51F2WkN4	Manila Interzonal	Manila	1990.??.??	8
2ppjZnXD	EU-chT prel	Aarhus	1971.09.08	4
HaszURga	Nezhmetdinov Memorial 28th	Kazan	2006.06.07	7
r5CXX0Bp	Katowice op	Katowice	1992.??.??	1
tK0Auzs7	Moscow-ch	Moscow	1996.??.??	5
1Pm8Plh6	Donner Memorial-B	Amsterdam	1994.??.??	7
cnAZnY15	chess.com Speed 2019	chess.com INT	2019.11.19	2.13
kJj92Brr	7th Norway Blitz 2019	Stavanger NOR	2019.06.03	1.4
TyDrdQtR	Rapport-Laznicka m 2014	Novy Bor CZE	2014.10.05	6
CQeZg7TB	World Blitz 2018	St Petersburg RUS	2018.12.29	7.64
7rVJu2nl	Skopje Karposh op	Skopje	2012.04.10	5
z05vhuKF	Oceania zt 3.2b playoff	Gold Coast	2001.04.27	2
CTSa8daH	AUT-ch sf	Hartberg	1992.??.??	?
0jfakEN2	Korolev-ch	Korolev	1999.??.??	4
nyO12FD8	Third Saturday GM Mix 251	Novi Sad SRB	2022.04.26	2.5
EPx7zNxv	Srbia-chT	Jahorina	2000.??.??	?
FoHnouWb	Interzonal TT/4	ICCF	2006.12.15	?.6
x8xsHxoB	VWC2/sf05	ICCF	2011.06.01	?
Jb88rBip	Rio de Janeiro-ch 20th	Rio de Janeiro	1996.01.18	6
nLasuoj7	CellaVision Cup 2019	Lund SWE	2019.08.03	6.2
Z6xVEwR5	Politiken Cup 27th	Copenhagen	2005.07.19	5
Jt4yI7Iv	RUS-Cup06	Nizhnij Novgorod	1998.07.05	7
0FWZkvPn	Griesheim GM 3rd	Griesheim	2003.02.06	9
jK02xUDB	European Blitz 2015	Minsk BLR	2015.12.18	7.31
2HEJ01gU	Tapolca	Budapest	1986.??.??	15
OYeYPmtn	HUN-chT2 9899	Hungary	1999.??.??	?
rvTA8h0l	World Blitz 2017	Riyadh KSA	2017.12.30	15.40
3SSRRMmu	WC43/sf/4	ICCF	2019.06.20	?
ImzF3Ips	HUN-ch op	Kecskemet	1983.??.??	?
bNPtH5sP	Nyiregyhaza op	Nyiregyhaza	1994.??.??	5
VKj1Cy8b	Hajduboszormeny op	Hajduboszormeny	1998.07.19	2.2
F5arCMjN	Nyiregyhaza op	Nyiregyhaza	1998.??.??	5
kkrD95I6	Chigorin Mem Blitz 2014	St Petersburg RUS	2014.10.17	4.4
W3X77nj9	SVK-chT 1112	Slovakia	2011.10.23	2.1
ChqHNrbA	European Blitz 2015	Minsk BLR	2015.12.18	8.46
Kgyn2lkU	FIN-SLO 2019	ICCF	2019.01.25	?.1
BrCDph9Y	HUN-chT2 Erkel 0304	Hungary	2004.02.22	8
bqmwowH5	HUN-chT2 9899	Hungary	1999.??.??	?
TGsJ6XzB	HUN-chT2 Erkel 0607	Hungary	2007.03.04	6
jEDB4GfT	Nyiregyhaza op	Nyiregyhaza	2003.07.10	6
tzac8Zp2	Hart House Crown 2025	Toronto CAN	2025.02.16	4.2
Mvw5pdw1	83rd ch-BRA 2017	Rio de Janeiro BRA	2017.02.07	2.6
9ZxFOp1W	C IM 3/24 (CUB)	ICCF	2024.11.19	?
KjGp9Wvp	Moscow-chT GpA	Moscow	2013.09.22	2.4
9lVAsQxW	Corsican Circuit Final	Bastia FRA	2016.10.30	4.1
cZabW7Tm	Cote d'Ivoire Blitz 2019	Abidjan CIV	2019.05.11	1.3
jgGCAwtF	CCT Final RR 2024	Oslo NOR	2024.12.18	5.3
sMfJ0Wn1	30th Leon GM 2017	Leon ESP	2017.07.09	2.5
kaT8RAxj	Clutch-ch May	Lichess.org INT	2020.05.27	1.9
taXGqCw9	Clutch-ch May	Lichess.org INT	2020.05.26	1.4
P44TRZnD	chess.com Speed 1m+1spm 2017	chess.com INT	2017.11.02	2.25
S6vSbp5M	Wch Blitz	Astana	2012.07.09	3
YE7ayuJD	Amber-rapid 07th	Monte Carlo	1998.03.26	11
zR1mz4ti	chess.com Speed 1m+1spm 2017	chess.com INT	2017.10.24	2.23
0DjXX4Vd	chess.com Speed 1m+1spm 2017	chess.com INT	2017.10.24	2.25
LOYRRzo2	EU-ch 1st	Saint Vincent	2000.07.05	3
6UGsES8m	FIDE World Rapid 2014	Dubai UAE	2014.06.17	8.33
9yRpi9ki	Meltwater Indian Qualfier	chess24.com INT	2021.05.07	1.6
bOdGjiEg	Gibraltar Masters 2019	Caleta ENG	2019.01.28	7.28
FzPJhx0l	SportAccord Blitz 2014	Beijing CHN	2014.12.13	25.8
TguRo68V	World Rapid 2025	Doha QAT	2025.12.27	8.38
ugVtWjBw	EU-ch blitz	Warsaw	2011.12.16	3
vRzlE8iJ	Bundesliga 2024-25	Deggendorf GER	2025.04.27	15.3
wDk7y7YD	SportAccord Blitz Men 2013	Beijing CHN	2013.12.14	6.4
O4mQUI9i	CGC KO 2022	chess.com INT	2022.11.07	6.5
GkR2EBPu	Moscow Superblitz	Moscow	2006.01.05	4
Hdx7DXsH	18th Moscow Stars Prelim	Moscow RUS	2022.07.18	3.1
Ghr5XizG	Tournament of Peace 2019	Zagreb CRO	2019.11.24	6.6
kmrM4lhZ	RUS-FRA m U20	Moscow	2008.??.??	6
lTZUoVN4	Bayern-chI Bank Hofmann 15th	Bad Wiessee	2011.11.06	9
UGtXKR41	32nd ECC Open 2016	Novi Sad SRB	2016.11.06	1.8
8wjaNR7U	New York op	New York	1996.??.??	6
TiyJjaid	World Blitz 2019	Moscow RUS	2019.12.30	21.54
noR5k8I8	RUS Cup Qualifier 2	chessassistantclub.com INT	2004.09.30	?
faXqSSps	Barcelona op act	Barcelona	2010.08.12	6
d5XMVSYF	FRA-chT1A 0708	France	2007.11.25	3.1
MZHmdOJs	Wch Blitz 5th	Moscow	2010.11.17	17
myFHaJNc	Moscow Tal Memorial Blitz	Moscow	2008.08.30	22
gJKkRqVw	69th Moscow Blitz	Moscow RUS	2015.09.06	12.1
eq6ClZu1	Chigorin Memorial 2019	St Petersburg RUS	2019.10.10	6.9
aHAGEGSY	Erandio op 11th	Erandio	2002.12.27	6.1
j9YcPy7Z	Capablanca Memorial op 42nd	Havana	2007.05.28	10
kjv7H3AW	World Blitz 2019	Moscow RUS	2019.12.29	11.14
dIEm1UOe	FIDE World Blitz 2014	Dubai UAE	2014.06.19	9.14
GlPmBAiw	ch-RUS Blitz 2017	Sochi RUS	2017.10.02	3.8
DxgiTmaD	ch-Africa 2016	Kampala UGA	2016.07.22	7.3
buIm34xJ	BCF-ch 78th	Eastbourne	1991.??.??	11
fuB6bB9D	St.Petersburg Rapid 2016	St Petersburg RUS	2016.08.28	9.11
wYXJ42A6	Czerniak Memorial	Tel Aviv	1997.??.??	5
QlSDG4Jd	CRO-chT	Makarska Tucepi	1995.??.??	?
cr7CjGC0	Velden op	Velden	1996.??.??	2
IIIspjo8	Tata Steel India Blitz	Kolkata IND	2019.11.25	6.2
v0UJxx0m	Tata Steel India Blitz	Kolkata IND	2019.11.25	8.3
d7h8VewM	Wch Blitz 5th	Moscow	2009.11.16	2
FIZSq4LM	Kiev rapid	Kiev	2013.06.06	5
MF60xV8P	Kiev rapid	Kiev	2013.06.07	9
ON1fDIgo	World Rapid 2019	Moscow RUS	2019.12.26	1.1
pqsymJf1	CRO-chT1A 18th	Sibenik	2009.09.28	8
8lPad5xv	SpeedChess Final 2024	Paris FRA	2024.09.06	1.24
p5Whe8md	Nations Cup Online Final	Chess.com INT	2020.05.10	1.2
J3wfABVq	GCT Blitz Paris 2019	Paris FRA	2019.07.31	6.4
jGXsi3H4	World Blitz 2018	St Petersburg RUS	2018.12.30	14.4
h1DYBlL5	Amber-rapid 18th	Nice	2009.03.21	7
PqnncqQQ	Linares 15th	Linares	1998.02.27	6
6GTXZ24D	Novgorod	Novgorod	1995.05.28	2
2Y7vVtfL	Amber-rapid 05th	Monte Carlo	1996.??.??	4
50wOO9tX	FIDE-Wch	Elista	1996.06.20	8
8RyL9t5o	Linares 15th	Linares	1998.03.03	9
1TQ1tVUS	Bermuda m	Bermuda	2000.02.14	7
MjcMg0vX	World Cup	Belfort	1988.06.??	9
rlqtA5If	Biel	Biel	1990.??.??	14
NQZ8NVei	Linares 12th	Linares	1994.??.??	7
e4zlXKM0	Dortmund	Dortmund	1995.??.??	3
mc3ErGJF	Corus	Wijk aan Zee	2001.01.18	5
3e9HoNRL	Amber-rapid 09th	Monte Carlo	2000.03.27	10
jfpHyr0e	Linares 10th	Linares	1992.??.??	2
bCEqyXtc	Vugar Gashimov Mem 2015	Shamkir AZE	2015.04.23	6.4
6ZfVclzW	World Teams 2013	Antalya TUR	2013.12.03	7.5
c0PoCMdz	FIDE-Wch k.o.	Groningen	1997.12.25	6.7
ax1kfH4D	ICCF-FM/494	ICCF	2007.05.17	?
sNofGm0b	PAL/CSS Freestyle fin 8th	playchess.com INT	2008.04.12	5
JtayQxhv	Chess.com RCC Wk25 KO	chess.com INT	2022.08.14	3.4
bn3W2osw	Meltwater Tour Final 2021	chess24.com INT	2021.09.28	4.3
KJ16mL8d	10th Norway Chess 2022	Stavanger NOR	2022.06.09	8.5
szwUMbHE	FIDE Grand Prix 3 Pool D	Berlin GER	2022.03.22	1.1
jRaZ4GYp	Corus	Wijk aan Zee	2008.01.14	3
aenNKpYk	Chess.com Rapid W10 Swiss	chess.com INT	2022.04.16	2
le6BnCvj	GM Grandiscacchi GM Mix	Montebelluna ITA	2022.05.17	3.1
8HoRKv4y	Vilnius	Vilnius	1988.??.??	?
zYCMnnT4	TCh-TUR Super League 2024	Ankara TUR	2024.07.21	10.27
fTxUS8Tm	18th ch-EUR Indiv 2017	Minsk BLR	2017.06.10	11.1
zmlcDSmE	World Blitz 2015	Berlin GER	2015.10.14	20.22
xfqLQD81	Internet blitz 5'	ICC INT	1998.08.07	?
gObgehra	PRO League KO Stage	Chess.com INT	2020.09.25	3.4
sbe4k5oE	World Blitz 2015	Berlin GER	2015.10.14	12.7
FoUsATSL	17th ch-EUR Indiv 2016	Gjakova KOS	2016.05.17	6.2
xhab7tbH	AZE-The World m	Baku	2009.05.07	1
eUc4ix80	Chess.com Rapid Wk2 Swiss	chess.com INT	2022.02.19	8
bseaLjYc	Chess.com Rapid Wk6 Swiss	chess.com INT	2022.03.19	5
KUlQbzmP	VWC9 /pr 60	ICCF	2016.09.01	?
nhjhCSUB	SportAccord Blitz 2014	Beijing CHN	2014.12.13	3.6
EjRzCyKC	FIDE World Rapid 2014	Dubai UAE	2014.06.18	14.18
1yluAPRt	Montreal 8th	Montreal	2007.07.26	7
oOij10hA	ch-RUS Blitz 2019	Sochi RUS	2019.10.17	3.6
8AqzUI9Y	TCh-ESP Rapid 2022	Toledo ESP	2022.09.24	4
zkwvDkEL	18th Menton Open 2019	Menton FRA	2019.10.21	4.1
ldFyaZw6	TechM GCL 2025	Mumbai IND	2025.12.21	9.2
7WbcT8s1	Chess.com RCC Wk24 Swiss	chess.com INT	2022.08.06	7
vbqJk1oc	World Blitz 2018	St Petersburg RUS	2018.12.29	8.11
evYlZKIx	FIDE World Blitz 2013	Khanty-Mansiysk	2013.06.09	2
otEMQDOD	Saint Louis Blitz 2019	Saint Louis USA	2019.08.13	5.5
7TXwPEHC	FIDE World Blitz 2013	Khanty-Mansiysk	2013.06.09	11
BaWcRGo8	FTX Road to Miami Prelim	chess24.com INT	2022.07.13	13.3
5E0hw55a	Eurasian Blitz Chess Cup	Almaty KAZ	2016.06.18	11.1
mz09Ecev	Foros Aerosvit	Foros	2006.06.22	6
G7Jrav1E	Chess.com Rapid Wk7 Swiss	chess.com INT	2022.03.26	7
CxiFJJfp	Bundesliga 0102	Germany	2002.03.16	10.1
ZNKbngd7	30th Abu Dhabi Masters	Abu Dhabi UAE	2024.08.20	5.3
4ZehHvRx	Julius Baer Gen Cup Pl/In	chess.com INT	2024.09.25	8
IdHZCbLP	World Rapid 2022	Almaty KAZ	2022.12.27	7.3
IMjrsapg	Albena Masters op	Albena	2013.06.09	9
meFSKZGO	RUS-ch 54th	Elista	2001.05.04	5
5QbYZRZv	ITA-ch 63rd	Arvier	2003.12.01	7
xXUfEHpd	BCF-ch 86th	Scarborough	1999.08.11	10
bl29MmSF	Barbera del Valles-A	Barbera del Valles	1997.??.??	9
49GT1V3A	Quebec-ch	Montreal	2004.07.03	8
1w7K31oS	New York op	New York	1997.??.??	?
TD6TzOO3	25th Heart of Finland Op	Jyvaskyla FIN	2015.07.13	1.1
k7GoP88Q	Budapest op	Budapest	1991.??.??	?
HXQfTxQ3	Wuerttemberg-ch	Schramberg	1993.??.??	8
iBVWn08m	Chess.com RCC Wk18 Swiss	chess.com INT	2022.06.11	4
mm8t1q9D	World Rapid 2018	St Petersburg RUS	2018.12.26	4.63
7tDJKmDA	St Petersburg-ch	St Petersburg	2002.04.19	4
HKwrmHKb	Pacific/TT6	ICCF	2014.09.10	?.3
13QOSYjo	Kuzbass-ch op	Kemerovo	2011.10.17	5
11dVJfvm	PRO League Group Stage	chess.com INT	2018.02.24	7
MnXyDfKb	Baku op	Baku	2010.08.25	3
hJoG2WuI	FIDE World Blitz 2013	Khanty-Mansiysk	2013.06.10	25
zONsDOvh	Graz op-A 17th	Graz	2010.09.01	5
MZwEyM6X	Mitropa Cup 17th	Montecatini Terme	1997.??.??	7
Zz28lOdi	Swidnica op	Swidnica	1999.07.01	4
yefbGgzu	Serpukhov-A	Serpukhov	2003.??.??	8
ZI8ha639	Quebec blitz	Montreal	2004.07.24	3.1
aH98EWJ2	Bundesliga 8384	Germany	1984.??.??	?.1
UfinZU0J				
J10Zwkem	World op 33rd	Philadelphia	2005.06.30	3
D5qo5091	Capablanca Memorial Elite 39th	Havana	2004.05.15	8
e9SP8Ffc	POR-chT	Porto	2012.07.21	1.3
ez98MoHS	Donetzk zt	Donetsk	1998.11.11	9
FT4ghKQ2	Nezhmetdinov Memorial 28th	Kazan	2006.06.06	6
2lWQZluk	chess.com Speed 3m+1spm 2018	chess.com INT	2018.09.07	1.12
jhowLgn4	CGC KO 2022	chess.com INT	2022.11.02	4.4
BPoQ8vjv	Beijing Sportaccord blitz	Beijing	2012.12.17	13
wrRtZyzq	MT-Allain (ENG)	ICCF	2010.03.15	?
z4EdVm9r	TCh-RUS Blitz 2015	Sochi RUS	2015.05.10	11.10
zkM2aM7Z	FICGS__CHESS__CLASS_GM__000002	FICGS	2010.09.03	1
vOWwPZz3	FICGS__CHESS__WCH_SEMI_FINAL_2__000004	FICGS	2008.07.10	2
414mCJG8	FICGS__CHESS__CLASS_SM__000005	FICGS	2007.05.11	1
P3oCnowK	Ultimate Blitz Challenge	Saint Louis USA	2016.04.28	7.1
gleZBFIx	Wch Blitz 3rd	Moscow	2007.11.21	16
7sG3OWQy	Aimchess Rapid KO	chess24.com INT	2022.10.19	2.22
LtkjcfF7	FIDE World Cup 2025	Goa IND	2025.11.16	5.4
PSM54Fth	IMSA Blitz 2016	Huai'an CHN	2016.02.29	19.2
bWYVlOIi	World Championship	Mexico City	2007.09.23	9
pqycbVol	SportAccord Blitz Men 2013	Beijing CHN	2013.12.16	24.1
grBAfwbM	ch-USA 2025	Saint Louis USA	2025.10.12	1.5
eGsJujiS	St Louis Winter Classic A	Saint Louis USA	2017.03.19	9.2
B8uuG2kw	Bundesliga 1314	Germany	2013.10.12	1.1
xlrW5pgP	World Blitz 2019	Moscow RUS	2019.12.29	12.33
cMhL7kM3	FRM-chT 18th	Struga	2009.08.11	2
Hhmncrx9	Sarajevo Bosnia 34th	Sarajevo	2004.05.19	2
mbZKTFRH	Bundesliga 0102	Germany	2002.02.03	7.2
wQTWnP5t	Solin 14th	Solin	2006.11.25	2
8TgJDW90	Wch U20	Istanbul	2005.11.11	3
Mdgfp3FW	FRA-chT	France	1999.??.??	6
kkfdh2HF	YUG-chT	Niksic	1997.??.??	9
mgoIABbf	Bundesliga 9798	Germany	1997.10.19	2.2
Kh0SilvP	Catalunya-ch 3rd-4th	Lleida	2009.05.22	4.1
8aisTpS6	56th ch-IND 2018	Jammu IND	2018.12.09	2.3
tafFarMy	GER-ch rap	Hockenheim	2003.12.06	1
9IxJWAKR	National Open 2016	Las Vegas USA	2016.06.24	1
YjRpkMmK	World Cup qual	Khanty-Mansiysk	2007.10.21	12
DqPjxmlj	CRO Cup 14th	Sibenik	2005.06.02	6
6DWgvqxD	Bijeljina GM 2015	Bijeljina BIH	2015.06.24	4.2
ZeIbxCbf	10th Gashimov Mem Rapid	Shusha AZE	2024.09.27	4.3
H8fQvLaj	Mainz Ordix op 17th	Mainz	2010.08.08	8
lXKPhUjA	TCh-TUR Super League 2016	Izmir TUR	2016.07.28	4.6
WEtuiUaI	Sigeman & Co 10th	Malmo	2002.06.12	7
GZ1p6vCV	EU-chT (Men) 19th	Warsaw	2013.11.12	5.8
9HKxYwNg	Dresden ZMD op	Dresden	2009.08.01	8
3rYZgxql	GBR-ch 94th	Great Yarmouth	2007.08.10	11
fZK33Izh	FRA-chT	France	1991.??.??	?
3dd03TRg	BL2-West 9192	Germany	1991.??.??	1.5
2h7ezfhK	FRA-chT	France	1989.??.??	?
pzUQU1ho	BCF-ch	Ayr	1978.08.10	4
Dda3adKV	Hoogovens 5'	Wijk aan Zee	1999.01.18	3
mqQu9L3n	NOR-60/Cup/F (NOR)	ICCF	2007.04.05	?
NX0fkb2f	Multicoop op	Budapest	1992.??.??	8
8h3q2GIr	NOR-60/Cup/F (NOR)	ICCF	2007.04.05	?
OWP2cUcI	Espergarde op	Espergarde	1977.??.??	5
MUrFfMRJ	16th Premier League BIH	Sarajevo BIH	2017.08.31	9.5
kORLt09I	World Blitz 2017	Riyadh KSA	2017.12.29	11.18
anG2iFKx	Chess.com Rapid Wk3 Swiss	chess.com INT	2022.02.27	7
xn8AFPzD	World Blitz 2015	Berlin GER	2015.10.14	17.55
OwZ6fHh9	Chess.com Rapid Wk7 Swiss	chess.com INT	2022.03.26	4
wCEBxvfe	World Blitz 2019	Moscow RUS	2019.12.30	18.63
qQHBBiNo	Moscow Open Students 2015	Moscow RUS	2015.02.06	7.4
5lQaXGHu	YUG-chT	Nis	1994.??.??	?
ap8jMKYp	Rilton Cup 41st	Stockholm	2011.12.28	2
QxQlpkVP	World Rapid 2021	Warsaw POL	2021.12.27	8.1
ZeyBlPlQ	FIDE Candidates 2014	Khanty-Mansiysk RUS	2014.03.27	12.3
oaeHZIxZ	chess.com IoM Masters	Douglas ENG	2017.09.23	1.2
aNboeEom	13th Norway Chess 2025	Stavanger NOR	2025.06.06	10.1
uRHamwLX	85th Tata Steel Masters	Wijk aan Zee NED	2023.01.25	10.3
U7vfbhie	12th Sinquefield Cup	Saint Louis USA	2025.08.21	4.5
6J6XvFAU	Chessable Masters Winners	chess.com INT	2025.02.18	1.2
rYIGfM40	GCT Finals 2025	Sao Paulo BRA	2025.10.03	2.4
I9IvnA6t	Baku FIDE Grand Prix 2014	Baku AZE	2014.10.08	6.6
Rq9bw43E	Sochi FIDE GP	Sochi	2008.08.07	7
YxeV0PqM	FIDE World Cup 2017	Tbilisi GEO	2017.09.07	2.2
VeYnkPqx	Cap d'Agde-A	Cap d'Agde	2003.10.26	7
m4HbWPRG	Amber-rapid 20th	Monte Carlo	2011.03.12	1
q1rZReOp	chess.com QF Blitz 5m+2spm 2016	chess.com INT	2016.05.10	2
qFHmX2f7	Tata Steel India Blitz	Kolkata IND	2019.11.25	9.3
NcZBfGuW	Opera Euro Rapid Prelim	chess24.com INT	2021.02.08	12.2
swLh84O7	London Classic 3rd	London	2011.12.06	4
6cXkrHF0	Corus	Wijk aan Zee	2000.01.23	7
7pA6Y9Yt	Hoogovens 5'	Wijk aan Zee	1999.01.18	4
JuvZS9UH	41st Olympiad Open 2014	Tromso NOR	2014.08.09	7.3
3BEq2Rhg	Corus	Wijk aan Zee	2006.01.27	11
fpkmbUVd	Sarajevo Bosnia 29th	Sarajevo	1999.05.19	3
WIGgYhZD	Grand Slam Final 4th	Sao Paulo/Bilbao	2011.10.06	6
2TLTTIhA	GCT Rapid YourNextMove	Leuven BEL	2016.06.18	6.4
rw4ZHmvt	Vugar Gashimov Mem 2015	Shamkir AZE	2015.04.24	7.4
Cjxb0Eyr	World Rapid 2015	Berlin GER	2015.10.12	15.1
kZUfNF3n	10th Tal Mem 2016	Moscow RUS	2016.09.29	3.4
69rDHcNP	Alekhine Memorial	Paris/St Petersburg	2013.04.22	2
i1e2wsCH	Nanjing Pearl Spring 3rd	Nanjing	2010.10.21	2
2LN2KUHg	Vugar Gashimov Mem 2018	Shamkir AZE	2018.04.21	3.2
ErdluDOo	GCT Rapid YourNextMove	Leuven BEL	2018.06.13	5.2
Z8gyIBJF	CCT Final KO 2023	Toronto CAN	2023.12.16	2.23
RnlNTiVP	EU-Cup 20th	Izmir	2004.10.07	5.1
MQaYRp9O	Donner Memorial-A	Amsterdam	1994.??.??	2
6o8gt9yP	Moscow ol (Men)	Moscow	1994.??.??	3
cahn4dNW	Jermuk Asrian Memorial 5th	Jermuk	2012.06.21	6
zXjpZAaZ	Tata Steel Challengers	Wijk aan Zee NED	2025.02.02	13.4
He2UMosV	EU-ch 9th	Plovdiv	2008.04.22	2
ixRRa2Bf	EU-ch 6th	Warsaw	2005.06.28	10
ug11z3dV	Dvoretsky Mem Classical	Moscow RUS	2022.12.11	3.1
dVYxhSrm	EU-chT (Men) 16th	Heraklio	2007.10.29	2.2
pFaPsRg4	Moscow Tal Memorial 1st	Moscow	2006.11.07	2
KJjX5ksX	Amber-blindfold 17th	Nice	2008.03.16	2
mxiBTgto	Norway Chess	Stavanger	2013.05.17	8
uPTkBoL8	18th ch-EUR Indiv 2017	Minsk BLR	2017.06.08	9.10
4ANgU3MU	EU-chT (Men) 12th	Batumi	1999.12.06	8.1
GVVGIpoo	Istanbul ol (Men) 34th	Istanbul	2000.11.12	14.1
pMGpEgRP	USA-ch	Saint Louis	2009.05.12	5
S0OsiPhU	Zug FIDE GP	Zug	2013.04.25	7
UVth7q72	Istanbul ol (Men) 40th	Istanbul	2012.09.09	11.1
wrNIJdde	World Rapid 2017	Riyadh KSA	2017.12.27	9.1
TOsG74he	Carlsen-Ding Showdown G20	Saint Louis USA	2017.11.12	2
BK3t1b2v	12th Sinquefield Cup	Saint Louis USA	2025.08.18	1.4
HGp59rsE	GCT Rapid Paris 2021	Paris FRA	2021.06.19	6.1
Gyyk3JHZ	Superbet Rapid 2019	Bucharest ROU	2019.11.06	2.3
bakL4Djg	WCh 2024	Singapore SIN	2024.12.08	11.1
O51iWoXS	UzChess Cup Masters 2024	Tashkent UZB	2024.06.14	9.1
Xb6cNfMV	CCT Final RR 2024	Oslo NOR	2024.12.18	6.1
fOSnpzQZ	ch-POL 2018	Warsaw POL	2018.05.20	9.3
TSp29vcY	POL-chT	Wroclaw	2011.05.07	2.5
4BQU5W9F	World Rapid 2015	Berlin GER	2015.10.12	12.47
41hC12Nt	6th London CC Elite Blitz 2014	London ENG	2014.12.08	6.1
96gGXFNB	Armageddon: Chess for TV	Moscow RUS	2019.06.14	3.1
uspHWfPd	Netanya Riordan	Netanya	2009.07.14	12
jFd5XPTj	FRA-chT Top 12	Mulhouse	2011.05.27	2.1
4C0f5ROa	Nations Cup Online Prelim	Chess.com INT	2020.05.06	3.2
nlox78L4	Inarkiev-Wei Yi Rapid	Magas RUS	2018.08.20	1
QQU0KPMj	European Online CC Final	Tornelo INT	2021.03.31	9.2
PgSp34Hj	10th World Teams 2015	Tsaghkadzor ARM	2015.04.21	3.2
M2DWTbun	Goldmoney Asian Prelim	chess24.com INT	2021.06.26	2.8
MsOKFEHX	PRO League KO Stage 2017	chess.com INT	2017.03.08	2
s428LpPB	Goldmoney Asian Prelim	chess24.com INT	2021.06.26	1.1
qHzWq1dW	Saraybahce exh 5'	Kocaeli	2002.08.??	2
hjbEApgi	EU-ch 13th	Plovdiv	2012.03.24	5
F7SqOLfR	New York International	New York	1984.??.??	2
1cno4ZcV	Montreal-B 5th	Montreal	2004.08.09	6
yVxbEo2n	FIDE World Cup 2019	Khanty-Mansiysk RUS	2019.10.01	7.2
F3ecGkHo	84th Tata Steel Masters	Wijk aan Zee NED	2022.01.26	10.5
4ALboaZY	Beijing Sportaccord blitz	Beijing	2012.12.17	10
s7mE7lm7	FIDE Grand Swiss 2025	Samarkand UZB	2025.09.12	8.4
p9Vsr1rR	Norway Masters blitz	Stavanger	2013.05.07	2
WZeHImBp	Chess.com Rapid Wk7 Swiss	chess.com INT	2022.03.26	7
roY4RHVC	Candidates playoff-4pl	Montpellier	1985.??.??	4
S1Ssco1k	Brussels SWIFT blitz	Brussels	1992.??.??	?
9afWna35	41st Olympiad Open 2014	Tromso NOR	2014.08.08	6.1
1VjYLC0I	FIDE World Cup	Tromso	2013.08.14	2.1
8FEIZUjl	Tata Steel Challengers	Wijk aan Zee NED	2014.01.21	9.2
uUhtls74	FIDE World Rapid 2014	Dubai UAE	2014.06.18	13.21
VlMAF1Iy	FIDE World Rapid 2014	Dubai UAE	2014.06.17	6.29
DyAW2HwC	Las Palmas	Las Palmas	1994.??.??	1
eIFQGRAg	Aeroflot Open A 2017	Moscow RUS	2017.02.23	3.31
0FCZil9h	Bundesliga 0910	Germany	2009.11.15	4.6
ej28UPdc	CZE-chT1W 1011	Czechia	2011.04.03	11.1
OMdAaSYh	Oberliga Bayern 9394	Bayern	1993.??.??	?
iffb66Zy	Politiken Cup 04th	Copenhagen	1982.??.??	9
WH1k7zN1	Tel Aviv	Tel Aviv	1990.??.??	?
mh6FBLlR	Chigorin Memorial 2014	St Petersburg RUS	2014.10.25	8.20
RZodnnPM	USA-ch	New York	1972.??.??	10
cdkJP6EF	Bundesliga 0506	Germany	2005.12.11	6.6
6fEFpWIo	Wch U26 (Men)	Rotterdam	1998.08.20	9
pb0pGRPX	Miraflores	Miraflores	1993.??.??	6
SXKUVn88	GRENKE Chess Open 2016	Karlsruhe GER	2016.03.25	3.8
kgbpxMco	Chess24 Banter Blitz Cup	chess24.com INT	2020.01.06	1.1
1zcwefQz	EU-ch Blitz	Ajaccio	2007.10.26	23
CW9QxJWK	Wroclaw Anderssen Memorial fin 20th	Wroclaw	2011.07.12	1.2
PGH3B0tl	HUN-chT 0607	Hungary	2007.02.18	5
S4hOteOj	Cherry Blossom Classic	Dulles USA	2021.05.30	6.2
jymT8bhb	Gibraltar Masters 2015	Caleta ENG	2015.02.01	6.21
7WMdu8UY	24th Chicago Open 2015	Chicago USA	2015.05.24	6.2
pjlEgsbb	TCh-HUN 2024-25	Hungary HUN	2025.05.11	9.1
zPHHjNbo	WC44/ct/1	ICCF	2024.09.20	?
rxctr7IX	PRO League Group Stage	chess.com INT	2019.02.21	7
oCL8lRBt	Dallas UTD-A	Dallas	2009.11.26	6
S6MRW1kk	17th Sants Open 2015	Barcelona ESP	2015.08.27	7.7
OURtkMfl	Dos Hermanas op	Dos Hermanas	1998.??.??	3
FzMouERt	URS-YUG	Odessa	1975.??.??	4
ILqa8AQR	CRO-ch	Slavonski Brod	1995.??.??	?
2a03qISK	Abu Dhabi op 20th	Abu Dhabi	2010.08.16	5
DjMQQafc	EU-ch Online 2300+ Final	Chess.com INT	2020.05.30	6
B9VB0amC	ISR-ch op	Tel Aviv	2001.04.12	4
F40hlsaw	EU-ch U20	Aviles	2000.08.24	8
aB8dL0Cr	Wch U20	Kochin	2004.11.27	11
FTB5JWPc	Cappelle op 18th	Cappelle la Grande	2002.02.10	2
kQvnZn05	Tastrup	Tastrup	1992.??.??	?
U4XxqEWo	Aarhus op	Aarhus	1991.??.??	8
IyR4uG6v	Troll Masters	Gausdal	1992.??.??	6
bCC0K29t	Kecskemet Toth Memorial	Kecskemet	1987.??.??	?
pQy6pAAg	GCT Blitz Paris 2017	Paris FRA	2017.06.25	15.1
jD7xeZBK	Beijing Sportaccord blitz	Beijing	2012.12.16	2
lCJFyC5p	Beijing Sportaccord rap	Beijing	2012.12.14	2
vyg2pQgw	CGC KO 2022	chess.com INT	2022.09.15	1.4
mndHtgXT	Merida 2nd	Merida	2001.05.17	2
0cmM9iTA	Voronezh op-A 11th	Voronezh	2007.06.14	3
O5dea5Eq	Biel	Biel	1982.??.??	7
VPCsXAL2	Hradec Kralove	Hradec Kralove	1978.01.05	11
XePwEhIY	Andorra zt	Andorra	1987.??.??	?
4axk6Q1k	FIDE-Wch	Elista	1996.06.08	2
1jreNFe7	FIDE-Wch	Elista	1996.06.12	4
rjFFzwJE	World Rapid 2019	Moscow RUS	2019.12.28	14.1
1fIkGyEW	Morelia/Linares 25th	Morelia/Linares	2008.03.03	11
heYOMvBI	Bazna Kings 5th	Medias	2011.06.21	10
PWBz97ZJ	FIDE World Cup 2015	Baku AZE	2015.09.29	6.2
pnJjaWZ0	Amber-blindfold 18th	Nice	2009.03.24	9
8Xzkuoj6	Wch Blitz 5th	Moscow	2009.11.18	29
osANZkk8	FIDE-Wch k.o.	Las Vegas	1999.08.13	5.2
LOnlNPDB	RUS-UKR m g/3	bereg.ru Int	2003.12.14	7
RwKr2S9k	RUS-Cup	Krasnoyarsk	1998.??.??	3
rNxUhBZ6	Cappelle op 12th	Cappelle la Grande	1996.??.??	5
LV8gAlCz	Salsomaggiore Terme op	Salsomaggiore Terme	1999.05.08	5
Rk13yC40	Tiraspol Lutikov Memorial	Tiraspol	2007.03.26	5
OFcvE36n	Nordic Zonal 2017	Vaxjo SWE	2017.06.29	6.17
zRz22uZ0	FIDE World Cup 2019	Khanty-Mansiysk RUS	2019.09.25	5.7
Rl1GZrld	IMSA Rapid 2016	Huai'an CHN	2016.02.26	1.1
TjPXojSD	Sarajevo Bosnia 30th	Sarajevo	2000.05.20	4
kuNyxhmB	PokerStars IoM Masters	Douglas ENG	2015.10.11	9.1
QbGDhjni	Chess.com Rapid Wk4 Swiss	chess.com INT	2022.03.05	2
gi6sOyd5	Chess.com Rapid Wk6 Swiss	chess.com INT	2022.03.19	1
ARQSen8b	TUR-chT	Denizli	2013.07.01	3.1
9fa6A982	Fujitsu Siemens Masters	Frankfurt	2000.06.23	7
PXK0YYxP	SH.2004.0.00025	Chessfriend.com	2004.09.29	1
LeN1Eohv	BCF-chT2 9900 (4NCL)	Birmingham	2000.05.01	11.4
lqV1aPry	Lindores Abbey Final 8	chess24.com INT	2020.05.29	2.22
8C55LXvb	Nanjing Pearl Spring 3rd	Nanjing	2010.10.20	1
vT3QZyZw	2nd IMSA Blitz 2017	Huai'an CHN	2017.12.13	19.5
ihzBEhE5	SportAccord Blitz 2014	Beijing CHN	2014.12.13	27.4
nliL3Toz	15th London Classic Elite	London ENG	2025.12.01	6.5
6sgOPbXM	FIDE World Cup	Khanty-Mansiysk	2011.08.31	2.1
1A4itfH1	Lindores Abbey Final 8	chess24.com INT	2020.05.28	2.11
mGO5xltD	GCT Rapid YourNextMove	Leuven BEL	2017.06.30	9.3
5nKFaCPq	EU-chT (Men) 14th	Plovdiv	2003.10.14	4.1
ptbo9TmQ	Montreal 4th	Montreal	2003.08.02	10
cs4cld5P	Sanjin Hotel Cup 2nd	Tiayuan	2005.07.13	5
LyqTS0el	Bajada de la Virgen op 3rd	Santa Cruz de la Palma	2005.06.16	5
e08hevLR	1st Patagonia Open 2015	Neuquen ARG	2015.11.28	9.9
A1auNNQY	Oberliga Baden 0910	Germany	2010.02.28	7.5
t43NdOER	Vierlaenderkampf	Hessen	1998.??.??	2
LL7FVEE7	S-Open/3-pr04	ICCF	2008.05.20	?
ipZVqaIo	WS/MN/B/82	ICCF	2024.10.12	?
M8fh4jQk	Bled op 20th	Bled	1999.03.24	5
pAAkOSUM	Asia-chT fin 12th	Shenyang	1999.10.14	6
1afal29o	HUN-chT 9899	Hungary	1999.??.??	?
ir2laiZG	Neckar op 2nd	Deizisau	1998.04.09	5
YrwoV7P5	Livigno op-A 2nd	Livigno	2011.09.15	5
X0evib28	BL2-Sued 0203	Germany	2003.02.23	7.4
i54VQn95	Istanbul ol (Men) 34th	Istanbul	2000.11.08	11.1
XYSQHawD	13th Norway Chess 2025	Stavanger NOR	2025.05.31	5.1
IMIDV97I	GCT Blitz YourNextMove	Leuven BEL	2017.07.01	8.1
159aS0OF	Astana	Astana	2001.05.29	8
xyvZW8uE	Moscow Tal Memorial Blitz	Moscow	2008.08.30	23
ORmvyxxO	Amber-rapid 17th	Nice	2008.03.27	11
fR8xFcI8	World Rapid 2017	Riyadh KSA	2017.12.28	13.21
NUMJAfzh	Amber-blindfold 16th	Monte Carlo	2007.03.17	1
gcJRTW45	TCh-RUS Premier 2022	Sochi RUS	2022.05.04	3.1
2TurIAVO	BL2-Nord 1011	Germany	2010.10.10	1.2
mgIVmEON	18th Sant Marti Open 2016	Barcelona ESP	2016.07.15	3.15
PBSFlofY				
ysBviIpk	World Championship	Sofia	2010.04.30	5
D8m8x9cy	chess.com Speed 1m+1spm 2017	chess.com INT	2017.11.18	2.36
B3HdCQoj	World Blitz 2019	Moscow RUS	2019.12.29	8.2
w8HgdsO0	Wch Blitz 5th	Moscow	2010.11.16	3
zaXUfKep	SportAccord Basque 2014	Beijing CHN	2014.12.16	3.5
QmlCN5T2	Latvian Railway Open 2014	Riga LAT	2014.03.28	4.1
3K2z1n8D	Elista FIDE GP	Elista	2008.12.25	10
QF71qtGw	Moscow Tal Memorial Blitz	Moscow	2008.08.29	3
YeZX78yJ	World Rapid 2019	Moscow RUS	2019.12.28	13.1
qmIOPHtt	FTX Crypto Cup 2022	Miami USA	2022.08.20	6.2
JYSKyN6P	2nd Du Te Cup 2018	Shenzhen CHN	2018.11.12	8.2
yWNjGBin	Bronstein 100 Match 2024	Moscow RUS	2024.02.19	1.5
slaMkk0p	Chess.com RCC Wk14 Swiss	chess.com INT	2022.05.14	8
Cl8GHJwU	Superbet Rapid 2023	Warsaw POL	2023.05.23	8.3
cZIz5Kfh	chess.com Speed 1m+1spm 2017	chess.com INT	2017.11.18	2.27
9g7hI8nZ	FIDE Candidates 2014	Khanty-Mansiysk RUS	2014.03.14	2.2
i8j0GgT8	Cote d'Ivoire Rapid 2019	Abidjan CIV	2019.05.09	4.3
i89dVi8i	Nations Cup Online Prelim	Chess.com INT	2020.05.08	7.1
LpQQv6qR	Chessable Masters Final	chess24.com INT	2020.07.02	2.35
rikKgBw0	Wch Blitz 5th	Moscow	2010.11.18	33
hVh6CAZ5	Wch Blitz 5th	Moscow	2009.11.16	9
uxHOadCk	ch-CHN 2017	Xinghua CHN	2017.04.25	3.6
GU3Lins9	Zenica 11th	Zenica	2007.11.07	6
RotyD9qN	HUN-chT 9394	Hungary	1994.??.??	?
wzXSbfqI	Yerevan ol (Men)	Yerevan	1996.??.??	7
2tMAMSF8	Statoil Cup	Denmark	1995.??.??	1
FMkjyGkb	AUT-ch	Vienna	1999.08.21	15
DDEyqxXs	AUT-chT	Austria	1992.??.??	?
UsYmMiM4	Varna	Varna	1987.??.??	?
TYpqs7HP	Zupanja op 5th	Zupanja	2011.08.21	9
NPjxdzz3	RUS-ch 1/2 fin	Tula	2002.??.??	3
aP3lGVMA	World Blitz 2016	Doha QAT	2016.12.30	14.52
uMZkfnjT	EU-ch U20	Baku	2002.07.21	8
flTMxhRq	GCT Rapid Paris 2019	Paris FRA	2019.07.29	7.2
4UXUVhSq	Amsterdam Euwe Memorial	Amsterdam	1996.03.24	3
6M5sC8Hu	Amsterdam NH Hotels 5th	Amsterdam	2010.08.16	5
hzNNPDEY	Dortmund SuperGM	Dortmund	2009.07.04	3
C9d7GMXL	Amsterdam Euwe Memorial	Amsterdam	1996.03.23	2
D1nxVPGE	Rubinstein Memorial 35th	Polanica Zdroj	1998.08.18	2
kEI6kaN3	Belgrade Investbank	Belgrade	1995.??.??	3
1AX2vdFp	Chigorin Memorial 2014	St Petersburg RUS	2014.10.26	9.1
d4PhlPdS	BUL-chT	Sunny Beach	2009.05.11	4.2
S4mvSe7y	Beersheba	Beersheba	1978.??.??	8
b8duyEik	CZE-chT 0102	Czechia	2001.10.20	1
VYqbMXdV	Syre Memorial op 23rd	Issy les Moulineaux	2000.06.04	6
33WOfkyA	AUT-chT2O 0102	Austria	2002.01.19	6.1
PqTevoHa	Linares 26th	Linares	2009.03.05	12
4xeywnRZ	EU-ch blitz 29th	Warsaw	2010.12.17	8
EHklg3i8	WMSG Blitz Pair 1st	Beijing	2008.10.08	1
QkYO1U9Y	ACP Blitz Prelim1	playchess.com INT	2004.04.12	1
HJWxE16k	Amsterdam Euwe Memorial	Amsterdam	1992.??.??	?
pYvf7akI	Julius Baer Gen Cup D1 W	chess.com INT	2024.10.01	4.3
jDSON7yX	Beijing Sportaccord rap	Beijing	2012.12.15	6
m4gZHsQt	Wch Blitz 5th	Moscow	2010.11.16	10
ga1ufRqf	Prague Cez Trophy m	Prague	2012.06.20	1
Z9iEaPH9	Elista FIDE GP	Elista	2008.12.15	2
EtAMbZUn	Pepe Cuenca Invitational	chess24.com INT	2020.04.13	1.7
FLP3cQ5V	Wch Blitz 5th	Moscow	2010.11.17	16
fu0Ei4DA	Politiken Larsen rapid	Copenhagen	2010.08.02	2
C3t3ZMK8	World Rapid 2018	St Petersburg RUS	2018.12.28	12.23
XCyT1AB2	World Blitz 2016	Doha QAT	2016.12.29	6.23
WRzaEu7E	SWE-chT 0506	Sweden	2006.??.??	9
DfsmRU4i	EU-ch Online 2300+ Qual	Chess.com INT	2020.05.29	5
JHJsRs3G	Fujitsu Siemens Giants	Frankfurt	2000.06.24	6
uNiBmppH	RUS-The World	Moscow	2002.09.11	10
I9bgD3yw	Legends of Chess Final	chess24.com INT	2020.08.01	1.21
kkMHVv5Q	OHRA-A	Brussels	1986.12.??	4
J7q6GAKp	CCO17/F	ICCF	2009.09.10	?.2
fzAEjYxE	Bundesliga 2016-17	Hockenheim GER	2016.12.04	6.3
lEr7Oxn5	URS-ch55	Moscow	1988.07.??	15
TXElsov8	Amber-rapid 17th	Nice	2008.03.18	4
khIr7EU4	Linares 15th	Linares	1998.03.09	14
aVQNIL5D	Hoogeveen Essent Crown 10th	Hoogeveen	2006.10.23	2
7RsmRnoA	Amber-rapid 08th	Monte Carlo	1999.03.17	2
m4N5Qwyg	Dos Hermanas 10th	Dos Hermanas	1999.04.06	1
XaNO2SrC	Moscow Tal Memorial Blitz	Moscow	2008.08.29	12
RifsNBDw	chess.com SF Blitz 5m+2spm 2016	chess.com INT	2016.08.23	6
HJMBcX7h	Sarajevo Bosnia 30th	Sarajevo	2000.05.25	8
tVzSKZKG	Linares 17th	Linares	2000.03.05	6
XMQyoDDX	Wch Blitz 5th	Moscow	2010.11.18	32
xXbrEkyf	IMSA Blitz 2016	Huai'an CHN	2016.02.28	1.7
Vl2gTVZG	Corus	Wijk aan Zee	2000.01.29	12
dq4BkNuF	Wch Blitz 3rd	Moscow	2007.11.21	9
fJleYtcZ	RUS-chT	Sochi	2007.05.07	6
ozxuNqXR	FIDE World Blitz 2013	Khanty-Mansiysk	2013.06.09	9
1GvTafi3	Wch Blitz 3rd	Moscow	2007.11.21	11
EaKbGYdG	Oceania zt	Gold Coast	2009.06.21	4
Ys8BFutu	ARG/C19/final (ARG)	ICCF	2006.08.01	?
4iFxmn02	Wch U16	Guarapuava	1995.??.??	5
RqWanXN2	CM.2002.0.00197	IECG	2002.10.02	?
FyRfYyhd	Yerevan Asrian Memorial	Yerevan	2008.06.13	10
0fjOuYTb	Amber-blindfold 14th	Monte Carlo	2005.03.24	5
FJ5pXmB5	Sarajevo Bosnia-A 37th	Sarajevo	2007.05.24	6
oP7TXvrn	Clutch-ch June	Lichess.org INT	2020.06.08	1.7
CjQGHlEb	World Rapid 2023	Samarkand UZB	2023.12.28	11.3
bloW1O5n	Eliseev Memorial Pt1 2017	Moscow RUS	2017.11.18	4.1
MSELvVce	Chess.com Rapid Wk1 Swiss	chess.com INT	2022.02.12	2
uQ4caWS3	Bazna Kings 4th	Medias	2010.06.24	9
4S2RG1Iu	Bazna Kings 5th	Medias	2011.06.17	6
AqOdhM2F	Graz	Graz	1979.??.??	12
PD0kWJeh	Wch Seniors 01st	Bad Woerishofen	1991.??.??	8
AvxiRBPw	RSFSR-ch	Voronezh	1988.??.??	?
gLo83FUS	AUT-chT	Austria	1993.??.??	?
1UId7zUR	Amber-blindfold 18th	Nice	2009.03.15	2
uoaxtDDK	Amber-rapid 16th	Monte Carlo	2007.03.17	1
Ka0ZZEXT	Finkenstein op	Finkenstein	1993.??.??	3
ditkkE8A	Budapest 6th	Budapest	1973.05.11	7
hOLsOOZV	Zalakaros op 10th	Zalakaros	1991.??.??	9
8u7fIV6y	CRO-Cup	Pula	1997.??.??	?
H3AqUYcz	GCT Blitz YourNextMove	Leuven BEL	2018.06.15	3.2
3ZgXh9tM	Amber-rapid 20th	Monte Carlo	2011.03.24	11
lFeEtYkM	American Cup Elim	Saint Louis USA	2024.03.16	2.6
Y8q6kj00	GCT Blitz YourNextMove	Leuven BEL	2018.06.16	17.2
WM8vpgiD	FIDE Candidates 2024	Toronto CAN	2024.04.06	3.4
jLDCrjbg	Amber-rapid 12th	Monte Carlo	2003.03.20	5
HziiNI4h	Norway Chess 8th	Stavanger	2020.10.12	7
fsOhy7LF	Candidates final	Moscow	1974.??.??	20
aPIZmbsb	Portuguese Top League	Ovar POR	2022.07.18	4.5
uBCwZj3a	OBRO CXU Int. 2024	Copenhagen DEN	2024.07.26	7.7
yGmWOimN	AUT-chT2S 9900	Austria	2000.01.23	6.2
WAX16HjN				
YdCZBUoR	Manila PGMA Cup 1st	Manila	2006.11.21	7
7yIzVxUX	Pripis Memorial	Moscow	1999.??.??	7
k4j9R4RA	ISR-chT	Israel	2002.04.12	8
5HtdLdrp	Porz op 26th	Porz	1991.??.??	1
gWCNecOM	Moscow Tal Memorial 8th Blitz	Moscow	2013.06.12	8
pasTRpUv	chess.com Speed 2019	chess.com INT	2019.10.02	1.29
D0xTnhcL	Baku FIDE Grand Prix 2014	Baku AZE	2014.10.09	7.4
SDzd48lT	FIDE World Rapid 2014	Dubai UAE	2014.06.17	10.17
hVwUdCT5	EU-Cup 25th	Ohrid	2009.10.07	4.3
FRglzYkD	Abu Dhabi Blitz Match	Abu Dhabi UAE	2019.08.08	3
TjD0lhqE	Abu Dhabi Blitz Match	Abu Dhabi UAE	2019.08.08	5
MEc3R90U	Phillips&Drew	London	1982.??.??	?
qDNjvneV	Phillips&Drew	London	1982.??.??	?
at88gPBV	Phillips&Drew	London	1982.??.??	?
2i5t0U61	FIDE-Wch k.o.	Moscow	2001.11.29	2.1
PfuZ1gPJ	World Rapid 2016	Doha QAT	2016.12.28	15.19
RLstFxKc	Chess24 Banter Blitz Cup	chess24.com INT	2020.01.04	2.8
2vdLwbUa	Chess24 Banter Blitz Cup	chess24.com INT	2020.01.04	2.6
bVlRQ0UY	TUR-chT	Konya	2011.07.02	5
pQZSw10g	ch-USA 2015	Saint Louis USA	2015.04.12	11.2
40hvAL9T	Montreal 1st	Montreal	2000.08.04	2
u2JeiGVf	DEN-chT 1112 50th	Denmark	2012.01.14	4.1
pSVT0aos	33rd Zalakaros Open 2014	Zalakaros HUN	2014.05.25	3.1
5yFynYT8	41st Olympiad Open 2014	Tromso NOR	2014.08.11	9.1
TlulQtZ7	Mainz Ordix op 14th	Mainz	2007.08.19	6
Q0u5LoLE	Paris Immopar rapid	Paris	1992.??.??	2
fqoWRHJY	Central FO-ch	Gagarin	2009.05.03	4
1XVyPdQe	RUS-Cup5	Ekaterinburg	1997.??.??	5
DuZQYaOt	SVK-chT	Slovakia	1994.??.??	?
8rEQ1e2F	Karpov GM	Singapore	1997.12.18	5
vJ5dHvWM	Superbet Classic 2021	Bucharest ROU	2021.06.07	3.1
kvdjqan1	TCh-CHN 2019	China CHN	2019.07.25	9.2
6xF1xeRi	NIC Classic Prelim 2021	chess24.com INT	2021.04.26	14.2
Pb1oSraa	World Blitz 2017	Riyadh KSA	2017.12.30	14.19
06blG2H0	World Rapid 2017	Riyadh KSA	2017.12.28	15.26
045FSg33	World Rapid 2021	Warsaw POL	2021.12.26	5.9
g4u5ekLX	World Blitz 2018	St Petersburg RUS	2018.12.30	20.24
l58S6Mnk	World Blitz 2015	Berlin GER	2015.10.13	10.16
kEY7oHqe	TUR-chT	Konya	2012.07.13	3
gT31Tg2e	Malta ol (Men)	La Valetta	1980.11.27	7
pQ7fCZQi	Horgen	Horgen	1995.10.31	10
ApiqDZVi	31st ECC Open 2015	Skopje MKD	2015.10.22	5.1
CFFpLHAW	Saint Louis Blitz 2019	Saint Louis USA	2019.08.13	7.4
gvNGFQg8	chess.com Speed 5m+1spm 2018	chess.com INT	2018.12.02	4.1
n6iaMcIn	Clutch Chess: Champions	Saint Louis USA	2025.10.27	4.2
nkEqTjBB	Saint Louis Blitz 2017	Saint Louis USA	2017.08.18	15.4
mXE9BqHw	Saint Louis Rapid 2017	Saint Louis USA	2017.08.15	6.4
Ci9QrZbY	PRO League Stage	Chess.com INT	2020.02.17	7
D5wXj3jA	World Blitz 2016	Doha QAT	2016.12.30	18.20
PLZ8etcf	IMSA Blitz 2016	Huai'an CHN	2016.02.29	17.8
PYlqbEfW	FIDE World Blitz 2013	Khanty-Mansiysk	2013.06.10	22
9z2hOfy0	San Sebastian KO GpA	San Sebastian	2012.01.02	4
QcSwM6Dt	81st Tata Steel GpA	Wijk aan Zee NED	2019.01.14	3.1
kUiKeCU0	Moscow Tal Memorial 8th Blitz	Moscow	2013.06.12	6
DsUoKwf2	Alushta Autumn 3rd	Alushta	2003.??.??	18
wZajBDpm	TCh-ESP Div Honor 2019	Linares ESP	2019.10.06	7.3
RSvRJIIS	HUN-chT2 Maroczy 0809	Hungary	2009.01.11	5
fstZZ4s1	EU-ch Internet qual	playchess.com INT	2003.11.08	12
QoZvgBiT	Lone Pine op	Lone Pine	1976.03.11	5
jTkUHoDf	ESP-5/Alcazaba (ESP)	ICCF	2007.09.10	?
4VeSoLT0	Nuremberg rapid	Nuremberg	1990.10.12	2
7gobeFPy	Nova Gorica op-A 08th	Nova Gorica	2003.02.01	2
N9O1gOLd	MT-Zinser/A (FRA)	ICCF	2014.02.01	?
1xGj4oyp	Ciocaltea Memorial	Bucharest	2000.03.08	5
BRCQ32TK	Mumbai Mayors Cup 5th	Mumbai	2012.06.14	10
l2m5npQm	Mirabal rapid op 4th	Mirabal	2001.05.06	7
uGR91JNu	FIDE World Cup 2025	Goa IND	2025.11.04	2.1
xBXbxIe1	Dresden ol (Men) 38th	Dresden	2008.11.21	8
8ppRGel9	Candidates qf4	Augusta	1974.??.??	13
9m0vIZFk	FIDE-Wch k.o.	New Delhi/Teheran	2000.12.05	3.5
bbU05LxG	US Chess Masters 2014	Greensboro USA	2014.08.29	3.1
1hZaqC1f	Haninge	Haninge	1989.??.??	?
lTywQWGL	World op 23rd	Philadelphia	1995.??.??	6
dHHT8urS	Olomouc op	Olomouc	2003.08.06	8
AOEd8p0K	Biel-B	Biel	1990.??.??	11
JmNcGwLd	FIN-ch	Helsinki	1992.??.??	5
8r6TbcGV	Manila ol (Men)	Manila	1992.??.??	?
pwdc9r2O	Reykjavik op 19th	Reykjavik	2000.04.09	5
824zbQp9	SWE-ch	Linkoping	2001.07.05	6
adCgjMeh	Sigeman & Co 05th	Malmo	1997.06.11	2
S6QBNVig	RUS-Cup06	Nizhnij Novgorod	1998.07.03	5
gUmbOxIx	Jyvaskyla We JyS op	Jyvaskyla	1998.??.??	4
XY8mhdFG	EU-ch 9th	Plovdiv	2008.05.01	10
v2uvCx9k	LIB-ch	Beirut	2004.08.21	6
AH1SxlmU	Toscolano op	Toscolano	1997.??.??	?
ulrTckQ7	SUI-chT	Switzerland	2002.09.08	7.7
ThXxNepI	Hoogovens	Wijk aan Zee	1975.02.01	15
IwrGzxLm	Jurmala	Jurmala	1978.??.??	6
t2NX6b24	Lone Pine op	Lone Pine	1979.??.??	2
cpwVUI07	Baku	Baku	1997.??.??	2
CraWqP1O	Cannes op2	Cannes	1993.??.??	?
itFiatwB	TH-M-1642.1	IECC	2002.02.25	?
NHkwzqAs	Bled op 14th	Bled	1993.??.??	?
lrBY3Ii3	WS/GMN/002	ICCF	2006.04.20	?
2snVdIVY	PAL/CSS Freestyle op 5th	playchess.com INT	2007.03.02	2
MmAcHuJO	Dubai op	Dubai	2001.04.22	7
tL3hjayL	Israeli CC 2021 (ISR)	ICCF	2021.02.15	?
0rTiBK4L	51st Sparkassen Open A	Dortmund GER	2024.08.16	7.6
7FrlnFWa	Marbella zt-f	Marbella	1982.??.??	7
wiLzgZSi	ch-POL 2014	Warsaw POL	2014.03.31	7.4
p73G8eZJ	2nd Bundesliga West 23-24	Germany GER	2023.12.03	4.1
SfhqrlLL	13th Leiden Crown Group	Leiden NED	2019.07.13	2.5
FQtMtXPE	World Blitz Women 2019	Moscow RUS	2019.12.30	10.8
jRuEdBIy	Hastings 8485	Hastings	1984.??.??	12
4MXLKKix	FRA-chT	France	1992.??.??	?
CqCOKV6I	Chigorin Memorial-A 10th	St Petersburg	2002.11.01	7
86P0kdt1	Ljubljana op 8th	Ljubljana	1997.??.??	5
AMZbztf7	IMSA Basque 2016	Huai'an CHN	2016.03.02	2.4
aeaZa3py	Tata Steel India Rapid	Kolkata IND	2022.12.01	8.5
PJpUBJaH	Odessa Euromaidan Blitz	Odessa UKR	2014.01.20	2
xkY1CkjI	Leuven m blitz	Leuven	2011.10.09	4
V8jIWHF7	Ceske Budejovice Clarion	Ceske Budejovice	2020.07.02	2
Z084SOYC	24th HZ Open 2022	Vlissingen NED	2022.08.11	7.5
d7wJFr50	World Rapid 2015	Berlin GER	2015.10.12	12.68
LttBqPJS	World Rapid 2024	New York USA	2024.12.27	9.80
zJqVuRtc	Peer Gynt	Gausdal	1990.??.??	8
XGRPG3t6	Karel Opocensky Mem 2017	Prague CZE	2017.07.02	2.2
ilvsxOZ3	BL2-Sued 0304	Germany	2004.??.??	?.2
crSf7WDs	Wch U20	Santiago de Chile	1990.??.??	5
WVTafDVi	MT-Flores/D (ESP)	ICCF	2018.05.20	?
TLZDg4fy	BRA/CXEB-Open01  20 (BRA)	ICCF	2023.06.30	?
z27we05E	GCT Blitz Paris 2017	Paris FRA	2017.06.25	13.3
M2yAXpb3	GCT Blitz Paris 2017	Paris FRA	2017.06.24	7.1
CYDOTVR4	GCT Blitz YourNextMove	Leuven BEL	2016.06.20	12.1
SirnWkMC	Chessable Masters Winners	chess.com INT	2025.02.21	5.1
EfFVYp9m	Skilling Open KO 2020	chess24.com INT	2020.11.25	1.14
2N0orwrE	Chess.com Rapid Wk5 KO	chess.com INT	2022.03.13	2.1
SQmmQn7u	Champions Showdown Kings	Saint Louis USA	2025.03.06	3.3
EGhzUHTJ	Lindores Abbey Stars	Cupar SCO	2019.05.26	6.2
LSq90Gis	World Blitz 2018	St Petersburg RUS	2018.12.30	19.1
xhAWEZeY	Chessable Masters Prelim	chess24.com INT	2022.05.19	3.8
EbHCaJsJ	Moscow Tal Memorial 7th	Moscow	2012.06.13	5
6CeA0PQf	SWE-chT 0607	Sweden	2007.03.18	11
niYPyT9g	Bundesliga 0203	Germany	2002.12.15	6.1
Ot63yzDO	World Cup	Reykjavik	1991.??.??	8
XGQIehd2	Cannes team g/60	Cannes	1992.??.??	6
2BQJzY5S	POR-chT 48th	Evora	2006.07.22	1
oPBCsusB	Dubai op	Dubai	2000.05.06	8
OIQxdxrx	Belfort	Belfort	1997.??.??	3
kAfyGJnS	European Online CC GpF	Tornelo INT	2021.03.28	7.4
MqNmg0is	NED-chT 0809	Netherlands	2009.05.10	9.2
cRrSbFFF	TCh-ESP Div Honor 2015	Linares ESP	2015.08.17	3.3
jsYsln8q	Sigeman & Co 19th	Malmo	2011.06.13	5
zRCt8sJm	FIN-SLO 2007	ICCF	2007.05.10	?.1
7uOwZOCv	Aegean op 32nd	Aghios Kirykos	2009.07.19	9
PBRc7own	Zagreb op-A	Zagreb	2011.04.18	9
m7PK5CsN	ISL-FRA	Reykjavik	1993.??.??	7
qrh1Fv1J	ISL-FRA	Reykjavik	1993.??.??	9
M03ooARl	Augsburg Ibis 5th	Augsburg	2009.01.02	8
o9gxTg1x	Madrid-B	Madrid	1992.??.??	8
PybxUva1	TCh-ESP Div Honor 2024	Melilla ESP	2024.10.12	1.13
r88hF3q7	TCh-SRB Premier 2025	Bajina Basta SRB	2025.09.25	8.1
anRXYbYk	25th ch-EUR Indiv 2025	Eforie Nord ROU	2025.03.23	8.1
Vq47MEpA	Pan-Am Intercollegiate	Oak Brook, IL USA	2026.01.03	3.3
w0bKpz86	MNT-chT 1st	Herceg Novi	2006.09.26	5
Kk8f6X6V	AUT-chT 0809	Austria	2008.11.08	2.4
2zncbbFD	Sahel Chess Festival 2025	Monastir TUN	2025.09.05	5.1
8MtByBvz	BL2-Sued 0203	Germany	2003.01.13	4.4
4IFaGbF3	Amber-blindfold 11th	Monte Carlo	2002.03.21	5
a4KRwWRi	FIDE World Cup 2023	Baku AZE	2023.08.23	8.2
GgjSlzDx	Norway Chess 8th	Stavanger	2020.10.07	3
5PncD3Xg	Armageddon: Chess for TV	Moscow RUS	2019.06.13	2.1
0t63fgrT	Aimchess US Rapid Prelim	chess24.com INT	2021.08.28	2.1
jI7vRrqc	World Blitz 2017	Riyadh KSA	2017.12.30	15.2
p0M7nQP3	Yinzhou Cup Men 2019	Ningbo CHN	2019.12.22	4.1
tScCpEkC	World Blitz 2019	Moscow RUS	2019.12.30	18.5
lE8qLvPI	Moscow Fide.com Cup	Moscow	2001.03.26	2
gdzhQCQE	EU-ch 12th	Aix-les-Bains	2011.03.27	6
eZIPrEWF	URS-ch45 otbor	Beltsy	1977.??.??	8
d28P8Lnb	Dos Hermanas Internet qual-A 10th	ICC INT	2009.03.13	4
iIhCv9IO	Capablanca Memorial op 45th	Havana	2010.06.14	5
tQWmBwe1	IND-ch	India	1988.??.??	?
T2DTMyDB	Corus	Wijk aan Zee	2005.01.28	11
0QFVjMFI	10th Danzhou GM 2019	Danzhou CHN	2019.07.07	7.4
ClhgBPBi	Lvov	Lvov	1981.??.??	6
8i8infBQ	URS-ch48	Vilnius	1980.??.??	?
j2fzzbqL	HUN-ch	Hungary	1974.??.??	?
9wg9RJg7	URS-ch FL48	Tashkent	1980.??.??	?
BKglnacd	Croatia GCT 2019	Zagreb CRO	2019.07.01	6.2
W0LdX47i	Moscow blitz	Moscow	1993.??.??	?
NMfNtfmG	ESP-chT	Barcelona	2000.08.06	2
fylKkJE0	GMA-qual f	Moscow	1990.??.??	8
CgLwnUKQ	Reggio Emilia Top15 33rd	Reggio Emilia	1991.??.??	?
RTODXR9p	7th Sinquefield Cup 2019	Saint Louis USA	2019.08.21	5.3
fFNTEKUF	7th Sinquefield Cup 2019	Saint Louis USA	2019.08.26	9.1
It8fUd98	6th Sinquefield Cup 2018	Saint Louis USA	2018.08.27	9.2
zxyNok7m	Botvinnik Memorial m 5'	Moscow	2001.12.09	4
PlYEfRc5	World Blitz 2017	Riyadh KSA	2017.12.30	14.1
zq72jE5y	Airthings Masters Prelim	chess24.com INT	2020.12.26	3.3
aTzdhdJt	6th London Classic 2014	London ENG	2014.12.11	2.3
9iJ4zCa2	chess.com Speed 5m+2spm 2017	chess.com INT	2018.01.03	4.3
WBEBu44W	Leon 23rd	Leon	2010.06.04	1.4
2td3QEpL	Saratov Governor's Cup	Saratov	2011.10.12	5
LqubuN9B	World Blitz 2016	Doha QAT	2016.12.30	16.17
Aw8goyWd	FIDE World Rapid 2014	Dubai UAE	2014.06.16	5.28
TozObR4Q	Witold-ROW(s)	ICCF	2012.03.01	?.33
SedXVYC4	SlavCup/TT3	ICCF	2008.12.15	?.6
M3lshWkC	XII CEAPE-1D (ESP)	ICCF	2020.05.04	?
3IIDtWRe	Interzonal TT/9	ICCF	2017.03.10	?.6
6EfYh89g	NED-chT	Netherlands	1997.??.??	6
r7HjZy0c	Portoroz op	Portoroz	1996.??.??	?
DXynAa6v	ACP Blitz	playchess.com INT	2006.??.??	5
G3JbYjEC	33rd Voivoda Cup 2017	Legnica POL	2017.12.11	7.3
Isznwhuo	FIDE-Wch k.o.	Moscow	2001.11.30	2.4
HL7CZBDq	chess.com QF Blitz 1m+1spm 2016	chess.com INT	2016.06.23	22
OozfZnYd	TCh-TUR Super League 2018	Ankara TUR	2018.08.01	8.4
qhnoTwgB	Mukachevo m	Mukachevo	2009.09.26	6
tzqag5LN	71st ch-RUS 2018	Satka RUS	2018.08.26	2.1
CSyNuguT	European Blitz 2017	Katowice POL	2017.12.15	20.6
ypNGiSRY	NED-ch internet	playchess.com INT	2011.06.18	2.1
ENiTjmnT	European Blitz 2017	Katowice POL	2017.12.15	13.16
ir7Ewpsd	ENG-ch m	England	1991.??.??	3
UBJSIUdw	14th Moscow Open A 2018	Moscow RUS	2018.01.28	2.4
FMfedCbw	World op 48th	ICC INT	2020.08.08	4
LlamPda0	Superbet Rapid 2023	Warsaw POL	2023.05.22	4.3
AwZSxY76	85th Tata Steel Masters	Wijk aan Zee NED	2023.01.14	1.5
vkHyzcde	HUN-ch Gr A	Balatonlelle	2002.06.03	3
r5mlBtDe	BRA/CXEB-50/A (BRA)	ICCF	2019.08.30	?
zXWmojmX	World Rapid 2024	New York USA	2024.12.26	5.32
bSeIRiZP	Lausanne YM 6th	Lausanne	2005.09.18	3.1
FcRcgFs5	FRG op-ch	Krefeld	1986.??.??	?
kutXLFmv	Reykjavik op 21st	Reykjavik	2004.03.10	4
LjTp35CH	Lloyds Bank op 16th	London	1992.??.??	?
2bcThCIY	HUN-ch	Hungary	1973.??.??	?
I8PBVJU3	Neubrandenburg op	Neubrandenburg	1998.05.07	1
WHyzWRDy	Moscow Aeroflot op-C	Moscow	2006.02.07	1
PqLf5iab	7th Norway Armageddon	Stavanger NOR	2019.06.10	6.1
tnXToLQ3	London Classic 4th	London	2012.12.02	2
iBAPjhY6	GCT Rapid YourNextMove	Leuven BEL	2016.06.17	4.1
BH4oIvlO	GCT Blitz Paris 2016	Paris FRA	2016.06.11	3.2
pVrMOUzv	7th Norway Armageddon	Stavanger NOR	2019.06.10	6.5
HtTsnb00	GCT Blitz YourNextMove	Leuven BEL	2018.06.16	10.2
wMr8HtGH	Corus	Wijk aan Zee	2010.01.21	5
uZfpyn9n	Skilling Open Prelim	chess24.com INT	2020.11.22	4.6
vxuEhxBD	Chess.com RCC Wk24 Swiss	chess.com INT	2022.08.06	5
bQWnUjzn	TCh-ESP Rapid 2022	Toledo ESP	2022.09.25	6
KNqs4jA9	Linares	Linares	1983.??.??	?
E9Q3N12J	Benasque op 32nd	Benasque	2012.07.07	3
Pq9FzZR9	New Delhi	New Delhi	1987.??.??	?
2BjsyPUV	Cap d'Agde-A	Cap d'Agde	2003.10.26	6
G7LNGMsa	EU-ch rapid	Warsaw	2010.12.19	11
JWAPcpPb	Chessable Masters Prelim	chess24.com INT	2022.05.21	10.8
et4WQmcl	FIDE Grand Swiss 2021	Riga LAT	2021.10.29	3.22
Ofa2rCMW	12th Norway Chess 2024	Stavanger NOR	2024.06.07	10.1
V5O7rp0H	81st Tata Steel GpA	Wijk aan Zee NED	2019.01.23	10.4
aKNK5wK9	World Rapid 2023	Samarkand UZB	2023.12.27	9.1
BjEmZagW	CCT Final Playoff 2023	Toronto CAN	2023.12.09	2.2
ocv0AD0d	Tata Steel-A 73rd	Wijk aan Zee	2011.01.23	8
U0sV8KQc	Grand Slam Final 5th	Sao Paulo/Bilbao	2012.10.08	6
RUB6iGVP	Grand Slam Final 1st	Bilbao	2008.09.02	1
9M16KDyB	GCT Rapid YourNextMove	Leuven BEL	2017.06.28	2.1
1U0fYJ6G	Heart of Finland op 21st	Jyvaskyla	2011.07.17	9
mma2yrI6	Khanty-Mansiysk ol (Men) 39th	Khanty-Mansiysk	2010.09.28	7.1
FcmmsiN0	Maribor	Maribor	1985.??.??	?
unPZD4S7	Kecskemet Toth Memorial	Kecskemet	1983.08.17	8
J9w2XOC4	Sanjin Hotel Cup	Taiyuan	2004.07.22	5
MEnbMx5c	Hoogovens	Wijk aan Zee	1985.01.19	2
I6zHFbeR	Leningrad	Leningrad	1987.??.??	?
6Jz2Gh7o	EU-ch 2nd	Ohrid	2001.06.01	1
Vy7UwyI0	Sarajevo Bosnia 35th	Sarajevo	2005.05.28	9
oMqsmV9u	RUS-ch Superfinal 60th	Moscow	2007.12.29	10
IJ9gvZ59	Corus-B	Wijk aan Zee	2006.01.20	6
QMfx35jE	Corus	Wijk aan Zee	2006.01.16	3
rmKkI8ZR	20th Karpov Poikovsky	Poikovsky RUS	2019.06.13	7.2
4cNHAw4F	81st Tata Steel GpA	Wijk aan Zee NED	2019.01.19	7.5
Juz4ZfjF	12th World Teams 2019	Astana KAZ	2019.03.07	3.1
eE2laPmX	2nd Du Te Cup 2018	Shenzhen CHN	2018.11.13	9.3
HGsI2RrJ	Amber-blindfold 19th	Nice	2010.03.25	11
YtuJL9gE	Beijing Sportaccord blitz	Beijing	2011.12.12	8
hdqjRwym	Grand Slam Final 1st	Bilbao	2008.09.08	6
6cTwv2fX	FIDE World Rapid 2014	Dubai UAE	2014.06.17	7.20
crY4ZXZU	Vugar Gashimov Mem 2014	Shamkir AZE	2014.04.24	5.2
KbfaJE5E	GCT Finals 2025	Sao Paulo BRA	2025.09.30	1.7
xsmHAC9o	Goldmoney Asian Prelim	chess24.com INT	2021.06.26	3.2
KbRVO4dX	Dresden ol (Men) 38th	Dresden	2008.11.20	7
ooM3Bhfg	ARG-ch 84th	La Plata	2009.05.21	10
6DDaVsKN	Odessa Pivdenny Bank 4th	Odessa	2008.05.30	4
l13QsDTP	Airthings Masters KO 2020	chess24.com INT	2020.12.30	1.33
wGU5UFRh	TechM GCL 2025	Mumbai IND	2025.12.22	10.3
Q55yRIJV	Baku Presidents Cup	Baku	2010.05.01	6
pyyiM6nZ	Grand Slam Final 4th	Sao Paulo/Bilbao	2011.10.08	8
SKDGiEDI	Amber-rapid 18th	Nice	2009.03.20	6
HO6wtYac	Sofia MTel Masters 2nd	Sofia	2006.05.11	1
ONzMbUwl	Beijing FIDE GP	Beijing	2013.07.16	11
M8tR2Osz	Miskolc m	Miskolc	2008.06.01	8
fDd4K1vX	Glitnir blitz	Reykjavik	2006.03.16	4.2
KfTPI6DG	Corus	Wijk aan Zee	2002.01.21	8
AmPOEBnu	Vugar Gashimov Mem 2016	Shamkir AZE	2016.06.01	6.3
jINO7bE8	7th Gashimov Mem Rapid	Baku AZE	2021.12.18	1.2
nr0tyPAm	Amber-blindfold 13th	Monte Carlo	2004.03.20	1
rdRMMsPi	Amber-blindfold 03rd	Monte Carlo	1994.04.01	6
DXS9vicD	MK Cafe Cup-A	Koszalin	1998.08.12	10
sMb34wLU	Bled ol (Men)	Bled	2002.11.05	10.2
mr45wI3x	Bundesliga 9394	Germany	1994.01.30	7.2
uA3s0Q84	Moscow blitz	Moscow	1993.??.??	?
dyF5zuSI	10th Kings Rapid Match	Medias ROU	2016.11.29	7
a2GZ3z5a	Corsican Circuit Final	Bastia FRA	2015.10.19	3.1
S8lSpp0J	FIDE-Wch k.o.	Moscow	2001.12.02	3.2
uXVKxV8X	Dortmund	Dortmund	1998.07.05	9
8GMNxAOe	WMSG Blitz Team 1st	Beijing	2008.10.13	2
selWqMtb	38th Cappelle Open 2022	Cappelle la Grande FRA	2022.02.17	8.6
t30iJEip	Canovelles-A	Canovelles	2008.09.21	9
duhkTMLb	BdF-60/S/pr01 (GER)	ICCF	2006.11.15	?
AC09PhyF	Linares 20th	Linares	2003.02.27	5
e5tFjSA7	30th ECC Open 2014	Bilbao ESP	2014.09.19	6.1
yvpoPdjJ	World Blitz 2019	Moscow RUS	2019.12.30	18.3
q6IMLarg	Saratov Governor's Cup	Saratov	2011.10.10	3
WA0gimnI	Saratov Governor's Cup	Saratov	2011.10.17	9
tNkzP4uq	Wch Blitz 3rd	Moscow	2007.11.21	7
K0HjfMeX	World Blitz 2018	St Petersburg RUS	2018.12.29	11.8
TVP7ne1d	Linares 26th	Linares	2009.02.19	1
wRwIcfrx	Wch Blitz 5th	Moscow	2009.11.16	1
jBpmVeA7	Clutch-ch June	Lichess.org INT	2020.06.09	1.11
USjUWsav	Lindores Abbey Prelim	chess24.com INT	2020.05.20	5
gnZxdXvc	TechM GCL 3rd-4th 2025	Mumbai IND	2025.12.23	2.2
UyQQwoUx	Chess.com RCC Losers	chess.com INT	2022.08.20	3.1
3WT5VWLv	10th Kings Blitz Match	Medias ROU	2016.11.30	3
TPHTwrXY	Chessable Masters GpB	chess24.com INT	2020.06.21	4
DKevqhep	Bundesliga 0001	Germany	2000.10.15	2.3
zviEbD02	GER-ch 70th	Bremen	1998.11.08	3
VYHtDAFz	NED-chT	Netherlands	1992.??.??	?
RoArfZWc	EU-ch 2nd	Ohrid	2001.06.02	2
I72GekPB	Wch Blitz qual	Moscow	2011.02.17	8
ffuJtyiW	43rd Olympiad 2018	Batumi GEO	2018.09.30	6.2
Ib0ObEO1	Wch Blitz 5th	Moscow	2010.11.17	24
ebzk3X7V	Moscow Tal Memorial 7th Blitz	Moscow	2012.06.07	6
tkoeduvu	SportAccord Rapid Men 2013	Beijing CHN	2013.12.12	3.6
H8ozwkWk	World Blitz 2018	St Petersburg RUS	2018.12.29	7.15
LuirJY5z	FIDE World Blitz 2013	Khanty-Mansiysk	2013.06.09	4
JX7FyDR2	Moscow Aeroflot op-A 9th	Moscow	2010.02.17	9
rWVg5De1	Madrid	Madrid	1973.11.27	2
hsFTjOtB	Moscow-ch	Moscow	2002.??.??	3
9fjbEkY7	Alekhine Memorial	Moscow	1971.12.13	14
fpIHzEow	PRO League KO Stage 2018	chess.com INT	2018.03.13	1
geiYmgYo	George Marx Memorial 3rd	Paks	2005.06.15	4
yoUwvLrd	Clarin	Buenos Aires	1979.??.??	6
FAImjWmo	Lisbon op	Lisbon	2001.08.27	7
fPo4ChXP	GMA Baleares op	Palma de Mallorca	1989.??.??	8
7kvUscSC	BCF-chT 1011 (4NCL)	England	2011.04.30	9.11
sM6OWQTn	27th TCh-SLO 2017	Slovenia SLO	2017.10.21	5.1
VPJv5CJn	CellaVision Cup 2017	Lund SWE	2017.08.04	3.11
WqAUNAhm	Warsaw AIG Life rapid 6th	Warsaw	2006.12.16	2
PFEa8xDV	HUN-chT 0506	Hungary	2005.12.04	5
OTYdiQVO	World Blitz 2017	Riyadh KSA	2017.12.30	20.15
atgQbJ5h	FIDE World Blitz 2014	Dubai UAE	2014.06.20	19.12
pgsifHml	RUS-ch rapid GP	Apatity	2011.12.02	2.2
Gdy5exTl	Nakamura vs Aronian Blitz	Saint Louis USA	2014.11.25	9
AazlmO9x	Saint Louis Rapid 2022	Saint Louis USA	2022.08.28	9.1
joEiuEj9	Wch Blitz 5th	Moscow	2010.11.18	36
DguGz008	Norway Masters blitz	Stavanger	2013.05.07	8
PVnl5RKt	Champions Showdown Blitz	Saint Louis USA	2019.02.23	9.4
Wt252WOy	CZE-ch	Zlin	1997.06.21	10
AvjUFZx0	Mumbai Mayors Cup 5th	Mumbai	2012.06.14	10
IMtljQRi	Nikosia WGP 2025	Nicosia CYP	2025.03.18	4.2
ZciiHeGH	Pfalz op 2nd	Neustadt an der Weinstrasse	2009.02.16	2
U9ibCPW9	Carlsen Inv Prelim	chess24.com INT	2020.04.30	7.1
GG2TIIwO	GCT Blitz YourNextMove	Leuven BEL	2018.06.16	17.3
qYsobiax	7th Norway Blitz 2019	Stavanger NOR	2019.06.03	3.3
fPvts9Qd	Champions Showdown G5	Saint Louis USA	2017.11.12	12.2
cMPmtjlM	FIDE World Rapid Team	London ENG	2025.06.12	5.3
MnStzbVL	World Rapid 2025	Doha QAT	2025.12.26	2.53
lwlfPlUH	CHN-RUS Summit Blitz 2018	Qinhuangdao CHN	2018.05.26	5.1
Xkg1Wm27	Crocus City Stars Rapid	Krasnogorsk RUS	2022.10.02	8.2
t88zbxDV	85th Southwest Open 2019	Irving USA	2019.08.30	3.3
FeosK8fl	Salamanca Uni Masters	Salamanca ESP	2022.10.28	5.4
zdr3Zxra	Petrov Memorial op	St Petersburg	2002.02.20	9
mxDOxAKt				
xJfAbImx	Moscow Botvinnik Memorial	Moscow	2011.09.02	3
HSJKsqHS	Amber-blindfold 19th	Nice	2010.03.15	3
NL06906v	Amber-rapid 18th	Nice	2009.03.14	1
6ia3n8EF	Wch Blitz 5th	Moscow	2009.11.17	17
b2K8W1av	Beijing Sportaccord blindfold	Beijing	2012.12.18	4
ynpQe6uz	chess.com Speed 1m+1spm 2017	chess.com INT	2018.07.26	24
bKV6u84C	Politiken Larsen blitz b3	Copenhagen	2010.08.04	4
5g5qPY2U	Politiken Larsen blitz b3	Copenhagen	2010.08.04	2
1olhNqyB	FIDE World Cup 2023	Baku AZE	2023.08.07	3.3
sRUxpbSg	Nutcracker Rapid 2016	Moscow RUS	2016.12.21	2.1
dEqwBnbo	Djerba Masters 2023	Djerba TUN	2023.02.20	3
KwpE5EnU	III Menorca Open 2024	Ciutadella de Menorca ESP	2024.04.03	3.13
MYXq9UYJ	ch-USA 2024	Saint Louis USA	2024.10.12	2.1
QeAwO4Cb	Reggio Emilia 53rd	Reggio Emilia	2010.12.29	2
9BY5rbQd	15th London Classic Open	London ENG	2025.12.02	8.1
Y2XIbi99	CHN League Division A Pt2	Beijing CHN	2025.10.02	8.1
18H9UE1D	Moscow ol (Men)	Moscow	1994.??.??	10
1Xg16g55	Richardson UTD GM	Richardson	2007.12.11	8
YBs0xn4m	Herzliya	Herzliya	1993.??.??	7
9ZUBrber	SRB-chT	Valjevo	2012.09.26	10.3
lHQcjWiy	Chigorin Memorial 20th	St Petersburg	2012.10.30	4
oupeLxzW	EU-Cup 22nd	Fuegen	2006.10.11	4.2
YyPlZAFH	Hoogeveen VAM op	Wijk aan Zee	1997.??.??	6
2cOggPsY	HUN-chT 0405	Hungary	2005.04.10	10
DCg0v71o	Zaragoza La Salle op	Zaragoza	1994.??.??	?
mCSzMwRL	Nova Gorica op 04th	Nova Gorica	1999.01.31	4
pcdxBYf6	SLO-ch	Krsko	1997.??.??	?
MkHMepDw	Badalona op 32nd	Badalona	2006.07.09	8
sworbQ4X	Bundesliga 9697	Germany	1997.??.??	?.3
gqxXw8wT	Nanjing Pearl Spring 3rd	Nanjing	2010.10.30	10
E0gkLdEE	Vugar Gashimov Mem 2016	Shamkir AZE	2016.05.30	5.5
UVWKVq23	Zvenigorod op-A	Zvenigorod	2008.09.30	9
8MacyOxM	Zvenigorod op-A	Zvenigorod	2008.09.25	1
1g0967Vf	Stratton Mountain op 4th	Stratton Mountain	1997.04.26	3
101DeGSv	HUN-chT 9394	Hungary	1994.??.??	?
uaKjmdg0	16th Miquel Mas Open 2015	Castell de Sant Ferran ESP	2015.08.16	7.5
5oONqmCR	Dubai op	Dubai	2002.04.15	1
DBidDIec	SCG-chT Vojvodina	Sombor	2004.09.26	3.1
dxj6srmH	Metz op 19th	Metz	2001.04.12	6
tvJmuHXn	Luebeck	Luebeck	2011.05.01	7
DBKB3YTU	SRB-chT Premier	Ruma	2020.09.30	8.2
604b1NF1	WC31/sf03	ICCF	2007.04.25	?
4HpgbEq6	Poyntner Memorial IM	St Poelten	2002.09.08	2
cNu4K2AL	Kringsja	Oslo	1978.??.??	7
qil2FnC8	13th Ameyar Mem 2015	Algiers ALG	2015.06.12	6.9
5XwT5LQt	Chess.com Rapid Wk3 KO	chess.com INT	2022.02.27	1.1
mE2INE36	EuroTel Trophy	Prague	1998.09.07	2
4fjaY1ih	Moscow ol (Men)	Moscow	1994.??.??	2
y7O2ZDv6	Chicago op 18th	Chicago	2009.05.25	7
Z7vQecCT	chess.com Speed 1m+1spm 2017	chess.com INT	2017.05.25	1.25
apRu193J	Norway Masters blitz	Stavanger	2013.05.07	1
d0RXFQGP	Moscow Tal Memorial 8th Blitz	Moscow	2013.06.12	3
Y2fMZ3OU	Grand Slam Final 3rd	Bilbao	2010.10.10	2
5fb7jX0J	Lozovatsky Mem A 2021	Chelyabinsk RUS	2021.01.17	4.8
l2MOKizz	ch-AUS 2020	Sydney AUS	2020.01.03	2.2
zz2YudgB	HSG Open 2015	Hilversum NED	2015.06.20	4.5
3xqDT54I	EU/C70P/SF/02	ICCF	2014.01.01	?
ptYurwbp	World Blitz 2019	Moscow RUS	2019.12.29	8.7
eWE51c4w	USA-ch	Long Beach	1993.??.??	5
xGm4tHoW	RUS-chT	Togliatti	2003.05.23	8
DKt0ulxF	WMSG Rapid Team 1st	Beijing	2008.10.15	6
tICsgEpV	Grand Slam Final 5th	Sao Paulo/Bilbao	2012.09.28	4
YDBLD5w8	Grand Slam Final playoff 4th	Sao Paulo/Bilbao	2011.10.11	2
zpnViBz1	chess.com Speed 2019	chess.com INT	2019.12.05	3.23
0AY8suqb	Beijing Sportaccord blitz	Beijing	2011.12.13	10
WQ9T9yT6	TCh-POL Ekstraliga 2023	Lublin POL	2023.09.26	9.3
6mUBb2GQ	9th Norway Chess 2021	Stavanger NOR	2021.09.15	8.1
7bBAuvMJ	Saint Louis Rapid 2024	Saint Louis USA	2024.08.13	6.4
BgDJrCqL	84th Tata Steel Masters	Wijk aan Zee NED	2022.01.29	12.2
phfk31vs	FIDE World Rapid Team	London ENG	2025.06.13	11.3
VMgvG8u8	Biel MTO op	Biel	1997.??.??	4
LHceXTzM	Ceske Budejovice op	Ceske Budejovice	1996.??.??	6
41clPfcB	EU/TC7/final	ICCF	2008.12.31	?.7
nnnxF9if	Bayern-chI Bank Hofmann 6th	Bad Wiessee	2002.10.29	4
H63yxK6W	UKR/Cup7/final (UKR)	ICCF	2008.02.10	?
L9DiXukS	Minsk Boleslavsky Memorial	Minsk	1994.??.??	1
0UwxhpaM	WC44/sf  4	ICCF	2020.06.20	?
nLV7MpqU	CZE-chT 9495	Czechia	1995.??.??	3
lnrkUYCY	WZ/Ch.C./2	ICCF	2019.01.10	?
ONHcKNBV	Bundesliga 2017-18	Schwegenheim GER	2018.03.10	11.6
uZSIqj4g	Vladimir Dvorkovich Mem 2014	Taganrog RUS	2014.01.26	8.9
UspvV5cZ	EU-ch 2nd	Ohrid	2001.06.10	9
tBUo0xJl	Tel Aviv ol (Men) fin-A	Tel Aviv	1964.??.??	13
LbhQ6xTI	CSR-ch int	Luhacovice	1973.05.22	12
W31bXlPl	Chennai op 3rd	Chennai	2011.01.24	9
y36vWed9	Saint John op-1	Saint John	1988.??.??	?
ApovceLC	Tunis Interzonal	Tunis	1985.??.??	14
XMzBkn3g	Pan-Armenian ol	Yerevan	2010.08.21	7
7y6bZP39	Thessaloniki ol (Men)	Thessaloniki	1984.11.22	4
fw6WIakr	Moscow-ch blitz 59th	Moscow	2005.08.28	?
zkgFxfqe	ROM-chT div-A	Predeal	2006.11.08	5
difFmq4T	World op	Philadelphia	2000.07.03	7
n3bWaol3	Moscow blitz	Moscow	1993.??.??	?
7kLRiG2R	Amber-blindfold 02nd	Monte Carlo	1993.04.02	7
NyOQLr4F	CNE ch-NED Rapid 2016	Amstelveen NED	2016.10.30	6.1
B1FBgw57	HUN-ch 53rd	Heviz	2003.05.13	2
lkX8h8o0	October Revolution 60	Leningrad	1977.06.25	1
CRrNegpW	Hoogeveen Essent op	Hoogeveen	2005.10.28	8
bUsLOhsz	Titograd	Titograd	1984.??.??	11
ZuLU8e1i	YUG-chT	Niksic	1997.??.??	10
Ws43QIi3	World Blitz 2018	St Petersburg RUS	2018.12.29	12.71
8CMEhGV3	PRO League Group Stage	chess.com INT	2018.02.14	6
TcyKAQeX	Petroff Memorial op	St Petersburg	2000.02.16	9
2wuY5Puo	Polanica Zdroj op	Polanica Zdroj	1992.??.??	5
FUTygjsj	Kamen Piskov Memorial 3rd	Ruse	1983.??.??	10
whiKByZD	Las Palmas op	Las Palmas	1995.??.??	4
hzZOOq5F	ROM-ch	Predeal	2006.12.06	10
CNw1Jc4n	WC.1996.F.00001	IECG	1996.??.??	?
AQtvXOyJ	Yerevan zt	Yerevan	1982.??.??	15
x9KB8zdg	NED-ch51	Amsterdam	1996.06.09	3
zD8yUsS5	CM.1995.0.00003	IECG	1995.??.??	?
79CZucHZ	Showdown Blitz 2015	Saint Louis USA	2015.11.15	6
7Twz9GMd	Amber-rapid 11th	Monte Carlo	2002.03.26	9
6PkI5GPZ	World Blitz 2015	Berlin GER	2015.10.14	21.3
PofuAg0J	SportAccord Basque 2014	Beijing CHN	2014.12.17	4.10
46E5Ytj5	Poikovsky Karpov 13th	Poikovsky	2012.09.30	3
t8d6YFOu	PCA/Intel-GP	New York	1995.06.20	1.1
NsKqjetk	BCF-chT 1213 (4NCL)	England	2013.01.13	4.151
CnzZ1nmq	St Louis Summer B	Saint Louis USA	2018.05.17	3.4
a4jtY02Y	Roquebrune rapid	Roquebrune	1992.??.??	7
tsHlAtfW	Sufe Cup	Shanghai	2000.03.05	3
7kWePTbD	Moscow blitz	Moscow	1993.??.??	?
2Bi4zx4S	Vidmar Memorial 14th	Portoroz	2001.07.10	8
g1lNpBGD	Kladovo	Kladovo	2001.08.13	1
aCFTrS8O	Istanbul ol (Men) 34th	Istanbul	2000.11.09	12.2
V6Z99Qwi	POR-chT 9596	Evora	1996.??.??	?
Xp7KKxRX	Lisbon BNU op	Lisbon	1992.??.??	1
ARuG2Rq7	Wch U20	Buenos Aires	1992.??.??	?
iFuMpuK2	IRI-ch	Iran	2000.??.??	11
Smt3Yhp3	PAL/CSS Freestyle op 5th	playchess.com INT	2007.03.04	8
7LYMynY4	89th ch-Paris IdF 2014	Paris FRA	2014.07.11	7.12
B6VxBsq3	Paris-ch 86th	Paris	2011.07.09	8
TuwfGmwT	chess.com Speed 2019	chess.com INT	2019.10.02	1.27
mxxEDNNz	PAL/CSS Freestyle op 3rd	playchess.com INT	2006.06.18	8
41OuZDbw	IND-ch 39th	Nagpur	2002.01.30	14
BU1whFdQ	CT15/pr64	ICCF	2006.11.15	?
CiBxpBaD	World Blitz 2016	Doha QAT	2016.12.30	15.32
199Rdyzd	GM Stars Ramadan 2022	Sharjah UAE	2022.04.13	6.1
Q6JuQ3TV	Bled/Portoroz	Bled	1979.??.??	?
NMZgCr2f	Skopje ol (Men) fin-A	Skopje	1972.10.10	13
x9mdKdOG	2nd IMSA Blitz 2017	Huai'an CHN	2017.12.13	22.1
aXlEvam3	Pepe Cuenca Invitational	chess24.com INT	2020.04.13	1.7
CYCePa2I	FIDE World Blitz 2014	Dubai UAE	2014.06.19	9.5
g6K5XW6G	Wch Blitz 5th	Moscow	2009.11.16	3
2uylBgr9	Bundesliga 0203	Germany	2003.02.09	11.5
bnyKu8N5	Internet Section 14-A	Dos Hermanas	2003.03.14	4
BkewxBKQ	RUS Cup Qualifier 5	chessassistantclub.com INT	2004.12.24	?
1fVWNvpf	Vlissingen HZ op 04th	Vlissingen	2000.08.02	6
FYoZXcfI	EU-ch Blitz	Ajaccio	2007.10.25	22
dmKFX0l5	chess.com Speed 5m+1spm 2017	chess.com INT	2018.08.07	6
iRJYVShT	Oslo BNbank KO	Oslo	2010.11.27	2.3
j4TROT74	6th Zurich Opening Blitz	Zurich SUI	2017.04.12	4.3
678G35oo	Reggio Emilia-A 8788 30th	Reggio Emilia	1987.??.??	?
l7x45TJw	Leon	Leon	1989.??.??	?
XQ8fd4mG	Berliner Sommer 07th	Berlin West	1989.??.??	?
eKSs9liz	Leon	Leon	1990.??.??	8
2yEhDPJV	Genting zt	Genting	1995.??.??	3
qyly13Sh	Nordhorn op	Nordhorn	2009.09.13	3
2kCtIuPE	Venice	Venice	1971.??.??	9
kwtFUTvu	Calvia ol (Men)	Mallorca	2004.10.18	4
oJibXU8P	Bizovac Metalis op 13th	Bizovac	2006.02.24	4
wXs79LKg	Sheikh Russel GM 2021	Dhaka BAN	2021.10.26	8.6
SZP29Vto	Bundesliga 0910	Germany	2009.10.17	1.5
CCGQpO2J	Paracin Prestige Open	Paracin SRB	2023.01.22	8.1
yyTKO6ZQ	TCh-FRA Top 12 2021	Chalons en Champagne FRA	2021.06.25	2.4
x8q9vgmG	Chess.com Rapid Wk8 Swiss	chess.com INT	2022.04.02	6
bNS6ZJbo	44th Olympiad 2022	Chennai IND	2022.07.30	2.13
egdfbV2u	Beijing Sportaccord blitz	Beijing	2012.12.17	9
QfCmazZf	Serbian League 2019	Subotica SRB	2019.08.31	10.3
U6DRd2Ik	Beijing Sportaccord rap	Beijing	2012.12.15	6
R5IuSSTE	FIDE-Wch k.o.	Moscow	2002.01.23	7.7
uyy9tUkB	chess.com Speed 5m+1spm 2017	chess.com INT	2018.07.26	6
BKPySSjf	chess.com Speed 1m+1spm 2017	chess.com INT	2017.05.03	1.27
pu3ROkUl	chess.com Speed 1m+1spm 2017	chess.com INT	2017.05.03	1.25
unDvesFy	Nakamura-Nepomniashchy m	playchess.com INT	2007.02.28	?
FIEhJhLR	chess.com Speed 2019	chess.com INT	2019.10.01	1.18
10AvGREF	FIDE World Blitz 2014	Dubai UAE	2014.06.19	3.20
tRjgZlIv	Tal Memorial Blitz 2014	Sochi RUS	2014.11.13	9.5
WAsx1NNo	Tal Memorial Blitz 2014	Sochi RUS	2014.11.14	22.6
PtAG1hVk	Eurasian Blitz Chess Cup	Almaty KAZ	2016.06.19	18.1
rP7vZbH3	chess.com Speed 2019	chess.com INT	2019.12.04	2.19
5PvMtdpV	Bonn GSK	Bonn	1996.??.??	?
BvcQxBmr	RUS-Cup Final	Sochi	1997.09.20	4
E67oZVL8	Moscow ol (Men)	Moscow	1994.??.??	10
jnJoUK4N	World Blitz 2019	Moscow RUS	2019.12.30	19.4
ApUtwcXT	Goldmoney Asian Rapid KO	chess24.com INT	2021.06.30	1.23
HpEkoYfm	Amber-blindfold 12th	Monte Carlo	2003.03.17	3
ZxkbtNqR	Eliseev Memorial Pt1 2017	Moscow RUS	2017.11.17	3.3
ILzlKTje	Magnus Carlsen Inv Prelim	chess24.com INT	2021.03.13	2.5
iB8R4CLx	Khanty-Mansiysk ol (Men) 39th	Khanty-Mansiysk	2010.09.22	2.1
2nD6GZNy	Linares	Linares	1981.??.??	?
b6pOiP3p	59th Groningen Open 2023	Groningen NED	2023.12.30	9.3
iCg8e4vJ	Xinqiao Cup Men 2019	Wenzhou CHN	2019.07.18	4
wdHuTSIi	Magnus Carlsen Inv Prelim	chess24.com INT	2021.03.15	11.8
q9GmKURw	Amber-rapid 04th	Monte Carlo	1995.??.??	8
XKNFlE3G	World Rapid 2025	Doha QAT	2025.12.27	9.5
KS3CVvHj	Kiev rapid	Kiev	2013.06.07	9
y9Ipr2ym	Carlsen Inv Prelim	chess24.com INT	2020.04.28	6.1
acKZT0r0	Carlsen Inv Prelim	chess24.com INT	2020.04.24	4.1
MCkxGtIu	SuperUnited CRO Rapid 2024	Zagreb CRO	2024.07.12	8.2
R6OSwXvq	45th Olympiad 2024	Budapest HUN	2024.09.20	9.3
ark0JJcA	4th Sinquefield Cup 2016	Saint Louis USA	2016.08.09	5.4
NGBXjX1e	WCh Rapid TB 2016	New York USA	2016.11.30	4
fJe0RZXG	Champions Showdown Blitz	Saint Louis USA	2016.11.14	10.1
pA7KI8oE	World Blitz 2016	Doha QAT	2016.12.30	15.1
lmxxEsQ5	11th London Classic 2019	London ENG	2019.12.04	1.7
1muexxC5	GCT Blitz YourNextMove	Leuven BEL	2017.07.02	18.3
u1qMvBEl	Saint Louis Blitz 2019	Saint Louis USA	2019.08.13	6.4
bIqH7HuA	5th Norway Blitz 2017	Stavanger NOR	2017.06.05	2.1
SlHMDGBA	FIDE Candidates 2024	Toronto CAN	2024.04.04	1.1
MtcLrs6P	83rd Tata Steel Masters	Wijk aan Zee NED	2021.01.26	9.7
zlN7baOJ	EU-ch blitz 29th	Warsaw	2010.12.17	12
854StEc0	2nd China Chess King 2024	Chengdu CHN	2024.11.03	2.2
kHueTgCb	WC23/SF13	ICCF	2022.10.31	?
KCacJHry	DE15A/SF  9	ICCF	2022.12.01	?
arDpztLa	WS/CCM/B/33	ICCF	2024.04.12	?
UyRbx3ix	WC49/pr/1	ICCF	2025.03.20	?
Zpze1MCu	Budapest FS05 IM	Budapest	2000.05.09	4
fG85b0On	AUT-ch	Austria	1996.??.??	4
w7j5SiFt	Nanjing Pearl Spring 1st	Nanjing	2008.12.21	10
Ng8yM8in	Tata Steel India Rapid	Kolkata IND	2024.11.15	9.4
dzzEUGTB	Las Palmas	Las Palmas	1972.06.12	12
c357KnXr	Superbet POL Rapid 2024	Warsaw POL	2024.05.08	2.3
6OvOAQ3X	Champions Showdown G5	Saint Louis USA	2017.11.12	12.1
1sz1aqTW	FIDE GP	Moscow	2002.06.01	1.5
3BlCnjDU	FRG-ch int 4th	Bad Lauterberg	1977.??.??	8
UQlY9WkK	Basel Hilton op 15th	Basel	2013.01.02	3
J9vmmKfJ	Dhaka New White Plus op	Dhaka	2002.04.07	9
K7WQcgeY	Istanbul ol (Men) 34th	Istanbul	2000.11.01	5.3
ZNeUB7lo	Stare Mesto op	Stare Mesto	1992.??.??	?
AkVopToq	Olomouc CP Cup	Olomouc	2003.08.07	9
CQagwpoL	Iberoamerican-ch GpA 3rd	Mexico City	2010.11.13	1
ar1KGT33	ST-2011-0-00081	Lechenicher SchachServer	2011.03.19	?
kRyZURpM	Wch Blitz final (Women)	Batumi	2012.06.05	11
BwIJ5Lm4	Doeberl Cup 50th	Canberra	2012.04.06	3
5iTpuW49	EU-ch 13th	Plovdiv	2012.03.27	7
JcxurEDb	12th Washington Int 2025	Rockville USA	2025.08.11	5.5
9FweSw66	FRA-chT 9900	France	2000.04.02	7.1
cq9wQci5	49th Capablanca Mem Open I 2014	Havana CUB	2014.05.12	5.2
ptN3buw2	URS-ch58	Moscow	1991.??.??	7
wCPNnA4z	Ljubljana op 5th	Ljubljana	1994.??.??	?
n4Kmqyic	Barcelona IM 11 15 Mar	Barcelona ESP	2021.03.19	5.1
wEkq7sv5	BEL-ch	Aalst	2005.07.10	9
eOU9Yt9A	Chennai GM Open 2013	Chennai IND	2013.11.16	2.9
hf84OEdg	Antwerp op	Antwerp	1995.??.??	5
uX3AnPhD	Four Nations tt	Oslo	2008.02.17	3.4
xFhxX9TA	San Martin	San Martin	1995.??.??	12
URl5micb	17th Penang Open 2025	Penang MAS	2025.12.22	8.1
txzY6M0r	Linares	Linares	1978.??.??	?
bcG6VXFG	Mar del Plata op	Mar del Plata	1994.??.??	1
ql3RG0fi	URS-ch39	Leningrad	1971.10.13	19
tUeNRmtH	Gawlikowski Memorial 18th	Warsaw	1999.??.??	?
JLueSZNu	Liepajas Rokade	Liepaya	2004.07.31	6
Vof96L5J	FRA-chT	France	1988.??.??	?
yDcYpaae	Bucharest	Bucharest	1976.??.??	15
yUPPLHNs	Budapest Honved-B	Budapest	1997.??.??	2
rlb0Vbbj	CL/2024/C1	ICCF	2024.02.25	?.4
jWV3UASE	POL/C57/sf2 (POL)	ICCF	2012.02.15	?
gN1JXjd9	Saint Louis Rapid 2025	Saint Louis USA	2025.08.12	5.4
EFGxReL0	World Rapid 2021	Warsaw POL	2021.12.28	10.7
WV9CocC5	Chess.com Rapid Wk5 Swiss	chess.com INT	2022.03.12	1
KTCJZAUB	Legends of Chess Prelim	chess24.com INT	2020.07.23	3.2
ErCoFwOp	Aimchess US Rapid Prelim	chess24.com INT	2021.08.29	6.4
NUNzs7Nj	ACP Blitz Prelim3 3rd	playchess.com INT	2004.06.02	17
jb5zF87i	FTX Crypto Cup KO 2021	chess24.com INT	2021.05.31	3.33
AgWKJv1i	GCT Blitz YourNextMove	Leuven BEL	2016.06.19	1.2
TalGlbRP	GCT Rapid Paris 2017	Paris FRA	2017.06.22	4.3
ltx08h52	5th Norway Chess 2017	Stavanger NOR	2017.06.06	1.3
hlub5fEy	Shymbulak Chess Summer	Almaty KAZ	2025.08.03	4.3
nFYX1I7Y	World Rapid 2021	Warsaw POL	2021.12.28	13.65
A8Si76N0	WS/GMN/A/11	ICCF	2024.10.27	?
TUNPEQkl	16th American Continental	Juan Dolio DOM	2023.05.20	8.7
BEfQewS4	51st Sparkassen Open A	Dortmund GER	2024.08.18	9.18
IaFeLMhT	13th Uva Rapid Open	Caxias do Sul BRA	2014.03.08	6.1
XO4tNgij	Amber-rapid 16th	Monte Carlo	2007.03.17	1
MX0vtJM6	SRB-chT 1st League	Kragujevac	2009.09.11	10
nbqlHhLn	Moscow op-A	Moscow	2009.02.06	7
qyygop1W	Biel MTO op 44th	Biel	2011.07.26	8
6N7GAhAn	Malaga	Malaga	1987.??.??	?
KAYTt6Yh	Southern California op 32nd	Los Angeles	2010.09.05	4
D9DWRQVc	YUG-chT2	Yugoslavia	1994.??.??	2
fLg4RKCq	Dortmund 25th	Dortmund	1997.07.13	9
OLeHYV4Q	RUS Cup	Serpukhov	2007.11.15	6.1
SHt8Jdpc	Uralsk Open 2023	Uralsk KAZ	2023.07.26	7.2
IBynO60I	Dortmund	Dortmund	1995.??.??	1
dStG94BI	M1-2008.T25.02	IECC	2008.03.19	?
LkAmzqW5	WS/M/214	ICCF	2009.05.09	?
Qc0ChP91	WC.2004.F.00002	IECG	2005.05.16	?
G6hItw59	6th Chinese Master Rapid	Shenzhen CHN	2016.11.27	2.1
HZRSmkMC	Smyslov Memorial 2021	Moscow RUS	2021.08.08	2.4
b1pvIv0u	PRO League Pacific 2017	chess.com INT	2017.01.11	1
CwWX8ERe	O2C Doeberl Cup 2018	Canberra AUS	2018.03.31	5.3
2IaXRtHm	Kharkov Champions m	Kharkov	2008.03.05	1
HFHcadu4	17th Nancy Rapid 2019	Nancy FRA	2019.02.24	5.1
svi09hhs	SRB-chT	Valjevo	2012.09.21	5.1
fuWK2YG3	EU-chT (Men) 15th	Gothenburg	2005.08.01	3.1
PjCY6uzx	34th Zalakaros Open 2015	Zalakaros HUN	2015.05.20	7.4
MR6Jdird	45th GM 2017	Dortmund GER	2017.07.18	3.3
8DK9jOON	Pepe Cuenca Invitational	chess24.com INT	2020.04.14	2.7
hq3gifg2	Pepe Cuenca Invitational	chess24.com INT	2020.04.14	2.3
3vXQGKbp	chess.com Speed Inv Qualifier	chess.com INT	2018.06.27	2.11
BEerj0l4	chess.com Speed Inv Qualifier	chess.com INT	2018.06.27	2.3
JJFZcfCy	NED-ch internet	playchess.com INT	2011.06.18	4.10
oebVkU2N	TCh-CHN 2018	China CHN	2018.11.28	20.3
0AXgYGnO	Internet Section 14-A	Dos Hermanas	2003.03.14	7
SWtPxlaf	TCh-SWE Elitserien	Sweden SWE	2020.10.20	9.2
JiiuzjxW	BEL-chT 0708	Belgium	2008.02.17	9.2
gTcWLZti	12th Norway Chess 2024	Stavanger NOR	2024.06.01	5.2
2NGeePiD	World Rapid 2024	New York USA	2024.12.28	12.11
rOrJ9RCC	Julius Baer Gen Cup D3 W	chess.com INT	2024.09.27	1.2
SnsvaCA6	Norway Chess	Stavanger	2013.05.13	5
pSRfcJaF	Wch Rapid	Astana	2012.07.07	9
ROZ3BLm5	World Cup	Khanty-Mansiysk	2009.12.01	4.2
EjnkjMBX	Wch Blitz 5th	Moscow	2009.11.17	27
5QuC5ybL	Aiacciu Masters op	Ajaccio	2006.10.30	8
6Y3USvwQ	Sarajevo Bosnia 33rd	Sarajevo	2003.05.20	3
9eB2bchn	Corsica Masters rap 10th	Bastia	2006.11.05	1.1
Ab1QhzVR	BEL-chT 0708	Belgium	2007.09.30	1.1
e2podPSJ	HUN-chT	Hungary	1993.??.??	?
gys94yrH	3rd Barreau de Paris GM	Paris FRA	2022.09.14	4.5
9Jyke7kU	WC.2003.T.00005	IECG	2002.08.04	?
e3BwAL3V	Budapest Statisztika	Budapest	1997.??.??	8
BR5lBuQT	Amber-rapid 05th	Monte Carlo	1996.??.??	11
2VCHiU7Z	Candidates final	Moscow	1974.??.??	24
XaVeIqrd	FRA-ARM m	Paris	2009.06.25	7
4DwyEECd	EU-ch Internet final	playchess.com INT	2004.11.07	1.2
1Vo4ViPr	SportAccord Blitz Men 2013	Beijing CHN	2013.12.16	30.1
IzEO6yvT	Tashkent FIDE GP 2nd	Tashkent	2012.11.27	5
xK5Z7sDE	Nanjing Pearl Spring 1st	Nanjing	2008.12.17	6
VSW4h1lc	Amber-rapid 05th	Monte Carlo	1996.??.??	2
GizUgfv3	Vugar Gashimov Mem 2014	Shamkir AZE	2014.04.21	2.3
dF309sYf	IMSA Blitz 2016	Huai'an CHN	2016.02.28	7.3
Ta7JFE6i	2nd Kasimdzhanov Cup 2024	Tashkent UZB	2024.07.09	6.2
nti4sGLE	EU-ch 11th playoffs	Rijeka	2010.03.18	1.1
W0HKR9ev	RUS Army-ch	Russia	1995.??.??	?
pIjqoVh9	Taxco Interzonal	Taxco	1985.??.??	14
Ew0YRfI0	Trencianske Teplice	Trencianske Teplice	1985.??.??	2
CwfunWKe	Hoogovens	Wijk aan Zee	1981.01.25	8
0HB9iGOu	Taxco Interzonal	Taxco	1985.??.??	4
isNYBp83	CRO-chT	Sibenik	2007.10.21	9
aMahCCnj	Ciocaltea Memorial	Bucharest	1997.??.??	4
qeTaWxHv	Ciocaltea Memorial	Bucharest	1998.??.??	8
BNxyLtC7	69th ch-HUN 2021	Budapest HUN	2021.12.09	3.1
WYruVA3s	Munich SKA	Munich	1992.??.??	8
VvnfM4Sw	Chess.com RCC Wk11 Swiss	chess.com INT	2022.04.23	9
VgtTabCs	85th Tata Steel Masters	Wijk aan Zee NED	2023.01.24	9.7
jugTvOGr	Superbet ROM Classic 2024	Bucharest ROU	2024.07.02	6.2
Yj0eG7E4	London Classic	London	2009.12.10	3
1pp2Kzbb	Julius Baer GenCup Prelim	chess24.com INT	2022.09.20	10.5
4a4JJEsZ	Leon 23rd	Leon	2010.06.06	2.5
C7UQC44E	Leon 23rd	Leon	2010.06.06	2.4
G56fez65	Manila ol (Men)	Manila	1992.??.??	?
qjC0KySP	World Cup	Reykjavik	1988.10.??	14
Zx3uCTaw	Tata Steel-A 75th	Wijk aan Zee	2013.01.27	13
VZxrG42T	Linares 10th	Linares	1992.??.??	1
9MbjY7oD	Goldmoney Asian Rapid KO	chess24.com INT	2021.07.04	3.23
aF7Mjto0	FTX Crypto Cup KO 2021	chess24.com INT	2021.05.28	2.13
KSXEylcA	Beijing Sportaccord blindfold	Beijing	2012.12.19	7
6AcMKW8k	FIDE Candidates	London	2013.03.28	11
yNqbbMv1	BUL-ch 70th	Svilengrad	2006.03.08	11
fmI5A5Vy	Kesarovski Georgiev Memorial 5th	Sunny Beach	2006.09.07	6.2
I57LhT27	Hamburg-ch int	Hamburg	2000.06.10	1
nHoaJ7OV	Thailand op 11th	Pattaya	2011.04.12	3
4RSv1yaQ	Xtracon Chess Open 2019	Helsingor DEN	2019.07.21	3.22
psemCxRG	43rd Olympiad 2018	Batumi GEO	2018.09.27	4.15
twS6ROeu	Santos Lugares	Santos Lugares	1977.??.??	3
nlhAHs3e	Gibraltar Masters 2018	Caleta ENG	2018.01.29	7.74
2LekCZ4V	CZE-chT 0001	Czechia	2001.??.??	8
uP6jZgEw	CM.1998.0.00052	IECG	1998.??.??	?
YttVMLD0	Oberliga Wuert 9900	Wuerttemberg	2000.02.27	?
fd245V7S	CT17/SF03	ICCF	2011.11.01	?
o5QqO3Ue	CM.1999.0.00086	IECG	1999.??.??	?
4LtdmCbw	World Blitz 2017	Riyadh KSA	2017.12.30	18.46
aES18c7n	Manila	Manila	1973.11.02	12
REBa3TNC	San Martin	San Martin	1994.??.??	7
M98Tp70Q	Chigorin Memorial 18th	St Petersburg	2010.11.02	6
kEDqbX4w	Capablanca Memorial	Cienfuegos	1972.??.??	16
HDhX6Dds	BUL-ch	Sofia	1981.??.??	4
P1IdVFGu	Panchenko Mem Open A 2022	Chelyabinsk RUS	2022.09.18	7.12
F6plQ3YN	Istanbul ol (Men) 34th	Istanbul	2000.11.12	14.2
N0qhDYWM	Sigeman & Co 11th	Malmo	2003.04.29	1
idVlmpsP	Tilburg	Tilburg	1994.??.??	2
A067GqGU	EU-ch 6th	Warsaw	2005.06.26	8
TW3hUXIP	TechM GCL 2025	Mumbai IND	2025.12.14	4.3
ZPc4QVys	FIDE World Cup 2025	Goa IND	2025.11.11	4.1
VOXxzK8n	World Rapid 2025	Doha QAT	2025.12.26	2.33
VTn0Lg7Y	WC30/ct01	ICCF	2010.09.10	?
7vfP6n0Y	Saint Louis Blitz 2019	Saint Louis USA	2019.08.14	10.5
MmGIejpi	45th GM 2017	Dortmund GER	2017.07.16	2.3
HtAJjaTT	Lindores Abbey Final 8	chess24.com INT	2020.06.03	3.35
JzMUJZFz	Istanbul ol (Men) 34th	Istanbul	2000.10.30	3.2
vuoUebpi	FIDE World Blitz 2014	Dubai UAE	2014.06.19	3.21
MLcW1QeJ	chess.com Speed 1m+1spm 2017	chess.com INT	2018.07.24	23
qmNulchr	PRO League Group Stage	chess.com INT	2019.02.07	5
PYjYciOV	IMSA Rapid 2016	Huai'an CHN	2016.02.26	1.8
AjSG1hY5	Walsall op	Walsall	1992.??.??	5
AdRFq28F	Genova	Genova	1989.??.??	6
AiNrfg10	Budapest Spring op 05th	Budapest	1989.??.??	?
Vfnq76k3	CRO-chT	Tucepi	1996.??.??	?
1O9mXkQg	GRENKE Chess Classic 2024	Karlsruhe GER	2024.03.30	7.1
kLMQNKHi	FIDE World Rapid Team	Almaty KAZ	2024.08.03	5.7
zvuNVCH0	FIDE World Cup 2025	Goa IND	2025.11.09	3.3
SCWFbhCT	4th UZB President Masters	Tashkent UZB	2025.12.10	7.4
Sggrl84k	Oakham YM	Oakham	1992.??.??	7
3ZzovwGQ	Lloyds Bank op 14th	London	1990.??.??	?
FntqZI7c	Mainz-ch	Mainz	1995.??.??	3
EfiFNMaL	Dortmund op	Dortmund	1987.??.??	9
Ms903eH3	Lugano op	Lugano	1986.??.??	?
mGUw1WTd	Reykjavik op	Reykjavik	1996.??.??	3
jm1on2za	US op	Chicago	1989.??.??	7
yzV0DgUq	Falkoner International Team	San Francisco	1999.03.13	2
cPw8b97O	New York op	New York	1992.??.??	?
EnSW98a7	EU-ch U20	Sas van Gent	1992.??.??	3
h55Dcqn1	RUS-chT2	Sochi	2007.05.04	2
aY9yHZx3	Moscow ol (Men)	Moscow	1994.??.??	11
chFcA1F8	IND-ch 48th	New Delhi	2010.12.14	6
PAC7pouM	EU-Cup Gr1	Luxembourg	1993.??.??	?
kRsEW9bI	Gibraltar Masters 2015	Caleta ENG	2015.01.28	2.35
Nlc5GkkI	ARG-ch	Buenos Aires	2000.10.16	6
aEHAU7hO	SWE-chT 1011	Sweden	2011.02.05	7
3KlVrZYT	MT-Paroulek (CZE)	ICCF	2007.12.01	?
Iqbd81UU	CCCSA GM 2017	Charlotte USA	2017.03.30	2.3
hvA9Y395	CZE-chT 0405	Czechia	2005.02.20	7.3
Od844w6k	Qatar Masters Open 2023	Doha QAT	2023.10.13	3.31
4Q8zjtqK	SCG-ch 2nd	Pancevo	2006.03.08	9
b9hIkYIo	10th Norway Chess 2022	Stavanger NOR	2022.06.05	5.1
IpH0SIZZ	Vugar Gashimov Mem 2019	Shamkir AZE	2019.03.31	1.3
6O2T5J1L	FIDE World Cup 2025	Goa IND	2025.11.13	4.4
fbQdd2N8	European Online CC Final	Tornelo INT	2021.03.30	2.1
mCpuUae6	Julius Baer Gen Cup D2 W	chess.com INT	2024.09.27	1.3
X9GARyX7	Zonal 2.5 2017	Villa Martelli ARG	2017.05.06	7.4
xlkM7vQU	Donetsk Masters 1st	Donetsk	2011.03.04	10
0ohJRZ6p	Bundesliga 9798	Germany	1997.11.08	3.6
TCS8oLxV	Saint Affrique op 09th	Saint Affrique	2001.07.24	5.9
Ec2Cj2K6	18th Asian Continental	Xingtai CHN	2019.06.12	6.8
AUZKrcL8	ESP-5/Alhambra (ESP)	ICCF	2007.09.10	?
td65vW4z	Online Olym Div2 A 2021	chess.com INT	2021.09.02	2.3
PkJ5b7AQ	39th ECC Open 2024	Vrnjacka Banja SRB	2024.10.21	2.19
71KNbk3S	EU-chT (Men) 16th	Heraklio	2007.10.31	4.1
x4qCNghm	PCA/Intel-GP	London	1995.??.??	1
LQB6riYp	Graz Casino Open 2014	Graz AUT	2014.02.17	5.3
cGD20AcK	La Fere op 7th	La Fere	2008.07.07	4
qCZyiKgy	MT-Barrios/B (ESP)	ICCF	2010.12.01	?
G6zSFqq3	Moscow 07	Moscow	2009.07.16	4
L4wj6TNX	Tula-B	Tula	2002.??.??	10
32r3XYjp	FIDE World Cup 2025	Goa IND	2025.11.09	3.3
RvTBXb3U	Bundesliga 2023-24	Solingen GER	2024.02.03	7.7
5wwEFZ6f	FIDE Grand Swiss 2021	Riga LAT	2021.11.07	11.31
qS6FjMpg	Bundesliga 2021-22	Baden Baden GER	2022.05.01	6.5
wgWwwePK	URS-ch49 sf	Saratov	1981.07.??	?
7R9icppY	Kuala Lumpur op 5th	Kuala Lumpur	2008.08.22	8
mjJT2bNP	Kharkov	Kharkov	1999.??.??	7
hy1WmhqE	St Petersburg Chigorin CC-ch	St Petersburg	2009.05.25	6
gfayC0wS	Commonwealth-ch	Mumbai	2003.04.25	8
WIH20S67	ACP Blitz Prelim2	playchess.com INT	2004.04.13	11
ohH8rioq	Pan American-ch	Washington DC	2006.12.30	6
bhE2mMS8	Ano Liosia op	Athens	1997.??.??	6
5Jq03Vh1	URS-ch otbor	Beltsy	1979.??.??	?
tqnpuv1v	Wch U20	Belfort	1983.08.??	?
G4gUPUwC	WS/MN/014	ICCF	2006.08.25	?
ONVKAEtW	World Rapid 2019	Moscow RUS	2019.12.26	3.34
eBybtTud	GMA op	Moscow	1989.??.??	7
SZ0zf4kr	ARG-ch	Buenos Aires	2000.10.10	1
JGbfaLoS				
jC7xmYQi	AUS/NZL-GER	ICCF	2012.11.01	?.4
SR3nDnFm	40th Cappelle Open 2024	Cappelle la Grande FRA	2024.03.07	8.6
9Ws0EMlN	CRO-chT	Porec	1998.09.13	7
ESMLbDZz	Netanya-B	Netanya	1973.??.??	4
hPE426OJ	SWE-ch	Degerfors	1978.??.??	?
eyMsqX7W	London Classic 2nd	London	2010.12.12	5
ZY5qoarx	Benidorm Stars 7th	Benidorm	2008.12.08	9
LXjNqGBC	Capablanca Memorial-A	Cienfuegos	1991.??.??	7
7FerRiQd	Brno Morava-A	Brno	1991.??.??	9
PIyxmdrk	Wch Blitz 4th	Almaty	2008.11.08	1
gHjXlRBF	PCA/Intel-GP	Moscow	1994.??.??	2
TSUtFmdj	Sarajevo Bosnia-A 36th	Sarajevo	2006.05.11	5
bCRx5O5S	Hoogeveen Essent Crown	Hoogeveen	2004.10.21	4
N51Erydk	Clutch Chess: Champions	Saint Louis USA	2025.10.28	10.1
lptNr2VE	World Rapid 2024	New York USA	2024.12.26	3.63
1aVmas7W	24th European Teams	Budva MNE	2023.11.20	9.8
odNAaS92	WchT 5th	Yerevan	2001.10.16	5.2
q7HOezng	Metz op 01st	Metz	1983.04.??	?
hbuk1Odo	EU-Cup 20th	Izmir	2004.10.04	2.6
LwPFvXCv	EU-ch 4th	Istanbul	2003.06.03	5
J6pISzaG	BUL-chT-A 60th	Albena	2010.06.01	6.1
jBq7aV5W	Kemerovo1	Kemerovo	1995.??.??	6
PsVSzk9F	WC47/pr/3	ICCF	2023.03.27	?
LKN2RpEt	Gothenburg op	Gothenburg	1996.??.??	?
k2XKIVwl	XV AEAC/Sem.01 (ESP)	ICCF	2018.07.30	?
95TDnYA8	WC43/pr/7	ICCF	2019.03.20	?
WN2T8PHX	World Rapid 2023	Samarkand UZB	2023.12.28	13.1
T0jBybX9	Superbet Classic 2022	Bucharest ROU	2022.05.14	9.2
g3bBjwya	CHN League Division A Pt1	Nanjing CHN	2025.09.01	6.2
q9JKGoj0	Leningrad Interzonal	Leningrad	1973.06.08	5
XLTybZtU	EU-Cup Gr6	Clichy	1993.??.??	?
p9G5hEcZ	PHI-ch	Manila	2011.07.16	1
ZPO52Sgs	Gibraltar Masters 2019	Caleta ENG	2019.01.23	2.35
8ZfFVba2	AB/Chaika (CFR)	ICCF	2022.02.23	?
EO7QQWrD	Groningen GAM	Groningen	1995.??.??	?
8AbF1WVX	Athens Acropolis op	Athens	2006.08.20	8
XwI1sf55	UKR-chT Clubs	Alushta	2011.05.20	8.1
458DRxJu	Donner Memorial	Amsterdam	1996.08.29	11
35gp8XiQ	EU-chT (Men) 12th	Batumi	1999.11.29	1.4
gPqyOFLA	Lloyds Bank op 11th	London	1987.??.??	6
LO1OOnr2				
SOdojaEh	Obninsk	Obninsk	2007.12.19	9
b70NdMHY	ch-RUS Rapid 2016	Sochi RUS	2016.10.03	6.11
er2dJej9	EU-Cup 17th	Panormo	2001.09.29	7.1
CdSfCk0j	chess.com Speed 2019	chess.com INT	2019.11.18	2.4
IalIDK85	Vugar Gashimov Mem 2019	Shamkir AZE	2019.04.01	2.2
FAxLoZB3	FIDE Candidates 2018	Berlin GER	2018.03.15	5.1
eRFbYjVE	WR Chess Masters 2024	London ENG	2024.10.16	3.2
mcfCi3pK				
0vQ4KXzg	11th World Teams 2017	Khanty-Mansiysk RUS	2017.06.17	1.4
DsoSpBng	AUT-chT 1213	Austria	2013.03.23	10.3
Z9lyWsfg	Ultimate Blitz Challenge	Saint Louis USA	2016.04.28	8.2
uRBk0VcB	SpeedChess Final 2024	Paris FRA	2024.09.06	1.3
dft8cypS	World Rapid 2016	Doha QAT	2016.12.27	8.7
40VNQIZN	Ultimate Blitz Challenge	Saint Louis USA	2016.04.29	14.2
0NYLVVH9	81st Tata Steel GpA	Wijk aan Zee NED	2019.01.13	2.1
OZh1suHj	Linares 15th	Linares	1998.02.27	6
PESy2sH3	FIDE World Cup 2017	Tbilisi GEO	2017.09.19	6.1
m7LqFHsa	GCT Rapid Paris 2019	Paris FRA	2019.07.29	7.5
k0RDGRHw	Corus	Wijk aan Zee	2000.01.29	12
UssKmi9Q	Tbilisi FIDE GP 2015	Tbilisi GEO	2015.02.26	10.2
hlwceAF2	GCT Rapid Paris 2021	Paris FRA	2021.06.20	8.1
p5g9cT4u	PCA/Intel-GP	Paris	1995.11.11	2.2
p74QqkeW	Cap d'Agde CCAS Trophee KO	Cap d'Agde	2008.10.30	1.1
AmhaFrwH	77th Tata Steel GpB	Wijk aan Zee NED	2015.01.20	9.6
wLQY8PvM	USA-ch Quads	Saint Louis	2010.05.24	3
bPraK48i	World Championship	London	2000.10.19	7
15QJ4mnS	Chess Classics Giants	Frankfurt	1998.06.18	4
zXUf5STt	Kosmos m 5'	Moscow	1998.11.28	14
lCm7cbsw	SportAccord Basque 2014	Beijing CHN	2014.12.17	4.4
3AikdTML	World Blitz 2015	Berlin GER	2015.10.14	12.4
hMCW2SLC	11th Tal Mem Blitz 2018	Moscow RUS	2018.03.05	1.7
voExx2af	11th Tal Mem Rapid 2018	Moscow RUS	2018.03.04	8.2
dg1Q7pJh	Yinzhou Cup 2018	Ningbo CHN	2018.06.28	6.2
4FR9MJMl	II Neoclassical Masters	Madrid ESP	2016.06.03	5.1
nwHrdExJ	2nd Norway Chess 2014	Stavanger NOR	2014.06.12	8.3
q9StWHw1	Chessable Masters Final	chess24.com INT	2020.06.28	1.27
H9pt34ZP	Airthings Masters Prelim	chess24.com INT	2022.02.20	7.4
AZ9uR3Yk	Wch Rapid	Khanty-Mansiysk	2013.06.07	7
j3LNGDAb	Moscow blitz	Moscow	1993.??.??	?
65Obnqo2	II Aguascalientes Int	Aguascalientes MEX	2024.08.10	7.1
fLNkVZqv	3rd Al Ain Chess Classic	Al-Ain UAE	2014.12.24	7.2
B88xOBdr	Amber-blindfold 08th	Monte Carlo	1999.03.23	7
XpuhlINR	TCh-RUS Blitz 2016	Sochi RUS	2016.10.07	5.1
Ojbsj0N5	Cap d'Agde Karpov qual	Cap d'Agde	2012.10.28	6
EoH6t0ot	Dos Hermanas-A	Dos Hermanas	2003.04.03	7
fNI5QJmd	PRO League Stage	Chess.com INT	2020.02.17	7
If3SqfAP	Dos Hermanas	Dos Hermanas	1994.??.??	1
AaDZN4cJ	New York CITS	New York	1996.??.??	5
HUGbZ9OO	Leon	Leon	1995.??.??	5
BGlMufpW	75th ch-MNE 2023	Podgorica MNE	2023.02.07	3.1
pwDeYAvo	Romania	Romania	1986.??.??	?
6lp7E89f	Santa Clara	Santa Clara	1990.??.??	10
ekEZGxF2	7th Norway Armageddon	Stavanger NOR	2019.06.12	7.1
Kwbih9lT	Moscow Tal Memorial 7th	Moscow	2012.06.18	9
AzWlTbmJ	9th London Classic 2017	London ENG	2017.12.06	5.2
rqSc1t4Z	FIDE World Cup 2017	Tbilisi GEO	2017.09.21	6.4
TmYtdNqC	Aimchess US Rapid Prelim	chess24.com INT	2021.08.29	10.1
a5GLYZND	World Rapid 2021	Warsaw POL	2021.12.26	1.3
WoqBPeu0	Nanjing Pearl Spring 2nd	Nanjing	2009.10.06	8
8ifmMivO	FIDE Candidates	London	2013.03.17	3
vCCWT9F3	Amber-blindfold 20th	Monte Carlo	2011.03.22	9
j9GYlSpG	Nanjing Pearl Spring 2nd	Nanjing	2009.10.04	6
wgojaHhQ	5th Asian Indoor 2017	Ashgabat TKM	2017.09.22	3.1
thamo78u	URS-ch46	Tbilisi	1978.12.??	5
TSYpIm8p	Roquebrune	Roquebrune	1992.??.??	?
GyxRVhsd	Magnus Carlsen Inv KO	chess24.com INT	2021.03.18	2.14
yis5wd7b	Tashkent FIDE GP 2014	Tashkent UZB	2014.10.27	6.1
iBcNih5P	42nd Olympiad 2016	Baku AZE	2016.09.03	2.7
nfNPG7xR	FIDE Grand Swiss 2025	Samarkand UZB	2025.09.09	6.38
2AkloPTH	EU-chT (Men) 17th	Novi Sad	2009.10.30	9
RRowGzOM	World Blitz 2017	Riyadh KSA	2017.12.29	6.31
0pzB7jlT	Corus-B	Wijk aan Zee	2010.01.26	9
CfNIoIem	ICC-ch blitz fin1	ICC INT	2002.??.??	6
bzSjDsZc	23rd ch-EUR Indiv 2023	Vrnjacka Banja SRB	2023.03.13	11.1
GRhbRS5t	FIDE World Cup 2025	Goa IND	2025.11.04	2.1
K44A7Ge2	Barcelona op rap	Barcelona	1996.12.14	4
wNVCJ4zM	Madras	Madras	1994.??.??	?
tKMAK9wO	EU/CT2021/ct 1 4	ICCF	2021.03.15	?
3ZU8q39R	HUN-chT2 Maroczy 0304	Hungary	2003.09.28	1
2YNNMAmP	5th Terre degli Elimi Open 2014	Erice ITA	2014.07.23	7.6
MQlHSngU	WC43/pr/4	ICCF	2019.03.20	?
ya7lqkms	3rd GRENKE Classic TB	Baden Baden GER	2015.02.09	3
SrZZyORI	3rd GRENKE Classic TB	Baden Baden GER	2015.02.09	1
dQljDai1	Cote d'Ivoire Blitz 2019	Abidjan CIV	2019.05.11	5.4
AV39x87P	Cote d'Ivoire Blitz 2019	Abidjan CIV	2019.05.12	13.2
nLYZdTRb	Linares 13th	Linares	1995.03.02	2
z0jZ6GXN	5th Hainan Danzhou 2014	Danzhou CHN	2014.07.04	9.1
gxDlHsy3	Amber-blindfold 07th	Monte Carlo	1998.03.25	10
QBTpvL96	Tal Memorial Blitz 2014	Sochi RUS	2014.11.13	2.3
WdNnqEFy	5th Classic GpD 2013	London ENG	2013.12.13	6.1
Sp9wsfuG	BdF/Gold 2007 (GER)	ICCF	2007.08.15	?
lGNL1YD3	Linares Anibal op 11th	Linares	2005.03.02	7
COzJmEjd	BRA-ch	Sao Luis	1981.05.??	12
LXQtQ6vh	ESP/W/M/104 (ESP)	ICCF	2023.01.09	?
d9mRMUOW	Julius Baer GenCup Prelim	chess24.com INT	2022.09.21	13.3
NU0ATb2q	Sheikh Hamdan bin Rashid	Dubai UAE	2021.12.06	1.1
z7ZG8YmU	Bundesliga 2025-26	Deizisau GER	2025.09.28	2.4
C9ZXoWWl	World Championship	Bonn	2008.10.15	2
bL5JeSYx	2nd IMSA Blitz 2017	Huai'an CHN	2017.12.12	4.2
F9V7KY3t	2nd IMSA Blitz 2017	Huai'an CHN	2017.12.12	2.3
H8Uds7Xa	TCh-TUR Super League 2014	Kocaeli TUR	2014.08.29	13.1
BLyKqaSq	Meltwater Tour Final 2021	chess24.com INT	2021.09.27	3.4
ugE6qRCv	World Rapid 2023	Samarkand UZB	2023.12.28	10.1
Pb4SlNrK	Wch Blitz 5th	Moscow	2009.11.18	38
4KgS5atH	Wch Blitz 4th	Almaty	2008.11.08	11
wWqIX7de	World Blitz 2019	Moscow RUS	2019.12.30	18.43
S0uQB1c5	XXXVI Zamenhofa Mem	Bialystok POL	2017.12.30	8.3
OdrCkahG	GEO-ch 66th	Tbilisi	2007.03.15	2
6pp2b09i	Julius Baer Gen Cup D3 W	chess.com INT	2024.09.27	1.3
5CVPv6R2	ESP-chT CECLUB Honor	Melilla	2011.11.21	1
ehHIBX3i	Aeroflot Open A 2024	Moscow RUS	2024.03.04	4.4
xJb3WIPK	Olavarria Magistral 3rd	Olavarria	2003.02.08	5.2
sOdCzmmD	Druga liga SRB Vojvodina	Novi Sad SRB	2018.11.14	8.4
DTw1sksq	HUN-chT	Hungary	1992.??.??	?
Pc9CXpMZ	PCA/Intel-GP	Moscow	1994.??.??	2
IilTd9pb	Linares 12th	Linares	1994.??.??	10
cFZA8VKx	chess.com IoM Masters	Douglas ENG	2018.10.27	8.6
H6UIllPA	6th Prague Masters 2024	Prague CZE	2024.03.06	8.1
WigmCVrp	World Rapid 2015	Berlin GER	2015.10.11	10.17
BdL9hJgx	Moscow Aeroflot op-A 9th	Moscow	2010.02.15	7
QXxfBHK4	Moscow Aeroflot rapid KO	Moscow	2013.02.15	1.1
pDac8T3L	Moscow Tal Memorial 7th	Moscow	2012.06.09	2
QWBEnq90	Dortmund SuperGM 39th	Dortmund	2011.07.31	10
vnnILlRs	KM FIDE GP 2015	Khanty-Mansiysk RUS	2015.05.15	2.2
9GmohKPz	Novgorod	Novgorod	1997.06.16	5
B1D7Pq1e	Moscow Tal Memorial Blitz	Moscow	2008.08.30	28
70LoiX4g	Novgorod 3rd	Novgorod	1996.07.20	1
UZdSPRa2	Sofia MTel Masters 4th	Sofia	2008.05.16	8
M6Wsu4py	Hastings 0304 79th	Hastings	2004.01.04	8
o3lxB2xD	EU-ch 1st	Saint Vincent	2000.07.06	4
z2FEJNAo	Reykjavik op 21st	Reykjavik	2004.03.12	6
6jRoRbi7	Northeim CES 1st	Northeim	2005.04.16	5
vKSPBp60	Geneva Grand Prix 2017	Geneva SUI	2017.07.15	9.9
aexv7Tu9	chess.com IoM Masters	Douglas ENG	2018.10.25	6.11
L0hPQ6bD	RUS-ch Superfinal	Moscow	2005.12.22	4
pJCOBhES	Dos Hermanas	Dos Hermanas	1995.??.??	9
rzz7hZtn	Amber-rapid 20th	Monte Carlo	2011.03.24	11
XbR27SGv	Corus	Wijk aan Zee	2008.01.13	2
qgx6ZBJf	World Cup	Skelleftea	1989.08.??	2
wPdOj5Rd	Thessaloniki FIDE GP	Thessaloniki	2013.05.22	1
CGmRDPCO	Sinquefield Cup	Saint Louis	2013.09.13	4
wSEoCLJs	10th London Classic 2018	London ENG	2018.12.13	1.8
1hKqbXja	Tata Steel-A 82nd	Wijk aan Zee	2020.01.22	10
WVKwhgDK	Wch Blitz 5th	Moscow	2010.11.17	18
akaNOZst	Chessable Masters Losers	chess.com INT	2025.02.19	2.2
aSMyoq1l	FIDE-Wch k.o.	Groningen	1997.12.12	2.2
cR7MzU8m	ISR-chT	Israel	2010.05.07	9.1
UP0r9f6c	Julian Borowski-A 2nd	Essen	2000.05.03	6
Jg5eWif8	Moscow Aeroflot op-A	Moscow	2007.02.19	6
EBM1XaJz	FIDE World Rapid Team	London ENG	2025.06.11	2.1
wBYpN7q2	CHN-RUS Summit Men 7th Rapid	Ningbo	2010.08.11	5
ypbeWFrF	FIDE World Blitz 2013	Khanty-Mansiysk	2013.06.09	5
nvxeZ228	Moscow Aeroflot op-A 9th	Moscow	2010.02.13	5
Up4o46f3	ch-RUS Rapid w 2016	Sochi RUS	2016.10.03	6.2
OCOwcQ6F	BEL-chT 0910	Belgium	2010.01.10	6
qshB9lfK	National op	Las Vegas	1993.??.??	3
zBHbEPw0	World op 31st	Philadelphia	2003.06.30	1
XKMo5lVY	Mid America Class op	Chicago	1995.??.??	5
j4ZAYqFN	Bogota Univ Cent op 7th	Bogota	2013.10.12	5
1PjkVz5G	Pervomaisky IM Autumn	Pervomaisky RUS	2016.10.06	10
dYLuxsXW	DDR-ch 27th	Eggesin	1978.??.??	5
Qoz0ryaj	10th Gashimov Mem Rapid	Shusha AZE	2024.09.27	4.1
vA4GySfW	Wch Rapid	Khanty-Mansiysk	2013.06.08	15
NOjR43mv	POL-chT	Lubniewice	2005.09.07	5
RBdokuAx	Pardubice op-A	Pardubice	2006.07.23	3
DdV5WWgA	Grand Slam Final 4th	Sao Paulo/Bilbao	2011.09.26	1
MQI5SbEE	Linares 27th	Linares	2010.02.15	3
4bvgFPCD	ACP Blitz Prelim1	playchess.com INT	2004.04.12	16
gs93tnrc	PRO League Group Stage	chess.com INT	2018.01.18	1
oGrNdq9G	Wch U20	Istanbul	2005.11.12	4
oMjslx3H	Lausanne YM 3rd	Lausanne	2001.05.21	1.6
WiKy7i5X	CHN-ch Prelim rap 1st	Hefei	2011.07.04	6
fAButj9s	Reykjavik Open 2015	Reykjavik ISL	2015.03.11	3.5
98mxQ021	Miskolc	Miskolc	2004.03.11	2
wmvtvIFf	URS Army-ch	Tashkent	1987.??.??	?
5gxKa3om	Tula Stek Cup	Tula	2004.11.20	5
k6t4vps8	Mexico City m	Mexico	1997.??.??	4
JLk26vb0	35 Aniv B  7 (CUB)	ICCF	2024.09.30	?
AfbyRRic	Chess.com RCC Wk23 Swiss	chess.com INT	2022.07.30	2
NsvY2Wk5	Chess.com RCC Wk13 Swiss	chess.com INT	2022.05.07	2
xhudLps8	World Blitz 2018	St Petersburg RUS	2018.12.30	21.21
rADMXLnk	Corus	Wijk aan Zee	2006.01.17	4
N53H5p45	Linares 20th	Linares	2003.03.03	9
SZ4fy0el	Eurotel Trophy	Prague	2002.05.02	4.3
9Blq7lK7	Levitov Chess Week Rapid	Amsterdam NED	2023.09.23	6.2
KmrEVOiT	Chessable Masters Final	chess24.com INT	2020.06.26	1.15
W7cbj25C	Saint Louis Rapid 2021	Saint Louis USA	2021.08.11	2.5
9pIBHKDN	Aimchess US Rapid Prelim	chess24.com INT	2021.08.29	7.4
daOH1ZzG	Charity Cup Prelim	chess24.com INT	2022.03.20	6.3
jojgSB45	World Championship	London	2000.10.14	4
wfsibNBy	Gibraltar Masters 2017	Caleta ENG	2017.02.01	9.3
23m71TDS	URS-ch FL53	Minsk	1985.??.??	10
cIShzjpX	Bern op	Bern	1994.??.??	9
jFSakupq	2nd Bundesliga Nord 2016-17	Germany GER	2017.04.23	8.1
LqfUEDXb	1000GM St Louis GM Jan	Saint Louis USA	2023.01.28	7.3
U9wFxrUv	GCT Rapid YourNextMove	Leuven BEL	2016.06.17	5.3
he2gXnHf	Skilling Open KO 2020	chess24.com INT	2020.11.29	3.13
b8rlGFQo	Zuerich Kortschnoj KO	Zuerich	2001.04.29	3.2
Zaka2wBU	Goldmoney Asian Rapid KO	chess24.com INT	2021.06.30	1.24
0eVrZCH7	RUS Cup Qualifier 4	chessassistantclub.com INT	2004.11.25	5
39sLIlEn	Champions Challenge 112th	playchess.com INT	2005.09.17	3.6
eqPORR7Y	41st Badalona Open 2015	Badalona ESP	2015.08.09	8.4
UP2aA1aU	Chess.com Rapid Wk3 Swiss	chess.com INT	2022.02.27	2
kLBQBy6d	18th Dubai Open 2016	Dubai UAE	2016.04.17	7.2
IduuZsNl	World Rapid 2021	Warsaw POL	2021.12.27	9.41
R2WIomg2	1st Trophee Imaweb 2023	Aix-en-Provence FRA	2023.08.09	4.4
JbQQfbWb	WCh 2023	Astana KAZ	2023.04.12	3.1
gkyaXU87	Chessable Masters Prelim	chess24.com INT	2022.05.20	6.5
3SPpY24r	11th Norway Chess 2023	Stavanger NOR	2023.05.31	2.3
DR6rTdg8	83rd Tata Steel Masters	Wijk aan Zee NED	2021.01.16	1.6
Eb3v1fm8	6th Sinquefield Cup 2018	Saint Louis USA	2018.08.22	5.1
T1ug8vXh	World Blitz 2015	Berlin GER	2015.10.13	11.27
AZFmj1ja	Dortmund	Dortmund	1995.??.??	3
fyrIXVkz	TCh-FRA Top 16 GpB 2023	Chartres FRA	2023.06.01	1.2
LYJigK0h	Cannes op	Cannes	2006.02.16	7
RSGeyo39	Yerevan Petrosian Memorial	Yerevan	1988.05.20	12
cgja2PGN	EU-Cup 18th	Kallithea	2002.09.28	7.4
wXNpNuVL	Capablanca Memorial-A	Havana	1990.??.??	?
jV2CKLa6	1000GM NY Winter GMA	New York USA	2024.01.14	7.1
dlIAsM9q	Tilburg Fontys	Tilburg	1998.10.25	3
47xLTOGg	Carlos Torre Wimbledon 21th	Merida	2008.12.20	4.3
i0ESAFYc	Clichy	Clichy	2001.07.02	8
kp0iTznY	Corus-B	Wijk aan Zee	2010.01.24	8
ZjBHDDj0	Buenos Aires ol (Men)	Buenos Aires	1978.11.06	11
Z9343hU0	Benidorm Bali	Benidorm	2002.12.01	11
aGf5FoqD	WMSG Blitz Team 1st	Beijing	2008.10.13	4
laIz4GBO	Bundesliga 1011	Germany	2011.03.19	12.1
DXbqizgv	AUT-chT 0607	Austria	2007.01.19	5
JI2EFYj0	Airthings Masters KO 2022	chess24.com INT	2022.02.25	3.13
EJnbHyTp	FIDE Candidates	London	2013.03.29	12
6q7orsgn	Meltwater Tour Final 2021	chess24.com INT	2021.09.25	1.1
6FXTOxul	chess.com Speed 5m+2spm 2017	chess.com INT	2017.05.25	1.3
g7Eq8SPx	Tata Steel India Blitz	Kolkata IND	2019.11.26	13.2
3IBZ6hoL	IMSA Blitz 2016	Huai'an CHN	2016.02.28	6.7
sBfGhS6B	PNWCC Super SOS	Chess.com INT	2020.07.16	5
785haJIS	Oberliga NRW 9798 I	Germany	1997.??.??	4.2
lr6OPh9C	Rujna Zora-2 IM 2021	Arandjelovac SRB	2021.04.14	6.3
IH9ukZ9m	Candidates reserve	Portoroz	1971.??.??	5
P3F4Dxtv	Tilburg rapid20	Tilburg	1993.??.??	4
YelXsIJc	Alushta4	Alushta	1994.??.??	1
fvUqPU2Q	Valle d'Aosta op 8th	Saint Vincent	2000.02.18	7
9ng7Q0mQ	Donner Memorial	Amsterdam	1995.??.??	10
9wyOBMoh	Opera Euro Rapid Prelim	chess24.com INT	2021.02.06	3.3
ui4taS5n	World Rapid 2017	Riyadh KSA	2017.12.26	5.15
8vAOYgJv	Saint Louis Rapid 2019	Saint Louis USA	2019.08.10	3.3
3pvmvh3n	Chess.com Rapid Wk3 Swiss	chess.com INT	2022.02.27	1
Wia2kLey	Opera Euro Rapid Prelim	chess24.com INT	2021.02.06	1.4
aX0FoM71	Charity Cup Prelim	chess24.com INT	2022.03.22	15.2
UadOc5DT	Curacao m1	Curacao	2005.06.12	4
GrZNOxHq	Chess.com Rapid Wk6 Swiss	chess.com INT	2022.03.19	8
otOMRwOx	ch-RUS Rapid 2016	Sochi RUS	2016.10.02	4.12
5oe2TqdN	70th ch-RUS 2017	St Petersburg RUS	2017.12.10	7.1
m3TTaQ3p	Kropotkin	Kropotkin	1995.??.??	6
DUQE68Bv	Marrakesh op 1st	Marrakesh	2010.06.28	4
Y4JYSqDq	FRA	France	1993.??.??	?
VMi9mio6	Airthings Masters KO 2020	chess24.com INT	2020.12.30	1.31
ZNmhygbf	Legends of Chess Final	chess24.com INT	2020.08.02	1.33
mIqa1MbI	Legends of Chess Final	chess24.com INT	2020.08.02	1.31
u0U1w8OQ	PRO League Stage	Chess.com INT	2020.02.12	6
KDDg9NV9	Montreal op	Montreal	1995.??.??	7
DZ94ckgz	Koltanowski Memorial op	San Francisco	2000.12.15	2
UeWPJxAz	28th Czech Rapid G1 2017	Pardubice CZE	2017.07.20	6.28
xZurgSrP	Kharkov Caissa op	Kharkov	2003.01.25	5
Z9gdsKbJ	RUS Cup final	Serpukhov	2008.11.07	2.1
a1OeKx9g	Vladimir Dvorkovich Rapid	Aktobe KAZ	2022.06.21	5.3
1EErB5jc	EU-ch Internet Cand 3rd	playchess.com INT	2006.01.21	7
ExmSonL0	Manila Campomanes Memorial op	Manila	2010.08.28	1
tzKaL5YD	Vienna GM 2025	Vienna AUT	2025.12.21	7.1
fV9R2C4x	Tal Memorial Blitz 2016	Moscow RUS	2016.09.25	4.4
prq9Yr8l	Tal Memorial Blitz 2016	Moscow RUS	2016.09.25	6.3
yyMlyeTV	Tal Memorial Blitz 2016	Moscow RUS	2016.09.25	1.1
uNa7GEFj	Chess.com RCC Winners	chess.com INT	2022.08.20	4.1
EsalfuT0	7th Norway Blitz 2019	Stavanger NOR	2019.06.03	2.2
b0tFiyni	Chess.com RCC Wk13 KO	chess.com INT	2022.05.08	2.1
fSeibZiT	GCT Blitz Paris 2018	Paris FRA	2018.06.24	16.2
GZzS556c	WCh 2023	Astana KAZ	2023.04.26	12.1
YBjRM1XC	46th GM 2018	Dortmund GER	2018.07.21	6.3
umlvDd90	Sheikh Hamdan bin Rashid	Dubai UAE	2021.12.07	5.3
1InBO9kU	53rd Capablanca Mem Elite	Havana CUB	2018.05.19	10.1
pfPE7PLR	World Rapid 2024	New York USA	2024.12.26	3.9
uC1ZvrfA	World Blitz 2019	Moscow RUS	2019.12.29	7.18
vMLOAl8A	Vilnius	Vilnius	1988.??.??	?
Q23o2Dw7	Eurasia Blitz Match	Yekaterinburg RUS	2019.07.31	2
Dmq2Mp8u	Wch blitz	Saint John	1988.??.??	2
xYBedSpn	Las Palmas	Las Palmas	1975.??.??	8
SPQqCNqS	Bled ol (Men)	Bled	2002.10.29	4.3
NEZyCmwS	Amber-rapid 09th	Monte Carlo	2000.03.23	7
qtzzHA4a	RUS-chT	Tomsk	2001.05.20	7
D6VJRTZS	SPICE Cup Open 2018	Saint Louis USA	2018.10.25	5.5
OT4vaTTn	European Online CC Final	Tornelo INT	2021.03.31	7.4
YYl2S8xA	Moscow Aeroflot rapid op qual	Moscow	2013.02.12	2
gGsLeYLg	Bundesliga 2022-23	Remagen GER	2023.02.04	5.8
q61esBze	Bundesliga 2023-24	Viernheim GER	2024.02.25	11.5
SdIQKNyN	RUS Cup	Serpukhov	2007.11.14	5.2
AuVrLdK5	24th ch-EUR Indiv 2024	Petrovac MNE	2024.11.16	8.8
kfh1WsJx	80th Tata Steel GpB	Wijk aan Zee NED	2018.01.24	10.5
np0puIK8	Moscow Aeroflot op-A 11th	Moscow	2012.02.11	5
BiBdfGXn	Linares 11th	Linares	1993.??.??	8
vmwoHaef	Haarlem BDO-A	Haarlem	2008.08.11	3
97ekVoQ7	EU-Cup 19th	Rethymnon	2003.10.02	5.6
JKR45rMK	RUS-ch 57th	Moscow	2004.11.24	8
wYaXotja	chess.com Speed 3m+2spm 2017	chess.com INT	2017.05.25	1.12
X0IWQv0o	chess.com Speed 1m+1spm 2017	chess.com INT	2017.05.25	1.20
erf2glho	5th Zurich CC Blitz	Zurich SUI	2016.02.15	5.1
5EZ8sG9X	chess.com Speed 5m+2spm 2017	chess.com INT	2017.11.21	3.1
Y4PiTi6o	Olomouc AZ Sanace Cup	Olomouc	1998.08.09	2
MMu7ifM0	Bundesliga 8889	Germany	1989.??.??	?.1
elxZGjVb	Lugano ol (Men) fin-A	Lugano	1968.11.01	8
xPN67mw7	Skopje ol (Men) fin-A	Skopje	1972.10.09	12
EI9gPdNb	ch-HUN Rapid 2023	Ajka HUN	2023.07.22	7.10
bbNyGg5O	Amber-rapid 08th	Monte Carlo	1999.03.16	1
vuXARcDB	Amber-blindfold 06th	Monte Carlo	1997.??.??	7
44GAeOpY	FRA-chT Top 16	Asnieres sur Seine	2006.05.05	9
vYYAMbfN	Lake Sevan	Martuni	2007.07.11	6
CRH32Q1h	Kavala op	Kavala	2009.08.08	9
a173Gn3d	TCh-ESP 2nd Div 2019	Linares ESP	2019.08.21	4.1
OEozdNbA	CellaVision Cup 2019	Lund SWE	2019.08.04	7.6
avh5SxjK	Alushta May-B	Alushta	2009.05.??	2
HE2sXQBw	Alushta 02	Alushta	2007.09.??	11
xHaYXxuP	BEL-chT 0809	Belgium	2008.11.23	4.3
oSh2IEjb	Linares 10th	Linares	1992.??.??	5
0Df2w1hS	World Cup	Reykjavik	1991.??.??	12
kqoM0ryk	Warsaw AIG Life rapid 8th	Warsaw	2008.12.21	12
jQlBXz6x	Pamplona 9697 7th	Pamplona	1996.??.??	6
bSRiuJ5x	Manresa	Manresa	1995.??.??	4
NTiYKQr6	ISR-chT 1112	Israel	2012.01.06	5.3
7lXNhgVM	ESP-chT	Spain	1993.??.??	?
2PEysmTN	POL-ch 64th	Opole	2007.02.15	7
gcnEQ4it	MT-Mostert/Team (NED)	ICCF	2006.11.19	?
QbO3VkYK	Alicante op2	Alicante	1989.??.??	?
ro4oxG5N	WC-2011-T-00002	Lechenicher SchachServer	2010.06.10	?
5SBk1W83	World Rapid 2015	Berlin GER	2015.10.10	4.18
hIraVcRB	Wch Blitz 4th	Almaty	2008.11.08	10
ljFH5sQC	Wch Blitz 5th	Moscow	2009.11.18	32
ZHAqsshz	World Rapid 2021	Warsaw POL	2021.12.26	3.5
UQwl7dIY	Chessable Masters GpB	chess24.com INT	2020.06.21	3
j5rtJeQK	World Rapid 2019	Moscow RUS	2019.12.28	15.46
amCK02S8	BALT/TC	ICCF	2005.02.15	?.1
fj10CiQi	MT-Barrios/B (ESP)	ICCF	2010.12.01	?
FjZTcSTb	Platja d'Aro Barcino	Platja d'Aro	1994.??.??	?
try43OQn	ACP Blitz	playchess.com INT	2006.??.??	7
Wuckm8Af	Manchester Benedictine op 4th	Manchester	1981.09.10	7
xe9lTmLs	Manchester Benedictine op 4th	Manchester	1981.09.11	8
0EokUs3o	Ilyumzhinov Cup	Internet	2006.05.06	?
5meJBuEP	Pacific/TT6	ICCF	2014.09.10	?.3
65nW97ZH	BIH-chT	Bihac	1999.08.27	7
VeSiBWYK	Chess.com RCC Wk16 Swiss	chess.com INT	2022.05.28	1
jP7TPI1M	Chess24 Banter Blitz Cup	chess24.com INT	2019.10.01	1.11
KFEEtY5f	MPL Indian Chess Tour #3	chess24.com INT	2022.09.12	14.8
MGb8Fbhv	Biel MTO op 43rd	Biel	2010.07.26	8
4HHhmPYq	New York Masters 57th	New York	2003.05.20	2
KsAyMqBB	42nd Eastman Open 2019	Ghent BEL	2019.07.22	6.1
mbPv0oqO	World op 31st	Philadelphia	2003.07.06	9
OWzsTJKK	Sonnevanck-A	Wijk aan Zee	1995.??.??	5
3Xz3uj0I	World Blitz 2017	Riyadh KSA	2017.12.29	4.49
BwTN6t1M	PHI-ch	Tagaytay City	2010.06.02	11
yGUrHDkJ	Prague Rejfir Memorial	Prague	2010.04.??	7
Z6zfLMjm	NZL-ch 107th	Auckland	2000.01.08	11
SQuePay7	1st Bastia Summer Open	Bastia FRA	2021.07.16	7.1
jQDP7X7C	Lugansk Stanitsa	Lugansk	2010.12.19	7
2M6rJUgU	2023-2/AUS/Cham (AUS)	ICCF	2023.05.19	?
MgCrvgXN	21st Sant Marti Open 2019	Barcelona ESP	2019.07.19	7.11
UP7glbJq	Minsk Boleslavsky Memorial	Minsk	1994.??.??	8
XDqH83QT	ch-NED Internet 2016	PlayChess INT	2016.06.25	1.2
v4gU7n1d	Jermuk Asrian Memorial 4th	Jermuk	2011.06.18	3
Dcslsuww	UKR/Cup7/final (UKR)	ICCF	2008.02.10	?
aWaaq2eS				
eqYn31Ui	Canete	Canete	1994.??.??	6
1x6wzfg6	Bundesliga 9394	Germany	1993.12.04	3.5
L3Ls88XJ	CZE-chT 9697	Czechia	1997.??.??	3
uwdgI2dc	Bucharest Juventus	Bucharest	2002.08.11	7
KEVGzvW4	Muenster IM	Muenster	1990.??.??	10
osvafXQ9	Plzen op-A U18	Plzen	1998.??.??	4
JpanalJA	ch-RUS Blitz 2015	St Petersburg RUS	2015.05.15	4.1
uZzUbaK8	Baku op	Baku	2010.08.29	7
fJ0kApww	ESP-ch final	Seville	2004.08.21	2
Sph60Hjo	ISR-chT	Israel	2002.04.12	8
nxpahRlR	Tampere Elo Taraus op	Tampere	1997.??.??	7
PpXadHru	Buenos Aires GP1	Buenos Aires	1994.??.??	8
lDOYRrBc	Kastel Stari op	Kastel Stari	1997.??.??	8
svZ5p5ME	Adolf Anderssen Mem Final	Wroclaw POL	2017.12.03	3.3
zrChgpux	Nova Gorica op 04th	Nova Gorica	1999.02.04	8
HLmP6uKX				
n2zaHOY9	76th ch-ITA Rapid TB 2016	Rome ITA	2016.12.18	6.1
SvmvtwaV	BCF-ch 78th	Eastbourne	1991.??.??	6
be04abPW	PRO League All Stars St1	chess.com INT	2018.09.08	12
KBofQOzJ	Reggio Emilia-A 8889 31st	Reggio Emilia	1988.??.??	?
R5k4PgZ7	Hoogovens	Wijk aan Zee	1972.01.27	14
9qIJN7gh	34th Benasque Open 2014	Benasque ESP	2014.07.10	7.4
mCkldCBm	BIH-chT	Neum	2002.06.02	1.1
1GHvJJm6	FIDE-Wch k.o. g/15+10	Las Vegas	1999.08.02	1.5
aYdJ5Eq4	chess.com Speed 2019	chess.com INT	2019.09.04	1.24
hHE7rDjb	Mallorca Trophy final	playchess.com INT	2004.02.08	2.2
rtgqz7Vk	Moscow Aeroflot op-B	Moscow	2005.02.20	6
P5siCLg4	WMSG Rapid Team 1st	Beijing	2008.10.15	6
fkMhSZOn	Rio de Janeiro Quadrangular	Rio de Janeiro	2011.02.18	1
cYHJLOUV	SVK-chT 1920	Slovakia	2020.02.29	7.3
6SYglQgs	Nova Gorica op-A 08th	Nova Gorica	2003.??.??	2
nyukTYBq	Alushta Summer 1st	Alushta	2004.05.15	4
KCP79RnK	Decin op	Decin	1996.??.??	9
NnBQ1Tqs	OHRA	Amsterdam	1988.??.??	?
2y3GeeEg	RUS-ch rapid	Olginka	2011.04.25	1
KBMaII0w	Bundesliga 2019-20	Berlin GER	2021.10.15	11.3
sXIY1E6o	Bundesliga 2021-22	Viernheim GER	2022.03.05	1.1
pZVSYLJ7	World Cup	Khanty-Mansiysk	2009.12.05	5.4
FAxE1m5d	37th Leon GM 2024	Leon ESP	2024.06.29	1.4
MaUYg0AX	30th Leon GM 2017	Leon ESP	2017.07.07	1.2
3AcObdrr	Thessaloniki FIDE GP	Thessaloniki	2013.05.30	8
UAI7jKk2	Wch Blitz 4th	Almaty	2008.11.08	2
r1jBof8d	Tashkent zt 3.4	Tashkent	2011.06.10	3
thDaX4gU	USA-ch	Saint Louis	2012.05.16	8
XlyQB3a2	WCh 2023	Astana KAZ	2023.04.18	7.1
XDYcv0QW	World Cup of Rapid Chess KO	Cannes	2001.03.25	3.2
wHV59Dbc	ch-POL Rapid 2014	Trzcianka POL	2014.04.13	8.3
Z8Q8DLZD	Bundesliga 2015-16	Muelheim GER	2016.04.24	15.7
h5lSnMMA	ch-POL 2014	Warsaw POL	2014.03.28	4.4
WPGCXbMZ	RUS-ch 56th	Krasnoyarsk	2003.09.12	9
I8Zp0QHq	Sarajevo Bosnia 30th	Sarajevo	2000.05.26	9
LmC3dPVm	Sydney ol exh	Sydney	2000.09.24	2
k1kG2lZA	Amber-rapid 12th	Monte Carlo	2003.03.26	10
QQHwhNY3	Corus	Wijk aan Zee	2004.01.19	8
VN7ubDry	Fujitsu Siemens Giants	Frankfurt	2000.06.23	5
VByXwHZ6	Sarajevo Bosnia 30th	Sarajevo	2000.05.19	3
KIPpI2QO	Dresden ol (Men) 38th	Dresden	2008.11.25	11
qFIZrVV2	World Blitz 2017	Riyadh KSA	2017.12.30	15.9
GQvfk1t0	2nd IMSA Blitz 2017	Huai'an CHN	2017.12.12	11.3
BiYZuYBd	Carlsen Inv Prelim	chess24.com INT	2020.04.24	4.1
P5Mnmq53	Dortmund SuperGM 40th	Dortmund	2012.07.16	4
ThicXuWa	St Petersburg-Moscow m 22nd	St Petersburg	2011.09.17	1
rFsFT4i3	Biel Credis	Biel	1997.07.25	4
v8XpYKyJ	Biel MTO op 40th	Biel	2007.08.02	10
Iuvrx5d6	WC.2006.T.00002	IECG	2006.02.07	?
dVirYSOb	EU-ch Internet Cand 3rd	playchess.com INT	2006.01.21	2
JIYuZNEd	Munich Intel Express blitz '5	Munich	1994.??.??	?
vPz5Y1AY	Grand Slam Final 5th	Sao Paulo/Bilbao	2012.10.12	9
cJ7zO06E	Nalchik FIDE GP	Nalchik	2009.04.29	13
SQMsewLA	YUG-chT 40th	Brezovica	1988.??.??	?
ZUkOIB3k	YUG-ch	Zagreb	1977.??.??	10
aEnhz0Nn	Petrov Memorial Rapid 2014	Jurmala LAT	2014.02.21	2.1
piyPDewl	Skalica Open 2019	Skalica SVK	2019.08.28	5.3
pizeeuBO	Groningen op	Groningen	1989.??.??	2
qQjsMv5P	Porto San Giorgio op 12th	Porto San Giorgio	2000.08.28	9
P5uB7KB3	Munich op	Munich	1985.??.??	?
EbIulJeE	HUN-chT2 Maroczy 1011	Hungary	2010.11.21	6
9hOPeT3V	8th ch-SRB 2014	Subotica SRB	2014.04.16	10.5
HqORgcpT	GRE-chT Div-A 38th	Peristeri	2010.07.07	3
elpPXiDa	Asia-ch 5th	Hyderabad	2005.10.06	1
KMvVXG61	St Petersburg	St Petersburg	1994.??.??	?
m01dJZhJ	EU-ch blitz 29th	Warsaw	2010.12.17	12
mkP2LshG	ch-GBR KO 2018	London ENG	2018.12.17	4.5
jqkN6jVY	Wch Rapid	Khanty-Mansiysk	2013.06.07	10
KxzzuWpl	Ilyumzhinov Cup	Internet	2006.05.06	?
P7lNNnrL	2nd Kasimdzhanov Cup 2024	Tashkent UZB	2024.07.08	4.4
cBUvvwCm	Duda-Ivanchuk Help UKR m	Europe-Echecs INT	2022.07.20	3
MdKPr2UR	2nd Kasimdzhanov Cup 2024	Tashkent UZB	2024.07.08	2.3
bOGlFFcY	World Championship 29th	Baguio City	1978.09.09	20
j7ipQ8Tq	FIDE World Blitz 2013	Khanty-Mansiysk	2013.06.10	20
1HEplfbE	Bundesliga 2014-15	Dresden GER	2014.12.07	6.4
kbIRDqn5	Nakhchivan Open 2016	Nakhchivan AZE	2016.05.18	9.1
2azLEdN9	ITA-chT 43rd	Spoleto	2011.04.28	1
nkPhwGaY	Amber-rapid 06th	Monte Carlo	1997.??.??	3
hUCEmd2V	Amber-rapid 04th	Monte Carlo	1995.??.??	7
1h1eoZqG	Optiebeurs	Amsterdam	1988.??.??	2
FxCvdier	European Blitz 2016	Tallinn EST	2016.12.18	21.6
zZhyrWPy	US Chess League 2015	ICC INT	2015.10.20	9
6ip6VyRW	FIDE-Wch k.o.	New Delhi/Teheran	2000.11.29	1.7
ep6dE6yF	Cergy Pontoise op 2nd	Cergy Pontoise	2004.05.16	6
7Mssq2wi	Chesspangenberg op 1st	Buenos Aires	2003.11.10	6
7Eu1uQ13	Amber-blindfold 17th	Nice	2008.03.26	10
yFL1A2Xj	ESP-ch final	Lugo	2006.11.03	1
warUmO7m	Wch Blitz 5th	Moscow	2009.11.17	21
rbah9gL4	Amber-rapid 13th	Monte Carlo	2004.03.26	6
HKovWgBQ	Dos Hermanas Internet f 8th	ICC INT	2007.03.23	2.3
rH4rAP7i	Montcada op 21st	Montcada	2013.06.29	5
apcVaDki	San Marino op 2nd	San Marino	2006.06.10	8
TbNIHJOI	Hoogovens	Wijk aan Zee	1980.01.26	9
82CXqYXN	GCT Blitz Paris 2016	Paris FRA	2016.06.11	5.2
RxCxfJIm	SportAccord Blitz Men 2013	Beijing CHN	2013.12.15	20.4
XJFB37C7	Moscow Tal Memorial Blitz	Moscow	2008.08.29	7
PO4gOVDH	RUS-ch 64th	Moscow	2011.08.11	4
7NlE7Mwy	Amber-rapid 17th	Nice	2008.03.22	7
cgH2TYNa	Stratton Mountain op	Stratton Mountain	1993.08.22	4
K4WB3Qx3	Skopje ol (Men) fin-A	Skopje	1972.09.28	2
0k8ZngaZ	Ibercaja op	Zaragoza	1994.??.??	9
RrrcQWzk	IBM	Amsterdam	1972.??.??	?
LpuDE0gm	Amber-blindfold 14th	Monte Carlo	2005.03.27	8
RHuLjxmU	FIDE-Wch	San Luis	2005.09.29	2
0lHOqvG1	Istanbul ol (Men) 34th	Istanbul	2000.11.05	8.2
um1kyG8j	World Cup	Reykjavik	1988.10.??	2
w8mdXMdW	FIDE World Cup	Khanty-Mansiysk	2011.09.04	3.2
6g1Ob6eM	World Cup ACP 1st	Odessa	2007.01.05	1.2
cNdbyHny	Foxwoods op 07th	Mashantucket	2005.03.25	5
D7q9qQBx	PokerStars IoM Masters 2014	Douglas ENG	2014.10.09	6.3
IrB9IiU5	Wch Blitz 3rd	Moscow	2007.11.21	4
XV7Sg9OT	Champions Challenge 110th	playchess.com INT	2005.09.03	3.3
pOs6LA0N	Chess24 Banter Blitz Cup	chess24.com INT	2019.11.07	1.8
yWqUX8Wg	IMSA Blitz w 2016	Huai'an CHN	2016.02.29	14.5
fU5kgQUZ	Bucharest Cup IM	Bucharest	1998.??.??	?
hO0pYV3N	Moscow-A	Moscow	1985.??.??	?
TTstSL77	Pardubice Czech op	Pardubice	2002.07.25	7
GtIVGXCD	Reykjavik op	Reykjavik	1982.??.??	?
5h5cK90c	AUT-chT 0001	Austria	2001.01.21	8
lGU1qrgT	World Cup ACP 1st	Odessa	2007.01.08	4.4
xLCQ8zI1	FRA-chT Top 16 GpA	France	2008.03.23	2
53sAJomG	ch-USA 2016	Saint Louis USA	2016.04.18	5.5
TpkUDAXx	Dos Hermanas Blitz Final	ICC INT	2010.03.20	5.2
YOd1zORP	Teplice op	Teplice	2012.06.22	7
0tc2F8po	VWC 13/SF 10	ICCF	2023.06.15	?
ht5vzYbD	VWC 13/SF 10	ICCF	2023.06.15	?
3rnZqErb	JPN/SC8 (JPN)	ICCF	2023.03.31	?
cJeIKDvf	Linares Anibal op 09th	Linares	2002.03.08	8
TVXUehkT	SUI-chT	Switzerland	2013.10.13	9.1
1G0z3wbC	Cetinje Batricevic Memorial op	Cetinje	2009.08.12	4
7rXQoymw	World Junior Open 2017	Tarvisio ITA	2017.11.24	10.56
eRKS2fYz	EU-Cup Gr5	Vilnius	1995.??.??	3
JSHMiMJM	Torshavn op 3rd	Torshavn	2000.10.10	5
pjvid05V	Pamplona 9596 6th	Pamplona	1996.??.??	?
XiUmYxH7	Tilburg rapid20	Tilburg	1993.??.??	2
wMesH3d2	ESP-chT	Oropesa del Mar	1996.??.??	6
gSCtpTJm	Cappelle op 29th	Cappelle la Grande	2013.02.28	7
Cazw71Le	Tilburg rapid20	Tilburg	1993.??.??	1
IeMmxDlH	World Rapid 2018	St Petersburg RUS	2018.12.28	13.75
l8WEoKx0	69th ch-RUS HL 2016	Kolomna RUS	2016.07.01	9.14
I00wRYsO	Mersin Open 2016	Mersin TUR	2016.10.29	9.3
EiHgkkve	Pancevo	Pancevo	2003.06.20	1
CHNaSMCH	Riga	Riga	1981.??.??	2
CDZ2fi76	LAT-ch	Riga	1984.06.??	?
tLUwui9N	CRO-chT	Pula	1992.??.??	3
kVqzjfoW	Riazan-ch	Riazan	2009.03.??	?
k3nXqLC2	Soest op	Soest	2001.05.26	4.3
5FG1vD7d	Brasilia	Brasilia	1997.07.24	10
c5rsjM4g	Mislata op 13th	Mislata	2005.08.21	4
nU54GU85	Carlsen Inv Prelim	chess24.com INT	2020.04.22	3.4
iNKc3hnV	Dos Hermanas Internet f 8th	ICC INT	2007.03.23	2.4
tbglktnJ	St Louis Spring B	Saint Louis USA	2022.03.08	7.4
vqz020qd	FRM-ch op 19th	Struga	2010.07.24	9
ms9527Cu	RUS-ch rapid	Olginka	2011.04.25	1
gu8gzkZr	RUS-chT rapid	Sochi	2004.04.??	2
uxzDP5gG	Yerevan ol (Men)	Yerevan	1996.??.??	14
MZ5sGvWt	GCT Rapid Paris 2019	Paris FRA	2019.07.28	5.1
y149piJS	Horgen	Horgen	1995.10.28	7
1IKtiJoB	Hoogovens	Wijk aan Zee	1998.01.18	3
8IqdZaP2	PRO League Group Stage	chess.com INT	2019.03.12	10
aIazEl9b	chess.com Junior Speed	chess.com INT	2019.07.10	2.23
GnOUKzvh	chess.com Junior Speed	chess.com INT	2019.07.10	2.25
a9fzrHGW	PRO League KO Stage	Chess.com INT	2020.03.09	2
NzVkyPNZ	chess.com Junior Speed	chess.com INT	2019.05.31	1.25
U2DQEU0M	SVK-ch	Topolcianky	1993.??.??	4
L4gow7S0	Linares 12th	Linares	1994.??.??	11
EgXLCjSI	Novgorod 3rd	Novgorod	1996.07.26	6
YDgC1Xgu	Hoogovens-B	Wijk aan Zee	1999.01.19	1
MU52oSzP	ARG-ch 79th	Buenos Aires	2004.10.01	9
uoTgtwbd	Moscow-ch 61st	Moscow	1983.01.??	?
XkD9qvWA	Moscow-ch 61st	Moscow	1983.01.??	?
JQ70NyvN	RUS-Cup	Krasnoyarsk	1998.??.??	5
Fh4rsbEk	RUS-ch	Elista	1995.??.??	5
pswkNde2	UKR Games (Men) 3rd	Evpatoria	2007.05.22	3
XCtDCcck	Trieste op	Trieste	2007.09.05	6
FaQe72PZ	ROM-chT	Romania	1994.??.??	?
CjmAIepL	TUR-chT	Konya	2010.07.05	9
aMA3fmNx	TUR-chT	Konya	2010.07.05	9
hos9pPTK	Moscow4	Moscow	1995.??.??	3
JecQRUMJ	Massy op	Massy	1995.??.??	5
4kG5WLHE	Bundesliga 2016-17	Berlin GER	2017.04.30	14.2
sTndGe4m	Jack Collins Int f-B	New York	2000.06.20	2
U6AlRNNb	Chessable Masters Prelim	chess24.com INT	2022.05.19	3.1
b9IxgUdR	TCh-FRA Top 16 Haute 2023	Chartres FRA	2023.06.11	4.2
zY1RavMl	FIDE World Cup 2023	Baku AZE	2023.08.04	2.4
t4wa8B6N	Chess.com Rapid Wk5 Swiss	chess.com INT	2022.03.12	2
mMGLicC6	Saint Louis Blitz 2019	Saint Louis USA	2019.08.14	10.1
lVjgrL74	Saint Louis Blitz 2019	Saint Louis USA	2019.08.14	15.4
zTJHnokD	Gibraltar Masters TB	Caleta ENG	2016.02.04	1
vvwREpIr	Cannes NAO Masters	Cannes	2002.03.03	9
QkYakulB	Wch Blitz 5th	Moscow	2009.11.17	22
IXqKgRvz	EU-ch 12th	Aix-les-Bains	2011.04.02	11
PhJLShrJ	Moscow Tal Memorial Blitz	Moscow	2008.08.30	29
JhrI8Iu3	EU-ch 9th playoff Medals	Plovdiv	2008.05.03	2.3
0kAWCRuV	ch-RUS Rapid 2018	Sochi RUS	2018.10.05	2.6
Z4t4vF07	Bundesliga 9899	Germany	1999.04.18	15.1
XnB1sTRx	BL2-West 0001	Germany	2001.01.07	4.1
hu6CiSGd	Beersheba	Beersheba	1996.??.??	11
3rmPRIBL	FIDE World Cup 2025	Goa IND	2025.11.02	1.2
6xa7AKH2	NED-chT 0910	Netherlands	2010.04.18	9.2
P3pwC5FF	90th Hastings Masters 2014-15	Hastings ENG	2014.12.29	1.5
sw5nl7eD	Corus	Wijk aan Zee	2006.01.16	3
bPmFxsib	ch-RUS Rapid GP Final	Khanty-Mansiysk RUS	2018.12.03	12.4
agb55p4E	EU-ch blitz	Warsaw	2011.12.16	3
vPbdyRml	Biel Interzonal	Biel	1976.07.12	2
KUtBlndf	Lvov zt	Lvov	1978.??.??	10
lVbXl5FM	Airthings Masters KO 2020	chess24.com INT	2021.01.02	3.14
1POTmNGG	Amber-blindfold 12th	Monte Carlo	2003.03.25	9
U33UoHCn	Eurotel Trophy	Prague	2002.04.30	2.1
x7d84wcL	Fujairah Masters op	Fujairah City	2012.11.19	7
Pc0zke0M	WchT U26	Mexico	1980.08.??	?
JnWbwNMD	IV Menorca Open A 2025	Ciutadella de Menorca ESP	2025.04.24	5.26
P6NJvaIz	Bayamo	Bayamo	1984.??.??	?
wUgS8VAT	Mlada Boleslav op	Mlada Boleslav	1995.??.??	?
rZRiYOOs	GRENKE Chess Open 2024	Karlsruhe GER	2024.03.31	7.2
mwnGfZFX	GCT Rapid YourNextMove	Leuven BEL	2018.06.12	1.2
h6ut3nWF	GCT Blitz YourNextMove	Leuven BEL	2018.06.15	2.2
Ux2QAjQg	FIDE World Cup 2017	Tbilisi GEO	2017.09.06	2.1
WrpQ6uuu	chess.com Speed 3m+1spm 2018	chess.com INT	2018.09.06	1.11
BfbspvI9	chess.com Speed 5m+1spm 2018	chess.com INT	2018.09.06	1.9
bLXqUkF5	4th Norway Chess 2016	Stavanger NOR	2016.04.21	3.3
rjXLxNcF	GCT Blitz Paris 2018	Paris FRA	2018.06.23	5.4
rwNvSSIb	Magnus Carlsen Inv Prelim	chess24.com INT	2021.03.15	12.2
Pkw3Z9P4	European Blitz 2019	Tallinn EST	2019.12.07	8.7
pizbvRbn	Evpatoria	Evpatoria	2007.10.09	6
QEzggcYk	Massachusetts op 58th	Worcester	1989.05.27	2
GhxGI5e5	HUN-chT 9596	Hungary	1996.??.??	12
JeQAZTew	CL1-2001.12.08	IECC	2001.05.18	?
DpHwERI3	HUN-chT3	Hungary	1993.??.??	?
Yk3KhZwB	Catalunya-chT	Barcelona	2011.03.12	7.4
E8YtPoH0	HUN-chT2 Charousek 1112	Hungary	2012.04.22	9
Sgu2oXSi	ITA-ch sf	Saint Vincent	2008.07.24	6
o5i0GYGy	2nd Gurgaon Open 2014	Gurgaon IND	2014.01.04	6.10
K2OE7fMm	Bhubaneswar op 2nd	Bhubaneswar	2010.05.30	11
9XMh21Bq	10th Sabadell Open 2017	Sabadell ESP	2017.09.03	3.13
JvSkcmsF	Riga Gipslis Memorial	Riga	2009.03.08	5
FHG7XXi7	RUS-ch rapid	Olginka	2011.04.26	7
g85waCbS	70th Moscow Blitz	Moscow RUS	2016.09.04	15.5
bT2UUNwe	Bologna-ch assoluto	Ozzano dell Emilia	2004.10.23	5
s08RgR4N	SCO-ch	Troon	1986.??.??	5
0aYpMgu1	Haarlem Masters 2018	Haarlem NED	2018.10.28	9.2
3OnSlU5k	SCO-ch	Troon	1986.??.??	1
qQBcrTwY	ch-USA 2017	Saint Louis USA	2017.04.06	8.1
4ZgZIa5z	Carlsen-Ding Showdown G10	Saint Louis USA	2017.11.13	4
0QAhyXt0	Moscow Tal Memorial 7th	Moscow	2012.06.16	7
b2Papfqu	Prague Masters playoff 2nd	Prague	2020.02.21	10
Jf6KfW5I	18th Karpov Poikovsky	Poikovsky RUS	2017.04.26	8.4
cMFldrsE	Superbet Rapid 2023	Warsaw POL	2023.05.21	2.2
QaRdq2qy	WR Chess Masters 2023	Dusseldorf GER	2023.02.23	7.2
8r08teD3	Croatia GCT 2019	Zagreb CRO	2019.06.27	2.3
TKU869RP	Vugar Gashimov Mem 2019	Shamkir AZE	2019.04.01	2.1
h48DfSwB	FIDE Candidates 2018	Berlin GER	2018.03.22	10.4
Tj9JHeol	chess.com Speed 3m+1spm 2018	chess.com INT	2018.10.09	2.16
d6gUEC0k	Vugar Gashimov Mem 2015	Shamkir AZE	2015.04.21	5.5
2yGxYsZp	chess.com Speed 5m+2spm 2017	chess.com INT	2017.11.02	2.5
AJ6ZzF6R	3rd Norway Chess 2015	Stavanger NOR	2015.06.24	8.3
z7t4R1eN	Saint Louis Rapid 2025	Saint Louis USA	2025.08.11	3.2
8n45X3el	45th Olympiad 2024	Budapest HUN	2024.09.12	2.3
dJ9DbxHa	Julius Baer Gen Cup Pl/In	chess.com INT	2024.09.25	3
u0cg75Ae	World Rapid Team 2023	Dusseldorf GER	2023.08.26	4.2
llQANV1W	Sofia MTel Masters 2nd	Sofia	2006.05.21	10
N9JCGCUF	Geneva Grand Prix 2017	Geneva SUI	2017.07.09	4.3
qhgWcrKB	SportAccord Rapid Men 2013	Beijing CHN	2013.12.13	5.2
kHP5Wb8D	SportAccord Blitz Men 2013	Beijing CHN	2013.12.14	1.6
KblJGOP5	Roquebrune rapid	Roquebrune	1992.??.??	20
ifu3RDBl	Thessaloniki ol (Men)	Thessaloniki	1984.12.02	13
FPh9bTld	Biel MTO op	Biel	1992.??.??	2
x35CEPla	URS-ch FL51	Tallinn	1983.??.??	?
OhiOPItV	Cap d'Agde-A	Cap d'Agde	2003.10.24	2
sIMBKgdZ	Dortmund SuperGM 40th	Dortmund	2012.07.14	2
QvWPBs3Z	Cap d'Agde-A	Cap d'Agde	2003.10.25	4
Neax0Y5W	RUS-The World	Moscow	2002.09.10	6
wR5LtF4C	Vladimir Petrov Memorial	Jurmala	2012.02.19	7
4glhgc02	Wch Blitz 5th	Moscow	2009.11.17	26
ij0NLIHf	FIDE-Wch	Elista	1996.06.24	10
3vMtJvwm	Amber-rapid 04th	Monte Carlo	1995.??.??	5
PHDwTqjJ	Haringey	London	1988.??.??	?
c68eIkSk	Paris-ch op	Paris	1989.??.??	5
FHshQKya	New York Heraldica-Ruslan	New York	1983.??.??	8
avJVwNZY	Haringey	London	1988.??.??	?
pvCyu17J	Biel GM 45th	Biel	2012.07.27	5
EiLNO8CG	Wch Candidates sf	Elista	2007.05.28	1.2
Xr25GaUe	Wch Blitz	Astana	2012.07.10	28
RS9uEYuP	Khanty-Mansiysk ol (Men) 39th	Khanty-Mansiysk	2010.09.23	3.1
c13R9oQl	Wch Blitz	Astana	2012.07.10	16
4RCnSenY	Candidates FIDE f1	Sanghi Nagar	1995.??.??	6
6gFsd1Fb	Belgrade Super	Belgrade	1996.??.??	1
jkFuUl1M	Biel GM 45th	Biel	2012.08.02	10
Ntsq5LUO	Chessable Masters KO	chess24.com INT	2021.08.08	3.24
z3ic7Mr3	FIDE World Cup	Khanty-Mansiysk	2005.12.02	2.5
JznSFmsn	FIDE World Cup	Khanty-Mansiysk	2005.12.02	2.4
z6Ku1uUD	Chicago op 18th	Chicago	2009.05.24	4
IvRUYCHB	Chicago op 18th	Chicago	2009.05.25	7
MI53G4Pa	SWE-chT 9394	Sweden	1994.??.??	5
9ZEPOg2k	Horgen CS	Horgen	1994.??.??	3
9bJW1EfI	Dos Hermanas	Dos Hermanas	1997.04.08	6
lEj9dcRA	FIDE World Cup	Khanty-Mansiysk	2005.12.01	2.2
xAXw5Y9T	FRA-ch 81st	Besancon	2006.08.14	1
shWwO3hD	Moscow Blitz Final 2014	Moscow RUS	2014.09.06	6.3
ZnUYhIps	Alekhine Memorial	Moscow	1992.??.??	?
nBj5KAYV	Sigeman & Co 07th	Malmo	1999.06.12	5
0DTDpQro	Tel Aviv super 1st	Tel Aviv	1999.05.14	4
mEe4Pm04	SportAccord Blitz 2014	Beijing CHN	2014.12.13	23.3
EMr0Vjli	Tilburg	Tilburg	1993.??.??	2
rLORW534	Capablanca Memorial Elite 34th	Havana	1999.05.09	3
ZHedD0mi	World op 23rd	Philadelphia	1995.??.??	5
SHSTqK5U	EU-Cup 26th	Plovdiv	2010.10.19	3.1
M0YhY7fc	World Cup	Khanty-Mansiysk	2009.12.03	5.1
7ZdBhcuZ	Amber-rapid 19th	Nice	2010.03.18	5
cROKsYMr	Linares 27th	Linares	2010.02.21	8
IOzyeCWy	Khanty-Mansiysk ol (Men) 39th	Khanty-Mansiysk	2010.09.30	9.1
q5gLYG4l	Mazatlan rapid	Mazatlan	1988.??.??	?
dP3Wm8wT	Chess.com RCC Wk15 Swiss	chess.com INT	2022.05.21	4
Mr3LPFNw	Chess.com RCC Wk15 Swiss	chess.com INT	2022.05.21	5
NJEYy55J	Mondariz zt 1.1	Mondariz	2000.09.13	10
kc9EEWX9	GRENKE Chess Classic 2024	Karlsruhe GER	2024.03.28	6.2
z9G84lqb	Saint Louis Rapid 2017	Saint Louis USA	2017.08.14	3.2
Nc9fdItR	Qatar Masters TB 2015	Doha QAT	2015.12.29	2
JTUhL5Lo	Grand Prix PlusCity Rapid	Pasching AUT	2025.05.30	9.1
vvThwdwV	Roquebrune rapid	Roquebrune	1992.??.??	10
3OZ5s3dD	RUS-CHN Summit 8th	St Petersburg	2012.07.02	1
qDBhLM0E	78th Tata Steel GpA	Wijk aan Zee NED	2016.01.18	3.5
OTgEkQ8t	Moscow Grand Prix 2017	Moscow RUS	2017.05.14	3.5
IUURPZNF	BL2-West 1011	Germany	2011.02.06	6.1
EnLjmA6l	Commonwealth-ch	Delhi	2010.05.12	5
vusfq6Gw	FIDE World Rapid 2014	Dubai UAE	2014.06.18	13.45
LgwWNh99	London Agency	London	1998.06.18	4
EbMaY9cd	Magnus Carlsen Inv Prelim	chess24.com INT	2021.03.13	4.2
RMVreKh7	Bank Lviv Rapid Open 2016	Lviv UKR	2016.03.16	8.1
GsuV1rqW	TCh-ISR 2019	Israel ISR	2019.02.08	3.5
B8GNKp62	GEO-ch	Tbilisi	1998.??.??	?
qIWZ0puM	Polanica Zdroj op	Polanica Zdroj	1998.??.??	?
ogpRg5Qg	Novosibirsk	Novosibirsk	2006.06.29	9
9rvEOd6s	Kallithea-B 3rd	Kallithea	1977.??.??	?
tRqE1PtX	Moscow FIDE Grand Prix	Moscow RUS	2019.05.24	3.2
Mu66Vsk9	TCh-ESP Div Honor 2023	Linares ESP	2023.09.16	1.2
bjuBRx0Q	Gibraltar Masters 2015	Caleta ENG	2015.01.31	5.5
VQZiOx8V	Amber-blindfold 17th	Nice	2008.03.23	8
QpLsYSGL	Amber-blindfold 18th	Nice	2009.03.16	3
ib4QKNpU	World Blitz 2018	St Petersburg RUS	2018.12.30	15.11
MNQSPeHe	68th ch-RUS 2015	Chita RUS	2015.08.14	6.1
daHTeoj1	CHN-RUS Summit Men 6th Rapid	Sochi	2009.08.22	9
QZcQgI7O	Hoogovens	Wijk aan Zee	1988.01.20	10
57uxDHNA	WMSG Rapid Team 1st	Beijing	2008.10.16	9
pi8taytw	51st Biel GM 2018	Biel SUI	2018.07.22	1.1
Zbl7Sb2S	Moscow Tal Memorial Blitz	Moscow	2008.08.30	19
UgQFhduK	Candidates FIDE f1	Sanghi Nagar	1995.??.??	7
DeixrupB	Saint Louis Rapid 2025	Saint Louis USA	2025.08.13	9.3
FQMer7t1	52nd Biel GM Blitz 2019	Biel SUI	2019.07.27	1.2
SXOPrRP5	World Rapid 2019	Moscow RUS	2019.12.26	5.25
vOAUYQtr	6th Sharjah Masters 2023	Sharjah UAE	2023.05.24	8.3
IS2gBtf6	World Rapid 2018	St Petersburg RUS	2018.12.27	9.3
TmDdWc2r	Novgorod 3rd	Novgorod	1996.07.23	4
yVJEbfih	Tata Steel India Rapid	Kolkata IND	2022.12.01	8.1
pfLJ9hvN	World Blitz 2018	St Petersburg RUS	2018.12.30	21.27
j5OpTH5D	World Rapid 2023	Samarkand UZB	2023.12.26	1.5
TvSKL1mI	Bundesliga 1213	Germany	2012.10.20	1.2
A6nxpYPT	Hoogovens 5'	Wijk aan Zee	1999.01.18	7
S7QD7hL8	GRE-chT 34th	Ermioni Argolidas	2005.07.05	2
uQxkTZxk	Groningen Festival	Groningen	1998.12.26	6
LJDcrxGk	Mazatlan rapid	Mazatlan	1988.??.??	?
bOeyR65S	Tilburg Fontys	Tilburg	1998.10.23	1
9u8DV54Z	Hoogovens 5'	Wijk aan Zee	1999.01.18	4
aK1lZLOg	Istanbul ol (Men) 34th	Istanbul	2000.11.10	13.1
bXtaR9Gn	Pune	Pune	2004.09.04	2
QcGCPDT2	EU-ch 8th	Dresden	2007.04.13	10
jK2NxzMJ	Alushta4	Alushta	1994.??.??	6
TGcAMJI9	Amsterdam m	Amsterdam	1977.??.??	3
Dgy3f62G	Moscow Aeroflot op-A	Moscow	2009.02.18	2
vWuvvN6M	CM.2005.0.00285	IECG	2005.08.28	?
6eAF8aGS	EU-ch blitz	Warsaw	2011.12.16	5
0EpjEcUU	EU-Cup 24th	Kallithea	2008.10.19	3
v5T0sBqO	EU-Cup sf	Lubniewice	1998.09.20	3
ODpj4yW8	Linares 14th	Linares	1997.02.16	11
9oRKpGAA	Dortmund SuperGM 39th	Dortmund	2011.07.23	3
JBl4r8hw	Nanjing Pearl Spring 3rd	Nanjing	2010.10.30	10
4QVaRTu4	Astrakhan FIDE GP	Astrakhan	2010.05.24	13
ygUpAt0E	69th ch-RUS HL 2016	Kolomna RUS	2016.06.29	7.2
bLADOhzF	Bled ol (Men)	Bled	2002.10.31	6.1
HnVbuI1X	Kladovo	Kladovo	2001.08.20	8
c6dkRZuo	Voronezh op-A 15th	Voronezh	2011.06.13	2
v2gTJZfg	Kiev rapid	Kiev	2013.06.06	6
E3Rar42q	Mainz Ordix op 13th	Mainz	2006.08.20	9
OaughRnd	Neckar op-A 8th	Deizisau	2004.04.11	7
zPHvzuZ2	Bundesliga 0203	Germany	2003.03.09	13.2
8oOakigM	EU-ch 12th	Aix-les-Bains	2011.03.25	4
Wj439GMX	Leon 21st	Leon	2008.06.01	2.4
qSEuytKb	EU-Cup 23rd	Kemer	2007.10.09	7.1
K6iHJ5lh	Las Palmas	Las Palmas	1996.12.09	1
app64RdM	FIDE GP 1 Pool B TB	Berlin GER	2022.02.11	1
2f5irAn7	Beijing Sportaccord blindfold	Beijing	2011.12.15	3
dulaJDGs	Amber-blindfold 18th	Nice	2009.03.25	10
VWHSkObo	Dortmund SuperGM	Dortmund	2010.07.16	2
ljvEoTiS	Amber-blindfold 09th	Monte Carlo	2000.03.24	8
2RMc8hIy	Gibraltar Masters 10th	Caleta	2012.01.29	6
dN0mJNih	URS-ch46	Tbilisi	1978.12.??	9
3Vu4crbr	Vinkovci	Vinkovci	1993.??.??	6
adBPBwCV	URS-ch sf	Irkutsk	1983.??.??	?
6uhwGP3K	Ubeda op 1st	Ubeda	1996.??.??	?
7sVq1gcJ	RUS-The World	Moscow	2002.09.08	1
2g2KBiZh	Interpolis	Tilburg	1981.10.??	4
XrIPrFIb	Bugojno	Bugojno	1978.02.27	2
0peLcnY8	ISR-chT	Israel	2001.05.25	11.2
Qso4MSP4	Aeroflot Open A 2016	Moscow RUS	2016.03.05	5.9
iQfnyVbb	FIDE World Blitz 2013	Khanty-Mansiysk	2013.06.09	10
V4eXb4at	RUS-ch Higher League 65th	Tyumen	2012.06.27	11
IRzzSbOe	Amber-blindfold 20th	Monte Carlo	2011.03.18	6
yeRo9XO3	Corsica Masters rap 14th	Bastia	2010.11.01	4.4
cF3jx6LF	Amsterdam ACP Golden Classic	Amsterdam	2012.07.14	1
pu65JdJP	Amber-blindfold 04th	Monte Carlo	1995.??.??	5
nb47CvqG	FIDE World Cup	Tromso	2013.08.19	3.4
Toxl4g8X	World Cup	Khanty-Mansiysk	2009.12.04	5.2
bCmSOvII	Warsaw AIG Life rapid 9th	Warsaw	2009.12.20	10
eVxQYccm	Gibraltar Masters 9th	Caleta	2011.01.31	7
HngBzrWR	Wroclaw op 5th	Wroclaw	2010.07.01	8
WkAFec0T	chess.com Speed 1m+1spm 2018	chess.com INT	2018.10.11	2.28
AYCSGQMd	EU-chT (Men) 17th	Novi Sad	2009.10.27	6
bNBVnX7f	EU-Cup 14th	Belgrade	1999.01.11	1
XRJzCRJk				
OuVqx6nV	9th Masters Final 2016	Bilbao ESP	2016.07.20	7.2
AwfOkx2i	Arctic Stars Final	Kristiansund	2010.08.30	1
K7ZNr1af	Amber-rapid 20th	Monte Carlo	2011.03.14	3
LhjobN8i	Legends of Chess Final	chess24.com INT	2020.08.03	2.14
atsTERhq	Saint Louis Blitz 2017	Saint Louis USA	2017.08.18	14.4
Y5Pjf3Pp	Linares 15th	Linares	1998.02.25	4
oooVVcBg	GCT Rapid Croatia 2021	Zagreb CRO	2021.07.08	5.2
B6H8OTxO	Sinquefield GCT TB 2018	Saint Louis USA	2018.08.28	1
4bjaxSRO	American Cup Champ	Saint Louis USA	2025.03.19	3.1
lV4rkyTv	Grand Slam Final 3rd	Bilbao	2010.10.11	3
aRzkac5d	Bundesliga 0506	Germany	2006.03.11	12.1
sJ4G8BWH	FIDE Chess.com Grand Swiss	Douglas ENG	2019.10.13	4.20
a2GWLnkP	PCA/Intel-GP	Paris	1995.11.09	1.1
biy0xImr	Candidates qf1	Ciocco	1977.??.??	3
Bb4rjta3	Tel Aviv-A	Tel Aviv	1989.??.??	2
ZwlkEs85	Asti op 17th	Asti	1996.??.??	?
kmjqB6YL	Munich op 9192	Munich	1992.??.??	1
gF8npLBi	SRB Central-ch op-A	Paracin	2011.07.12	5
SYikFZuD	Wch Blitz 5th	Moscow	2009.11.16	6
KTzhR3rT	World Cup	Khanty-Mansiysk	2009.11.25	2.2
Z8oYaxaD	ACP Masters GpA 2015	Ashdod ISR	2015.12.07	2.1
IPUT3MXC	World Rapid 2018	St Petersburg RUS	2018.12.27	9.33
PWsL4wV2	Lindores Abbey Stars	Cupar SCO	2019.05.25	2.2
hkFuclzM	Amber-rapid 17th	Nice	2008.03.20	5
UtgTrJcR	Amber-blindfold 15th	Monte Carlo	2006.03.28	9
0Qiok6I0	Budapest RWE Gas m	Budapest	2001.01.07	9
LhFhmEmY	FIDE World Cup	Tromso	2013.08.19	3.3
xZUwa0ZQ	FIDE World Cup KO	Shenyang	2000.09.10	2.4
RCUHhnw5	FIDE-Wch k.o.	New Delhi/Teheran	2000.12.11	5.3
naUzMjiu	Elbow Beach Club GM-A	Paget Parish	2001.01.21	2
IWee743M	Bundesliga 9900	Germany	2000.02.19	10.2
vkpB8rqu	MK Cafe Cup-A	Koszalin	1999.08.07	5
6Wbh2AsB	CZE-chT 9900	Czechia	1999.??.??	1
0Q4tNTyQ	WS/GMN/022	ICCF	2010.04.15	?
PeyHpV3L	WS/GMN/022	ICCF	2010.04.15	?
MPuhAzkc	15th London Classic Open	London ENG	2025.11.28	2.6
Z845YF25	XXX Elgoibar GM 2021	Elgoibar ESP	2021.12.17	5.5
5bLTkesC	Chigorin Memorial 2018	St Petersburg RUS	2018.10.29	3.29
hagwWdWi	GCT Blitz Paris 2016	Paris FRA	2016.06.12	10.4
GSS6UrYj	Navara-Ding Match 2019	Prague CZE	2019.06.18	5
p2n9l0fj	Meltwater Tour Final 2021	chess24.com INT	2021.10.02	7.1
tz4rQgc5	chess.com Speed 3m+1spm 2017	chess.com INT	2018.07.24	11
8IhD5oKF	80th Tata Steel GpA TB	Wijk aan Zee NED	2018.01.28	1
5tYG0S5C	10th London Classic 2018	London ENG	2018.12.13	1.5
U8QPjBco	Isle of Man op	Isle of Man	1995.??.??	3
bwFXwwhT	EU-ch Online 2300+ Qual	Chess.com INT	2020.05.29	6
1TnoLDX3	Karpos Open 2014	Skopje MKD	2014.04.05	9.12
rbQOVnyc	2nd President of UZB 2022	Tashkent UZB	2022.09.11	8.8
kYf5jM7D	Chess.com Rapid Wk3 Swiss	chess.com INT	2022.02.27	3
A77HY27P	Bar Sozina op	Bar	2005.03.07	4
QU5RUuUh	Frankfurt Ordix op	Frankfurt	2000.06.18	13
6w1maQrS	Belgrade Balkan GP final 2nd	Belgrade	2010.12.17	6
qlmEOSe6	Conegliano op	Conegliano	2008.06.02	5
XT4MaH22	TCh-ISR 2022	Israel ISR	2022.01.15	2.5
fhSSr3mj	Montebelluna Elite 2020	Montebelluna ITA	2020.01.03	3.1
XWZjkD6p	Ciocaltea Memorial	Bucharest	2010.03.24	2
z19XsbK0	Moscow Tal Memorial 8th Blitz	Moscow	2013.06.12	2
OeLGcBxh	Zurich CC Rapid 2014	Zurich SUI	2014.02.04	5.1
XYEY0axD	Amber-blindfold 20th	Monte Carlo	2011.03.20	8
TlZ5XYgo	Wch Blitz 5th	Moscow	2010.11.16	11
u9s06S5X	2nd Norway Blitz 2014	Flor & Fjaere NOR	2014.06.02	3.1
I75WWmzk	GCT Rapid Paris 2016	Paris FRA	2016.06.10	8.1
7jdyWFg7	Saint Louis Blitz 2017	Saint Louis USA	2017.08.17	8.4
TjG9Jcji	RUS-chT	Sochi	2007.05.10	9
MaqiZJkP	12th Hainan Danzhou GM	lichess.org INT	2021.09.23	1.4
Df56ejKw	Sarajevo Bosnia 32nd	Sarajevo	2002.05.26	5
XfSnzcJ3	Yerevan ol (Men)	Yerevan	1996.??.??	11
oEzM3y8O	Mondariz GEMA m	Mondariz	2002.01.04	7
dh1OwOfa	CRO-chT1A 21st	Sibenik	2012.10.01	9.42
JtxtAENQ	EU-chT (Men) 05th	Bath	1973.07.11	6.3
vIx5LbbV	Arab-chT Clubs	Amman	2006.05.??	2
xnww2FBy	Teplice op	Teplice	2006.06.21	6
21UV8xXU	Nord West Cup 3rd	Oldenburg	2001.02.04	6
7CnA43Ov	67th ch-RUS HL 2014	Vladivostok RUS	2014.06.08	5.2
A49gusoq	SPICE Cup Open 2017	Saint Louis USA	2017.10.26	9.2
RZ2G5y1k	Vladimir Petrov Mem 2016	Jurmala LAT	2016.03.05	4.5
0woAXAFG	Biel MTO op 45th	Biel	2012.07.31	8
NsrSddvg	SRB-chT	Valjevo	2011.08.30	4.5
0fTFynde	Trieste op 13th	Trieste	2011.09.07	6
9ufGPQbd	Chigorin Memorial 2022	St Petersburg RUS	2022.10.24	3.2
yx0KXk34	18th Moscow Open A 2022	Moscow RUS	2022.07.18	6.13
wbbiA2Go	RUS-ch49 (Women)	Moscow	1999.05.16	2
HXvq8ATW	BITNY/B 2021 (USA)	ICCF	2021.01.31	?
zLCUUdjG	Donner Memorial op	Amsterdam	1996.??.??	2
0xlq8fBP	SCO-ch	Troon	1986.??.??	2
zU3iJT7k	SCO-ch	Troon	1986.??.??	4
WrMm0VXq	NZL-ch	Otago	1991.??.??	4
1G8yHATF	Landesliga Sued 0102	Bayern	2002.02.03	5.1
MBLL1kzI	26th Kavala Open 2017	Kavala GRE	2017.08.01	6.4
gyBJO0ds	Politiken Cup 33rd	Helsingor	2011.08.01	4
3zfL9lVq	CP-2007-F-00001	Lechenicher SchachServer	2011.09.30	?
6pGw9ZFO	BL2-Nord 1213	Germany	2013.01.13	5.7
l4FFpRRl	Salamanca	Salamanca	1989.??.??	?
siY94U61	TechM GCL 2024	London ENG	2024.10.06	5.3
3Uz6oIXX	Zonal 3.4 2019	Tashkent UZB	2019.05.22	1.3
nTD3ToOs	Balatonbereny GM	Balatonbereny	1995.??.??	4
Gwxl9y6c	World Blitz 2015	Berlin GER	2015.10.13	6.1
zOCL1Ce9	chess.com Blitz Final 5m+2spm 2016	chess.com INT	2016.10.27	8
wX0wWVFV	chess.com Blitz Final 3m+2spm 2016	chess.com INT	2016.10.27	12
tGabbmKE	Nations Cup Online Prelim	Chess.com INT	2020.05.07	5.2
tzIpa1c8	Norway Masters blitz	Stavanger	2013.05.07	1
no3YA5JV	Norway Chess	Stavanger	2013.05.15	7
mjjkD4Vu	Crete m g/5	Crete	2003.09.23	2
sjaVce2w	Tal Memorial Blitz 2014	Sochi RUS	2014.11.14	18.3
bGvhtmew	SportAccord Blitz 2014	Beijing CHN	2014.12.13	25.6
kIqXM5N7	Chess.com Rapid Wk5 Swiss	chess.com INT	2022.03.12	7
ZFTQ2GMj	World Blitz 2016	Doha QAT	2016.12.30	14.35
mMdp2ER1	chess.com Speed 3m+2spm 2017	chess.com INT	2017.05.25	1.10
Szpk0ujT	Saint Louis Rapid 2018	Saint Louis USA	2018.08.12	4.1
HeBoMVDb	GCT Rapid YourNextMove	Leuven BEL	2016.06.17	5.5
lPKwi4mi	FIDE Candidates 2018	Berlin GER	2018.03.26	13.1
312bzCig	Saint Louis Rapid 2019	Saint Louis USA	2019.08.10	1.4
j08fbb0T	chess.com Speed 2019	chess.com INT	2019.09.03	1.29
hPjln8cj	Leon Masters g/5 26th	Leon	2013.06.09	2
fIMR3VDf	FIDE World Cup 2017	Tbilisi GEO	2017.09.08	2.6
JeWf2Uj9	World Blitz 2018	St Petersburg RUS	2018.12.30	13.2
ViyKH6sG	Opera Euro Rapid Prelim	chess24.com INT	2021.02.08	15.2
CkiB17bf	Bundesliga 2016-17	Solingen GER	2017.03.19	10.3
Hjv1Yd69	chess.com Speed Inv Qualifier	chess.com INT	2018.06.27	2.9
ZWk3MxD0	chess.com Speed Inv Qualifier	chess.com INT	2018.06.27	2.7
j6l6cp7R	Kolomna	Kolomna	2013.10.04	9
EvEPqpGP	Lichtenrader Herbst 2019	Berlin GER	2019.10.16	5.1
nTFtrfjn	Montpellier op	Montpellier	2007.07.08	2
GR6AZivQ	Olomouc Ave Kontakt Cup	Olomouc	2006.08.06	6
nYs6CjOh	Clutch-ch June	Lichess.org INT	2020.06.08	1.10
GCOsX7QA	77th Tata Steel GpA	Wijk aan Zee NED	2015.01.21	10.5
IfUiQGLz	CCT Final Playoff 2023	Toronto CAN	2023.12.11	5.2
YDim7B0u	81st Tata Steel GpA	Wijk aan Zee NED	2019.01.15	4.2
o4y46l36	Gibraltar Masters TB 2018	Caleta ENG	2018.02.01	2.1
li1NlY5m	5th Norway Blitz 2017	Stavanger NOR	2017.06.05	7.2
haKgCekN	Hoogovens	Wijk aan Zee	1998.01.20	4
YUmRA3Um	Dos Hermanas	Dos Hermanas	1997.04.09	7
XTP57qK7	Amber-rapid 14th	Monte Carlo	2005.03.19	1
IJvzgl3y	Linares 12th	Linares	1994.??.??	12
jdd9tBd3	32nd ECC Open 2016	Novi Sad SRB	2016.11.08	3.1
3WsYXYTv	Carlsen Inv Prelim	chess24.com INT	2020.04.29	6.1
gwN2so5a	Candidates Tournament	Ekaterinburg	2020.03.22	5
U03wiuXi	Grand Slam Final 1st	Bilbao	2008.09.13	10
K5LZvO9Y	FRA-chT Top 16 GpA	France	2008.03.22	1
sbkffbH7	4th Norway Chess 2016	Stavanger NOR	2016.04.21	3.2
p25ptjoo	FIDE World Blitz 2013	Khanty-Mansiysk	2013.06.09	13
xdmPYuod	CHN-chT	Beijing	2012.10.06	15
CGPaiHWO	Benasque op 33rd	Benasque	2013.07.10	7
a4KRSWvu	Jermuk FIDE GP	Jermuk	2009.08.21	11
VEAt5UnR	Baku Presidents Cup	Baku	2010.04.30	4
0teW9JXW	Wch Blitz 3rd	Moscow	2007.11.22	20
SSLYa0iH	TechM GCL 2024	London ENG	2024.10.03	1.2
ncxI9kiw	Linares 26th	Linares	2009.02.24	5
f01igTAm	PCA/Intel-GP	Paris	1994.??.??	3.2
OmH7KDgN	79th Tata Steel GpA	Wijk aan Zee NED	2017.01.27	11.7
7bB1FEtw	Tata Steel-B 73rd	Wijk aan Zee	2011.01.29	12
NMoPY58w	Richardson UTD GM 8th	Richardson	2011.12.18	6
1FazK7zL	Champions Challenge 101st	playchess.com INT	2005.07.02	2.2
DJSslZ3E	chess.com Speed 3m+1spm 2018	chess.com INT	2018.09.07	1.13
gd5uaxVn	Chess.com Rapid Wk2 Swiss	chess.com INT	2022.02.19	6
gEOSU8TF	Sarajevo	Sarajevo	1983.??.??	?
vasaomGc	ISR-ch	Tel Aviv	2002.12.01	7
HDwyMZ8Z	EU-chT (Men) 14th	Plovdiv	2003.10.19	8.1
9b56kTQT	Dos Hermanas-A	Dos Hermanas	2001.04.20	2
81qKSuFw	EU-ch 1st 5'	Neum	2000.10.05	20
62ljYiyJ	World Cup	Belfort	1988.06.??	10
FzbNdl6s	World Rapid 2017	Riyadh KSA	2017.12.26	3.14
PDtLuBLC	Dortmund 25th	Dortmund	1997.07.06	3
DVId1s7Y	Las Palmas	Las Palmas	1993.??.??	5
GAOm8B5F	Las Palmas	Las Palmas	1993.??.??	1
U4rM2BXE	Manila ol (Men)	Manila	1992.??.??	?
8rDmQmkW	Saint John op-2	Saint John	1988.??.??	?
u6H5sShu	URS-ESP mT	Logrono	1991.??.??	?
AS7KnyCn	URS-ch58	Moscow	1991.??.??	3
ii6lcQDW	TCh-TUR Super League 2023	Ankara TUR	2023.07.12	3.4
A6xtqltu	Final ROM GP KO	Alba Iulia ROU	2022.12.06	2.2
IzIewft8	Kavala op 10th	Kavala	2001.08.28	8
u1Vx5yiN	Dhaka	Dhaka	1995.??.??	13
5IxhPZc0	ACP Blitz	playchess.com INT	2006.??.??	3
Hr2TSlmG	Catania op	Cattolica	1994.??.??	9
AkXDefna	FRA-chT	France	1996.??.??	?
c4ywZ2kj	Heart of Finland op 23rd	Jyvaskyla	2013.07.09	3
DB7mK9WX	San Sebastian op 17th	San Sebastian	2007.09.27	7
w59r6aMC	SRB-chT 1st League	Valjevo	2010.09.20	4
NxtZjx7U				
gkCKcddt				
3Pv6E7Dk	FIDE World Cup 2025	Goa IND	2025.11.06	2.10
OM3ORRGN	8th Sunway Sitges 2021	Sitges ESP	2021.12.15	3.1
aEBb3b44	Tallinn	Tallinn	1973.03.03	9
VH99yTog	Dortmund-B	Dortmund	1991.??.??	1
Q3pi1qpz	EU-chT (Men) 17th	Novi Sad	2009.10.25	4
HaJiF54C	Jakarta Indonesia op 2nd	Jakarta	2012.10.16	8
1HKc84TW	TCh-SRB Premier 2018	Valjevo SRB	2018.09.03	4.4
D4MFalyx	Keres Memorial	Tallinn	2009.01.10	3
qEa4hFvE	Biel rapid 53rd	Biel	2020.07.19	3
Sf28yVFZ	World Rapid 2025	Doha QAT	2025.12.26	5.1
ibWd8aD0	ESP-chT Honor Gp2	San Sebastian	2006.09.17	5
U33954OI	2nd IMSA Blitz 2017	Huai'an CHN	2017.12.12	5.6
FKGdo71t	Nalchik FIDE GP	Nalchik	2009.04.16	2
HhUvoCEk	FIDE Candidates 2016	Moscow RUS	2016.03.23	10.2
FZINrt3J	Grand Slam Final 1st	Bilbao	2008.09.13	10
tV9sDLNR	Amber-blindfold 19th	Nice	2010.03.19	6
Clg555E9	Dresden ol (Men) 38th	Dresden	2008.11.25	11
08d9YynZ	Moscow Aeroflot rapid final	Moscow	2013.02.16	1.2
zLmtpKC3	Mainz Ordix op 13th	Mainz	2006.08.19	4
YIdkTuuf	Buenos Aires Duchamp Memorial-A 4th	Buenos Aires	2012.10.25	3
uVS55P4a	San Sebastian KO GpA	San Sebastian	2011.12.29	2
pErYdTA0	EU-chT (Men) 17th	Novi Sad	2009.10.26	5
JL6knnj4	Dortmund 25th	Dortmund	1997.07.11	7
qQiQLSLG	Lindores Abbey Final 8	chess24.com INT	2020.05.26	1.25
p6zMoNvv	Chess.com Rapid W10 Swiss	chess.com INT	2022.04.16	3
2Dc0jku2	Schwarzach op-A 19th	Salzburg	2004.08.25	5
uPn7ZjxZ	Da Nang	Da Nang	2008.06.15	7
o4WH9htP	Saint John op-1	Saint John	1988.??.??	?
A0m9PZVe	Bundesliga 0708	Germany	2008.04.06	13.2
LEePvOxR	POL-ch 60th	Warsaw	2003.05.02	11
Uiw36qYy	World Rapid 2022	Almaty KAZ	2022.12.28	11.54
8wB0pT0z	World Blitz Women 2014	Khanty-Mansiysk RUS	2014.04.27	17.8
9MRVAGhq	Berliner Sommer 15th	Berlin	1997.??.??	9
472iipRi	Bor	Bor	1985.??.??	4
82Mowd4Y	Bohemians	Prague	1987.??.??	?
BL6V6Xpn	Vrnjacka Banja	Vrnjacka Banja	1986.??.??	?
ddLb5mL3	Dubai op 12th	Dubai	2010.04.11	7
O6QdmCIp	Linares Anibal op 08th	Linares	2001.01.18	11
Vdme4YkA	Kharkov Rector Cup 3rd	Kharkov	2001.04.18	1
EQUybYnu	RUS-ch Higher League 60th	Krasnoyarsk	2007.09.04	2
xLPS8B5Q	Amber-blindfold 18th	Nice	2009.03.21	7
fWWVSDys	Zuerich Champions rap	Zuerich	2009.08.23	4
vWOjk7nq	7th Norway Chess 2019	Stavanger NOR	2019.06.09	5.3
QSKKJ7LF	World Rapid 2022	Almaty KAZ	2022.12.28	10.1
Ow6Ufilt	Chessable Masters Final	chess24.com INT	2020.07.03	3.11
mibffrBh	Gibraltar Masters TB	Caleta ENG	2017.02.02	1.3
20qAYX74	FIDE World Cup 2015	Baku AZE	2015.09.11	1.1
lzhNiLC2	PanAm Intercollegiate 2013	Lubbock USA	2013.12.30	6.1
2STSALQL	74th ch-RUS 2021	Ufa RUS	2021.10.19	10.6
LEambMCW	TCh-ESP Div Honor 2016	Monzon ESP	2016.09.26	1.4
P3VkagzV	19th Moscow Stars Prelim	Moscow RUS	2023.07.22	5.1
ElP4X1m5	3rd Sinquefield Cup 2015	Saint Louis USA	2015.08.23	1.4
EL6U8t2I	Amber-blindfold 20th	Monte Carlo	2011.03.23	10
yrDw6yl8	Alekhine Memorial	Moscow	1971.12.09	12
oSbBNDSw	Tallinn	Tallinn	1975.02.28	9
MpuQNsYe	Hoogovens	Wijk aan Zee	1976.01.27	10
ySbI4v3Z	NOR-chT Elite 1920	Norway	2020.03.06	7.2
RRqJvr4s	Corus	Wijk aan Zee	2006.01.24	9
9WaJTaJJ	CGC KO 2022	chess.com INT	2022.09.14	1.3
zEWtotVJ	Reykjavik Open 2017	Reykjavik ISL	2017.04.25	8.4
yOBgtOq4	World Blitz 2015	Berlin GER	2015.10.14	12.21
ROROFnHJ	FIN-chT 0405	Finland	2005.01.15	6
50UbACi1	ch-NOR Blitz 2018	Drammen NOR	2018.01.05	8.4
bTNVXM3G	NOR-ch	Bronnoysund	1990.??.??	6
gAvrRd9O	Moscow Superblitz	Moscow	2006.01.05	10
QzPbAQ8y	TCh-AUT 2025-26	Austria AUT	2025.12.14	5.3
aTLbq1ru	FICGS__CHESS__CLASS_SM__000003	FICGS	2006.10.03	1
NNAnkSL0	TCh-HUN 2022-23	Hungary HUN	2023.04.22	8.1
U6p1Wkxa	ICCF-FM/14	ICCF	2005.12.18	?
AGtsThhP	VIE-ch	Dong Nai	1995.??.??	?
nrWgznMM	Hamburg-ch	Hamburg	1989.??.??	?
nuLpp2OU	SVK/C19/final (SVK)	ICCF	2007.03.15	?
w01EBxpU	Hamburg-ch int	Hamburg	1999.05.29	8.12
N1U7T5Hi	CRO-chT U20	Rabac	2003.??.??	7
ruWKpctj	UKR-ch 75th	Poltava	2006.11.24	1.1
MFet7ItF	URS-ch40	Baku	1972.11.26	7
GWweaJhY	Bozen op	Bozen	1998.06.18	7
WUTaNnwl	Gausdal Byggern Masters	Gausdal	2006.09.25	2
OVdGc8WV	EU-ch 12th	Aix-les-Bains	2011.03.26	5
uV0W0DJs	EU-ch Online 2300+ Qual	Chess.com INT	2020.05.29	6
eWqeW2jm	Isthmia op-A 2nd	Korinthia	2012.08.19	3
QhQqY8X4	RUS-chT2	Sochi	2007.05.04	2
Dq7oqpcL	Bundesliga 0506	Germany	2005.11.11	7.5
BvCAiywy	Santa Clara	Santa Clara	1991.??.??	2
JtpYvGqS	TCh-SUI 2015	Switzerland SUI	2015.10.10	8.5
ZRNHfJTE	BUL	Bulgaria	1987.??.??	?
mzKh5vNM	Buenos Aires Sicilian	Buenos Aires	1994.10.12	1
uguc1Kzn	Norway Chess	Stavanger	2013.05.10	3
eEEKLkmU	Las Palmas	Las Palmas	1996.12.09	1
BwlRjEiF	World Cup	Khanty-Mansiysk	2009.11.26	2.6
iTBRTwWe	Linares 10th	Linares	1992.??.??	11
kYXjThcF	Koop Tjuchem	Groningen	1996.??.??	2
BHFDLEm4	Tilburg	Tilburg	1994.??.??	2
Dyi1GWCA	Corus	Wijk aan Zee	2001.01.25	10
dWEzBQb5	San Antonio	San Antonio	1972.11.26	6
Winww7yX	PGMA Cup 2nd	Manila	2007.11.26	7
FhAQAQog	Rozelor de Mai Cup	Bucharest	1999.05.16	2
cTL0Ipap	USA-ch	El Paso	1973.09.13	4
XgvQqPDe	London FIDE GP 1st	London	2012.10.03	11
H0Kfw5rp	45th Olympiad 2024	Budapest HUN	2024.09.15	5.1
HhADFarv	43rd Olympiad 2018	Batumi GEO	2018.10.03	9.12
VXtbrpQb	POL-UKR m 4th	Lublin	2012.05.24	1
Av2vIavE	Dos Hermanas-A	Dos Hermanas	2003.04.01	5
VqcBQiCJ	RUS-chT	Sochi	2007.05.10	9
remk3D15	Groningen PCA	Groningen	1993.??.??	7
E8E8nrTJ	Gibraltar Masters	Catalan Bay	2003.01.31	4
OIaXiws9	11th Tal Mem Blitz 2018	Moscow RUS	2018.03.05	11.1
33mcqqWQ	Linares 26th	Linares	2009.03.01	9
0jneJ7GZ	33rd ECC Open 2017	Antalya TUR	2017.10.12	5.1
jlr3UKbE	Amber-blindfold 03rd	Monte Carlo	1994.04.05	9
31BxNxT9	FRA-chT Gp-B	France	2004.04.02	5
0bjmkoTR	RUS-ch sf 58th	Kazan	2005.09.08	6
7UVPbxAH	Chicago op 12th	Chicago	2003.05.24	3
zPfJm4Hg	Nice ol (Men) fin-B	Nice	1974.06.29	14
2GrhowtV	Wch Rapid	Astana	2012.07.07	6
Z1YpfFDj	GCT Rapid Paris 2017	Paris FRA	2017.06.22	6.2
8vjO7dgU	chess.com Speed 3m+1spm 2018	chess.com INT	2018.09.06	1.15
utGqH4qa	50th Biel GM 2017	Biel SUI	2017.07.31	7.5
FZ9XLNfK	2nd IMSA Blitz 2017	Huai'an CHN	2017.12.12	1.1
9zuzXQMh	chess.com Junior Speed	chess.com INT	2019.08.10	4.29
q8EfrMdC	chess.com Junior Speed	chess.com INT	2019.08.10	4.21
1kLem2gz	BIH-chT	Neum	2002.06.05	6.1
2yDHI0OP	Koop Tjuchem	Groningen	1996.??.??	4
cOUBuAWA	Belgrade Investbank	Belgrade	1991.??.??	?
rNI7js4X	Hastings 8899	Hastings	1988.??.??	?
5LFknMBi	Superbet Classic 2023	Bucharest ROU	2023.05.06	1.3
ZbY2RsZM	Internet Chess Club m1 g/5'	ICC INT	1999.12.08	?
E4WZtT0w	8th Gashimov Mem Rapid	Baku AZE	2022.12.19	6.2
3DS9J8IP	Buenos Aires Sicilian	Buenos Aires	1994.10.16	4
3Ejc5xwa	World Teams 2013	Antalya TUR	2013.11.30	5.3
9DFIPBMU	Sao Paulo	Sao Paulo	2004.08.23	8
UB7kTST1	RUS-CHN Summit Men 4th	Nizhnij Novgorod	2007.08.28	8
eFZmx28N	FIDE World Cup	Khanty-Mansiysk	2011.09.16	7.1
nhEvasvH	SportAccord Basque Men 2013	Beijing CHN	2013.12.17	1.2
AkIpRNjq	Eurasian Blitz Chess Cup	Almaty KAZ	2016.06.19	16.4
xX7Czmab	Chessable Masters Winners	chess.com INT	2025.02.18	2.2
Hth95B1e	Chess.com Rapid Wk5 Swiss	chess.com INT	2022.03.12	4
jgIOTtyF	FIDE Chess.com Grand Swiss	Douglas ENG	2019.10.15	6.1
c6d83fNZ	Wch Blitz 5th	Moscow	2010.11.17	28
i989523Q	Wch Blitz 5th	Moscow	2010.11.18	36
Qgh3ah7H	FRA-chT Gp-A	France	2004.04.03	6
HEWHwW2r	Wch Blitz 5th	Moscow	2010.11.16	1
b3me1MjI	Fujitsu Siemens Giants	Frankfurt	2000.06.22	2
OtJE96px	EU-Cup 19th	Rethymnon	2003.10.01	4.2
z449RrLU	Petrosian Memorial Internet	ICC INT	2004.12.20	3
P6as9VvD	Wch Blitz 5th	Moscow	2010.11.16	7
uba7Qulf	World Rapid 2017	Riyadh KSA	2017.12.27	8.1
BBGM1uFf	Airthings Masters KO 2020	chess24.com INT	2020.12.29	1.14
ce1L1pzr	Moscow PCA-GP Kremlin Stars	Moscow	1996.04.30	4.4
WlcGoqOE	chess.com Speed 3m+1spm 2018	chess.com INT	2018.11.30	3.15
MtuUm2cI	Wch Blitz	Astana	2012.07.10	23
xvqXXHao	chess.com Speed 5m+2spm 2017	chess.com INT	2017.10.04	1.4
z08KNXqW	Villarrobledo op	Villarrobledo	1998.08.23	9
uPbGK5b1	World Championship 29th	Baguio City	1978.09.02	18
4Iz68cXa	Optiebeurs	Amsterdam	1988.??.??	2
6g6ymNV9	Botvinnik Memorial blitz op	St Petersburg	2012.08.24	8
4e42NW9u	41st Olympiad Open 2014	Tromso NOR	2014.08.03	2.5
VwnUhgrR	EU-Cup Gr5	Senec	1998.09.19	2
370Xyakw	EU-ch rapid	Warsaw	2010.12.18	7
ZaMborit	Dubai op	Dubai	2002.04.25	9
gb9s39Op	Dhaka	Dhaka	1995.??.??	11
gqZwB4ex	Moscow-ch	Moscow	1996.??.??	3
qRNufK1X	Trzcianka Dziedzic Memorial 2nd	Trzcianka	2012.03.04	8
DgBLFMyC	FIDE-Wch k.o.	Tripoli	2004.06.22	2.2
4J4BVttw	World Rapid 2017	Riyadh KSA	2017.12.27	7.27
wH5iSPvt	Belgrade Investbanka	Belgrade	1987.??.??	?
k6JQuYI7	15th ch-EUR Indiv 2014	Yerevan ARM	2014.03.05	3.37
vajyIyGQ	2nd Bundesliga Sud 2016-17	Germany GER	2016.11.20	2.8
9H2XHXIL	Chigorin Memorial 19th	St Petersburg	2011.10.20	7
OqyWU1B6	Goodricke op 10th	Kolkata	1999.02.13	8
jhcvkXrh	WMSG Blitz Pair 1st	Beijing	2008.10.08	5
Iq8yCCOU	Pardubice Czech op	Pardubice	2002.07.22	4
DJ1Syp8X	Bayern-chI Bank Hofmann 5th	Bad Wiessee	2001.11.04	9
q6Ls7BiQ	Corus	Wijk aan Zee	2010.01.16	1
GDOinkIn	EU-ch rapid	Warsaw	2010.12.19	10
yxOd1p1l	EU-ch rapid	Warsaw	2010.12.18	7
VKbTS6Bt	EU-ch blitz 29th	Warsaw	2010.12.17	11
bsqwJr1D	Nakhchivan op	Nakhchivan	2012.05.03	6
ck45n5dp	Dubai op 13th	Dubai	2011.04.14	5
5v8OG3MG	Linares Anibal op 11th	Linares	2005.03.01	6
F7Qfuy4I	All China Games 4th	Hefei	2010.05.18	4
3roOk6Pm	Amber-blindfold 19th	Nice	2010.03.16	4
WgfcxnoA	Opera Euro Rapid Prelim	chess24.com INT	2021.02.06	3.2
qAblDxJV	FIDE Candidates 2016	Moscow RUS	2016.03.28	14.4
QYTTq730	TCh-CHN 2019	China CHN	2019.07.24	8.5
RyfcDluD	Skilling Open Prelim	chess24.com INT	2020.11.22	5.1
eI673fQx	FIDE World Cup 2017	Tbilisi GEO	2017.09.10	3.2
j7TRBPvo	Wch Blitz 5th	Moscow	2009.11.17	19
jf5vog0L	Bazna Kings 3rd	Bazna	2009.06.15	2
nQy3ECeu	Mainz Ordix op 17th	Mainz	2010.08.08	10
RPydUlWc	TCh-TUR Super League 2015	Kocaeli TUR	2015.08.06	3.2
KqJtJXiT	New York op	New York	1998.03.19	6
slbLu0ZA	FIDE-Wch k.o.	Las Vegas	1999.08.07	3.2
03GIqMn3	St Petersburg op	St Petersburg	1995.??.??	8
mmxHeHCi	NED-chT 9697	Netherlands	1996.??.??	?
mFw2B4x4	Kolkata	Kolkata	1998.??.??	6
CPwK8Zkp	Petrov Memorial op	St Petersburg	1998.??.??	1
8nz8Ufd9	Donetsk Amitan Memorial	Donetsk	2010.12.20	1
oEn9TKEZ	Singapore Masters 3rd	Singapore	2006.12.28	5
aqky2GMZ	1st Archibald Open 2019	Sochi RUS	2019.05.17	7.10
gmjerM39	URS-ch52	Riga	1985.??.??	19
x2LnrIpk	Skolernes Skakklub op	Aarhus	1997.??.??	6
HyJIM9pM	Rostov on Don tt	Rostov on Don	1980.??.??	?
KKuZFkmO	FRA-chT1	France	2002.??.??	6.6
wCBkQQ48	Naleczow	Naleczow	1981.??.??	?
MNRgHrij	Wiesbaden op	Wiesbaden	1993.??.??	5
uuUGfEHZ	FIDE World Blitz 2014	Dubai UAE	2014.06.19	10.14
bmn60QyV	SuperUnited Rapid 2023	Zagreb CRO	2023.07.07	8.3
aHB63kal	Saint Louis Rapid 2024	Saint Louis USA	2024.08.13	4.4
suBahOON	Levitov Chess Week Rapid	Amsterdam NED	2023.09.22	1.4
L9xwyOId	5th Zurich CC 2016	Zurich SUI	2016.02.13	2.3
nOEYfEtp	EU-Cup 26th	Plovdiv	2010.10.23	7.6
AKpf2BwO	YUG-chT	Cetinje	1992.??.??	?
Bf31rjUY	Tilburg	Tilburg	1994.??.??	2
zRPW9cu1	Cancan Veterans-Women	Roquebrune	1998.09.19	12
Ydxsk95X	EU-ch blitz	Warsaw	2011.12.16	7
G1r3ZKpf	EU-ch Rapid-30'	Cap d'Agde	1996.??.??	?
YAqVFOsJ	POL-UKR m rapid 4th	Lublin	2012.05.29	4
zI8Q515X	WMSG Blitz 1st	Beijing	2008.10.04	4
4DDl8Qva	Wch Blitz 5th	Moscow	2010.11.16	14
9Rald6o9	Wch Candidates sf	Elista	2007.05.27	1.1
lW5ntINY	Bundesliga 0001	Germany	2001.03.10	10.2
Ct6PfKEu	World Cup	Khanty-Mansiysk	2009.11.21	1.1
pH0dfwAr	USA-ch	Modesto	1995.??.??	5
zhb3xZ8W	Chicago op	Chicago	1996.??.??	?
dvE38rr0	Champions Challenge 172nd	playchess.com INT	2006.11.11	4.2
MqFCt3lu	RUS Cup Qualifier 4	chessassistantclub.com INT	2004.11.25	?
Us1chYiz	Warsaw AIG Life rapid 7th	Warsaw	2007.12.15	6
aHdfDdeW	Champions Challenge 228th	playchess.com INT	2007.12.08	2.1
3NTbnaaW	TCh-ESP Div 1 2025	Linares ESP	2025.08.09	2.8
w4Mcu45O	BCF-chT 0102 (4NCL)	Birmingham	2002.05.04	9.1
ehZ7GF4w	Granada op	Granada	2007.12.08	7
oKztKhnD	SWE-chB	Oerebro	2013.07.12	7
KVrh1VBC	Sarajevo	Sarajevo	1984.??.??	?
s9VNXDcN	Las Vegas National op	Las Vegas	2001.03.11	6
kkWEsrbL	2nd Sharjah Masters 2018	Sharjah UAE	2018.04.14	3.8
HrR54Jzf	EU-Cup 23rd	Kemer	2007.10.05	3.6
4S1oGhMR	RUS-Cup01 Chigorin Memorial	St Petersburg	1996.??.??	8
DKzDjrJq	YUG-ch	Yugoslavia	1988.??.??	?
GYwOJA2h	MT-Teichmann (CZE)	ICCF	2024.12.01	?
XjdBMN0n	Liepajas Rokade Open 2014	Liepaja LAT	2014.07.11	9.3
YsgoZOO7	Lone Pine op	Lone Pine	1981.??.??	?
gQAeAlWF	Crailsheim op	Crailsheim	1999.05.24	6
lhEPKgd8	Warsaw AIG Life rapid 8th	Warsaw	2008.12.20	3
AyhnlOJ8	Amber-blindfold 18th	Nice	2009.03.19	5
w96n9v06	Amber-blindfold 17th	Nice	2008.03.18	4
ZzrAyUku	36th ECC Open 2021	Struga MKD	2021.09.22	5.3
Htp8Bveo	FIDE World Cup 2025	Goa IND	2025.11.06	2.4
4VHo6I10	Wch Blitz	Astana	2012.07.10	29
z7CfV3wH	54th Biel GM Rapid 2021	Biel SUI	2021.07.25	4.4
9IAzoi66	World Rapid 2022	Almaty KAZ	2022.12.28	11.43
7bl4M0hN	25th European Teams	Batumi GEO	2025.10.09	5.3
EM0RFQI4	DEN-chT 1920 58th	Denmark	2020.02.23	7.4
On9RbkyU	Groningen Harmonie	Groningen	2002.12.23	3
hccjwEUD	Neuchatel op	Neuchatel	1995.??.??	?
ZVmAmbei	Wch U26 (Men)	Rotterdam	1998.08.11	1
V73sMwwG	Catalunya-chT Honor	Catalunya	2013.04.13	11.1
HPBe0NBt	GER CupT	Karlsruhe	1988.04.10	2.2
N908O0wd	Tallinn	Tallinn	1989.??.??	2
Hm0Xs1Gd	Bundesliga 8788	Germany	1988.??.??	?.3
Oq7fHryK	45th Olympiad 2024	Budapest HUN	2024.09.20	9.4
ridE0XUa	Moscow	Moscow	1975.??.??	?
0s2RvvEi	TCh-POL Ekstraliga 2023	Lublin POL	2023.09.23	6.3
tduHZtqG	Amber-blindfold 02nd	Monte Carlo	1993.03.28	3
dQxH6WEP	Barbera del Valles op 36th	Barbera del Valles	2013.07.07	4
tLzONPfI	Pau op	Pau	1988.??.??	6
8UeQ8O1j	Donner Memorial-B	Amsterdam	1994.??.??	6
C6xVbKjN	GRENKE Chess Classic 2024	Karlsruhe GER	2024.03.28	5.1
GMHRS6o5	Saratov Governor's Cup	Saratov	2011.10.10	3
Vg9svf0I	SuperUnited CRO Rapid 2025	Zagreb CRO	2025.07.02	3.5
WTW0lone	World Rapid 2016	Doha QAT	2016.12.28	11.2
JzFfbmEd	30th ECC Open 2014	Bilbao ESP	2014.09.20	7.1
sxrh3qdS	EU-ch blitz	Warsaw	2011.12.16	6
dybR7RkL	Khanty-Mansiysk ol (Men) 39th	Khanty-Mansiysk	2010.09.28	7.3
acv3H9LN	Candidates sf	Riga	1986.??.??	11
qOQXmlCT	World Championship 29th	Baguio City	1978.09.30	28
GMDLsbJp	PCA/Intel-GP	New York	1995.06.20	1.3
Xk8j9Ku8	Interpolis 11th	Tilburg	1987.09.21	5
0Rc1J1F3	Moscow	Moscow	1981.04.??	4
T0CuVPcv	81st Tata Steel GpA	Wijk aan Zee NED	2019.01.16	5.4
blyc7roO	Vugar Gashimov Mem 2016	Shamkir AZE	2016.06.04	9.4
Un2OqahI	FTX Crypto Cup KO 2021	chess24.com INT	2021.05.26	1.11
XltPiHvV	Julian Borowski-A 4th	Essen	2002.05.16	1
HK0isj0x	Chennai WinTV op 1st	Chennai	2004.01.30	11
PMEKd5kw	Turin op	Turin	1996.??.??	5
DO76VZAJ	CCO17/S5	ICCF	2006.01.10	?.4
bP7KfjdM	Karpos Open 2014	Skopje MKD	2014.04.03	7.6
Xa5kSSFp	RUS-chT	Sochi	2007.05.05	4
AVdMtm8c	POL-chT	Glogow	2001.09.08	1
0OO49Jba	FSGM August 2023	Budapest HUN	2023.08.06	2.2
R5yPAY9p	GCT Rapid Paris 2017	Paris FRA	2017.06.23	9.1
AJzwNuJu	Croatia GCT 2019	Zagreb CRO	2019.06.29	4.5
v4WXaain	ch-USA 2021	Saint Louis USA	2021.10.07	2.1
4cgK4iNh	Linares 18th	Linares	2001.03.04	8
lQei1paD	PCA-World Championship	New York	1995.09.19	6
lNXwyE0I	PCA-World Championship	New York	1995.09.26	10
bXfSwP8F	Mainz m	Mainz	2004.08.06	4
TL3SNtHs	Amber-blindfold 15th	Monte Carlo	2006.03.24	6
GTr1y1zW	FRA-chT Top 16	Asnieres sur Seine	2006.05.07	11
K6RlGpzo	Amber-blindfold 15th	Monte Carlo	2006.03.20	3
G0XGYs26	Chess Champions League	Vitoria Gasteiz	2007.11.03	2
5DCgl1DW	GCT Rapid YourNextMove	Leuven BEL	2018.06.12	2.5
GwukFL4w	6th Chinese Master Rapid	Shenzhen CHN	2016.11.28	6.3
X2NGANU8	Saint Louis Rapid	Lichess.org INT	2020.09.15	2
IARINJoh	PCA-Wch Candidates final	Las Palmas	1995.??.??	4
KlDMU9iE	Amber-blindfold 04th	Monte Carlo	1995.??.??	8
Vfht364v	Moscow Aeroflot op-A	Moscow	2007.02.18	5
rBGI7BBb	Linares 08th	Linares	1990.??.??	10
SrILjFpd	RUS-ch Higher League 62nd	Ulan Ude	2009.09.09	7
1PqikVzF	GCT Blitz YourNextMove	Leuven BEL	2018.06.15	4.4
dBLkJ4aB	GCT Rapid YourNextMove	Leuven BEL	2018.06.14	8.2
kPaKgv4b	2nd IMSA Basque 2017	Huai'an CHN	2017.12.14	1.1
lwPzHZ6Z	Corus	Wijk aan Zee	2006.01.19	5
qgl0jUlq	FIDE Grand Swiss 2025	Samarkand UZB	2025.09.04	1.20
ea9uSPbE	Apolonii Litwinskiej KO	Wroclaw POL	2022.11.06	3.3
beUycq2q	BL2-Nord 1011	Germany	2011.01.16	5.5
Ih8wFJj0	Khakassia-ch	Abakan	2013.02.27	6
rIMxB928	11th London Classic 2019	London ENG	2019.12.08	2.8
mz2obLb5	Milan	Milan	1975.08.22	3
ojaD01gy	Amber-rapid 05th	Monte Carlo	1996.??.??	7
UFNRGbBq	Moscow	Moscow	1981.04.??	9
YnaSk7KB	Bucharest Dreptatea	Bucharest	1996.??.??	9
MXGYdjmU	Clutch Chess: Champions	Saint Louis USA	2025.10.29	16.1
uqWHjaSR	13th Norway Chess 2025	Stavanger NOR	2025.05.31	5.3
6B8gg8Ha	WCh 2023	Astana KAZ	2023.04.09	1.1
RRrkSBKX	Skilling Open KO 2020	chess24.com INT	2020.11.28	2.23
AqrFRzLS	SportAccord Blitz Men 2013	Beijing CHN	2013.12.16	26.6
Cgbo86er	EU-chT (Men) 19th	Warsaw	2013.11.15	7.2
W0TzlBMH	Jerusalem Masters 2025	Jerusalem ISR	2025.12.01	7.3
V2pU3zbt	World Rapid 2021	Warsaw POL	2021.12.27	6.9
haI1ujzI	FIDE Chess.com Grand Swiss	Douglas ENG	2019.10.10	1.5
QXD3cI9u	4th Prague Masters 2022	Prague CZE	2022.06.10	3.5
CNd0C3qC	World Blitz 2017	Riyadh KSA	2017.12.30	15.17
Jlyi1dw7	World Rapid 2017	Riyadh KSA	2017.12.28	14.24
APDDa5Jg	World Blitz 2017	Riyadh KSA	2017.12.29	7.10
3RweoswK	Nanjing Pearl Spring 1st	Nanjing	2008.12.14	4
T3h967jg	EU-ch 6th playoff	Warsaw	2005.07.02	2.2
7u5DMxwE	Wch Blitz 3rd	Moscow	2007.11.21	4
Oou7SLBK	World Blitz 2017	Riyadh KSA	2017.12.30	17.29
WSp10mi8	Pan American-ch U18	Balneario Camboriu	2005.06.15	7
6eL3lHKA	16th Ugra Governor's Cup	Khanty-Mansiysk RUS	2020.12.04	5.9
lqwGuN3I	Politiken Cup 29th	Copenhagen	2007.07.22	3
MGeF6Q1m	CAD/C23/sf01	ICCF	2009.12.31	?
IC4NsG0f	CRO-chT2	Tucepi	1996.??.??	?
x6BXhird	Venice	Venice	1971.??.??	8
V9GCcHoW	CT22/pr10	ICCF	2017.12.15	?
FbDCVDbw	Airthings Masters Prelim	chess24.com INT	2022.02.20	8.2
nQEDXj7s	FTX Crypto Cup Prelim	chess24.com INT	2021.05.23	2.1
UtWbTbgu	Goldmoney Asian Rapid KO	chess24.com INT	2021.06.30	1.24
vZIPe3ua	Lindores Abbey Final 8	chess24.com INT	2020.05.25	1.24
BEXGNIeH	FIDE Grand Swiss 2025	Samarkand UZB	2025.09.11	7.4
yQSiBZGo	24th ch-EUR Indiv 2024	Petrovac MNE	2024.11.16	8.17
85aY8LBi	SPICE Cup Open 2019	Saint Louis USA	2019.10.25	6.2
PpyhtAac	TechM GCL 2025	Mumbai IND	2025.12.20	8.2
eTKukWRs	World Cup	Khanty-Mansiysk	2007.11.27	2.1
ZE5w6P5I	21st Abu Dhabi Masters 2014	Abu Dhabi UAE	2014.08.27	8.9
hWQybPPH	EU-Cup 24th	Kallithea	2008.10.19	3
MmtSGDgp	Naestved	Naestved	1985.??.??	9
HeuJqTU9	Excelsior Cup	Gothenburg	2002.01.10	3
zac9MWAy	ESP-chT Honor Gp1 49th	Merida	2005.08.28	5
8oXmXDIX	Wch U20	Istanbul	2005.11.12	4
yMLxjAbh	Baden	Vienna	1980.??.??	6
dCqvaqnd	Baden	Vienna	1980.??.??	14
ylUecLRe	Superbet ROM Classic 2025	Bucharest ROU	2025.05.10	4.5
WxAXvsSB	PCA/Intel-GP	Moscow	1994.??.??	1
v9gcUHXr	SRB-chT 1st	Zlatibor	2007.08.31	10
Rr9vFxZH	Dortmund-B	Dortmund	1991.??.??	6
rQF4X0wG	RUS-Cup7	Kstovo	1997.05.09	8
pwsSa3An	Ubeda op 2nd	Ubeda	1997.??.??	5
dKIs9X2z	Budapest FS03 GM	Budapest	1996.??.??	4
jzZrBdjb	Tata Steel-C 73rd	Wijk aan Zee	2011.01.15	1
g3dtUEAY	Horgen-B	Horgen	1995.??.??	9
uIpc3q2M	NED-chT 0910	Netherlands	2009.11.21	3.2
Z26IeTCg	FICGS__CHESS__WCH_SEMI_FINAL_2__000005	FICGS	2009.02.01	1
t33GGo0b	ITA/WSTT/001/KG (ITA)	ICCF	2020.05.15	?
t1Nrg3X1	FRA-chT Top 12	Belfort	2012.06.01	2.5
yEp9iQsZ	Moscow Dvorkovich Cup U16 6th	Moscow	2011.07.02	12.5
A8YqRa9D	FICGS__CHESS__THEMATIC_TOURNAMENT__0000	FICGS	2009.06.14	1
0PVP01mH	Nordic zt	Ostersund	1992.??.??	6
iBafLqvo	Manila ol (Men)	Manila	1992.??.??	?
n1QZAUMU	St Martin op	St Martin	1992.??.??	7
ZTwJXJYg	World op 22nd	Philadelphia	1994.??.??	?
hHaNMUm9	Genova op 9th	Genova	2005.08.13	6
ruNm4pYn	Klatovy op-A	Klatovy	2004.07.11	9
rik52Q0L	Novaya Ladoga	Novaya Ladoga	2002.??.??	9
tfNHzydo	Ostend op	Ostend	1993.??.??	5
iV9JvT2N	Kiev-ch	Kiev	2003.02.01	10
Xs7VPjp7	Gyumri	Gyumri	2008.04.26	2
SvhvW0L7	Fourmies op	Fourmies	2001.06.03	4
ftFDBh9l	Pillsbury Memorial	Natick	1997.12.07	3
RKapBlrn	Aarhus-A	Aarhus	1985.??.??	6
vaeXLDzs	San Benedetto op	San Benedetto	1990.??.??	?
56K0B6vb	Bundesliga 8182	Germany	1982.??.??	?.8
7wBulNaH	Lvov Vasylyshyn Memorial	Lvov	2006.10.16	14
yUMLk1pR	Bundesliga 2015-16	Muelheim GER	2016.04.09	12.6
257a8hWH	2nd Bundesliga Nord 22-23	Germany GER	2022.10.23	2.7
6mnsrPHA	Clarin GP final	Villa Gesell	1998.03.15	9
m36egANq	ROM-ch	Romania	1992.??.??	2
TSDldLH4	Foxwoods op 02nd	Connecticut	2000.04.21	2
WC5IgKXX	Eksjo 03rd	Eksjo	1975.??.??	7
h8mon0wx	Svetlogorsk op (Women)	Svetlogorsk	1997.??.??	9
pJbvuaM4	Buenos Aires JM ITT1	Buenos Aires	1995.??.??	?
yoofo3Wq	33rd Mukachevo Rating IM	Mukachevo UKR	2017.03.23	7.5
oITCYR7R	Hessenliga 9495	Germany	1994.??.??	?
k6c0wYar	MT-Crusi/A (ESP)	ICCF	2013.06.15	?
yBw7gJSI	Volgograd	Volgograd	1997.??.??	3
wYmZL1uL	Oberliga Bayern 1011	Germany	2010.11.14	3.1
48LdY7aX	5th Mersin Open 2021	Mersin TUR	2021.11.16	1.3
B9qdSg9E	Warsaw	Warsaw	1988.??.??	10
Z6pRelLF	2nd Bundesliga Ost 2016-17	Germany GER	2016.10.14	6.6
EGvbsxyr	Asia-chT 15th	Vishakapatnam	2008.01.04	2
ipybAKF9	Philadelphia op	Philadelphia	1986.??.??	?
mOCMyHCT	GER-chT N 7677	Germany	1976.??.??	2.1
oEXUChkZ	YUG-ch	Banja Vrucica	1991.??.??	?
v12nBIxd	Corsica Masters rap 07th	Bastia	2003.11.02	3.2
29pnkWi9	Candidates Tournament Gp2	Dortmund	2002.07.07	2
ch6oWpFI	Linares 16th	Linares	1999.02.22	2
Ivnvzo20	Amber-blindfold 11th	Monte Carlo	2002.03.24	8
JKjmYV5M	Mainz CC Champions Duel	Mainz	2001.07.01	10
Tc8xsQg3	Tilburg Fontys	Tilburg	1998.10.24	2
wKYDrY9O	Wch Blitz 3rd	Moscow	2007.11.21	14
Od6wm6if	Hoogovens	Wijk aan Zee	1999.01.26	9
hzd7jwvO	Siemens Giants	Frankfurt	1999.06.29	1
Ns0db9PB	Siemens Giants	Frankfurt	1999.07.01	7
uxeXTyj0	Linares 17th	Linares	2000.03.07	7
8HyEnrcU	Amber-rapid 18th	Nice	2009.03.15	2
dmzKSQGF	Linares 19th	Linares	2002.02.28	5
vFTXUJm4	Corus	Wijk aan Zee	2010.01.30	12
sg2QpxYo	Bazna Kings 3rd	Bazna	2009.06.21	7
Qwz2kFEz	Chigorin Memorial 18th	St Petersburg	2010.11.03	7
39sCJppO	URS-ch FL53	Minsk	1985.??.??	1
bVwn47cS	CHN Team Men 2018	Hangzhou CHN	2018.06.20	3.2
LOO5eiLc	8th Danzhou Super GM 2017	Danzhou CHN	2017.07.16	7.3
FsAVB18J	FIDE World Cup	Tromso	2013.08.18	3.2
brugSqCX	Moscow Blitz Final 2014	Moscow RUS	2014.09.06	4.2
B5Ww695T	SRB-chT	Valjevo	2012.09.20	4.2
QKQlkClp	World Teams 2013	Antalya TUR	2013.11.26	1.4
J6TQps8a	FIDE World Cup 2019	Khanty-Mansiysk RUS	2019.09.18	3.5
Bt8wEKGa	Bundesliga 0708	Germany	2007.11.30	7.1
nXRRWXZS	Jermuk FIDE GP	Jermuk	2009.08.09	1
wuKH5j3x	Politiken Cup 15th	Copenhagen	1993.??.??	10
m6PRz5NX				
JUD7w7p8	Ortega Memorial 6th	Havana	2009.08.12	14
zaM74KOM	Haifa ol (Men)	Haifa	1976.11.09	13.4
6zScXE1E	WZ-Z1 2020	ICCF	2020.11.01	?.76
bruYd8Gd	Daugavpils	Daugavpils	1990.??.??	?
9KFP1ybb	Volodarskij Spring-A	Volodarskij	2007.06.27	1
9qcndTnZ	Essen op	Essen Borbeck	2001.04.11	1
VZqdscqT	WSTT/1/06/sf1	ICCF	2007.05.25	?
QTEG0j7v	WSTT/4/12/F	ICCF	2013.03.25	?
eqdjoD9H	CM.1997.0.00027	IECG	1997.??.??	?
11dhk3Rt	WSTT/1/06/F	ICCF	2008.11.10	?
BzJPl26n	SWE-chT 9596	Sweden	1996.??.??	?
Zlq1X4zF	Hajduboszormeny k.o.	Hajduboszormeny	1995.??.??	2
6SBbtsEn	Oberliga Nord W 9394	Germany	1994.01.30	4.1
5T3g0po3	Bled op 17th	Bled	1996.??.??	9
VDVhu6NW	Keres Memorial	Tallinn	1979.03.05	9
1phwtQWq	Politiken Cup 35th	Helsingor	2013.08.02	8
AN8QJ2aH	EU-ch Online 2300+ Qual	Chess.com INT	2020.05.29	4
PuOHefMZ	Amsterdam	Amsterdam	1982.??.??	5
nZ8W8Vkf	CSR-ch	Prague	1986.06.14	3
YwHtbxfz	Panevezys Elite Open 2019	Panevezys LTU	2019.06.26	5.5
dV9DKHSt	Bucharest	Bucharest	1974.03.09	1
GW7qR6xe	46th La Roda Open 2019	La Roda ESP	2019.04.21	8.7
dxKg0S5X	DDR-ch 26th	Frankfurt/Oder	1977.??.??	15
quBrqMYz	WMSG Blitz Team 1st	Beijing	2008.10.13	5
gbLUDmho	20th Prague Open 2022	Prague CZE	2022.01.08	2.1
q1cgSjRN	URS-chT clubs	Roslavl	1989.??.??	?
nJR3Rapy	30th North American Open	ICC INT	2020.12.26	2
2NuSsR8j	Thinkers Publishing GM	Bruges BEL	2024.08.11	2.2
yzdt0aha	URS-ch58	Moscow	1991.??.??	11
f97TICMb	WMSG Blitz Pair 1st	Beijing	2008.10.08	3
rcRvxxc8	90th ch-Paris IdF GM 2015	Paris FRA	2015.07.08	5
7TfIxTVx	Linz	Linz	1993.??.??	5
jFjrGrvI	NED/TH/C25/F (NED)	ICCF	2023.05.21	?
RceZsRmn	NED/TH/C25/F (NED)	ICCF	2023.05.21	?
OFzCkxmk	22nd BCC Open 2025	Bangkok THA	2025.04.18	6.2
RXLHo4xo	USA tt sf	ICC INT	2009.11.18	1
UZeg8V6B	Oberliga Ost-B 0607	Germany	2007.02.25	7.2
IbqVBaVY	TCh-FRA Top 16 Haute 2025	Belfort FRA	2025.05.31	3.6
hKF7I9oF	Trieste op 10th	Trieste	2008.09.02	4
daKc6VxZ	Hoogovens op	Wijk aan Zee	1995.01.??	11
SOJC2xgC	WS/GMN/002	ICCF	2006.04.20	?
whtsuZ3o	Mitropa Cup 28th	Rogaska Slatina	2009.05.17	9
WFqHiGXJ	FICGS__CHESS__WCH_QUARTER_FINAL_4__0000	FICGS	2007.01.16	4
9iEVsNoJ	WS/MN/039	ICCF	2008.12.15	?
fMcIDURh	SH.2004.0.00016	Chessfriend.com	2004.01.28	1
hB5okFTP	Mar del Plata op	Mar del Plata	1992.??.??	9
ra4ekR6w	Moscow Aeroflot op-A	Moscow	2006.02.10	3
doOIiNWX	World op 31st	Philadelphia	2003.07.06	9
bvYqsVgM	New York Marshall CC-ch 87th	New York	2003.12.13	7
Mv28wt3f	Bayern-chI Bank Hofmann 10th	Bad Wiessee	2006.11.12	9
o3xWzudQ	Staufer op 22nd	Schwaebisch Gmuend	2010.01.02	3
m5iDKCHv	Bhubaneswar Cup (Women)	Bhubaneswar	2013.03.26	11
dYxBCy3y	Ibercaja op	Zaragoza	1994.??.??	6
NLoMIdWw	EU/C2014/ct01	ICCF	2014.03.15	?
atiHzApQ	US op 111th	Irvine	2010.08.06	?
j2nl3a0Q	5FEDAPVEN/CS/A5	ICCF	2018.12.15	?
3x4iZBoK	Kosmos m 5'	Moscow	1998.11.28	24
dTMau1Kz	FIDE World Cup 2023	Baku AZE	2023.08.11	4.5
kfHph8MO	Tashkent FIDE GP 2nd	Tashkent	2012.11.28	6
eCiYcBlz	Mainz CCM6 m	Mainz	2006.08.19	6
TA4FUCA5	Amber-blindfold 04th	Monte Carlo	1995.??.??	11
UMXavPes	Champions Showdown Blitz	Saint Louis USA	2019.02.23	4.2
PCJ42fuV	Hoogovens	Wijk aan Zee	1997.01.22	4
6xR2SyQJ	Buenos Aires	Buenos Aires	1980.??.??	?
HPMEFFDj	Candidates Tournament	Montpellier	1985.??.??	13
xN0Y48mS	Carlos Torre Memorial op 12th	Yucatan	1999.??.??	4
jvUUnrMU	6th London CC Elite Blitz 2014	London ENG	2014.12.08	8.2
l3Rt5KoP	Amber-rapid 11th	Monte Carlo	2002.03.28	11
WIbxSGcJ	7th Hainan Danzhou GM	Danzhou CHN	2016.07.15	7.5
CijN8qiw	Dos Hermanas Internet f 8th	ICC INT	2007.03.23	1.4
RnVkZg4R	CLW I  (FRA)	ICCF	2012.03.18	?.1
GiET441Z	CL/2010/B3	ICCF	2010.01.25	?.4
qBgXonoR	Hoogovens	Wijk aan Zee	1973.01.??	8
nLi34vH6	Reggio Emilia 53rd	Reggio Emilia	2010.12.31	4
XWRa9gK9	Novgorod	Novgorod	1994.??.??	10
oFghFnpK	EU-chT (Men) 12th	Batumi	1999.12.01	3.1
H4h9S2dx	Basel m	Basel	1986.05.21	6
iO0m7MT4	FIDE-Wch k.o.	New Delhi/Teheran	2000.12.01	2.2
Xpow0FBB	Linares 11th	Linares	1993.??.??	6
5p5xNZwq	Enghien les Bains 4th	Enghien les Bains	2001.04.20	9
8r4xrefp	Bugojno	Bugojno	1986.??.??	12
Qb6knrNS	FRA-chT 9900	France	2000.03.31	5.1
DqESrYEz	World Cup	Brussels	1988.??.??	?
vs5Asvm8	World Cup	Brussels	1988.??.??	?
fXV8AGGF	Candidates qf4	Alicante	1983.??.??	6
MsQ9TVZn	Sochi Chigorin Memorial	Sochi	1985.??.??	?
KoWvs3zv	Hoogovens	Wijk aan Zee	1984.01.27	12
263ksWkT	Varna 25th	Varna	1986.04.26	4
xHyfBV2Y	Villarrobledo op	Villarrobledo	1997.??.??	4
GGftdomr	EU-ch 5th	Antalya	2004.05.18	4
f8a0DpH3	MK Cafe Cup-A	Koszalin	1998.08.10	8
rgZSMXQq	Bahrain	Bahrain	1990.??.??	8
fP6GpYph	Danube/6	ICCF	2019.05.01	?.1
USNRzHxL	Pernik	Pernik	1978.??.??	4
Y5i1r2rE	FRG-ch 20th	Bad Neuenahr	1989.??.??	?
TVkGdGzK	Teeside	Teeside	1975.??.??	1
RIAPBPvl	Surakarta/Denpasar	Surakarta	1982.??.??	25
BKSLLHup	Trencianske Teplice	Trencianske Teplice	1985.??.??	15
8WMxigPI	Yerevan	Yerevan	1986.??.??	?
V8qeadWT	Ponferrada op	Ponferrada	1992.??.??	?
t5p9r7Vc	Tallinn	Tallinn	1975.02.25	8
Yl7AClOe	Trelew Clarin-GP	Trelew	1995.??.??	4
RmKGNKxe	Yerevan	Yerevan	1977.??.??	10
IuhaQ6JU	Levitov Chess Week Rapid	Amsterdam NED	2023.09.25	13.5
ObEmUAV1	37th ECC Open 2022	Mayrhofen AUT	2022.10.07	5.1
pXxBVZbs	TCh-ISL Kvika 2022-23	Reykjavik ISL	2023.03.19	10.3
7CTgEjfT	Hustopece op	Hustopece	2011.06.04	9
4xDEqQeG	Tata Steel India Rapid	Kolkata IND	2019.11.22	1.3
ung2yAi2	GCT Rapid Croatia 2021	Zagreb CRO	2021.07.09	9.3
ndDV6bJZ	10th Norway Chess 2022	Stavanger NOR	2022.05.31	1.3
DSXu9OZU	Shanghai Masters	Shanghai	2010.09.03	1
oZGZe1IP	Cap d'Agde CCAS Trophee KO	Cap d'Agde	2008.11.01	3.2
CRWSMryf	Tata Steel IND Rapid Open	Kolkata IND	2023.09.07	8.2
f15XHam2	Mainz Ordix op 17th	Mainz	2010.08.07	5
Ohc8ai5i	Swiss/white (SUI)	ICCF	2007.02.01	?
cHIabbOa	Champions Challenge 101st	playchess.com INT	2005.07.02	1.1
6XIv6PS5	Boeblingen op 15th	Boeblingen	1998.??.??	?
9hSWPhKX	EU/TC7/sf3	ICCF	2005.12.20	?.6
xO8UXqi2	BL2-Sued 0203	Germany	2002.10.20	1.3
rZ1V7kq2	Fagernes Norsk op	Fagernes	2012.04.30	4
mywu4kkN	Asia-chT fin 12th	Shenyang	1999.10.11	3
uNivfEFK	CM.2002.0.00168	IECG	2002.02.06	?
fZdyY59h	WC.2003.T.00006	IECG	2002.08.04	?
3GVvnljx	HUN-chT	Hungary	1995.??.??	?
kOpA063z	NIC Classic Prelim 2021	chess24.com INT	2021.04.26	11.2
Iw4GlADs	GCT Blitz YourNextMove	Leuven BEL	2017.07.01	1.4
KfcVHCbz	GCT Blitz Paris 2019	Paris FRA	2019.08.01	10.5
ZfREY9w1	SCG-chT 48th	Herceg Novi	2005.05.20	6
xeWQPOzO	USA-ch	Pasadena	1978.??.??	8
I5cW1kT5	EU-chT (Men) 12th	Batumi	1999.12.01	3.1
h6EfpHU4	Vienna op	Vienna	1986.??.??	?
rmkF1Qfo	World Rapid 2016	Doha QAT	2016.12.27	9.1
cknwrjom	Beijing Sportaccord blitz	Beijing	2012.12.16	2
2mXRZBwx	Grand Slam Final 5th	Sao Paulo/Bilbao	2012.10.13	10
4AF3ViBA	World Blitz 2016	Doha QAT	2016.12.30	17.1
VbSs2LD0	20th European Teams	Reykjavik ISL	2015.11.22	9.3
HNVZQcHJ	Tbilisi FIDE GP 2015	Tbilisi GEO	2015.02.26	10.5
xjZAZXfh	15th ch-EUR Indiv 2014	Yerevan ARM	2014.03.06	4.5
BmRYMIVM	Tbilisi FIDE GP 2015	Tbilisi GEO	2015.02.15	1.1
JE2AxxJs	83rd Tata Steel Masters	Wijk aan Zee NED	2021.01.22	6.7
fFNLhjak	Biel Interzonal	Biel	1993.??.??	7
erkw4e1R	CRO-chT	Makarska Tucepi	1995.??.??	?
6Jjss3DE	Burriana op	Burriana	1990.??.??	8
IKAG8Dob	Politiken Cup 31st	Helsingor	2009.07.23	7
3OoDDfmj	World Rapid 2025	Doha QAT	2025.12.28	10.12
WNMhz1Ds	Enghien les Bains 4th	Enghien les Bains	2001.04.16	5
VY4sXGH6	WchT 3rd	Luzern	1993.??.??	6
Adf2NCoz	Bundesliga 0001	Germany	2001.03.31	12.1
L9opWwpC	BCF-chT 9697 (4NCL)	England	1997.??.??	12.1
Kgy8Q8W2	EU-Cup Gr3	London	1996.??.??	1
bsxSzCJf	Bundesliga 9697	Germany	1996.??.??	?.3
JlQEHtf1	Mermaid Beach Club	Bermuda	1999.02.04	13
CpnsEfL5	BL2-West 0607	Germany	2006.10.29	2.1
9FNCbQgB	Cappelle op 17th	Cappelle la Grande	2001.02.28	6
gvaw9EDv	Muensterland op 19th	Senden	2002.10.17	8
D8i39A4L	Linares 12th	Linares	1994.??.??	2
mv1lcJYA	Vugar Gashimov Mem 2019	Shamkir AZE	2019.04.01	2.3
bugOXZrk	11th Tal Mem Rapid 2018	Moscow RUS	2018.03.03	4.4
Mmgz4I1X	Leon Man+Comp	Leon	2002.06.22	4
2KCQh95t	Grand Slam Final 1st	Bilbao	2008.09.09	7
AY4QXnRm	Saint Louis Rapid 2018	Saint Louis USA	2018.08.13	8.3
q5TZfXSC	Corus	Wijk aan Zee	2007.01.27	12
15q71Y9Y	5th Zurich CC Blitz	Zurich SUI	2016.02.15	3.2
SXyhlfUh	Amber-blindfold 09th	Monte Carlo	2000.03.28	11
SbOxdJYp	Wch Blitz 3rd	Moscow	2007.11.21	19
EanGdkqD	TechM GCL 2025	Mumbai IND	2025.12.14	1.3
qBDRvGMP	28th Sigeman & Co 2024	Malmo SWE	2024.04.30	4.3
bZFaY9Qo	FIDE World Cup 2017	Tbilisi GEO	2017.09.05	1.3
blFTE49Y	European Hybrid Swiss TB	Tornelo INT	2021.05.30	3.18
emtc5Bc2	Amber-blindfold 09th	Monte Carlo	2000.03.26	9
o2nYtabr	Russian Rapid Cup Final 2013	Khanty-Mansiysk RUS	2013.12.21	4.1
D2vRuGMH	Riga Tech Open A 2015	Riga LAT	2015.08.14	7.1
OxFMruX2	16th ch-EUR Indiv 2015	Jerusalem ISR	2015.03.02	6.14
iG3MT1x8	NED-ch32	Leeuwarden	1977.04.19	2
A5cklKxN	Sarajevo	Sarajevo	1980.03.20	5
QATufMpF	Toulouse op	Toulouse	1990.??.??	8
inm6c1D3	Ibercaja op	Zaragoza	1991.??.??	6
I0oJgtIe	Corsica KO	Corsica	2005.10.27	1.1
5fuwH9t0	EU-ch 9th	Plovdiv	2008.04.27	7
pNfEGxUn	Open IRT Sabaneta 2023	Sabaneta Antioquia COL	2023.07.03	9.1
OWJGYx5b	Reykjavik op	Reykjavik	2013.02.24	7
EcoiYSZy	Wch U20	Yerevan	2000.10.01	12
hZDYeqjh	RUS-ch U20	Cheboksary	2006.03.09	8
LDAIqehX	4th Norway Chess 2016	Stavanger NOR	2016.04.22	4.1
rWrwdkZw	World Championship 28th	Reykjavik	1972.07.23	6
BWJX9cx1	Corus	Wijk aan Zee	2002.01.21	8
PYb9a9Xz	EU-chT (Men) 11th	Pula	1997.05.??	6.1
hGhlbfKM	24th ch-EUR Indiv 2024	Petrovac MNE	2024.11.11	4.12
M8DErV26	WchT 3rd	Luzern	1993.??.??	9
S8eDzBAZ	Manila ol (Men)	Manila	1992.??.??	?
mdxyhqlm	World Rapid 2025	Doha QAT	2025.12.26	1.1
WXnlkrBK	Dos Hermanas	Dos Hermanas	1995.??.??	8
2MzvmYBM	EU-Cup 17th	Panormo	2001.09.25	3.2
vnVz2UqZ	FIDE GP	Dubai	2002.04.03	1.2
FNq2IHgG	Hilversum KRO m	Hilversum	1984.12.18	3
0m6gqcFi	Portoroz playoff	Portoroz	1973.??.??	3
Clsg6zWL	NED-ch49	Amsterdam	1994.06.06	3
TeVUAx7B	EU-chT (Men) 05th	Bath	1973.07.07	2.1
JXSvYzJU	Dieren op	Dieren	2000.07.21	4
zWM3MuIq	Bad Zwesten op 1st	Bad Zwesten	1997.??.??	3
yKpnfurd	San Martin	San Martin	1995.??.??	13
tNYIasn8	Berliner Sommer 15th	Berlin	1997.??.??	5
1PlNKULX	Mainz Ordix op	Mainz	2002.08.18	9
Nec9WOE3	Venice	Venice	1971.??.??	7
wMXqNabu	President of UZB Prizes	Tashkent UZB	2021.11.14	4.7
9PBy5M1m	85th ch-BRA 2019	Natal BRA	2019.02.03	3.2
Dscu4Ozs	FIDE World Blitz 2013	Khanty-Mansiysk	2013.06.10	27
SCrvGyL6	CZE-chT 1213	Czechia	2012.12.02	4.2
k9iuafy6	Commonwealth-ch	Mumbai	2004.01.14	5
nAWop9Y7	Amsterdam	Amsterdam	1982.??.??	8
vcClLBeo	RUS-chT 13th	Sochi	2006.04.28	9
w6jUYM9j	99th Edward Lasker Mem	New York USA	2015.12.13	5
5JLTxGA0	TCh-ESP Div Honor 2023	Linares ESP	2023.09.21	6.4
aL5XNoEp	YUG-chT	Niksic	1997.??.??	11
9v3a7qSl	Selfoss Milk Masters-B 2nd	Selfoss	2003.11.03	5
GEf8AMSK	Paris-ch op	Paris	1992.??.??	4
ZNHnrTfc	CCO17/S3	ICCF	2006.01.10	?.5
k3u71qnk	Andorra zt	Andorra	1987.??.??	?
OwrdffRX	TCh-GEO Club 2016	Lagodekhi GEO	2016.09.22	1.2
fG0gd8mk	1st Jeddah Young Masters	Jeddah KSA	2024.01.27	5.5
PnE61iaN	CHN-chT	Beijing	2012.06.28	6
aZ5Qm32y	Teeside	Teeside	1975.??.??	13
O8NKfDYe	Lone Pine op	Lone Pine	1977.??.??	2
3a35QqS6	BCF-ch	Clacton on Sea	1974.08.07	3
0hp2upJP	OHRA-B	Amsterdam	1990.??.??	7
r4mPXLrP	NED-chT 0708	Netherlands	2007.09.15	1.1
KK9Tnl5H	RUS-chT	Dagomys	2008.04.09	7
J7rhznGb	Oslo CI	Oslo	1973.04.15	3
Xx0cSZwI	GBR-ch 94th	Great Yarmouth	2007.08.10	11
yTg7vn4K	Calvia ol (Men)	Mallorca	2004.10.27	12
UqyvRfsp	London op	London	1994.??.??	1
EoBmejNB	Pula op 20th	Pula	2006.06.20	3
WV1faJPS	NRW-ch	Bad Godesberg	1991.??.??	4
aV7NJdIV	Tilburg	Tilburg	1979.??.??	5
EdaFLr9f	Banja Luka	Banja Luka	1985.??.??	?
OSQoWXbl	Schoeneck-B	Schoeneck	1996.??.??	9
iJK69NLC	Governors Cup op	Sioux Falls	2001.09.22	3
iQxwf4KV	EU-ch 10th	Budva	2009.03.08	3
IVW9IVWB	Nis	Nis	1981.??.??	6
StG9XIAu	WMSG Blitz 1st (Women)	Beijing	2008.10.04	7
q0vEHM5H	UKR-chT	Alushta	2007.04.27	8
1ouz3RvX	FIDE World Cup 2015	Baku AZE	2015.09.18	3.2
PEQRGi4u	6th Hainan Danzhou GM	Danzhou CHN	2015.07.06	5.5
3K7vYFUu	Garmisch Partenkirchen	Garmisch Partenkirchen	1994.??.??	8
qIFhgMxL	3rd China Mind Team	Zaozhuang CHN	2015.08.31	6.10
vYqCqRj8	GER-ch 71st	Altenkirchen	1999.11.18	7
FDYMgsSW	St Petersburg op	St Petersburg	1995.??.??	8
SOsAgHgE	Buenos Aires ol (Men)	Buenos Aires	1978.??.??	7
fd8Anv04	European Online CC Final	Tornelo INT	2021.03.31	9.5
LYZSxXWc	18th Moscow Stars Prelim	Moscow RUS	2022.07.17	2.1
D4LllK3H	Moscow Aeroflot op-A1	Moscow	2008.02.18	5
OKqsr5b5	Malmo	Malmo	1993.??.??	9
2nOcElOz	World Cup ACP 2nd	Odessa	2008.01.04	1.1
iRQuVgkE	Asian Indoor Games 3rd Prelim	Ha Long City	2009.11.05	6
kWlySr2Z	Ivi GP Chess 2024	Moscow RUS	2024.10.06	3.5
J6E47bHh	ch-RUS Rapid 2024	Sochi RUS	2024.10.16	11.2
DpVQafbB	Madras Shaastra rapid 4th	Madras	2020.02.23	6
kMaSS6b1				
FXfc3lva	Benasque op 33rd	Benasque	2013.07.09	6
srEkBOLH	Corus-B	Wijk aan Zee	2002.01.24	8
RWZTJkeb	17th Dubai Chess Open	Dubai UAE	2015.04.08	3.5
Z9Dfye0G	Cutro 05th	Cutro	1999.04.28	6
ycC9zSFU	chess.com QF Blitz 3m+2spm 2016	chess.com INT	2016.05.04	12
QyQtwn1F	Hans Suri Mem 2014	Biel SUI	2014.07.15	2.2
o3wtzNq7	Calvia ol (Men)	Mallorca	2004.10.19	5
4U1qhjTD	EU-Cup 20th	Izmir	2004.10.05	3.2
PXUrAy86	FIDE Candidates 2018	Berlin GER	2018.03.22	10.1
xFYrJdFV	CCT Final RR 2024	Oslo NOR	2024.12.17	2.2
DsYwQfYP	FTX Crypto Cup Prelim	chess24.com INT	2021.05.24	9.1
qvL5Q9Wc	5th Norway Chess 2017	Stavanger NOR	2017.06.08	3.4
BtJqfc8Z	GCT Rapid YourNextMove	Leuven BEL	2017.06.29	6.5
RTC61T3E	10th Tal Mem 2016	Moscow RUS	2016.09.30	4.2
Fz4v1eZ3	World Blitz 2017	Riyadh KSA	2017.12.29	10.5
kTHiwfXJ	World Rapid Team 2023	Dusseldorf GER	2023.08.27	5.9
hayc7JEd	7th Gashimov Mem Rapid	Baku AZE	2021.12.20	4.2
eeckOzyf	IMSA World Masters Blitz	Hengshui CHN	2019.05.18	15.4
AE54zUbB	FICGS__CHESS__CLASS_SM__000016	FICGS	2011.12.07	1
a3D99wox	Politiken Cup 16th	Copenhagen	1994.??.??	2
IEtyDJz5	Moscow Tal Memorial 7th Blitz	Moscow	2012.06.07	2
Uk1ZEvpa	Wch Rapid	Astana	2012.07.07	10
aABkvV7c	Wch Blitz 5th	Moscow	2009.11.18	42
fWqJqW4z	Elista FIDE GP	Elista	2008.12.14	1
8vqpskyP	PAL/CSS Freestyle fin 8th	playchess.com INT	2008.04.11	1
4E5G18V9	Zuerich Kortschnoj KO	Zuerich	2001.04.29	3.1
OY7AlcZ7	World Championship	London	2000.10.12	3
G4zmaqbQ	World Championship	London	2000.10.08	1
nSFzoIGM	SportAccord Blitz Men 2013	Beijing CHN	2013.12.15	11.1
U9BwHlug	Sochi Chigorin Memorial	Sochi	1979.??.??	6
fqkmSwDm	Politiken Cup 04th	Copenhagen	1982.??.??	3
j3Q0iaEP	II Kingston Inv 2023	Kingston Upon Thames ENG	2023.07.28	8.5
f4yVhAAw	Wch Blitz 3rd	Moscow	2007.11.22	36
hhdmoLPg	World Rapid 2022	Almaty KAZ	2022.12.28	11.9
Rr4Mk55L	Nakhchivan op-A	Nakhchivan	2013.04.24	3
bg6jlzz3	Manila	Manila	1975.??.??	11
Ihd06rDY	Staunton CC King´s Gambit theme	Groningen	2002.09.07	3
HtXgGWO9	Landesliga Sued 0001	Bayern	2000.??.??	3
bbl8DwN5	IMSA Blitz 2016	Huai'an CHN	2016.02.29	16.5
l3AKbjlu	RUS-ch Higher League 60th	Krasnoyarsk	2007.09.14	11
9gHiUlJe	Hoogovens	Wijk aan Zee	1973.01.??	5
JD4t9IRV	Tula Kotov Memorial	Tula	2007.07.07	11
crlgLlR3	FRA Cup 16eme	Paris	2006.04.16	?
c5i53fUW	Mondariz zt 1.1	Mondariz	2000.09.14	11
IFuuKThV	Internet Section 18-B	Dos Hermanas	2003.03.18	3
ruWIrTRR	Voronezh op-A 17th	Voronezh	2013.06.14	3
ZrxyY8K8	2nd Sinquefield Cup 2014	Saint Louis USA	2014.09.04	8.2
kIPkExwp	PRO League KO Stage 2017	chess.com INT	2017.03.15	3
hPRYxPpT	IMSA World Masters Rapid	Hengshui CHN	2019.05.14	3.7
c9AwTPG8	EU-chT (Men) 14th	Plovdiv	2003.10.17	6.1
DY0Yfgvb	CHN-chT	China	2013.08.05	10.2
KCkLFCEG	3rd Yerevan Open A 2021	Yerevan ARM	2021.10.18	5.5
H3XF4vMs	ch-ESP Rapid 2018	Linares ESP	2018.08.19	5.10
HaOVxWfb	ESP-ch	Spain	1993.??.??	1
cm8XYluD	Chess.com RCC Wk21 Swiss	chess.com INT	2022.07.16	3
dJZoWpeY	CCO17/S4	ICCF	2006.01.10	?.1
VJmT9NRx	WC27/ct02	ICCF	2007.05.10	?
TVZMgDAN	ChessMood Open 2022	Tsaghkadzor ARM	2022.10.07	8.4
25BsptWm	ACP Blitz Prelim3 3rd	playchess.com INT	2004.06.02	19
PjyIWLKG	Moscow op-A 04th	Moscow	2008.02.04	3
nAT9Qc5o	TCh-HUN 2021-22	Hungary HUN	2022.02.27	7.3
bPw5qT9x	PGNiG POL Cup Lodz KO	Lodz POL	2021.08.08	1.2
SgXP32ov	FIDE World Cup	Khanty-Mansiysk	2005.11.29	1.4
pSjGfdkE	Moscow Aeroflot op-A 9th	Moscow	2010.02.11	3
54s1Pb0K	Julius Baer Gen Cup Pl/In	chess.com INT	2024.09.25	6
TB2FJ90y	2nd IMSA Rapid w 2017	Huai'an CHN	2017.12.10	4.4
Du8Usnbs	Ustron Open A 2021	Ustron POL	2021.08.17	6.6
0lxLFkaP	EU/KC/Mont	ICCF	2020.06.15	?
LPGTXVvZ	AUT-chT 0203	Austria	2003.01.24	6
lRs5831a	RUS-Cup	Tula	1999.??.??	2
AO9GUCsK	El Sauzal op 5th	El Sauzal	2004.11.07	9
jt9X5Rdm	Almada	Almada	1988.??.??	11
0l3qIzNa	Dimitrovgrad-ch	Dimitrovgrad	2009.??.??	8
ij3aXEuS	chess.com Speed 3m+1spm 2018	chess.com INT	2018.12.02	4.17
vuamqsXJ	Champions Showdown G30	Saint Louis USA	2017.11.09	4.1
pJ6JtJZX	PRO League Stage	Chess.com INT	2020.02.17	7
Wqazkrq4	Calvi Balagne rapid KO 10th	Calvi	2013.04.14	3.1
cJNjgMPV	FRA-chT Top 16 GpA	France	2007.02.09	1.1
sIMK1xrI	Krasnodar	Krasnodar	2001.??.??	?
ugjpXfBr	Guillermo Garcia Memorial-A 07th	Santa Clara	1999.05.03	9
5hTVVXk1	Wch Blitz 5th	Moscow	2009.11.17	27
ge8JiiHX	Amber-rapid 19th	Nice	2010.03.18	5
wA2IM6pB	Michal Konopka 50 Blitz	Prague CZE	2016.03.31	3.1
94V4Vutq	TCh-FRA Top 12 2015	Montpellier FRA	2015.06.07	9.5
V5j1jvCm	Groningen	Groningen	1995.??.??	7
kP3tda3f	EU-chT (Men) 13th	Leon	2001.11.14	8.3
BqrQdIAs	Bad Endbach	Bad Endbach	1995.??.??	?
ibDaueoM	World Blitz 2019	Moscow RUS	2019.12.29	2.29
FVaHgpPE	ch-NED KO 2023	Utrecht NED	2023.07.05	2.2
WGfxbVAq	TCh-POL Ekstraliga 2019	Katowice POL	2019.08.28	1.1
LanlqfrM	25th Czech Rapid G1 2014	Pardubice CZE	2014.07.17	5.1
IowJCvFs	81st Tata Steel GpA	Wijk aan Zee NED	2019.01.19	7.3
6jkHhmiY	London Classic 3rd	London	2011.12.12	9
KNCGtQHI	AZE-ch U20	Baku	2011.04.15	5
2Ia3roJz	WS/MN/003	ICCF	2005.07.10	?
oJfhWCWB	TCh-BEL 2024-25	Belgium BEL	2025.03.30	10.4
jqWsmR0N	20th Wasselonne Open 2016	Wasselonne FRA	2016.08.06	5.4
oKJ2SPWP	Hasselbacken Open 2017	Stockholm SWE	2017.11.03	3.9
a0a4mzSk	Moscow ol (Men)	Moscow	1994.??.??	14
nKUYXe1N	Moscow Tal Memorial Blitz	Moscow	2008.08.29	12
Ra2KK8La	PRO League Stage	Chess.com INT	2020.02.12	6
6bccY8tS	TCh-ESP Div Honor 2023	Linares ESP	2023.09.22	7.3
AoleL8m4	FIDE World Cup	Tromso	2013.08.13	1.3
mruOLnSI	Moscow Tal Memorial 7th	Moscow	2012.06.12	4
FgcLxkzN	Skilling Open KO 2020	chess24.com INT	2020.11.25	1.13
zaNkSUWv	World Rapid 2019	Moscow RUS	2019.12.27	9.6
kKFMmxv8	World Blitz 2019	Moscow RUS	2019.12.30	17.2
5WGR5c0S	Tbilisi FIDE GP 2015	Tbilisi GEO	2015.02.21	6.4
1nZqkZwn	EU-ch 13th	Plovdiv	2012.03.22	3
wx66DNmw	Gibraltar Masters 2017	Caleta ENG	2017.01.25	2.17
wu7JSQ1o	Belfort	Belfort	1997.??.??	10
HfCTtB0a	46th Annual World Open	Philadelphia USA	2018.07.06	5
chjyvZj1	SportAccord Blitz 2014	Beijing CHN	2014.12.13	17.7
UmyQCozz	Amber-blindfold 14th	Monte Carlo	2005.03.30	10
tnwQmbIR	Munich SKA	Munich	1993.??.??	1
IP075ov8	Staunton Memorial 7th	London	2009.08.14	7
Uuk5hvNL	USA-ch	Key West	1994.??.??	6
W6dVJ1dc	29th Leon GM 2016	Leon ESP	2016.06.11	1.4
WMHo2tY4	Bundesliga 0809	Germany	2009.02.28	12.3
esKp26YF	POL-chT2	Polanica Zdroj	1999.??.??	6
brkhc9f8	Ilyumzhinov Cup	Internet	2006.05.06	?
EpUoyBZ9	POL-ch 52nd	Warsaw	1995.??.??	11
YDNTM15A	World Blitz 2016	Doha QAT	2016.12.29	5.10
i65kVALJ	IMSA Basque 2016	Huai'an CHN	2016.03.03	4.4
XZo28YFV	ITA-chT	Arvier	2012.04.28	2
Kgk1MaTG	Hoogovens	Wijk aan Zee	1992.01.??	9
ds4cBZKf	Bundesliga 0304	Germany	2003.12.14	6.1
rdJChF9U	URS-ch54 playoff-1pl	Vilnius	1987.??.??	4
CGYfyWjC	Niksic	Niksic	1983.??.??	4
4kUAt0hc	Linares Anibal op 04th	Linares	1997.??.??	3
4PpC70zD	Charity Cup Prelim	chess24.com INT	2022.03.20	8.8
tf5d10tR	FIDE World Cup 2017	Tbilisi GEO	2017.09.08	2.4
yqVOmD2b	HUN-POL Friendly Match m 2014	Budapest HUN	2014.06.10	3.5
bIyPSVr2	IMSA World Masters Blitz	Hengshui CHN	2019.05.18	15.1
1XlaKBGf	Bucharest Romgaz op 2nd	Bucharest	2008.09.16	6
ftNW8EEv	Moscow blitz	Moscow	1993.??.??	?
StVmYulc	Caplin Hastings Online	Tornelo INT	2021.01.10	11.1
pomRJq0X	FRA-chT Top 12	Haguenau	2013.06.07	9.2
qsu1iXnw	FICGS__CHESS__RAPID_SILVER__000231	FICGS	2018.11.02	1
0XbF4n9I	FICGS__CHESS__RAPID_SILVER__000227	FICGS	2018.11.01	1
mt2Ig4BZ	CUB-ch KO	Santa Clara	2005.04.20	1.4
clhMyy7n	Chess24 Banter Blitz Cup	chess24.com INT	2019.10.03	1.9
kEmWwTbV	Chess Classics	Frankfurt	1997.??.??	4
lMXNxKIU	Chess Classics	Frankfurt	1997.??.??	5
V8M46pOx	Aix les Bains rap KO	Aix les Bains	2012.07.22	1.4
afmMZRjB	WDR Match TV g/60	Cologne	1999.??.??	?
O7nA5h8P	Hastings Masters op 87th	Hastings	2012.01.02	6
mfJdmsZM	FIDE World Cup 2015	Baku AZE	2015.09.13	1.4
ANnL0wsJ	ch-NED 2014	Amsterdam NED	2014.07.11	5.2
B4PUst63	48th Biel GM 2015	Biel SUI	2015.07.24	5.2
RU4kBatC	Linares 07th	Linares	1989.??.??	?
rlysFcdj	CRO Cup 17th	Sibenik	2008.05.25	5
r4HWCsZI	Moscow Botvinnik Memorial	Moscow	2011.09.03	4
rfgVZMwn	13th Norway Chess 2025	Stavanger NOR	2025.05.29	4.1
xTCYhUk8	Zurich Korchnoi CC 2017	Zurich SUI	2017.04.14	3.3
T5qfVZnK	EU-Cup 28th	Eilat	2012.10.17	7.1
TRjC1yqN	World Blitz 2019	Moscow RUS	2019.12.29	6.13
WtipBx2K	EU-ch 14th	Legnica	2013.05.09	5
zGrkiBdw	GRENKE Chess Classic 2019	Karlsruhe/Baden Baden GER	2019.04.29	9.3
fcdFI3ww	Cote d'Ivoire Blitz 2019	Abidjan CIV	2019.05.12	16.1
oLtfPGjz	chess.com SF Blitz 1m+1spm 2016	chess.com INT	2016.08.23	23
wYm8m6Vi	8th London Classic 2016	London ENG	2016.12.16	7.2
ceGZFkZC	Biel Exhibition Blitz RR	Biel SUI	2016.07.30	2
q7zvJLzb	Amber-rapid 16th	Monte Carlo	2007.03.24	7
S1L6acNE	10th Tal Mem 2016	Moscow RUS	2016.09.30	4.3
DQAe0TNz	4th Sinquefield Cup 2016	Saint Louis USA	2016.08.11	6.2
emD0dIEx	6th London CC Elite Blitz 2014	London ENG	2014.12.08	1.3
99w0XLuc	World Blitz 2016	Doha QAT	2016.12.29	12.2
FNUGxArG	11th London Classic 2019	London ENG	2019.12.07	2.2
7W8o1dVT	World Rapid 2015	Berlin GER	2015.10.12	15.3
gS3qpQfF	ESP-chT CECLUB Honor	Leon	2012.11.09	5.2
bihHOapu	Cannes NAO Masters	Cannes	2002.02.25	4
XhK0TYwQ	Buenos Aires zt 2.5	Buenos Aires	2000.??.??	8
QU9NAhAC	SLO-chT	Celje	2004.12.05	9
42Hz9irc	URS-ch43	Yerevan	1975.??.??	?
9xqlCy3S	WchT U26 fin-B 20th	Teeside	1974.07.26	5
H7jaH4h3	Saint Louis Blitz 2019	Saint Louis USA	2019.08.13	9.5
53DUk7kB	Carlsen-Ding Showdown G5	Saint Louis USA	2017.11.14	7
GyExgxja	Amber-rapid 20th	Monte Carlo	2011.03.23	10
2BHMdbiI	Airthings Masters KO 2022	chess24.com INT	2022.02.24	2.11
x50QlPn7	Luohu GM Rapid 2018	Shenzhen CHN	2018.06.12	2
fLqt9QNU	Beijing Sportaccord blitz	Beijing	2012.12.17	13
IL6uEZj9	Chess Classics Masters	Frankfurt	1998.06.19	12
F2MmAQjr	Nova Gorica op 07th	Nova Gorica	2002.02.03	4
GBgD66KV	Moscow-A	Moscow	1988.??.??	?
Bf6ZFctn	Helsinki	Helsinki	1990.??.??	6
SWfVoy7Z	San Sebastian KO GpA	San Sebastian	2012.01.02	4
giULZbE0	TCh-ESP Div 1 2024	Linares ESP	2024.08.23	6.1
AhttSsPK	Aeroflot Open A 2017	Moscow RUS	2017.02.26	6.11
X9XkVD9r	Cannes NAO Masters	Cannes	2002.03.02	8
mbHstDP1	Hoogovens Blitz	Wijk aan Zee	1998.01.19	9
0DQCRQZi	SportAccord Blitz Men 2013	Beijing CHN	2013.12.15	11.8
wrBcep8s	Skilling Open Prelim	chess24.com INT	2020.11.24	14.6
7eCrNTW3	Champions Showdown Blitz	Saint Louis USA	2019.02.23	6.2
zspVbHPL	Beijing Sportaccord blitz	Beijing	2012.12.17	11
SMVT4P9q	Wch Blitz 5th	Moscow	2010.11.17	15
cMidWTPL	Horgen	Horgen	1995.10.23	3
kbwHkH60	Wch Rapid	Khanty-Mansiysk	2013.06.08	12
kfz61Cs3	Tata Steel-A 75th	Wijk aan Zee	2013.01.18	6
YIpku4GX	Skilling Open Prelim	chess24.com INT	2020.11.24	15.5
ytzK1VkO	RUS-ch playoff 65th	Moscow	2012.08.13	3
BYI0igtP	Wch Blitz 2nd	Rishon Le Ziyyon	2006.09.07	7
njwgXdZx	CGC KO 2022	chess.com INT	2022.09.15	1.3
9GzYBcAc	PRO League Group Stage	chess.com INT	2019.01.17	2
eKE3WAdC	30th Czech Open A 2019	Pardubice CZE	2019.07.24	6.1
QhhM6MjO	Moscow Piterenka rapid	Moscow	2012.12.29	2
3Cg1bgHq	Cote d'Ivoire Blitz 2019	Abidjan CIV	2019.05.12	14.4
zhwCpQr4	Cap d'Agde CCAS Trophee KO	Cap d'Agde	2010.10.29	1.2
IYLVltqI	10th World Teams 2015	Tsaghkadzor ARM	2015.04.25	6.2
j5rzIjYB	42nd Olympiad 2016	Baku AZE	2016.09.12	10.3
pdXObioz	FIDE World Blitz 2014	Dubai UAE	2014.06.20	12.14
1t4SdaHJ	33rd ECC Open 2017	Antalya TUR	2017.10.13	6.3
yP99xkzr	GCT Rapid Paris 2016	Paris FRA	2016.06.10	9.1
aVhMFgK5	6th Prague Masters 2024	Prague CZE	2024.03.05	7.4
xbmPB38w	85th Tata Steel Masters	Wijk aan Zee NED	2023.01.24	9.2
Duy304k2	Bazna Kings 3rd	Bazna	2009.06.14	1
qnTVNy9v	Sergievskiy Mem Rapid	Cheboksary RUS	2021.04.10	8.1
XV1pfuk1	21st European Teams	Hersonissos GRE	2017.11.04	7.8
g27oq5Gy	chess.com Speed 2019	chess.com INT	2019.11.19	2.7
Ka1TEJj6	10th Tal Mem 2016	Moscow RUS	2016.09.26	1.1
ogeANIoK	Miskolc m	Miskolc	2007.04.28	5
Vc55pyA8	Amber-rapid 16th	Monte Carlo	2007.03.27	9
3ljIDNlw	Zurich CC Blitz 2014	Zurich SUI	2014.01.29	1.3
RSwv0sZ2	Wch Blitz 5th	Moscow	2009.11.16	3
8LQalodS	Thessaloniki FIDE GP	Thessaloniki	2013.05.29	7
7a8CP1bd	5th Classic GpA 2013	London ENG	2013.12.13	6.1
Qs1lEh5Y	GCT Finals 2025	Sao Paulo BRA	2025.09.29	1.2
Xn3FxLA5	Wch Rapid	Khanty-Mansiysk	2013.06.07	8
GMmEy3qV	GCT Blitz Paris 2017	Paris FRA	2017.06.25	17.4
Y7SXsiWQ	Candidates qf4	Augusta	1974.??.??	10
jIiwFl4H	Solingen m	Solingen	1973.??.??	1
er71jqeh	IBM	Amsterdam	1972.??.??	?
xSZmORH9	Nice ol (Men) qual-A	Nice	1974.06.11	5
WJ6EwudZ	2nd Norway Chess 2014	Stavanger NOR	2014.06.09	6.1
1aHr1pEO	Hamburg FIDE Grand Prix	Hamburg GER	2019.11.12	3.2
Vw3jR1cQ	Superbet Classic 2021	Bucharest ROU	2021.06.09	5.5
QN52SGuo	Pardubice op rap 21st	Pardubice	2010.07.21	5
K6LMAZpc	Amber-rapid 16th	Monte Carlo	2007.03.24	7
i4B7Wljt	FIDE Chess.com Grand Swiss	Douglas ENG	2019.10.10	1.11
9mwQaoqc	Gibraltar Masters	Gibraltar	2007.01.31	8
9EmLpJW5	EU-ch 11th playoffs	Rijeka	2010.03.18	2.2
CWS04Xbw	Vidmar Memorial 12th	Portoroz	1997.07.06	2
bHkrKy0Q	EU-ch blitz 29th	Warsaw	2010.12.17	11
9JdMrhPA	World Blitz 2019	Moscow RUS	2019.12.29	8.16
bIoVTBFe	Wch Blitz 5th	Moscow	2010.11.17	21
1nfKdip5	Candidates FIDE f1	Sanghi Nagar	1995.??.??	9
gRphKWIO	Belgrade Investbank	Belgrade	1997.11.21	9
bbWEOD13	Amber-blindfold 19th	Nice	2010.03.16	4
zCp3M9H9	Bundesliga 2013-14	Eppingen GER	2014.04.05	14
4ITb2ZVa	Cote d'Ivoire Blitz 2019	Abidjan CIV	2019.05.12	18.4
qU7jwOOo	FIDE World Cup 2023	Baku AZE	2023.08.01	1.8
3MZvO6er	PRO League Group Stage	chess.com INT	2019.02.28	8
WBhvgjE9	Burgas op 15th	Ourense	2006.??.??	5
ZJKH7ZJi	16th Puhajarve Rapid	Puhajarve EST	2015.11.28	17.1
ff4xNIx5	USA-CHN Summit	Seattle	2001.03.15	2.2
oxPEdoOf	Moscow Aeroflot op-A	Moscow	2005.02.22	8
t1ZIX1ZR	Interpolis	Tilburg	1983.10.13	2
Qrkz8NRO	New York op	New York	1997.??.??	?
2SwEZ1kn	PRO League KO Stage 2017	chess.com INT	2017.03.25	4.8
yrzW0sBW	chess.com Speed 2019	chess.com INT	2019.12.04	2.24
Wa959vvZ	Cannes NAO Masters	Cannes	2002.02.23	2
9heuo9bU	16th Hainan Danzhou GM KO	Danzhou CHN	2025.11.24	1.2
IpmRQOG0	Champions Showdown Blitz	Saint Louis USA	2019.02.23	6.5
S6gfoIEl	chess.com IoM Masters	Douglas ENG	2018.10.28	9.7
tS4WWeeF	Geneva Grand Prix 2017	Geneva SUI	2017.07.07	2.1
FFrj0rTo	IMSA World Masters Blitz	Hengshui CHN	2019.05.17	4.2
LTwO7IBq	Corus	Wijk aan Zee	2009.01.23	6
26Uo1qCZ	CHN-RUS Super Go Pt2 2015	Harbin CHN	2015.12.16	1
NizrnLVp	Dos Hermanas	Dos Hermanas	2008.04.19	1.3
ppD4gxFq	Beijing Sportaccord blindfold	Beijing	2012.12.18	2
oPXR8IcS	ACP Masters GpB 2015	Ashdod ISR	2015.12.07	1.3
matDiadS	chess.com Junior Speed	chess.com INT	2019.08.10	4.28
xlqxSfkn	Hoogovens 5'	Wijk aan Zee	1999.01.18	11
3ytTNOAK	79th Tata Steel GpA	Wijk aan Zee NED	2017.01.29	13.7
zgeACc7D	47th GM 2019	Dortmund GER	2019.07.16	3.4
N7r1jsB1	Corus	Wijk aan Zee	2008.01.26	12
8hzD7TLn	Amber-rapid 04th	Monte Carlo	1995.??.??	3
Ida7u2hb	10th Arad Open 2017	Arad ROU	2017.08.13	9.2
8al3Zu4p	Grand Prix PlusCity Rapid	Pasching AUT	2025.05.30	6.13
Q1m3fiM6	Amber-blindfold 14th	Monte Carlo	2005.03.26	7
VTedRY6F	Dortmund	Dortmund	1998.06.29	4
buQFmfld	Baku FIDE GP	Baku	2008.05.05	13
sqipkavV	Bucharest Kings 6th	Bucharest	2012.11.07	1
BAG2ZHug	FIDE-Wch k.o. g/15+10	Las Vegas	1999.08.11	4.6
C9mF1ywh	RUS-chT	Sochi	2004.04.25	6.3
3hB8prOZ	Golden Sands Europe op 1st	Golden Sands	2012.06.10	7
ao2SrSGi	Catalunya-ch	Barcelona	2013.05.06	2.1
42JnsaRO	Reggio Emilia 54th	Reggio Emilia	2011.12.31	5
ZLbCYW1l	EU-Cup 28th	Eilat	2012.10.12	2.1
2fSz7ywr	EU-Cup 19th	Rethymnon	2003.09.28	1.1
l2OZwPK8	EU-Cup 19th	Rethymnon	2003.10.03	6.1
8mCxV79W	3rd Sinquefield Cup 2015	Saint Louis USA	2015.08.31	8.5
lksdu4fJ	Clutch-ch June	Lichess.org INT	2020.06.09	1.9
TYB8mc8u	Clutch-ch June	Lichess.org INT	2020.06.07	1.6
ZsyarLID	GCT Blitz YourNextMove	Leuven BEL	2018.06.15	1.3
PBudFd4B	CCO15/F	ICCF	2006.03.30	?.1
rxR86mek	SWIFT-Chess World Championship	Brussels	1987.??.??	?
EINwFnfx	GER-CupT sf2	Bremen	1996.??.??	?.2
lqhowaeY	FIDE World Cup	Khanty-Mansiysk	2011.08.29	1.2
OZhbdExM	chess.com Speed 3m+2spm 2017	chess.com INT	2017.11.21	3.14
Hq4OTPpO	Geneve Masters GpA	Geneve	2013.06.26	1.2
LoSSTAfT	World Rapid 2017	Riyadh KSA	2017.12.26	3.9
qx3tW74q	chess.com Speed 1m+1spm 2017	chess.com INT	2017.08.24	1.26
O4mM1Mwh	Internet Chess Club m5 g/5'	ICC INT	1999.12.21	?
UIJqsUQa	Moscow Aeroflot op-A	Moscow	2006.02.10	3
F6DAUW7q	SWE-chT 0405	Sweden	2004.??.??	1
qeJPg9iS	Amber-blindfold 16th	Monte Carlo	2007.03.24	7
oaRYed1s	GCT Rapid Croatia 2021	Zagreb CRO	2021.07.07	2.5
gsmEzaTw	World Blitz 2019	Moscow RUS	2019.12.30	17.49
W9xC66Rq	ch-ESP Rapid 2017	Linares ESP	2017.08.13	4.6
qnXkjISH	Istanbul Open 2017	Istanbul TUR	2017.09.17	9.1
lHRU50rN	RUS-chT	Sochi	2005.04.19	1
GkaXSZAU	8th Danzhou Super GM 2017	Danzhou CHN	2017.07.13	5.2
51k5kpP2	ESP-chT Honor Gp2 49th	Sant Lluis	2005.09.03	4
QTMCaD38	FIDE World Cup	Tromso	2013.08.11	1.1
EyHRDXzt	FIDE World Cup	Khanty-Mansiysk	2011.09.07	4.2
CBAOQc9J	World Rapid 2015	Berlin GER	2015.10.11	6.8
S1wiOAcR	Aeroflot Open A 2015	Moscow RUS	2015.04.04	9.7
rgI9kGfl	EU-ch blitz	Panormo	2002.10.03	13
vcve6t8A	Clutch-ch June	Lichess.org INT	2020.06.09	1.10
M6tKKla2	Airthings Masters KO 2020	chess24.com INT	2020.12.30	1.24
fDyY6NY8	GCT Finals 2025	Sao Paulo BRA	2025.09.30	1.5
bg7DX2AO	FIDE Grand Prix 1 Pool A	Berlin GER	2022.02.09	5.1
yC7S4j4Z	Wch Blitz	Astana	2012.07.10	23
Ad87sbWP	FIDE-Wch k.o.	Moscow	2001.11.27	1.4
cbJInfas	Moscow1	Moscow	1981.??.??	?
ciiY4l79	POL-chT	Bydgoszcz	1990.??.??	?
HLD8dtE7	Leipzig DSV	Leipzig	1980.??.??	12
fJNgqwXL	RUS-ch sf	Krasnodar	2001.??.??	?
H06FSnF1	Sochi FIDE GP	Sochi	2008.08.09	9
eUOM3Jhf	Amber-blindfold 02nd	Monte Carlo	1993.04.06	10
8vgJIjhb	PRO League Stage	Chess.com INT	2020.02.05	5
RTBerP6Q	Wch Blitz	Astana	2012.07.09	2
baYIDs7v	WMSG Rapid Pair 1st	Beijing	2008.10.09	3
wD6zEllN	EU-ch 12th	Aix-les-Bains	2011.03.27	6
87UuvTzq	Manila	Manila	1974.??.??	9
OvQh2yN8	European Blitz 2015	Minsk BLR	2015.12.18	21.14
Bb84DDPp	Nanjing Pearl Spring 2nd	Nanjing	2009.10.09	10
RDC50FV2	8th Grand Slam Masters	Bilbao ESP	2015.10.26	1.1
MjvbzfCj	Saint Louis m1	Saint Louis	2011.05.17	1
HffAl1ay	AZE-The World m	Baku	2009.05.08	3
jHFGW4ms	Amber-blindfold 17th	Nice	2008.03.18	4
zBn37HYR	Legends of Chess Prelim	chess24.com INT	2020.07.28	8.4
cX54Yk8r	Julius Baer GenCup Prelim	chess24.com INT	2022.09.18	3.1
B4iyuRpF	Clutch Chess: Champions	Saint Louis USA	2025.10.28	11.2
u28Taf3C	World Rapid 2023	Samarkand UZB	2023.12.28	11.13
9Z9QZ7zI	35th ECC Open 2019	Budva MNE	2019.11.14	5.1
LCWiJDb0	EUR-ASIA m 30'	Batumi	2001.09.18	7
xXwW7Ycg	Aimchess US Rapid Prelim	chess24.com INT	2021.08.30	12.2
kjx8rEm9	GER-ch 70th	Bremen	1998.11.13	8
5suWJhqd	PRO League Atlantic 2017	chess.com INT	2017.01.18	2
ZDvs4e8z	Banja Luka	Banja Luka	1976.??.??	7
ASncMgFS	PRO League Group Stage	chess.com INT	2018.03.07	9
d4UnkXpa	47th Georgi Tringov	Plovdiv BUL	2025.08.05	3.2
1oLFA36Q	European Blitz 2015	Minsk BLR	2015.12.18	4.10
5BALji5i	CZE-chT 0910	Czechia	2009.11.07	1.4
AVQgJTkM	Montauban	Montauban	2000.06.26	5
gvetMs7B	Capablanca Memorial op 45th	Havana	2010.06.19	9
TLgkJxOs	Najdorf Memorial Great fin	Buenos Aires	2000.09.09	1.1
nMCO1db3	Groningen op	Groningen	1989.??.??	8
RGI3ijDH	Bled ol (Men)	Bled	2002.11.06	11.2
Jy7I385n	2nd Bundesliga West 2017-18	Germany GER	2018.02.25	7.1
dLpPOyKL	Capablanca Memorial-C 13th	Cienfuegos	1976.05.24	8
LUfa5My6	Grafica Yael GM 2018	Buenos Aires ARG	2018.08.10	5.3
vCOArsQe	ISL-ch+	Mosfellsbaer	2010.03.31	1
3JaOXPDm	Belgrade-chT	Belgrade	2008.10.10	6
4QMcLayL	Los Angeles Metropolitan 12th	Los Angeles	2011.11.13	9
dRec00sc	Najdorf Mem Open A 2015	Warsaw POL	2015.07.16	7.1
722mmxVW	ARM Olympiad Qualifier	Yerevan ARM	2019.02.04	2
crXMa3H1	FRA-chT Top 16 Gp Haute	Le Port Marly	2009.05.31	11
Kfuquqzq	WchT 7th	Bursa	2010.01.13	9.3
FemGyGfu	HUN-chT 1112	Hungary	2011.09.25	1
3Q28Iatg	Rio de Janeiro Interzonal+	Rio de Janeiro	1979.09.23	1
SSZBFwnW	Yerevan	Yerevan	1980.??.??	10
8YVstPAX	Bled/Portoroz	Bled	1979.??.??	?
s8sQBjEj	Petrosian Memorial	Moscow	1999.06.19	2
2CH7vkAy	SRB-chT	Valjevo	2012.09.25	9.3
PHMp4IzC	Pan American 1st	Winnipeg	1974.??.??	?
tfsUuui2	Wch Candidates sf	Elista	2007.05.29	1.3
xVnSKgQU	Poikovsky Karpov 11th	Poikovsky	2010.06.11	9
TR50IbJD	EU-Cup 25th	Ohrid	2009.10.10	7.4
I2rHNK7Z	RUS-ch 63rd	Moscow	2010.12.16	6
D9hIFL9c	CRO-chT1A 19th	Sibenik	2010.09.05	2
2XUzsJh6	London Classic 2nd	London	2010.12.08	1
wEsPWiVs	EU-ch rapid	Warsaw	2011.12.17	6
oyfQncQA	WSTT/5/08/F	ICCF	2009.10.20	?
HaZNJyXy	WSTT/5/08/F	ICCF	2009.10.20	?
4JHHWfzP	WSTT/5/08/2	ICCF	2008.10.10	?
08SPlobC	WSTT/5/08/2	ICCF	2008.10.10	?
6lquQ2c6	Roquebrune rapid	Roquebrune	1992.??.??	8
QfyuwmrB	GEO-ch 72nd	Tbilisi	2013.06.21	9
VMoljy1l	Tallinn rapid	Tallinn	1996.??.??	2
CzOdoICW	POL-chT 1st League	Ustron	2009.09.12	1
aN7MVIRZ	10th Gashimov Mem Rapid	Shusha AZE	2024.09.27	5.4
hHkqIYk5	Tula Region-ch	Tula	2006.??.??	11
oftqcnOY	Richardson UTD GM	Richardson	2007.12.12	9
XjZ8MFhz	CRO-chT	Medulin	1997.??.??	?
tsBvrrFa	Warsaw AIG Life rapid	Warsaw	2002.12.21	3
T9lDPIbp	Baltic Sea/8	ICCF	2008.03.01	?.3
jtgDzGQW	JUB/E/final	ICCF	2009.03.01	?
CikCwWQe	46th Rilton Cup 2016-17	Stockholm SWE	2016.12.30	4.20
lxKX3I2P	Istanbul ol (Men) 34th	Istanbul	2000.10.29	2.1
Yei9vlu4	Biel MTO op	Biel	2006.08.02	9
s6B4wLSZ	POL-ch 53rd	Brzeg Dolny	1996.??.??	9
7Ufy98vf	Baltic zt Ilyumzhinov Cup 2014	Liepaja LAT	2014.06.08	3.4
6kOrrXa4	RUS-ch U20	St Petersburg	2007.03.13	4
W1u2dxOQ	SLO-ch	Slovenia	1992.??.??	?
97vg1tuu	Wch U18	Kemer	2007.11.22	6
KY34L7yB	Senta op-A 12th	Senta	2008.07.20	5
gsJ5khoB	2nd Bundesliga West 23-24	Germany GER	2024.03.16	9.2
m2WJhVnK	Gent op 25th	Gent	2002.07.23	7
gEm2GViQ	Le Touquet op 07th	Le Touquet	1992.??.??	?
xSKwEDBd	Amber-blindfold 11th	Monte Carlo	2002.03.17	2
wQWehaxE	Jerusalem Masters KO 2025	Jerusalem ISR	2025.12.03	1.2
vNDdPN0K	Antwerp InventiChess	Antwerp	2009.09.22	5
1trhgB1A	Sigeman & Co 10th	Malmo	2002.06.10	5
y17k9bRt	Swiss/red (SUI)	ICCF	2007.02.01	?
jLIM5BBJ	Gausdal Int	Gausdal	1992.??.??	8
uUYc5Bay	Vladimir op	Vladimir	2004.08.23	6
SanD8pZ2	ESP-chT	Oropesa del Mar	1996.??.??	6
AflNskb1	CT23 pr 71	ICCF	2020.09.30	?
TiMHXEVp	DE10A/SF /SF 2	ICCF	2018.01.13	?
gTnQosL9	DE10A/SF /SF 2	ICCF	2018.01.13	?
s7PgENZF	Venaco KO	Venaco	2005.10.29	1.2
iLCh8jut	Oz.com qual blitz	ICC INT	2000.03.05	7
cOCtWN24	EU-ch 10th	Budva	2009.03.12	7
HmglI9Gf	WSTT/2/10/2	ICCF	2010.03.05	?
wdiCz7qx	Riga Tech op 2nd	Riga	2012.08.07	3
6Rka4OU9	CCO17/S1	ICCF	2006.01.10	?.1
tlFeA1iD	Cairnhill op 21st	Singapore	2003.12.13	9
YXXkXDVz	Split	Split	1997.??.??	?
r2eshXWz	CCO17/S1	ICCF	2006.01.10	?.1
WCWpyU0c	Goodricke op 10th	Kolkata	1999.02.08	3
vJllX8c2	Madras sim	Madras	1998.??.??	?
DsswJEbl	Bizovac op 16th	Bizovac	2009.02.20	3
OtEFT8MD	ch-AUS 2018	Cammeray AUS	2018.01.03	2.1
EC0tl0nX	1st League Central-SRB 2016	Kragujevac SRB	2016.09.12	4.1
9XOgPa3X	Saint Louis Rapid 2019	Saint Louis USA	2019.08.10	2.3
cwEtjAuv	12th Norway Chess 2024	Stavanger NOR	2024.05.29	3.2
kyapYH2V	GCT Rapid YourNextMove	Leuven BEL	2016.06.18	6.1
qh2L8nRb	Bundesliga 2019-20	Berlin GER	2021.10.14	9.6
6vfrZ6jW	3rd GRENKE Chess Classic	Baden Baden GER	2015.02.02	1.1
4s8CGN2b	11th Sinquefield Cup	Saint Louis USA	2024.08.19	1.1
fRWcMS0N	Superbet Classic 2023	Bucharest ROU	2023.05.14	8.1
tocdvATx	Saint Louis Rapid 2023	Saint Louis USA	2023.11.16	7.4
BDLaaerI	Tata Steel-A 82nd	Wijk aan Zee	2020.01.24	11
9HuWzNmk	4th Zurich CC Classical	Zurich SUI	2015.02.18	5.1
igBARA1H	43rd Olympiad 2018	Batumi GEO	2018.10.01	7.1
rKGAlFci	Champions Showdown 60m	Saint Louis USA	2016.11.10	1.2
wt0YilQG	BEL-chT 0809	Belgium	2009.02.02	8
xqdyrBV0	YUG-ch	Belgrade	1978.01.30	9
DO1u7EwS	Grossenbrode tt	Grossenbrode	1972.??.??	3
5fTxalTi	Quito	Quito	1975.??.??	3
5da2OJjg	TUR-chT	Denizli	2013.07.01	3.1
UJLXqklT	ARG-ch 81st	San Luis	2006.05.06	11
5rTGeKEO	PRO League KO Stage 2018	chess.com INT	2018.03.21	2
KkLFELNf	Corus-B	Wijk aan Zee	2004.01.11	2
GrRnQYBH	Dos Hermanas-A	Dos Hermanas	2003.04.04	8
H0KiSVlx	chess.com Speed 5m+2spm 2017	chess.com INT	2017.08.30	1.6
9tBKd9UU	chess.com Speed 5m+2spm 2017	chess.com INT	2017.08.30	1.8
goKCehPC	chess.com Speed 5m+2spm 2017	chess.com INT	2017.08.30	1.4
WWpLPFTt	FRA-chT Top 16 GpB	France	2007.02.09	1.1
lyeWjLHb	GCT Rapid Paris 2021	Paris FRA	2021.06.20	9.3
7RXwpmAq	Chessable Masters Winners	chess.com INT	2025.02.18	2.1
3dqlwmDO	Wch Rapid	Astana	2012.07.08	15
6Mxa8g3w	FTX Crypto Cup Prelim	chess24.com INT	2021.05.23	3.4
YwwN1v8J	Lindores Abbey Final 8	chess24.com INT	2020.05.29	2.23
0oTm2jvm	GCT Rapid YourNextMove	Leuven BEL	2018.06.13	6.5
VzGii1Xr	Chess.com RCC Wk20 KO	chess.com INT	2022.07.10	3.1
LLtp1qMU	76th Tata Steel Masters	Wijk aan Zee NED	2014.01.17	5.4
TX1KYp6g	Kilkenny Masters	Kilkenny	1997.11.28	6
IukaPMtr	Vlissingen HZ op 12th	Vlissingen	2008.08.08	8
ZPaI02eq	Sochi Chigorin Memorial	Sochi	1979.??.??	12
uaqaSqRl	Mollet	Mollet	2011.12.04	4
LNlaGHY5	Thessaloniki ol (Men)	Thessaloniki	1988.11.18	5
RmhRHvG5	Leeuwarden op	Leeuwarden	1993.??.??	3
Ihpxsot1	Minsk	Minsk	1986.??.??	?
SOZCyxxy	RUS-ch Higher League 64th	Taganrog	2011.06.16	2
7uiONaJX	Cappelle	Cappelle la Grande	1994.??.??	4
m5BMp9D5	IBM-B	Amsterdam	1979.??.??	6
35eSrukK	World op 24th	Philadelphia	1996.??.??	?
gZuP1u74	Oslo CI	Oslo	1973.04.16	4
MH9WIj6Y	Balkaniad	Varna	1994.??.??	3
UuEra1pF	Osterskan op	Osterskan	1994.??.??	?
G1uDHv0e	Anton Afritsch Memorial	Graz	1991.??.??	13
1vC6PmKf	Alekhine op	Moscow	1996.??.??	6
gzcuGT99				
n2YUaoKJ	AUT-chT2M 0405	Austria	2004.10.17	2.29
c0x9p8jp	Tal Memorial Blitz 2014	Sochi RUS	2014.11.13	5.6
K1BYxzVk	2nd IMSA Basque 2017	Huai'an CHN	2017.12.15	5.1
1QQ9a3C2	Barbera del Valles op	Barbera del Valles	1998.??.??	8
d5oGXlLs	WS/MN/009	ICCF	2006.04.20	?
yEZTMNEO	Asia Chess Cup (Women)	Zaozhuang	2012.05.22	5.1
OleVnkFD	Dresden ol (Men) 38th	Dresden	2008.11.22	9
hNm0pdVY	Chess24 Banter Blitz Cup	chess24.com INT	2019.11.09	1.3
qUqAleaj	28th Czech Rapid G1 2017	Pardubice CZE	2017.07.19	2.8
YSHL1bDT	European Rapid 2024	Skopje MKD	2024.12.07	3.36
rYuwXsTx	28th Czech Rapid G1 2017	Pardubice CZE	2017.07.19	2.42
6DoGw7C4	Bundesliga 2019-20	Baden Baden GER	2019.12.07	3.4
hUt7UsaQ	EU-ch 11th	Rijeka	2010.03.09	4
dgK5Hf1g	Ashdod op 1st	Ashdod	2003.10.14	4
w00AhlL7	MT-Klovans (LAT)	ICCF	2011.12.31	?
YpSbGpGr	MT-Klovans (LAT)	ICCF	2011.12.31	?
vmJBn2ZS	18th Asian Continental	Xingtai CHN	2019.06.08	2.27
FqyQwjFA	Las Vegas National op	Las Vegas	2008.06.08	6
FadYPpNN	CHN-RUS Summit (Women) 6th Rapid	Sochi	2009.08.22	6
LtlbADfX	Philadelphia National op 39th	Philadelphia	2008.11.29	4
sZApobU3	Elista ol (Men)	Elista	1998.10.12	13
Rj1mYMWk	Wch Blitz	Astana	2012.07.10	26
QAHbrmzZ	Aimchess US Rapid Prelim	chess24.com INT	2021.08.28	3.7
HNx3EKmG	Vugar Gashimov Mem 2018	Shamkir AZE	2018.04.26	7.1
JNeCYzIl	Beijing Sportaccord blitz	Beijing	2011.12.13	9
4KYYtkyy	WCh Rapid TB 2016	New York USA	2016.11.30	2
FRqisMcU	WCh 2016	New York USA	2016.11.17	5
HfJVHfPC	80th Tata Steel GpA	Wijk aan Zee NED	2018.01.17	5.1
SPJ6FZRb	GCT Blitz Paris 2017	Paris FRA	2017.06.24	8.5
9kRcerm8	URS-ch43	Yerevan	1975.??.??	?
wYNwgNeT	6th Lublin GM 2014	Lublin POL	2014.05.07	1.3
IhuHRsfx	EU-Cup 17th	Panormo	2001.09.28	6.5
Ga6RvgJM	Leningrad	Leningrad	1987.??.??	?
dDpjycCz	RUS-ch Superfinal 60th	Moscow	2007.12.30	11
zavIxHqj	Sochi FIDE GP	Sochi	2008.08.04	5
ZuFyAGaG	88th ch-UKR 2019	Lutsk UKR	2019.12.17	7.5
FYgrgWMb	chess.com IoM Masters	Douglas ENG	2016.10.08	8.13
CdSd9U96	Goodricke op 11th	Kolkata	2000.02.09	4
4VWCcDAU	Corsica Masters Ko 17th	Bastia	2013.10.20	1.2
ooX0x1RD	CRO Cup 21st	Sibenik	2012.05.17	2.21
ibMUvC24	TCh-CRO Final 2015	Sibenik CRO	2015.05.24	6.3
kASHcrid	Amber-blindfold 16th	Monte Carlo	2007.03.24	7
DBRqt432	Grand Slam Final 2nd	Bilbao	2009.09.08	3
cs1SUUma	Amber-rapid 16th	Monte Carlo	2007.03.28	10
oe0G8WdV	RUS-chT	Sochi	2005.04.28	10
4uWR2Asf	WS/MN/002	ICCF	2005.04.30	?
qlMkCC2f	LM.2001.0.00006	IECG	2001.02.04	?
TUh5RlCm	GER - SWE 2010	ICCF	2010.03.01	?.36
M3cVlVJb	Oviedo Fischer Blitz	Oviedo	1992.??.??	?
fZT1vXcF	Oviedo Fischer Blitz	Oviedo	1992.??.??	?
3MiJaUwa	CZE-chT 0708	Czechia	2007.11.18	2.2
VBKqjxK9	Bergen sim	Bergen	2001.02.10	1
LOiuDrnY	TCh-CHN 2016	China CHN	2016.10.31	17.5
6fwPUjeJ	ch-USA 2018	Saint Louis USA	2018.04.23	6.6
s2iIeyA5	Bled op 16th	Bled	1995.??.??	7
0iOctw8M	Millionaire Chess Op 2016	Atlantic City USA	2016.10.09	7.4
n8gpGg2h	EU-ch Rapid-30'	Cap d'Agde	1996.??.??	?
fFk9v2lT	31st Cappelle Open 2015	Cappelle la Grande FRA	2015.03.07	9.7
5JbHFk2b	Senta op-A 14th	Senta	2010.07.23	8
yU4jH9pT	Bratto op 25th	Bratto	2005.08.27	8
aHCh6MP6	Los Angeles m	Los Angeles	1984.06.??	1
5OyuxFcE	URS-ch FL49	Volgodonsk	1981.??.??	2
xLZekKuG	Cannes op	Cannes	1992.??.??	?
i2aaHTZY	NOR/C/2022 (NOR)	ICCF	2022.01.02	?
rN4i80hw	Biel Interzonal	Biel	1985.??.??	1
APLqHxvZ	Biel Interzonal	Biel	1985.??.??	6
WOtqVLxU	London P&D	London	1984.05.03	7
FTL1OEac	Gibraltar Masters 2016	Caleta ENG	2016.02.02	8.24
eZnBdy25	SVK-chT 0809	Slovakia	2008.11.30	4.5
c3L5cHIu	Koszeg GM	Koszeg	1997.??.??	6
jq2JSbI5	Prague Metro	Prague	1990.??.??	8
GEh2d3eU	Istanbul ol (Men) 40th	Istanbul	2012.09.03	6.3
8bXCgGnD	Grand Prix du Senat 5th	Paris	2004.09.26	3
1RJRL1yC	URS-ch49	Frunze	1981.12.??	13
qnjrYbdM	Bundesliga 0708	Germany	2008.04.05	12.2
Ufx8ZGvO	Bundesliga 9394	Germany	1994.03.19	10.1
BnJQGk2k	EU-Cup 19th	Rethymnon	2003.10.01	4.1
KUFiULh8	Yerevan op	Yerevan	1996.??.??	6
gsxHgI8H	Berliner Sommer 15th	Berlin	1997.??.??	8
6QPCHcDz	FIDE World Blitz 2014	Dubai UAE	2014.06.19	9.15
TDbqNTN3	World Cup ACP	Riga	2013.09.13	1.2
bBSLefTJ	FIDE World Cup 2019	Khanty-Mansiysk RUS	2019.09.13	2.1
1WWkLvz2	3CSP/7VEN/GA3 (VEN)	ICCF	2020.01.15	?
OkyIA8nP	RUS-ch	Elista	1996.??.??	7
ZYvgTeJx	FIDE-Wch k.o.	Groningen	1997.12.10	1.3
OhVxJrOr	EU-Cup 25th	Ohrid	2009.10.04	1.1
nI64fUKs	Isle of Man op	Isle of Man	1995.??.??	4
FzcPAZdR	CRO-chT2	Tucepi	1996.??.??	?
zAwwKG0y	Malmo Schacknytt	Malmo	1979.12.04	8
OZQaqh8u	Grigorov Memorial	Pernik	2003.12.12	2
10DHd89j	EU-chT (Men) 08th	Plovdiv	1983.??.??	2.6
YvwxXR1i	I CIT Open 2023	Asuncion PAR	2023.08.15	6.1
tl0xSzwg	Kecskemet2	Kecskemet	1992.??.??	4
y6FLavBG	FIDE-Wch k.o. f 25'	Lausanne	1998.01.09	8.8
YiCHjdNx	Moscow Tal Memorial Blitz	Moscow	2008.08.29	10
jbS8kkV7	Pepe Cuenca Invitational	chess24.com INT	2020.04.12	1.10
GWs0Iicy	Qatar Masters Open 2024	Doha QAT	2024.12.11	8.7
EeWgPYsA	25th European Teams	Batumi GEO	2025.10.08	4.13
XQ5Z6Pes	Kiev Independence Cup-A 3rd	Kiev	2003.08.19	7
Z2SsRipw	GER CupT	Germany	2010.02.20	1
9boMbYec	Aimchess Rapid KO	chess24.com INT	2022.10.20	3.14
971a4wte	Chessable Masters KO	chess24.com INT	2021.08.03	1.14
u1pY25Md	Parnu-A	Parnu	1996.02.05	4
3Qq4hTTV	Cap d'Agde-B	Cap d'Agde	1998.10.27	7
eSXvV6Ko	Barcelona Casino	Barcelona	2009.11.07	6
AmKi1ztz	70th Moscow Blitz	Moscow RUS	2016.09.04	15.6
z7T0wSQ9	Oviedo rapid	Oviedo	1991.??.??	9
QHibmGTW	Lyon Circuit Espoirs 1st	Lyon	2008.06.28	9
V9bHFUAz	Corus	Wijk aan Zee	2008.01.23	10
3J11kdWa	Biel GM	Biel	2006.07.26	3
69P3RXc3	Linares 12th	Linares	1994.??.??	1
v8oeaszU	Chigorin Memorial 17th	St Petersburg	2009.10.18	3
TR4bVU6o	Vrbas	Vrbas	1977.??.??	9
2IR02aNM	Lloyds Bank op 18th	London	1994.??.??	8
MmD4kVlj	5th Blitz Marathon 2014	Rabat MAR	2014.06.07	14.1
UGw8EuO4	YUG-chT	Vrnjacka Banja	1998.??.??	2
XhWSNTvv	Cappelle op 24th	Cappelle la Grande	2008.02.19	5
DWfmpZrN	Zagreb Interzonal	Zagreb	1987.??.??	6
5qc1Hv8k	TUR-chT	Denizli	2013.07.02	4.3
bEqAHrkQ	Cap d'Agde CCAS op	Cap d'Agde	2010.10.31	6
D7Rg3Ags	Pyramides FFE GP KO	Le Port Marly	2012.01.08	2.2
fkAWjg0I	RUS-chT	Dagomys	2008.04.05	4
RpXnulVe	Asian Individual Hybrid	Tornelo INT	2021.05.28	8.2
hfPJLRYx	Rubinstein Memorial 14th	Polanica Zdroj	1976.08.??	2
AcJ4CuOB	USA tt	ICC INT	2012.11.07	10
rtMEWlHM	Pavlodar op	Pavlodar	2007.12.20	7
qas9S797	11th Sinquefield Cup	Saint Louis USA	2024.08.28	9.2
lz4MUp8K	Moscow Tal Memorial 4th	Moscow	2009.11.05	1
5hoiMixe	Chess.com Rapid Wk8 Swiss	chess.com INT	2022.04.02	5
VJCMNUlu	Linares 16th	Linares	1999.03.06	11
egoNGe4x	86th Tata Steel Masters	Wijk aan Zee NED	2024.01.18	5.5
Vsp2hOLO	World Cup	Belfort	1988.06.??	14
3D93jeaD	Keres Memorial	Tallinn	2000.01.23	6
8Xi49nMW	Moscow Aeroflot op-A 9th	Moscow	2010.02.17	9
Flq1IcDb	Candidates qf2	Luzern	1977.??.??	5
Yi5K8Sjk	Calvia ol (Men)	Mallorca	2004.10.25	10
Blutu7dD	WCC cand	Cazorla	1998.05.24	1
vpyPpnWC	WCC cand	Cazorla	1998.05.30	5
PA42jWrO	Corus	Wijk aan Zee	2007.01.16	4
cfeBVzaL	Wch Candidates final	Elista	2007.06.11	2.5
yw8ED4Wa	World Cup	Khanty-Mansiysk	2009.11.29	3.5
Yoq5nXMZ	GER-CupT 9697	Bad Godesberg	1997.??.??	?
AY6vZSfi	POL-chT	Ustron	2006.09.10	9
EG1EMSCl	Elista ol (Men)	Elista	1998.10.09	10
KlY4ATzF	Chess.com RCC Wk12 Swiss	chess.com INT	2022.04.30	6
zsBBqt4j	EU-ch 9th	Plovdiv	2008.04.23	3
0CHjXNCm	Keres Memorial	Tallinn	1983.??.??	15
HRTsWaBp	2nd Gligoric Cup 2014	Kragujevac SRB	2014.12.09	4.1
qUDM5NR5	World Cup	Barcelona	1989.03.??	4
x5AL5mMq	Skopje	Skopje	1976.??.??	4
KIio3ohY	Moscow Aeroflot op-A 11th	Moscow	2012.02.14	8
MFKUzFXM	Eforie Nord op	Eforie Nord	2010.06.22	6
fPtO5daO	Elista FIDE GP	Elista	2008.12.23	9
JJQxVUh1	WchT 8th	Ningbo	2011.07.17	1
4l2y9Q4V	Capablanca Memorial Elite 46th	Havana	2011.05.17	6
oYzvQulK	Jermuk FIDE GP	Jermuk	2009.08.21	11
vSU6fKqq	WC31/pr02	ICCF	2007.02.10	?
W4Azp6Pl	TCh-RUS Blitz 2017	Sochi RUS	2017.10.05	10
Hffk99Yk	19th ch-EUR Indiv 2018	Batumi GEO	2018.03.25	8.41
W7DXHurz	European Blitz 2016	Tallinn EST	2016.12.17	7.7
cvtnDVww	WC-2009-F-00002	Lechenicher SchachServer	2009.11.03	?
GYWVJhms	Presidents Cup	Baku	2005.05.07	5.2
zl5KoIEF	San Francisco	San Francisco	1995.??.??	11
J3kxzsCh	Gawlikowski Memorial 18th	Warsaw	1999.??.??	?
9l89o3HH	Wch U20	Istanbul	2005.11.18	9
JUcMCFIL	Hoogovens 5'	Wijk aan Zee	1999.01.18	8
5VthFfpy	Saint Louis Blitz 2018	Saint Louis USA	2018.08.14	8.2
cChHUIxH	Mukachevo m rap	Mukachevo	2009.01.05	5
YlXJkxAq	SportAccord Blitz 2014	Beijing CHN	2014.12.13	1.4
OGUr8Vb0	7th Hainan Danzhou GM	Danzhou CHN	2016.07.09	2.2
RpwiwfR3	SportAccord Blitz 2014	Beijing CHN	2014.12.13	5.2
tOVXISBf	World Cup ACP	Riga	2013.09.13	1.2
0yAAxVtp	FRA-chT Top 12	Belfort	2012.06.01	2.1
gbUDp6as	Amber-blindfold 06th	Monte Carlo	1997.??.??	8
rqJ0Ocsj	World Blitz 2018	St Petersburg RUS	2018.12.30	20.17
lfVGmGVd	Candidates sf2	Buenos Aires	1980.??.??	3
j1E2bLAy	FIDE-Wch k.o.	Moscow	2001.12.01	3.1
au40blcq	FIDE-Wch k.o.	Moscow	2001.12.02	3.3
BI2JQoLl	SWE-chT 0304	Sweden	2004.??.??	8
vpuAjUW6	WchT 7th	Bursa	2010.01.06	2.2
u8ADTtGi	Novgorod	Novgorod	1995.06.02	6
ywwUsZ4b	Tilburg	Tilburg	1978.??.??	6
bHwvKIhs	Leningrad Interzonal	Leningrad	1973.06.22	14
qXVwkyUv	Milan	Milan	1975.08.27	7
pgtwUJBZ	Aeroflot Open A 2019	Moscow RUS	2019.02.24	6.6
qI3Il9VZ	Groningen op	Groningen	1995.??.??	?
9cNM0vt9	Yerevan ol (Men)	Yerevan	1996.??.??	4
hQu2YvWg	Sochi Chigorin Memorial	Sochi	1976.??.??	6
8hmCbNd1	Reykjavik CC Autumn 2025	Reykjavik ISL	2025.09.21	9.1
xWHQyJaw	Verbandsliga Nordbaden 1920	Baden	2020.02.02	5.1
jCR5we9I	Carlsen Tour Final	chess24.com INT	2020.08.15	2.23
VPL1axWH	Carlsen Tour Final	chess24.com INT	2020.08.17	2.41
9hgIqIbK	Champions Showdown Rapid	Saint Louis USA	2019.02.21	7.1
D1256bZD	FIDE World Rapid Team	Almaty KAZ	2024.08.03	7.15
srpacfkP	15th Nat PRC KO Men	Shenzhen CHN	2025.09.28	2.2
UoYddmkN	St.Petersburg Blitz 2014	St Petersburg RUS	2014.12.07	8.2
EwPk1QkP	Wch Blitz 3rd	Moscow	2007.11.22	30
Eieyviei	PCA/Intel-GP	Moscow	1994.??.??	2
NZ4p84eM	Sofia MTel Masters 4th	Sofia	2008.05.16	8
hEa9JF5G	Yerevan Asrian Memorial	Yerevan	2008.06.13	9
O6rI84Jx	Dos Hermanas	Dos Hermanas	1997.04.10	8
CMkwMAs7	UK-CHN	Liverpool	2007.09.05	2
fTh1q7QY	Skilling Open KO 2020	chess24.com INT	2020.11.26	1.22
8M6I4fZR	Skilling Open KO 2020	chess24.com INT	2020.11.26	1.24
g8KeHFUS	Meltwater Tour Final 2021	chess24.com INT	2021.10.03	8.5
Pi4blght	16th Padova Open A 2013	Padova ITA	2013.12.17	3.4
W6A10vPl	BL2-Ost 0102	Germany	2002.01.20	4.6
cXXMcHKZ	ACP Blitz Prelim3 3rd	playchess.com INT	2004.06.02	11
SfyKfnTf	USA m	USA	1990.??.??	?
WuIc9oQE	USA m	USA	1990.??.??	?
tcUHJeSd	Izmailov Memorial op 15th	Tomsk	2011.06.06	6
g07iA1LZ	Corsica Masters op	Bastia	2004.10.30	5
Ids9A1yy	Murcia GMA op	Murcia	1990.??.??	?
0lMS31Pb	GMA Baleares op	Palma de Mallorca	1989.??.??	5
nM0vmcys	chess.com SF Blitz 5m+2spm 2016	chess.com INT	2016.08.23	8
2mFZrpn2	5th Norway Chess 2017	Stavanger NOR	2017.06.12	6.1
hxyRQQPR	Chessable Masters GpA	chess24.com INT	2020.06.22	7
xGrGNNmf	World Cup	Belfort	1988.06.??	1
SWycnjb0	Venaco op	Venaco	2005.10.29	9
REF53Bx7	79th Tata Steel GpB	Wijk aan Zee NED	2017.01.17	4.6
0WgQ0gVq	Benidorm op 21st	Benidorm	2008.05.02	8
6ej1dVMe	Charity Cup Prelim	chess24.com INT	2022.03.21	11.2
uj0Fr28D	PRO League Group Stage	chess.com INT	2018.03.07	9
YL0OGt1H	11th Balagna Rapid KO 2014	Calvi FRA	2014.05.04	2.1
Hw8xdI1i	World Blitz 2019	Moscow RUS	2019.12.29	8.35
YjgKZzom	Amber-blindfold 20th	Monte Carlo	2011.03.13	2
yvYI1qDS	Geneva Grand Prix 2017	Geneva SUI	2017.07.15	9.8
UqQh8Pc8	1st Prague Masters 2019	Prague CZE	2019.03.13	7.2
PTUhKcv3	Tal Memorial Blitz 2016	Moscow RUS	2016.09.25	4.5
Lh3PM4gT	4th Sinquefield Cup 2016	Saint Louis USA	2016.08.11	6.3
pG9v9Fwg	FIDE World Rapid 2014	Dubai UAE	2014.06.18	13.3
vJasSXUM	4th Sinquefield Cup 2016	Saint Louis USA	2016.08.08	4.3
QbZOjLNz	Saint Louis Masters 2024	Saint Louis USA	2024.12.05	5.2
LaJnAiaE	Asian Individual 2025	Al Ain UAE	2025.05.12	6.16
KJJqGXDQ	Corsica Masters 16th	Bastia	2012.10.27	4
u0YhBrCX	NRW Class2 0910	Germany	2010.01.10	5.5
Z9218bPm	Biel Interzonal	Biel	1993.??.??	9
PE5D5HG7	Tula Region-ch	Tula	2006.??.??	6
yULINM5w	Istanbul ol (Women) 40th	Istanbul	2012.08.29	2.2
vVAyQbam	EU-chT (Women)	Leon	2001.11.06	1.2
gRA6SzSn	Biel GM	Biel	2005.07.17	1
gVfWZSvu	EU-ch 10th	Budva	2009.03.16	10
w9UhdAv8	Mar del Plata	Mar del Plata	1982.??.??	?
g25927Kx	EU-Cup 20th	Izmir	2004.10.08	6.4
oraekkiz	Tbilisi Army-ch 8th	Tbilisi	1972.??.??	?
h2cybrIv	Bundesliga 8283	Germany	1982.??.??	?.5
Tld6L1a2	AUS-ch	Toowoomba	1986.01.12	12.9
xP54cAHi	Stavanger op	Stavanger	1989.??.??	9
lCya7L2b	PRO League Stage	Chess.com INT	2020.02.17	7
6EbbMFdT	World Rapid 2023	Samarkand UZB	2023.12.26	2.4
BxtgZN2C	FIDE World Cup 2021	Krasnaya Polyana RUS	2021.07.27	5.6
Ltu9MM4T	Internet Section 08A g/8'+2	Dos Hermanas	2004.03.08	8
rhL1tXPw	CSR-ch	Prague	1992.??.??	4
C69nT1VW	Andorra op 22nd	Andorra	2004.07.09	7
C45CDfB4	Metz op 02nd	Metz	1984.04.??	?
MAPxlv9B	TCh-ROU Superliga 2016	Calimanesti-Caciulata ROU	2016.11.21	3.4
RSX9pXSu	Budapest FS04 IM-A	Budapest	2002.04.03	2
uB3SotVl	Elgoibar 08th	Elgoibar	1998.11.24	4
uKRIQIal	Cappelle op 17th	Cappelle la Grande	2001.03.01	7
UzZoEeab	GRE-chT 34th	Ermioni Argolidas	2005.07.09	7
g0JMOmUg	MT-Vinagre/G (BRA)	ICCF	2007.04.30	?
olMbz76h	PAL/CSS Freestyle op 4th	playchess.com INT	2006.10.01	6
YzneFWdw	PAL/CSS Freestyle fin 7th	playchess.com INT	2007.09.08	2
z52My63L	CP-2005-Q-00006	Lechenicher SchachServer	2007.01.15	?
SZt9H66B	ENG-GER (S)	ICCF	2007.03.01	?.1
2GOqR3Q6	US Masters op	Hendersonville	2007.03.12	1
GhC2Mjje	Quito Copa Saeta 1st	Quito	1997.??.??	6
hlyjS28O	Bugojno	Bugojno	1978.02.28	3
xMmMmkoR	Candidates qf3	Rotterdam	1977.03.01	1
7JnCrH7q	Candidates sf2	Geneve	1977.??.??	13
IhqwOYwO	RUS-chT	Tomsk	2001.05.21	8
UDDUWart	FIDE World Cup-B	Shenyang	2000.09.03	3
B8qHi0f2	Buenos Aires ol (Men)	Buenos Aires	1978.??.??	14
vrI9BAJn	PRO League Group Stage	chess.com INT	2019.01.17	2
P6mkdtN0	St Petersburg-ch	St Petersburg	1996.??.??	1
oyIhzkyO	Politiken Cup 17th	Copenhagen	1995.??.??	6
sMPufUNw	Chelyabinskiy Variant GpA	Chelyabinsk RUS	2021.03.26	4.21
fFVnuSUi	Saint Louis Blitz 2017	Saint Louis USA	2017.08.18	17.2
I29WsXZc	Nanjing Pearl Spring 2nd	Nanjing	2009.09.29	2
JFcXF2EU	KM FIDE GP 2015	Khanty-Mansiysk RUS	2015.05.14	1.6
Ib7nfkqb	Moscow Tal Memorial 7th	Moscow	2012.06.17	8
vcVOPc4W	PCA-World Championship	New York	1995.10.05	15
zxhak76f	Khanty-Mansiysk ol (Men) 39th	Khanty-Mansiysk	2010.09.30	9.2
zCo8o2Ts	Capablanca Memorial Elite 42nd	Havana	2007.05.24	6
2ixbk7XJ	RUS-ch Higher League 60th	Krasnoyarsk	2007.09.03	1
mWWdkh90	Portoroz/Ljubljana	Ljubljana	1975.06.09	7
1ryaBdxp	Szirak Interzonal	Szirak	1987.??.??	16
WcfzHJin	Lvov	Lvov	1999.??.??	?
JYyqCjuZ	Lvov Vasylyshyn Memorial	Lvov	2006.10.09	4
uku6LYeN	Polanica Zdroj op	Polanica Zdroj	1997.??.??	9
11in1QlQ	Puchko Memorial	Alushta	2000.03.23	5
TXlNYwqU	WC30/ct01	ICCF	2010.09.10	?
4uGpkGtk	New Delhi Parsvnath op 10th	New Delhi	2012.01.21	9
qmbbghad	FICGS__CHESS__TEAM_EVENT_TABLE_1__00000	FICGS	2009.05.22	1
xv1b1eqR	Lvov Vasylyshyn Memorial	Lvov	2007.11.04	6
CgruGK94	Somov Memorial 2014	Kirishi RUS	2014.05.21	8.1
rlcEupNO	GER/Ma01 (GER)	ICCF	2012.03.31	?
fd0uLpGd	Frankfurt-West Masters	Frankfurt	1999.06.30	5
j114iquA	Frankfurt-West Masters	Frankfurt	1999.07.02	14
e0PFwP4I	Calvia ol (Men)	Mallorca	2004.10.27	12
7hgqKvlS	ch-CZE Blitz 2016	Prague CZE	2016.12.17	13.1
CNGbiegY	41st Olympiad Open 2014	Tromso NOR	2014.08.04	3.3
V2e6X8M1	World Rapid 2024	New York USA	2024.12.27	6.26
2QO4SqpT	41st Olympiad Open 2014	Tromso NOR	2014.08.06	5.2
qDTwD9As	Capechecs Online Trophy B	Europe-Chess INT	2020.10.23	4
lO9ejz0O	San Sebastian op 33rd	San Sebastian	2010.04.01	5
KMh79HY7	RUS-ch Higher League 63rd	Irkutsk	2010.08.29	4
gckbm03F	ESP-ch KO	Ceuta	2008.10.02	3.5
XIYTKdTO	Mainz Ordix op 13th	Mainz	2006.08.20	6
8hDrl2S2	EU-Cup 19th	Rethymnon	2003.09.30	3.1
BqojwOr4	20th ch-EUR Indiv 2019	Skopje MKD	2019.03.24	6.22
cwCJYgpw	FIDE GP	Dubai	2002.04.03	1.3
tJH3eA6g	NED-ch55 sf	Rotterdam	1999.12.04	1.1
6LRLEBvq	WC34/sf07	ICCF	2010.06.10	?
99knetS6	POL-ch 53rd	Brzeg Dolny	1996.??.??	4
R4blGUut	EU-ch U18	Mureck	1998.??.??	3
bNB5lECN	World Rapid 2021	Warsaw POL	2021.12.28	12.11
xbavuVFD	PRO League Group Stage	chess.com INT	2019.02.20	7
dKCSBhbG	Horgen	Horgen	1995.10.21	1
NkVxZ38k	RUS Fed Internet Cup Final 5'	chessassistantclub.com INT	2004.12.28	9
Ctqb89tu	Candidates Tournament	Ekaterinburg	2020.03.19	3
3LaDKQO1	chess.com Speed 1m+1spm 2017	chess.com INT	2018.01.03	4.24
K4PvtbOk	Morelia/Linares 25th	Morelia/Linares	2008.03.07	14
dVp95f4j	PRO League KO Stage 2018	chess.com INT	2018.03.13	1
f0WK5tUv	Skopje ol (Men) fin-A	Skopje	1972.10.02	6
HA6DHMrJ	Ho Chi Minh City zt 3.2a	Ho Chi Minh City	2003.06.29	9
v4qkpHBG	Pecs op	Pecs	1996.??.??	1
Xri1slrK	Levitov Chess Week Rapid	Amsterdam NED	2023.09.22	3.1
crTKQSod	TCh-TUR Super League 2017	Kocaeli TUR	2017.07.30	6.5
r5jfw35E	Sunway Sitges Open 2019	Sitges ESP	2019.12.21	9.2
ZWzzljUZ	GRE-chT 41st	Achaia	2013.07.05	5.2
8ayISbRb	URS-CupT	Tbilisi	1976.??.??	?
RcfW6b6q	Chinese Teams 2013	Tianjin CHN	2013.12.24	22.4
5bdX2BxL	Wch Blitz 5th	Moscow	2010.11.16	2
nnrPa5Hj	World Blitz 2016	Doha QAT	2016.12.30	15.13
I7Nj2RPC	69th Moscow Blitz	Moscow RUS	2015.09.06	9.9
lvfLcH4Y	NED-chT 0910	Netherlands	2009.10.31	2.1
5W8O5QRN	Agzamov Memorial 01st	Tashkent	2007.03.21	7
erWC1Su4	Philip Hogarty Mem GM 2019	Dublin IRL	2019.01.03	2.3
vIpxssBd	Pepe Cuenca Invitational	chess24.com INT	2020.04.14	2.5
UfAjA7AB	Hoogovens	Wijk aan Zee	1993.01.??	2
WmCEJJfE	Kalotturneringen	Hammerfest	1993.??.??	3
JCKJfqmm	Capablanca Memorial-A 23th	Havana	1988.05.24	3
pTG4eyCt	FIDE World Blitz 2014	Dubai UAE	2014.06.20	13.13
NMR942gl	MT-Bielecki/Top (POL)	ICCF	2012.03.01	?
Fee0OKV1	St Petersburg-ch 5'	St Petersburg	1998.12.26	10
AYx2w41L	FIDE World Blitz 2014	Dubai UAE	2014.06.20	20.25
kwayfnUh	IMSA Blitz 2016	Huai'an CHN	2016.03.01	29.2
872pLq6T	Fujitsu Siemens Masters	Frankfurt	2000.06.22	1
MreFYMCF	SWE-chT 1011	Sweden	2011.03.12	10
axVlzHPy	SportAccord Blitz Men 2013	Beijing CHN	2013.12.16	24.8
1hD7rKhp	Dortmund SuperGM	Dortmund	2001.07.12	1
ZWVB06bS	Wch Blitz 5th	Moscow	2009.11.18	36
2RWgRv72	Tilburg Fontys	Tilburg	1997.10.07	9
jZSznzGF	RUS-chT	Sochi	2007.05.06	5
rmPQO2eO	Hoogovens	Wijk aan Zee	1996.01.13	1
yLoKia8t	Amber-blindfold 15th	Monte Carlo	2006.03.29	10
H0hVMTnW	ch-USA 2018	Saint Louis USA	2018.04.28	10.2
Eq69OuNP	Interzonal TT/4	ICCF	2006.12.15	?.2
21Iy2Drb	Hofmann Cup	Baden-Baden	1995.??.??	4
Nv2rRwJd	Biel SKA	Biel	1991.??.??	9
hgVpOd9W	Bundesliga 9798	Germany	1998.04.25	14.5
8TXWhISv	Manila Interzonal	Manila	1990.??.??	2
yju0KknA	Veterans-Women	Monte Carlo	1994.??.??	3
i8hPhuAV	YUG-chT	Vrnjacka Banja	1998.08.26	6
BDzD1NMr	Bundesliga 8889	Germany	1989.??.??	?.3
pOc0LAKT	Berliner Sommer 15th	Berlin	1997.??.??	4
CSWVxhdG	Leiden LCT op 7th	Leiden	2013.07.19	7
L5PTmI2Q	Kavala op 13th	Kavala	2004.08.01	3
kIDDcscw	Moscow Tal Memorial 2nd	Moscow	2007.11.18	8
RzBtcVt0	Wch Blitz	Astana	2012.07.09	10
9c66RRFi	FIDE World Rapid 2014	Dubai UAE	2014.06.18	14.19
UmcWxu0b	Ultimate Blitz Challenge	Saint Louis USA	2016.04.29	10.2
6QXNvF5L	Ultimate Blitz Challenge	Saint Louis USA	2016.04.29	16.2
4fQc1HNm	PCA/Intel-GP	Moscow	1995.04.30	3.2
0ys9XY3j	Amber-rapid 17th	Nice	2008.03.27	11
XvERH2i3	USA-ch m	Los Angeles	1991.??.??	2.2
DEjMYHZT	II Russian Team Men's Cup	Sochi RUS	2024.11.27	1.2
9EMf1KR4	ch-Moscow 2024	Moscow RUS	2024.03.27	4.1
lebkZ0eM	Gibraltar Masters 2015	Caleta ENG	2015.02.02	7.34
GAvqVZdr	Moscow-ch	Moscow	1981.??.??	10
H9nWKTAj	Moscow-ch	Moscow	1981.??.??	9
YTWBVALA	Srbia-chT	Jahorina	2000.??.??	?
8h540Q8t	Gothenburg	Gothenburg	1993.??.??	9
FaZynudG	European Hybrid Qual 2021	Tornelo INT	2021.05.27	2.2
LXNwqdNG	Arab-ch League 4th	Doha	2002.03.05	4
pQJUkDGu	18th Padova Open 2014	Padova ITA	2015.12.15	3.9
88zXrnCH	Malaga op 11th	Malaga	2008.03.01	9
Xe7LdNTq	Andorra op 18th	Andorra	2000.06.29	6
NkprVinV	Szolnok	Szolnok	1975.10.15	2
8Y5klBvT	ch-Wuerttemberg 2017	Stuttgart GER	2017.09.01	7.2
IPohhLtq	Graz op-A	Graz	1999.??.??	5
KjerZpUd	Chess24 Banter Blitz Cup	chess24.com INT	2019.11.21	1.5
wwcJFPDg	Petrosian Memorial	Moscow	1999.06.18	1
lan2pUgt	FRG-ch open	Hannover	1983.??.??	15
OGvy8RT3	PAL/CSS Freestyle op 4th	playchess.com INT	2006.09.16	4
qgR1ivW3	World Blitz 2015	Berlin GER	2015.10.13	3.17
lwiS5Bd6	Cagliari Cup 37th	Cagliari	2012.09.20	5
tarzOIfK	Walsall op	Walsall	1992.??.??	3
BLM4g3JH	Marlboro Chess Classic	Manila	1979.06.23	8
zOozaOPd	Paleochora op 13th	Paleochora	2020.07.21	5
3Z7wGSZ9	2nd Norway Blitz 2014	Flor & Fjaere NOR	2014.06.02	9.5
O49L0LJy	SportAccord Blitz Men 2013	Beijing CHN	2013.12.15	19.6
QnbfUdYd	FIDE-Wch k.o.	Las Vegas	1999.08.04	2.2
1FT4xUR0	Calvia op 3rd	Calvia	2006.10.24	5
7SUbTHgh	TCh-TUR Super League 2014	Kocaeli TUR	2014.08.27	11.2
jCFjjFFf	Bundesliga 2013-14	Muelheim GER	2014.02.09	8
bdUZq4z0	16th BCC Open 2016	Bangkok THA	2016.04.11	3.1
X6BNcB0K	18th ch-EUR Indiv 2017	Minsk BLR	2017.06.08	9.81
PyR6rnhb	Pardubice op	Pardubice	1994.??.??	5
QjAvScCc	WC44/sf  4	ICCF	2020.06.20	?
tPIvs8ed	N.SUER A  A (TUR)	ICCF	2016.08.30	?
bKSIcX7Z	5th Zurich Opening Blitz	Zurich SUI	2016.02.12	1.1
eDGageUU	11th Tal Mem Rapid 2018	Moscow RUS	2018.03.02	2.5
fdginagy	Wch Blitz 5th	Moscow	2009.11.17	16
7Yy3Bm8O	TCh-TUR Super League 2015	Kocaeli TUR	2015.08.11	8.3
j5S28ck9	CL/2007/FT2	ICCF	2007.09.01	?.2
8TsBs6bk	Belgrade tt Cup	Belgrade	2011.04.16	4
6lkQdp8Z	Leon 23rd	Leon	2010.06.06	2.6
CsbZtJb6	Leon 23rd	Leon	2010.06.06	2.3
PcNTxokL	71st ch-RUS TB 2018	Satka RUS	2018.08.05	2
Pu5m9qHn	World Blitz Women 2017	Riyadh KSA	2017.12.29	10.3
UWzoWrHS	CAN-ch rapid playoff	Guelph	2011.05.11	2
vil0kyZi	ESP-chT	Ponferrada	1997.??.??	4
YaPpx5iR	World Rapid Women 2023	Samarkand UZB	2023.12.26	4.17
gSDwPiOi	Tbilisi Cup	Tbilisi	2010.05.19	5
InUd8ZRx	3rd DC International 2015	Arlington USA	2015.06.27	5
GgMHYlCA	ESP-chT	Cordoba	1995.??.??	9
ZyTClIbs	Oberliga NRW 9900 I	Germany	1999.11.22	2.1
AqRiTsPZ	Petrosian Memorial 2014	Moscow RUS	2014.11.05	2.1
bZabV3Ez	World Championship 34th-KK4	Seville	1987.12.04	20
GHHWqTPk	Capablanca Memorial Elite 40th	Havana	2005.05.12	7
xRdIolzy	EU-chT (Men) 18th	Porto Carras	2011.11.04	2.1
9u7jRIqh	Dortmund	Dortmund	1995.??.??	5
BIYHT6ah	World Championship 31th-KK1	Moscow	1984.11.12	23
ojFITyvH	Dortmund 25th	Dortmund	1997.07.05	2
rTeMpTFQ	TCh-CHN 2018	China CHN	2018.08.22	12.6
tlugJIug	Wch Blitz 3rd	Moscow	2007.11.21	4
fNqHQZqu	Tilburg	Tilburg	1993.??.??	3
AzsphB8U	NED-chT	Netherlands	1987.??.??	?
tSSSWiRP	10th Schachturken-Cup 2013	Paderborn GER	2013.12.29	5
MlAAHMAb	Khanty-Mansiysk ol (Men) 39th	Khanty-Mansiysk	2010.10.03	11.1
wKfDDcSk	Novosibirsk	Novosibirsk	1995.??.??	6
Rt7JQ9b2	URS-World	London	1984.??.??	2.9
l1PdQ4yA	SRB-chT	Vrnjacka Banja	2012.09.30	2.6
9lu5P5l5	CZE-chT 9899	Czechia	1998.??.??	4
AMcRuCQT	RH-2007-0-00086	Lechenicher SchachServer	2007.10.07	?
51XA3LoN	Burgas op 10th	Burgas	2001.??.??	8
L69JpIUS	2nd Norway Blitz 2014	Flor & Fjaere NOR	2014.06.02	8.4
D4jaj1q9	Skilling Open Prelim	chess24.com INT	2020.11.24	11.4
HOYFuJGV	Dos Hermanas Internet qual-D 10th	ICC INT	2009.03.14	6
1NVhDWgr	EU-ch 11th	Rijeka	2010.03.11	6
a34XboeG	RUS-Cup01 Chigorin Memorial	St Petersburg	1996.??.??	4
j5GsPrlw	Eksjo 06th	Eksjo	1978.??.??	8
IX05xjDn	New York op	New York	1998.03.21	8
qRZn8wEJ	Politiken Cup 23rd	Copenhagen	2001.07.20	5
Rzby6vN9	Aragon-chT Autonomico	Aragon	2007.02.10	3
kAQXk7V5	Candidates final	Buenos Aires	1971.10.14	5
JKIscWR4	Julius Baer Gen Cup D2 W	chess.com INT	2024.09.30	4.1
B591uqHh	Julius Baer Gen Cup D2 W	chess.com INT	2024.09.29	3.5
MgN1PGt9	EU-Cup 26th	Plovdiv	2010.10.22	6.4
7DGNTm7X	Chess.com RCC Wk11 Swiss	chess.com INT	2022.04.23	8
rqq98bCV	FIDE World Blitz 2013	Khanty-Mansiysk	2013.06.09	9
oANS4iab	Chess.com RCC Wk11 Swiss	chess.com INT	2022.04.23	2
YyotjOj2	Antwerp InventiChess	Antwerp	2010.09.10	8
mmtNLyW5	Dhaka	Dhaka	1995.??.??	5
nahA6fPw	Uppsala GM 2022	Uppsala SWE	2022.08.11	5.5
q8HyIfeN	London rapid m theme	London	1993.??.??	1
rX0pkZTE	FIDE World Cup	Tromso	2013.08.19	3.4
lvWs4ZxY	Gibraltar Masters 2014	Caleta ENG	2014.02.03	7.5
EhyTSO8b	Moscow Tal Memorial 7th Blitz	Moscow	2012.06.07	4
bHo4BYNC	Champions Showdown Rapid	Saint Louis USA	2016.11.13	2.1
c3qey28K	42nd Olympiad 2016	Baku AZE	2016.09.12	10.1
YkmSIitm	Corus	Wijk aan Zee	2008.01.18	6
Ryms6Wcw	GCT Blitz YourNextMove	Leuven BEL	2017.07.01	3.2
2VzbMxXa	Clutch-ch May	Lichess.org INT	2020.05.29	2.10
xiVpJGY8	Clutch-ch May	Lichess.org INT	2020.05.29	2.8
UnhA9bNe	Vugar Gashimov Mem 2017	Shamkir AZE	2017.04.27	6.3
8u1dJAfZ	78th Tata Steel GpA	Wijk aan Zee NED	2016.01.22	6.4
KGG7Pass	Opera Euro Rapid KO 2021	chess24.com INT	2021.02.14	3.22
TbPwbQir	GCT Rapid Paris 2016	Paris FRA	2016.06.10	6.4
dS42pHqi	80th Tata Steel GpA	Wijk aan Zee NED	2018.01.23	9.5
tzxPaOiH	TechM GCL 2024	London ENG	2024.10.04	2.1
zpcOZIw6	73rd ch-RUS 2020	Moscow RUS	2020.12.16	11.1
5tsfb0n2	TCh-AUT 2023-24	Austria AUT	2024.03.22	9.3
qaFPNDAd	Collegiate RUS-USA 2021	chess24.com INT	2021.01.09	3.4
Zny0pBLO	ch-USA 2015	Saint Louis USA	2015.04.12	11.1
9bk2mjBI	13th Moscow Open A 2017	Moscow RUS	2017.01.29	2.15
OhMeAZDh	4th HD Bank Cup 2014	Ho Chi Minh City VIE	2014.03.13	6.4
x3QNCcki	AUT-chT 1213	Austria	2013.03.23	10.5
PLJqqIir	Barbera del Valles op 27th	Barbera del Valles	2004.07.09	5
W3Kfc56n	Stroebeck	Stroebeck	2013.06.25	5
d0ZxgJP2	Frunze	Frunze	1983.??.??	?
cdJQcV4R	Velden op	Velden	1995.??.??	8
cRmvGiqm	Zillertal op	Zillertal	1993.??.??	?
NodYNb0x	chess.com Speed 3m+2spm 2017	chess.com INT	2017.08.03	1.14
PJLXbwST	42nd Olympiad 2016	Baku AZE	2016.09.06	5.11
db53aRvf	Chess.com Rapid W10 Swiss	chess.com INT	2022.04.16	6
4VCiCSfV	Candidates FIDE m2	Wijk aan Zee	1994.??.??	3
2sJml1Zn	Linares Anibal op 01st	Linares	1994.??.??	9
QHL8YUd9	24th Chicago Open 2015	Chicago USA	2015.05.23	5
ypIFH5hl	FRA-chT	France	1995.??.??	?
9xwOkgVB	Cappelle op 29th	Cappelle la Grande	2013.02.26	5
ioSqgPwR	CCT Final KO 2023	Toronto CAN	2023.12.14	1.25
xHFMG1ag	87th Tata Steel Masters	Wijk aan Zee NED	2025.01.24	6.5
XJluSYLu	2nd Du Te Cup 2018	Shenzhen CHN	2018.11.08	5.2
CwozbMeY	BdF - ASIGC 202	ICCF	2023.07.07	?.24
0c3oWoW8	Cap d'Agde-B	Cap d'Agde	2003.10.25	5
Y38SoMxi	FIDE-Wch k.o.	Groningen	1997.12.12	2.2
exhDXx7m	GER-ch 76th	Altenkirchen	2005.02.21	4
TOKFhPCQ	World Cup	Skelleftea	1989.08.??	6
rI46qGi0	Tilburg Fontys	Tilburg	1998.10.24	2
8ZQdT4Mx	URS-ch41	Moscow	1973.10.11	7
eR8cvbnT	Bermuda	Bermuda	2005.02.07	8
LsdSk6XF	PAL/CSS Freestyle op	playchess.com INT	2005.06.04	4
tTGxrZHP	Bazna Kings 4th	Medias	2010.06.25	10
C6HygrYy	CRO-chT	Bol	2013.09.18	5.4
CSCSML7c	ESP-UKR 2010	ICCF	2010.09.01	?.16
3pYWQOFv	CZE-ESP 2010	ICCF	2010.04.15	?.14
aGH9DGx7	43rd Olympiad 2018	Batumi GEO	2018.10.05	11.12
OmQ6QTTv	CAD/C17/final	ICCF	2005.12.26	?
DrnFXp0u	CAD/C17/final	ICCF	2005.12.26	?
IvvBIIoo	Aarhus op	Aarhus	1990.??.??	7
MNbuDT6c	Chess24 Banter Blitz Cup	chess24.com INT	2019.11.11	1.10
8UvVE4dZ	CSR-ch int	Brno	1975.05.22	10
xoTNsVzR	HUN-chT2 9293	Hungary	1993.??.??	?
0K3Hbb4I	WC30/sf03	ICCF	2006.06.20	?
pRmh4rid	MT-Rittner/ D (GER)	ICCF	2021.09.15	?
ZSqGo5kU	Kilkenny op	Kilkenny	1993.??.??	3
s0f7vUtu	CP.2001.Q.00021	IECG	2002.10.01	?
udJdQeII	Superbet Classic 2022	Bucharest ROU	2022.05.07	3.4
r67oZslN	RUS-The World	Moscow	2002.09.11	9
DsvnahXe	Amber-rapid 11th	Monte Carlo	2002.03.21	5
4L17Miav	FIDE Grand Prix 2 Pool D	Belgrade SRB	2022.03.07	6.1
46Sakwb2	FIDE Grand Prix 1 Playoff	Berlin GER	2022.02.12	1.1
KkKnQ11M	NIC Classic Prelim 2021	chess24.com INT	2021.04.26	15.8
qn1UOIOU	2nd Sharjah Masters 2018	Sharjah UAE	2018.04.16	6.10
xTxlBV92	Bronstein Mem Open A 2014	Minsk BLR	2014.02.19	9.4
RLiPhPs1	Vladimir Petrov Mem 2016	Jurmala LAT	2016.03.05	5.1
hrvKpUN1	Corus	Wijk aan Zee	2007.01.28	13
IsOlWctX	4th Gideon Japhet Mem Cup	Jerusalem ISR	2018.07.05	8.2
8T3baNef	Eurasian Blitz Chess Cup	Almaty KAZ	2016.06.18	8.12
InrfD1b8	EU-ch 12th	Aix-les-Bains	2011.03.31	9
knssKtR2	EU-ch Blitz	Ajaccio	2007.10.25	22
bC4HPM6R	EU-ch Blitz	Ajaccio	2007.10.25	20
LTawS3Mu	European Blitz 2016	Tallinn EST	2016.12.17	15.3
VD5EuSWI	Faroes Open 2017	Kollafjord FAI	2017.07.15	5.2
XNY5ihLE	Zuerich Kortschnoj KO	Zuerich	2001.04.29	2.2
e5hWITln	Bastia m	Bastia	1999.11.05	3
ibWLjGge	EU-ch 11th playoffs	Rijeka	2010.03.18	2.3
cXyV3WE7	RUS Cup final	St Petersburg	2009.11.06	2.4
gdxB8TEw	Corsica Masters rap 15th	Bastia	2011.10.29	3.3
DOlCHNbt	Ding vs Grischuk Match	Wenzhou CHN	2016.07.19	1
UHImO0O9	Siemens Giants	Frankfurt	1999.07.01	9
tgpAkWnM	Siemens Giants	Frankfurt	1999.06.29	3
s5Z7hqhx	4th Zurich CC Classical	Zurich SUI	2015.02.15	2.3
QqvSGN12	Linares 11th	Linares	1993.??.??	12
GrLMinja	FIDE GP+	Dubai	2002.04.05	3.2
gNfl1Deh	Chess24 Banter Blitz Cup	chess24.com INT	2019.09.30	1.9
KLr6IqMK	Niksic	Niksic	1978.??.??	11
DKb880z7	Manila Interzonal	Manila	1976.06.24	9
wJOPTYUY	80th Tata Steel GpA	Wijk aan Zee NED	2018.01.19	6.2
C1ATWlIT	Lindores Abbey Prelim	chess24.com INT	2020.05.20	7
TDEnPYw4	Wch Blitz 5th	Moscow	2009.11.18	31
E7OS4BQg	Politiken Cup 32nd	Copenhagen	2010.08.05	7
Ry4Qhx43	IBM	Amsterdam	1978.??.??	1
G7cgid90	CCSCSL Inv GM 2014	Saint Louis USA	2014.05.30	5.1
EXbUcNQj				
QkJdQGlw	POL-ch 47th	Warsaw	1990.??.??	6
El8igeX3	Hoogovens	Wijk aan Zee	1999.01.26	9
XhH3rRIa	SLO-chT	Celje	2003.11.19	4
hrCI6wzL	Hoogovens	Wijk aan Zee	1984.01.26	11
TXk4uVT1	World Blitz 2016	Doha QAT	2016.12.30	17.34
0CcdyjXf	EU/C2014/sf-14	ICCF	2014.09.20	?
LwOPJyUD	Leipzig DSV	Leipzig	1975.11.27	6
5GjaFiYv	Madrid	Madrid	1973.12.12	13
Dlj2seRg	Sochi Chigorin Memorial	Sochi	1974.??.??	7
xqGcqZKg	HUN-chT 0708	Hungary	2008.04.13	10
YDMjeSKu	BCF-chT 9596 (4NCL)	England	1996.??.??	?
WmIxjTpc	Clutch-ch June	Lichess.org INT	2020.06.12	2.8
3fwPQc5L	World Blitz 2019	Moscow RUS	2019.12.29	12.2
gObi3O9w	BL2-West 8889	Germany	1989.??.??	?.2
ZHqYU1pQ	World Rapid 2025	Doha QAT	2025.12.26	3.25
C9MvCYKs	Cap d'Agde-B	Cap d'Agde	1998.10.25	1
vEgToNSk	TCh-FRA Top 12 2014	Saint-Quentin FRA	2014.06.02	10.1
JtdOhRHM	Buenos Aires	Buenos Aires	1992.??.??	?
htzbqseH	2nd IMSA Blitz 2017	Huai'an CHN	2017.12.12	6.4
WG9uEEpm	Bundesliga 2019-20	Berlin GER	2021.10.14	10.8
APvAqYXM	1st Athens of the East Op	Madurai IND	2019.08.17	9.1
sb5Ow7GJ	MT-Rittner (GER)	ICCF	2021.09.15	?
M61HBW2s	Istanbul op-A 11th	Istanbul	2012.09.05	6
x1w8xbfE	BL2-Sued 9900	Germany	2000.02.20	6.3
mCSf2UAk	World Blitz 2018	St Petersburg RUS	2018.12.30	13.25
ccS7pJP5	Cappelle op 17th	Cappelle la Grande	2001.02.25	2
fIzY3M1x	4NCL rapid	Daventry	2013.10.06	6
MQE5l0BH	London Classic Superrapid	London ENG	2015.12.12	5.3
sI5ceEKh	Bundesliga 8889	Germany	1989.??.??	?.2
u6xwnPUa	Moscow-A	Moscow	1989.??.??	?
g4FU55Hr	Cappelle op 22nd	Cappelle la Grande	2006.02.24	8
ZU2pGPng	Urals-ch	Orsk	2001.??.??	4
U1CybRkH	World Rapid 2019	Moscow RUS	2019.12.26	5.70
C1yYdKQ4	TCh-RUS Rapid 2018	Sochi RUS	2018.10.08	5.1
kRhWEaia				
ltQ0Fhja	Final ROM GP KO	Alba Iulia ROU	2022.12.06	2.2
pQk3jlRe	91st ch-FRA 2016	Agen FRA	2016.08.21	9.5
zcUQwLxK	European Online CC GpA	Tornelo INT	2021.03.27	3.2
5LuiQdiT	33rd ECC Open 2017	Antalya TUR	2017.10.10	3.3
tk2TvF6x	FIDE Grand Swiss 2025	Samarkand UZB	2025.09.15	11.18
ORPYHZfx	3rd China Chess King 2025	Chengdu CHN	2025.08.23	1.4
pagDT1Kj	Asia zt 3.3	Tagaytay City	2013.01.29	9
5D2wwcSK	13th Poti Open 2018	Poti GEO	2018.07.19	8.1
T6jt6qRv	AUT-chT 9900	Austria	1999.??.??	3.1
wR4ah95K	Budapest FS07 IM-A	Budapest	2002.07.13	8
MwNWJG8p	ch-RUS Blitz Women 2018	Sochi RUS	2018.10.07	19.2
4IeEKICz	World Cities	Jakarta	1997.??.??	7
PnOuTV3t	World Blitz 2018	St Petersburg RUS	2018.12.30	21.32
8my0AePO	FRA-chT	France	2001.04.29	9.2
oml6PTmW	EU-ch 4th	Istanbul	2003.06.10	10
oFitiYuN	33rd Carlos Torre Mem	Merida MEX	2023.12.17	5.1
odacfyMc	Bundesliga 2018-19	Viernheim GER	2019.03.09	12.4
CxXlfiPW	Hastings 8081	Hastings	1980.??.??	14
w5DAwkYf	Thessaloniki ol (Men)	Thessaloniki	1988.11.25	11
EmRScXcs	World Youth U16 Olympiad	Barranquilla COL	2025.08.21	7.4
aDji9v8H	YUG-chT	Cetinje	1992.??.??	?
jRLwQS5V	Leipzig BKL	Leipzig	1982.01.20	9
UqQ3lfHo	Politiken Cup 13th	Copenhagen	1991.??.??	?
rlvRNZ1P	Zaragoza Casablanca op 3rd	Zaragoza	2009.12.27	3
ZXDBXb67	CCT Final KO 2024	Oslo NOR	2024.12.21	2.5
VrA1my4r	Charity Cup Prelim	chess24.com INT	2022.03.19	2.7
GoNTFQi6	13th Norway Chess 2025	Stavanger NOR	2025.05.28	3.1
XerUiD9Z	Champions Showdown Blitz	Saint Louis USA	2019.02.24	15.1
z6W4StHG	SRB-ch	Vrnjacka Banja	2012.04.23	1
PTGun5S5	FIDE World Blitz 2013	Khanty-Mansiysk	2013.06.10	24
h18IvJ9m	67th ch-RUS HL 2014	Vladivostok RUS	2014.06.12	8.14
8INjy4cE	SRB-ch	Kragujevac	2011.02.28	1
aVbEH7vZ	chess.com Speed 3m+1spm 2018	chess.com INT	2018.09.06	1.13
BzPgAagj	Corus	Wijk aan Zee	2004.01.22	10
JElfy6JA	Da Nang	Da Nang	2008.06.11	1
UcjkHdDM	Sanxenxo op 4th	Sanxenxo	2007.06.21	6
l28gsu1e	Zadar op	Zadar	1997.??.??	7
QRs3LYBE	Pamplona San Juan op 3rd	Pamplona	2009.08.01	8
NGpvIJmD	SRB-chT	Kragujevac	2013.09.03	11.4
JktpwrFm	SCG-chT	Budva	2003.??.??	10.64
5hrlaFWY	Chicago op 15th	Chicago	2006.05.26	2
Hc2ZU3vy	WchT U26 fin-A	Mexico City	1978.09.04	8
VzTphIC9	European Rapid 2017	Katowice POL	2017.12.17	8.33
tY2SzH2P	Magnus Carlsen Inv KO	chess24.com INT	2021.03.19	2.23
N7RjfYKE	Le Port Marly Paribas blitz op	Le Port Marly	2012.06.16	10.2
QCrqtQDX	Foros Aerosvit 3rd	Foros	2008.06.10	3
fQDRYgPJ	Novgorod	Novgorod	1997.06.22	9
jUxpDPlz	World Blitz 2016	Doha QAT	2016.12.29	12.21
kDcHbU14	World Blitz 2015	Berlin GER	2015.10.14	13.7
6Yygq5fb	World Blitz 2016	Doha QAT	2016.12.30	14.24
nFIYLnSh	World Blitz 2015	Berlin GER	2015.10.13	9.10
XrfWlMEB	Selfoss Milk Masters 1st	Selfoss	2002.10.14	7
qM0mPGtq	TCh-HUN 2016-17	Hungary HUN	2017.01.29	5.2
EmOei2dj	Phillips&Drew	London	1982.??.??	?
FLlCTH94	Novi Sad	Novi Sad	1982.??.??	?
xukM6QN6	RUS-The World	Moscow	2002.09.08	2
WtkeJm29	Leon Man+Comp	Leon	2001.06.08	1.2
NlwI7hss	Amber-blindfold 09th	Monte Carlo	2000.03.16	1
5O4yRzgC	CHN-ch rap KO 1st	Hefei	2011.07.07	2.1
1uVeIiT1	Mainz Classic rap Prelim	Mainz	2008.08.01	2
sAhNCozU	Amber-blindfold 12th	Monte Carlo	2003.03.16	2
bY3eC6p2	Casablanca Chess 2024	Casablanca MAR	2024.05.18	2.2
IglhxtzL	Casablanca Chess 2024	Casablanca MAR	2024.05.18	2.1
gPPO9AKM	Poznan m rap	Poznan	2012.07.30	4
GkOfiNXi	Sofia MTel Masters 2nd	Sofia	2006.05.14	4
i1Eqbyq8	CUB-35 (CUB)	ICCF	2007.06.25	?
FdUyboYF	UKR/C23/final (UKR)	ICCF	2009.06.20	?
QIoP7U0y	BdF/Gold 2008 (GER)	ICCF	2008.09.20	?
VuZZqu99	1st Paytakht Cup 2016	Tehran IRI	2016.10.28	5.6
p8v8AcIe	World op 34th	Philadelphia	2006.07.04	9
DxvYgsep	USA-ch GpA	San Diego	2006.03.08	6
WuOeoBDa	Groningen op	Groningen	1998.12.23	4
QtlRtYlA	Amsterdam NH Hotels 5th	Amsterdam	2010.08.18	6
6B5AojpQ	PRO League Stage	Chess.com INT	2020.02.12	6
fX1w6zq6	Superbet POL Rapid 2024	Warsaw POL	2024.05.09	5.4
Xj9Qn3wm	Zuerich Chess Challenge	Zuerich	2013.02.24	2
grlCGcXB	Amber-rapid 09th	Monte Carlo	2000.03.28	11
sDZIgXcM	Dortmund	Dortmund	1994.??.??	9
jrHpvfju	World Rapid 2016	Doha QAT	2016.12.26	4.19
ES6pwsIY	World Rapid 2023	Samarkand UZB	2023.12.26	4.27
EdkEcl9W	FIDE World Blitz 2013	Khanty-Mansiysk	2013.06.10	24
naufOZUC	Mainz Ordix op 16th	Mainz	2009.08.02	10
2HemuetN	Cap d'Agde CCAS Gp-A	Cap d'Agde	2008.10.27	5
QSkxSMgd	Wch Blitz 5th	Moscow	2010.11.17	17
yzdOyjWC	UKR-ch 80th	Kiev	2011.06.14	5
New1X2n0	8th Grand Slam Masters	Bilbao ESP	2015.10.30	4.2
5No6r8QH	7th London Classic 2015	London ENG	2015.12.07	4.2
w6pA82yo	Lindores Abbey Prelim	chess24.com INT	2020.05.21	9
eSZdAl1l	FIDE Candidates 2016	Moscow RUS	2016.03.15	4.1
Iqt8HWcM	6th Norway Chess 2018	Stavanger NOR	2018.06.02	5.2
Sxvuy7eu	Vugar Gashimov Mem 2018	Shamkir AZE	2018.04.26	7.3
FuurEPgF	Geneva Grand Prix 2017	Geneva SUI	2017.07.13	7.5
cM4LiW8Q	Skilling Open KO 2020	chess24.com INT	2020.11.25	1.13
B3Wcu3H8	chess.com Speed 3m+2spm 2017	chess.com INT	2017.10.24	2.14
qBlFnW5k	Paris FIDE GP	Elancourt	2013.09.30	8
5Vhclq55	3rd Norway Chess 2015	Stavanger NOR	2015.06.23	7.5
cY66C1UN	GER-ITA 2012	ICCF	2012.03.25	?.2
32HY5HXa	RUS Cup Qualifier 1	chessassistantclub.com INT	2004.09.07	?
OrZDXxNU	16th ch-EUR Indiv 2015	Jerusalem ISR	2015.03.05	9.59
3l8oIQix	Madrid Oliver Gonzalez Memorial 1st	Madrid	2010.10.11	3
0vgNZigh	Wch U20 49th	Chotowa	2010.08.05	3
z7wn0ozr	Luebeck	Luebeck	2011.04.29	5
VE6b8XUf	DEN-SLO 2018	ICCF	2018.11.15	?.2
fFdp5kV7	EU-ch blitz	Warsaw	2012.12.14	4
JZN9vn8b	Gibraltar Masters 2018	Caleta ENG	2018.01.26	4.12
iK0JxzOj	Cannes	Cannes	1986.??.??	4
cIsvflz0	World Blitz 2015	Berlin GER	2015.10.13	9.68
6H04ck5D	Nova Gorica op-A 13th	Nova Gorica	2008.01.29	6
iLPVCApE	URS-ch40	Baku	1972.11.21	4
ce3BWEva	Lugano op	Lugano	1987.??.??	?
6yvIajHO	Politiken Cup 18th	Copenhagen	1996.??.??	9
fmDahTcY	Espergarde PC	Espergarde	1992.??.??	2
opMVDXhN	Hastings Masters	Hastings	1995.??.??	8
ZjQsiwP1	Agzamov Memorial 05th	Tashkent	2011.03.22	5
lkoRzkGS	Moscow TV	Moscow	1987.??.??	?
36HzNuIW	Julian Borowski-A 4th	Essen	2002.05.17	2
Hm42ll47	GER CupT final	Erfurt	2004.03.21	2.3
AX2SWLir	RUS-chT	Tomsk	2001.05.19	6
3drVsBWG	TCh-POL Ekstraliga 2015	Poland POL	2015.09.05	5.4
KiYbWD7B	Debrecen	Debrecen	1990.??.??	2
uNuiA25w	Barcelona Vulca	Barcelona	1990.??.??	6
dye52uPk	FIN-ch	Espoo	1985.??.??	?
K4Qo8XbN	Alushta Autumn 1st	Alushta	2004.09.01	7
o01Fqrdo	4th Norway Blitz 2016	Stavanger NOR	2016.04.18	8.2
5n88nP27	chess.com QF Blitz 1m+1spm 2016	chess.com INT	2016.05.10	23
d8Y3XvUF	chess.com Speed 2019	chess.com INT	2019.09.03	1.18
cxDylspW	EU-Cup 29th	Rhodes	2013.10.25	6.2
chVIVqqY	GRE-ch U18/20	Peristeri	2011.01.05	4
fU6IT7Ij	Mainz Classic rap 3rd-4th	Mainz	2009.08.02	4
HILvERel	Fujitsu Siemens Giants	Frankfurt	2000.06.25	10
MKJJ2jmv	Amber-blindfold 17th	Nice	2008.03.16	2
i8ajfIEq	Montreal Empresa-A	Montreal	2006.08.14	7
WelLh02C	Portugal Open 2018	Lisbon POR	2018.02.08	8.1
yG0SxiTJ	Amber-rapid 14th	Monte Carlo	2005.03.29	9
3HxklfB2	Candidates sf1	Linares	1992.??.??	6
QyIv6NWv	Corus	Wijk aan Zee	2010.01.23	7
V75KEpMh	Yopal	Yopal	1997.06.23	4
4qFidX0m	IBM	Amsterdam	1973.??.??	1
umqSzi1h	Bucharest 8th	Bucharest	1973.03.22	15
35pkR5ZX	Balkaniad (Men) 10th	Baile Herculane	1978.10.05	3.11
CKOABHV0	Morelia/Linares 25th	Morelia/Linares	2008.02.28	8
Ak6ORU9G	Amber-blindfold 15th	Monte Carlo	2006.03.25	7
eGNLOmPc	Cuernavaca Young Masters	Cuernavaca	2006.02.08	6
b9kHDNEy	Ubeda	Ubeda	1997.02.14	5
Esqs1DyS	Lugansk-A	Lugansk	2007.10.??	13
ATrfxhsx	Champions Showdown G5	Saint Louis USA	2017.11.12	2.1
XqLOEWCH	World Blitz 2017	Riyadh KSA	2017.12.29	10.12
UsswfMqI	PRO League Group Stage	chess.com INT	2019.02.01	4
8JOQsu3T	52nd Biel GM 2019	Biel SUI	2019.07.23	2.3
3aRaD0eB	Online Olym KO Stage	Chess.com INT	2020.08.28	2.1
jNh9tIlQ	9th Gashimov Mem Rapid	Baku AZE	2023.12.09	6.1
jNOSfvI9	PRO League Group Stage	chess.com INT	2018.02.14	6
f6p1mDMv	World Rapid 2015	Berlin GER	2015.10.12	11.2
hICZHdvc	World Blitz 2015	Berlin GER	2015.10.13	5.11
sPHcBLX5	Tilburg rapid20	Tilburg	1994.??.??	2
k6stvtsn	FIDE World Cup	Khanty-Mansiysk	2011.08.30	1.5
u9TCdZhV	Alekhine Memorial	Paris/St Petersburg	2013.04.29	7
hZw4S6yz	WR Chess Masters 2023	Dusseldorf GER	2023.02.25	9.3
yvH25Ign	Amber-rapid 16th	Monte Carlo	2007.03.29	11
4tIVRq9b	Baku FIDE GP	Baku	2008.05.02	10
PXZLk5en	Bundesliga 0708	Germany	2008.04.19	14.1
Kmy0QqbM	Baltic Sea Cup	Bornholm	2008.08.03	7
Md1xhT92	Corus	Wijk aan Zee	2007.01.23	9
ug8lU2tN	Lone Pine op	Lone Pine	1978.??.??	6
wwhHrY5w	Dordrecht FPO	Dordrecht	1999.??.??	15
ojDkmV9N	3rd Al Ain Chess Classic	Al-Ain UAE	2014.12.20	2.5
saMdEbE8				
viquM62p	Chess24 Banter Blitz Cup	chess24.com INT	2019.09.29	1.13
x8v1HPyX	OHRA	Amsterdam	1986.??.??	?
E89bOiPb	EU-chT (Men) 19th	Warsaw	2013.11.14	6.2
pD6F7OFj	Benidorm op 20th	Benidorm	2007.05.01	10
ZMmkyiQA	78th Tata Steel GpB	Wijk aan Zee NED	2016.01.18	3.4
L1T3eaV7	Corus	Wijk aan Zee	2001.01.20	6
NwAnGfvg	FIDE World Cup 2021	Krasnaya Polyana RUS	2021.08.03	7.4
3zb2Ta6n	GCT Rapid Paris 2019	Paris FRA	2019.07.27	3.2
z78x6W7Q	Fujitsu Siemens Giants	Frankfurt	2000.06.22	2
nszaPmAQ	Zurich CC Rapid 2014	Zurich SUI	2014.02.04	2.1
gjHzpUey	Dortmund SuperGM	Dortmund	2001.07.19	7
Cbw5vIny	45th Olympiad 2024	Budapest HUN	2024.09.19	8.4
gbbcghU7	Cap d'Agde-A	Cap d'Agde	2003.10.24	1
sTdewjkc	FIDE World Cup	Khanty-Mansiysk	2011.09.12	6.1
FzFPmDJK	Skilling Open Prelim	chess24.com INT	2020.11.22	1.2
kIpJiylm	Champions Showdown Blitz	Saint Louis USA	2016.11.14	12.2
b6l84mcY	KM FIDE GP 2015	Khanty-Mansiysk RUS	2015.05.16	3.2
ihIcDA2a	Warsaw Najdorf Memorial	Warsaw	2009.07.26	9
kXqbs8Xt	Buenos Aires Sicilian	Buenos Aires	1994.10.19	6
oDAGFRkj	ROM-chT	Brasov	2011.10.09	2.4
0iWwgRox	Buenos Aires Masters	Buenos Aires	2012.06.01	6
DdLp9gVm	Dortmund	Dortmund	1996.07.13	8
HLm3Hf8o	Wch Rapid	Khanty-Mansiysk	2013.06.08	11
9ZoVE6CP	Carlos Torre Wimbledon 20th	Merida	2007.12.20	2.1
Hu0q4PtS	Bundesliga 9899	Germany	1999.03.20	12.1
MADZSliq	EU-Cup 16th	Neum	2000.09.29	6.1
vjZXJUxO	UKR-ch 80th	Kiev	2011.06.10	1
P0ggyTBK	Corus-B	Wijk aan Zee	2009.01.30	11
aka58dtz	SRB-chT 1st League	Vrnjacka Banja	2010.08.26	6
dQJYCryv	Dos Hermanas	Dos Hermanas	1997.04.06	5
ZNsI0UiR	Zug FIDE GP	Zug	2013.04.23	5
witP8zxu	Amber-blindfold 18th	Nice	2009.03.20	6
RQLbcpqw	Zug FIDE GP	Zug	2013.04.28	9
lPckq8nk	EU-chT (Men) 19th	Warsaw	2013.11.16	8.3
tBdg18S0	Wch Blitz 5th	Moscow	2009.11.16	10
nlkmaZM9	World Cup	Khanty-Mansiysk	2007.11.30	3.1
kurSvwUC	69th Moscow Blitz	Moscow RUS	2015.09.06	12.4
aRo91Edt	Varna op 4th	Varna	2010.06.19	8
9BzyA7YO	BL2-West 9900	Germany	2000.01.09	4.4
FYh7XEiY	National op	Chicago	1991.??.??	3
ob37KeXZ	New York Heraldica-Ruslan Satellite	New York	1983.??.??	2
KYYBh3yZ	Caen Alekhine op-A 22nd	Caen	2012.11.03	5
RiFbIyuJ	Carlos Torre Memorial op 16th	Merida	2003.12.13	2
IErrZ2E8	Capablanca Memorial-C	Cienfuegos	1996.??.??	3
Mkbetnd5	Wch U20 41st	Goa	2002.12.11	4
pFRuWdcB	FIDE World Cup-A	Hyderabad	2002.10.11	2
9D4wDsD6	World Cup	Belfort	1988.06.??	1
XJBYPFPe	Reykjavik	Reykjavik	1992.??.??	5
60GiHigr	6th Rabat Blitz Marathon	Rabat MAR	2015.05.16	7.3
nE55R2rb	Meltwater Tour Final 2021	chess24.com INT	2021.09.28	4.3
o2ekWnkK	Eurasian Blitz Chess Cup	Almaty KAZ	2016.06.18	14.5
05pnQxSk	TCh-ESP Div Honor 2016	Monzon ESP	2016.09.28	3.4
0SlPSQaz	World Rapid 2016	Doha QAT	2016.12.28	13.29
6Hir6vV4	Biel GM	Biel	2000.08.01	8
UC1jISGe	Aragon-chT	Aragon	2003.02.08	3
KLoaYw8U	Isthmia op-A 2nd	Korinthia	2012.08.19	3
InpSMRE6	RUS-chT	Tomsk	2001.05.14	2
wbyRbpr9	Wch Blitz 3rd	Moscow	2007.11.22	28
khnDCdfe	Wch U20	Nakhchivan	2003.07.02	12
QatsL4n4	Dresden ol (Men) 38th	Dresden	2008.11.25	11
WvrPu9Ml	Mondariz zt 1.1	Mondariz	2000.09.06	4
1bNpmB9J	19th Kolkata GM Open 2014	Kolkata IND	2014.03.26	9.2
OxvkUTb0	Las Palmas op	Las Palmas	1995.??.??	5
3SV9t24v	Candidates sf1	Leningrad	1974.??.??	9
6XfqoyEJ	Moscow Aeroflot op-A 11th	Moscow	2012.02.09	3
DG1cP8cS	WDR Match TV g/60	Cologne	2001.08.13	1
T5rVIraQ	EUR-ASIA m 30'	Batumi	2001.09.19	9
YQuS8m6l	Mainz m	Mainz	2003.08.15	4
twY7ipWo	GCT Blitz Paris 2019	Paris FRA	2019.08.01	12.2
JKTCZ9rw	Thessaloniki FIDE GP	Thessaloniki	2013.05.29	7
Xq5wyliq	Tata Steel-A 73rd	Wijk aan Zee	2011.01.15	1
qaPCAmJD	World Blitz 2016	Doha QAT	2016.12.30	21.4
Oy83B4PF	Vugar Gashimov Mem 2019	Shamkir AZE	2019.04.07	7.3
uRlFDDxn	WchT 7th	Bursa	2010.01.10	6.1
dk3XmEsb	RUS-chT	Togliatti	2003.05.17	2
xSkVZwuk	23rd European Teams	Terme Catez SLO	2021.11.13	2.2
hysegov8	Zuerich Champions rap	Zuerich	2009.08.23	5
KnSbFtUC	31st ECC Open 2015	Skopje MKD	2015.10.23	6.3
DmHOwDgD	Chennai GM 2024	Chennai IND	2024.11.10	6.2
7NcuPIZl	2nd Norway Blitz 2014	Flor & Fjaere NOR	2014.06.02	8.5
gKF30rSI	Kiev m rap	Kiev	2008.07.04	3
tLjN9yh6	Basque Country-World Blindfold	Santurtzi	2003.05.02	4
zyTdTK3d	Antwerp InventiChess	Antwerp	2009.09.25	8
CDNORCMT	Basque Country-World Rapid	Santurtzi	2003.05.03	6
k2A0UNHU	Horgen CS	Horgen	1994.??.??	9
VV1i9DyI	Oslo Esports Cup 2022	Oslo NOR	2022.04.26	5.2
HQXC4Ktk	chess.com Speed 2019	chess.com INT	2019.11.19	2.2
eFczfQBN	8th Sharjah Masters 2025	Sharjah UAE	2025.05.18	2.12
h1m9OMqq	World Cup	Khanty-Mansiysk	2007.11.29	2.6
u8dWAUUP	Split op 3rd	Split	2013.08.18	9
EiVaHpIl	Villa Ballester op 51st	Villa Ballester	2001.??.??	9
lirags4I	Internet Section 08B g/8'+2	Dos Hermanas	2004.03.09	8
PUuddRKY	Bucharest schev	Bucharest	1993.??.??	?
5mF7bwAj	Skanderborg	Skanderborg	2010.10.17	2
ntfPMuZQ	CHN-chT	Beijing	2012.09.23	12
yB8imGyi	Coria del Rio op 10th	Coria del Rio	2004.02.19	9
quF1n7gq	Elgoibar 13th	Elgoibar	2003.12.10	8.2
ygcmqp8K	URS-chT	Moscow	1972.??.??	?
q6VmsOF8	Jyvaskyla We JyS op	Jyvaskyla	1998.??.??	3
mmEZsRWT	Sarajevo Bosnia 30th	Sarajevo	2000.05.21	5
7Xdmi1GX	Candidates Tournament Gp1	Dortmund	2002.07.07	2
puTHDBqE	PCA/Intel-GP	Paris	1994.??.??	3.2
QzdABAWa	FIDE World Cup 2015	Baku AZE	2015.09.14	2.1
PcbPtPBF	Moscow ol (Men)	Moscow	1994.??.??	4
wy61ncdn	Amber-blindfold 07th	Monte Carlo	1998.03.22	9
y2Bv5vKC	GCT Rapid Paris 2017	Paris FRA	2017.06.23	8.4
WswvPhRg	Camarinas Entrefaros	Camarinas	2013.10.05	1
u9lnCbHq	94th ch-FRA 2019	Chartres FRA	2019.08.24	8.3
I7luZK0k	Las Palmas	Las Palmas	1974.??.??	11
r2agUpk9	URS-chT	Riga	1975.??.??	?
I27Em97P	Bahia Feliz	Bahia Feliz	2011.05.18	6
UuuP4aDI	Manila	Manila	1975.??.??	10
VzerW5aM	TCh-AUT 2016-17	Austria AUT	2016.10.22	3.4
OUszkwzi	Corus	Wijk aan Zee	2001.01.22	8
PyzB9Rmv	5th Sinquefield Cup 2017	Saint Louis USA	2017.08.05	4.1
TGfPxBLf	SportAccord Basque 2014	Beijing CHN	2014.12.17	4.14
dG0M8H1J	Botvinnik Memorial m 30'	Moscow	2001.12.08	4
jD90CX1p	Netanya Riordan	Netanya	2009.07.13	7
pFPDkuAH	EU-ch Online KO Final	Chess.com INT	2020.05.31	3.3
QtARGwn6	Hoogovens 5'	Wijk aan Zee	1999.01.18	3
05FzNaVq	Dortmund SuperGM	Dortmund	2005.07.11	4
7DFBj6Wm	FIDE GP	Moscow	2002.06.01	1.1
cIHrWIB2	FIDE GP	Moscow	2002.06.01	1.3
7OtSnTiG	ROM-chT	Eforie Nord	2009.09.20	2
OZMSLlTr	Izhevsk Corporation Cup-A 3rd	Izhevsk	2011.07.17	3
w38QVQbf	GRE-ch	Komotini	1992.??.??	?
MP9t0Ohx	Lugansk-A	Lugansk	2007.10.??	4
knUE6KDp	Magnus Carlsen Inv Prelim	chess24.com INT	2021.03.14	10.6
e6NKxhyg	Prague	Prague	1990.??.??	3
NxVoScPi	Tilburg	Tilburg	1990.09.17	9
coz8Lp7u	Hilversum KRO m	Hilversum	1989.??.??	2
30NNQw0h	Manila Interzonal	Manila	1990.??.??	10
NXnPLahb	GCT Blitz Paris 2018	Paris FRA	2018.06.23	7.2
afpf773O	GCT Blitz Paris 2018	Paris FRA	2018.06.23	5.2
mh5wTOlT	GCT Blitz Paris 2018	Paris FRA	2018.06.23	3.4
dKivNIZe	GCT Blitz Paris 2019	Paris FRA	2019.07.31	8.4
r1uavFjw	NED-ch65	Eindhoven	2010.06.15	4
9EaiETNb	Gibraltar Masters	Gibraltar	2006.01.27	4
eyjh2F4k	PRO League Stage	Chess.com INT	2020.02.05	5
CIpw4fyz	Tan Chin Nam Cup 3rd	Beijing	1997.08.18	9
QUusg0qL	11th American Continental	San Salvador ESA	2016.05.29	3.5
Vmo83saR	Sakthi	Sakthi	1996.??.??	6
FTLewxkp	13th American Continental	Montevideo URU	2018.06.05	6.5
STgFfZSr	Hoogovens	Wijk aan Zee	1979.01.30	10
e8DM9BFm	Frisco Masters op	San Francisco	2000.04.01	2
J6n7EIzo	San Luis zt 2.5	San Luis	2007.03.21	4
hAgvBr14	BdF-60/S/sf01 (GER)	ICCF	2009.04.01	?
eqguhJ5L	EU/TC7/sf1	ICCF	2005.12.20	?.2
xKBjS3gl	Warsaw AIG Life rapid 9th	Warsaw	2009.12.20	12
KOmakvrU	World Blitz 2017	Riyadh KSA	2017.12.29	6.56
eEVHekuy	Geller Memorial op-A 1st	Odessa	2005.09.22	8
5RLE1A1V	Tel Aviv ASA	Tel Aviv	1995.??.??	4
h21FQUCx	Albacete op 15th	Albacete	2007.09.03	3
ySlaLgeV	UKR-ch	Simferopol	2003.11.06	3
FKAH3Seg	Grand Slam Final 2nd	Bilbao	2009.09.06	1
JathN6IH	Novgorod 3rd	Novgorod	1996.07.31	10
5TXj1mjj	FIDE-Wch k.o.	Moscow	2001.12.05	4.5
