ocn1	kind	format	event	year	white	black	result	ply	citation
C.RyL.Mor.StD	open	match	World Championship 6th	1896	Lasker, Emanuel	Steinitz, Wilhelm	0-1	8	Lasker, Emanuel-Steinitz, Wilhelm, World Championship 6th, Moskou wch-m, 1896
C.RyL.Mor.StD	open	match	World Championship 6th	1896	Lasker, Emanuel	Steinitz, Wilhelm	1-0	8	Lasker, Emanuel-Steinitz, Wilhelm, World Championship 6th, Moscow RUS, 1896
C.Ita.Pia.Nf6.Ita	open	match	World Championship 6th	1896	Lasker, Emanuel	Steinitz, Wilhelm	1-0	9	Lasker, Emanuel-Steinitz, Wilhelm, World Championship 6th, Moskou wch-m, 1896
A.Hor.Fch.MLn.Bg5.Be7	open	match	World Championship 6th	1896	Steinitz, Wilhelm	Lasker, Emanuel	1/2-1/2	8	Steinitz, Wilhelm-Lasker, Emanuel, World Championship 6th, Moskou wch-m, 1896
D.QGD.Ort.Rau	open	match	World Championship 6th	1896	Steinitz, Wilhelm	Lasker, Emanuel	0-1	13	Steinitz, Wilhelm-Lasker, Emanuel, World Championship 6th, Moscow RUS, 1896
A.Hor.Fch.MLn.Bg5.Be7	open	match	World Championship 6th	1896	Steinitz, Wilhelm	Lasker, Emanuel	1/2-1/2	8	Steinitz, Wilhelm-Lasker, Emanuel, World Championship 6th, Moskou wch-m, 1896
A.Hor.Fch.MLn.Bg5.Be7	open	match	World Championship 6th	1896	Steinitz, Wilhelm	Lasker, Emanuel	0-1	8	Steinitz, Wilhelm-Lasker, Emanuel, World Championship 6th, Moskou wch-m, 1896
C.RyL.Exc.dxc6.Nc3.f6	open	match	World Championship 6th	1896	Lasker, Emanuel	Steinitz, Wilhelm	1-0	10	Lasker, Emanuel-Steinitz, Wilhelm, World Championship 6th, Moskou wch-m, 1896
C.Ita.Giu.Mol.MLn.Stn	open	match	World Championship 6th	1896	Steinitz, Wilhelm	Lasker, Emanuel	0-1	19	Steinitz, Wilhelm-Lasker, Emanuel, World Championship 6th, Moskou wch-m, 1896
C.RyL.Stn.d4.Bd7	open	match	World Championship 6th	1896	Lasker, Emanuel	Steinitz, Wilhelm	1/2-1/2	8	Lasker, Emanuel-Steinitz, Wilhelm, World Championship 6th, Moskou wch-m, 1896
C.RyL.ClD.c3	open	match	World Championship 6th	1896	Lasker, Emanuel	Steinitz, Wilhelm	1-0	7	Lasker, Emanuel-Steinitz, Wilhelm, World Championship 6th, Moskou wch-m, 1896
C.RyL.Exc.dxc6.Nc3	open	match	World Championship 6th	1896	Lasker, Emanuel	Steinitz, Wilhelm	1-0	9	Lasker, Emanuel-Steinitz, Wilhelm, World Championship 6th, Moskou wch-m, 1896
A.Hor.Fch.MLn.Bg5.Be7	open	match	World Championship 6th	1896	Steinitz, Wilhelm	Lasker, Emanuel	1/2-1/2	8	Steinitz, Wilhelm-Lasker, Emanuel, World Championship 6th, Moskou wch-m, 1896
C.RyL.ClD.c3	open	match	World Championship 6th	1896	Lasker, Emanuel	Steinitz, Wilhelm	1-0	7	Lasker, Emanuel-Steinitz, Wilhelm, World Championship 6th, Moskou wch-m, 1896
C.RyL.Ber.O-O.Nxe4	open	match	Steinitz - Zukertort World Championship Match	1886	Steinitz, Wilhelm	Zukertort, Johannes	1/2-1/2	8	Steinitz, Wilhelm-Zukertort, Johannes, Steinitz - Zukertort World Championship Match, New Orleans, LA USA, 1886
C.Vie.Nc6.f4.exf4.d4	open	match	Steinitz - Zukertort World Championship Match	1886	Steinitz, Wilhelm	Zukertort, Johannes	1-0	7	Steinitz, Wilhelm-Zukertort, Johannes, Steinitz - Zukertort World Championship Match, New Orleans, LA USA, 1886
C.RyL.Ber.O-O.Nxe4	open	match	Steinitz - Zukertort World Championship Match	1886	Steinitz, Wilhelm	Zukertort, Johannes	1/2-1/2	8	Steinitz, Wilhelm-Zukertort, Johannes, Steinitz - Zukertort World Championship Match, New Orleans, LA USA, 1886
D.QGD.Mod.PTr	open	match	Steinitz - Zukertort World Championship Match	1886	Zukertort, Johannes	Steinitz, Wilhelm	1/2-1/2	9	Zukertort, Johannes-Steinitz, Wilhelm, Steinitz - Zukertort World Championship Match, New Orleans, LA USA, 1886
C.Ita.Pia.Nf6.Ita	open	match	World Championship 5th	1894	Lasker, Emanuel	Steinitz, Wilhelm	0-1	9	Lasker, Emanuel-Steinitz, Wilhelm, World Championship 5th, Montreal wch-m, 1894
C.Ita.Giu.Grc.MLn	open	match	World Championship 5th	1894	Steinitz, Wilhelm	Lasker, Emanuel	1-0	12	Steinitz, Wilhelm-Lasker, Emanuel, World Championship 5th, New York wch-m, 1894
D.QGD.Ort.Hne.Bxe7.Qxe7	open	match	World Championship 5th	1894	Steinitz, Wilhelm	Lasker, Emanuel	1/2-1/2	20	Steinitz, Wilhelm-Lasker, Emanuel, World Championship 5th, Montreal wch-m, 1894
C.RyL.Stn	open	match	World Championship 5th	1894	Lasker, Emanuel	Steinitz, Wilhelm	1-0	6	Lasker, Emanuel-Steinitz, Wilhelm, World Championship 5th, Philadelphia wch-m, 1894
A.Hor.Fch.MLn.Nf3.Be7.e3	open	match	World Championship 5th	1894	Lasker, Emanuel	Steinitz, Wilhelm	1-0	9	Lasker, Emanuel-Steinitz, Wilhelm, World Championship 5th, Montreal wch-m, 1894
A.Hor.Fch.MLn.Nf3.Be7.e3	open	match	World Championship 5th	1894	Lasker, Emanuel	Steinitz, Wilhelm	1-0	9	Lasker, Emanuel-Steinitz, Wilhelm, World Championship 5th, Philadelphia wch-m, 1894
D.QGD.Cls.Nf3.Nbd7	open	match	World Championship 5th	1894	Steinitz, Wilhelm	Lasker, Emanuel	0-1	12	Steinitz, Wilhelm-Lasker, Emanuel, World Championship 5th, Montreal wch-m, 1894
B.Fre.Rub.MLn.Nf6	open	match	World Championship 5th	1894	Steinitz, Wilhelm	Lasker, Emanuel	0-1	10	Steinitz, Wilhelm-Lasker, Emanuel, World Championship 5th, New York wch-m, 1894
C.RyL.Ber.d3.d6	open	match	World Championship 5th	1894	Steinitz, Wilhelm	Lasker, Emanuel	1-0	8	Steinitz, Wilhelm-Lasker, Emanuel, World Championship 5th, New York wch-m, 1894
C.RyL.Stn.d4.Bd7	open	match	World Championship 5th	1894	Lasker, Emanuel	Steinitz, Wilhelm	1/2-1/2	8	Lasker, Emanuel-Steinitz, Wilhelm, World Championship 5th, New York wch-m, 1894
D.QGD.QKn.Nrm	open	match	World Championship 5th	1894	Steinitz, Wilhelm	Lasker, Emanuel	0-1	6	Steinitz, Wilhelm-Lasker, Emanuel, World Championship 5th, Philadelphia wch-m, 1894
C.RyL.Stn.d4.Bd7	open	match	World Championship 5th	1894	Lasker, Emanuel	Steinitz, Wilhelm	1-0	8	Lasker, Emanuel-Steinitz, Wilhelm, World Championship 5th, New York wch-m, 1894
C.RyL.Stn.d4.Bd7	open	match	World Championship 5th	1894	Lasker, Emanuel	Steinitz, Wilhelm	1-0	8	Lasker, Emanuel-Steinitz, Wilhelm, World Championship 5th, New York wch-m, 1894
E.Ind.e6.Nf3.d5.e3.Bb7	open	match	World Championship 3rd	1891	Steinitz, Wilhelm	Gunsberg, Isidor	1/2-1/2	10	Steinitz, Wilhelm-Gunsberg, Isidor, World Championship 3rd, New York, NY USA, 1891
C.Ita.Evn.Acc.Stn.O-O	open	match	World Championship 3rd	1891	Gunsberg, Isidor	Steinitz, Wilhelm	1/2-1/2	11	Gunsberg, Isidor-Steinitz, Wilhelm, World Championship 3rd, New York, NY USA, 1891
C.Ita.Evn.Acc.Stn.O-O	open	match	World Championship 3rd	1891	Gunsberg, Isidor	Steinitz, Wilhelm	0-1	11	Gunsberg, Isidor-Steinitz, Wilhelm, World Championship 3rd, New York, NY USA, 1891
A.Hor.Fch.MLn.Nf3.Be7.e3	open	match	World Championship 3rd	1891	Steinitz, Wilhelm	Gunsberg, Isidor	1/2-1/2	9	Steinitz, Wilhelm-Gunsberg, Isidor, World Championship 3rd, New York, NY USA, 1891
C.Ita.Evn.Acc.Stn.O-O	open	match	World Championship 3rd	1891	Gunsberg, Isidor	Steinitz, Wilhelm	1-0	11	Gunsberg, Isidor-Steinitz, Wilhelm, World Championship 3rd, New York, NY USA, 1891
A.Hor.Fch.MLn.Nf3.Be7.e3	open	match	World Championship 3rd	1891	Steinitz, Wilhelm	Gunsberg, Isidor	1/2-1/2	9	Steinitz, Wilhelm-Gunsberg, Isidor, World Championship 3rd, New York, NY USA, 1891
D.QGD.Mar.MLn	open	match	World Championship 3rd	1891	Steinitz, Wilhelm	Gunsberg, Isidor	1/2-1/2	8	Steinitz, Wilhelm-Gunsberg, Isidor, World Championship 3rd, New York, NY USA, 1891
C.Ita.Giu.c3.Nf6.d3.d6	open	match	World Championship 3rd	1891	Gunsberg, Isidor	Steinitz, Wilhelm	0-1	10	Gunsberg, Isidor-Steinitz, Wilhelm, World Championship 3rd, New York, NY USA, 1891
D.QGD.Vie.e3	open	match	World Championship 1st	1886	Zukertort, Johannes	Steinitz, Wilhelm	0-1	9	Zukertort, Johannes-Steinitz, Wilhelm, World Championship 1st, New Orleans, LA USA, 1886
C.RyL.Ber.O-O.Nxe4	open	match	World Championship 1st	1886	Steinitz, Wilhelm	Zukertort, Johannes	1-0	8	Steinitz, Wilhelm-Zukertort, Johannes, World Championship 1st, New Orleans wch-m, 1886
C.RyL.Ber.d3.d6	open	match	World Championship 1st	1886	Steinitz, Wilhelm	Zukertort, Johannes	1-0	8	Steinitz, Wilhelm-Zukertort, Johannes, World Championship 1st, New Orleans wch-m, 1886
D.Sla.Stn	open	match	World Championship 1st	1886	Zukertort, Johannes	Steinitz, Wilhelm	1-0	8	Zukertort, Johannes-Steinitz, Wilhelm, World Championship 1st, USA, 1886
D.QGD.QKn.Nrm.Har	open	match	World Championship 1st	1886	Zukertort, Johannes	Steinitz, Wilhelm	1-0	7	Zukertort, Johannes-Steinitz, Wilhelm, World Championship 1st, New Orleans wch-m, 1886
D.QGD.Cls	open	match	World Championship 1st	1886	Zukertort, Johannes	Steinitz, Wilhelm	1/2-1/2	11	Zukertort, Johannes-Steinitz, Wilhelm, World Championship 1st, New Orleans wch-m, 1886
C.RyL.Ber.d3.d6	open	match	World Championship 1st	1886	Steinitz, Wilhelm	Zukertort, Johannes	1-0	8	Steinitz, Wilhelm-Zukertort, Johannes, World Championship 1st, New Orleans wch-m, 1886
C.RyL.Ber.O-O.Nxe4	open	match	World Championship 1st	1886	Steinitz, Wilhelm	Zukertort, Johannes	1-0	8	Steinitz, Wilhelm-Zukertort, Johannes, World Championship 1st, St.Louis wch-m, 1886
C.Sco.Mie.Ste	open	match	World Championship 1st	1886	Steinitz, Wilhelm	Zukertort, Johannes	0-1	10	Steinitz, Wilhelm-Zukertort, Johannes, World Championship 1st, USA, 1886
D.Sla	open	match	World Championship 1st	1886	Zukertort, Johannes	Steinitz, Wilhelm	1-0	4	Zukertort, Johannes-Steinitz, Wilhelm, World Championship 1st, New York wch-m, 1886
A.Hor.Fch.MLn.Bg5.Be7.Nf3	open	match	World Championship 1st	1886	Zukertort, Johannes	Steinitz, Wilhelm	0-1	9	Zukertort, Johannes-Steinitz, Wilhelm, World Championship 1st, New Orleans wch-m, 1886
C.Pet.Thr.Fou.Gun	open	match	World Championship 1st	1886	Zukertort, Johannes	Steinitz, Wilhelm	0-1	14	Zukertort, Johannes-Steinitz, Wilhelm, World Championship 1st, New Orleans wch-m, 1886
D.Tar.e3.Nf6.Nf3.Nc6	open	match	World Championship 1st	1886	Zukertort, Johannes	Steinitz, Wilhelm	0-1	10	Zukertort, Johannes-Steinitz, Wilhelm, World Championship 1st, St.Louis wch-m, 1886
C.RyL.Ber.O-O.Nxe4	open	match	World Championship 1st	1886	Loureda Garcia, Jose Antonio	Garcia Camina, Belarmino	1/2-1/2	8	Loureda Garcia, Jose Antonio-Garcia Camina, Belarmino, World Championship 1st, St.Louis wch-m, 1886
C.Ita.Giu.c3.Nf6.d3.d6	open	match	World Championship 3rd	1890	Gunsberg, Isidor	Steinitz, Wilhelm	1/2-1/2	10	Gunsberg, Isidor-Steinitz, Wilhelm, World Championship 3rd, New York, NY USA, 1890
C.Ita.Pia.Nf6	open	match	World Championship 3rd	1890	Gunsberg, Isidor	Steinitz, Wilhelm	1-0	8	Gunsberg, Isidor-Steinitz, Wilhelm, World Championship 3rd, New York, NY USA, 1890
C.Ita.Evn.Acc.Stn.O-O	open	match	World Championship 3rd	1890	Gunsberg, Isidor	Steinitz, Wilhelm	1-0	11	Gunsberg, Isidor-Steinitz, Wilhelm, World Championship 3rd, New York, NY USA, 1890
D.Rub.Nc6.O-O	open	match	World Championship 3rd	1890	Gunsberg, Isidor	Steinitz, Wilhelm	0-1	11	Gunsberg, Isidor-Steinitz, Wilhelm, World Championship 3rd, New York, NY USA, 1890
D.QGA.Nf3.Nf6.e3.e6	open	match	World Championship 3rd	1890	Steinitz, Wilhelm	Gunsberg, Isidor	1-0	8	Steinitz, Wilhelm-Gunsberg, Isidor, World Championship 3rd, New York, NY USA, 1890
D.QGD.Cmb.Nd2.Bb4.Qc2	open	match	World Championship 14th	1929	Bogoljubow, Efim	Alekhine, Alexander	0-1	15	Bogoljubow, Efim-Alekhine, Alexander, World Championship 14th, Heidelberg wch-m, 1929
D.QGD.Cmb.cxd5.Nxd5	open	match	World Championship 14th	1929	Bogoljubow, Efim	Alekhine, Alexander	0-1	14	Bogoljubow, Efim-Alekhine, Alexander, World Championship 14th, Berlijn wch-m, 1929
C.RyL.Mor.Ba4.d6.c3	open	match	World Championship 14th	1929	Bogoljubow	Aljechin, Yuri	1/2-1/2	9	Bogoljubow-Aljechin, Yuri, World Championship 14th, Deutschland/Niederlande, 1929
D.Sem.Bg5.Nbd7.e4	open	match	World Championship 14th	1929	Aljechin, Yuri	Bogoljubow	1-0	11	Aljechin, Yuri-Bogoljubow, World Championship 14th, Deutschland/Niederlande, 1929
E.Nim.Spl	open	match	World Championship 14th	1929	Bogoljubow	Aljechin, Yuri	1-0	7	Bogoljubow-Aljechin, Yuri, World Championship 14th, Deutschland/Niederlande, 1929
E.Gru.Fch.Pac.MLn	open	match	World Championship 14th	1929	Aljechin, Yuri	Bogoljubow	1-0	14	Aljechin, Yuri-Bogoljubow, World Championship 14th, Deutschland/Niederlande, 1929
D.Sla.Cze.Kra.MLn.e6.f3	open	match	World Championship 14th	1929	Aljechin, Yuri	Bogoljubow	1/2-1/2	13	Aljechin, Yuri-Bogoljubow, World Championship 14th, Deutschland/Niederlande, 1929
E.Nim.Spl.MLn	open	match	World Championship 14th	1929	Aljechin, Yuri	Bogoljubow	1-0	8	Aljechin, Yuri-Bogoljubow, World Championship 14th, Deutschland/Niederlande, 1929
E.Nim.Spl.Rom.Nf3	open	match	World Championship 14th	1929	Bogoljubow	Aljechin, Yuri	1/2-1/2	11	Bogoljubow-Aljechin, Yuri, World Championship 14th, Deutschland/Niederlande, 1929
D.Sla.Sou	open	match	World Championship 14th	1929	Aljechin, Yuri	Bogoljubow	1-0	10	Aljechin, Yuri-Bogoljubow, World Championship 14th, Deutschland/Niederlande, 1929
D.Sla.Cze.Kra.MLn.e6	open	match	World Championship 14th	1929	Aljechin, Yuri	Bogoljubow	1-0	12	Aljechin, Yuri-Bogoljubow, World Championship 14th, Deutschland/Niederlande, 1929
D.QGD.Cmb.cxd5.Nxd5	open	match	World Championship 14th	1929	De La Torre Huertas, Carlos	Saemisch, Friedrich	1/2-1/2	14	De La Torre Huertas, Carlos-Saemisch, Friedrich, World Championship 14th, Deutschland/Niederlande, 1929
D.QGD.Cmb.Nd2.Bb4.Qc2.O-O	open	match	World Championship 14th	1929	Aljechin, Yuri	Bogoljubow	1/2-1/2	16	Aljechin, Yuri-Bogoljubow, World Championship 14th, Deutschland/Niederlande, 1929
D.Sem.Bg5.Nbd7.e4	open	match	World Championship 14th	1929	Aljechin, Yuri	Bogoljubow	1/2-1/2	11	Aljechin, Yuri-Bogoljubow, World Championship 14th, Deutschland/Niederlande, 1929
C.RyL.Mor.Ba4.d6.c3.Bd7	open	match	World Championship 14th	1929	Bogoljubow	Aljechin, Yuri	0-1	10	Bogoljubow-Aljechin, Yuri, World Championship 14th, Deutschland/Niederlande, 1929
B.Fre.Bur.Mrz	open	match	World Championship 14th	1929	Bogoljubow	Aljechin, Yuri	1-0	12	Bogoljubow-Aljechin, Yuri, World Championship 14th, Deutschland/Niederlande, 1929
D.Sla.Nf3.Nf6.e3.e6	open	match	World Championship 14th	1929	Aljechin, Yuri	Bogoljubow	1/2-1/2	8	Aljechin, Yuri-Bogoljubow, World Championship 14th, Deutschland/Niederlande, 1929
D.Sla.Nf3.Nf6.e3.e6	open	match	World Championship 14th	1929	Bogoljubow	Aljechin, Yuri	1-0	8	Bogoljubow-Aljechin, Yuri, World Championship 14th, Deutschland/Niederlande, 1929
E.Ind.WIn.f3	open	match	World Championship 14th	1929	Aljechin, Yuri	Bogoljubow	1/2-1/2	5	Aljechin, Yuri-Bogoljubow, World Championship 14th, Deutschland/Niederlande, 1929
D.Sla.Nf3.Nf6.e3.e6	open	match	World Championship 14th	1929	Bogoljubow	Aljechin, Yuri	0-1	8	Bogoljubow-Aljechin, Yuri, World Championship 14th, Deutschland/Niederlande, 1929
D.Sla.Nf3.Nf6.e3.e6	open	match	World Championship 14th	1929	Aljechin, Yuri	Bogoljubow	1/2-1/2	8	Aljechin, Yuri-Bogoljubow, World Championship 14th, Deutschland/Niederlande, 1929
E.Ind.QID	open	match	World Championship 14th	1929	Bogoljubow	Aljechin, Yuri	0-1	4	Bogoljubow-Aljechin, Yuri, World Championship 14th, Deutschland/Niederlande, 1929
E.Nim.Spl.MLn	open	match	World Championship 14th	1929	Bogoljubow	Aljechin, Yuri	1-0	8	Bogoljubow-Aljechin, Yuri, World Championship 14th, Deutschland/Niederlande, 1929
B.Fre.Bur.Be7	open	match	World Championship 14th	1929	Bogoljubow	Aljechin, Yuri	1/2-1/2	10	Bogoljubow-Aljechin, Yuri, World Championship 14th, Deutschland/Niederlande, 1929
D.QGD.Cmb.cxd5.Nxd5	open	match	World Championship 16th	1935	Alekhine, Alexander	Euwe, Max	0-1	14	Alekhine, Alexander-Euwe, Max, World Championship 16th, Amsterdam wch-m, 1935
E.Nim.Cls.Zur.Mil	open	match	World Championship 16th	1935	Euwe, Max	Alekhine, Alexander	1/2-1/2	10	Euwe, Max-Alekhine, Alexander, World Championship 16th, The Netherlands, 1935
B.Fre.Win	open	match	World Championship 16th	1935	Alekhine, Alexander	Euwe, Max	1-0	6	Alekhine, Alexander-Euwe, Max, World Championship 16th, Amsterdam wch-m, 1935
D.Sla.Qui.cxd5.cxd5.Nc3.e6	open	match	World Championship 16th	1935	Alekhine, Alexander	Euwe, Max	1/2-1/2	14	Alekhine, Alexander-Euwe, Max, World Championship 16th, Den Haag wch-m, 1935
D.Sla.Nf3.Nf6.Nc3.dxc4.e3	open	match	World Championship 16th	1935	Alekhine, Alexander	Euwe, Max	1/2-1/2	9	Alekhine, Alexander-Euwe, Max, World Championship 16th, Amsterdam wch-m, 1935
D.Sla.Sou	open	match	World Championship 16th	1935	Alekhine, Alexander	Euwe, Max	1-0	10	Alekhine, Alexander-Euwe, Max, World Championship 16th, Zeist wch-m, 1935
D.Sla.Cze.Kra.Car	open	match	World Championship 16th	1935	Euwe, Max	Alekhine, Alexander	1-0	16	Euwe, Max-Alekhine, Alexander, World Championship 16th, Amsterdam wch-m, 1935
D.Sla.Cls.Bld	open	match	World Championship 16th	1935	Alekhine, Alexander	Euwe, Max	1/2-1/2	11	Alekhine, Alexander-Euwe, Max, World Championship 16th, Niederlande, 1935
E.Gru.Rus.Hng.e4.a6	open	match	World Championship 16th	1935	Euwe, Max	Alekhine, Alexander	1-0	14	Euwe, Max-Alekhine, Alexander, World Championship 16th, Amsterdam wch-m, 1935
C.RyL.Mor.Opn.MLn.Cls	open	match	World Championship 16th	1935	Alekhine, Alexander	Euwe, Max	1/2-1/2	18	Alekhine, Alexander-Euwe, Max, World Championship 16th, Amsterdam wch-m, 1935
D.Sla.Cze.Kra.Car	open	match	World Championship 16th	1935	Alekhine, Alexander	Euwe, Max	0-1	16	Alekhine, Alexander-Euwe, Max, World Championship 16th, NLD, 1935
A.Eng.Rev.Nf3.e4	open	match	World Championship 16th	1935	Euwe, Max	Alekhine, Alexander	1/2-1/2	4	Euwe, Max-Alekhine, Alexander, World Championship 16th, Amsterdam wch-m, 1935
D.Sla.Qui.cxd5	open	match	World Championship 16th	1935	Euwe, Max	Alekhine, Alexander	1/2-1/2	9	Euwe, Max-Alekhine, Alexander, World Championship 16th, Rotterdam wch-m, 1935
D.Sla.Qui.cxd5.cxd5.Nc3	open	match	World Championship 16th	1935	Euwe, Max	Alekhine, Alexander	0-1	11	Euwe, Max-Alekhine, Alexander, World Championship 16th, Den Bosch wch-m, 1935
D.Sla.Cze.Kra.Car	open	match	World Championship 16th	1935	Alekhine, Alexander	Euwe, Max	1-0	16	Alekhine, Alexander-Euwe, Max, World Championship 16th, Amsterdam wch-m, 1935
D.QPG.Zuk.Nf6.e3.Bf5	open	match	World Championship 16th	1935	Alekhine, Alexander	Euwe, Max	1/2-1/2	6	Alekhine, Alexander-Euwe, Max, World Championship 16th, Eindhoven wch-m, 1935
A.Hol.c4.Nf6.g3.e6.Bd2	open	match	World Championship 16th	1935	Euwe, Max	Alekhine, Alexander	1-0	10	Euwe, Max-Alekhine, Alexander, World Championship 16th, Zandvoort wch-m, 1935
A.Hol.c4.Nf6.g3.e6.Bd2	open	match	World Championship 16th	1935	Euwe, Max	Alekhine, Alexander	1/2-1/2	10	Euwe, Max-Alekhine, Alexander, World Championship 16th, Niederlande, 1935
B.Fre.Win.Ale	open	match	World Championship 16th	1935	Alekhine, Alexander	Euwe, Max	1/2-1/2	7	Alekhine, Alexander-Euwe, Max, World Championship 16th, The Netherlands, 1935
B.Fre.Win	open	match	World Championship 16th	1935	Alekhine, Alexander	Euwe, Max	1-0	6	Alekhine, Alexander-Euwe, Max, World Championship 16th, Amsterdam wch-m, 1935
D.Sem.e3.a6	open	match	World Championship 16th	1935	Euwe, Max	Alekhine, Alexander	1-0	10	Euwe, Max-Alekhine, Alexander, World Championship 16th, Niederlande, 1935
D.Sem.e3.a6	open	match	World Championship 16th	1935	Euwe, Max	Alekhine, Alexander	1-0	10	Euwe, Max-Alekhine, Alexander, World Championship 16th, Amsterdam wch-m, 1935
D.QGA.Nf3.God	open	match	World Championship 16th	1935	Euwe, Max	Alekhine, Alexander	1/2-1/2	6	Euwe, Max-Alekhine, Alexander, World Championship 16th, Amsterdam wch-m, 1935
D.QGD.Ort.Rc1.c6.Bd3	open	match	World Championship 16th	1935	Euwe, Max	Alekhine, Alexander	1/2-1/2	15	Euwe, Max-Alekhine, Alexander, World Championship 16th, Amsterdam wch-m, 1935
E.Gru.Brn	open	match	World Championship 16th	1935	Euwe, Max	Alekhine, Alexander	1-0	7	Euwe, Max-Alekhine, Alexander, World Championship 16th, Groningen wch-m, 1935
E.Gru.Qb3	open	match	World Championship 16th	1935	Euwe, Max	Alekhine, Alexander	1-0	7	Euwe, Max-Alekhine, Alexander, World Championship 16th, Amsterdam wch-m, 1935
C.Vie.Fal.MLn.Qh5.Nd6.Alk	open	match	World Championship 16th	1935	Alekhine, Alexander	Euwe, Max	1-0	13	Alekhine, Alexander-Euwe, Max, World Championship 16th, Den Haag wch-m, 1935
B.Ale.Nrm.Dpn.d6.Nb6.Be2	open	match	World Championship 16th	1935	Alekhine, Alexander	Euwe, Max	1/2-1/2	11	Alekhine, Alexander-Euwe, Max, World Championship 16th, Amsterdam wch-m, 1935
D.Sem.e3.Nbd7.Bd3.Bb4	open	match	World Championship 17th	1937	Euwe, Max	Alekhine, Alexander	1/2-1/2	12	Euwe, Max-Alekhine, Alexander, World Championship 17th, Den Haag wch-m, 1937
E.Nim.Kas	open	match	World Championship 17th	1937	Euwe, Max	Alekhine, Alexander	1/2-1/2	7	Euwe, Max-Alekhine, Alexander, World Championship 17th, Den Haag wch-m, 1937
D.STa.Exc	open	match	World Championship 17th	1937	Alekhine, Alexander	Euwe, Max	1-0	10	Alekhine, Alexander-Euwe, Max, World Championship 17th, Rotterdam wch-m, 1937
D.Sla.Cze.Kra.MLn.e6	open	match	World Championship 17th	1937	Alekhine, Alexander	Euwe, Max	1-0	12	Alekhine, Alexander-Euwe, Max, World Championship 17th, Rotterdam wch-m, 1937
D.Sla.Cls.MLn.O-O.Nbd7	open	match	World Championship 17th	1937	Euwe, Max	Alekhine, Alexander	1/2-1/2	16	Euwe, Max-Alekhine, Alexander, World Championship 17th, Den Haag wch-m, 1937
D.Sla.Cls.MLn.O-O.Nbd7	open	match	World Championship 17th	1937	Euwe, Max	Alekhine, Alexander	1/2-1/2	16	Euwe, Max-Alekhine, Alexander, World Championship 17th, Rotterdam wch-m, 1937
D.Sla.Cze.Kra.Car	open	match	World Championship 17th	1937	Euwe, Max	Alekhine, Alexander	1-0	16	Euwe, Max-Alekhine, Alexander, World Championship 17th, Den Haag wch-m, 1937
E.Nim.Cls.d5.cxd5	open	match	World Championship 17th	1937	Alekhine, Alexander	Euwe, Max	1/2-1/2	9	Alekhine, Alexander-Euwe, Max, World Championship 17th, Amsterdam wch-m, 1937
E.Nim.Cls.d5.cxd5	open	match	World Championship 17th	1937	Alekhine, Alexander	Euwe, Max	1-0	9	Alekhine, Alexander-Euwe, Max, World Championship 17th, Den Haag wch-m, 1937
E.QID.Euw.MLn.Riu	open	match	World Championship 17th	1937	Euwe, Max	Alekhine, Alexander	0-1	12	Euwe, Max-Alekhine, Alexander, World Championship 17th, Amsterdam wch-m, 1937
D.Sla.Nc3.dxc4.e4	open	match	World Championship 17th	1937	Alekhine, Alexander	Euwe, Max	1-0	7	Alekhine, Alexander-Euwe, Max, World Championship 17th, Haarlem wch-m, 1937
D.Sla.Cze	open	match	World Championship 17th	1937	Euwe, Max	Alekhine, Alexander	0-1	11	Euwe, Max-Alekhine, Alexander, World Championship 17th, Rotterdam wch-m, 1937
D.Sla.Cze.Kra.MLn.e6	open	match	World Championship 17th	1937	Euwe, Max	Alekhine, Alexander	1/2-1/2	12	Euwe, Max-Alekhine, Alexander, World Championship 17th, Groningen wch-m, 1937
D.Sla.Cls.MLn.O-O.Cze	open	match	World Championship 17th	1937	Euwe, Max	Alekhine, Alexander	1-0	17	Euwe, Max-Alekhine, Alexander, World Championship 17th, NLD, 1937
E.Nim.Cls.d5.cxd5	open	match	World Championship 17th	1937	Alekhine, Alexander	Euwe, Max	1-0	9	Alekhine, Alexander-Euwe, Max, World Championship 17th, Niederlande, 1937
D.STa.Exc.MLn.Nxd5.Bb4	open	match	World Championship 17th	1937	Alekhine, Alexander	Euwe, Max	1/2-1/2	16	Alekhine, Alexander-Euwe, Max, World Championship 17th, Den Haag wch-m, 1937
D.Cat.Ope.Qa4	open	match	World Championship 17th	1937	Alekhine, Alexander	Euwe, Max	1-0	9	Alekhine, Alexander-Euwe, Max, World Championship 17th, Amsterdam wch-m, 1937
E.Ind.Cat.d5.Bg2.dxc4.Qa4	open	match	World Championship 17th	1937	Alekhine, Alexander	Euwe, Max	1/2-1/2	9	Alekhine, Alexander-Euwe, Max, World Championship 17th, Rotterdam wch-m, 1937
A.Ret.Adv.e3	open	match	World Championship 17th	1937	Alekhine, Alexander	Euwe, Max	1-0	5	Alekhine, Alexander-Euwe, Max, World Championship 17th, Niederlande, 1937
D.QGA.Cls.Ale	open	match	World Championship 17th	1937	Euwe, Max	Alekhine, Alexander	1-0	13	Euwe, Max-Alekhine, Alexander, World Championship 17th, Den Haag wch-m, 1937
E.Nim.Rub.O-O.Ne2	open	match	World Championship 17th	1937	Euwe, Max	Alekhine, Alexander	0-1	9	Euwe, Max-Alekhine, Alexander, World Championship 17th, Den Haag wch-m, 1937
D.QGD.Ort.Rub.Flo	open	match	World Championship 13th	1927	Alekhine, Alexander	Capablanca, Jose	1/2-1/2	15	Alekhine, Alexander-Capablanca, Jose, World Championship 13th, Buenos Aires ARG, 1927
B.Fre.Win.DEx	open	match	World Championship 13th	1927	Capablanca, Jose	Alekhine, Alexander	0-1	7	Capablanca, Jose-Alekhine, Alexander, World Championship 13th, Buenos Aires wch-m, 1927
A.Hor.Fch.MLn.Bg5.Nbd7.c6	open	match	World Championship 13th	1927	Capablanca, Jose	Alekhine, Alexander	1/2-1/2	10	Capablanca, Jose-Alekhine, Alexander, World Championship 13th, Buenos Aires ARG, 1927
D.QGD.Ort.Rc1.a6	open	match	World Championship 13th	1927	Capablanca, Jose	Alekhine, Alexander	1/2-1/2	14	Capablanca, Jose-Alekhine, Alexander, World Championship 13th, Buenos Aires ARG, 1927
D.QGD.Cmb.Nd2.Bb4.Qc2	open	match	World Championship 13th	1927	Capablanca, Jose	Alekhine, Alexander	1-0	15	Capablanca, Jose-Alekhine, Alexander, World Championship 13th, Buenos Aires ARG, 1927
D.QGD.Ort.Rc1.a6	open	match	World Championship 13th	1927	Capablanca, Jose	Alekhine, Alexander	1/2-1/2	14	Capablanca, Jose-Alekhine, Alexander, World Championship 13th, Buenos Aires ARG, 1927
D.QGD.Cmb.Nd2.Bb4.Qc2.O-O	open	match	World Championship 13th	1927	Capablanca, Jose	Alekhine, Alexander	1-0	16	Capablanca, Jose-Alekhine, Alexander, World Championship 13th, Buenos Aires ARG, 1927
D.QGD.Mod.KDf.ACS	open	match	World Championship 13th	1927	Capablanca, Jose	Alekhine, Alexander	1/2-1/2	11	Capablanca, Jose-Alekhine, Alexander, World Championship 13th, Buenos Aires ARG, 1927
D.QGD.Cmb.Nd2.Bb4.Qc2	open	match	World Championship 13th	1927	Capablanca, Jose	Alekhine, Alexander	0-1	15	Capablanca, Jose-Alekhine, Alexander, World Championship 13th, Buenos Aires ARG, 1927
D.QGD.Ort.Hne.Sws	open	match	World Championship 13th	1927	Capablanca, Jose	Alekhine, Alexander	1/2-1/2	15	Capablanca, Jose-Alekhine, Alexander, World Championship 13th, Buenos Aires ARG, 1927
D.QGD.Ort.Hne.Bxe7.Qxe7.Ne4	open	match	World Championship 13th	1927	Alekhine, Alexander	Capablanca, Jose	1/2-1/2	21	Alekhine, Alexander-Capablanca, Jose, World Championship 13th, Buenos Aires ARG, 1927
D.QGD.Ort.Te7.a6.cxd5	open	match	World Championship 13th	1927	Alekhine, Alexander	Capablanca, Jose	1/2-1/2	17	Alekhine, Alexander-Capablanca, Jose, World Championship 13th, Buenos Aires ARG, 1927
D.QGD.Ort.Rub.Flo	open	match	World Championship 13th	1927	Alekhine, Alexander	Capablanca, Jose	1/2-1/2	15	Alekhine, Alexander-Capablanca, Jose, World Championship 13th, Buenos Aires wch-m, 1927
D.QGD.Ort.Rc1.c6.a3	open	match	World Championship 13th	1927	Alekhine, Alexander	Capablanca, Jose	1/2-1/2	17	Alekhine, Alexander-Capablanca, Jose, World Championship 13th, Buenos Aires ARG, 1927
D.QGD.Ort.Hne.Bxe7.Qxe7.Ne4	open	match	World Championship 13th	1927	Alekhine, Alexander	Capablanca, Jose	1/2-1/2	21	Alekhine, Alexander-Capablanca, Jose, World Championship 13th, Buenos Aires ARG, 1927
A.Hor.Fch.MLn.Bg5.Nbd7.c6	open	match	World Championship 13th	1927	Capablanca, Jose	Alekhine, Alexander	1/2-1/2	10	Capablanca, Jose-Alekhine, Alexander, World Championship 13th, Buenos Aires ARG, 1927
D.QGD.Ort.Hne.Bxe7.Qxe7.Ne4	open	match	World Championship 13th	1927	Alekhine, Alexander	Capablanca, Jose	1/2-1/2	21	Alekhine, Alexander-Capablanca, Jose, World Championship 13th, Buenos Aires ARG, 1927
D.QGD.Ort.Hne.Bxe7.Qxe7.Ne4	open	match	World Championship 13th	1927	Bellod Thomas, Gonzalo	De La Torre Huertas, Carlos	1/2-1/2	21	Bellod Thomas, Gonzalo-De La Torre Huertas, Carlos, World Championship 13th, Buenos Aires ARG, 1927
D.QGD.Ort.Rc1.c6.a3	open	match	World Championship 13th	1927	Alekhine, Alexander	Capablanca, Jose	1/2-1/2	17	Alekhine, Alexander-Capablanca, Jose, World Championship 13th, Buenos Aires ARG, 1927
D.QGD.Ort.Hne.Bxe7.Qxe7.Ne4	open	match	World Championship 13th	1927	Alekhine, Alexander	Capablanca, Jose	1/2-1/2	21	Alekhine, Alexander-Capablanca, Jose, World Championship 13th, Buenos Aires ARG, 1927
D.QGD.Ort.Rc1.c6.a3	open	match	World Championship 13th	1927	Alekhine, Alexander	Capablanca, Jose	1-0	17	Alekhine, Alexander-Capablanca, Jose, World Championship 13th, Buenos Aires wch-m, 1927
D.QGD.Ort.Hne.Bxe7.Qxe7.Ne4	open	match	World Championship 13th	1927	Alekhine, Alexander	Capablanca, Jose	1/2-1/2	21	Alekhine, Alexander-Capablanca, Jose, World Championship 13th, Buenos Aires ARG, 1927
A.PQI.Fch.Mar	open	match	World Championship 13th	1927	Capablanca, Jose	Alekhine, Alexander	1-0	8	Capablanca, Jose-Alekhine, Alexander, World Championship 13th, Buenos Aires ARG, 1927
D.QGD.Ort.Rc1.c6.a3	open	match	World Championship 13th	1927	Alekhine, Alexander	Capablanca, Jose	1/2-1/2	17	Alekhine, Alexander-Capablanca, Jose, World Championship 13th, Buenos Aires ARG, 1927
A.Hor.Fch.MLn.Bg5.Nbd7.c6	open	match	World Championship 13th	1927	Capablanca, Jose	Alekhine, Alexander	1/2-1/2	10	Capablanca, Jose-Alekhine, Alexander, World Championship 13th, Buenos Aires ARG, 1927
D.QGD.Ort.Rc1.a6	open	match	World Championship 13th	1927	De La Torre Huertas, Carlos	Gruenfeld, Ernst	1-0	14	De La Torre Huertas, Carlos-Gruenfeld, Ernst, World Championship 13th, Buenos Aires wch-m, 1927
D.QGD.Ort.Rc1.a6	open	match	World Championship 13th	1927	Capablanca, Jose	Alekhine, Alexander	1/2-1/2	14	Capablanca, Jose-Alekhine, Alexander, World Championship 13th, Buenos Aires ARG, 1927
D.QGD.Ort.Rc1.a6	open	match	World Championship 13th	1927	Capablanca, Jose	Alekhine, Alexander	0-1	14	Capablanca, Jose-Alekhine, Alexander, World Championship 13th, Buenos Aires wch-m, 1927
D.QGD.Ort.Hne.Bxe7.Qxe7.Ne4	open	match	World Championship 13th	1927	Alekhine, Alexander	Capablanca, Jose	1/2-1/2	21	Alekhine, Alexander-Capablanca, Jose, World Championship 13th, Buenos Aires ARG, 1927
D.QGD.Ort.Hne.Sws	open	match	World Championship 13th	1927	Stoppel Harald	Werthmann, Ralph	1/2-1/2	15	Stoppel Harald-Werthmann, Ralph, World Championship 13th, Buenos Aires wch-m, 1927
C.KGm.Dec.Cls.c3.Bg4	open	match	World Championship 11th	1910	Lasker, Emanuel	Forgacs, Leo	1-0	8	Lasker, Emanuel-Forgacs, Leo, World Championship 11th, Berlijn wch-m, 1910
D.QPG.Zuk.c5.e3.Nf6	open	match	World Championship 11th	1910	Forgacs, Leo	Lasker, Emanuel	0-1	6	Forgacs, Leo-Lasker, Emanuel, World Championship 11th, Berlijn wch-m, 1910
D.Rub.Nc6.O-O.Bd6.Bb2.O-O	open	match	World Championship 11th	1910	Forgacs, Leo	Lasker, Emanuel	1/2-1/2	14	Forgacs, Leo-Lasker, Emanuel, World Championship 11th, Berlijn wch-m, 1910
C.Cen.d6.dxe5	open	match	World Championship 11th	1910	Forgacs, Leo	Lasker, Emanuel	0-1	5	Forgacs, Leo-Lasker, Emanuel, World Championship 11th, Berlijn wch-m, 1910
C.RyL.Mor.Ba4.Nf6.O-O.d6	open	match	World Championship 11th	1910	Lasker, Emanuel	Forgacs, Leo	1-0	10	Lasker, Emanuel-Forgacs, Leo, World Championship 11th, Berlijn wch-m, 1910
D.QGD.Cls.Nf3.Nbd7.Bd3	open	match	World Championship 11th	1910	Lasker, Emanuel	Forgacs, Leo	1/2-1/2	13	Lasker, Emanuel-Forgacs, Leo, World Championship 11th, Berlijn wch-m, 1910
D.Tar.Exd.Nf3	open	match	World Championship 11th	1910	Lasker, Emanuel	Forgacs, Leo	1-0	9	Lasker, Emanuel-Forgacs, Leo, World Championship 11th, Berlijn wch-m, 1910
D.Tar.Exd.Nf3.Nc6	open	match	World Championship 11th	1910	Lasker, Emanuel	Forgacs, Leo	1-0	10	Lasker, Emanuel-Forgacs, Leo, World Championship 11th, Berlijn wch-m, 1910
D.QPG.Zuk.c5.e3.Nf6	open	match	World Championship 11th	1910	Forgacs, Leo	Lasker, Emanuel	0-1	6	Forgacs, Leo-Lasker, Emanuel, World Championship 11th, Berlijn wch-m, 1910
D.STa.cxd5	open	match	World Championship 11th	1910	Lasker, Emanuel	Forgacs, Leo	1-0	9	Lasker, Emanuel-Forgacs, Leo, World Championship 11th, Berlijn wch-m, 1910
E.Ind.e6.Nf3.d5.e3	open	match	World Championship 11th	1910	Forgacs, Leo	Lasker, Emanuel	1/2-1/2	7	Forgacs, Leo-Lasker, Emanuel, World Championship 11th, Berlijn wch-m, 1910
C.RyL.Mor.Ba4.Nf6.O-O.Avb	open	match	World Championship 9th	1909	Lasker, Emanuel	Forgacs, Leo	1/2-1/2	12	Lasker, Emanuel-Forgacs, Leo, World Championship 9th, Parijs wch-m, 1909
C.RyL.Mor.Ba4.Nf6.O-O.Avb	open	match	World Championship 9th	1909	Lasker, Emanuel	Forgacs, Leo	1-0	12	Lasker, Emanuel-Forgacs, Leo, World Championship 9th, Parijs wch-m, 1909
C.RyL.Mor.Ba4.Nf6.O-O.Avb	open	match	World Championship 9th	1909	Lasker, Emanuel	Forgacs, Leo	1-0	12	Lasker, Emanuel-Forgacs, Leo, World Championship 9th, Parijs wch-m, 1909
C.RyL.Ber.O-O.Hdg	open	match	World Championship 9th	1909	Forgacs, Leo	Lasker, Emanuel	1-0	12	Forgacs, Leo-Lasker, Emanuel, World Championship 9th, Parijs wch-m, 1909
C.Fou.Spa.Dbl.MLn.d3.d6	open	match	World Championship 9th	1909	Forgacs, Leo	Lasker, Emanuel	0-1	12	Forgacs, Leo-Lasker, Emanuel, World Championship 9th, Parijs wch-m, 1909
C.RyL.Ber.O-O.Hdg	open	match	World Championship 9th	1909	Forgacs, Leo	Lasker, Emanuel	1/2-1/2	12	Forgacs, Leo-Lasker, Emanuel, World Championship 9th, Parijs wch-m, 1909
C.Fou.Spa.Dbl.MLn.d3.d6	open	match	World Championship 9th	1909	Forgacs, Leo	Lasker, Emanuel	0-1	12	Forgacs, Leo-Lasker, Emanuel, World Championship 9th, Parijs wch-m, 1909
C.RyL.Exc.dxc6.d4.exd4.Qxd4	open	match	World Championship 9th	1909	Lasker, Emanuel	Forgacs, Leo	1-0	11	Lasker, Emanuel-Forgacs, Leo, World Championship 9th, Parijs wch-m, 1909
B.Sic.Acc.Nc3.Bg7.Be3.Nf6	open	match	World Championship 9th	1909	Forgacs, Leo	Lasker, Emanuel	0-1	12	Forgacs, Leo-Lasker, Emanuel, World Championship 9th, Parijs wch-m, 1909
C.RyL.Exc.dxc6.d4.exd4.Qxd4	open	match	World Championship 9th	1909	Lasker, Emanuel	Forgacs, Leo	1-0	11	Lasker, Emanuel-Forgacs, Leo, World Championship 9th, Parijs wch-m, 1909
B.Fre.Mac.exd5	open	match	World Championship 7th	1907	Lasker, E.	Marshall Viele, Fabrizio Aaron	1/2-1/2	10	Lasker, E.-Marshall Viele, Fabrizio Aaron, World Championship 7th, New York wch-m, 1907
D.Chi.Exc	open	match	World Championship 7th	1907	Marshall Viele, Fabrizio Aaron	Lasker, E.	0-1	6	Marshall Viele, Fabrizio Aaron-Lasker, E., World Championship 7th, Memphis wch-m, 1907
A.Hor.Fch.MLn.Bg5.Be7.Ne4	open	match	World Championship 7th	1907	Marshall Viele, Fabrizio Aaron	Lasker, E.	1/2-1/2	10	Marshall Viele, Fabrizio Aaron-Lasker, E., World Championship 7th, New York wch-m, 1907
B.Fre.Cls.Bd3	open	match	World Championship 7th	1907	Lasker, E.	Marshall Viele, Fabrizio Aaron	1-0	7	Lasker, E.-Marshall Viele, Fabrizio Aaron, World Championship 7th, Memphis wch-m, 1907
B.Fre.Cls.Bd3	open	match	World Championship 7th	1907	Lasker, E.	Marshall Viele, Fabrizio Aaron	1-0	7	Lasker, E.-Marshall Viele, Fabrizio Aaron, World Championship 7th, New York wch-m, 1907
D.Tar.Exd.Nf3	open	match	World Championship 7th	1907	Marshall Viele, Fabrizio Aaron	Lasker, E.	1/2-1/2	9	Marshall Viele, Fabrizio Aaron-Lasker, E., World Championship 7th, Philadelphia wch-m, 1907
D.Tar.Exd.Nf3.Nc6	open	match	World Championship 7th	1907	Marshall Viele, Fabrizio Aaron	Lasker, E.	1/2-1/2	10	Marshall Viele, Fabrizio Aaron-Lasker, E., World Championship 7th, Philadelphia wch-m, 1907
C.RyL.Ber.Nyh	open	match	World Championship 7th	1907	Marshall Viele, Fabrizio Aaron	Lasker, E.	0-1	9	Marshall Viele, Fabrizio Aaron-Lasker, E., World Championship 7th, New York wch-m, 1907
B.Fre.Mac.exd5	open	match	World Championship 7th	1907	Lasker, E.	Marshall Viele, Fabrizio Aaron	1/2-1/2	10	Lasker, E.-Marshall Viele, Fabrizio Aaron, World Championship 7th, Baltimore wch-m, 1907
B.Fre.Mac.exd5	open	match	World Championship 7th	1907	Lasker, E.	Marshall Viele, Fabrizio Aaron	1-0	10	Lasker, E.-Marshall Viele, Fabrizio Aaron, World Championship 7th, Philadelphia wch-m, 1907
A.Hor.Fch.MLn.Bg5.Be7.Ne4	open	match	World Championship 7th	1907	Marshall Viele, Fabrizio Aaron	Lasker, E.	0-1	10	Marshall Viele, Fabrizio Aaron-Lasker, E., World Championship 7th, New York wch-m, 1907
A.Hol.Sta.MLn.c6	open	match	World Championship 7th	1907	Marshall Viele, Fabrizio Aaron	Lasker, E.	1/2-1/2	8	Marshall Viele, Fabrizio Aaron-Lasker, E., World Championship 7th, Chicago wch-m, 1907
B.Fre.Cls.Bd3	open	match	World Championship 7th	1907	Lasker, E.	Marshall Viele, Fabrizio Aaron	1-0	7	Lasker, E.-Marshall Viele, Fabrizio Aaron, World Championship 7th, Memphis wch-m, 1907
A.Hor.Fch.MLn.Bg5.Be7.Ne4	open	match	World Championship 7th	1907	Marshall Viele, Fabrizio Aaron	Lasker, E.	0-1	10	Marshall Viele, Fabrizio Aaron-Lasker, E., World Championship 7th, New York wch-m, 1907
B.Fre.Mac.MLn.Bd2.Bxc3.g6	open	match	World Championship 7th	1907	Lasker, E.	Marshall Viele, Fabrizio Aaron	1/2-1/2	16	Lasker, E.-Marshall Viele, Fabrizio Aaron, World Championship 7th, New York wch-m, 1907
D.QGD.Ort.Te7	open	match	World Championship 12th	1921	Capablanca, Jose	Lasker, Emanuel	1/2-1/2	15	Capablanca, Jose-Lasker, Emanuel, World Championship 12th, Havana CUB, 1921
D.QGD.Cls.Nf3.Nbd7.Qc2	open	match	World Championship 12th	1921	Lasker, Emanuel	Capablanca, Jose	0-1	13	Lasker, Emanuel-Capablanca, Jose, World Championship 12th, Havana CUB, 1921
C.RyL.Ber.O-O.Hdg	open	match	World Championship 12th	1921	Capablanca, Jose	Lasker, Emanuel	1/2-1/2	12	Capablanca, Jose-Lasker, Emanuel, World Championship 12th, Havana CUB, 1921
C.RyL.Ber.O-O.Hdg	open	match	World Championship 12th	1921	Lasker, Emanuel	Capablanca, Jose	1/2-1/2	12	Lasker, Emanuel-Capablanca, Jose, World Championship 12th, Havana CUB, 1921
C.RyL.Ber.O-O.Shw	open	match	World Championship 12th	1921	Lasker, Emanuel	Capablanca, Jose	0-1	13	Lasker, Emanuel-Capablanca, Jose, World Championship 12th, Havana CUB, 1921
C.RyL.Ber.O-O.Hdg	open	match	World Championship 12th	1921	Lasker, Emanuel	Capablanca, Jose	1/2-1/2	12	Lasker, Emanuel-Capablanca, Jose, World Championship 12th, Havana CUB, 1921
D.QGD.Cls.Nf3.Nbd7.Qc2	open	match	World Championship 12th	1921	Lasker, Emanuel	Capablanca, Jose	1/2-1/2	13	Lasker, Emanuel-Capablanca, Jose, World Championship 12th, Havana CUB, 1921
A.Hor.Fch.MLn.Nf3.Nbd	open	match	World Championship 12th	1921	Lasker, Emanuel	Capablanca, Jose	1/2-1/2	8	Lasker, Emanuel-Capablanca, Jose, World Championship 12th, Havana CUB, 1921
D.QGD.Ort.Rc1	open	match	World Championship 12th	1921	Capablanca, Jose	Lasker, Emanuel	1-0	13	Capablanca, Jose-Lasker, Emanuel, World Championship 12th, Havana CUB, 1921
D.QGD.Ort.Rc1.b6	open	match	World Championship 12th	1921	Capablanca, Jose	Lasker, Emanuel	1/2-1/2	17	Capablanca, Jose-Lasker, Emanuel, World Championship 12th, Havana CUB, 1921
D.QGD.Ort.Rc1	open	match	World Championship 12th	1921	Capablanca, Jose	Lasker, Emanuel	1/2-1/2	13	Capablanca, Jose-Lasker, Emanuel, World Championship 12th, Havana CUB, 1921
D.QGD.Ort.Rc1	open	match	World Championship 12th	1921	Capablanca, Jose	Lasker, Emanuel	1-0	13	Capablanca, Jose-Lasker, Emanuel, World Championship 12th, Havana CUB, 1921
D.Sla.Qui.MLn.Bd3	open	match	World Championship 12th	1921	Lasker, Emanuel	Capablanca, Jose	1/2-1/2	11	Lasker, Emanuel-Capablanca, Jose, World Championship 12th, Havana CUB, 1921
E.Ind.WIn.f3.d5	open	match	Alekhine - Bogoljubov World Championship Match	1929	Alekhine, Alexander	Bogoljubow, Efim	1-0	6	Alekhine, Alexander-Bogoljubow, Efim, Alekhine - Bogoljubov World Championship Match, Berlin GER, 1929
D.QGD.Cmb.cxd5.Nxd5	open	match	Alekhine - Bogoljubov World Championship Match	1929	Alekhine, Alexander	Bogoljubow, Efim	0-1	14	Alekhine, Alexander-Bogoljubow, Efim, Alekhine - Bogoljubov World Championship Match, Berlin GER, 1929
D.Sla.Nf3.Nf6.e3.e6	open	match	Alekhine - Bogoljubov World Championship Match	1929	Bogoljubow, Efim	Alekhine, Alexander	1-0	8	Bogoljubow, Efim-Alekhine, Alexander, Alekhine - Bogoljubov World Championship Match, Berlin GER, 1929
D.Sla.Nf3.Nf6.e3.e6	open	match	Alekhine - Bogoljubov World Championship Match	1929	Alekhine, Alexander	Bogoljubow, Efim	1/2-1/2	8	Alekhine, Alexander-Bogoljubow, Efim, Alekhine - Bogoljubov World Championship Match, Wiesbaden GER, 1929
C.RyL.Ber.O-O.Hdg	open	match	World Championship 8th	1908	Tarrasch, Siegbert	Lasker, Emanuel	0-1	12	Tarrasch, Siegbert-Lasker, Emanuel, World Championship 8th, Dusseldorf wch-m, 1908
D.QPG.Zuk.c5	open	match	World Championship 8th	1908	Lasker, Emanuel	Tarrasch, Siegbert	1/2-1/2	4	Lasker, Emanuel-Tarrasch, Siegbert, World Championship 8th, Munchen wch-m, 1908
C.RyL.Exc.dxc6.d4.exd4.Qxd4	open	match	World Championship 8th	1908	Lasker, Emanuel	Tarrasch, Siegbert	1-0	11	Lasker, Emanuel-Tarrasch, Siegbert, World Championship 8th, Dusseldorf wch-m, 1908
C.RyL.Ber.Rio.Qe2.Nd6.MLn	open	match	World Championship 8th	1908	Tarrasch, Siegbert	Lasker, Emanuel	1-0	26	Tarrasch, Siegbert-Lasker, Emanuel, World Championship 8th, Munich GER, 1908
C.Fou.Spa.Dbl.MLn.Tar	open	match	World Championship 8th	1908	Tarrasch, Siegbert	Lasker, Emanuel	0-1	14	Tarrasch, Siegbert-Lasker, Emanuel, World Championship 8th, GER, 1908
C.RyL.Ber.O-O.Hdg	open	match	World Championship 8th	1908	Tarrasch, Siegbert	Lasker, Emanuel	0-1	12	Tarrasch, Siegbert-Lasker, Emanuel, World Championship 8th, Dusseldorf wch-m, 1908
B.Fre.Rub.Nxe4	open	match	World Championship 8th	1908	Tarrasch, Siegbert	Lasker, Emanuel	1/2-1/2	7	Tarrasch, Siegbert-Lasker, Emanuel, World Championship 8th, Munchen wch-m, 1908
D.Tar.e3.Nf6.Nf3.Nc6	open	match	World Championship 8th	1908	Lasker, Emanuel	Tarrasch, Siegbert	1-0	10	Lasker, Emanuel-Tarrasch, Siegbert, World Championship 8th, Duesseldorf/Munich, 1908
C.RyL.Cha.MLn.d4.Qc7.Nc6	open	match	World Championship 8th	1908	Lasker, Emanuel	Tarrasch, Siegbert	1-0	24	Lasker, Emanuel-Tarrasch, Siegbert, World Championship 8th, Munchen wch-m, 1908
C.RyL.Cha.MLn.d4.Qc7.Nc6	open	match	World Championship 8th	1908	Lasker, Emanuel	Tarrasch, Siegbert	0-1	24	Lasker, Emanuel-Tarrasch, Siegbert, World Championship 8th, GER, 1908
C.Fou.Spa.Dbl.MLn	open	match	World Championship 8th	1908	Tarrasch, Siegbert	Lasker, Emanuel	1-0	9	Tarrasch, Siegbert-Lasker, Emanuel, World Championship 8th, Munchen wch-m, 1908
B.Fre.Mac	open	match	World Championship 8th	1908	Lasker, Emanuel	Tarrasch, Siegbert	1/2-1/2	8	Lasker, Emanuel-Tarrasch, Siegbert, World Championship 8th, Munchen wch-m, 1908
B.Fre.Mac	open	match	World Championship 8th	1908	Lasker, Emanuel	Tarrasch, Siegbert	1-0	8	Lasker, Emanuel-Tarrasch, Siegbert, World Championship 8th, Munchen wch-m, 1908
B.Fre.Mac.exd5	open	match	World Championship 8th	1908	Lasker, Emanuel	Tarrasch, Siegbert	1-0	10	Lasker, Emanuel-Tarrasch, Siegbert, World Championship 8th, Munchen wch-m, 1908
C.RyL.Mor.Opn.MLn.a4.Nxd4	open	match	World Championship 10th	1910	Lasker, Emanuel	Morrison, John	1/2-1/2	16	Lasker, Emanuel-Morrison, John, World Championship 10th, Wenen wch-m, 1910
C.RyL.Mor.Opn.MLn.a4.Nxd4	open	match	World Championship 10th	1910	Lasker, Emanuel	Morrison, John	1/2-1/2	16	Lasker, Emanuel-Morrison, John, World Championship 10th, GER/AUT, 1910
C.RyL.Mor.Opn.MLn.a4	open	match	World Championship 10th	1910	Lasker, Emanuel	Morrison, John	1/2-1/2	15	Lasker, Emanuel-Morrison, John, World Championship 10th, Wenen wch-m, 1910
C.RyL.Mor.Opn.MLn.a4	open	match	World Championship 10th	1910	Lasker, Emanuel	Morrison, John	1/2-1/2	15	Lasker, Emanuel-Morrison, John, World Championship 10th, Berlijn wch-m, 1910
B.Sic.Cls.Soz.MST	open	match	World Championship 10th	1910	Morrison, John	Lasker, Emanuel	1/2-1/2	15	Morrison, John-Lasker, Emanuel, World Championship 10th, Berlijn wch-m, 1910
C.RyL.Ber.O-O.d6	open	match	World Championship 10th	1910	Morrison, John	Lasker, Emanuel	1/2-1/2	8	Morrison, John-Lasker, Emanuel, World Championship 10th, Wenen wch-m, 1910
C.RyL.Ber.O-O.Ben	open	match	World Championship 10th	1910	Morrison, John	Lasker, Emanuel	1-0	13	Morrison, John-Lasker, Emanuel, World Championship 10th, Wenen wch-m, 1910
C.RyL.Ber.O-O.d6.d4.Bd7	open	match	World Championship 10th	1910	Morrison, John	Lasker, Emanuel	1/2-1/2	10	Morrison, John-Lasker, Emanuel, World Championship 10th, Wenen wch-m, 1910
D.Sla.Sch.MLn.Bd3.O-O	open	match	World Championship 10th	1910	Lasker, Emanuel	Morrison, John	1-0	12	Lasker, Emanuel-Morrison, John, World Championship 10th, Berlijn wch-m, 1910
B.Sic.Sve.Nb3	open	match	World Championship 10th	1910	Morrison, John	Lasker, Emanuel	1/2-1/2	11	Morrison, John-Lasker, Emanuel, World Championship 10th, Berlijn wch-m, 1910
D.Tar.Cls.Spa	open	match	World Championship 27th	1969	Petrosian, Tigran V	Spassky, Boris V.	1/2-1/2	22	Petrosian, Tigran V-Spassky, Boris V., World Championship 27th, Moskou wch-m, 1969
D.Tar.Cls.Spa	open	match	World Championship 27th	1969	Petrosian, Tigran V	Spassky, Boris V.	1/2-1/2	22	Petrosian, Tigran V-Spassky, Boris V., World Championship 27th, Moskou wch-m, 1969
D.QGD.Cls.MLn.Ant	open	match	World Championship 27th	1969	Petrosian, Tigran V	Spassky, Boris V.	1-0	13	Petrosian, Tigran V-Spassky, Boris V., World Championship 27th, Moskou wch-m, 1969
E.Ind.e6.Nf3.d5.Bg5	open	match	World Championship 27th	1969	Petrosian, Tigran V	Spassky, Boris V.	1/2-1/2	7	Petrosian, Tigran V-Spassky, Boris V., World Championship 27th, Moskou wch-m, 1969
E.QID.Pet.KPe.d5	open	match	World Championship 27th	1969	Spassky, Boris V.	Petrosian, Tigran V	0-1	10	Spassky, Boris V.-Petrosian, Tigran V, World Championship 27th, Moskou wch-m, 1969
C.RyL.Cls.Kho	open	match	World Championship 27th	1969	Spassky, Boris V.	Petrosian, Tigran V	1-0	18	Spassky, Boris V.-Petrosian, Tigran V, World Championship 27th, Moscow RUS, 1969
D.Tar.Cls.Spa	open	match	World Championship 27th	1969	Petrosian, Tigran V	Spassky, Boris V.	0-1	22	Petrosian, Tigran V-Spassky, Boris V., World Championship 27th, Moskou wch-m, 1969
D.STa.Exc.MLn.Nxd5.Bb4	open	match	World Championship 27th	1969	Spassky, Boris Vasily	Petrosian, Tigran V	1-0	16	Spassky, Boris Vasily-Petrosian, Tigran V, World Championship 27th, Moskou wch-m, 1969
D.Sla.Cls.MLn.O-O.Nbd7	open	match	World Championship 27th	1969	Spassky, Boris Vasily	Petrosian, Tigran V	1/2-1/2	16	Spassky, Boris Vasily-Petrosian, Tigran V, World Championship 27th, Moskou wch-m, 1969
B.Sic.Naj.Bg5.Nbd7	open	match	World Championship 27th	1969	Spassky, Boris V.	Petrosian, Tigran V	1-0	12	Spassky, Boris V.-Petrosian, Tigran V, World Championship 27th, Moskou wch-m, 1969
B.Sic.Kan.Bd3	open	match	World Championship 27th	1969	Spassky, Boris Vasily	Petrosian, Tigran V	1-0	9	Spassky, Boris Vasily-Petrosian, Tigran V, World Championship 27th, Moskou wch-m, 1969
C.Pet.Nxe5.d6.Nf3.Nxe4.Qe2	open	match	World Championship 27th	1969	Spassky, Boris V.	Petrosian, Tigran V	1/2-1/2	9	Spassky, Boris V.-Petrosian, Tigran V, World Championship 27th, Moskou wch-m, 1969
C.Pet.Nxe5.d6.Nf3.Nxe4.Qe2	open	match	World Championship 27th	1969	Spassky, Boris Vasily	Petrosian, Tigran V	1/2-1/2	9	Spassky, Boris Vasily-Petrosian, Tigran V, World Championship 27th, Moskou wch-m, 1969
B.Sic.Kan.Bd3	open	match	World Championship 27th	1969	Spassky, Boris V.	Petrosian, Tigran V	0-1	9	Spassky, Boris V.-Petrosian, Tigran V, World Championship 27th, Moskou wch-m, 1969
B.Sic.Acc.Mar.Nf6.Nc3.Nxd4	open	match	World Championship 27th	1969	Spassky, Boris Vasily	Petrosian, Tigran V	1/2-1/2	12	Spassky, Boris Vasily-Petrosian, Tigran V, World Championship 27th, Moscow RUS, 1969
D.Tar.Cls.Bg5.MLn	open	match	World Championship 27th	1969	Petrosian, Tigran V	Spassky, Boris V.	1/2-1/2	22	Petrosian, Tigran V-Spassky, Boris V., World Championship 27th, Moskou wch-m, 1969
A.Hor.Fch.MLn.Bg5.Be7.Nf3	open	match	World Championship 27th	1969	Petrosian, Tigran V	Spassky, Boris V.	1/2-1/2	9	Petrosian, Tigran V-Spassky, Boris V., World Championship 27th, Moskou wch-m, 1969
D.Tar.Cls.Bg5.Be6	open	match	World Championship 27th	1969	Petrosian, Tigran V	Spassky, Boris V.	1/2-1/2	18	Petrosian, Tigran V-Spassky, Boris V., World Championship 27th, Moskou wch-m, 1969
D.QGD.Har	open	match	World Championship 27th	1969	Petrosian, Tigran V	Spassky, Boris V.	0-1	9	Petrosian, Tigran V-Spassky, Boris V., World Championship 27th, Moskou wch-m, 1969
D.QGD.Cls.MLn.Ant	open	match	World Championship 27th	1969	Petrosian, Tigran V	Spassky, Boris V.	1/2-1/2	13	Petrosian, Tigran V-Spassky, Boris V., World Championship 27th, Moskou wch-m, 1969
E.Ben.Czk.MLn.g6	open	match	World Championship 27th	1969	Spassky, Boris Vasily	Petrosian, Tigran V	1/2-1/2	10	Spassky, Boris Vasily-Petrosian, Tigran V, World Championship 27th, Moskou wch-m, 1969
E.Nim.Rub.Res	open	match	World Championship 27th	1969	Petrosian, Tigran V	Spassky, Boris V.	1-0	9	Petrosian, Tigran V-Spassky, Boris V., World Championship 27th, Moskou wch-m, 1969
B.Sic.Tay.Nc3.Qc7.Be3.a6	open	match	World Championship 27th	1969	Spassky, Boris Vasily	Petrosian, Tigran V	1/2-1/2	12	Spassky, Boris Vasily-Petrosian, Tigran V, World Championship 27th, Moskou wch-m, 1969
D.Cat.Cls.Qc2.Bf4	open	match	World Championship 25th	1963	Petrosian, Tigran V	Botvinnik, Mikhail	1/2-1/2	15	Petrosian, Tigran V-Botvinnik, Mikhail, World Championship 25th, Moskou wch-m, 1963
E.QID.Mod.Fch.MLn	open	match	World Championship 25th	1963	Petrosian, Tigran V	Botvinnik, Mikhail	1/2-1/2	13	Petrosian, Tigran V-Botvinnik, Mikhail, World Championship 25th, Moskou wch-m, 1963
A.Eng.AIn.Nc3.d5.cxd5.g6	open	match	World Championship 25th	1963	Petrosian, Tigran V	Botvinnik, Mikhail	1/2-1/2	8	Petrosian, Tigran V-Botvinnik, Mikhail, World Championship 25th, Moskou wch-m, 1963
D.QGA.Cls.Rub.MLn.Qe2.Be7	open	match	World Championship 25th	1963	Botvinnik, Mikhail	Petrosian, Tigran V	1/2-1/2	16	Botvinnik, Mikhail-Petrosian, Tigran V, World Championship 25th, Moskou wch-m, 1963
D.QGA.Cls.Rub.MLn.Qe2	open	match	World Championship 25th	1963	Botvinnik, Mikhail	Petrosian, Tigran V	1/2-1/2	15	Botvinnik, Mikhail-Petrosian, Tigran V, World Championship 25th, Moskou wch-m, 1963
D.QGA.Cls.Rub.MLn.Qe2	open	match	World Championship 25th	1963	Botvinnik, Mikhail	Petrosian, Tigran V	1/2-1/2	15	Botvinnik, Mikhail-Petrosian, Tigran V, World Championship 25th, Moscow RUS, 1963
D.QGA.Cls.Rub.MLn.Qe2.Be7	open	match	World Championship 25th	1963	Botvinnik, Mikhail	Petrosian, Tigran V	1/2-1/2	16	Botvinnik, Mikhail-Petrosian, Tigran V, World Championship 25th, Moskou wch-m, 1963
D.Tar.e3.Nf6.Nf3.Nc6	open	match	World Championship 25th	1963	Petrosian, Tigran V	Botvinnik, Mikhail	1/2-1/2	10	Petrosian, Tigran V-Botvinnik, Mikhail, World Championship 25th, Moskou wch-m, 1963
E.Gru.Thr.e3.O-O	open	match	World Championship 25th	1963	Petrosian, Tigran V	Botvinnik, Mikhail	1-0	10	Petrosian, Tigran V-Botvinnik, Mikhail, World Championship 25th, Moskou wch-m, 1963
A.Eng.GSn	open	match	World Championship 25th	1963	Petrosian, Tigran V	Botvinnik, Mikhail	1-0	2	Petrosian, Tigran V-Botvinnik, Mikhail, World Championship 25th, Moskou wch-m, 1963
D.QGD.Alt	open	match	World Championship 25th	1963	Botvinnik, Mikhail	Petrosian, Tigran V	1/2-1/2	6	Botvinnik, Mikhail-Petrosian, Tigran V, World Championship 25th, Moskou wch-m, 1963
D.QGD.Alt	open	match	World Championship 25th	1963	Botvinnik, Mikhail	Petrosian, Tigran V	1-0	6	Botvinnik, Mikhail-Petrosian, Tigran V, World Championship 25th, Moskou wch-m, 1963
D.QGD.Alt	open	match	World Championship 25th	1963	Botvinnik, Mikhail	Petrosian, Tigran V	0-1	6	Botvinnik, Mikhail-Petrosian, Tigran V, World Championship 25th, Moskou wch-m, 1963
E.Nim.Cls.d5.cxd5.exd5	open	match	World Championship 25th	1963	Petrosian, Tigran V	Botvinnik, Mikhail	0-1	10	Petrosian, Tigran V-Botvinnik, Mikhail, World Championship 25th, Moskou wch-m, 1963
E.QID.Mod.Fch.MLn	open	match	World Championship 25th	1963	Petrosian, Tigran V	Botvinnik, Mikhail	1/2-1/2	13	Petrosian, Tigran V-Botvinnik, Mikhail, World Championship 25th, Moskou wch-m, 1963
E.QID.Sps.Bb7	open	match	World Championship 25th	1963	Petrosian, Tigran V	Botvinnik, Mikhail	1/2-1/2	8	Petrosian, Tigran V-Botvinnik, Mikhail, World Championship 25th, Moskou wch-m, 1963
A.Eng.Sym.Nc3.Nc6	open	match	World Championship 25th	1963	Botvinnik, Mikhail	Petrosian, Tigran V	1/2-1/2	4	Botvinnik, Mikhail-Petrosian, Tigran V, World Championship 25th, Moskou wch-m, 1963
E.QID.Mod.Fch.MLn.Trd	open	match	World Championship 25th	1963	Petrosian, Tigran V	Botvinnik, Mikhail	1-0	17	Petrosian, Tigran V-Botvinnik, Mikhail, World Championship 25th, Moskou wch-m, 1963
D.QGA.Man	open	match	World Championship 25th	1963	Botvinnik, Mikhail	Petrosian, Tigran V	1/2-1/2	7	Botvinnik, Mikhail-Petrosian, Tigran V, World Championship 25th, Moskou wch-m, 1963
D.QGA.Cls.MLn	open	match	World Championship 25th	1963	Botvinnik, Mikhail	Petrosian, Tigran V	1/2-1/2	12	Botvinnik, Mikhail-Petrosian, Tigran V, World Championship 25th, Moskou wch-m, 1963
D.QGA.Cls.Rub.MLn.Qe2	open	match	World Championship 25th	1963	Botvinnik, Mikhail	Petrosian, Tigran V	1/2-1/2	15	Botvinnik, Mikhail-Petrosian, Tigran V, World Championship 25th, Moskou wch-m, 1963
E.Gru.Qb3	open	match	World Championship 25th	1963	Petrosian, Tigran V	Botvinnik, Mikhail	1-0	7	Petrosian, Tigran V-Botvinnik, Mikhail, World Championship 25th, Moskou wch-m, 1963
A.Eng.AIn.Nc3.g6	open	match	World Championship 21th	1957	Botvinnik, Mikhail	Smyslov, Vladimir	0-1	4	Botvinnik, Mikhail-Smyslov, Vladimir, World Championship 21th, Moskou wch-m, 1957
C.RyL.Cha.MLn.d4.Qc7.dxc5	open	match	World Championship 21th	1957	Smyslov, Vasily	Botvinnik, Mikhail	1/2-1/2	25	Smyslov, Vasily-Botvinnik, Mikhail, World Championship 21th, Moscow RUS, 1957
B.Fre.Win	open	match	World Championship 21th	1957	Smyslov, Vladimir	Botvinnik, Mikhail	1/2-1/2	6	Smyslov, Vladimir-Botvinnik, Mikhail, World Championship 21th, Moskou wch-m, 1957
B.Fre.Bur	open	match	World Championship 21th	1957	Smyslov, Vladimir	Botvinnik, Mikhail	1/2-1/2	8	Smyslov, Vladimir-Botvinnik, Mikhail, World Championship 21th, Moskou wch-m, 1957
A.Eng.Sym.Nc3.Nc6.g3.Bg2	open	match	World Championship 21th	1957	Botvinnik, Mikhail	Smyslov, Vladimir	1/2-1/2	8	Botvinnik, Mikhail-Smyslov, Vladimir, World Championship 21th, Moskou wch-m, 1957
B.Sic.Cls.Rch.e6.Qd2.a6	open	match	World Championship 21th	1957	Smyslov, Vladimir	Botvinnik, Mikhail	0-1	14	Smyslov, Vladimir-Botvinnik, Mikhail, World Championship 21th, Moskou wch-m, 1957
B.Fre.Win.Adv.MLn.Qc7	open	match	World Championship 21th	1957	Smyslov, Vladimir	Botvinnik, Mikhail	1-0	12	Smyslov, Vladimir-Botvinnik, Mikhail, World Championship 21th, Moskou wch-m, 1957
E.Gru.Fch.Pac	open	match	World Championship 21th	1957	Botvinnik, Mikhail	Smyslov, Vladimir	0-1	12	Botvinnik, Mikhail-Smyslov, Vladimir, World Championship 21th, Moskou wch-m, 1957
C.RyL.Cha.MLn.d4.Qc7.dxc5	open	match	World Championship 21th	1957	Smyslov, Vasily	Botvinnik, Mikhail	1/2-1/2	25	Smyslov, Vasily-Botvinnik, Mikhail, World Championship 21th, Moscow RUS, 1957
E.Nim.Rub.Flo	open	match	World Championship 21th	1957	Botvinnik, Mikhail	Smyslov, Vladimir	1/2-1/2	10	Botvinnik, Mikhail-Smyslov, Vladimir, World Championship 21th, Moskou wch-m, 1957
E.Ind.WIn.g3	open	match	World Championship 21th	1957	Botvinnik, Mikhail	Smyslov, Vladimir	1/2-1/2	5	Botvinnik, Mikhail-Smyslov, Vladimir, World Championship 21th, Moskou wch-m, 1957
E.KID.Fch.MLn.O-O.Lrs	open	match	World Championship 21th	1957	Botvinnik, Mikhail	Smyslov, Vladimir	1/2-1/2	14	Botvinnik, Mikhail-Smyslov, Vladimir, World Championship 21th, Moskou wch-m, 1957
E.KID.Fch.Sim.MLn.Blk	open	match	World Championship 21th	1957	Botvinnik, Mikhail	Smyslov, Vladimir	1/2-1/2	20	Botvinnik, Mikhail-Smyslov, Vladimir, World Championship 21th, Moskou wch-m, 1957
E.KID.Fch.MLn	open	match	World Championship 21th	1957	Botvinnik, Mikhail	Smyslov, Vladimir	1-0	11	Botvinnik, Mikhail-Smyslov, Vladimir, World Championship 21th, Moskou wch-m, 1957
E.Gru.Rus.Hng.e4.Bg4	open	match	World Championship 21th	1957	Smyslov, Vasily	Botvinnik, Mikhail	1-0	14	Smyslov, Vasily-Botvinnik, Mikhail, World Championship 21th, Moscow RUS, 1957
A.Ret.Nf6.g3.g6.Bg2.Bg7	open	match	World Championship 21th	1957	Botvinnik, Mikhail	Smyslov, Vladimir	1/2-1/2	6	Botvinnik, Mikhail-Smyslov, Vladimir, World Championship 21th, Moskou wch-m, 1957
B.Fre.Win.Adv.MLn.Qc7	open	match	World Championship 21th	1957	Smyslov, Vladimir	Botvinnik, Mikhail	1/2-1/2	12	Smyslov, Vladimir-Botvinnik, Mikhail, World Championship 21th, Moskou wch-m, 1957
E.Nim.Rub.Flo	open	match	World Championship 21th	1957	Botvinnik, Mikhail	Smyslov, Vladimir	1-0	10	Botvinnik, Mikhail-Smyslov, Vladimir, World Championship 21th, Moskou wch-m, 1957
E.Nim.Rub.Flo	open	match	World Championship 21th	1957	Botvinnik, Mikhail	Smyslov, Vladimir	1/2-1/2	10	Botvinnik, Mikhail-Smyslov, Vladimir, World Championship 21th, Moskou wch-m, 1957
A.Ret.g6.d4	open	match	World Championship 21th	1957	Smyslov, Vladimir	Botvinnik, Mikhail	1-0	8	Smyslov, Vladimir-Botvinnik, Mikhail, World Championship 21th, Moskou wch-m, 1957
B.Sic.Cls.Rch.e6.Qd2.a6	open	match	World Championship 21th	1957	Smyslov, Vladimir	Botvinnik, Mikhail	1-0	14	Smyslov, Vladimir-Botvinnik, Mikhail, World Championship 21th, Moskou wch-m, 1957
B.Sic.Cls.Rch.e6.Qd2.a6	open	match	World Championship 21th	1957	Smyslov, Vladimir	Botvinnik, Mikhail	1/2-1/2	14	Smyslov, Vladimir-Botvinnik, Mikhail, World Championship 21th, Moskou wch-m, 1957
D.Sla.Nf3.Nf6.Nc3.Sch	open	match	World Championship 19th	1951	Bronstein, David I	Botvinnik, Mikhail	1/2-1/2	8	Bronstein, David I-Botvinnik, Mikhail, World Championship 19th, Moskou wch-m, 1951
A.Hol.Sto.Bot.MLn.Ba3	open	match	World Championship 19th	1951	Botvinnik, Mikhail	Bronstein, David I	1-0	15	Botvinnik, Mikhail-Bronstein, David I, World Championship 19th, Moskou wch-m, 1951
E.KID.Fch.Kav.Nc3.e5.h3	open	match	World Championship 19th	1951	Botvinnik, Mikhail	Bronstein, David I	0-1	17	Botvinnik, Mikhail-Bronstein, David I, World Championship 19th, Moskou wch-m, 1951
A.Eng.Agi.Nf3.Nf6.g3.b6	open	match	World Championship 19th	1951	Bronstein, David I	Botvinnik, Mikhail	1/2-1/2	6	Bronstein, David I-Botvinnik, Mikhail, World Championship 19th, Moskou wch-m, 1951
A.Hng.Cat.Nf3	open	match	World Championship 19th	1951	Bronstein, David I	Botvinnik, Mikhail	1/2-1/2	5	Bronstein, David I-Botvinnik, Mikhail, World Championship 19th, Moskou wch-m, 1951
A.Hol.Cls.c4	open	match	World Championship 19th	1951	Bronstein, David I	Botvinnik, Mikhail	1-0	8	Bronstein, David I-Botvinnik, Mikhail, World Championship 19th, Moskou wch-m, 1951
A.Hol.Cls.c4	open	match	World Championship 19th	1951	Botvinnik, Mikhail	Bronstein, David I	1/2-1/2	8	Botvinnik, Mikhail-Bronstein, David I, World Championship 19th, Moskou wch-m, 1951
A.Hol.Cls.c4	open	match	World Championship 19th	1951	Bronstein, David I	Botvinnik, Mikhail	1/2-1/2	8	Bronstein, David I-Botvinnik, Mikhail, World Championship 19th, Moskou wch-m, 1951
A.Hol.c4.e6	open	match	World Championship 19th	1951	Bronstein, David I	Botvinnik, Mikhail	0-1	4	Bronstein, David I-Botvinnik, Mikhail, World Championship 19th, Moskou wch-m, 1951
A.Hol.Cls.c4	open	match	World Championship 19th	1951	Botvinnik, Mikhail	Bronstein, David I	1/2-1/2	8	Botvinnik, Mikhail-Bronstein, David I, World Championship 19th, Moskou wch-m, 1951
D.Sem.Bg5.dxc4	open	match	World Championship 19th	1951	Bronstein, David I	Botvinnik, Mikhail	1/2-1/2	10	Bronstein, David I-Botvinnik, Mikhail, World Championship 19th, Moskou wch-m, 1951
B.Fre.Tar.Ope.MLn	open	match	World Championship 19th	1951	Botvinnik, Mikhail	Bronstein, David I	1/2-1/2	8	Botvinnik, Mikhail-Bronstein, David I, World Championship 19th, Moskou wch-m, 1951
E.Nim.Rub.Flo	open	match	World Championship 19th	1951	Botvinnik, Mikhail	Bronstein, David I	0-1	10	Botvinnik, Mikhail-Bronstein, David I, World Championship 19th, Moskou wch-m, 1951
E.Nim.Rub.StP.Ne2	open	match	World Championship 19th	1951	Botvinnik, Mikhail	Bronstein, David I	1/2-1/2	9	Botvinnik, Mikhail-Bronstein, David I, World Championship 19th, Moskou wch-m, 1951
E.QID.Mod.Fch.Euw	open	match	World Championship 19th	1951	Botvinnik, Mikhail	Bronstein, David I	0-1	13	Botvinnik, Mikhail-Bronstein, David I, World Championship 19th, Moskou wch-m, 1951
E.Nim.Rub.StP.MLn.Nf3.Ca4	open	match	World Championship 19th	1951	Botvinnik, Mikhail	Bronstein, David I	0-1	18	Botvinnik, Mikhail-Bronstein, David I, World Championship 19th, Moskou wch-m, 1951
E.Ind.WIn.g3	open	match	World Championship 19th	1951	Botvinnik, Mikhail	Bronstein, David I	1-0	5	Botvinnik, Mikhail-Bronstein, David I, World Championship 19th, Moskou wch-m, 1951
E.Gru.Neo.MLn.cxd5.O-O	open	match	World Championship 19th	1951	Botvinnik, Mikhail	Bronstein, David I	1-0	13	Botvinnik, Mikhail-Bronstein, David I, World Championship 19th, Moskou wch-m, 1951
B.Sic.Cls.Rch.e6.Qd2	open	match	World Championship 19th	1951	Bronstein, David I	Botvinnik, Mikhail	0-1	13	Bronstein, David I-Botvinnik, Mikhail, World Championship 19th, Moskou wch-m, 1951
B.Fre.Tar.Ope.MLn	open	match	World Championship 19th	1951	Botvinnik, Mikhail	Bronstein, David I	1/2-1/2	8	Botvinnik, Mikhail-Bronstein, David I, World Championship 19th, Moskou wch-m, 1951
D.QGA.Bog.MLn.O-O	women	match	Wch women Riga LAT	1965	Kushnir Aleksandr	Gaprindashvili, Nona	0-1	11	Kushnir Aleksandr-Gaprindashvili, Nona, Wch women Riga LAT, Wch women Riga LAT, 1965
D.QGA.Cls.Rub.MLn.Qe2	women	match	Wch women Riga LAT	1965	Kushnir Aleksandr	Gaprindashvili, Nona	0-1	15	Kushnir Aleksandr-Gaprindashvili, Nona, Wch women Riga LAT, Wch women Riga LAT, 1965
D.QGA.Cls.Rub.MLn.Qe2	women	match	Wch women Riga LAT	1965	Kushnir Aleksandr	Gaprindashvili, Nona	1/2-1/2	15	Kushnir Aleksandr-Gaprindashvili, Nona, Wch women Riga LAT, Wch women Riga LAT, 1965
C.RyL.Mor.Ba4.Nf6.O-O.Cen	women	match	Wch women Riga LAT	1965	Gaprindashvili, Nona	Kushnir Aleksandr	1/2-1/2	11	Gaprindashvili, Nona-Kushnir Aleksandr, Wch women Riga LAT, Wch women Riga LAT, 1965
C.RyL.Mor.Ba4.Nf6.O-O.Cen	women	match	Wch women Riga LAT	1965	Gaprindashvili, Nona	Kushnir Aleksandr	1-0	11	Gaprindashvili, Nona-Kushnir Aleksandr, Wch women Riga LAT, Wch women Riga LAT, 1965
C.RyL.Mor.Wor	women	match	Wch women Riga LAT	1965	Gaprindashvili, Nona	Kushnir Aleksandr	0-1	9	Gaprindashvili, Nona-Kushnir Aleksandr, Wch women Riga LAT, Wch women Riga LAT, 1965
C.Fou.Spa.Rub.MLn	women	match	Wch women Riga LAT	1965	Gaprindashvili, Nona	Kushnir Aleksandr	1-0	9	Gaprindashvili, Nona-Kushnir Aleksandr, Wch women Riga LAT, Wch women Riga LAT, 1965
D.QGA.Nf3.Nf6.Nc3	women	match	Wch women Riga LAT	1965	Kushnir Aleksandr	Gaprindashvili, Nona	0-1	7	Kushnir Aleksandr-Gaprindashvili, Nona, Wch women Riga LAT, Wch women Riga LAT, 1965
B.Mod.Std.Nc3.StD	women	match	Wch women Riga LAT	1965	Kushnir Aleksandr	Gaprindashvili, Nona	0-1	6	Kushnir Aleksandr-Gaprindashvili, Nona, Wch women Riga LAT, Wch women Riga LAT, 1965
B.Sic.Cls.Rch.e6.Qd2.Bd7	women	match	Wch women Riga LAT	1965	Gaprindashvili, Nona	Kushnir Aleksandr	0-1	16	Gaprindashvili, Nona-Kushnir Aleksandr, Wch women Riga LAT, Wch women Riga LAT, 1965
A.Hol.Sto.c4.Nc3.c6	open	match	World Championship 22th	1958	Botvinnik, Mikhail	Smyslov, Vladimir	0-1	14	Botvinnik, Mikhail-Smyslov, Vladimir, World Championship 22th, Moskou wch-m, 1958
E.KID.Sml.Cst.Be3	open	match	World Championship 22th	1958	Botvinnik, Mikhail	Smyslov, Vladimir	1-0	11	Botvinnik, Mikhail-Smyslov, Vladimir, World Championship 22th, Moskou wch-m, 1958
E.Gru.Rus.Hng.e4.Bg4	open	match	World Championship 22th	1958	Botvinnik, Mikhail	Smyslov, Vladimir	1/2-1/2	14	Botvinnik, Mikhail-Smyslov, Vladimir, World Championship 22th, Moskou wch-m, 1958
B.CaK.Cls.Spd.Nd7	open	match	World Championship 22th	1958	Smyslov, Vasily	Botvinnik, Mikhail	0-1	14	Smyslov, Vasily-Botvinnik, Mikhail, World Championship 22th, Moscow RUS, 1958
B.CaK.Fan	open	match	World Championship 22th	1958	Smyslov, Vladimir	Botvinnik, Mikhail	1-0	5	Smyslov, Vladimir-Botvinnik, Mikhail, World Championship 22th, Moskou wch-m, 1958
A.Ret.Nf6.g3.g6.b4	open	match	World Championship 22th	1958	Smyslov, Vladimir	Botvinnik, Mikhail	1/2-1/2	5	Smyslov, Vladimir-Botvinnik, Mikhail, World Championship 22th, Moskou wch-m, 1958
B.CaK.Two.Bg4.h3.Bxf3	open	match	World Championship 22th	1958	Smyslov, Vladimir	Botvinnik, Mikhail	1-0	8	Smyslov, Vladimir-Botvinnik, Mikhail, World Championship 22th, Moskou wch-m, 1958
B.CaK.Two.Nf6.MLn	open	match	World Championship 22th	1958	Smyslov, Vladimir	Botvinnik, Mikhail	1/2-1/2	9	Smyslov, Vladimir-Botvinnik, Mikhail, World Championship 22th, Moskou wch-m, 1958
A.Ret.Ang.g3.Nf6.b3.Bf5	open	match	World Championship 22th	1958	Botvinnik, Mikhail	Smyslov, Vladimir	1-0	8	Botvinnik, Mikhail-Smyslov, Vladimir, World Championship 22th, Moskou wch-m, 1958
B.Sic.Old.d4.cxd4.Nxd4.Nf6	open	match	World Championship 22th	1958	Smyslov, Vladimir	Botvinnik, Mikhail	1/2-1/2	8	Smyslov, Vladimir-Botvinnik, Mikhail, World Championship 22th, Moskou wch-m, 1958
B.Sic.Dra.Be3.Bg7.Be2.Nc6	open	match	World Championship 22th	1958	Smyslov, Vladimir	Botvinnik, Mikhail	1/2-1/2	14	Smyslov, Vladimir-Botvinnik, Mikhail, World Championship 22th, Moskou wch-m, 1958
E.KID.Fch.Kav.Nc3.e5.h3	open	match	World Championship 22th	1958	Botvinnik, Mikhail	Smyslov, Vladimir	1/2-1/2	17	Botvinnik, Mikhail-Smyslov, Vladimir, World Championship 22th, Moskou wch-m, 1958
A.Eng.AIn.Nc3.d5.cxd5.Nxc3	open	match	World Championship 22th	1958	Botvinnik, Mikhail	Smyslov, Vladimir	1/2-1/2	10	Botvinnik, Mikhail-Smyslov, Vladimir, World Championship 22th, Moskou wch-m, 1958
A.Eng.AIn.Nc3.d5.cxd5.Nxc3	open	match	World Championship 22th	1958	Botvinnik, Mikhail	Smyslov, Vladimir	1/2-1/2	10	Botvinnik, Mikhail-Smyslov, Vladimir, World Championship 22th, Moskou wch-m, 1958
D.Sem.Mer.Bd3.b4	open	match	World Championship 22th	1958	Smyslov, Vladimir	Botvinnik, Mikhail	1/2-1/2	16	Smyslov, Vladimir-Botvinnik, Mikhail, World Championship 22th, Moskou wch-m, 1958
E.Gru.Rus.Hng.e4.Bg4	open	match	World Championship 22th	1958	Smyslov, Vladimir	Botvinnik, Mikhail	1-0	14	Smyslov, Vladimir-Botvinnik, Mikhail, World Championship 22th, Moskou wch-m, 1958
B.Sic.Dra.Be3.Bg7.Be2.Nc6	open	match	World Championship 22th	1958	Smyslov, Vladimir	Botvinnik, Mikhail	1/2-1/2	14	Smyslov, Vladimir-Botvinnik, Mikhail, World Championship 22th, Moskou wch-m, 1958
B.Sic.Dra.Be3.Bg7.Be2.Nc6	open	match	World Championship 22th	1958	Smyslov, Vladimir	Botvinnik, Mikhail	1-0	14	Smyslov, Vladimir-Botvinnik, Mikhail, World Championship 22th, Moskou wch-m, 1958
A.Eng.Sym.Nf3	open	match	World Championship 22th	1958	Botvinnik, Mikhail	Smyslov, Vladimir	1/2-1/2	3	Botvinnik, Mikhail-Smyslov, Vladimir, World Championship 22th, Moskou wch-m, 1958
B.Mod.Avk	open	match	World Championship 22th	1958	Botvinnik, Mikhail	Smyslov, Vladimir	1-0	7	Botvinnik, Mikhail-Smyslov, Vladimir, World Championship 22th, Moskou wch-m, 1958
A.Eng.AIn.Nc3.d5.cxd5.Nxc3	open	match	World Championship 22th	1958	Botvinnik, Mikhail	Smyslov, Vladimir	1-0	10	Botvinnik, Mikhail-Smyslov, Vladimir, World Championship 22th, Moskou wch-m, 1958
A.Eng.AIn.Nc3.d5.cxd5.Nxc3	open	match	World Championship 22th	1958	Botvinnik, Mikhail	Smyslov, Vladimir	1-0	10	Botvinnik, Mikhail-Smyslov, Vladimir, World Championship 22th, Moskou wch-m, 1958
B.CaK.Two.Bg4.h3.Bxf3	open	match	World Championship 22th	1958	Smyslov, Vladimir	Botvinnik, Mikhail	0-1	8	Smyslov, Vladimir-Botvinnik, Mikhail, World Championship 22th, Moskou wch-m, 1958
E.Nim.Sml.Bxc3.bxc3	open	match	World Championship 23th	1960	Botvinnik, Mikhail	Tal, Mikhail	1/2-1/2	9	Botvinnik, Mikhail-Tal, Mikhail, World Championship 23th, Moskou wch-m, 1960
A.Ret.Nf6.g3.g6.Bg2.Bg7	open	match	World Championship 23th	1960	Tal, Mikhail	Botvinnik, Mikhail	1-0	6	Tal, Mikhail-Botvinnik, Mikhail, World Championship 23th, Moscow RUS, 1960
A.Ret.Nf6.g3.g6.Bg2.Bg7	open	match	World Championship 23th	1960	Tal, Mikhail	Botvinnik, Mikhail	1-0	6	Tal, Mikhail-Botvinnik, Mikhail, World Championship 23th, Moskou wch-m, 1960
E.Nim.Sml.Bxc3.bxc3.O-O	open	match	World Championship 23th	1960	Botvinnik, Mikhail	Tal, Mikhail	1/2-1/2	10	Botvinnik, Mikhail-Tal, Mikhail, World Championship 23th, Moskou wch-m, 1960
B.CaK.Cls.Ng3.Bg6	open	match	World Championship 23th	1960	Tal, Mikhail	Botvinnik, Mikhail	0-1	10	Tal, Mikhail-Botvinnik, Mikhail, World Championship 23th, Moskou wch-m, 1960
B.CaK.Cls.Ng3.Bg6	open	match	World Championship 23th	1960	Tal, Mikhail	Botvinnik, Mikhail	1-0	10	Tal, Mikhail-Botvinnik, Mikhail, World Championship 23th, Moskou wch-m, 1960
B.Fre.Win.Adv.MLn.Qc7	open	match	World Championship 23th	1960	Tal, Mikhail	Botvinnik, Mikhail	1-0	12	Tal, Mikhail-Botvinnik, Mikhail, World Championship 23th, Moskou wch-m, 1960
E.Nim.Sml.Bxc3.bxc3	open	match	World Championship 23th	1960	Botvinnik, Mikhail	Tal, Mikhail	1/2-1/2	9	Botvinnik, Mikhail-Tal, Mikhail, World Championship 23th, Moskou wch-m, 1960
E.Nim.Sml.Bxc3.bxc3	open	match	World Championship 23th	1960	Botvinnik, Mikhail	Tal, Mikhail	1/2-1/2	9	Botvinnik, Mikhail-Tal, Mikhail, World Championship 23th, Moskou wch-m, 1960
E.QID.Mod.Fch.MLn.Trd	open	match	World Championship 23th	1960	Tal, Mikhail	Botvinnik, Mikhail	1/2-1/2	17	Tal, Mikhail-Botvinnik, Mikhail, World Championship 23th, Moscow RUS, 1960
B.CaK.Cls.Ng3.Bg6	open	match	World Championship 23th	1960	Tal, Mikhail	Botvinnik, Mikhail	1/2-1/2	10	Tal, Mikhail-Botvinnik, Mikhail, World Championship 23th, Moskou wch-m, 1960
B.CaK.Two.Bg4.h3.Bxf3	open	match	World Championship 23th	1960	Tal, Mikhail	Botvinnik, Mikhail	1/2-1/2	8	Tal, Mikhail-Botvinnik, Mikhail, World Championship 23th, Moskou wch-m, 1960
B.CaK.Cls.Ng3.Bg6	open	match	World Championship 23th	1960	Tal, Mikhail	Botvinnik, Mikhail	1/2-1/2	10	Tal, Mikhail-Botvinnik, Mikhail, World Championship 23th, Moskou wch-m, 1960
A.Eng.Sym.Nf3.Nf6	open	match	World Championship 23th	1960	Tal, Mikhail	Botvinnik, Mikhail	1/2-1/2	4	Tal, Mikhail-Botvinnik, Mikhail, World Championship 23th, Moskou wch-m, 1960
E.Ind.e6.Nf3.c5.d5.exd5	open	match	World Championship 23th	1960	Botvinnik, Mikhail	Tal, Mikhail	1-0	8	Botvinnik, Mikhail-Tal, Mikhail, World Championship 23th, Moskou wch-m, 1960
B.CaK.Cls.Ng3.Bg6	open	match	World Championship 23th	1960	Tal, Mikhail	Botvinnik, Mikhail	1-0	10	Tal, Mikhail-Botvinnik, Mikhail, World Championship 23th, Moskou wch-m, 1960
E.KID.Fch.Kav.Nc3.e5.h3	open	match	World Championship 23th	1960	Botvinnik, Mikhail	Tal, Mikhail	0-1	17	Botvinnik, Mikhail-Tal, Mikhail, World Championship 23th, Moskou wch-m, 1960
E.Ind.e6.Nf3.c5.d5.Bg5	open	match	World Championship 23th	1960	Botvinnik, Mikhail	Tal, Mikhail	1/2-1/2	13	Botvinnik, Mikhail-Tal, Mikhail, World Championship 23th, Moskou wch-m, 1960
E.KID.Sml.Ort.d5.c6	open	match	World Championship 23th	1960	Botvinnik, Mikhail	Tal, Mikhail	1/2-1/2	14	Botvinnik, Mikhail-Tal, Mikhail, World Championship 23th, Moskou wch-m, 1960
E.Nim.Sml.Bxc3.bxc3	open	match	World Championship 23th	1960	Botvinnik, Mikhail	Tal, Mikhail	1/2-1/2	9	Botvinnik, Mikhail-Tal, Mikhail, World Championship 23th, Moskou wch-m, 1960
E.KID.Sml.Ort.Exc.dxe5	open	match	World Championship 24th	1961	Botvinnik, Mikhail	Tal, Mikhail	1-0	14	Botvinnik, Mikhail-Tal, Mikhail, World Championship 24th, Moskou wch-m, 1961
E.KID.Sml.Cst.Be3	open	match	World Championship 24th	1961	Botvinnik, Mikhail	Tal, Mikhail	1-0	11	Botvinnik, Mikhail-Tal, Mikhail, World Championship 24th, Moskou wch-m, 1961
D.Sla.Exc.MLn.e3.Bf5.Nf3	open	match	World Championship 24th	1961	Botvinnik, Mikhail	Tal, Mikhail	1-0	13	Botvinnik, Mikhail-Tal, Mikhail, World Championship 24th, Moskou wch-m, 1961
B.CaK.Adv.Tal	open	match	World Championship 24th	1961	Tal, Mikhail	Botvinnik, Mikhail	0-1	7	Tal, Mikhail-Botvinnik, Mikhail, World Championship 24th, Moskou wch-m, 1961
B.CaK.Adv.Tal.h5	open	match	World Championship 24th	1961	Tal, Mikhail	Botvinnik, Mikhail	1/2-1/2	8	Tal, Mikhail-Botvinnik, Mikhail, World Championship 24th, Moskou wch-m, 1961
B.CaK.Cls.Ng3.Bg6	open	match	World Championship 24th	1961	Tal, Mikhail	Botvinnik, Mikhail	1-0	10	Tal, Mikhail-Botvinnik, Mikhail, World Championship 24th, Moskou wch-m, 1961
B.Fre.Win.Adv.MLn.Qc7	open	match	World Championship 24th	1961	Tal, Mikhail	Botvinnik, Mikhail	1-0	12	Tal, Mikhail-Botvinnik, Mikhail, World Championship 24th, Moskou wch-m, 1961
B.CaK.Adv.Tal	open	match	World Championship 24th	1961	Tal, Mikhail	Botvinnik, Mikhail	0-1	7	Tal, Mikhail-Botvinnik, Mikhail, World Championship 24th, Moskou wch-m, 1961
B.CaK.Adv.Tal	open	match	World Championship 24th	1961	Tal, Mikhail	Botvinnik, Mikhail	1/2-1/2	7	Tal, Mikhail-Botvinnik, Mikhail, World Championship 24th, Moskou wch-m, 1961
A.Eng.Rev.Nc3.Nf6.g3.c6	open	match	World Championship 24th	1961	Botvinnik, Mikhail	Tal, Mikhail	1-0	6	Botvinnik, Mikhail-Tal, Mikhail, World Championship 24th, Moskou wch-m, 1961
B.CaK.Adv.Bot	open	match	World Championship 24th	1961	Tal, Mikhail	Botvinnik, Mikhail	1/2-1/2	6	Tal, Mikhail-Botvinnik, Mikhail, World Championship 24th, Moskou wch-m, 1961
B.CaK.Adv.Bot	open	match	World Championship 24th	1961	Tal, Mikhail	Botvinnik, Mikhail	1-0	6	Tal, Mikhail-Botvinnik, Mikhail, World Championship 24th, Moskou wch-m, 1961
B.CaK.Adv.Bot	open	match	World Championship 24th	1961	Tal, Mikhail	Botvinnik, Mikhail	1/2-1/2	6	Tal, Mikhail-Botvinnik, Mikhail, World Championship 24th, Moskou wch-m, 1961
E.Nim.Rub.Cls.a3	open	match	World Championship 24th	1961	Botvinnik, Mikhail	Tal, Mikhail	1-0	11	Botvinnik, Mikhail-Tal, Mikhail, World Championship 24th, Moskou wch-m, 1961
E.Nim.Rub.Cls.a3	open	match	World Championship 24th	1961	Botvinnik, Mikhail	Tal, Mikhail	1-0	11	Botvinnik, Mikhail-Tal, Mikhail, World Championship 24th, Moskou wch-m, 1961
E.Nim.Sml.Bxc3.bxc3	open	match	World Championship 24th	1961	Botvinnik, Alexander	Al Tal, Ammar	1-0	9	Botvinnik, Alexander-Al Tal, Ammar, World Championship 24th, World Championship Match, 1961
E.Nim.Rub.Cls.a3	open	match	World Championship 24th	1961	Botvinnik, Mikhail	Tal, Mikhail	1/2-1/2	11	Botvinnik, Mikhail-Tal, Mikhail, World Championship 24th, Moskou wch-m, 1961
E.KID.Sml	open	match	World Championship 24th	1961	Botvinnik, Mikhail	Tal, Mikhail	1-0	9	Botvinnik, Mikhail-Tal, Mikhail, World Championship 24th, Moskou wch-m, 1961
B.Sic.Clo.GPr	women	match	Wch women	1962	Gaprindashvili, Nona	Bykova, Elizaveta	1-0	5	Gaprindashvili, Nona-Bykova, Elizaveta, Wch women, Moskou wch-m, 1962
A.Eng.Rev.Nc3.Nc6.g3.Bg2	women	match	Wch women	1962	Gaprindashvili, Nona	Bykova, Elizaveta	1/2-1/2	8	Gaprindashvili, Nona-Bykova, Elizaveta, Wch women, Moskou wch-m, 1962
C.RyL.AntM.d3.d6.c3.Na5	women	match	Wch women	1962	Bykova, Elizaveta	Gaprindashvili, Nona	0-1	18	Bykova, Elizaveta-Gaprindashvili, Nona, Wch women, Moskou wch-m, 1962
B.Pir.Cls.Bg7	women	match	Wch women	1962	Bykova, Elizaveta	Gaprindashvili, Nona	1/2-1/2	8	Bykova, Elizaveta-Gaprindashvili, Nona, Wch women, Moskou wch-m, 1962
C.RyL.Mor.Ba4.Nf6.O-O.b5	women	match	Wch women	1962	Bykova, Elizaveta	Gaprindashvili, Nona	0-1	10	Bykova, Elizaveta-Gaprindashvili, Nona, Wch women, Moskou wch-m, 1962
C.RyL.Mor.Ba4.Nf6.O-O.DEx	women	match	Wch women	1962	Bykova, Elizaveta	Gaprindashvili, Nona	1/2-1/2	11	Bykova, Elizaveta-Gaprindashvili, Nona, Wch women, Moskou wch-m, 1962
B.Sic.Acc.Nc3.Bg7	women	match	Wch women	1962	Gaprindashvili, Nona	Bykova, Elizaveta	1-0	10	Gaprindashvili, Nona-Bykova, Elizaveta, Wch women, Moskou wch-m, 1962
B.Sic.Acc.Nc3.Bg7	women	match	Wch women	1962	Gaprindashvili, Nona	Bykova, Elizaveta	1-0	10	Gaprindashvili, Nona-Bykova, Elizaveta, Wch women, Moskou wch-m, 1962
D.QPG.Ver.Ric.Bf5.Bxf6	women	match	Wch women	1962	Bykova, Elizaveta	Gaprindashvili, Nona	0-1	7	Bykova, Elizaveta-Gaprindashvili, Nona, Wch women, Moskou wch-m, 1962
C.RyL.Cha.MLn.d4.Qc7	women	match	Wch women	1962	Bykova, Elizaveta	Gaprindashvili, Nona	1/2-1/2	22	Bykova, Elizaveta-Gaprindashvili, Nona, Wch women, Moskou wch-m, 1962
B.Sic.HAc	women	match	Wch women	1962	Gaprindashvili, Nona	Bykova, Elizaveta	1-0	4	Gaprindashvili, Nona-Bykova, Elizaveta, Wch women, Moskou wch-m, 1962
B.CaK.Cls.Spd	women	match	Wch women	1959	Zvorykina, K.	Bikova, E.	1/2-1/2	12	Zvorykina, K.-Bikova, E., Wch women, Moskou wch-m, 1959
B.Sic.Cls.Rch.e6.Qd2.a6	women	match	Wch women	1959	Zvorykina, K.	Bikova, E.	0-1	14	Zvorykina, K.-Bikova, E., Wch women, Moskou wch-m, 1959
E.QID.Fch	women	match	Wch women	1959	Bikova, E.	Zvorykina, K.	1-0	7	Bikova, E.-Zvorykina, K., Wch women, Moskou wch-m, 1959
C.RyL.Mor.Ba4.d6.c3	women	match	Wch women	1959	Bikova, E.	Zvorykina, K.	1-0	9	Bikova, E.-Zvorykina, K., Wch women, Moskou wch-m, 1959
B.Fre.Win.Adv	women	match	Wch women	1959	Zvorykina, K.	Bikova, E.	0-1	7	Zvorykina, K.-Bikova, E., Wch women, Moskou wch-m, 1959
B.Fre.Bur.Be7	women	match	Wch women	1959	Zvorykina, K.	Bikova, E.	1/2-1/2	10	Zvorykina, K.-Bikova, E., Wch women, Moskou wch-m, 1959
C.RyL.Shl.Jae.fxe4.Nxe4.Qg5	women	match	Wch women	1959	Bikova, E.	Zvorykina, K.	1-0	14	Bikova, E.-Zvorykina, K., Wch women, Moskou wch-m, 1959
B.Sic.Naj.g3	women	match	Wch women	1959	Zvorykina, K.	Bikova, E.	1-0	11	Zvorykina, K.-Bikova, E., Wch women, Moskou wch-m, 1959
B.Sic.Naj.g3	women	match	Wch women	1959	Zvorykina, K.	Bikova, E.	1/2-1/2	11	Zvorykina, K.-Bikova, E., Wch women, Moskou wch-m, 1959
B.Pir.Pre.d4.Nf6.Nc3.e5	women	match	Wch women	1959	Zvorykina, K.	Bikova, E.	1-0	8	Zvorykina, K.-Bikova, E., Wch women, Moskou wch-m, 1959
B.Fre.d3	open	match	World Championship 20th	1954	Smyslov, Vladimir	Botvinnik, Mikhail	1-0	3	Smyslov, Vladimir-Botvinnik, Mikhail, World Championship 20th, Moskou wch-m, 1954
B.Fre.Win	open	match	World Championship 20th	1954	Smyslov, Vladimir	Botvinnik, Mikhail	1/2-1/2	6	Smyslov, Vladimir-Botvinnik, Mikhail, World Championship 20th, Moskou wch-m, 1954
B.Fre.Win	open	match	World Championship 20th	1954	Smyslov, Vladimir	Botvinnik, Mikhail	1/2-1/2	6	Smyslov, Vladimir-Botvinnik, Mikhail, World Championship 20th, Moskou wch-m, 1954
B.Fre.Win	open	match	World Championship 20th	1954	Smyslov, Vladimir	Botvinnik, Mikhail	1-0	6	Smyslov, Vladimir-Botvinnik, Mikhail, World Championship 20th, Moskou wch-m, 1954
E.Gru.Hng	open	match	World Championship 20th	1954	Botvinnik, Mikhail	Smyslov, Vladimir	1/2-1/2	10	Botvinnik, Mikhail-Smyslov, Vladimir, World Championship 20th, Moskou wch-m, 1954
E.KID.Fch.Kav.Nc3.e5.e4	open	match	World Championship 20th	1954	Botvinnik, Mikhail	Smyslov, Vladimir	0-1	15	Botvinnik, Mikhail-Smyslov, Vladimir, World Championship 20th, Moskou wch-m, 1954
C.RyL.Mor.Ba4.Nf6.O-O.d6	open	match	World Championship 20th	1954	Smyslov, Vladimir	Botvinnik, Mikhail	1-0	10	Smyslov, Vladimir-Botvinnik, Mikhail, World Championship 20th, Moskou wch-m, 1954
B.Fre.Win.Arm.b4	open	match	World Championship 20th	1954	Smyslov, Vladimir	Botvinnik, Mikhail	0-1	12	Smyslov, Vladimir-Botvinnik, Mikhail, World Championship 20th, Moskou wch-m, 1954
D.Sla.Cls.MLn.O-O.Nbd7	open	match	World Championship 20th	1954	Botvinnik, Mikhail	Smyslov, Vladimir	1-0	16	Botvinnik, Mikhail-Smyslov, Vladimir, World Championship 20th, Moskou wch-m, 1954
E.Nim.Rub.Flo	open	match	World Championship 20th	1954	Botvinnik, Mikhail	Smyslov, Vladimir	1-0	10	Botvinnik, Mikhail-Smyslov, Vladimir, World Championship 20th, Moskou wch-m, 1954
B.Sic.Clo.Fch.MLn.Nge2.e5	open	match	World Championship 20th	1954	Smyslov, Vladimir	Botvinnik, Mikhail	0-1	12	Smyslov, Vladimir-Botvinnik, Mikhail, World Championship 20th, Moskou wch-m, 1954
A.Ret.Nf6.g3.g6.Bg2.Bg7	open	match	World Championship 20th	1954	Smyslov, Vladimir	Botvinnik, Mikhail	1/2-1/2	6	Smyslov, Vladimir-Botvinnik, Mikhail, World Championship 20th, Moskou wch-m, 1954
D.QPG.Zuk.Bf5	open	match	World Championship 20th	1954	Botvinnik, Mikhail	Smyslov, Vladimir	1/2-1/2	4	Botvinnik, Mikhail-Smyslov, Vladimir, World Championship 20th, Moskou wch-m, 1954
E.Ind.WIn.g3.Bg7.Bg2	open	match	World Championship 20th	1954	Botvinnik, Mikhail	Smyslov, Vladimir	1/2-1/2	7	Botvinnik, Mikhail-Smyslov, Vladimir, World Championship 20th, Moskou wch-m, 1954
E.Gru.Exc.SeV.Bc4.Lsr	open	match	World Championship 20th	1954	Botvinnik, Mikhail	Smyslov, Vladimir	1/2-1/2	16	Botvinnik, Mikhail-Smyslov, Vladimir, World Championship 20th, Moskou wch-m, 1954
B.Sic.Clo.Fch.g6.Bg2.Bg7	open	match	World Championship 20th	1954	Smyslov, Vladimir	Botvinnik, Mikhail	0-1	8	Smyslov, Vladimir-Botvinnik, Mikhail, World Championship 20th, Moskou wch-m, 1954
E.KID.Fch.Kav.Nc3.e5.h3	open	match	World Championship 20th	1954	Botvinnik, Mikhail	Smyslov, Vladimir	1/2-1/2	17	Botvinnik, Mikhail-Smyslov, Vladimir, World Championship 20th, Moskou wch-m, 1954
D.Sem.Bg5.Bot.MLn.g5.Nxg5	open	match	World Championship 20th	1954	Smyslov, Vladimir	Botvinnik, Mikhail	1/2-1/2	17	Smyslov, Vladimir-Botvinnik, Mikhail, World Championship 20th, Moskou wch-m, 1954
D.QGA.Jan.e3.Bg4.Bxc4.e6	open	match	World Championship 20th	1954	Botvinnik, Mikhail	Smyslov, Vladimir	0-1	10	Botvinnik, Mikhail-Smyslov, Vladimir, World Championship 20th, Moskou wch-m, 1954
D.QGA.Jan.e3.Bg4.Bxc4.e6	open	match	World Championship 20th	1954	Botvinnik, Mikhail	Smyslov, Vladimir	1-0	10	Botvinnik, Mikhail-Smyslov, Vladimir, World Championship 20th, Moskou wch-m, 1954
E.Ind.WIn.g3.Bg7.Bg2	open	match	World Championship 20th	1954	Botvinnik, Mikhail	Smyslov, Vladimir	0-1	7	Botvinnik, Mikhail-Smyslov, Vladimir, World Championship 20th, Moskou wch-m, 1954
E.Ind.WIn.g3.Bg7.Bg2	open	match	World Championship 20th	1954	Botvinnik, Mikhail	Smyslov, Vladimir	1-0	7	Botvinnik, Mikhail-Smyslov, Vladimir, World Championship 20th, Moskou wch-m, 1954
B.Fre.Win.Arm.b4	open	match	World Championship 20th	1954	Smyslov, Vladimir	Botvinnik, Mikhail	1-0	12	Smyslov, Vladimir-Botvinnik, Mikhail, World Championship 20th, Moskou wch-m, 1954
B.Fre.Win.Arm.b4	open	match	World Championship 20th	1954	Smyslov, Vladimir	Botvinnik, Mikhail	1/2-1/2	12	Smyslov, Vladimir-Botvinnik, Mikhail, World Championship 20th, Moskou wch-m, 1954
B.Ale.Mod.dxe5	women	match	Wch women	1969	Gaprindashvili, Nona	Kushnir Aleksandr	1-0	8	Gaprindashvili, Nona-Kushnir Aleksandr, Wch women, Moscow/Tbilisi, 1969
B.Ale.Mod.MLn.Be2.e6	women	match	Wch women	1969	Gaprindashvili, Nona	Kushnir Aleksandr	0-1	10	Gaprindashvili, Nona-Kushnir Aleksandr, Wch women, Moscow/Tbilisi, 1969
B.Sic.Acc.Mar.Bg7.Be3.Nf6	women	match	Wch women	1969	Kushnir Aleksandr	Gaprindashvili, Nona	1-0	12	Kushnir Aleksandr-Gaprindashvili, Nona, Wch women, Moscow/Tbilisi, 1969
B.Ale.Mod.MLn.Be2.e6	women	match	Wch women	1969	Gaprindashvili, Nona	Kushnir Aleksandr	1/2-1/2	10	Gaprindashvili, Nona-Kushnir Aleksandr, Wch women, Moscow/Tbilisi, 1969
B.Sic.Tay.Nb5.d6.c4.Be7	women	match	Wch women	1969	Gaprindashvili, Nona	Kushnir Aleksandr	1-0	16	Gaprindashvili, Nona-Kushnir Aleksandr, Wch women, Moscow/Tbilisi, 1969
A.Eng.Sym.Hdg	women	match	Wch women Moscow/Tbilisi	1969	Kushnir Aleksandr	Gaprindashvili, Nona	1/2-1/2	12	Kushnir Aleksandr-Gaprindashvili, Nona, Wch women Moscow/Tbilisi, Wch women Moscow/Tbilisi, 1969
A.Eng.Sym.Nf3.Nf6	women	match	Wch women Moscow/Tbilisi	1969	Kushnir Aleksandr	Gaprindashvili, Nona	0-1	4	Kushnir Aleksandr-Gaprindashvili, Nona, Wch women Moscow/Tbilisi, Wch women Moscow/Tbilisi, 1969
A.Eng.Sym.Hdg	women	match	Wch women Moscow/Tbilisi	1969	Kushnir Aleksandr	Gaprindashvili, Nona	1/2-1/2	12	Kushnir Aleksandr-Gaprindashvili, Nona, Wch women Moscow/Tbilisi, Wch women Moscow/Tbilisi, 1969
A.Eng.Sym.Nf3.Nf6	women	match	Wch women Moscow/Tbilisi	1969	Kushnir Aleksandr	Gaprindashvili, Nona	1/2-1/2	4	Kushnir Aleksandr-Gaprindashvili, Nona, Wch women Moscow/Tbilisi, Wch women Moscow/Tbilisi, 1969
A.Eng.Sym.Hdg	women	match	Wch women Moscow/Tbilisi	1969	Kushnir Aleksandr	Gaprindashvili, Nona	1/2-1/2	12	Kushnir Aleksandr-Gaprindashvili, Nona, Wch women Moscow/Tbilisi, Wch women Moscow/Tbilisi, 1969
A.Eng.Sym.Nf3.Nf6	women	match	Wch women Moscow/Tbilisi	1969	Kushnir Aleksandr	Gaprindashvili, Nona	0-1	4	Kushnir Aleksandr-Gaprindashvili, Nona, Wch women Moscow/Tbilisi, Wch women Moscow/Tbilisi, 1969
B.Sic.Tay.Nb5.d6.c4.Be7	women	match	Wch women Moscow/Tbilisi	1969	Gaprindashvili, Nona	Kushnir, Alla	1-0	16	Gaprindashvili, Nona-Kushnir, Alla, Wch women Moscow/Tbilisi, Wch women Moscow/Tbilisi, 1969
B.Sic.Tay.Nb5.d6.c4.Be7	women	match	Wch women Moscow/Tbilisi	1969	Gaprindashvili, Nona	Kushnir Aleksandr	1-0	16	Gaprindashvili, Nona-Kushnir Aleksandr, Wch women Moscow/Tbilisi, Wch women Moscow/Tbilisi, 1969
E.Nim.Sml.Bxc3.bxc3	women	match	Wch women	1958	Rubtsova, Olga	Bykova, Elizaveta	1-0	9	Rubtsova, Olga-Bykova, Elizaveta, Wch women, Moskou wch-m, 1958
B.Sic.Cls	women	match	Wch women	1958	Bykova, Elizaveta	Rubtsova, Olga	1/2-1/2	10	Bykova, Elizaveta-Rubtsova, Olga, Wch women, Moskou wch-m, 1958
B.Sic.Cls.Rch.e6.Qd2.f4	women	match	Wch women	1958	Rubtsova, Olga	Bykova, Elizaveta	0-1	17	Rubtsova, Olga-Bykova, Elizaveta, Wch women, Moskou wch-m, 1958
E.KID.Cls.e5.O-O.Nbd7	women	match	Wch women	1958	Rubtsova, Olga	Bykova, Elizaveta	0-1	14	Rubtsova, Olga-Bykova, Elizaveta, Wch women, Moscow RUS, 1958
E.Nim.Fou.MLn	women	match	Wch women	1958	Rubtsova, Olga	Bykova, Elizaveta	1-0	8	Rubtsova, Olga-Bykova, Elizaveta, Wch women, Moskou wch-m, 1958
C.RyL.Bir	women	match	Wch women	1958	Bykova, Elizaveta	Rubtsova, Olga	1-0	6	Bykova, Elizaveta-Rubtsova, Olga, Wch women, Moskou wch-m, 1958
C.RyL.Mor.Opn.MLn.Mot	women	match	Wch women	1958	Bykova, Elizaveta	Rubtsova, Olga	1-0	19	Bykova, Elizaveta-Rubtsova, Olga, Wch women, Moscow RUS, 1958
B.Sic.Alp.Cen.MLn	women	match	Wch women	1958	Bykova, Elizaveta	Rubtsova, Olga	1/2-1/2	7	Bykova, Elizaveta-Rubtsova, Olga, Wch women, Moskou wch-m, 1958
A.OID.Nf6.Nc3	women	match	Wch women	1958	Rubtsova, Olga	Bykova, Elizaveta	1-0	5	Rubtsova, Olga-Bykova, Elizaveta, Wch women, Moskou wch-m, 1958
B.Sic.Ros.Cls	women	match	Wch women	1958	Bykova, Elizaveta	Rubtsova, Olga	1-0	6	Bykova, Elizaveta-Rubtsova, Olga, Wch women, Moskou wch-m, 1958
E.Ben.Czk.MLn.g6	women	match	Wch women	1958	Rubtsova, Olga	Bykova, Elizaveta	1-0	10	Rubtsova, Olga-Bykova, Elizaveta, Wch women, Moskou wch-m, 1958
B.Sic.Cls.Rch.e6.Qd2.a6	women	match	Wch women	1958	Rubtsova, Olga	Bykova, Elizaveta	0-1	14	Rubtsova, Olga-Bykova, Elizaveta, Wch women, Moskou wch-m, 1958
B.CaK.Cls.Spd.Nd7.h5.Bd3	open	match	World Championship 26th	1966	Spassky, Boris V.	Petrosian, Tigran V	1-0	17	Spassky, Boris V.-Petrosian, Tigran V, World Championship 26th, Moskou wch-m, 1966
B.Mod.Std.Nf3	open	match	World Championship 26th	1966	Petrosian, Tigran V	Spassky, Boris V.	1/2-1/2	5	Petrosian, Tigran V-Spassky, Boris V., World Championship 26th, Moskou wch-m, 1966
D.STa.Exc	open	match	World Championship 26th	1966	Petrosian, Tigran V	Spassky, Boris Vasily	1/2-1/2	10	Petrosian, Tigran V-Spassky, Boris Vasily, World Championship 26th, Moskou wch-m, 1966
A.PoD.Bb7	open	match	World Championship 26th	1966	Petrosian, Tigran V	Spassky, Boris V.	1-0	4	Petrosian, Tigran V-Spassky, Boris V., World Championship 26th, Moskou wch-m, 1966
B.CaK.Cls.Spd.Nd7	open	match	World Championship 26th	1966	Spassky, Boris Vasily	Petrosian, Tigran V	1/2-1/2	14	Spassky, Boris Vasily-Petrosian, Tigran V, World Championship 26th, Moskou wch-m, 1966
B.Fre.Stn.MLn	open	match	World Championship 26th	1966	Spassky, Boris V.	Petrosian, Tigran V	1-0	8	Spassky, Boris V.-Petrosian, Tigran V, World Championship 26th, Moskou wch-m, 1966
A.Ret.g6	open	match	World Championship 26th	1966	Petrosian, Tigran V	Spassky, Boris V.	1/2-1/2	2	Petrosian, Tigran V-Spassky, Boris V., World Championship 26th, Moskou wch-m, 1966
A.Eng.Sym.Rub	open	match	World Championship 26th	1966	Petrosian, Tigran V	Spassky, Boris Vasily	1/2-1/2	10	Petrosian, Tigran V-Spassky, Boris Vasily, World Championship 26th, Moskou wch-m, 1966
B.Fre.Bur.Be7	open	match	World Championship 26th	1966	Spassky, Boris V.	Petrosian, Tigran V	1/2-1/2	10	Spassky, Boris V.-Petrosian, Tigran V, World Championship 26th, Moskou wch-m, 1966
B.CaK.Pmv.Nf6.Nc3.e6.Nf3	open	match	World Championship 26th	1966	Spassky, Boris Vasily	Petrosian, Tigran V	1/2-1/2	11	Spassky, Boris Vasily-Petrosian, Tigran V, World Championship 26th, Moskou wch-m, 1966
B.Fre.Rub.MLn.Nf6.Nxf6.Nxf6	open	match	World Championship 26th	1966	Spassky, Boris Vasily	Petrosian, Tigran V	1/2-1/2	12	Spassky, Boris Vasily-Petrosian, Tigran V, World Championship 26th, Moskou wch-m, 1966
E.Nim.Rub.Res.MLn.O-O.ML2	open	match	World Championship 26th	1966	Petrosian, Tigran V	Spassky, Boris V.	1-0	19	Petrosian, Tigran V-Spassky, Boris V., World Championship 26th, Moscow RUS, 1966
E.QID.Pet.KPe	open	match	World Championship 26th	1966	Petrosian, Tigran V	Spassky, Boris V.	1/2-1/2	9	Petrosian, Tigran V-Spassky, Boris V., World Championship 26th, Moskou wch-m, 1966
B.Sic.Clo.Fch.MLn	open	match	World Championship 26th	1966	Spassky, Boris Vasily	Petrosian, Tigran V	1/2-1/2	10	Spassky, Boris Vasily-Petrosian, Tigran V, World Championship 26th, Moskou wch-m, 1966
B.Sic.Old	open	match	World Championship 26th	1966	Spassky, Boris V.	Petrosian, Tigran V	1/2-1/2	4	Spassky, Boris V.-Petrosian, Tigran V, World Championship 26th, Moskou wch-m, 1966
E.Ind.Cat.d5.Bg2.Be7.O-O	open	match	World Championship 26th	1966	Petrosian, Tigran V	Spassky, Boris V.	1/2-1/2	11	Petrosian, Tigran V-Spassky, Boris V., World Championship 26th, Moskou wch-m, 1966
D.QGD.Tar.Exc.Mak	open	match	World Championship 26th	1966	Petrosian, Tigran V	Spassky, Boris V.	1/2-1/2	22	Petrosian, Tigran V-Spassky, Boris V., World Championship 26th, Moskou wch-m, 1966
E.Ind.WIn.g3.Bg7.Bg2	open	match	World Championship 26th	1966	Petrosian, Tigran V	Spassky, Boris V.	1/2-1/2	7	Petrosian, Tigran V-Spassky, Boris V., World Championship 26th, Moskou wch-m, 1966
B.CaK.Pmv.Nf6.Nc3.e6.Nf3	open	match	World Championship 26th	1966	Spassky, Boris V.	Petrosian, Tigran V	1/2-1/2	11	Spassky, Boris V.-Petrosian, Tigran V, World Championship 26th, Moskou wch-m, 1966
B.CaK.Pmv.Fch	open	match	World Championship 26th	1966	Spassky, Boris V.	Petrosian, Tigran V	1/2-1/2	10	Spassky, Boris V.-Petrosian, Tigran V, World Championship 26th, Moskou wch-m, 1966
B.Fre.Bur.Be7	open	match	World Championship 26th	1966	Spassky, Boris Vasily	Petrosian, Tigran V	1-0	10	Spassky, Boris Vasily-Petrosian, Tigran V, World Championship 26th, Moskou wch-m, 1966
A.Ret.Nf6.g3.b5	open	match	World Championship 26th	1966	Petrosian, Tigran V	Spassky, Boris V.	1/2-1/2	4	Petrosian, Tigran V-Spassky, Boris V., World Championship 26th, Moskou wch-m, 1966
A.Hor.Fch.MLn.Bg5.Be7.Nf3	open	match	World Championship 30th	1981	Korchnoi, Viktor	Karpov, Aleksandr	1/2-1/2	9	Korchnoi, Viktor-Karpov, Aleksandr, World Championship 30th, Merano wch-m, 1981
D.QGD.Alt	open	match	World Championship 30th	1981	Korchnoi, Viktor	Karpov, Anatoly	1-0	6	Korchnoi, Viktor-Karpov, Anatoly, World Championship 30th, Meran ITA, 1981
D.QGD.Alt	open	match	World Championship 30th	1981	Korchnoi, Viktor	Karpov, Aleksandr	1-0	6	Korchnoi, Viktor-Karpov, Aleksandr, World Championship 30th, Merano wch-m, 1981
D.QGD.Har.Qc2.Rd1	open	match	World Championship 30th	1981	Korchnoi, Viktor	Karpov, Anatoly	1/2-1/2	19	Korchnoi, Viktor-Karpov, Anatoly, World Championship 30th, Meran ITA, 1981
C.RyL.Ber.Rio.Qe2.Nd6.Bxc6	open	match	World Championship 30th	1981	Karpov, Anatoly	Korchnoi, Viktor	1-0	13	Karpov, Anatoly-Korchnoi, Viktor, World Championship 30th, Meran ITA, 1981
C.Ita.Giu.Ga6	open	match	World Championship 30th	1981	Karpov, Aleksandr	Korchnoi, Viktor	1/2-1/2	12	Karpov, Aleksandr-Korchnoi, Viktor, World Championship 30th, Merano wch-m, 1981
C.RyL.Mor.Opn.MLn.StP	open	match	World Championship 30th	1981	Karpov, Anatoly	Korchnoi, Viktor	0-1	19	Karpov, Anatoly-Korchnoi, Viktor, World Championship 30th, Meran ITA, 1981
C.RyL.Mor.Opn.MLn.Brn	open	match	World Championship 30th	1981	Karpov, Aleksandr	Korchnoi, Viktor	1-0	17	Karpov, Aleksandr-Korchnoi, Viktor, World Championship 30th, Merano wch-m, 1981
C.RyL.Mor.Opn.MLn.Brn	open	match	World Championship 30th	1981	Karpov, Anatoly	Korchnoi, Viktor	1-0	17	Karpov, Anatoly-Korchnoi, Viktor, World Championship 30th, Meran ITA, 1981
C.RyL.Mor.Opn.MLn.Brn	open	match	World Championship 30th	1981	Karpov, Anatoly	Korchnoi, Viktor	1/2-1/2	17	Karpov, Anatoly-Korchnoi, Viktor, World Championship 30th, Meran ITA, 1981
C.Ita.Pia.Wai.MLn.Re1.Ba7	open	match	World Championship 30th	1981	Karpov, Aleksandr	Korchnoi, Viktor	1/2-1/2	14	Karpov, Aleksandr-Korchnoi, Viktor, World Championship 30th, Merano wch-m, 1981
A.Hor.Fch.MLn.Bg5.Be7.Nf3	open	match	World Championship 30th	1981	Korchnoi, Viktor	Karpov, Aleksandr	1-0	9	Korchnoi, Viktor-Karpov, Aleksandr, World Championship 30th, Merano wch-m, 1981
C.Pet.Cls.Bd3.Nc6.O-O.Chg	open	match	World Championship 30th	1981	Karpov, Aleksandr	Korchnoi, Viktor	1-0	15	Karpov, Aleksandr-Korchnoi, Viktor, World Championship 30th, Merano wch-m, 1981
A.Hor.Fch.MLn.Bg5.Be7.h6	open	match	World Championship 30th	1981	Korchnoi, Viktor	Karpov, Aleksandr	1/2-1/2	14	Korchnoi, Viktor-Karpov, Aleksandr, World Championship 30th, Merano wch-m, 1981
A.Eng.Rev.Fou.g3	open	match	World Championship 30th	1981	Korchnoi, Viktor	Karpov, Aleksandr	1/2-1/2	7	Korchnoi, Viktor-Karpov, Aleksandr, World Championship 30th, Merano wch-m, 1981
A.Eng.AIn.Nc3.d5.cxd5.Nf3	open	match	World Championship 30th	1981	Karpov, Aleksandr	Korchnoi, Viktor	1/2-1/2	7	Karpov, Aleksandr-Korchnoi, Viktor, World Championship 30th, Merano wch-m, 1981
A.Hor.Fch.MLn.Bg5.Be7.h6	open	match	World Championship 30th	1981	Korchnoi, Viktor	Karpov, Aleksandr	0-1	14	Korchnoi, Viktor-Karpov, Aleksandr, World Championship 30th, Merano wch-m, 1981
D.QGD.Cls.MLn.Bh4.b6	open	match	World Championship 30th	1981	Korchnoi, Viktor	Karpov, Aleksandr	0-1	14	Korchnoi, Viktor-Karpov, Aleksandr, World Championship 30th, Merano wch-m, 1981
D.QGD.Cls.MLn.Bh4.b6	open	match	World Championship 30th	1981	Korchnoi, Viktor	Karpov, Aleksandr	1/2-1/2	14	Korchnoi, Viktor-Karpov, Aleksandr, World Championship 30th, Merano wch-m, 1981
D.QGD.Cls.MLn.Bh4.b6	open	match	World Championship 34th-KK4	1987	Kasparov, Garry	Karpov, Anatoly	1/2-1/2	14	Kasparov, Garry-Karpov, Anatoly, World Championship 34th-KK4, Sevilla wch-m, 1987
D.QGD.Har.Har.MLn	open	match	World Championship 34th-KK4	1987	Kasparov, Garry	Karpov, Anatoly	1/2-1/2	14	Kasparov, Garry-Karpov, Anatoly, World Championship 34th-KK4, Sevilla wch-m, 1987
E.Gru.Rus.Hng.e4.Na6	open	match	World Championship 34th-KK4	1987	Karpov, Anatoly	Kasparov, Garry	1/2-1/2	14	Karpov, Anatoly-Kasparov, Garry, World Championship 34th-KK4, Seville ESP, 1987
E.Gru.Exc.Cla.Rb1.O-O.Be2	open	match	World Championship 34th-KK4	1987	Karpov, Anatoly	Kasparov, Garry	1/2-1/2	17	Karpov, Anatoly-Kasparov, Garry, World Championship 34th-KK4, Seville ESP, 1987
A.Eng.Rev.Nc3.d6	open	match	World Championship 34th-KK4	1987	Kasparov, Garry	Karpov, Anatoly	1-0	4	Kasparov, Garry-Karpov, Anatoly, World Championship 34th-KK4, Sevilla wch-m, 1987
A.Ret.Eng.Be7.O-O.O-O.b3	open	match	World Championship 34th-KK4	1987	Kasparov, Garry	Karpov, Anatoly	1-0	11	Kasparov, Garry-Karpov, Anatoly, World Championship 34th-KK4, Sevilla wch-m, 1987
E.Gru.Exc.SeV.Bc4.c5.Bxf7	open	match	World Championship 34th-KK4	1987	Karpov, Anatoly	Kasparov, Garry	0-1	23	Karpov, Anatoly-Kasparov, Garry, World Championship 34th-KK4, Seville ESP, 1987
E.Gru.Exc.SeV.Bc4.c5.Bxf7	open	match	World Championship 34th-KK4	1987	Karpov, Anatoly	Kasparov, Garry	1-0	23	Karpov, Anatoly-Kasparov, Garry, World Championship 34th-KK4, Seville ESP, 1987
E.Gru.Exc.SeV.Bc4.c5.Bxf7	open	match	World Championship 34th-KK4	1987	Karpov, Anatoly	Kasparov, Garry	1/2-1/2	23	Karpov, Anatoly-Kasparov, Garry, World Championship 34th-KK4, Seville ESP, 1987
A.Eng.Rev.Fou.g3	open	match	World Championship 34th-KK4	1987	Kasparov, Garry	Karpov, Anatoly	0-1	7	Kasparov, Garry-Karpov, Anatoly, World Championship 34th-KK4, Seville ESP, 1987
E.Gru.Exc.SeV.Bc4.c5.Bxf7	open	match	World Championship 34th-KK4	1987	Karpov, Anatoly	Kasparov, Garry	1/2-1/2	23	Karpov, Anatoly-Kasparov, Garry, World Championship 34th-KK4, Seville ESP, 1987
D.QGD.Alt	open	match	World Championship 34th-KK4	1987	Kasparov, Garry	Karpov, Anatoly	1/2-1/2	6	Kasparov, Garry-Karpov, Anatoly, World Championship 34th-KK4, Sevilla wch-m, 1987
E.Ind.WIn.g3	open	match	World Championship 34th-KK4	1987	Karpov, Anatoly	Kasparov, Garry	1/2-1/2	5	Karpov, Anatoly-Kasparov, Garry, World Championship 34th-KK4, Sevilla wch-m, 1987
E.Gru.Rus.Hng.e4.Na6	open	match	World Championship 34th-KK4	1987	Karpov, Anatoly	Kasparov, Garry	1/2-1/2	14	Karpov, Anatoly-Kasparov, Garry, World Championship 34th-KK4, Sevilla wch-m, 1987
B.CaK.Kar.Sml	open	match	World Championship 34th-KK4	1987	Kasparov, Garry	Karpov, Anatoly	1/2-1/2	10	Kasparov, Garry-Karpov, Anatoly, World Championship 34th-KK4, Sevilla wch-m, 1987
B.CaK.Kar.Sml	open	match	World Championship 34th-KK4	1987	Kasparov, Garry	Karpov, Anatoly	1/2-1/2	10	Kasparov, Garry-Karpov, Anatoly, World Championship 34th-KK4, Sevilla wch-m, 1987
D.QGD.Cls.MLn.Bh4.b6	open	match	World Championship 34th-KK4	1987	Karpov, Anatoly	Kasparov, Garry	1/2-1/2	14	Karpov, Anatoly-Kasparov, Garry, World Championship 34th-KK4, Seville ESP, 1987
A.Eng.Sym.Nf3.Nf6.Nc3.d5	open	match	World Championship 34th-KK4	1987	Karpov, Anatoly	Kasparov, Garry	1-0	6	Karpov, Anatoly-Kasparov, Garry, World Championship 34th-KK4, Sevilla wch-m, 1987
A.Eng.Rev.Fou.g3	open	match	World Championship 34th-KK4	1987	Kasparov, Garry	Karpov, Anatoly	1-0	7	Kasparov, Garry-Karpov, Anatoly, World Championship 34th-KK4, Sevilla wch-m, 1987
A.Eng.Rev.Fou.g3	open	match	World Championship 34th-KK4	1987	Kasparov, Garry	Karpov, Anatoly	0-1	7	Kasparov, Garry-Karpov, Anatoly, World Championship 34th-KK4, Sevilla wch-m, 1987
E.KID.Cls.Mar.Nd2	open	match	World Championship 34th-KK4	1987	Karpov, Anatoly	Kasparov, Garry	1/2-1/2	17	Karpov, Anatoly-Kasparov, Garry, World Championship 34th-KK4, Sevilla wch-m, 1987
A.Eng.Rev.Nc3.Nc6.g3.g6	open	match	World Championship 34th-KK4	1987	Kasparov, Garry	Karpov, Anatoly	1/2-1/2	6	Kasparov, Garry-Karpov, Anatoly, World Championship 34th-KK4, Sevilla wch-m, 1987
A.Hor.Fch.MLn.Bg5.Be7.Qc2	open	match	World Championship 34th-KK4	1987	Kasparov, Garry	Karpov, Anatoly	1/2-1/2	11	Kasparov, Garry-Karpov, Anatoly, World Championship 34th-KK4, Sevilla wch-m, 1987
D.QGD.Exc.Bg5.Be7.e3	open	match	World Championship 29th	1978	Korchnoi, Viktor	Karpov, Anatoly	1-0	11	Korchnoi, Viktor-Karpov, Anatoly, World Championship 29th, Baguio City wch-m, 1978
B.Pir.Cls.Bg7.MLn.O-O	open	match	World Championship 29th	1978	Karpov, Anatoly	Korchnoi, Viktor	1-0	10	Karpov, Anatoly-Korchnoi, Viktor, World Championship 29th, Baguio City PHI, 1978
B.Pir.Cls.Bg7.MLn.O-O.Bg4	open	match	World Championship 29th	1978	Karpov, Anatoly	Korchnoi, Viktor	1/2-1/2	12	Karpov, Anatoly-Korchnoi, Viktor, World Championship 29th, Baguio City wch-m, 1978
A.Kan.MLn.e3.c5.Ne2.cxd4	open	match	World Championship 29th	1978	Korchnoi, Viktor	Karpov, Anatoly	1/2-1/2	10	Korchnoi, Viktor-Karpov, Anatoly, World Championship 29th, Baguio City wch-m, 1978
C.RyL.Mor.Opn.MLn.StP	open	match	World Championship 29th	1978	Karpov, Anatoly	Korchnoi, Viktor	1/2-1/2	19	Karpov, Anatoly-Korchnoi, Viktor, World Championship 29th, Baguio City PHI, 1978
C.RyL.Mor.Opn.Hwl	open	match	World Championship 29th	1978	Karpov, Anatoly	Korchnoi, Viktor	1/2-1/2	17	Karpov, Anatoly-Korchnoi, Viktor, World Championship 29th, Baguio City PHI, 1978
C.RyL.Mor.Opn.MLn.Krp	open	match	World Championship 29th	1978	Karpov, Anatoly	Korchnoi, Viktor	1/2-1/2	21	Karpov, Anatoly-Korchnoi, Viktor, World Championship 29th, Baguio City wch-m, 1978
C.RyL.Mor.Opn.MLn.Cls	open	match	World Championship 29th	1978	Karpov, Anatoly	Korchnoi, Viktor	1/2-1/2	18	Karpov, Anatoly-Korchnoi, Viktor, World Championship 29th, Baguio City wch-m, 1978
C.RyL.Mor.Opn.MLn.Ber	open	match	World Championship 29th	1978	Karpov, Anatoly	Korchnoi, Viktor	0-1	18	Karpov, Anatoly-Korchnoi, Viktor, World Championship 29th, Baguio City wch-m, 1978
D.QGD.Cls.MLn.Bh4.b6	open	match	World Championship 29th	1978	Korchnoi, Viktor	Karpov, Anatoly	1/2-1/2	14	Korchnoi, Viktor-Karpov, Anatoly, World Championship 29th, Baguio City wch-m, 1978
A.Hor.Fch.MLn.Nf3.Be7	open	match	World Championship 29th	1978	Korchnoi, Viktor	Karpov, Anatoly	1/2-1/2	8	Korchnoi, Viktor-Karpov, Anatoly, World Championship 29th, Baguio City wch-m, 1978
D.QGD.Har.Qc2.Rd1	open	match	World Championship 29th	1978	Korchnoi, Viktor	Karpov, Anatoly	1/2-1/2	19	Korchnoi, Viktor-Karpov, Anatoly, World Championship 29th, Baguio City wch-m, 1978
A.Eng.AIn.Nc3.d5.cxd5.Nxc3	open	match	World Championship 29th	1978	Karpov, Anatoly	Korchnoi, Viktor	1/2-1/2	10	Karpov, Anatoly-Korchnoi, Viktor, World Championship 29th, Baguio City wch-m, 1978
A.Eng.Rev.Fou.g3	open	match	World Championship 29th	1978	Korchnoi, Viktor	Karpov, Anatoly	0-1	7	Korchnoi, Viktor-Karpov, Anatoly, World Championship 29th, Baguio City wch-m, 1978
A.Hng.Sic	open	match	World Championship 29th	1978	Korchnoi, Viktor	Karpov, Anatoly	1-0	2	Korchnoi, Viktor-Karpov, Anatoly, World Championship 29th, Baguio City wch-m, 1978
C.RyL.Mor.Opn.MLn.StP	open	match	World Championship 29th	1978	Karpov, Anatoly	Korchnoi, Viktor	1/2-1/2	19	Karpov, Anatoly-Korchnoi, Viktor, World Championship 29th, Baguio City PHI, 1978
C.RyL.Mor.Opn.MLn.Brn	open	match	World Championship 29th	1978	Karpov, Anatoly	Korchnoi, Viktor	1-0	17	Karpov, Anatoly-Korchnoi, Viktor, World Championship 29th, Baguio City wch-m, 1978
A.Eng.Rev.Fou.g3	open	match	World Championship 29th	1978	Karpov, Anatoly	Korchnoi, Viktor	1/2-1/2	7	Karpov, Anatoly-Korchnoi, Viktor, World Championship 29th, Baguio City wch-m, 1978
D.Cat.Fch	open	match	World Championship 29th	1978	Korchnoi, Viktor	Karpov, Anatoly	1/2-1/2	10	Korchnoi, Viktor-Karpov, Anatoly, World Championship 29th, Baguio City wch-m, 1978
E.Nim.Rub.Res	open	match	World Championship 29th	1978	Korchnoi, Viktor	Karpov, Anatoly	1/2-1/2	9	Korchnoi, Viktor-Karpov, Anatoly, World Championship 29th, Baguio City wch-m, 1978
B.CaK.Tar.For	open	match	World Championship 29th	1978	Karpov, Anatoly	Korchnoi, Viktor	1/2-1/2	11	Karpov, Anatoly-Korchnoi, Viktor, World Championship 29th, Baguio City wch-m, 1978
A.Eng.Rev.Nc3.d6	open	match	World Championship 29th	1978	Karpov, Anatoly	Korchnoi, Viktor	1/2-1/2	4	Karpov, Anatoly-Korchnoi, Viktor, World Championship 29th, Baguio City wch-m, 1978
D.QGD.Har.Qc2.Rd1	open	match	World Championship 29th	1978	Korchnoi, Viktor	Karpov, Anatoly	1/2-1/2	19	Korchnoi, Viktor-Karpov, Anatoly, World Championship 29th, Baguio City wch-m, 1978
A.Hor.Fch.MLn.Bg5.Be7.Nf3	open	match	World Championship 29th	1978	Korchnoi, Viktor	Karpov, Anatoly	0-1	9	Korchnoi, Viktor-Karpov, Anatoly, World Championship 29th, Baguio City wch-m, 1978
D.QGD.Har.Qc2.Rd1	open	match	World Championship 29th	1978	Korchnoi, Viktor	Karpov, Anatoly	1-0	19	Korchnoi, Viktor-Karpov, Anatoly, World Championship 29th, Baguio City wch-m, 1978
A.Eng.Mik.c5.e5.Ng8	open	match	World Championship 29th	1978	Korchnoi, Viktor	Karpov, Anatoly	1-0	8	Korchnoi, Viktor-Karpov, Anatoly, World Championship 29th, Baguio City wch-m, 1978
B.Fre.Tar.Ope.MLn	open	match	World Championship 29th	1978	Karpov, Anatoly	Korchnoi, Viktor	1/2-1/2	8	Karpov, Anatoly-Korchnoi, Viktor, World Championship 29th, Baguio City wch-m, 1978
D.Tar.Cls.Bg5.MLn	open	match	World Championship 31th-KK1	1984	Karpov, Anatoly	Kasparov, Garry	1-0	22	Karpov, Anatoly-Kasparov, Garry, World Championship 31th-KK1, Moskou wch-m, 1984
D.QGD.Cls.MLn.Bh4.b6	open	match	World Championship 31th-KK1	1984	Kasparov, Garry	Karpov, Anatoly	1/2-1/2	14	Kasparov, Garry-Karpov, Anatoly, World Championship 31th-KK1, Moscow RUS, 1984
D.QGD.Cls.MLn.Bh4.b6	open	match	World Championship 31th-KK1	1984	Kasparov, Garry	Karpov, Anatoly	1/2-1/2	14	Kasparov, Garry-Karpov, Anatoly, World Championship 31th-KK1, Moskou wch-m, 1984
B.Sic.Naj.Sch.O-O.Be7	open	match	World Championship 31th-KK1	1984	Karpov, Anatoly	Kasparov, Garry	1/2-1/2	14	Karpov, Anatoly-Kasparov, Garry, World Championship 31th-KK1, Moskou wch-m, 1984
E.QID.Nim.Int.Be7	open	match	World Championship 31th-KK1	1984	Kasparov, Garry	Karpov, Anatoly	1/2-1/2	12	Kasparov, Garry-Karpov, Anatoly, World Championship 31th-KK1, Moscow RUS, 1984
E.QID.Nim.Int.Be7	open	match	World Championship 31th-KK1	1984	Kasparov, Garry	Karpov, Anatoly	1/2-1/2	12	Kasparov, Garry-Karpov, Anatoly, World Championship 31th-KK1, Moskou wch-m, 1984
E.QID.Cls.MLn.exd5.Nh4	open	match	World Championship 31th-KK1	1984	Kasparov, Garry	Karpov, Anatoly	1/2-1/2	15	Kasparov, Garry-Karpov, Anatoly, World Championship 31th-KK1, Moscow RUS, 1984
B.Sic.Sch.Krs.h6.h4.Nc6	open	match	World Championship 31th-KK1	1984	Karpov, Anatoly	Kasparov, Garry	1/2-1/2	14	Karpov, Anatoly-Kasparov, Garry, World Championship 31th-KK1, Moskou wch-m, 1984
C.Pet.Cls.Bd3.Nc6.O-O.Ch2	open	match	World Championship 31th-KK1	1984	Karpov, Anatoly	Kasparov, Garry	1/2-1/2	17	Karpov, Anatoly-Kasparov, Garry, World Championship 31th-KK1, Moscow RUS, 1984
E.QID.Nim.Int.Be7	open	match	World Championship 31th-KK1	1984	Kasparov, Garry	Karpov, Anatoly	1/2-1/2	12	Kasparov, Garry-Karpov, Anatoly, World Championship 31th-KK1, Moskou wch-m, 1984
C.Pet.Cls.Bd3.Nc6.O-O.Jae	open	match	World Championship 31th-KK1	1984	Kasparov, Garry	Karpov, Anatoly	1-0	15	Kasparov, Garry-Karpov, Anatoly, World Championship 31th-KK1, Moscow RUS, 1984
D.QGD.Cls.MLn.Bh4.b6	open	match	World Championship 31th-KK1	1984	Karpov, Anatoly	Kasparov, Garry	1/2-1/2	14	Karpov, Anatoly-Kasparov, Garry, World Championship 31th-KK1, Moscow RUS, 1984
E.QID.Pet.KPe.d5.cxd5.e3	open	match	World Championship 31th-KK1	1984	Kasparov, Garry	Karpov, Anatoly	1/2-1/2	13	Kasparov, Garry-Karpov, Anatoly, World Championship 31th-KK1, Moskou wch-m, 1984
C.Pet.Cls.Bd3.Nc6.O-O.Chg	open	match	World Championship 31th-KK1	1984	Kasparov, Garry	Karpov, Anatoly	1/2-1/2	15	Kasparov, Garry-Karpov, Anatoly, World Championship 31th-KK1, Moskou wch-m, 1984
A.Hor.Fch.MLn.Bg5.Be7.Nf3	open	match	World Championship 31th-KK1	1984	Karpov, Anatoly	Kasparov, Garry	1-0	9	Karpov, Anatoly-Kasparov, Garry, World Championship 31th-KK1, Moskou wch-m, 1984
D.Cat.Fch.Ope	open	match	World Championship 31th-KK1	1984	Kasparov, Garry	Karpov, Anatoly	1/2-1/2	12	Kasparov, Garry-Karpov, Anatoly, World Championship 31th-KK1, Moskou wch-m, 1984
B.Sic.Tay.Nb5.d6.c4.Be7	open	match	World Championship 31th-KK1	1984	Karpov, Anatoly	Kasparov, Garry	1-0	16	Karpov, Anatoly-Kasparov, Garry, World Championship 31th-KK1, Moscow RUS, 1984
C.Pet.Cls.Bd3.Nc6.O-O	open	match	World Championship 31th-KK1	1984	Kasparov, Garry	Karpov, Anatoly	1/2-1/2	13	Kasparov, Garry-Karpov, Anatoly, World Championship 31th-KK1, Moskou wch-m, 1984
A.Eng.AIn.Nf3.b6	open	match	World Championship 31th-KK1	1984	Karpov, Anatoly	Kasparov, Garry	1/2-1/2	4	Karpov, Anatoly-Kasparov, Garry, World Championship 31th-KK1, Moskou wch-m, 1984
E.QID.Nim.Int.Be7	open	match	World Championship 31th-KK1	1984	Karpov, Anatoly	Kasparov, Garry	1/2-1/2	12	Karpov, Anatoly-Kasparov, Garry, World Championship 31th-KK1, Moskou wch-m, 1984
E.QID.Pet.KPe.d5.cxd5.Qc2	open	match	World Championship 31th-KK1	1984	Kasparov, Garry	Karpov, Anatoly	1-0	13	Kasparov, Garry-Karpov, Anatoly, World Championship 31th-KK1, Moscow RUS, 1984
D.QGD.Cls.MLn.Bh4.b6	open	match	World Championship 31th-KK1	1984	Kasparov, Garry	Karpov, Anatoly	1/2-1/2	14	Kasparov, Garry-Karpov, Anatoly, World Championship 31th-KK1, Moskou wch-m, 1984
D.Sem.AMe.Bd6.e4	open	match	World Championship 31th-KK1	1984	Karpov, Anatoly	Kasparov, Garry	1/2-1/2	13	Karpov, Anatoly-Kasparov, Garry, World Championship 31th-KK1, Moskou wch-m, 1984
A.Hor.Fch.MLn.Bg5.Be7.h6	open	match	World Championship 31th-KK1	1984	Karpov, Anatoly	Kasparov, Garry	1/2-1/2	14	Karpov, Anatoly-Kasparov, Garry, World Championship 31th-KK1, Moskou wch-m, 1984
D.Sem.Mer	open	match	World Championship 31th-KK1	1984	Karpov, Anatoly	Kasparov, Garry	1/2-1/2	14	Karpov, Anatoly-Kasparov, Garry, World Championship 31th-KK1, Moskou wch-m, 1984
A.Eng.Sym.Rub	open	match	World Championship 31th-KK1	1984	Kasparov, Garry	Karpov, Anatoly	1/2-1/2	10	Kasparov, Garry-Karpov, Anatoly, World Championship 31th-KK1, Moskou wch-m, 1984
A.Eng.Sym.Rub	open	match	World Championship 31th-KK1	1984	Kasparov, Garry	Karpov, Anatoly	1/2-1/2	10	Kasparov, Garry-Karpov, Anatoly, World Championship 31th-KK1, Moskou wch-m, 1984
E.Nim.Rub.c5.Ne2	women	match	Wch women Riga LAT	1972	Kushnir Aleksandr	Gaprindashvili, Nona	1/2-1/2	9	Kushnir Aleksandr-Gaprindashvili, Nona, Wch women Riga LAT, Wch women Riga LAT, 1972
B.Sic.Tay.Nc3.d6.Be2.Nf6	women	match	Wch women Riga LAT	1972	Gaprindashvili, Nona	Kushnir Aleksandr	0-1	12	Gaprindashvili, Nona-Kushnir Aleksandr, Wch women Riga LAT, Wch women Riga LAT, 1972
A.Kan.MLn.e3.c5.Ne2.cxd4	women	match	Wch women Riga LAT	1972	Kushnir Aleksandr	Gaprindashvili, Nona	1-0	10	Kushnir Aleksandr-Gaprindashvili, Nona, Wch women Riga LAT, Wch women Riga LAT, 1972
B.Sic.Fre.c3	women	match	Wch women Riga LAT	1972	Gaprindashvili, Nona	Kushnir Aleksandr	1/2-1/2	5	Gaprindashvili, Nona-Kushnir Aleksandr, Wch women Riga LAT, Wch women Riga LAT, 1972
A.Hor.Fch.MLn.Bg5.Be7.Nf3	open	match	World Championship 32th-KK2	1985	Kasparov, Garry	Karpov, Anatoly	1/2-1/2	9	Kasparov, Garry-Karpov, Anatoly, World Championship 32th-KK2, Moskou wch-m, 1985
E.Nim.Kas.c5.g3	open	match	World Championship 32th-KK2	1985	Kasparov, Garry	Karpov, Anatoly	1-0	9	Kasparov, Garry-Karpov, Anatoly, World Championship 32th-KK2, Moskou wch-m, 1985
B.Sic.Naj.Sch.O-O.Be7	open	match	World Championship 32th-KK2	1985	Karpov, Anatoly	Kasparov, Garry	1/2-1/2	14	Karpov, Anatoly-Kasparov, Garry, World Championship 32th-KK2, Moscow RUS, 1985
A.Hor.Fch.MLn.Bg5.Be7.Nf3	open	match	World Championship 32th-KK2	1985	Karpov, Anatoly	Kasparov, Garry	1-0	9	Karpov, Anatoly-Kasparov, Garry, World Championship 32th-KK2, Moscow RUS, 1985
A.Hor.Fch.MLn.Bg5.Be7.Nf3	open	match	World Championship 32th-KK2	1985	Kasparov, Garry	Karpov, Anatoly	1/2-1/2	9	Kasparov, Garry-Karpov, Anatoly, World Championship 32th-KK2, Moscow RUS, 1985
E.Nim.Kas	open	match	World Championship 32th-KK2	1985	Kasparov, Garry	Karpov, Anatoly	1-0	7	Kasparov, Garry-Karpov, Anatoly, World Championship 32th-KK2, Moskou wch-m, 1985
B.Sic.Tay.Nc3.d6	open	match	World Championship 32th-KK2	1985	Karpov, Anatoly	Kasparov, Garry	1/2-1/2	10	Karpov, Anatoly-Kasparov, Garry, World Championship 32th-KK2, Moskou wch-m, 1985
D.QGD.Alt	open	match	World Championship 32th-KK2	1985	Karpov, Anatoly	Kasparov, Garry	1-0	6	Karpov, Anatoly-Kasparov, Garry, World Championship 32th-KK2, Moscow RUS, 1985
D.QGD.Cls.MLn.Bh4.b6	open	match	World Championship 32th-KK2	1985	Karpov, Anatoly	Kasparov, Garry	1/2-1/2	14	Karpov, Anatoly-Kasparov, Garry, World Championship 32th-KK2, Moscow RUS, 1985
D.QGD.Alt	open	match	World Championship 32th-KK2	1985	Karpov, Anatoly	Kasparov, Garry	1/2-1/2	6	Karpov, Anatoly-Kasparov, Garry, World Championship 32th-KK2, Moskou wch-m, 1985
A.Hor.Fch.MLn.Bg5.Be7.Nf3	open	match	World Championship 32th-KK2	1985	Karpov, Anatoly	Kasparov, Garry	1/2-1/2	9	Karpov, Anatoly-Kasparov, Garry, World Championship 32th-KK2, Moskou wch-m, 1985
B.Sic.Naj.Sch.O-O.Be7	open	match	World Championship 32th-KK2	1985	Karpov, Anatoly	Kasparov, Garry	0-1	14	Karpov, Anatoly-Kasparov, Garry, World Championship 32th-KK2, Moskou wch-m, 1985
B.Sic.Tay.Nb5.d6.c4	open	match	World Championship 32th-KK2	1985	Karpov, Anatoly	Kasparov, Garry	0-1	11	Karpov, Anatoly-Kasparov, Garry, World Championship 32th-KK2, Moskou wch-m, 1985
E.Nim.Kas.c5.g3	open	match	World Championship 32th-KK2	1985	Kasparov, Garry	Karpov, Anatoly	1/2-1/2	9	Kasparov, Garry-Karpov, Anatoly, World Championship 32th-KK2, Moskou wch-m, 1985
E.Nim.Kas.c5.g3	open	match	World Championship 32th-KK2	1985	Kasparov, Garry	Karpov, Anatoly	1/2-1/2	9	Kasparov, Garry-Karpov, Anatoly, World Championship 32th-KK2, Moskou wch-m, 1985
E.Nim.Kas	open	match	World Championship 32th-KK2	1985	Kasparov, Garry	Karpov, Anatoly	1/2-1/2	7	Kasparov, Garry-Karpov, Anatoly, World Championship 32th-KK2, Moskou wch-m, 1985
C.RyL.Zai.MLn	open	match	World Championship 32th-KK2	1985	Kasparov, Garry	Karpov, Anatoly	1/2-1/2	22	Kasparov, Garry-Karpov, Anatoly, World Championship 32th-KK2, Moscow RUS, 1985
B.Sic.Naj.Pst.MLn.Qxb2	open	match	World Championship 28th	1972	Spassky, Boris Vasily	Fischer, Robert J	1-0	16	Spassky, Boris Vasily-Fischer, Robert J, World Championship 28th, Reykjavik wch-m, 1972
B.Sic.Naj.Bg5.e6.f4.Nbd7	open	match	World Championship 28th	1972	Spassky, Boris Vasily	Fischer, Robert J	1/2-1/2	18	Spassky, Boris Vasily-Fischer, Robert J, World Championship 28th, Reykjavik wch-m, 1972
B.Sic.Naj.Pst.MLn.Qxb2	open	match	World Championship 28th	1972	Spassky, Boris Vasily	Fischer, Robert J	1/2-1/2	16	Spassky, Boris Vasily-Fischer, Robert J, World Championship 28th, Reykjavik wch-m, 1972
B.Sic.Tay.Eng.MLn	open	match	World Championship 28th	1972	Spassky, Boris V.	Fischer, Robert J	0-1	12	Spassky, Boris V.-Fischer, Robert J, World Championship 28th, Reykjavik wch-m, 1972
B.Ale.Mod.MLn.Be2.e6	open	match	World Championship 28th	1972	Spassky, Boris Vasily	Fischer, Robert J	1/2-1/2	10	Spassky, Boris Vasily-Fischer, Robert J, World Championship 28th, Reykjavik wch-m, 1972
D.QGD.Cls.MLn.Bh4	open	match	World Championship 28th	1972	Fischer, Robert J	Spassky, Boris Vasily	1/2-1/2	13	Fischer, Robert J-Spassky, Boris Vasily, World Championship 28th, Reykjavik wch-m, 1972
B.Sic.Cls.Rch.e6.Qd2.O-O-O	open	match	World Championship 28th	1972	Fischer, Robert J	Spassky, Boris V.	1/2-1/2	18	Fischer, Robert J-Spassky, Boris V., World Championship 28th, Reykjavik ISL, 1972
E.Nim.Rub.Hub.Rau	open	match	World Championship 28th	1972	Spassky, Boris V.	Fischer, Robert J	0-1	15	Spassky, Boris V.-Fischer, Robert J, World Championship 28th, Reykjavik ISL, 1972
E.Nim.Rub.Res.MLn.O-O.Brn	open	match	World Championship 28th	1972	Spassky, Boris V.	Fischer, Robert J	1-0	14	Spassky, Boris V.-Fischer, Robert J, World Championship 28th, Reykjavik ISL, 1972
B.Sic.Cls.Rch.e6.Qd2.Bxf6	open	match	World Championship 28th	1972	Fischer, Robert J	Spassky, Boris Vasily	1/2-1/2	21	Fischer, Robert J-Spassky, Boris Vasily, World Championship 28th, Reykjavik wch-m, 1972
C.RyL.Exc.dxc6.O-O.f6	open	match	World Championship 28th	1972	Fischer, Robert J	Spassky, Boris Vasily	1/2-1/2	10	Fischer, Robert J-Spassky, Boris Vasily, World Championship 28th, Reykjavik wch-m, 1972
B.Ale.Mod.KID	open	match	World Championship 28th	1972	Spassky, Boris V.	Fischer, Robert J	0-1	8	Spassky, Boris V.-Fischer, Robert J, World Championship 28th, Reykjavik ISL, 1972
C.RyL.Brk.d4.Nbd7.Nbd2.Bb7	open	match	World Championship 28th	1972	Fischer, Robert J	Spassky, Boris V.	1-0	22	Fischer, Robert J-Spassky, Boris V., World Championship 28th, Reykjavik ISL, 1972
A.Eng.Sym.Nf3.Nf6.Nc3.O-O	open	match	World Championship 28th	1972	Fischer, Robert J	Spassky, Boris V.	1-0	13	Fischer, Robert J-Spassky, Boris V., World Championship 28th, Reykjavik ISL, 1972
D.QGD.Har.MLn.c5.dxc5	open	match	World Championship 28th	1972	Fischer, Robert J	Spassky, Boris V.	1/2-1/2	13	Fischer, Robert J-Spassky, Boris V., World Championship 28th, Reykjavik ISL, 1972
D.QGD.Har.MLn.c5.dxc5	open	match	World Championship 28th	1972	Fischer, Robert J	Spassky, Boris Vasily	1/2-1/2	13	Fischer, Robert J-Spassky, Boris Vasily, World Championship 28th, Reykjavik wch-m, 1972
B.Pir.Aus.c5	open	match	World Championship 28th	1972	Spassky, Boris V.	Fischer, Robert J	1/2-1/2	10	Spassky, Boris V.-Fischer, Robert J, World Championship 28th, Reykjavik ISL, 1972
E.Ind.e6.Nf3.c5.d5.Nd2	open	match	World Championship 28th	1972	Spassky, Boris V.	Fischer, Robert J	0-1	13	Spassky, Boris V.-Fischer, Robert J, World Championship 28th, Reykjavik wch-m, 1972
B.Sic.Cls.Soz.e6.Bb3.Be7	open	match	World Championship 28th	1972	Fischer, Robert J	Spassky, Boris Vasily	1/2-1/2	14	Fischer, Robert J-Spassky, Boris Vasily, World Championship 28th, Reykjavik wch-m, 1972
B.Pir.Fch	women	match	Wch women	1978	?	Gaprindashvili, Nona	1-0	7	?-Gaprindashvili, Nona, Wch women, Pitsunda wch-m, 1978
C.Ita.Giu.Ga6	women	match	Wch women	1978	Gaprindashvili, Nona	?	1/2-1/2	12	Gaprindashvili, Nona-?, Wch women, Pitsunda wch-m, 1978
B.Sic.Cls.Rch.e6.Qd2.a6	women	match	Wch women	1978	?	Gaprindashvili, Nona	0-1	14	?-Gaprindashvili, Nona, Wch women, Pitsunda wch-m, 1978
B.Pir.Cls.Bg7.MLn.O-O.c6	women	match	Wch women	1978	?	Gaprindashvili, Nona	0-1	12	?-Gaprindashvili, Nona, Wch women, Pitsunda wch-m, 1978
B.Pir.Cls.Bg7.MLn	women	match	Wch women	1978	?	Gaprindashvili, Nona	1-0	9	?-Gaprindashvili, Nona, Wch women, Pitsunda wch-m, 1978
B.Pir.Cls.Bg7.MLn.O-O.c6	women	match	Wch women	1978	?	Gaprindashvili, Nona	1/2-1/2	12	?-Gaprindashvili, Nona, Wch women, Pitsunda wch-m, 1978
C.RyL.Shl	women	match	Wch women	1978	?	Gaprindashvili, Nona	1/2-1/2	6	?-Gaprindashvili, Nona, Wch women, Pitsunda wch-m, 1978
A.Ret.Ang.g3.Nf6.Bg2.dxc4	women	match	Wch women	1978	Gaprindashvili, Nona	?	0-1	8	Gaprindashvili, Nona-?, Wch women, Pitsunda wch-m, 1978
B.Sic.Sve.Bxf6.Nd5.f5	women	match	Wch women	1978	Gaprindashvili, Nona	?	1/2-1/2	22	Gaprindashvili, Nona-?, Wch women, Pitsunda, 1978
B.CaK.Cls.Spd.Nd7.h5.Bd3	women	match	Wch women	1978	Gaprindashvili, Nona	?	1/2-1/2	17	Gaprindashvili, Nona-?, Wch women, Pitsunda wch-m, 1978
C.Ita.Two.d3.Be7	women	match	Wch women	1978	Gaprindashvili, Nona	?	1/2-1/2	8	Gaprindashvili, Nona-?, Wch women, Pitsunda wch-m, 1978
C.RyL.Cha.MLn.d4	women	match	Wch women	1988	Ioseliani, Nana	?	0-1	21	Ioseliani, Nana-?, Wch women, Telavi wch-m, 1988
B.CaK.Pmv.Nf6.Nc3.e6.Nf3	women	match	Wch women	1988	?	Ioseliani, Nana	1/2-1/2	11	?-Ioseliani, Nana, Wch women, Telavi wch-m, 1988
C.RyL.Cls.c3.O-O.h3.Be6	women	match	Wch women	1988	Ioseliani, Nana	?	1-0	18	Ioseliani, Nana-?, Wch women, Telavi, 1988
C.RyL.Cls.c3.O-O.h3.Be6	women	match	Wch women	1988	Ioseliani, Nana	?	1/2-1/2	18	Ioseliani, Nana-?, Wch women, Telavi wch-m, 1988
B.Sic.Kan.Nc3	women	match	Wch women	1988	?	Ioseliani, Nana	1/2-1/2	9	?-Ioseliani, Nana, Wch women, Telavi wch-m, 1988
B.CaK.Adv.Bf5.Nc3.Qb6	women	match	Wch women	1988	Ioseliani, Nana	?	1/2-1/2	8	Ioseliani, Nana-?, Wch women, Telavi wch-m, 1988
B.Sic.Tay.Nc3.Nf6.Ndb5	women	match	Wch women	1988	Ioseliani, Nana	?	1/2-1/2	11	Ioseliani, Nana-?, Wch women, Telavi wch-m, 1988
B.CaK.Kar.Bc4.Ngf6.Qe2.Nb6	women	match	Wch women	1988	?	Ioseliani, Nana	1-0	14	?-Ioseliani, Nana, Wch women, Telavi wch-m, 1988
D.QGD.Rag.Bg5	women	match	Wch women	1988	Ioseliani, Nana	?	1/2-1/2	9	Ioseliani, Nana-?, Wch women, Telavi wch-m, 1988
C.RyL.Cls.c3.O-O.h3.Be6	women	match	Wch women	1988	Ioseliani, Nana	?	1/2-1/2	18	Ioseliani, Nana-?, Wch women, Telavi wch-m, 1988
B.Sic.Kan.Nc3	women	match	Wch women	1988	?	Ioseliani, Nana	1/2-1/2	9	?-Ioseliani, Nana, Wch women, Telavi wch-m, 1988
B.Sic.Sch.g3	women	match	Wch women	1988	?	Ioseliani, Nana	0-1	11	?-Ioseliani, Nana, Wch women, Telavi wch-m, 1988
B.CaK.Pmv.Nf6.Nc3.e6.Nf3	women	match	Wch women	1988	?	Ioseliani, Nana	1/2-1/2	11	?-Ioseliani, Nana, Wch women, Telavi, 1988
B.CaK.Pmv.Nf6.Nc3.e6.Nf3	women	match	Wch women	1988	?	Ioseliani, Nana	1/2-1/2	11	?-Ioseliani, Nana, Wch women, Telavi wch-m, 1988
E.Nim.Rub.c5.Ne2	open	match	Karpov - Korchnoi World Championship Match	1978	Korchnoi, Viktor	Karpov, Anatoly	1/2-1/2	9	Korchnoi, Viktor-Karpov, Anatoly, Karpov - Korchnoi World Championship Match, City of Baguio PHI, 1978
C.RyL.Mor.Opn.MLn.StP	open	match	Karpov - Korchnoi World Championship Match	1978	Karpov, Anatoly	Korchnoi, Viktor	1-0	19	Karpov, Anatoly-Korchnoi, Viktor, Karpov - Korchnoi World Championship Match, City of Baguio PHI, 1978
A.Eng.AIn.Nc3.d5.cxd5.Nxc3	open	match	Karpov - Korchnoi World Championship Match	1978	Karpov, Anatoly	Korchnoi, Viktor	1/2-1/2	10	Karpov, Anatoly-Korchnoi, Viktor, Karpov - Korchnoi World Championship Match, City of Baguio PHI, 1978
A.Eng.Rev.Nc3.Nf6.g3.Bb4	open	match	Karpov - Korchnoi World Championship Match	1978	Korchnoi, Viktor	Karpov, Anatoly	1/2-1/2	6	Korchnoi, Viktor-Karpov, Anatoly, Karpov - Korchnoi World Championship Match, City of Baguio PHI, 1978
E.Nim.Kas.c5.g3	open	match	World Championship 33th-KK3	1986	Kasparov, Garry	Karpov, Anatoly	1/2-1/2	9	Kasparov, Garry-Karpov, Anatoly, World Championship 33th-KK3, London/Leningrad, 1986
A.Hor.Fch.MLn.Bg5.Be7.Nf3	open	match	World Championship 33th-KK3	1986	Kasparov, Garry	Karpov, Anatoly	1/2-1/2	9	Kasparov, Garry-Karpov, Anatoly, World Championship 33th-KK3, London ENG / Leningrad RUS, 1986
E.Gru.Brn	open	match	World Championship 33th-KK3	1986	Karpov, Anatoly	Kasparov, Garry	1/2-1/2	7	Karpov, Anatoly-Kasparov, Garry, World Championship 33th-KK3, London/Leningrad, 1986
E.Bog.WSm.MLn.Yat	open	match	World Championship 33th-KK3	1986	Kasparov, Garry	Karpov, Aleksandr	1/2-1/2	12	Kasparov, Garry-Karpov, Aleksandr, World Championship 33th-KK3, London/Leningrad, 1986
C.Pet.Cls.Bd3.Nc6.O-O	open	match	World Championship 33th-KK3	1986	Kasparov, Garry	Karpov, Anatoly	1/2-1/2	13	Kasparov, Garry-Karpov, Anatoly, World Championship 33th-KK3, London/Leningrad, 1986
E.Gru.Rus.Hng.e4.Bg4	open	match	World Championship 33th-KK3	1986	Karpov, Aleksandr	Kasparov, Garry	1-0	14	Karpov, Aleksandr-Kasparov, Garry, World Championship 33th-KK3, London/Leningrad, 1986
E.Gru.Rus.Hng.e4.Bg4	open	match	World Championship 33th-KK3	1986	Karpov, Aleksandr	Kasparov, Garry	1/2-1/2	14	Karpov, Aleksandr-Kasparov, Garry, World Championship 33th-KK3, London/Leningrad, 1986
D.Cat.Fch.Ope	open	match	World Championship 33th-KK3	1986	Kasparov, Garry	Karpov, Aleksandr	1/2-1/2	12	Kasparov, Garry-Karpov, Aleksandr, World Championship 33th-KK3, London/Leningrad, 1986
C.RyL.Zai.MLn	open	match	World Championship 33th-KK3	1986	Kasparov, Garry	Karpov, Anatoly	1-0	22	Kasparov, Garry-Karpov, Anatoly, World Championship 33th-KK3, London/Leningrad, 1986
C.RyL.Zai.MLn	open	match	World Championship 33th-KK3	1986	Kasparov, Garry	Karpov, Anatoly	1-0	22	Kasparov, Garry-Karpov, Anatoly, World Championship 33th-KK3, London/Leningrad, 1986
E.Ind.WIn.Nf3.Bg7.g3	open	match	World Championship 33th-KK3	1986	Karpov, Aleksandr	Kasparov, Garry	1/2-1/2	7	Karpov, Aleksandr-Kasparov, Garry, World Championship 33th-KK3, London ENG / Leningrad RUS, 1986
E.Gru.Brn	open	match	World Championship 33th-KK3	1986	Karpov, Anatoly	Kasparov, Garry	1-0	7	Karpov, Anatoly-Kasparov, Garry, World Championship 33th-KK3, London/Leningrad, 1986
E.Gru.Brn	open	match	World Championship 33th-KK3	1986	Karpov, Anatoly	Kasparov, Garry	1/2-1/2	7	Karpov, Anatoly-Kasparov, Garry, World Championship 33th-KK3, London/Leningrad, 1986
B.Pir.Cls.Bg7.MLn.O-O.Bg4	women	match	Wch (Women) Pitsunda/Tbilisi	1975	?	Gaprindashvili, Nona	1-0	12	?-Gaprindashvili, Nona, Wch (Women) Pitsunda/Tbilisi, Pitsunda wch-m, 1975
C.Vie.Mie.Bc5.Bg2	women	match	Wch (Women) Pitsunda/Tbilisi	1975	Gaprindashvili, Nona	?	1-0	7	Gaprindashvili, Nona-?, Wch (Women) Pitsunda/Tbilisi, Pitsunda wch-m, 1975
B.Sic.Fre.b3	women	match	Wch (Women) Pitsunda/Tbilisi	1975	Gaprindashvili, Nona	?	1-0	5	Gaprindashvili, Nona-?, Wch (Women) Pitsunda/Tbilisi, Pitsunda/Tbilisi GEO, 1975
B.Mod.Std.Nc3.C6S.Sut	women	match	Wch (Women) Pitsunda/Tbilisi	1975	?	Gaprindashvili, Nona	1-0	8	?-Gaprindashvili, Nona, Wch (Women) Pitsunda/Tbilisi, Pitsunda/Tbilisi GEO, 1975
B.Sic.Tay.Nb5.d6.c4	women	match	Wch (Women) Pitsunda/Tbilisi	1975	Gaprindashvili, Nona	?	1-0	11	Gaprindashvili, Nona-?, Wch (Women) Pitsunda/Tbilisi, Tbilisi wch-m, 1975
B.Ale.Nc3	women	match	Wch (Women) Pitsunda/Tbilisi	1975	Gaprindashvili, Nona	?	1-0	4	Gaprindashvili, Nona-?, Wch (Women) Pitsunda/Tbilisi, Pitsunda wch-m, 1975
B.Fre.Stn.MLn.f4.c5.Be3	women	match	Wch (Women) Pitsunda/Tbilisi	1975	Gaprindashvili, Nona	?	1-0	13	Gaprindashvili, Nona-?, Wch (Women) Pitsunda/Tbilisi, Pitsunda wch-m, 1975
B.Sca.Nf6.Chk.Bd7	women	match	Wch (Women) Pitsunda/Tbilisi	1975	?	Gaprindashvili, Nona	0-1	6	?-Gaprindashvili, Nona, Wch (Women) Pitsunda/Tbilisi, Tbilisi wch-m, 1975
B.Sca.Nf6.Chk.Bd7	women	match	Wch (Women) Pitsunda/Tbilisi	1975	?	Gaprindashvili, Nona	0-1	6	?-Gaprindashvili, Nona, Wch (Women) Pitsunda/Tbilisi, Pitsunda wch-m, 1975
B.Sca.Nf6.Chk.Bd7	women	match	Wch (Women) Pitsunda/Tbilisi	1975	?	Gaprindashvili, Nona	0-1	6	?-Gaprindashvili, Nona, Wch (Women) Pitsunda/Tbilisi, Pitsunda/Tbilisi, 1975
B.Sca.Nf6.Chk.Bd7	women	match	Wch (Women) Pitsunda/Tbilisi	1975	?	Gaprindashvili, Nona	1-0	6	?-Gaprindashvili, Nona, Wch (Women) Pitsunda/Tbilisi, Pitsunda wch-m, 1975
B.Ale.Fou.Trd.Be3	women	match	Wch (Women) Pitsunda/Tbilisi	1975	Gaprindashvili, Nona	?	1/2-1/2	13	Gaprindashvili, Nona-?, Wch (Women) Pitsunda/Tbilisi, Georgia, 1975
E.QID.Cls.Nc3	women	match	Wch women Volgograd RUS	1984	Levitina, Irina	?	0-1	11	Levitina, Irina-?, Wch women Volgograd RUS, Wch women Volgograd RUS, 1984
A.Tro.Rap.Bf4	women	match	Wch women Volgograd RUS	1984	Levitina, Irina	?	1/2-1/2	5	Levitina, Irina-?, Wch women Volgograd RUS, Wch women Volgograd RUS, 1984
E.QID.Cls.Nc3.Ne4.Bd2	women	match	Wch women Volgograd RUS	1984	Levitina, Irina	?	1-0	13	Levitina, Irina-?, Wch women Volgograd RUS, Wch women Volgograd RUS, 1984
B.Fre.Tar.Mod	women	match	Wch women Volgograd RUS	1984	?	Levitina, Irina	0-1	6	?-Levitina, Irina, Wch women Volgograd RUS, Wch women Volgograd RUS, 1984
E.QID.Cls.Nc3.Ne4.Bd2	women	match	Wch women Volgograd RUS	1984	Levitina, Irina	?	1/2-1/2	13	Levitina, Irina-?, Wch women Volgograd RUS, Wch women Volgograd RUS, 1984
B.Fre.Tar.Mod	women	match	Wch women	1984	?	Levitina, Irina	1/2-1/2	6	?-Levitina, Irina, Wch women, Volgograd wch-m, 1984
B.Fre.Tar.Mod	women	match	Wch women	1984	?	Levitina, Irina	1-0	6	?-Levitina, Irina, Wch women, Volgograd wch-m, 1984
D.QGD.Ort.Rc1.b6	women	match	Wch women	1984	Levitina, Irina	?	1/2-1/2	17	Levitina, Irina-?, Wch women, Volgograd wch-m, 1984
D.QGD.Ort.Rub.Flo	women	match	Wch women	1984	Levitina, Irina	?	1/2-1/2	15	Levitina, Irina-?, Wch women, Volgograd wch-m, 1984
D.QGD.Ort.Rc1	women	match	Wch women	1984	Levitina, Irina	?	0-1	13	Levitina, Irina-?, Wch women, Volgograd wch-m, 1984
B.Fre.Tar.Mod	women	match	Wch women	1984	?	Levitina, Irina	1-0	6	?-Levitina, Irina, Wch women, Volgograd wch-m, 1984
B.Fre.Win	women	match	Wch women	1984	?	Levitina, Irina	1/2-1/2	6	?-Levitina, Irina, Wch women, Volgograd wch-m, 1984
D.QGD.Cls.MLn.Bh4.b6	open	match	Kasparov - Karpov World Championship Match	1987	Karpov, Anatoly	Kasparov, Garry	1/2-1/2	14	Karpov, Anatoly-Kasparov, Garry, Kasparov - Karpov World Championship Match, Seville ESP, 1987
E.Ind.WIn.g3	open	match	Kasparov - Karpov World Championship Match	1987	Karpov, Anatoly	Kasparov, Garry	1/2-1/2	5	Karpov, Anatoly-Kasparov, Garry, Kasparov - Karpov World Championship Match, Sevilla wch-m, 1987
B.CaK.Kar.Sml	open	match	Kasparov - Karpov World Championship Match	1987	Kasparov, Garry	Karpov, Anatoly	1/2-1/2	10	Kasparov, Garry-Karpov, Anatoly, Kasparov - Karpov World Championship Match, Seville ESP, 1987
B.CaK.Kar.Sml	open	match	Kasparov - Karpov World Championship Match	1987	Kasparov, Garry	Karpov, Anatoly	1/2-1/2	10	Kasparov, Garry-Karpov, Anatoly, Kasparov - Karpov World Championship Match, Seville ESP, 1987
D.QGD.Exc.Bg5.c6	open	match	PCA-Wch Candidats m3 playoff	1994	Gulko, Boris	Short, Nigel D	1/2-1/2	10	Gulko, Boris-Short, Nigel D, PCA-Wch Candidats m3 playoff, New York, NY USA, 1994
B.CaK.Adv.Bf5.Nf3.e6	open	match	PCA-Wch Candidats m3 playoff	1994	Short, Nigel D	Gulko, Boris	1-0	8	Short, Nigel D-Gulko, Boris, PCA-Wch Candidats m3 playoff, New York, NY USA, 1994
B.CaK.Adv.Bf5.Nf3.e6	open	match	PCA-Wch Candidats m3 playoff	1994	Short, Nigel D	Gulko, Boris	1/2-1/2	8	Short, Nigel D-Gulko, Boris, PCA-Wch Candidats m3 playoff, New York cm qf rapid, 1994
D.Sla.Che.MLn	open	match	PCA-Wch Candidats m3 playoff	1994	Gulko, Boris	Short, Nigel D	1/2-1/2	10	Gulko, Boris-Short, Nigel D, PCA-Wch Candidats m3 playoff, New York cm qf rapid, 1994
D.Sla.Cls.MLn.O-O.Nbd7	open	match	PCA-World Championship	1993	Kasparov, Garry	Short, Nigel D	1/2-1/2	16	Kasparov, Garry-Short, Nigel D, PCA-World Championship, Londen wch-m, 1993
B.Sic.Naj.Bc4	open	match	PCA-World Championship	1993	Short, Nigel D	Kasparov, Garry	1/2-1/2	11	Short, Nigel D-Kasparov, Garry, PCA-World Championship, London ENG, 1993
C.RyL.Mor.Ba4.d6.Bxc6.d4	open	match	PCA-World Championship	1993	Kasparov, Garry	Short, Nigel D	1/2-1/2	11	Kasparov, Garry-Short, Nigel D, PCA-World Championship, Londen wch-m, 1993
C.RyL.AntM.a4.Bb7.d3	open	match	PCA-World Championship	1993	Kasparov, Garry	Short, Nigel D	1-0	17	Kasparov, Garry-Short, Nigel D, PCA-World Championship, London ENG, 1993
E.Nim.Cls.d5.cxd5.exd5	open	match	PCA-World Championship	1993	Kasparov, Garry	Short, Nigel D	1-0	10	Kasparov, Garry-Short, Nigel D, PCA-World Championship, Londen wch-m, 1993
C.RyL.AntM.a4	open	match	PCA-World Championship	1993	Kasparov, Garry	Short, Nigel D	1-0	15	Kasparov, Garry-Short, Nigel D, PCA-World Championship, London ENG, 1993
C.RyL.AntM.a4.Bb7.d3.d6	open	match	PCA-World Championship	1993	Kasparov, Garry	Short, Nigel D	1-0	18	Kasparov, Garry-Short, Nigel D, PCA-World Championship, London ENG, 1993
B.Sic.Naj.Bc4.Bb3	open	match	PCA-World Championship	1993	Short, Nigel D	Kasparov, Garry	1/2-1/2	14	Short, Nigel D-Kasparov, Garry, PCA-World Championship, London ENG, 1993
B.Sic.Naj.Bc4.Bb3	open	match	PCA-World Championship	1993	Short, Nigel D	Kasparov, Garry	1-0	14	Short, Nigel D-Kasparov, Garry, PCA-World Championship, London ENG, 1993
B.Sic.Naj.Bc4	open	match	PCA-World Championship	1993	Short, Nigel D	Kasparov, Garry	1/2-1/2	11	Short, Nigel D-Kasparov, Garry, PCA-World Championship, London ENG, 1993
B.Sic.Naj.Bc4	open	match	PCA-World Championship	1993	Short, Nigel D	Kasparov, Garry	1/2-1/2	11	Short, Nigel D-Kasparov, Garry, PCA-World Championship, London ENG, 1993
B.Sic.Naj.Bc4	open	match	PCA-World Championship	1993	Short, Nigel D	Kasparov, Garry	1/2-1/2	11	Short, Nigel D-Kasparov, Garry, PCA-World Championship, Londen wch-m, 1993
B.Sic.Naj.Bc4	open	match	PCA-World Championship	1993	Short, Nigel D	Kasparov, Garry	1/2-1/2	11	Short, Nigel D-Kasparov, Garry, PCA-World Championship, London ENG, 1993
B.Sic.Cls.Rch.e6.Qd2.f4	open	match	PCA-World Championship	1993	Short, Nigel D	Kasparov, Garry	1/2-1/2	17	Short, Nigel D-Kasparov, Garry, PCA-World Championship, London ENG, 1993
C.Sco.Cls.Nxc6.Qf6	open	match	PCA-World Championship	1993	Kasparov, Garry	Short, Nigel D	1/2-1/2	10	Kasparov, Garry-Short, Nigel D, PCA-World Championship, London ENG, 1993
C.Sco.Cls.Nxc6.Qf6	open	match	PCA-World Championship	1993	Kasparov, Garry	Short, Nigel D	1/2-1/2	10	Kasparov, Garry-Short, Nigel D, PCA-World Championship, London ENG, 1993
B.Sic.Naj.Pst.MLn.Qxb2	open	match	PCA-World Championship	1993	Short, Nigel D	Kasparov, Garry	0-1	16	Short, Nigel D-Kasparov, Garry, PCA-World Championship, London ENG, 1993
D.QGD.Exc.Bg5.Be7.e3	open	match	PCA-World Championship	1993	Kasparov, Garry	Short, Nigel D	1-0	11	Kasparov, Garry-Short, Nigel D, PCA-World Championship, London ENG, 1993
B.Sic.Naj.Bc4.Bb3	open	match	PCA-World Championship	1993	Short, Nigel D	Kasparov, Garry	1/2-1/2	14	Short, Nigel D-Kasparov, Garry, PCA-World Championship, Londen wch-m, 1993
D.Sem.Bg5.Mos.e3.Nd7	open	match	PCA-Wch Candidats m4	1994	Kamsky, Gata	Kramnik, Vladimir	1/2-1/2	14	Kamsky, Gata-Kramnik, Vladimir, PCA-Wch Candidats m4, New York, NY USA, 1994
D.Sem.Bg5.Bot.MLn.g5.Nxg5	open	match	PCA-Wch Candidats m4	1994	Kamsky, Gata	Kramnik, Vladimir	1-0	17	Kamsky, Gata-Kramnik, Vladimir, PCA-Wch Candidats m4, New York, NY USA, 1994
A.Eng.AIn.Nc3.e6.Nf3	open	match	PCA-Wch Candidats m4	1994	Kramnik, Vladimir	Kamsky, Gata	0-1	6	Kramnik, Vladimir-Kamsky, Gata, PCA-Wch Candidats m4, New York, NY USA, 1994
D.Sem.Mar.MLn.Qxd4	open	match	PCA-Wch Candidats m4	1994	Kamsky, Gata	Kramnik, Vladimir	1/2-1/2	12	Kamsky, Gata-Kramnik, Vladimir, PCA-Wch Candidats m4, New York, NY USA, 1994
A.Eng.Sym.Nf3	open	match	PCA-Wch Candidats m4	1994	Kramnik, Vladimir	Kamsky, Gata	1/2-1/2	3	Kramnik, Vladimir-Kamsky, Gata, PCA-Wch Candidats m4, New York, NY USA, 1994
A.Eng.Sym.Nf3	open	match	PCA-Wch Candidats m4	1994	Kramnik, Vladimir	Kamsky, Gata	0-1	3	Kramnik, Vladimir-Kamsky, Gata, PCA-Wch Candidats m4, New York, NY USA, 1994
E.Nim.Cls.Ker.MLn	open	match	FIDE-Wch	1993	Timman, Jan H	Karpov, Aleksandr	1/2-1/2	13	Timman, Jan H-Karpov, Aleksandr, FIDE-Wch, Jakarta wch-m, 1993
D.QGD.Vie	open	match	FIDE-Wch	1993	Karpov, Aleksandr	Timman, Jan H	1/2-1/2	8	Karpov, Aleksandr-Timman, Jan H, FIDE-Wch, Arnhem wch-m, 1993
E.KID.Sml.Cst.Be3	open	match	FIDE-Wch	1993	Karpov, Aleksandr	Timman, Jan H	1/2-1/2	11	Karpov, Aleksandr-Timman, Jan H, FIDE-Wch, Jakarta wch-m, 1993
E.KID.Sml.Cst.Be3	open	match	FIDE-Wch	1993	Karpov, Aleksandr	Timman, Jan H	1-0	11	Karpov, Aleksandr-Timman, Jan H, FIDE-Wch, Jakarta wch-m, 1993
E.QID.Pet.KPe.d5.cxd5.Qc2	open	match	FIDE-Wch	1993	Timman, Jan H	Karpov, Aleksandr	1/2-1/2	13	Timman, Jan H-Karpov, Aleksandr, FIDE-Wch, Jakarta wch-m, 1993
E.QID.Nim.Int.Be7	open	match	FIDE-Wch	1993	Karpov, Aleksandr	Timman, Jan H	0-1	12	Karpov, Aleksandr-Timman, Jan H, FIDE-Wch, Zwolle wch-m, 1993
A.Eng.Rev.Fou.g3.Bc5.O-O	open	match	FIDE-Wch	1993	Timman, Jan H	Karpov, Aleksandr	1/2-1/2	13	Timman, Jan H-Karpov, Aleksandr, FIDE-Wch, Arnhem wch-m, 1993
E.Gru.Exc.SeV	open	match	FIDE-Wch	1993	Karpov, Aleksandr	Timman, Jan H	1-0	12	Karpov, Aleksandr-Timman, Jan H, FIDE-Wch, Amsterdam wch-m, 1993
E.QID.Nim.Int.Be7	open	match	FIDE-Wch	1993	Timman, Jan H	Karpov, Aleksandr	1/2-1/2	12	Timman, Jan H-Karpov, Aleksandr, FIDE-Wch, Amsterdam wch-m, 1993
D.QGD.Vie.MLn	open	match	FIDE-Wch	1993	Karpov, Aleksandr	Timman, Jan H	1-0	11	Karpov, Aleksandr-Timman, Jan H, FIDE-Wch, Jakarta wch-m, 1993
A.Eng.Sym.Rub	open	match	FIDE-Wch	1993	Karpov, Aleksandr	Timman, Jan H	0-1	10	Karpov, Aleksandr-Timman, Jan H, FIDE-Wch, Jakarta wch-m, 1993
A.KIA.Bg2.c6.O-O.Bg4	open	match	FIDE-Wch	1993	Timman, Jan H	Karpov, Aleksandr	1/2-1/2	8	Timman, Jan H-Karpov, Aleksandr, FIDE-Wch, Jakarta wch-m, 1993
A.Tor.Nim	open	match	FIDE-Wch	1993	Timman, Jan H	Karpov, Aleksandr	1/2-1/2	6	Timman, Jan H-Karpov, Aleksandr, FIDE-Wch, Amsterdam wch-m, 1993
B.CaK.Kar.Bc4.Ngf6.Qe2.Nb6	open	match	FIDE-Wch	1993	Timman, Jan H	Karpov, Anatoly	1/2-1/2	14	Timman, Jan H-Karpov, Anatoly, FIDE-Wch, NLD/INA, 1993
D.QGD.Vie.MLn	open	match	FIDE-Wch	1993	Karpov, Aleksandr	Timman, Jan H	1/2-1/2	11	Karpov, Aleksandr-Timman, Jan H, FIDE-Wch, Amsterdam wch-m, 1993
B.CaK.Adv.Bf5.VdW	open	match	FIDE-Wch	1993	Timman, Jan H	Karpov, Aleksandr	1/2-1/2	13	Timman, Jan H-Karpov, Aleksandr, FIDE-Wch, Jakarta wch-m, 1993
B.CaK.Kar.Bc4.Ngf6.Qe2.Nb6	open	match	FIDE-Wch	1993	Timman, Jan H	Karpov, Anatoly	1/2-1/2	14	Timman, Jan H-Karpov, Anatoly, FIDE-Wch, NLD/INA, 1993
E.Ind.WIn.Nf3.Bg7.g3	open	match	FIDE-Wch	1993	Karpov, Aleksandr	Timman, Jan H	1/2-1/2	7	Karpov, Aleksandr-Timman, Jan H, FIDE-Wch, Amsterdam wch-m, 1993
E.QID.Pet.KPe.d5.cxd5.Bd2	open	match	FIDE-Wch	1996	Kamsky, Gata	Karpov, Aleksandr	1-0	13	Kamsky, Gata-Karpov, Aleksandr, FIDE-Wch, Elista wch-m, 1996
E.Gru.Rus.Prz.MLn	open	match	FIDE-Wch	1996	Karpov, Aleksandr	Kamsky, Gata	1-0	14	Karpov, Aleksandr-Kamsky, Gata, FIDE-Wch, Elista wch-m, 1996
E.QID.Nim.Int.Be7	open	match	FIDE-Wch	1996	Karpov, Aleksandr	Kamsky, Gata	1/2-1/2	12	Karpov, Aleksandr-Kamsky, Gata, FIDE-Wch, Elista wch-m, 1996
E.QID.Nim.Int.Be7	open	match	FIDE-Wch	1996	Kamsky, Gata	Karpov, Anatoly	1-0	12	Kamsky, Gata-Karpov, Anatoly, FIDE-Wch, Elista RUS, 1996
E.KID.Cls.Byn.Nh5.Re1	open	match	FIDE-Wch	1996	Karpov, Aleksandr	Kamsky, Gata	1-0	19	Karpov, Aleksandr-Kamsky, Gata, FIDE-Wch, Elista wch-m, 1996
C.Pet.Mod.Nxe4.Bd3.d5.Nxe5	open	match	FIDE-Wch	1996	Kamsky, Gata	Karpov, Aleksandr	0-1	9	Kamsky, Gata-Karpov, Aleksandr, FIDE-Wch, Elista wch-m, 1996
E.Gru.Rus.Hng.e4.a6	open	match	FIDE-Wch	1996	Karpov, Aleksandr	Kamsky, Gata	1/2-1/2	14	Karpov, Aleksandr-Kamsky, Gata, FIDE-Wch, Elista wch-m, 1996
A.Kan.MLn.e3.c5.Bd3.Nc6	open	match	FIDE-Wch	1996	Kamsky, Gata	Karpov, Aleksandr	0-1	10	Kamsky, Gata-Karpov, Aleksandr, FIDE-Wch, Elista wch-m, 1996
E.QID.Nim.Int.Be7	open	match	FIDE-Wch	1996	Kamsky, Gata	Karpov, Anatoly	1/2-1/2	12	Kamsky, Gata-Karpov, Anatoly, FIDE-Wch, Elista RUS, 1996
B.CaK.Pmv.Nf6.Nc3.e6.Nf3	open	match	FIDE-Wch	1996	Kamsky, Gata	Karpov, Aleksandr	0-1	11	Kamsky, Gata-Karpov, Aleksandr, FIDE-Wch, Elista wch-m, 1996
E.Ind.e6.Nf3.c5.d5.h3	open	match	FIDE-Wch	1996	Karpov, Aleksandr	Kamsky, Gata	1/2-1/2	15	Karpov, Aleksandr-Kamsky, Gata, FIDE-Wch, Elista wch-m, 1996
B.CaK.Pmv.Nf6.Nc3.e6.Nf3	open	match	FIDE-Wch	1996	Kamsky, Gata	Karpov, Aleksandr	1-0	11	Kamsky, Gata-Karpov, Aleksandr, FIDE-Wch, Elista wch-m, 1996
E.QID.Mod.Fch.MLn	open	match	PCA-Wch Candidats m1	1994	Adams, Michael	Tiviakov, Sergei	0-1	13	Adams, Michael-Tiviakov, Sergei, PCA-Wch Candidats m1, New York, NY USA, 1994
C.RyL.Mor.Ba4.Nf6.O-O.d3	open	match	PCA-Wch Candidats m1	1994	Tiviakov, Sergei	Adams, Michael	1/2-1/2	17	Tiviakov, Sergei-Adams, Michael, PCA-Wch Candidats m1, New York, NY USA, 1994
C.RyL.Mor.Ba4.Nf6.O-O.DEx	open	match	PCA-Wch Candidats m1	1994	Tiviakov, Sergei	Adams, Michael	1-0	11	Tiviakov, Sergei-Adams, Michael, PCA-Wch Candidats m1, New York, NY USA, 1994
B.CaK.Kar.Sml.Kas	open	match	PCA-Wch Candidats m1	1994	Tiviakov, Sergei	Adams, Michael	0-1	11	Tiviakov, Sergei-Adams, Michael, PCA-Wch Candidats m1, New York, NY USA, 1994
B.Sic.Alp.Cen.MLn.Nf6	open	match	PCA-Wch Candidats m1	1994	Adams, Michael	Tiviakov, Sergei	1-0	8	Adams, Michael-Tiviakov, Sergei, PCA-Wch Candidats m1, New York, NY USA, 1994
B.Sic.Alp.Nf6	open	match	PCA-Wch Candidats m1	1994	Adams, Michael	Tiviakov, Sergei	1/2-1/2	4	Adams, Michael-Tiviakov, Sergei, PCA-Wch Candidats m1, New York, NY USA, 1994
B.Sic.Mor	open	match	PCA-Wch Candidats m1	1994	Adams, Michael	Tiviakov, Sergei	1-0	5	Adams, Michael-Tiviakov, Sergei, PCA-Wch Candidats m1, New York, NY USA, 1994
B.CaK.Kar.Bc4.Ngf6.Nxf6.Nxf6	open	match	PCA-Wch Candidats m1	1994	Tiviakov, Sergei	Adams, Michael	1-0	12	Tiviakov, Sergei-Adams, Michael, PCA-Wch Candidats m1, New York, NY USA, 1994
B.Sic.Naj.Sch.O-O.Be7	open	match	PCA-World Championship	1995	Kasparov, Garry	Anand, Viswanathan	1/2-1/2	14	Kasparov, Garry-Anand, Viswanathan, PCA-World Championship, New York, NY USA, 1995
B.Sic.Naj.Sch.O-O.Be7	open	match	PCA-World Championship	1995	Kasparov, Garry	Anand, Viswanathan	1/2-1/2	14	Kasparov, Garry-Anand, Viswanathan, PCA-World Championship, New York, NY USA, 1995
B.Sic.Naj.Sch.O-O.Be7	open	match	PCA-World Championship	1995	Anand, Viswanathan	Kasparov, Garry	1/2-1/2	14	Anand, Viswanathan-Kasparov, Garry, PCA-World Championship, New York, NY USA, 1995
B.Sic.Naj.Sch.O-O.Be7	open	match	PCA-World Championship	1995	Anand, Viswanathan	Kasparov, Garry	1/2-1/2	14	Anand, Viswanathan-Kasparov, Garry, PCA-World Championship, New York, NY USA, 1995
B.Sic.Dra.Yug.Bd7	open	match	PCA-World Championship	1995	Anand, Viswanathan	Kasparov, Garry	0-1	18	Anand, Viswanathan-Kasparov, Garry, PCA-World Championship, New York, NY USA, 1995
E.Nim.Cls.d5.cxd5	open	match	PCA-World Championship	1995	Kasparov, Garry	Anand, Viswanathan	1/2-1/2	9	Kasparov, Garry-Anand, Viswanathan, PCA-World Championship, New York, NY USA, 1995
C.RyL.Mor.Opn.MLn.Krp	open	match	PCA-World Championship	1995	Kasparov, Garry	Anand, Viswanathan	1-0	21	Kasparov, Garry-Anand, Viswanathan, PCA-World Championship, New York, NY USA, 1995
C.RyL.Mor.Opn.MLn.Krp	open	match	PCA-World Championship	1995	Kasparov, Garry	Anand, Viswanathan	1/2-1/2	21	Kasparov, Garry-Anand, Viswanathan, PCA-World Championship, New York, NY USA, 1995
A.Eng.AIn.Nc3.e6.Nf3	open	match	PCA-World Championship	1995	Kasparov, Garry	Anand, Viswanathan	1/2-1/2	6	Kasparov, Garry-Anand, Viswanathan, PCA-World Championship, New York, NY USA, 1995
B.Sic.Dra.Yug.Sol	open	match	PCA-World Championship	1995	Anand, Viswanathan	Kasparov, Garry	0-1	19	Anand, Viswanathan-Kasparov, Garry, PCA-World Championship, New York, NY USA, 1995
C.RyL.Mor.Ba4.Nf6.O-O.b5	open	match	PCA-World Championship	1995	Kasparov, Garry	Anand, Viswanathan	1/2-1/2	10	Kasparov, Garry-Anand, Viswanathan, PCA-World Championship, New York, NY USA, 1995
C.Sco.Mie.Nxc6.bxc6.e5	open	match	PCA-World Championship	1995	Kasparov, Garry	Anand, Viswanathan	1/2-1/2	11	Kasparov, Garry-Anand, Viswanathan, PCA-World Championship, New York, NY USA, 1995
B.Sic.Dra.Yug.Bd7	open	match	PCA-World Championship	1995	Anand, Viswanathan	Kasparov, Garry	1/2-1/2	18	Anand, Viswanathan-Kasparov, Garry, PCA-World Championship, New York, NY USA, 1995
B.Sic.Naj.Sch.O-O.Be7	open	match	PCA-World Championship	1995	Anand, Viswanathan	Kasparov, Garry	1/2-1/2	14	Anand, Viswanathan-Kasparov, Garry, PCA-World Championship, New York, NY USA, 1995
B.Sic.Naj.Sch.O-O.Be7	open	match	PCA-World Championship	1995	Anand, Viswanathan	Kasparov, Garry	1-0	14	Anand, Viswanathan-Kasparov, Garry, PCA-World Championship, New York, NY USA, 1995
B.Sic.Naj.Sch	open	match	PCA-World Championship	1995	Anand, Viswanathan	Kasparov, Garry	1/2-1/2	12	Anand, Viswanathan-Kasparov, Garry, PCA-World Championship, New York, NY USA, 1995
B.Sic.Dra.Yug.Nc6.g4	open	match	PCA-World Championship	1995	Anand, Viswanathan	Kasparov, Garry	1/2-1/2	17	Anand, Viswanathan-Kasparov, Garry, PCA-World Championship, New York, NY USA, 1995
B.Sca.Mod.Mie.MLn	open	match	PCA-World Championship	1995	Kasparov, Garry	Anand, Viswanathan	1-0	10	Kasparov, Garry-Anand, Viswanathan, PCA-World Championship, New York, NY USA, 1995
B.Sic.Tay.Nc3.Nf6.Ndb5	women	match	Wch women	1996	Xie, Jun	Polgar, Susan	1/2-1/2	11	Xie, Jun-Polgar, Susan, Wch women, Jaen ESP, 1996
B.Sic.Cls.Rch	women	match	Wch women	1996	Xie, Jun	Polgar, Susan	0-1	11	Xie, Jun-Polgar, Susan, Wch women, Jaen wch-m, 1996
B.Sic.Cls.Rch.Lip	women	match	Wch women	1996	Xie, Jun	Polgar, Susan	1/2-1/2	17	Xie, Jun-Polgar, Susan, Wch women, Jaen, 1996
C.Sco.Mie.Ste	women	match	Wch women	1996	Polgar, Susan	Xie, Jun	1/2-1/2	10	Polgar, Susan-Xie, Jun, Wch women, Jaen wch-m, 1996
C.Sco.Cls.Nxc6.Qf6	women	match	Wch women	1996	Polgar, Susan	Xie, Jun	1-0	10	Polgar, Susan-Xie, Jun, Wch women, Jaen, 1996
B.Sic.Tay.Nc3.Nf6.Ndb5	women	match	Wch women	1996	Xie, Jun	Polgar, Susan	0-1	11	Xie, Jun-Polgar, Susan, Wch women, Jaen ESP, 1996
A.Hng.Sym	women	match	Wch women	1996	Polgar, Susan	Xie, Jun	0-1	2	Polgar, Susan-Xie, Jun, Wch women, Jaen, 1996
E.Gru.Neo.MLn.cxd5.O-O	women	match	Wch women	1996	Polgar, Susan	Xie, Jun	1-0	13	Polgar, Susan-Xie, Jun, Wch women, Jaen wch-m, 1996
E.Gru.Neo.MLn.cxd5.Nb6	women	match	Wch women	1996	Polgar, Susan	Xie, Jun	1-0	14	Polgar, Susan-Xie, Jun, Wch women, Jaen wch-m, 1996
C.RyL.Mor.Ba4.Nf6.d3.d6	women	match	Wch women	1996	Xie, Jun	Polgar, Susan	1-0	10	Xie, Jun-Polgar, Susan, Wch women, Jaen wch-m, 1996
A.Eng.AIn.g3	women	match	FIDE WCh women	1999	Galliamova, Alisa	Xie, Jun	1/2-1/2	3	Galliamova, Alisa-Xie, Jun, FIDE WCh women, Shenyang CHN, 1999
C.RyL.Cls.Sue	women	match	FIDE WCh women	1999	Galliamova, Alisa	Xie, Jun	1/2-1/2	17	Galliamova, Alisa-Xie, Jun, FIDE WCh women, Shenyang,CHN Wch wmn, 1999
B.Sic.Sch.Eng.MLn	women	match	FIDE WCh women	1999	Xie, Jun	Galliamova, Alisa	1-0	13	Xie, Jun-Galliamova, Alisa, FIDE WCh women, Shenyang CHN, 1999
B.Sic.Sve.Nd5.Be7.Bxf6	women	match	FIDE WCh women	1999	Xie, Jun	Galliamova, Alisa	1/2-1/2	20	Xie, Jun-Galliamova, Alisa, FIDE WCh women, Kazan/Shenyang, 1999
C.RyL.Cls.Smy	women	match	FIDE WCh women	1999	Galliamova, Alisa	Xie, Jun	0-1	18	Galliamova, Alisa-Xie, Jun, FIDE WCh women, Shenyang CHN, 1999
C.RyL.Cls.c3.O-O.h3	women	match	FIDE WCh women	1999	Galliamova, Alisa	Xie, Jun	0-1	17	Galliamova, Alisa-Xie, Jun, FIDE WCh women, Kazan/Shenyang, 1999
B.Sic.Tay.Nc3.d6.Be2.Nf6	women	match	FIDE WCh women	1999	Xie, Jun	Galliamova, Alisa	0-1	12	Xie, Jun-Galliamova, Alisa, FIDE WCh women, Shenyang,CHN Wch wmn, 1999
B.Sic.Tay.Nc3.d6.Be2.Nf6	women	match	FIDE WCh women	1999	Xie, Jun	Galliamova, Alisa	1/2-1/2	12	Xie, Jun-Galliamova, Alisa, FIDE WCh women, Shenyang,CHN Wch wmn, 1999
C.RyL.Cha.MLn.d4.Nc6	women	match	FIDE WCh women	1999	Galliamova, Alisa	Xie, Jun	1-0	22	Galliamova, Alisa-Xie, Jun, FIDE WCh women, Kazan/Shenyang, 1999
C.RyL.Cha.MLn.d4.Qc7.Nbd2	women	match	FIDE WCh women	1999	Galliamova, Alisa	Xie, Jun	1/2-1/2	23	Galliamova, Alisa-Xie, Jun, FIDE WCh women, Kazan/Shenyang, 1999
D.QGA.Cen.McD	open	match	PCA-Wch Candidats sf1	1994	Kamsky, Gata	Short, Nigel D	1-0	6	Kamsky, Gata-Short, Nigel D, PCA-Wch Candidats sf1, Linares, 1994
C.RyL.Mor.Ark	open	match	PCA-Wch Candidats sf1	1994	Short, Nigel D	Kamsky, Gata	0-1	12	Short, Nigel D-Kamsky, Gata, PCA-Wch Candidats sf1, Linares, 1994
D.Sla.Exc.MLn	open	match	PCA-Wch Candidats sf1	1994	Kamsky, Gata	Short, Nigel D	1/2-1/2	10	Kamsky, Gata-Short, Nigel D, PCA-Wch Candidats sf1, Linares cm sf, 1994
B.Sic.Acc.Nc3.Bg7.Be3.Nf6	open	match	PCA-Wch Candidats sf1	1994	Short, Nigel D	Kamsky, Gata	0-1	12	Short, Nigel D-Kamsky, Gata, PCA-Wch Candidats sf1, Linares, 1994
E.KID.Cls.Glg	open	match	World Championship 35th-KK5	1990	Karpov, Anatoly	Kasparov, Garry	1-0	13	Karpov, Anatoly-Kasparov, Garry, World Championship 35th-KK5, Lyon/New York, 1990
E.KID.Cls.Glg	open	match	World Championship 35th-KK5	1990	Karpov, Anatoly	Kasparov, Garry	1/2-1/2	13	Karpov, Anatoly-Kasparov, Garry, World Championship 35th-KK5, Lyon/New York, 1990
E.KID.Cls.Glg	open	match	World Championship 35th-KK5	1990	Karpov, Anatoly	Kasparov, Garry	1/2-1/2	13	Karpov, Anatoly-Kasparov, Garry, World Championship 35th-KK5, Lyon/New York, 1990
E.Gru.Exc.SeV	open	match	World Championship 35th-KK5	1990	Karpov, Anatoly	Kasparov, Garry	1/2-1/2	12	Karpov, Anatoly-Kasparov, Garry, World Championship 35th-KK5, Lyon/New York, 1990
E.Gru.Exc.SeV	open	match	World Championship 35th-KK5	1990	Karpov, Anatoly	Kasparov, Garry	1-0	12	Karpov, Anatoly-Kasparov, Garry, World Championship 35th-KK5, Lyon/New York, 1990
E.Gru.Exc.SeV	open	match	World Championship 35th-KK5	1990	Karpov, Anatoly	Kasparov, Garry	1/2-1/2	12	Karpov, Anatoly-Kasparov, Garry, World Championship 35th-KK5, Lyon/New York, 1990
C.Sco.Mie.Nxc6.bxc6.e5	open	match	World Championship 35th-KK5	1990	Kasparov, Garry	Karpov, Anatoly	1/2-1/2	11	Kasparov, Garry-Karpov, Anatoly, World Championship 35th-KK5, Lyon/New York, 1990
C.Pet.Mod.Stn.Qxd4	open	match	World Championship 35th-KK5	1990	Kasparov, Garry	Karpov, Anatoly	1/2-1/2	9	Kasparov, Garry-Karpov, Anatoly, World Championship 35th-KK5, Lyon/New York, 1990
E.KID.Sml.Byr	open	match	World Championship 35th-KK5	1990	Karpov, Anatoly	Kasparov, Garry	1/2-1/2	14	Karpov, Anatoly-Kasparov, Garry, World Championship 35th-KK5, Lyon/New York, 1990
E.KID.Sml.Ort.d5.Nh5.Qd2	open	match	World Championship 35th-KK5	1990	Karpov, Anatoly	Kasparov, Garry	1-0	15	Karpov, Anatoly-Kasparov, Garry, World Championship 35th-KK5, Lyon/New York, 1990
C.RyL.Cls.Kho	open	match	World Championship 35th-KK5	1990	Kasparov, Garry	Karpov, Anatoly	1-0	18	Kasparov, Garry-Karpov, Anatoly, World Championship 35th-KK5, Lyon/New York, 1990
C.RyL.Zai.MLn	open	match	World Championship 35th-KK5	1990	Kasparov, Garry	Karpov, Anatoly	1-0	22	Kasparov, Garry-Karpov, Anatoly, World Championship 35th-KK5, Lyon/New York, 1990
C.RyL.Zai.MLn	open	match	World Championship 35th-KK5	1990	Kasparov, Garry	Karpov, Anatoly	1/2-1/2	22	Kasparov, Garry-Karpov, Anatoly, World Championship 35th-KK5, Lyon FRA / New York, NY USA, 1990
C.RyL.Zai.MLn	open	match	World Championship 35th-KK5	1990	Kasparov, Garry	Karpov, Anatoly	1/2-1/2	22	Kasparov, Garry-Karpov, Anatoly, World Championship 35th-KK5, Lyon/New York, 1990
C.RyL.Zai.MLn	open	match	World Championship 35th-KK5	1990	Kasparov, Garry	Karpov, Anatoly	1-0	22	Kasparov, Garry-Karpov, Anatoly, World Championship 35th-KK5, Lyon/New York, 1990
C.Sco.Mie.Nxc6.bxc6.e5	open	match	World Championship 35th-KK5	1990	Kasparov, Garry	Karpov, Anatoly	1-0	11	Kasparov, Garry-Karpov, Anatoly, World Championship 35th-KK5, Lyon/New York, 1990
E.KID.Sml.Ort.d5.Nh5.Qd2	open	match	World Championship 35th-KK5	1990	Karpov, Anatoly	Kasparov, Garry	1/2-1/2	15	Karpov, Anatoly-Kasparov, Garry, World Championship 35th-KK5, Lyon FRA / New York, NY USA, 1990
E.Gru.Exc.SeV	open	match	World Championship 35th-KK5	1990	Karpov, Anatoly	Kasparov, Garry	1/2-1/2	12	Karpov, Anatoly-Kasparov, Garry, World Championship 35th-KK5, Lyon/New York, 1990
A.Eng.AIn.Nc3.e6.Nf3	open	match	World Championship 35th-KK5	1990	Kasparov, Garry	Karpov, Anatoly	1/2-1/2	6	Kasparov, Garry-Karpov, Anatoly, World Championship 35th-KK5, Lyon/New York, 1990
E.KID.Cls.Glg	women	match	Wch women	1993	Ioseliani, Nana	Xie, Jun	0-1	13	Ioseliani, Nana-Xie, Jun, Wch women, Monte Carlo MNC, 1993
E.KID.Cls.Glg	women	match	Wch women	1993	Ioseliani, Nana	Xie, Jun	0-1	13	Ioseliani, Nana-Xie, Jun, Wch women, Monte Carlo MNC, 1993
B.Sic.Naj.Eng.e5	women	match	Wch women	1993	Xie, Jun	Ioseliani, Nana	1-0	12	Xie, Jun-Ioseliani, Nana, Wch women, Monte Carlo MNC, 1993
B.Sic.Naj.Eng.Ng4	women	match	Wch women	1993	Xie, Jun	Ioseliani, Nana	1/2-1/2	12	Xie, Jun-Ioseliani, Nana, Wch women, Monte Carlo MNC, 1993
E.KID.Cls.Mar.Nd2	women	match	Wch women	1993	Ioseliani, Nana	Xie, Jun	1/2-1/2	17	Ioseliani, Nana-Xie, Jun, Wch women, Monte Carlo MNC, 1993
E.KID.Cls.Glg	women	match	Wch women	1993	Ioseliani, Nana	Xie, Jun	0-1	13	Ioseliani, Nana-Xie, Jun, Wch women, Monte Carlo MNC, 1993
B.Sic.Cls.Bol	women	match	Wch women	1993	Xie, Jun	Ioseliani, Nana	1/2-1/2	12	Xie, Jun-Ioseliani, Nana, Wch women, Monte Carlo MNC, 1993
E.KID.Cls.Mar.Nd2	women	match	Wch women	1993	Ioseliani, Nana	Xie, Jun	0-1	17	Ioseliani, Nana-Xie, Jun, Wch women, Monte Carlo MNC, 1993
B.Sic.Cls.Bol	women	match	Wch women	1993	Xie, Jun	Ioseliani, Nana	1-0	12	Xie, Jun-Ioseliani, Nana, Wch women, Monte Carlo MNC, 1993
B.Sic.Cls.Bol	women	match	Wch women	1993	Xie, Jun	Ioseliani, Nana	0-1	12	Xie, Jun-Ioseliani, Nana, Wch women, Monte Carlo MNC, 1993
E.Gru.Exc.Sps	open	match	PCA-Wch Candidats final	1995	Kamsky, Gata	Anand, Viswanathan	1/2-1/2	16	Kamsky, Gata-Anand, Viswanathan, PCA-Wch Candidats final, Las Palmas ESP, 1995
E.Gru.Exc.Cla.Rb1.O-O.Be2	open	match	PCA-Wch Candidats final	1995	Kamsky, Gata	Anand, Viswanathan	1/2-1/2	17	Kamsky, Gata-Anand, Viswanathan, PCA-Wch Candidats final, Las Palmas ESP, 1995
C.RyL.Zai.MLn	open	match	PCA-Wch Candidats final	1995	Anand, Viswanathan	Kamsky, Gata	1/2-1/2	22	Anand, Viswanathan-Kamsky, Gata, PCA-Wch Candidats final, Las Palmas ESP, 1995
C.RyL.Zai.MLn	open	match	PCA-Wch Candidats final	1995	Anand, Viswanathan	Kamsky, Gata	1/2-1/2	22	Anand, Viswanathan-Kamsky, Gata, PCA-Wch Candidats final, Las Palmas ESP, 1995
A.EID.Bg5.Bg7	open	match	PCA-Wch Candidats final	1995	Kamsky, Gata	Anand, Viswanathan	1/2-1/2	6	Kamsky, Gata-Anand, Viswanathan, PCA-Wch Candidats final, Las Palmas ESP, 1995
C.RyL.Mor.Opn.MLn.Mot	open	match	PCA-Wch Candidats final	1995	Kamsky, Gata	Anand, Viswanathan	1/2-1/2	19	Kamsky, Gata-Anand, Viswanathan, PCA-Wch Candidats final, Las Palmas ESP, 1995
C.RyL.Mor.Opn.MLn.dxe5.Be6	open	match	PCA-Wch Candidats final	1995	Kamsky, Gata	Anand, Viswanathan	1/2-1/2	16	Kamsky, Gata-Anand, Viswanathan, PCA-Wch Candidats final, Las Palmas ESP, 1995
C.RyL.Zai.MLn	open	match	PCA-Wch Candidats final	1995	Anand, Viswanathan	Kamsky, Gata	1-0	22	Anand, Viswanathan-Kamsky, Gata, PCA-Wch Candidats final, Las Palmas ESP, 1995
B.Sic.Alp.Nf6	open	match	PCA-Wch Candidats m1 playoff	1994	Adams, Michael	Tiviakov, Sergei	1-0	4	Adams, Michael-Tiviakov, Sergei, PCA-Wch Candidats m1 playoff, New York, NY USA, 1994
A.Tro	open	match	PCA-Wch Candidats m1 playoff	1994	Adams, Michael	Tiviakov, Sergei	1/2-1/2	3	Adams, Michael-Tiviakov, Sergei, PCA-Wch Candidats m1 playoff, New York, NY USA, 1994
C.RyL.Mor.Ba4.Nf6.O-O.DEx	open	match	PCA-Wch Candidats m1 playoff	1994	Tiviakov, Sergei	Adams, Michael	1/2-1/2	11	Tiviakov, Sergei-Adams, Michael, PCA-Wch Candidats m1 playoff, New York, NY USA, 1994
B.Sic.Mor.Bd7	open	match	PCA-Wch Candidats m1 playoff	1994	Adams, Michael	Tiviakov, Sergei	1/2-1/2	6	Adams, Michael-Tiviakov, Sergei, PCA-Wch Candidats m1 playoff, New York cm qf rapid, 1994
B.CaK.Kar.Sml.Kas	open	match	PCA-Wch Candidats m1 playoff	1994	Tiviakov, Sergei	Adams, Michael	1/2-1/2	11	Tiviakov, Sergei-Adams, Michael, PCA-Wch Candidats m1 playoff, New York cm qf rapid, 1994
B.CaK.Kar.Sml.Kas	open	match	PCA-Wch Candidats m1 playoff	1994	Tiviakov, Sergei	Adams, Michael	1/2-1/2	11	Tiviakov, Sergei-Adams, Michael, PCA-Wch Candidats m1 playoff, New York cm qf rapid, 1994
B.Sic.Cls.Rch.Lip.Nxd4.Qxd4	women	match	Wch women	1999	Xie, Jun	Galliamova, Alisa	1/2-1/2	19	Xie, Jun-Galliamova, Alisa, Wch women, Kazan/Shenyang, 1999
C.RyL.Cls.Smy	women	match	Wch women	1999	Galliamova, Alisa	Xie, Jun	1/2-1/2	18	Galliamova, Alisa-Xie, Jun, Wch women, Kazan/Shenyang, 1999
B.Sic.Sve.Nd5.Be7.Bxf6	women	match	Wch women	1999	Xie, Jun	Galliamova, Alisa	0-1	20	Xie, Jun-Galliamova, Alisa, Wch women, Kazan/Shenyang, 1999
B.Sic.Cls.Rch.e6.Qd2.a6	women	match	Wch women	1999	Xie, Jun	Galliamova, Alisa	1-0	14	Xie, Jun-Galliamova, Alisa, Wch women, Kazan/Shenyang, 1999
C.RyL.Cha.MLn.d4	women	match	Wch women	1999	Galliamova, Alisa	Xie, Jun	0-1	21	Galliamova, Alisa-Xie, Jun, Wch women, Kazan/Shenyang, 1999
B.CaK.Pmv.Nf6.Nc3.e6.Nf3	open	match	PCA-Wch Candidats m3	1994	Gulko, Boris	Short, Nigel D	1/2-1/2	11	Gulko, Boris-Short, Nigel D, PCA-Wch Candidats m3, New York, NY USA, 1994
B.CaK.Kar.Bc4.Ngf6.Qe2.Bb3	open	match	PCA-Wch Candidats m3	1994	Short, Nigel D	Gulko, Boris	1/2-1/2	15	Short, Nigel D-Gulko, Boris, PCA-Wch Candidats m3, New York, NY USA, 1994
B.CaK.Kar.Bc4.Ngf6.Qe2.Bb3	open	match	PCA-Wch Candidats m3	1994	Short, Nigel D	Gulko, Boris	1/2-1/2	15	Short, Nigel D-Gulko, Boris, PCA-Wch Candidats m3, New York, NY USA, 1994
B.CaK.Kar.Bc4.Ngf6.Qe2.Bb3	open	match	PCA-Wch Candidats m3	1994	Short, Nigel D	Gulko, Boris	1-0	15	Short, Nigel D-Gulko, Boris, PCA-Wch Candidats m3, New York, NY USA, 1994
D.Sla.Exc.MLn.e3	open	match	PCA-Wch Candidats m3	1994	Gulko, Boris	Short, Nigel D	1/2-1/2	11	Gulko, Boris-Short, Nigel D, PCA-Wch Candidats m3, New York, NY USA, 1994
D.Sla.Che.MLn	open	match	PCA-Wch Candidats m3	1994	Gulko, Boris	Short, Nigel D	1/2-1/2	10	Gulko, Boris-Short, Nigel D, PCA-Wch Candidats m3, New York, NY USA, 1994
A.Eng.Rev.Fou.MLn.Bg2.Nb6	open	match	PCA-Wch Candidats m3	1994	Gulko, Boris	Short, Nigel D	1-0	12	Gulko, Boris-Short, Nigel D, PCA-Wch Candidats m3, New York, NY USA, 1994
E.Gru.Fch.Pac.MLn	open	match	PCA-Wch Candidats m2	1994	Romanishin, Oleg M	Anand, Viswanathan	1/2-1/2	14	Romanishin, Oleg M-Anand, Viswanathan, PCA-Wch Candidats m2, New York, NY USA, 1994
C.RyL.Cls.c3	open	match	PCA-Wch Candidats m2	1994	Anand, Viswanathan	Romanishin, Oleg M	1/2-1/2	15	Anand, Viswanathan-Romanishin, Oleg M, PCA-Wch Candidats m2, New York, NY USA, 1994
E.Ind.WIn.g3.Bg7.Bg2.Nxd5	open	match	PCA-Wch Candidats m2	1994	Romanishin, Oleg M	Anand, Viswanathan	0-1	10	Romanishin, Oleg M-Anand, Viswanathan, PCA-Wch Candidats m2, New York, NY USA, 1994
E.Ind.WIn.Nf3.Bg7.g3	open	match	PCA-Wch Candidats m2	1994	Romanishin, Oleg M	Anand, Viswanathan	1/2-1/2	7	Romanishin, Oleg M-Anand, Viswanathan, PCA-Wch Candidats m2, New York, NY USA, 1994
E.Gru.Fch.Pac.MLn	open	match	PCA-Wch Candidats m2	1994	Romanishin, Oleg M	Anand, Viswanathan	0-1	14	Romanishin, Oleg M-Anand, Viswanathan, PCA-Wch Candidats m2, New York, NY USA, 1994
C.RyL.Cha.MLn.d4	open	match	PCA-Wch Candidats m2	1994	Anand, Viswanathan	Romanishin, Oleg M	1/2-1/2	21	Anand, Viswanathan-Romanishin, Oleg M, PCA-Wch Candidats m2, New York, NY USA, 1994
C.RyL.Cha.MLn.d4	open	match	PCA-Wch Candidats m2	1994	Anand, Viswanathan	Romanishin, Oleg M	1-0	21	Anand, Viswanathan-Romanishin, Oleg M, PCA-Wch Candidats m2, New York, NY USA, 1994
B.Sic.Tay.Nc3.Qc7.Be2.O-O	open	match	Dual of the World Championship	2002	Ponomariov, Ruslan	Anand, Viswanathan	1/2-1/2	13	Ponomariov, Ruslan-Anand, Viswanathan, Dual of the World Championship, Mainz GER, 2002
B.Sic.Naj.Eng.MLn.f3.Nbd7	open	match	Dual of the World Championship	2002	Ponomariov, Ruslan	Anand, Viswanathan	1/2-1/2	16	Ponomariov, Ruslan-Anand, Viswanathan, Dual of the World Championship, Mainz GER, 2002
B.CaK.Kar.Ng5.Ngf6.Bd3.e6	open	match	Dual of the World Championship	2002	Ponomariov, Ruslan	Anand, Viswanathan	1/2-1/2	12	Ponomariov, Ruslan-Anand, Viswanathan, Dual of the World Championship, Mainz GER, 2002
B.Sic.Sve.Bxf6.Nd5.f5	open	match	Dual of the World Championship	2002	Ponomariov, Ruslan	Anand, Viswanathan	1-0	20	Ponomariov, Ruslan-Anand, Viswanathan, Dual of the World Championship, Mainz GER, 2002
B.Fre.Bur.MLn	open	knockout	FIDE WCh KO Final	2002	Ponomariov, Ruslan	Ivanchuk, Vasyl	1-0	14	Ponomariov, Ruslan-Ivanchuk, Vasyl, FIDE WCh KO Final, Moscow RUS, 2002
D.QGA.Ale.MLn.Bb3.Nc6	open	knockout	FIDE WCh KO Final	2002	Ivanchuk, Vasyl	Ponomariov, Ruslan	1/2-1/2	12	Ivanchuk, Vasyl-Ponomariov, Ruslan, FIDE WCh KO Final, Moscow RUS, 2002
D.QGA.Ale.MLn	open	knockout	FIDE WCh KO Final	2002	Ivanchuk, Vasyl	Ponomariov, Ruslan	1/2-1/2	10	Ivanchuk, Vasyl-Ponomariov, Ruslan, FIDE WCh KO Final, Moscow RUS, 2002
B.Sic.Tay.Nc3.Qc7	open	knockout	FIDE WCh KO Final	2002	Ponomariov, Ruslan	Ivanchuk, Vasyl	1/2-1/2	10	Ponomariov, Ruslan-Ivanchuk, Vasyl, FIDE WCh KO Final, Moscow RUS, 2002
C.RyL.AntM.h3.Bb7.d3	open	knockout	FIDE WCh KO Final	2002	Ponomariov, Ruslan	Ivanchuk, Vasyl	1-0	17	Ponomariov, Ruslan-Ivanchuk, Vasyl, FIDE WCh KO Final, Moscow RUS, 2002
C.Pet.Cls.Bd3.Nc6.O-O.Ch2	open	knockout	FIDE WCh KO Final	2002	Ivanchuk, Vasyl	Ponomariov, Ruslan	1/2-1/2	17	Ivanchuk, Vasyl-Ponomariov, Ruslan, FIDE WCh KO Final, Moscow RUS, 2002
B.Ale.Mod.Nc6	open	knockout	FIDE WCh KO Final	2002	Ponomariov, Ruslan	Ivanchuk, Vasyl	1/2-1/2	8	Ponomariov, Ruslan-Ivanchuk, Vasyl, FIDE WCh KO Final, Moscow RUS, 2002
E.Nim.Cls.Ker	open	match	BGN World Championship	2000	Kramnik, Vladimir	Kasparov, Garry	1/2-1/2	12	Kramnik, Vladimir-Kasparov, Garry, BGN World Championship, London ENG, 2000
C.RyL.Mor.Ba4.Nf6.O-O.b5	open	match	BGN World Championship	2000	Kasparov, Garry	Kramnik, Vladimir	1/2-1/2	10	Kasparov, Garry-Kramnik, Vladimir, BGN World Championship, London ENG, 2000
C.RyL.Ber.Wal.End	open	match	BGN World Championship	2000	Kasparov, Garry	Kramnik, Vladimir	1/2-1/2	16	Kasparov, Garry-Kramnik, Vladimir, BGN World Championship, London ENG, 2000
E.Ben.Nf3	open	match	BGN World Championship	2000	Kasparov, Garry	Kramnik, Vladimir	1/2-1/2	5	Kasparov, Garry-Kramnik, Vladimir, BGN World Championship, London ENG, 2000
A.Eng.AIn.Nf3.b6	open	match	BGN World Championship	2000	Kramnik, Vladimir	Kasparov, Garry	1/2-1/2	4	Kramnik, Vladimir-Kasparov, Garry, BGN World Championship, London ENG, 2000
D.Cat.Fch.Ope	open	match	BGN World Championship	2000	Kasparov, Garry	Kramnik, Vladimir	1/2-1/2	12	Kasparov, Garry-Kramnik, Vladimir, BGN World Championship, London ENG, 2000
E.QID.Nim.NAt	open	match	World Championship	2004	Leko, Peter	Kramnik, Vladimir	1/2-1/2	9	Leko, Peter-Kramnik, Vladimir, World Championship, Brissago SUI, 2004
E.QID.Nim.Int.Be7	open	match	World Championship	2004	Leko, Peter	Kramnik, Vladimir	1/2-1/2	12	Leko, Peter-Kramnik, Vladimir, World Championship, Brissago SUI, 2004
D.Sla.Sou	open	match	World Championship	2004	Leko, Peter	Kramnik, Vladimir	1/2-1/2	10	Leko, Peter-Kramnik, Vladimir, World Championship, Brissago SUI, 2004
C.RyL.AntM.h3.Bb7.d3	open	match	World Championship	2004	Kramnik, Vladimir	Leko, Peter	1/2-1/2	17	Kramnik, Vladimir-Leko, Peter, World Championship, Brissago SUI, 2004
D.Sla.Nf3.Nf6.Exc.Trf	open	match	World Championship	2008	Kramnik, Vladimir	Anand, Viswanathan	1/2-1/2	16	Kramnik, Vladimir-Anand, Viswanathan, World Championship, Bonn GER, 2008
D.Sla.Cls.MLn.O-O.Nbd7	open	match	World Championship	2008	Anand, Viswanathan	Kramnik, Vladimir	1/2-1/2	16	Anand, Viswanathan-Kramnik, Vladimir, World Championship, Bonn GER, 2008
E.Nim.Sml.Bot.Rom	open	match	World Championship	2008	Anand, Viswanathan	Kramnik, Vladimir	1/2-1/2	16	Anand, Viswanathan-Kramnik, Vladimir, World Championship, Bonn GER, 2008
E.Nim.Cls.d5.cxd5	open	match	World Championship	2008	Anand, Viswanathan	Kramnik, Vladimir	1-0	9	Anand, Viswanathan-Kramnik, Vladimir, World Championship, Bonn GER, 2008
B.Sic.Naj.Bg5.e6.f4	open	match	World Championship	2008	Anand, Viswanathan	Kramnik, Vladimir	1/2-1/2	13	Anand, Viswanathan-Kramnik, Vladimir, World Championship, Bonn GER, 2008
D.Sem.Mer.Blu	open	match	World Championship	2008	Kramnik, Vladimir	Anand, Viswanathan	0-1	21	Kramnik, Vladimir-Anand, Viswanathan, World Championship, 2008
D.QGD.Har.MLn.Nbd7	open	match	World Championship	2008	Anand, Viswanathan	Kramnik, Vladimir	1/2-1/2	12	Anand, Viswanathan-Kramnik, Vladimir, World Championship, Bonn GER, 2008
D.QGD.Rag.Qa4	women	match	WCh women	2011	Hanvitha Koneru	Hou, Yifan(HLJ)	0-1	9	Hanvitha Koneru-Hou, Yifan(HLJ), WCh women, Tirana ALB, 2011
D.QGD.Rag.Qa4	women	match	WCh women	2011	Koneru, Humpy	Hou, Yifan(HLJ)	1/2-1/2	9	Koneru, Humpy-Hou, Yifan(HLJ), WCh women, Tirana ALB, 2011
C.RyL.Mor.Opn.MLn.Brn.Cla	women	match	WCh women	2011	Hou, Yifan(HLJ)	Koneru, Humpy	1/2-1/2	20	Hou, Yifan(HLJ)-Koneru, Humpy, WCh women, Tirana ALB, 2011
C.RyL.Mor.Opn.MLn.Brn.Cla	women	match	WCh women	2011	Hou, Yifan(HLJ)	Koneru, Humpy	1/2-1/2	20	Hou, Yifan(HLJ)-Koneru, Humpy, WCh women, Tirana ALB, 2011
D.Cat.Fch.Ope	women	match	WCh women	2011	Koneru, Humpy	Hou, Yifan(HLJ)	1/2-1/2	12	Koneru, Humpy-Hou, Yifan(HLJ), WCh women, Tirana ALB, 2011
C.RyL.Cls.c3.O-O.h3	women	match	WCh women	2011	Hou, Yifan(HLJ)	Koneru, Humpy	1-0	17	Hou, Yifan(HLJ)-Koneru, Humpy, WCh women, Tirana ALB, 2011
C.Pet.Nxe5.d6.Nf3.Nxe4.Nc3	women	match	WCh women	2011	Hou, Yifan(HLJ)	Koneru, Humpy	1/2-1/2	9	Hou, Yifan(HLJ)-Koneru, Humpy, WCh women, Tirana ALB, 2011
E.Ind.Cat.d5.Bg2.dxc4.Nf3	open	match	World Championship	2010	Anand, Viswanathan	Topalov, Veselin	1/2-1/2	9	Anand, Viswanathan-Topalov, Veselin, World Championship, Sofia BUL, 2010
E.Gru.Exc.SeV.Bc4.c5.Nc6	open	match	World Championship	2010	Topalov, Veselin	Anand, Viswanathan	1/2-1/2	16	Topalov, Veselin-Anand, Viswanathan, World Championship, Sofia BUL, 2010
E.Gru.Exc.Sps	open	match	World Championship	2010	Topalov, Veselin	Anand, Viswanathan	1/2-1/2	16	Topalov, Veselin-Anand, Viswanathan, World Championship, Sofia BUL, 2010
D.Sla.Cze.Kra.MLn.e6.f3	open	match	World Championship	2010	Topalov, Veselin	Anand, Viswanathan	1/2-1/2	13	Topalov, Veselin-Anand, Viswanathan, World Championship, Sofia BUL, 2010
D.Sla.Cze.Kra.MLn.e6.f3	open	match	World Championship	2010	Topalov, Veselin	Anand, Viswanathan	1/2-1/2	13	Topalov, Veselin-Anand, Viswanathan, World Championship, Sofia BUL, 2010
D.Sla.Cze.Kra.MLn.e6.f3	open	match	World Championship	2010	Topalov, Veselin	Anand, Viswanathan	1-0	13	Topalov, Veselin-Anand, Viswanathan, World Championship, Sofia BUL, 2010
E.Nim.Rub.Res.MLn.O-O	open	match	World Championship	2010	Anand, Viswanathan	Topalov, Veselin	1/2-1/2	13	Anand, Viswanathan-Topalov, Veselin, World Championship, Sofia BUL, 2010
B.Sic.Kan.Tal	open	match	WCh 2014	2014	Carlsen, Magnus	Anand, Viswanathan	1-0	12	Carlsen, Magnus-Anand, Viswanathan, WCh 2014, Sochi RUS, 2014
C.RyL.Ber.d3.Bc5	open	match	WCh 2014	2014	Carlsen, Magnus	Anand, Viswanathan	1-0	8	Carlsen, Magnus-Anand, Viswanathan, WCh 2014, Sochi RUS, 2014
E.QID.Fch	open	match	WCh 2014	2014	Anand, Viswanathan	Carlsen, Magnus	1/2-1/2	7	Anand, Viswanathan-Carlsen, Magnus, WCh 2014, Sochi RUS, 2014
E.Gru.cxd5.Nxd5	open	match	WCh 2014	2014	Anand, Viswanathan	Carlsen, Magnus	1/2-1/2	8	Anand, Viswanathan-Carlsen, Magnus, WCh 2014, Sochi RUS, 2014
C.RyL.Ber.Wal.End	open	match	WCh 2014	2014	Carlsen, Magnus	Anand, Viswanathan	1/2-1/2	16	Carlsen, Magnus-Anand, Viswanathan, WCh 2014, Sochi RUS, 2014
E.Gru.Rus.Hng.e4.Na6	open	match	WCh 2014	2014	Anand, Viswanathan	Carlsen, Magnus	1/2-1/2	14	Anand, Viswanathan-Carlsen, Magnus, WCh 2014, Sochi RUS, 2014
B.Sic.Fre	open	match	WCh 2014	2014	Carlsen, Magnus	Anand, Viswanathan	1/2-1/2	4	Carlsen, Magnus-Anand, Viswanathan, WCh 2014, Sochi RUS, 2014
C.RyL.Ber.Wal.End	open	match	WCh 2014	2014	Carlsen, Magnus	Anand, Viswanathan	1/2-1/2	16	Carlsen, Magnus-Anand, Viswanathan, WCh 2014, Sochi RUS, 2014
D.QGD.Har.MLn.Nbd7.c5	open	match	WCh 2014	2014	Anand, Viswanathan	Carlsen, Magnus	1-0	13	Anand, Viswanathan-Carlsen, Magnus, WCh 2014, Sochi RUS, 2014
D.QGD.Har.Har.MLn	open	match	WCh 2014	2014	Anand, Viswanathan	Carlsen, Magnus	1/2-1/2	14	Anand, Viswanathan-Carlsen, Magnus, WCh 2014, Sochi RUS, 2014
E.Ind.WIn.f3.d5	open	match	WCh 2012	2012	Anand, Viswanathan	Gelfand, Boris	1/2-1/2	6	Anand, Viswanathan-Gelfand, Boris, WCh 2012, Moscow RUS, 2012
D.Sem.e3.a6	open	match	WCh 2012	2012	Gelfand, Boris	Anand, Viswanathan	1/2-1/2	10	Gelfand, Boris-Anand, Viswanathan, WCh 2012, Moscow RUS, 2012
D.Sem.e3.a6	open	match	WCh 2012	2012	Gelfand, Boris	Anand, Viswanathan	1/2-1/2	10	Gelfand, Boris-Anand, Viswanathan, WCh 2012, Moscow RUS, 2012
D.Sem.e3.a6	open	match	WCh 2012	2012	Gelfand, Boris	Anand, Viswanathan	1/2-1/2	10	Gelfand, Boris-Anand, Viswanathan, WCh 2012, Moscow RUS, 2012
E.Gru.Exc.Cla	open	match	WCh 2012	2012	Anand, Viswanathan	Gelfand, Boris	1/2-1/2	14	Anand, Viswanathan-Gelfand, Boris, WCh 2012, Moscow RUS, 2012
B.Sic.Sve.Nd5.Be7.Bxf6	open	match	WCh 2012	2012	Anand, Viswanathan	Gelfand, Boris	1/2-1/2	20	Anand, Viswanathan-Gelfand, Boris, WCh 2012, Moscow RUS, 2012
B.Sic.Ros.Nim	open	match	World Championship	2012	Anand, Viswanathan	Gelfand, Boris	1/2-1/2	6	Anand, Viswanathan-Gelfand, Boris, World Championship, 2012
B.Sic.Ros.Nim	open	match	World Championship	2012	Anand, Viswanathan	Gelfand, Boris	1/2-1/2	6	Anand, Viswanathan-Gelfand, Boris, World Championship, 2012
D.Sem.e3.a6	open	match	World Championship	2012	Gelfand, Boris	Anand, Viswanathan	1-0	10	Gelfand, Boris-Anand, Viswanathan, World Championship, Moscow RUS, 2012
E.Ind.WIn.f3.c5.d5.d6	open	match	World Championship	2012	Anand, Viswanathan	Gelfand, Boris	1-0	8	Anand, Viswanathan-Gelfand, Boris, World Championship, Moscow RUS, 2012
B.CaK.Tar	women	match	WCh Women playoff	2010	Hou, Yifan(HLJ)	Ruan, Lufei	1-0	10	Hou, Yifan(HLJ)-Ruan, Lufei, WCh Women playoff, Antakya TUR, 2010
B.Sic.Acc.Mar.Nf6.Nc3.Nxd4	women	match	WCh Women playoff	2010	Ruan, Lufei	Hou, Yifan(HLJ)	1/2-1/2	12	Ruan, Lufei-Hou, Yifan(HLJ), WCh Women playoff, Antakya TUR, 2010
B.Sic.Acc.Nc3.Bg7	women	match	WCh Women playoff	2010	Ruan, Lufei	Hou, Yifan(HLJ)	1/2-1/2	10	Ruan, Lufei-Hou, Yifan(HLJ), WCh Women playoff, Antakya TUR, 2010
C.RyL.Bir	women	match	WCh Women playoff	2010	Hou, Yifan(HLJ)	Ruan, Lufei	1-0	6	Hou, Yifan(HLJ)-Ruan, Lufei, WCh Women playoff, Antakya TUR, 2010
B.Sic.Sve.Ndb5.d6	open	match	WCh 2018	2018	Caruana, Fabiano	Carlsen, Magnus	1/2-1/2	12	Caruana, Fabiano-Carlsen, Magnus, WCh 2018, London ENG, 2018
B.Sic.Sve.Ndb5.d6	open	match	WCh 2018	2018	Caruana, Fabiano	Carlsen, Magnus	1/2-1/2	12	Caruana, Fabiano-Carlsen, Magnus, WCh 2018, London ENG, 2018
B.Sic.Sve.Ndb5.d6	open	match	WCh 2018	2018	Caruana, Fabiano	Carlsen, Magnus	1/2-1/2	12	Caruana, Fabiano-Carlsen, Magnus, WCh 2018, London ENG, 2018
A.Eng.Rev.Fou.MLn.Bg2.Bc5	open	match	WCh 2018	2018	Carlsen, Magnus	Caruana, Fabiano	1/2-1/2	12	Carlsen, Magnus-Caruana, Fabiano, WCh 2018, London ENG, 2018
A.Eng.Rev.Fou.MLn.Bg2.Bc5	open	match	WCh 2018	2018	Carlsen, Magnus	Caruana, Fabiano	1/2-1/2	12	Carlsen, Magnus-Caruana, Fabiano, WCh 2018, London ENG, 2018
B.Sic.Ros.Cls.MLn.Gur	open	match	WCh 2018	2018	Caruana, Fabiano	Carlsen, Magnus	1/2-1/2	11	Caruana, Fabiano-Carlsen, Magnus, WCh 2018, London ENG, 2018
B.Sic.Ros.Cls	open	match	WCh 2018	2018	Caruana, Fabiano	Carlsen, Magnus	1/2-1/2	6	Caruana, Fabiano-Carlsen, Magnus, WCh 2018, London ENG, 2018
D.QGD.Har.Qc2	open	match	WCh 2018	2018	Carlsen, Magnus	Caruana, Fabiano	1/2-1/2	15	Carlsen, Magnus-Caruana, Fabiano, WCh 2018, London ENG, 2018
D.QGD.Har.Qc2.Rd1	open	match	WCh 2018	2018	Carlsen, Magnus	Caruana, Fabiano	1/2-1/2	19	Carlsen, Magnus-Caruana, Fabiano, WCh 2018, London ENG, 2018
C.Pet.Nxe5.d6.Nf3.Nxe4.Nc3	open	match	WCh 2018	2018	Carlsen, Magnus	Caruana, Fabiano	1/2-1/2	9	Carlsen, Magnus-Caruana, Fabiano, WCh 2018, London ENG, 2018
C.Pet.Nxe5.d6.Nd3	open	match	WCh 2018	2018	Carlsen, Magnus	Caruana, Fabiano	1/2-1/2	7	Carlsen, Magnus-Caruana, Fabiano, WCh 2018, London ENG, 2018
B.Sic.Ros.Cls	open	match	WCh 2018	2018	Caruana, Fabiano	Carlsen, Magnus	1/2-1/2	6	Caruana, Fabiano-Carlsen, Magnus, WCh 2018, London ENG, 2018
C.RyL.Mor.Ba4.Nf6.O-O.Mrt	open	match	WCh 2016	2016	Karjakin, Sergey	Carlsen, Magnus	1/2-1/2	11	Karjakin, Sergey-Carlsen, Magnus, WCh 2016, New York, NY USA, 2016
C.RyL.Mor.Ba4.Nf6.O-O.Mrt	open	match	WCh 2016	2016	Karjakin, Sergey	Carlsen, Magnus	1/2-1/2	11	Karjakin, Sergey-Carlsen, Magnus, WCh 2016, New York, NY USA, 2016
C.RyL.Ber.O-O.Nxe4	open	match	WCh 2016	2016	Carlsen, Magnus	Karjakin, Sergey	1/2-1/2	8	Carlsen, Magnus-Karjakin, Sergey, WCh 2016, New York, NY USA, 2016
D.Sla.Nc3.Nf6.e3	open	match	WCh 2016	2016	Karjakin, Sergey	Carlsen, Magnus	1/2-1/2	7	Karjakin, Sergey-Carlsen, Magnus, WCh 2016, New York, NY USA, 2016
C.RyL.AntM.h3.Bb7.d3.d5	open	match	WCh 2016	2016	Karjakin, Sergey	Carlsen, Magnus	1/2-1/2	18	Karjakin, Sergey-Carlsen, Magnus, WCh 2016, New York, NY USA, 2016
C.RyL.AntM.h3.Bb7.d3	open	match	WCh 2016	2016	Karjakin, Sergey	Carlsen, Magnus	1/2-1/2	17	Karjakin, Sergey-Carlsen, Magnus, WCh 2016, New York, NY USA, 2016
C.RyL.Mor.Ba4.Nf6.O-O.b5	open	match	WCh 2016	2016	Karjakin, Sergey	Carlsen, Magnus	1/2-1/2	10	Karjakin, Sergey-Carlsen, Magnus, WCh 2016, New York, NY USA, 2016
C.Ita.Pia.Nf6.MLn.A4C	open	match	WCh 2016	2016	Carlsen, Magnus	Karjakin, Sergey	1/2-1/2	14	Carlsen, Magnus-Karjakin, Sergey, WCh 2016, New York, NY USA, 2016
C.RyL.Ber.d3.Bc5	open	match	WCh 2016	2016	Carlsen, Magnus	Karjakin, Sergey	1-0	8	Carlsen, Magnus-Karjakin, Sergey, WCh 2016, New York, NY USA, 2016
C.RyL.Ber.O-O.Nxe4	open	match	WCh 2016	2016	Carlsen, Magnus	Karjakin, Sergey	1/2-1/2	8	Carlsen, Magnus-Karjakin, Sergey, WCh 2016, New York, NY USA, 2016
A.Tro	open	match	WCh 2016	2016	Carlsen, Magnus	Karjakin, Sergey	1/2-1/2	3	Carlsen, Magnus-Karjakin, Sergey, WCh 2016, New York, NY USA, 2016
A.Col.Zuk	open	match	WCh 2016	2016	Carlsen, Magnus	Karjakin, Sergey	0-1	9	Carlsen, Magnus-Karjakin, Sergey, WCh 2016, New York, NY USA, 2016
B.Sic.Cls.Bol.MLn.Be3.Be6	women	match	WCh Women 2016	2016	Hou, Yifan(HLJ)	Muzychuk, Mariya	1-0	18	Hou, Yifan(HLJ)-Muzychuk, Mariya, WCh Women 2016, Lvov UKR, 2016
A.QPO.Nf6.Nf3.e6	women	match	WCh Women 2016	2016	Muzychuk, Mariya	Hou, Yifan(HLJ)	1/2-1/2	4	Muzychuk, Mariya-Hou, Yifan(HLJ), WCh Women 2016, Lvov UKR, 2016
C.RyL.Mor.Opn.MLn.dxe5.Be6	women	match	WCh Women 2016	2016	Hou, Yifan(HLJ)	Muzychuk, Mariya	1-0	16	Hou, Yifan(HLJ)-Muzychuk, Mariya, WCh Women 2016, Lvov UKR, 2016
C.RyL.Mor.Opn.MLn.Brn.Cla	women	match	WCh Women 2016	2016	Hou, Yifan(HLJ)	Muzychuk, Mariya	1/2-1/2	20	Hou, Yifan(HLJ)-Muzychuk, Mariya, WCh Women 2016, Lvov UKR, 2016
C.Ita.Giu.O-O.Nf6.d3.O-O	women	match	WCh Women 2016	2016	Muzychuk, Mariya	Hou, Yifan(HLJ)	1/2-1/2	10	Muzychuk, Mariya-Hou, Yifan(HLJ), WCh Women 2016, Lvov UKR, 2016
A.Ret.Ang.g3	women	match	WCh Women 2016	2016	Hou, Yifan(HLJ)	Muzychuk, Mariya	1/2-1/2	5	Hou, Yifan(HLJ)-Muzychuk, Mariya, WCh Women 2016, Lvov UKR, 2016
C.RyL.Mor.Opn.MLn.Cls	women	match	WCh Women 2016	2016	Hou, Yifan(HLJ)	Muzychuk, Mariya	1/2-1/2	18	Hou, Yifan(HLJ)-Muzychuk, Mariya, WCh Women 2016, Lvov UKR, 2016
D.Cat.Fch.C01	women	match	WCh Women 2016	2016	Muzychuk, Mariya	Hou, Yifan(HLJ)	1/2-1/2	19	Muzychuk, Mariya-Hou, Yifan(HLJ), WCh Women 2016, Lvov UKR, 2016
C.Ita.Pia.Nf6.MLn	women	match	WCh Women 2016	2016	Muzychuk, Mariya	Hou, Yifan(HLJ)	0-1	11	Muzychuk, Mariya-Hou, Yifan(HLJ), WCh Women 2016, Lvov UKR, 2016
D.QGD.Exc.Bg5.c6	women	match	WCh Women 2020	2020	Goryachkina, Aleksandra	Ju, Wenjun	0-1	10	Goryachkina, Aleksandra-Ju, Wenjun, WCh Women 2020, Shanghai/Vladivostok CHN, 2020
D.Sla.Sou	women	match	WCh Women 2020	2020	Ju, Wenjun	Goryachkina, Aleksandra	1-0	10	Ju, Wenjun-Goryachkina, Aleksandra, WCh Women 2020, Shanghai/Vladivostok CHN, 2020
A.Hor.Fch.MLn.Nf3.Be7	women	match	WCh Women 2020	2020	Goryachkina, Aleksandra	Ju, Wenjun	1/2-1/2	8	Goryachkina, Aleksandra-Ju, Wenjun, WCh Women 2020, Shanghai/Vladivostok CHN, 2020
D.STa.Exc.MLn.Nxd5.Bb4	women	match	WCh Women 2020	2020	Goryachkina, Aleksandra	Ju, Wenjun	1/2-1/2	16	Goryachkina, Aleksandra-Ju, Wenjun, WCh Women 2020, Shanghai/Vladivostok CHN, 2020
C.RyL.Ber.O-O.LHe	women	match	WCh Women 2020	2020	Ju, Wenjun	Goryachkina, Aleksandra	1/2-1/2	11	Ju, Wenjun-Goryachkina, Aleksandra, WCh Women 2020, Shanghai/Vladivostok CHN, 2020
C.RyL.Ber.O-O.Nxe4	women	match	WCh Women 2020	2020	Ju, Wenjun	Goryachkina, Aleksandra	1/2-1/2	8	Ju, Wenjun-Goryachkina, Aleksandra, WCh Women 2020, Shanghai/Vladivostok CHN, 2020
C.RyL.Ber.O-O.Nxe4	women	match	WCh Women 2020	2020	Ju, Wenjun	Goryachkina, Aleksandra	1/2-1/2	8	Ju, Wenjun-Goryachkina, Aleksandra, WCh Women 2020, Shanghai/Vladivostok CHN, 2020
C.RyL.Ber.d3.Bc5	women	match	WCh Women 2020	2020	Ju, Wenjun	Goryachkina, Aleksandra	1/2-1/2	8	Ju, Wenjun-Goryachkina, Aleksandra, WCh Women 2020, Shanghai/Vladivostok CHN, 2020
A.Ret.d5.b3	women	match	WCh Women 2020	2020	Ju, Wenjun	Goryachkina, Aleksandra	1-0	3	Ju, Wenjun-Goryachkina, Aleksandra, WCh Women 2020, Shanghai/Vladivostok CHN, 2020
A.Lon.Job.e6	women	match	WCh Women 2020	2020	Goryachkina, Aleksandra	Ju, Wenjun	1-0	6	Goryachkina, Aleksandra-Ju, Wenjun, WCh Women 2020, Shanghai/Vladivostok CHN, 2020
D.QGD.Exc.Bg5.c6	women	match	WCh Women 2020	2020	Goryachkina, Aleksandra	Ju, Wenjun	1-0	10	Goryachkina, Aleksandra-Ju, Wenjun, WCh Women 2020, Shanghai/Vladivostok CHN, 2020
A.Eng.Mik.d5	women	match	WCh Women 2020	2020	Goryachkina, Aleksandra	Ju, Wenjun	1-0	6	Goryachkina, Aleksandra-Ju, Wenjun, WCh Women 2020, Shanghai/Vladivostok CHN, 2020
A.Hor.Fch.MLn.cxd5	women	match	WCh Women TB 2020	2020	Goryachkina, Aleksandra	Ju, Wenjun	1/2-1/2	7	Goryachkina, Aleksandra-Ju, Wenjun, WCh Women TB 2020, Vladivostok RUS, 2020
A.Hor.Fch.MLn.cxd5	women	match	WCh Women TB 2020	2020	Goryachkina, Aleksandra	Ju, Wenjun	1/2-1/2	7	Goryachkina, Aleksandra-Ju, Wenjun, WCh Women TB 2020, Vladivostok RUS, 2020
A.Ret.d5.g3.c6	women	match	WCh Women TB 2020	2020	Ju, Wenjun	Goryachkina, Aleksandra	1-0	8	Ju, Wenjun-Goryachkina, Aleksandra, WCh Women TB 2020, Vladivostok RUS, 2020
A.Ret.d5.g3.c6	women	match	WCh Women TB 2020	2020	Ju, Wenjun	Goryachkina, Aleksandra	1/2-1/2	8	Ju, Wenjun-Goryachkina, Aleksandra, WCh Women TB 2020, Vladivostok RUS, 2020
D.Cat.Fch.Ope	open	match	WCh 2021	2021	Carlsen, Magnus	Nepomniachtchi, Ian	1/2-1/2	12	Carlsen, Magnus-Nepomniachtchi, Ian, WCh 2021, Dubai UAE, 2021
C.RyL.AntM.a4.Bb7.d3.d6	open	match	WCh 2021	2021	Nepomniachtchi, Ian	Carlsen, Magnus	1/2-1/2	18	Nepomniachtchi, Ian-Carlsen, Magnus, WCh 2021, Dubai UAE, 2021
C.Pet.Mod.Nxe4.Bd3.d5.Nxe5	open	match	WCh 2021	2021	Carlsen, Magnus	Nepomniachtchi, Ian	1-0	9	Carlsen, Magnus-Nepomniachtchi, Ian, WCh 2021, Dubai UAE, 2021
C.RyL.AntM.h3	open	match	WCh 2021	2021	Nepomniachtchi, Ian	Carlsen, Magnus	1/2-1/2	15	Nepomniachtchi, Ian-Carlsen, Magnus, WCh 2021, Dubai UAE, 2021
C.RyL.AntM.a4	open	match	WCh 2021	2021	Nepomniachtchi, Ian	Carlsen, Magnus	1/2-1/2	15	Nepomniachtchi, Ian-Carlsen, Magnus, WCh 2021, Dubai UAE, 2021
C.RyL.AntM.a4	open	match	WCh 2021	2021	Nepomniachtchi, Ian	Carlsen, Magnus	1/2-1/2	15	Nepomniachtchi, Ian-Carlsen, Magnus, WCh 2021, Dubai UAE, 2021
C.Pet.Cls.Bd3.Bd6.O-O.Sta	open	match	WCh 2021	2021	Carlsen, Magnus	Nepomniachtchi, Ian	1/2-1/2	16	Carlsen, Magnus-Nepomniachtchi, Ian, WCh 2021, Dubai UAE, 2021
C.Pet.Nxe5.d6.Nd3	open	match	WCh 2021	2021	Carlsen, Magnus	Nepomniachtchi, Ian	1/2-1/2	7	Carlsen, Magnus-Nepomniachtchi, Ian, WCh 2021, Dubai UAE, 2021
D.QPG.Zuk.Nf6.g3	open	match	WCh 2021	2021	Carlsen, Magnus	Nepomniachtchi, Ian	1-0	5	Carlsen, Magnus-Nepomniachtchi, Ian, WCh 2021, Dubai UAE, 2021
A.Eng.Agi	open	match	WCh 2021	2021	Nepomniachtchi, Ian	Carlsen, Magnus	0-1	2	Nepomniachtchi, Ian-Carlsen, Magnus, WCh 2021, Dubai UAE, 2021
C.Ita.Pia.Nf6.MLn	open	match	WCh 2021	2021	Nepomniachtchi, Ian	Carlsen, Magnus	0-1	11	Nepomniachtchi, Ian-Carlsen, Magnus, WCh 2021, Dubai UAE, 2021
D.QPG.Zuk.c5.e3.Nf6.Nbd2	open	match	WCh 2023	2023	Ding, Liren	Nepomniachtchi, Ian	1-0	7	Ding, Liren-Nepomniachtchi, Ian, WCh 2023, Astana KAZ, 2023
A.Lon.Msn	open	match	WCh 2023	2023	Ding, Liren	Nepomniachtchi, Ian	1-0	7	Ding, Liren-Nepomniachtchi, Ian, WCh 2023, Astana KAZ, 2023
C.RyL.Mor.Ba4.Nf6.O-O.Mrt	open	match	WCh 2023	2023	Nepomniachtchi, Ian	Ding, Liren	1/2-1/2	11	Nepomniachtchi, Ian-Ding, Liren, WCh 2023, Astana KAZ, 2023
C.RyL.Mor.Ba4.Nf6.O-O.Mrt	open	match	WCh 2023	2023	Nepomniachtchi, Ian	Ding, Liren	1/2-1/2	11	Nepomniachtchi, Ian-Ding, Liren, WCh 2023, Astana KAZ, 2023
D.QGD.Exc.Min.h6.Bh4	open	match	WCh 2023	2023	Nepomniachtchi, Ian	Ding, Liren	1/2-1/2	17	Nepomniachtchi, Ian-Ding, Liren, WCh 2023, Astana KAZ, 2023
A.Eng.Rev.Fou.e3.Bb4.Bxc3	open	match	WCh 2023	2023	Ding, Liren	Nepomniachtchi, Ian	1-0	10	Ding, Liren-Nepomniachtchi, Ian, WCh 2023, Astana KAZ, 2023
E.Nim.Rub.O-O.Sml	open	match	WCh 2023	2023	Ding, Liren	Nepomniachtchi, Ian	1/2-1/2	11	Ding, Liren-Nepomniachtchi, Ian, WCh 2023, Astana KAZ, 2023
E.Ind.e6.Nf3.d5	open	match	WCh 2023	2023	Ding, Liren	Nepomniachtchi, Ian	0-1	6	Ding, Liren-Nepomniachtchi, Ian, WCh 2023, Astana KAZ, 2023
C.RyL.Mor.Ba4.Nf6.O-O.DEx	open	match	WCh 2023	2023	Nepomniachtchi, Ian	Ding, Liren	1/2-1/2	11	Nepomniachtchi, Ian-Ding, Liren, WCh 2023, Astana KAZ, 2023
C.RyL.Mor.Ba4.Nf6.O-O.Mrt	open	match	WCh 2023	2023	Nepomniachtchi, Ian	Ding, Liren	1-0	11	Nepomniachtchi, Ian-Ding, Liren, WCh 2023, Astana KAZ, 2023
A.Eng.Rev.Fou.e4	open	match	WCh 2023	2023	Ding, Liren	Nepomniachtchi, Ian	1/2-1/2	7	Ding, Liren-Nepomniachtchi, Ian, WCh 2023, Astana KAZ, 2023
C.RyL.Ber.d3.Bc5	open	match	WCh 2023	2023	Nepomniachtchi, Ian	Ding, Liren	1/2-1/2	8	Nepomniachtchi, Ian-Ding, Liren, WCh 2023, Astana KAZ, 2023
E.Nim.Rub.O-O	open	match	WCh 2023	2023	Ding, Liren	Nepomniachtchi, Ian	1/2-1/2	8	Ding, Liren-Nepomniachtchi, Ian, WCh 2023, Astana KAZ, 2023
B.Fre.Tar.Ope.EuK	open	match	WCh 2023	2023	Nepomniachtchi, Ian	Ding, Liren	1-0	7	Nepomniachtchi, Ian-Ding, Liren, WCh 2023, Astana KAZ, 2023
A.Eng.Agi.Nf3.Wim	women	match	WCh Women 2023	2023	Ju, Wenjun	Lei, Tingjie	1/2-1/2	9	Ju, Wenjun-Lei, Tingjie, WCh Women 2023, Shanghai/Chongqing CHN, 2023
D.QGD.Vie.Sxx	women	match	WCh Women 2023	2023	Ju, Wenjun	Lei, Tingjie	1/2-1/2	9	Ju, Wenjun-Lei, Tingjie, WCh Women 2023, Shanghai/Chongqing CHN, 2023
D.Tar.e3.Nf6.Nf3.Nc6	women	match	WCh Women 2023	2023	Ju, Wenjun	Lei, Tingjie	1/2-1/2	10	Ju, Wenjun-Lei, Tingjie, WCh Women 2023, Shanghai/Chongqing CHN, 2023
D.QPG.Zuk.c5.e3.Nf6	women	match	WCh Women 2023	2023	Ju, Wenjun	Lei, Tingjie	1-0	6	Ju, Wenjun-Lei, Tingjie, WCh Women 2023, Shanghai/Chongqing CHN, 2023
B.Sic.Tay.Nc3.Nf6.Nxc6	women	match	WCh Women 2023	2023	Lei, Tingjie	Ju, Wenjun	1/2-1/2	11	Lei, Tingjie-Ju, Wenjun, WCh Women 2023, Shanghai/Chongqing CHN, 2023
C.RyL.Ber.d3.Bc5	women	match	WCh Women 2023	2023	Lei, Tingjie	Ju, Wenjun	1/2-1/2	8	Lei, Tingjie-Ju, Wenjun, WCh Women 2023, Shanghai/Chongqing CHN, 2023
A.Ret.d5.e3	women	match	WCh Women 2023	2023	Ju, Wenjun	Lei, Tingjie	1-0	3	Ju, Wenjun-Lei, Tingjie, WCh Women 2023, Shanghai/Chongqing CHN, 2023
D.Tar.Exd.Nf3.Nc6	women	match	WCh Women 2023	2023	Ju, Wenjun	Lei, Tingjie	1/2-1/2	10	Ju, Wenjun-Lei, Tingjie, WCh Women 2023, Shanghai/Chongqing CHN, 2023
C.RyL.Ber.O-O.Nxe4	women	match	WCh Women 2023	2023	Lei, Tingjie	Ju, Wenjun	1/2-1/2	8	Lei, Tingjie-Ju, Wenjun, WCh Women 2023, Shanghai/Chongqing CHN, 2023
B.CaK.Cls.Spd	women	match	WCh Women 2023	2023	Lei, Tingjie	Ju, Wenjun	1/2-1/2	12	Lei, Tingjie-Ju, Wenjun, WCh Women 2023, Shanghai/Chongqing CHN, 2023
C.Ita.Two.d3.Be7	women	match	WCh Women 2023	2023	Lei, Tingjie	Ju, Wenjun	1/2-1/2	8	Lei, Tingjie-Ju, Wenjun, WCh Women 2023, Shanghai/Chongqing CHN, 2023
C.Ita.Pia.Nf6.MLn	women	match	WCh Women 2023	2023	Lei, Tingjie	Ju, Wenjun	1-0	11	Lei, Tingjie-Ju, Wenjun, WCh Women 2023, Shanghai/Chongqing CHN, 2023
A.Ret.Adv.e3.c5.b4	open	match	WCh 2024	2024	Gukesh D	Ding, Liren	1-0	7	Gukesh D-Ding, Liren, WCh 2024, Singapore SIN, 2024
A.Lon.Cls	open	match	WCh 2024	2024	Ding, Liren	Gukesh D	1/2-1/2	7	Ding, Liren-Gukesh D, WCh 2024, Singapore SIN, 2024
E.Ind.e6.Nf3.d5	open	match	WCh 2024	2024	Gukesh D	Ding, Liren	1-0	6	Gukesh D-Ding, Liren, WCh 2024, Singapore SIN, 2024
B.Fre.Stn.MLn.f4.c5	open	match	WCh 2024	2024	Gukesh D	Ding, Liren	0-1	10	Gukesh D-Ding, Liren, WCh 2024, Singapore SIN, 2024
B.Fre.Stn.MLn.Nce2	open	match	WCh 2024	2024	Gukesh D	Ding, Liren	1/2-1/2	9	Gukesh D-Ding, Liren, WCh 2024, Singapore SIN, 2024
E.Ind.Cat.Bb4.Bd2.Be7.Rd1	open	match	WCh 2024	2024	Gukesh D	Ding, Liren	1/2-1/2	17	Gukesh D-Ding, Liren, WCh 2024, Singapore SIN, 2024
A.Hng.ReM.Nf3.Nc6.d4.e6	open	match	WCh 2024	2024	Ding, Liren	Gukesh D	0-1	8	Ding, Liren-Gukesh D, WCh 2024, Singapore SIN, 2024
A.Lon.Cls	open	match	WCh 2024	2024	Ding, Liren	Gukesh D	1/2-1/2	7	Ding, Liren-Gukesh D, WCh 2024, Singapore SIN, 2024
C.Ita.Pia.Nf6.Ita	open	match	WCh 2024	2024	Ding, Liren	Gukesh D	1/2-1/2	9	Ding, Liren-Gukesh D, WCh 2024, Singapore SIN, 2024
B.Fre.Exc.Uhl	open	match	WCh 2024	2024	Gukesh D	Ding, Liren	1/2-1/2	10	Gukesh D-Ding, Liren, WCh 2024, Singapore SIN, 2024
E.Ind.WIn.Nf3.Bg7.g3.d5	open	match	WCh 2024	2024	Gukesh D	Ding, Liren	1/2-1/2	12	Gukesh D-Ding, Liren, WCh 2024, Singapore SIN, 2024
A.Eng.Rev.Nc3.Bb4	open	match	WCh 2024	2024	Ding, Liren	Gukesh D	1/2-1/2	4	Ding, Liren-Gukesh D, WCh 2024, Singapore SIN, 2024
A.Ret.Eng.d4	open	match	WCh 2024	2024	Ding, Liren	Gukesh D	1-0	8	Ding, Liren-Gukesh D, WCh 2024, Singapore SIN, 2024
A.Ret.d5.e3	open	match	WCh 2024	2024	Ding, Liren	Gukesh D	1/2-1/2	3	Ding, Liren-Gukesh D, WCh 2024, Singapore SIN, 2024
B.Sic.Fre.d4.cxd4.Nxd4.Nf6	women	match	WCh Women 2025	2025	Ju, Wenjun	Tan, Zhongyi	1/2-1/2	8	Ju, Wenjun-Tan, Zhongyi, WCh Women 2025, Shanghai Chongqing CHN, 2025
B.Sic.Ros.Nim.O-O.Nge7	women	match	WCh Women 2025	2025	Ju, Wenjun	Tan, Zhongyi	1-0	8	Ju, Wenjun-Tan, Zhongyi, WCh Women 2025, Shanghai Chongqing CHN, 2025
B.Sic.Ros.Nim.O-O.Nge7	women	match	WCh Women 2025	2025	Ju, Wenjun	Tan, Zhongyi	1/2-1/2	8	Ju, Wenjun-Tan, Zhongyi, WCh Women 2025, Shanghai Chongqing CHN, 2025
A.Eng.Agi.Nf3.Nf6	women	match	WCh Women 2025	2025	Tan, Zhongyi	Ju, Wenjun	0-1	4	Tan, Zhongyi-Ju, Wenjun, WCh Women 2025, Shanghai Chongqing CHN, 2025
A.Eng.Rev.Fou.MLn.Bg2.Bc5	women	match	WCh Women 2025	2025	Tan, Zhongyi	Ju, Wenjun	1-0	12	Tan, Zhongyi-Ju, Wenjun, WCh Women 2025, Shanghai Chongqing CHN, 2025
C.Bsh.Ber.d3.Nc6.Nc3	women	match	WCh Women 2025	2025	Tan, Zhongyi	Ju, Wenjun	0-1	7	Tan, Zhongyi-Ju, Wenjun, WCh Women 2025, Shanghai Chongqing CHN, 2025
A.Eng.Agi.Nc3	women	match	WCh Women 2025	2025	Tan, Zhongyi	Ju, Wenjun	1/2-1/2	3	Tan, Zhongyi-Ju, Wenjun, WCh Women 2025, Shanghai Chongqing CHN, 2025
B.Sic.Fre.c4	women	match	WCh Women 2025	2025	Ju, Wenjun	Tan, Zhongyi	1-0	5	Ju, Wenjun-Tan, Zhongyi, WCh Women 2025, Shanghai Chongqing CHN, 2025
B.Sic.Kan.Bd3.Bc5	women	match	WCh Women 2025	2025	Ju, Wenjun	Tan, Zhongyi	1-0	10	Ju, Wenjun-Tan, Zhongyi, WCh Women 2025, Shanghai Chongqing CHN, 2025
