ocn1,canonical_name,eco_legacy,parent_ocn1,moves_uci,depth,aliases,flags,notes,attributed_to,attribution_source,historical_notes
A,Flank Openings,,,,0,,,Top-level class. Any opening that is neither 1.e4 nor an early 1.d4-with-2.c4 falls here.,,,
B,Semi-Open Games,,,,0,,,Top-level class. 1.e4 with any reply other than 1...e5.,,,
C,Open Games,,,,0,,,Top-level class. 1.e4 e5.,,,
D,Closed Queen's Pawn,,,,0,,,Top-level class. 1.d4 d5 (or any line with an early ...d5).,,,
E,Indian Defences,,,,0,,,Top-level class. 1.d4 Nf6 with Black declining ...d5 in the early phase.,,,
A.Eng,English Opening,A10|A11|A12|A13|A14|A15|A16|A17|A18|A19|A20|A21|A22|A23|A24|A25|A26|A27|A28|A29|A30|A31|A32|A33|A34|A35|A36|A37|A38|A39,A,c2c4,1,,,1.c4 family.,,,
A.Eng.Sym,"English Opening, Symmetrical",A30|A31|A32|A33|A34|A35|A36|A37|A38|A39,A.Eng,c2c4 c7c5,2,,closed,1.c4 c5.,,,
A.Eng.Rev,"English Opening, Reversed Sicilian",A20|A21|A22|A23|A24|A25|A26|A27|A28|A29,A.Eng,c2c4 e7e5,2,Reversed Sicilian,,1.c4 e5 — English with a tempo extra for White.,,,
A.Hol,Dutch Defence,A80|A81|A82|A83|A84|A85|A86|A87|A88|A89|A90|A91|A92|A93|A94|A95|A96|A97|A98|A99,A,d2d4 f7f5,1,,sharp,1.d4 f5.,,,
A.Hol.Lng,"Dutch Defence, Leningrad",A87|A88|A89,A.Hol,d2d4 f7f5 g2g3 g8f6 f1g2 g7g6,2,Leningrad Dutch,sharp,...g6 and ...Bg7 setup.,,,
A.Hol.Sto,"Dutch Defence, Stonewall",A84|A85,A.Hol,d2d4 f7f5 g2g3 g8f6 f1g2 e7e6 g1f3 d7d5,2,Stonewall Dutch,closed,...d5 and ...e6 with f5 frozen pawn structure.,,,
A.Hol.Cls,"Dutch Defence, Classical",A96|A97|A98|A99,A.Hol,d2d4 f7f5 g2g3 g8f6 f1g2 e7e6 g1f3 f8e7,2,,," ...e6 and ...d6, classical setup.",,,
A.Ben,Benoni Defence,A57|A58|A59|A60|A61|A62|A63|A64|A65|A66|A67|A68|A69|A70|A71|A72|A73|A74|A75|A76|A77|A78|A79,A,d2d4 g8f6 c2c4 c7c5,1,,sharp,1.d4 Nf6 2.c4 c5 with d5 push.,,,
A.Ben.Mod,Modern Benoni,A60|A61|A62|A63|A64|A65|A66|A67|A68|A69|A70|A71|A72|A73|A74|A75|A76|A77|A78|A79,A.Ben,d2d4 g8f6 c2c4 c7c5 d4d5 e7e6 b1c3 e6d5 c4d5 d7d6 e2e4 g7g6,2,,sharp,Modern setup with ...g6 and ...Bg7.,,,
A.Ben.Bnk,Benko / Volga Gambit,A57|A58|A59,A.Ben,d2d4 g8f6 c2c4 c7c5 d4d5 b7b5,2,Benko Gambit|Volga Gambit,gambit|sharp,"...b5 pawn sacrifice. Slug 'Bnk' = Benko (the previous 'Czk' label was a mistake — that token is for the Czech Benoni, a separate opening).",Pal Benko (systematiser); Soviet 'Volga' analysts (parallel discovery),"Benko, 'The Benko Gambit' (RHM Press, 1974); the alternative name 'Volga Gambit' traces to 1940s Soviet analyses centred around the Volga river region.","Two independent traditions converged on the same opening, hence the dual name. Benko (Hungarian-American GM) wrote the canonical English-language monograph. Soviet sources had been calling it the Volga Gambit for decades."
A.Ben.Czk,Czech Benoni,A56,A.Ben,d2d4 g8f6 c2c4 c7c5 d4d5 e7e5,2,Czech Benoni,closed,"1.d4 Nf6 2.c4 c5 3.d5 e5 — locked-centre treatment, not a gambit.",,,
A.Tro,Trompowsky Attack,A45,A,d2d4 g8f6 c1g5,1,,,1.d4 Nf6 2.Bg5.,,,
A.Lon,London System,A48,A,d2d4 d7d5 g1f3 g8f6 c1f4,1,,closed,1.d4 with Bf4 setup.,,,
A.Bir,Bird's Opening,A02|A03,A,f2f4,1,,,1.f4.,,,
A.Lar,Larsen Attack,A01,A,b2b3,1,Nimzo-Larsen Attack,,1.b3.,,,
A.Ret,Réti Opening,A04|A05|A06|A07|A08|A09,A,g1f3,1,,,1.Nf3 with c4/g3 plan.,,,
A.Owe,Owen's Defence,A40|B00,A,d2d4 b7b6,1,,,1.d4 b6 — flank reply to queen-pawn (class A). For 1.e4 b6 use B.OwM.,,,
A.Pol,Polish Opening,A00,A,b2b4,1,Sokolsky,,1.b4.,,,
B.Sic,Sicilian Defence,B20|B21|B22|B23|B24|B25|B26|B27|B28|B29|B30|B31|B32|B33|B34|B35|B36|B37|B38|B39|B40|B41|B42|B43|B44|B45|B46|B47|B48|B49|B50|B51|B52|B53|B54|B55|B56|B57|B58|B59|B60|B61|B62|B63|B64|B65|B66|B67|B68|B69|B70|B71|B72|B73|B74|B75|B76|B77|B78|B79|B80|B81|B82|B83|B84|B85|B86|B87|B88|B89|B90|B91|B92|B93|B94|B95|B96|B97|B98|B99,B,e2e4 c7c5,1,,,1.e4 c5.,,,
B.Sic.Naj,"Sicilian, Najdorf",B90|B91|B92|B93|B94|B95|B96|B97|B98|B99,B.Sic,e2e4 c7c5 g1f3 d7d6 d2d4 c5d4 f3d4 g8f6 b1c3 a7a6,2,Najdorf Variation,sharp,5...a6.,Miguel Najdorf (Polish-Argentine GM),"Najdorf's own analyses and tournament practice from the 1940s–50s; the variation bears his name in standard literature (e.g. Geller, Kasparov chess histories).","Najdorf championed the line as Black; Fischer and Kasparov both adopted it as their main weapon, cementing the name."
B.Sic.Naj.Eng,"Sicilian Najdorf, English Attack",B90,B.Sic.Naj,e2e4 c7c5 g1f3 d7d6 d2d4 c5d4 f3d4 g8f6 b1c3 a7a6 c1e3,3,,sharp|theoretical,6.Be3.,,,
B.Sic.Naj.Sch,"Sicilian Najdorf, Scheveningen",B92|B93,B.Sic.Naj,e2e4 c7c5 g1f3 d7d6 d2d4 c5d4 f3d4 g8f6 b1c3 a7a6 f1e2 e7e6,3,,, ...e6 hybrid Scheveningen-Najdorf.,,,
B.Sic.Naj.Adm,"Sicilian Najdorf, Adams Attack",B90,B.Sic.Naj,e2e4 c7c5 g1f3 d7d6 d2d4 c5d4 f3d4 g8f6 b1c3 a7a6 h2h3,3,,sharp,6.h3.,,,
B.Sic.Naj.Pol,"Sicilian Najdorf, Polugaevsky",B96,B.Sic.Naj,e2e4 c7c5 g1f3 d7d6 d2d4 c5d4 f3d4 g8f6 b1c3 a7a6 c1g5 e7e6 f2f4 b7b5,3,,sharp,...b5 Polugaevsky line.,,,
B.Sic.Naj.Pst,"Sicilian Najdorf, Poisoned Pawn",B97,B.Sic.Naj,e2e4 c7c5 g1f3 d7d6 d2d4 c5d4 f3d4 g8f6 b1c3 a7a6 c1g5 e7e6 f2f4 d8b6,3,,sharp|theoretical,6.Bg5 e6 7.f4 Qb6.,,,
B.Sic.Sve,Sicilian Sveshnikov,B33,B.Sic,e2e4 c7c5 g1f3 b8c6 d2d4 c5d4 f3d4 g8f6 b1c3 e7e5,2,Lasker-Pelikan|Cheliabinsk,sharp,...e5 and ...Nf6. Critical position is 6.Ndb5 d6 7.Bg5 a6 8.Na3 b5; from there White picks 9.Nd5 (modern) or 9.Bxf6 (older).,Yevgeny Sveshnikov (modern systematiser); Jorge Pelikan (early adopter),"Sveshnikov, 'The Complete Sveshnikov Sicilian' (Gambit, 2003); corpus first appearance Tarrasch–Mieses 1888 antedates Pelikan's 1972 Buenos Aires game by 84 years.",The corpus shows the position itself was reached as early as 1888 (Tarrasch–Mieses); Pelikan adopted it as Black in the 1950s–70s in Argentina; Sveshnikov's analysis from the 1970s onwards turned it into mainline theory and the line carries his name today. Hence the alias 'Lasker-Pelikan'.
B.Sic.Sve.Nd5,"Sveshnikov, 9.Nd5 (Modern Main)",B33,B.Sic.Sve,e2e4 c7c5 g1f3 b8c6 d2d4 c5d4 f3d4 g8f6 b1c3 e7e5 d4b5 d7d6 c1g5 a7a6 b5a3 b7b5 c3d5,3,Modern Main Line,sharp|theoretical,9.Nd5 — White posts the knight on d5 BEFORE exchanging on f6. Dominant since the late 1990s.,,,
B.Sic.Sve.Nd5.Be7,"Sveshnikov 9.Nd5, ...Be7",B33,B.Sic.Sve.Nd5,e2e4 c7c5 g1f3 b8c6 d2d4 c5d4 f3d4 g8f6 b1c3 e7e5 d4b5 d7d6 c1g5 a7a6 b5a3 b7b5 c3d5 f8e7,4,,sharp|theoretical,"9...Be7 — canonical reply, attacks the Bg5.",,,
B.Sic.Sve.Nd5.Be7.Bxf6,"Sveshnikov 9.Nd5 Be7, 10.Bxf6 Bxf6",B33,B.Sic.Sve.Nd5.Be7,e2e4 c7c5 g1f3 b8c6 d2d4 c5d4 f3d4 g8f6 b1c3 e7e5 d4b5 d7d6 c1g5 a7a6 b5a3 b7b5 c3d5 f8e7 g5f6 e7f6,5,,sharp|theoretical,"10.Bxf6 Bxf6 — modern tabiya. Black has the bishop pair, White owns d5.",,,
B.Sic.Sve.Nd5.Qa5,"Sveshnikov 9.Nd5, ...Qa5+",B33,B.Sic.Sve.Nd5,e2e4 c7c5 g1f3 b8c6 d2d4 c5d4 f3d4 g8f6 b1c3 e7e5 d4b5 d7d6 c1g5 a7a6 b5a3 b7b5 c3d5 d8a5,4,Qa5+ Sideline,sharp,9...Qa5+ — check sideline; less common than 9...Be7 but theoretically respected.,,,
B.Sic.Sve.Bxf6,"Sveshnikov, 9.Bxf6 (Old Main)",B33,B.Sic.Sve,e2e4 c7c5 g1f3 b8c6 d2d4 c5d4 f3d4 g8f6 b1c3 e7e5 d4b5 d7d6 c1g5 a7a6 b5a3 b7b5 g5f6 g7f6,3,,,"9.Bxf6 gxf6 — exchange first, decide later. Doubles f-pawns; was main treatment until ~2000.",,,
B.Sic.Sve.Bxf6.Nd5,"Sveshnikov 9.Bxf6, 10.Nd5",B33,B.Sic.Sve.Bxf6,e2e4 c7c5 g1f3 b8c6 d2d4 c5d4 f3d4 g8f6 b1c3 e7e5 d4b5 d7d6 c1g5 a7a6 b5a3 b7b5 g5f6 g7f6 c3d5,4,Chelyabinsk Complex,sharp|theoretical,10.Nd5 — Soviet-era analysis core (the broader 'Chelyabinsk complex'). Black branches into 10...Bg7 (Novosibirsk) or 10...f5.,,,
B.Sic.Sve.Bxf6.Nd5.Bg7,Novosibirsk (10...Bg7),B33,B.Sic.Sve.Bxf6.Nd5,e2e4 c7c5 g1f3 b8c6 d2d4 c5d4 f3d4 g8f6 b1c3 e7e5 d4b5 d7d6 c1g5 a7a6 b5a3 b7b5 g5f6 g7f6 c3d5 f8g7,5,Novosibirsk Variation,sharp|theoretical,10...Bg7 — fianchetto on the long diagonal. The Novosibirsk school's signature treatment. Sibling of 10...f5.,Anatoly Vaisser (popularizer; Novosibirsk school),Vaisser's tournament practice 1985–1990; corpus shows 26 games as Black starting Klinger–Vaisser 1985.,"Anatoly Vaisser (b. 1949 Novosibirsk, later France) is the player most associated with promoting 10...Bg7. The corpus does not support the claim that he played it FIRST — the earliest game in the Gigabase is Fraile–Pelikan 1972 — but Vaisser is the GM who turned it into a recognised treatment from the mid-1980s on. The variant inherits its name from his hometown."
B.Sic.Sve.Bxf6.Nd5.f5,Sveshnikov 10...f5 (counterpunch),B33,B.Sic.Sve.Bxf6.Nd5,e2e4 c7c5 g1f3 b8c6 d2d4 c5d4 f3d4 g8f6 b1c3 e7e5 d4b5 d7d6 c1g5 a7a6 b5a3 b7b5 g5f6 g7f6 c3d5 f6f5,5,,sharp,10...f5 — challenge e4 immediately. NOT the Novosibirsk; that name belongs to 10...Bg7.,,,
B.Sic.Dra,Sicilian Dragon,B70|B71|B72|B73|B74|B75|B76|B77|B78|B79,B.Sic,e2e4 c7c5 g1f3 d7d6 d2d4 c5d4 f3d4 g8f6 b1c3 g7g6,2,,sharp|theoretical,...g6 and ...Bg7 fianchetto.,,,
B.Sic.Dra.Yug,"Sicilian Dragon, Yugoslav Attack",B76|B77|B78|B79,B.Sic.Dra,e2e4 c7c5 g1f3 d7d6 d2d4 c5d4 f3d4 g8f6 b1c3 g7g6 c1e3 f8g7 f2f3 e8g8 d1d2 b8c6 f1c4,3,Yugoslav Attack,sharp,9.Bc4 / 9.O-O-O setups.,,,
B.Sic.Sch,Sicilian Scheveningen,B80|B81|B82|B83|B84|B85|B86|B87|B88|B89,B.Sic,e2e4 c7c5 g1f3 d7d6 d2d4 c5d4 f3d4 g8f6 b1c3 e7e6,2,,closed,...e6 and ...d6 small centre.,,,
B.Sic.Sch.Krs,"Sicilian Scheveningen, Keres Attack",B81,B.Sic.Sch,e2e4 c7c5 g1f3 d7d6 d2d4 c5d4 f3d4 g8f6 b1c3 e7e6 g2g4,3,Keres Attack,sharp,6.g4.,,,
B.Sic.Tay,Sicilian Taimanov,B40|B41|B42|B43|B44|B45|B46|B47|B48|B49,B.Sic,e2e4 c7c5 g1f3 e7e6 d2d4 c5d4 f3d4 b8c6,2,Taimanov-Bastrikov,,...e6 and ...Nc6.,,,
B.Sic.Kan,Sicilian Kan,B41|B42|B43,B.Sic,e2e4 c7c5 g1f3 e7e6 d2d4 c5d4 f3d4 a7a6,2,Paulsen-Kan,,...e6 and ...a6 without ...Nc6.,,,
B.Sic.Cls,Sicilian Classical,B56|B57|B58|B59|B60|B61|B62|B63|B64|B65|B66|B67|B68|B69,B.Sic,e2e4 c7c5 g1f3 d7d6 d2d4 c5d4 f3d4 g8f6 b1c3 b8c6,2,,,...Nc6 and ...d6 with ...Nf6.,,,
B.Sic.Ros,Sicilian Rossolimo,B30|B31,B.Sic,e2e4 c7c5 g1f3 b8c6 f1b5,2,Rossolimo Variation,,3.Bb5 against ...Nc6 Sicilian.,,,
B.Sic.Mor,Sicilian Moscow,B51|B52,B.Sic,e2e4 c7c5 g1f3 d7d6 f1b5,2,Moscow Variation,,3.Bb5+ against ...d6 Sicilian.,,,
B.Sic.Alp,Sicilian Alapin,B22,B.Sic,e2e4 c7c5 c2c3,2,c3 Sicilian|Alapin Variation,,2.c3 anti-Sicilian.,,,
B.Sic.SmM,Sicilian Smith-Morra Gambit,B21,B.Sic,e2e4 c7c5 d2d4 c5d4 c2c3,2,Smith-Morra Gambit,gambit|sharp,2.d4 cxd4 3.c3 pawn sacrifice.,,,
B.Sic.Cls.Rch,"Sicilian Classical, Richter-Rauzer",B60|B61|B62|B63|B64|B65|B66|B67|B68|B69,B.Sic.Cls,e2e4 c7c5 g1f3 d7d6 d2d4 c5d4 f3d4 g8f6 b1c3 b8c6 c1g5,3,Richter-Rauzer Attack,,6.Bg5.,,,
B.Sic.OKn,"Sicilian, Open Knights",B50,B.Sic,e2e4 c7c5 g1f3 d7d6 d2d4 c5d4 f3d4,2,,,Generic Open Sicilian without committed setup.,,,
B.CaK,Caro-Kann Defence,B10|B11|B12|B13|B14|B15|B16|B17|B18|B19,B,e2e4 c7c6,1,,,1.e4 c6.,,,
B.CaK.Adv,"Caro-Kann, Advance",B12,B.CaK,e2e4 c7c6 d2d4 d7d5 e4e5,2,,closed,3.e5 push.,,,
B.CaK.Cls,"Caro-Kann, Classical",B18|B19,B.CaK,e2e4 c7c6 d2d4 d7d5 b1c3 d5e4 c3e4 c8f5,2,,closed,4...Bf5 main line.,,,
B.CaK.Pmv,"Caro-Kann, Panov-Botvinnik Attack",B13|B14,B.CaK,e2e4 c7c6 d2d4 d7d5 e4d5 c6d5 c2c4,2,Panov-Botvinnik Attack,sharp,3.exd5 cxd5 4.c4 IQP setup.,,,
B.CaK.Two,"Caro-Kann, Two Knights",B11,B.CaK,e2e4 c7c6 b1c3 d7d5 g1f3,2,Two Knights Variation,,3.Nc3 + Nf3.,,,
B.Fre,French Defence,C00|C01|C02|C03|C04|C05|C06|C07|C08|C09|C10|C11|C12|C13|C14|C15|C16|C17|C18|C19,B,e2e4 e7e6,1,,,1.e4 e6 — classified B because Black avoids 1...e5.,,,
B.Fre.Win,"French, Winawer",C15|C16|C17|C18|C19,B.Fre,e2e4 e7e6 d2d4 d7d5 b1c3 f8b4,2,,sharp,3.Nc3 Bb4.,,,
B.Fre.Tar,"French, Tarrasch",C03|C04|C05|C06|C07|C08|C09,B.Fre,e2e4 e7e6 d2d4 d7d5 b1d2,2,,,3.Nd2.,,,
B.Fre.Adv,"French, Advance",C02,B.Fre,e2e4 e7e6 d2d4 d7d5 e4e5,2,,closed,3.e5.,,,
B.Fre.Cls,"French, Classical",C13|C14,B.Fre,e2e4 e7e6 d2d4 d7d5 b1c3 g8f6,2,,,3.Nc3 Nf6.,,,
B.Fre.Exc,"French, Exchange",C01,B.Fre,e2e4 e7e6 d2d4 d7d5 e4d5 e6d5,2,,closed,3.exd5.,,,
B.Pir,Pirc Defence,B07|B08|B09,B,e2e4 d7d6 d2d4 g8f6 b1c3 g7g6,1,,,1.e4 d6 with ...Nf6 and ...g6.,,,
B.Mod,Modern Defence,B06,B,e2e4 g7g6,1,,,1.e4 g6 (without ...Nf6 commitment).,,,
B.Sca,Scandinavian Defence,B01,B,e2e4 d7d5,1,Centre Counter,,1.e4 d5.,,,
B.Ale,Alekhine Defence,B02|B03|B04|B05,B,e2e4 g8f6,1,,,1.e4 Nf6.,,,
B.OwM,Owen's Modern (...b6 vs e4),B00,B,e2e4 b7b6,1,,,Sometimes mapped to A.Owe — see notes.,,,
C.RyL,Ruy López,C60|C61|C62|C63|C64|C65|C66|C67|C68|C69|C70|C71|C72|C73|C74|C75|C76|C77|C78|C79|C80|C81|C82|C83|C84|C85|C86|C87|C88|C89|C90|C91|C92|C93|C94|C95|C96|C97|C98|C99,C,e2e4 e7e5 g1f3 b8c6 f1b5,1,Spanish Opening,,1.e4 e5 2.Nf3 Nc6 3.Bb5.,,,
C.RyL.Ber,"Ruy López, Berlin Defence",C65|C66|C67,C.RyL,e2e4 e7e5 g1f3 b8c6 f1b5 g8f6,2,,closed,3...Nf6.,,,
C.RyL.Ber.End,Berlin Endgame,C67,C.RyL.Ber,e2e4 e7e5 g1f3 b8c6 f1b5 g8f6 e1g1 f6e4 d2d4 e4d6 b5c6 d7c6 d4e5 d6f5 d1d8 e8d8,3,Berlin Wall,closed|endgame,4.O-O Nxe4 5.d4 Nd6 line.,Vladimir Kramnik (resurrector at GM level),"Kasparov–Kramnik World Championship match, London 2000 (Kramnik adopted it as Black against Kasparov's 1.e4 and drew the match's Berlin games convincingly).","The position dates back to Wemmers–Riemann 1880 (per the corpus), but the Berlin Wall as a modern weapon at world-championship level is owed to Kramnik's 2000 match. Almost every elite tournament since features it."
C.RyL.Mar,"Ruy López, Marshall Attack",C89,C.RyL,e2e4 e7e5 g1f3 b8c6 f1b5 a7a6 b5a4 g8f6 e1g1 f8e7 f1e1 b7b5 a4b3 e8g8 c2c3 d7d5,2,Marshall Counterattack,gambit|sharp,8...d5 pawn sacrifice.,,,
C.RyL.AntM,"Ruy López, Anti-Marshall",C88,C.RyL,e2e4 e7e5 g1f3 b8c6 f1b5 a7a6 b5a4 g8f6 e1g1 f8e7 f1e1 b7b5 a4b3 e8g8 a2a4,2,Anti-Marshall,,8.a4/h3 avoiding the Marshall.,,,
C.RyL.Cls,"Ruy López, Closed Spanish",C84|C85|C86|C87|C88|C89|C90|C91|C92|C93|C94|C95|C96|C97|C98|C99,C.RyL,e2e4 e7e5 g1f3 b8c6 f1b5 a7a6 b5a4 g8f6 e1g1 f8e7 f1e1 b7b5 a4b3 d7d6,2,,closed,...Be7 and ...d6 Steinitz/Closed mainlines.,,,
C.RyL.Brk,"Ruy López, Breyer",C92|C93|C94|C95,C.RyL,e2e4 e7e5 g1f3 b8c6 f1b5 a7a6 b5a4 g8f6 e1g1 f8e7 f1e1 b7b5 a4b3 d7d6 c2c3 e8g8 h2h3 c6b8,2,Breyer Defence,closed,...Nb8 manoeuvre.,,,
C.RyL.Zai,"Ruy López, Zaitsev",C92|C93|C94|C95,C.RyL,e2e4 e7e5 g1f3 b8c6 f1b5 a7a6 b5a4 g8f6 e1g1 f8e7 f1e1 b7b5 a4b3 d7d6 c2c3 e8g8 h2h3 c8b7 d2d4 f8e8,2,Zaitsev Variation,,...Re8 and ...Bf8.,,,
C.RyL.Cha,"Ruy López, Chigorin",C97|C98|C99,C.RyL,e2e4 e7e5 g1f3 b8c6 f1b5 a7a6 b5a4 g8f6 e1g1 f8e7 f1e1 b7b5 a4b3 d7d6 c2c3 e8g8 h2h3 c6a5,2,Chigorin Variation,,...Na5 manoeuvre.,,,
C.RyL.Exc,"Ruy López, Exchange",C68|C69,C.RyL,e2e4 e7e5 g1f3 b8c6 f1b5 a7a6 b5c6,2,Exchange Spanish,closed,4.Bxc6.,,,
C.Ita,Italian Game,C50|C51|C52|C53|C54|C55|C56|C57|C58|C59,C,e2e4 e7e5 g1f3 b8c6 f1c4,1,,,1.e4 e5 2.Nf3 Nc6 3.Bc4.,,,
C.Ita.Two,"Italian, Two Knights",C55|C56|C57|C58|C59,C.Ita,e2e4 e7e5 g1f3 b8c6 f1c4 g8f6,2,Two Knights Defence,sharp,3...Nf6.,,,
C.Ita.Evn,"Italian, Evans Gambit",C51|C52,C.Ita,e2e4 e7e5 g1f3 b8c6 f1c4 f8c5 b2b4,2,Evans Gambit,gambit|sharp,4.b4.,,,
C.Ita.Pia,"Italian, Giuoco Pianissimo",C50,C.Ita,e2e4 e7e5 g1f3 b8c6 f1c4 f8c5 d2d3,2,Giuoco Pianissimo,closed,4.d3 quiet line. The 3-letter token is 'Pia' (Pianissimo).,,,
C.KGm,King's Gambit,C30|C31|C32|C33|C34|C35|C36|C37|C38|C39,C,e2e4 e7e5 f2f4,1,,gambit|sharp,2.f4.,,,
C.KGm.Acc,King's Gambit Accepted,C33|C34|C35|C36|C37|C38|C39,C.KGm,e2e4 e7e5 f2f4 e5f4,2,,gambit|sharp,2...exf4.,,,
C.KGm.Dec,King's Gambit Declined,C30|C31|C32,C.KGm,e2e4 e7e5 f2f4 f8c5,2,,gambit,2...Bc5 / 2...d5.,,,
C.Pet,Petrov Defence,C42|C43,C,e2e4 e7e5 g1f3 g8f6,1,Russian Defence,,2...Nf6.,,,
C.Sco,Scotch Game,C44|C45,C,e2e4 e7e5 g1f3 b8c6 d2d4,1,,,3.d4.,,,
C.Sco.Mie,"Scotch, Mieses",C45,C.Sco,e2e4 e7e5 g1f3 b8c6 d2d4 e5d4 f3d4 g8f6,2,,,Modern 4...Bc5/4...Nf6 + Mieses tabiya.,,,
C.Vie,Vienna Game,C25|C26|C27|C28|C29,C,e2e4 e7e5 b1c3,1,,,2.Nc3.,,,
C.PhD,Philidor Defence,C41,C,e2e4 e7e5 g1f3 d7d6,1,,,2...d6.,,,
C.LtO,Latvian Gambit,C40,C,e2e4 e7e5 g1f3 f7f5,1,Latvian Gambit,gambit|sharp,2...f5.,,,
D.QGD,Queen's Gambit Declined,D30|D31|D32|D33|D34|D35|D36|D37|D38|D39|D40|D41|D42|D43|D44|D45|D46|D47|D48|D49|D50|D51|D52|D53|D54|D55|D56|D57|D58|D59|D60|D61|D62|D63|D64|D65|D66|D67|D68|D69,D,d2d4 d7d5 c2c4 e7e6,1,,,1.d4 d5 2.c4 e6.,,,
D.QGD.Ort,"QGD, Orthodox",D60|D61|D62|D63|D64|D65|D66|D67|D68|D69,D.QGD,d2d4 d7d5 c2c4 e7e6 b1c3 g8f6 c1g5 f8e7 e2e3 b8d7,2,Orthodox Defence,closed,...Nbd7/...c6 setup.,,,
D.QGD.Tar,"QGD, Tartakower",D58|D59,D.QGD,d2d4 d7d5 c2c4 e7e6 b1c3 g8f6 c1g5 f8e7 e2e3 e8g8 g1f3 b7b6,2,Tartakower Variation,,...b6 fianchetto.,,,
D.QGD.Lsk,"QGD, Lasker",D55|D56|D57,D.QGD,d2d4 d7d5 c2c4 e7e6 b1c3 g8f6 c1g5 f8e7 e2e3 e8g8 g1f3 h7h6 g5h4 f6e4,2,Lasker Defence,,...Ne4 manoeuvre.,,,
D.QGD.Cmb,"QGD, Cambridge Springs",D52,D.QGD,d2d4 d7d5 c2c4 e7e6 b1c3 g8f6 c1g5 b8d7 e2e3 c7c6 g1f3 d8a5,2,Cambridge Springs,sharp,...Qa5.,,,
D.QGD.Exc,"QGD, Exchange",D35|D36,D.QGD,d2d4 d7d5 c2c4 e7e6 b1c3 g8f6 c4d5 e6d5,2,Exchange Variation,closed,4.cxd5 cxd5.,,,
D.QGA,Queen's Gambit Accepted,D20|D21|D22|D23|D24|D25|D26|D27|D28|D29,D,d2d4 d7d5 c2c4 d5c4,1,,,1.d4 d5 2.c4 dxc4.,,,
D.Sla,Slav Defence,D10|D11|D12|D13|D14|D15|D16|D17|D18|D19,D,d2d4 d7d5 c2c4 c7c6,1,,,1.d4 d5 2.c4 c6.,,,
D.Sem,Semi-Slav,D43|D44|D45|D46|D47|D48|D49,D,d2d4 d7d5 c2c4 c7c6 g1f3 g8f6 b1c3 e7e6,1,Semi-Slav,,"Promoted to peer of Slav: Semi-Slav is reachable from Slav (1.d4 d5 2.c4 c6 3.Nf3 Nf6 4.Nc3 e6) AND from QGD (1.d4 d5 2.c4 e6 3.Nc3 Nf6 4.Nf3 c6). Filiation by transposition is meaningless; OCN groups by structural identity, not by move-order entry.",,,
D.Sem.Mer,"Semi-Slav, Meran",D47|D48|D49,D.Sem,d2d4 d7d5 c2c4 c7c6 g1f3 g8f6 b1c3 e7e6 e2e3 b8d7 f1d3 d5c4 d3c4 b7b5,2,Meran Variation,sharp,...dxc4 ...b5 main lines. Karpov's 6.Qc2 (the genuine anti-Meran) not yet catalogued.,Akiba Rubinstein (key game) at the Meran 1924 tournament,"Rubinstein–Tartakower, Meran 1924; the variation took its name from the venue.",Rubinstein's handling of the line at the 1924 South Tyrol tournament gave it the place-name we still use a century later. Top corpus White today is Pravec; Black is Dreev (80 games).
D.Sem.Mos,"Semi-Slav, Moscow Variation",D43|D44,D.Sem,d2d4 d7d5 c2c4 c7c6 g1f3 g8f6 b1c3 e7e6 c1g5,2,Moscow Variation|Anti-Moscow group,sharp|theoretical,5.Bg5 family. Three sibling lines: 5...dxc4 -> Botvinnik (D.Sem.Bot); 5...h6 6.Bxf6 -> Moscow proper; 5...h6 6.Bh4 -> Anti-Moscow.,,,
D.Sem.Mos.Bxf6,Moscow proper (5.Bg5 h6 6.Bxf6),D43,D.Sem.Mos,d2d4 d7d5 c2c4 c7c6 g1f3 g8f6 b1c3 e7e6 c1g5 h7h6 g5f6,3,Moscow Proper,sharp,6.Bxf6 — exchange on f6 to weaken the kingside structure.,,,
D.Sem.Mos.Bh4,Anti-Moscow (5.Bg5 h6 6.Bh4),D43,D.Sem.Mos,d2d4 d7d5 c2c4 c7c6 g1f3 g8f6 b1c3 e7e6 c1g5 h7h6 g5h4,3,Anti-Moscow,sharp|theoretical,"6.Bh4 — keeps the bishop, sharpest theoretical territory.",,,
D.Sem.Bot,"Semi-Slav, Botvinnik",D44,D.Sem,d2d4 d7d5 c2c4 c7c6 g1f3 g8f6 b1c3 e7e6 c1g5 d5c4 e2e4 b7b5,2,Botvinnik Variation,sharp|theoretical,"5.Bg5 dxc4 (immediate central capture, no h6). Sibling of Moscow proper (D.Sem.Mos.Bxf6) and Anti-Moscow (D.Sem.Mos.Bh4).",,,
D.Sla.Exc,"Slav, Exchange",D10|D13,D.Sla,d2d4 d7d5 c2c4 c7c6 c4d5 c6d5,2,Exchange Slav,closed,3.cxd5 cxd5.,,,
D.Sla.Cls,"Slav, Classical",D17|D18|D19,D.Sla,d2d4 d7d5 c2c4 c7c6 g1f3 g8f6 b1c3 d5c4 a2a4 c8f5,2,Classical Slav,,...dxc4 ...Bf5 main line.,,,
D.Cat,Catalan Opening,E00|E01|E02|E03|E04|E05|E06|E07|E08|E09,D,d2d4 d7d5 c2c4 e7e6 g1f3 g8f6 g2g3,1,,,1.d4 d5 2.c4 e6 3.Nf3 Nf6 4.g3 (Black plays ...d5).,Savielly Tartakower (named at the 1929 Barcelona tournament),"Hooper & Whyld, Oxford Companion to Chess (1984), entry 'Catalan Opening'.","Named by Tartakower at the 1929 Barcelona tournament, where the local organisers asked the masters to invent something with a 'Catalan' flavour. Today closely associated with Vladimir Kramnik and Boris Gelfand at elite level — Gelfand is the corpus top White player with 170 games."
D.Cat.Ope,"Catalan, Open",E04|E05,D.Cat,d2d4 d7d5 c2c4 e7e6 g1f3 g8f6 g2g3 d5c4,2,Open Catalan,,...dxc4.,,,
D.Cat.Cls,"Catalan, Closed",E06|E07|E08|E09,D.Cat,d2d4 d7d5 c2c4 e7e6 g1f3 g8f6 g2g3 f8e7 f1g2 e8g8 e1g1 b8d7,2,Closed Catalan,closed,...Be7 maintaining d5.,,,
D.Tar,Tarrasch Defence,D32|D33|D34,D,d2d4 d7d5 c2c4 e7e6 b1c3 c7c5,1,,,1.d4 d5 2.c4 e6 3.Nc3 c5 IQP.,,,
D.STa,Semi-Tarrasch,D40|D41|D42,D,d2d4 d7d5 c2c4 e7e6 b1c3 g8f6 g1f3 c7c5,1,Semi-Tarrasch Defence,,"Reaches via QGD or Slav-style move-orders alike (Albert-style transposition awareness): 1.d4 d5 2.c4 e6 3.Nc3 Nf6 4.Nf3 c5. Peer of Tarrasch, not a sub-line.",,,
D.QGD.Vie,"QGD, Vienna Variation",D37|D38|D39,D.QGD,d2d4 d7d5 c2c4 e7e6 b1c3 g8f6 g1f3 d5c4,2,Vienna Variation,sharp|theoretical,4.Nf3 dxc4 — pawn-grab branch within QGD with Nc3 + Nf3.,,,
D.QGD.Rag,"QGD, Ragozin",D38|D39,D.QGD,d2d4 d7d5 c2c4 e7e6 b1c3 g8f6 g1f3 f8b4,2,Ragozin Defence,,4.Nf3 Bb4 — Nimzo-style pin while keeping ...d5.,,,
D.Alb,Albin Counter-Gambit,D08|D09,D,d2d4 d7d5 c2c4 e7e5,1,Albin Counter-Gambit,gambit|sharp,2...e5.,,,
D.Bgm,Blackmar-Diemer Gambit,D00,D,d2d4 d7d5 e2e4,1,Blackmar-Diemer Gambit,gambit|sharp,1.d4 d5 2.e4 IM-rare gambit.,,,
E.KID,King's Indian Defence,E60|E61|E62|E63|E64|E65|E66|E67|E68|E69|E70|E71|E72|E73|E74|E75|E76|E77|E78|E79|E80|E81|E82|E83|E84|E85|E86|E87|E88|E89|E90|E91|E92|E93|E94|E95|E96|E97|E98|E99,E,d2d4 g8f6 c2c4 g7g6 b1c3 f8g7,1,KID,,1.d4 Nf6 2.c4 g6 3.Nc3 Bg7.,,,
E.KID.Sml,"KID, Sämisch",E80|E81|E82|E83|E84|E85|E86|E87|E88|E89,E.KID,d2d4 g8f6 c2c4 g7g6 b1c3 f8g7 e2e4 d7d6 f2f3,2,Saemisch Variation,closed|sharp,5.f3.,,,
E.KID.Cls,"KID, Classical",E91|E92|E93|E94|E95|E96|E97|E98|E99,E.KID,d2d4 g8f6 c2c4 g7g6 b1c3 f8g7 e2e4 d7d6 g1f3,2,Classical KID,sharp|theoretical,5.Nf3.,,,
E.KID.Cls.Mar,"KID, Mar del Plata",E97,E.KID.Cls,d2d4 g8f6 c2c4 g7g6 b1c3 f8g7 e2e4 d7d6 g1f3 e8g8 f1e2 e7e5 e1g1 b8c6 d4d5 c6e7,3,Mar del Plata Variation,sharp|theoretical,9...Ne7 — main attacking line.,Najdorf and Gligorić (Mar del Plata 1953 tournament),"Najdorf–Gligorić, Mar del Plata (Argentina), 1953; the line takes its name from the venue.",The 1953 game between the two great KID-philes Najdorf (W) and Gligorić (B) crystallised the 9...Ne7 plan and gave it the name. Bronstein and later Kasparov championed it for Black.
E.KID.Fch,"KID, Fianchetto",E60|E61|E62|E63|E64|E65|E66|E67|E68|E69,E.KID,d2d4 g8f6 c2c4 g7g6 b1c3 f8g7 g1f3 e8g8 g2g3 d7d6,2,Fianchetto Variation,closed,5.g3.,,,
E.KID.Avk,"KID, Averbakh",E73,E.KID,d2d4 g8f6 c2c4 g7g6 b1c3 f8g7 e2e4 d7d6 f1e2 e8g8 c1g5,2,Averbakh Variation,,5.Be2 Bg5 setup.,,,
E.KID.Fou,"KID, Four Pawns Attack",E76|E77|E78|E79,E.KID,d2d4 g8f6 c2c4 g7g6 b1c3 f8g7 e2e4 d7d6 f2f4,2,Four Pawns Attack,sharp,5.f4.,,,
E.Nim,Nimzo-Indian Defence,E20|E21|E22|E23|E24|E25|E26|E27|E28|E29|E30|E31|E32|E33|E34|E35|E36|E37|E38|E39|E40|E41|E42|E43|E44|E45|E46|E47|E48|E49|E50|E51|E52|E53|E54|E55|E56|E57|E58|E59,E,d2d4 g8f6 c2c4 e7e6 b1c3 f8b4,1,NID|Nimzo,,3...Bb4.,,,
E.Nim.Rub,"Nimzo, Rubinstein",E40|E41|E42|E43|E44|E45|E46|E47|E48|E49|E50|E51|E52|E53|E54|E55|E56|E57|E58|E59,E.Nim,d2d4 g8f6 c2c4 e7e6 b1c3 f8b4 e2e3,2,Rubinstein Complex,,4.e3.,,,
E.Nim.Cls,"Nimzo, Classical",E32|E33|E34|E35|E36|E37|E38|E39,E.Nim,d2d4 g8f6 c2c4 e7e6 b1c3 f8b4 d1c2,2,Classical Nimzo,,4.Qc2.,,,
E.Nim.Sml,"Nimzo, Sämisch",E25|E26|E27|E28|E29,E.Nim,d2d4 g8f6 c2c4 e7e6 b1c3 f8b4 a2a3,2,Saemisch Variation,sharp,4.a3.,,,
E.Nim.Lng,"Nimzo, Leningrad",E30|E31,E.Nim,d2d4 g8f6 c2c4 e7e6 b1c3 f8b4 c1g5,2,Leningrad Variation,sharp,4.Bg5.,,,
E.QID,Queen's Indian Defence,E12|E13|E14|E15|E16|E17|E18|E19,E,d2d4 g8f6 c2c4 e7e6 g1f3 b7b6,1,QID,,3...b6.,,,
E.QID.Pet,"QID, Petrosian",E12|E13,E.QID,d2d4 g8f6 c2c4 e7e6 g1f3 b7b6 a2a3,2,Petrosian Variation,,4.a3.,,,
E.QID.Mod,"QID, Modern",E15|E16|E17|E18|E19,E.QID,d2d4 g8f6 c2c4 e7e6 g1f3 b7b6 g2g3 c8b7,2,,,4.g3 Bb7 main.,,,
E.Bog,Bogo-Indian Defence,E11,E,d2d4 g8f6 c2c4 e7e6 g1f3 f8b4,1,,,3...Bb4+.,,,
E.OldI,Old Indian Defence,A53|A54|A55,E,d2d4 g8f6 c2c4 d7d6,1,,,1.d4 Nf6 2.c4 d6 — non-fianchetto.,,,
E.Gru,Grünfeld Defence,D70|D71|D72|D73|D74|D75|D76|D77|D78|D79|D80|D81|D82|D83|D84|D85|D86|D87|D88|D89|D90|D91|D92|D93|D94|D95|D96|D97|D98|D99,E,d2d4 g8f6 c2c4 g7g6 b1c3 d7d5,1,Gruenfeld,,1.d4 Nf6 2.c4 g6 3.Nc3 d5 — class E despite legacy ECO D codes (see spec borderlines).,,,
E.Gru.Exc,"Grünfeld, Exchange",D85|D86,E.Gru,d2d4 g8f6 c2c4 g7g6 b1c3 d7d5 c4d5 f6d5 e2e4,2,,sharp,Main line 4.cxd5 Nxd5 5.e4.,,,
E.Gru.Rus,"Grünfeld, Russian",D96|D97|D98|D99,E.Gru,d2d4 g8f6 c2c4 g7g6 b1c3 d7d5 g1f3 f8g7 d1b3,2,Russian System,,4.Nf3 Bg7 5.Qb3.,,,
E.Gru.Fch,"Grünfeld, Fianchetto",D78|D79,E.Gru,d2d4 g8f6 c2c4 g7g6 b1c3 d7d5 g1f3 f8g7 g2g3,2,Fianchetto Variation,,5.g3.,,,
A.KIA,King's Indian Attack,A05|A07|A08,A,g1f3 g8f6 g2g3 d7d5,1,KIA,closed,1.Nf3 followed by g3/Bg2 and a kingside setup.,,,
A.KIA.Fre,"King's Indian Attack, French Setup",A08,A.KIA,e2e4 e7e6 d2d3 d7d5 b1d2 g8f6 g1f3,2,,closed,KIA structure against French-style ...e6/...d5.,,,
A.Ret.Acc,"Réti Opening, Accepted",A09,A.Ret,g1f3 d7d5 c2c4 d5c4,2,Reti Accepted,,1.Nf3 d5 2.c4 dxc4.,,,
A.Ret.Adv,"Réti Opening, Advance",A09,A.Ret,g1f3 d7d5 c2c4 d5d4,2,,closed,1.Nf3 d5 2.c4 d4 space-gaining reply.,,,
A.Ret.Fch,"Réti Opening, Double Fianchetto",A05,A.Ret,g1f3 g8f6 g2g3 g7g6 b2b3 f8g7 c1b2,2,Double Fianchetto Attack,closed,Nf3/g3/b3 structure with both bishops fianchettoed.,,,
A.Eng.Rev.Fou,"English, Four Knights",A28,A.Eng.Rev,c2c4 e7e5 b1c3 g8f6 g1f3 b8c6,3,English Four Knights,,King's English with both knights developed.,,,
A.Hng,Hungarian Opening,A00,A,g2g3,1,Benko Opening,,1.g3 flexible fianchetto opening.,,,
A.Gro,Grob Opening,A00,A,g2g4,1,,sharp,1.g4 flank opening.,,,
A.Van,Van Geet Opening,A00,A,b1c3,1,Dunst Opening,,1.Nc3 independent queen-knight opening.,,,
A.Bir.Fro,"Bird's Opening, From's Gambit",A02,A.Bir,f2f4 e7e5,2,From Gambit,gambit|sharp,1.f4 e5 gambit response.,,,
A.Tor,Torre Attack,A46,A,d2d4 g8f6 g1f3 e7e6 c1g5,1,,closed,Queen-pawn system with Nf3 and Bg5.,,,
A.Ver,Richter-Veresov Attack,A45|D01,A,d2d4 g8f6 b1c3 d7d5 c1g5,1,Veresov Attack,sharp,Queen-pawn system with Nc3 and Bg5.,,,
A.Col,Colle System,D04|D05,A,d2d4 d7d5 g1f3 g8f6 e2e3 e7e6 f1d3,1,,closed,Queen-pawn system with e3/Bd3/c3 plans.,,,
A.Lon.Job,"London System, Jobava-Prié",A45|D00,A.Lon,d2d4 d7d5 b1c3 g8f6 c1f4,2,Jobava London|Jobava-Prié Attack,sharp,London-family setup with early Nc3 and Bf4.,,,
B.Nim,Nimzowitsch Defence,B00,B,e2e4 b8c6,1,Nimzowitsch Defense,,1.e4 Nc6.,,,
B.Nim.Ken,"Nimzowitsch Defence, Kennedy",B00,B.Nim,e2e4 b8c6 d2d4 e7e5,2,Kennedy Variation,,1.e4 Nc6 2.d4 e5 counterstrike.,,,
B.Sca.Mod,"Scandinavian, Modern",B01,B.Sca,e2e4 d7d5 e4d5 d8d5 b1c3 d5a5,2,Modern Scandinavian,,2.exd5 Qxd5 3.Nc3 Qa5 main Scandinavian line.,,,
B.Sca.Por,"Scandinavian, Portuguese",B01,B.Sca,e2e4 d7d5 e4d5 g8f6 d2d4 c8g4,2,Portuguese Variation,sharp,2...Nf6 with ...Bg4 pressure.,,,
B.Sca.Ice,"Scandinavian, Icelandic Gambit",B01,B.Sca,e2e4 d7d5 e4d5 g8f6 c2c4 e7e6,2,Icelandic Gambit,gambit|sharp,2...Nf6 3.c4 e6 pawn sacrifice.,,,
B.Ale.Fou,"Alekhine, Four Pawns Attack",B03,B.Ale,e2e4 g8f6 e4e5 f6d5 d2d4 d7d6 c2c4 d5b6 f2f4,2,,sharp,White builds the e5/d4/c4/f4 pawn centre.,,,
B.Ale.Exc,"Alekhine, Exchange",B03,B.Ale,e2e4 g8f6 e4e5 f6d5 d2d4 d7d6 c2c4 d5b6 e5d6,2,Exchange Variation,,White exchanges on d6 after the Four Pawns structure.,,,
B.Pir.Aus,"Pirc, Austrian Attack",B09,B.Pir,e2e4 d7d6 d2d4 g8f6 b1c3 g7g6 f2f4,2,Austrian Attack,sharp,4.f4 aggressive Pirc setup.,,,
B.Pir.Cls,"Pirc, Classical",B08,B.Pir,e2e4 d7d6 d2d4 g8f6 b1c3 g7g6 g1f3,2,Classical System,,4.Nf3 classical development.,,,
B.Pir.Fch,"Pirc, Fianchetto",B07,B.Pir,e2e4 d7d6 d2d4 g8f6 b1c3 g7g6 g2g3,2,Fianchetto Variation,closed,White answers the Pirc with kingside fianchetto.,,,
B.Mod.Avk,"Modern Defence, Averbakh",B06,B.Mod,e2e4 g7g6 d2d4 f8g7 c2c4 d7d6 b1c3,2,Averbakh System,closed,Modern Defence with White's broad c4/d4/e4 centre.,,,
B.Fre.Rub,"French, Rubinstein",C10,B.Fre,e2e4 e7e6 d2d4 d7d5 b1c3 d5e4,2,Rubinstein Variation,closed,3.Nc3 dxe4 simplifying French line.,,,
B.Fre.Bur,"French, Burn",C11,B.Fre,e2e4 e7e6 d2d4 d7d5 b1c3 g8f6 c1g5 d5e4,2,Burn Variation,,3.Nc3 Nf6 4.Bg5 dxe4.,,,
B.Fre.Mac,"French, MacCutcheon",C12,B.Fre,e2e4 e7e6 d2d4 d7d5 b1c3 g8f6 c1g5 f8b4,2,MacCutcheon Variation,sharp,3.Nc3 Nf6 4.Bg5 Bb4.,,,
B.CaK.Exc,"Caro-Kann, Exchange",B13,B.CaK,e2e4 c7c6 d2d4 d7d5 e4d5 c6d5,2,Exchange Variation,closed,3.exd5 cxd5 symmetrical Caro-Kann.,,,
B.CaK.Kar,"Caro-Kann, Karpov",B17,B.CaK,e2e4 c7c6 d2d4 d7d5 b1c3 d5e4 c3e4 b8d7,2,Karpov Variation,closed,Classical Caro-Kann with 4...Nd7.,,,
C.Fou,Four Knights Game,C47|C48|C49,C,e2e4 e7e5 g1f3 b8c6 b1c3 g8f6,1,,,All four knights developed in the Open Games.,,,
C.Fou.Glk,"Four Knights, Glek System",C47,C.Fou,e2e4 e7e5 g1f3 b8c6 b1c3 g8f6 g2g3,2,Glek Variation,closed,4.g3 fianchetto system.,,,
C.Fou.Sco,"Four Knights, Scotch Variation",C47,C.Fou,e2e4 e7e5 g1f3 b8c6 b1c3 g8f6 d2d4,2,Scotch Four Knights,,4.d4 central break.,,,
C.Fou.Spa,"Four Knights, Spanish Variation",C48|C49,C.Fou,e2e4 e7e5 g1f3 b8c6 b1c3 g8f6 f1b5,2,Spanish Four Knights,closed,4.Bb5 Spanish setup within the Four Knights.,,,
C.Fou.Spa.Rub,"Four Knights Spanish, Rubinstein",C48,C.Fou.Spa,e2e4 e7e5 g1f3 b8c6 b1c3 g8f6 f1b5 c6d4,3,Rubinstein Variation,,4.Bb5 Nd4.,,,
C.Fou.Hal,"Four Knights, Halloween Gambit",C47,C.Fou,e2e4 e7e5 g1f3 b8c6 b1c3 g8f6 f3e5,2,Halloween Gambit,gambit|sharp,4.Nxe5 knight sacrifice.,,,
C.Bsh,Bishop's Opening,C23|C24,C,e2e4 e7e5 f1c4,1,,,2.Bc4 without Nf3 commitment.,,,
C.Bsh.Urs,"Bishop's Opening, Urusov Gambit",C24|C43,C.Bsh,e2e4 e7e5 f1c4 g8f6 d2d4 e5d4 g1f3,2,Urusov Gambit,gambit|sharp,Early d4/Nf3 gambit idea from the Bishop's Opening.,,,
C.Pon,Ponziani Opening,C44,C,e2e4 e7e5 g1f3 b8c6 c2c3,1,,,3.c3 prepares d4.,,,
C.Pon.Jae,"Ponziani, Jaenisch Counterattack",C44,C.Pon,e2e4 e7e5 g1f3 b8c6 c2c3 g8f6,2,Jaenisch Counterattack,,3...Nf6 against the Ponziani.,,,
C.Pon.CGm,"Ponziani, Countergambit",C44,C.Pon,e2e4 e7e5 g1f3 b8c6 c2c3 f7f5,2,Ponziani Countergambit,gambit|sharp,3...f5 countergambit.,,,
C.Cen,Center Game,C21|C22,C,e2e4 e7e5 d2d4,1,Centre Game,,2.d4 immediate central challenge.,,,
C.Cen.Dsh,Danish Gambit,C21,C.Cen,e2e4 e7e5 d2d4 e5d4 c2c3,2,Nordic Gambit,gambit|sharp,3.c3 gambit after the Center Game.,,,
C.Cen.Pau,"Center Game, Paulsen Attack",C22,C.Cen,e2e4 e7e5 d2d4 e5d4 d1d4 b8c6 d4e3,2,Paulsen Attack,,Queen recapture followed by Qe3.,,,
C.Ita.Giu,"Italian, Giuoco Piano",C50|C53|C54,C.Ita,e2e4 e7e5 g1f3 b8c6 f1c4 f8c5,2,Giuoco Piano,closed,3...Bc5 classical Italian setup.,,,
C.Ita.Two.Ng5,"Italian Two Knights, Knight Attack",C57|C58|C59,C.Ita.Two,e2e4 e7e5 g1f3 b8c6 f1c4 g8f6 f3g5,3,Knight Attack,sharp,4.Ng5 pressure against f7.,,,
C.Ita.Two.Ng5.Trx,"Two Knights, Traxler Counterattack",C57,C.Ita.Two.Ng5,e2e4 e7e5 g1f3 b8c6 f1c4 g8f6 f3g5 f8c5,4,Traxler|Wilkes-Barre,sharp,4...Bc5 counterattack instead of defending f7.,,,
C.Pet.Coc,"Petrov, Cochrane Gambit",C42,C.Pet,e2e4 e7e5 g1f3 g8f6 f3e5 d7d6 e5f7,2,Cochrane Gambit,gambit|sharp,Nxf7 sacrifice in the Petrov.,,,
C.Pet.Mod,"Petrov, Modern Attack",C43,C.Pet,e2e4 e7e5 g1f3 g8f6 d2d4,2,Modern Attack,,3.d4 against the Petrov.,,,
C.Sco.Gbt,"Scotch, Scotch Gambit",C44,C.Sco,e2e4 e7e5 g1f3 b8c6 d2d4 e5d4 f1c4,2,Scotch Gambit,gambit|sharp,4.Bc4 gambit setup after exd4.,,,
C.Vie.Gbt,"Vienna, Vienna Gambit",C25,C.Vie,e2e4 e7e5 b1c3 g8f6 f2f4,2,Vienna Gambit,gambit|sharp,3.f4 in the Vienna.,,,
C.PhD.Han,"Philidor, Hanham",C41,C.PhD,e2e4 e7e5 g1f3 d7d6 d2d4 g8f6 b1c3 b8d7,2,Hanham Variation,closed,Philidor setup with ...Nf6 and ...Nbd7.,,,
D.QGA.Cls,"QGA, Classical",D27|D28|D29,D.QGA,d2d4 d7d5 c2c4 d5c4 g1f3 g8f6 e2e3 e7e6 f1c4 c7c5,2,Classical Variation,,QGA with Nf3/e3/Bxc4 and ...c5.,,,
D.Sla.Che,"Slav, Chebanenko",D15,D.Sla,d2d4 d7d5 c2c4 c7c6 g1f3 g8f6 b1c3 a7a6,2,Chebanenko Slav,,...a6 Slav structure.,,,
D.Sem.AMe,"Semi-Slav, Anti-Meran",D45,D.Sem,d2d4 d7d5 c2c4 c7c6 g1f3 g8f6 b1c3 e7e6 e2e3 b8d7 d1c2,2,Anti-Meran,closed,6.Qc2 keeps options against Meran structures.,,,
D.QGD.Har,"QGD, Harrwitz Attack",D37,D.QGD,d2d4 d7d5 c2c4 e7e6 g1f3 g8f6 b1c3 f8e7 c1f4,2,Harrwitz Attack,,Bf4 development against QGD structures.,,,
D.Cat.Fch,"Catalan, Fianchetto Main Line",E06|E07,D.Cat,d2d4 d7d5 c2c4 e7e6 g1f3 g8f6 g2g3 f8e7 f1g2 e8g8,2,Catalan Main Line,closed,Closed Catalan development before Black commits the queenside structure.,,,
E.KID.Cls.Pet,"KID Classical, Petrosian",E92,E.KID.Cls,d2d4 g8f6 c2c4 g7g6 b1c3 f8g7 e2e4 d7d6 g1f3 e8g8 f1e2 e7e5 d4d5,3,Petrosian System,closed,White closes the centre with d5 before Black's full queenside counterplay.,,,
E.KID.Cls.Byn,"KID Classical, Bayonet Attack",E97,E.KID.Cls,d2d4 g8f6 c2c4 g7g6 b1c3 f8g7 e2e4 d7d6 g1f3 e8g8 f1e2 e7e5 e1g1 b8c6 d4d5 c6e7 b2b4,3,Bayonet Attack,sharp|theoretical,b4 expansion in the Classical Mar del Plata complex.,,,
E.KID.Mak,"KID, Makogonov",E71,E.KID,d2d4 g8f6 c2c4 g7g6 b1c3 f8g7 e2e4 d7d6 h2h3,2,Makogonov System,closed,5.h3 restrains ...Bg4 and kingside play.,,,
E.Nim.Rub.Hub,"Nimzo Rubinstein, Hübner",E41,E.Nim.Rub,d2d4 g8f6 c2c4 e7e6 b1c3 f8b4 e2e3 c7c5 f1d3 b8c6 g1f3 b4c3,3,Huebner Variation,closed,...Bxc3 structure within the Rubinstein Nimzo.,,,
E.Bog.Nim,"Bogo-Indian, Nimzowitsch",E11,E.Bog,d2d4 g8f6 c2c4 e7e6 g1f3 f8b4 c1d2 d8e7,2,Nimzowitsch Variation,,...Qe7 after Bd2 in the Bogo-Indian.,,,
E.Bog.Vit,"Bogo-Indian, Vitolins",E11,E.Bog,d2d4 g8f6 c2c4 e7e6 g1f3 f8b4 c1d2 a7a5,2,Vitolins Variation,,...a5 against Bd2.,,,
E.QID.Cls,"QID, Classical",E17|E18,E.QID,d2d4 g8f6 c2c4 e7e6 g1f3 b7b6 g2g3 c8b7 f1g2 f8e7,2,Classical Queen's Indian,closed,4.g3 Bb7 5.Bg2 Be7 main development.,,,
E.Gru.Sml,"Grünfeld, Sämisch",D80,E.Gru,d2d4 g8f6 c2c4 g7g6 b1c3 d7d5 f2f3,2,Saemisch Variation,sharp,4.f3 anti-Grünfeld structure.,,,
E.Gru.Brn,"Grünfeld, Brinckmann",D80,E.Gru,d2d4 g8f6 c2c4 g7g6 b1c3 d7d5 c1f4,2,Brinckmann Attack,,4.Bf4 against the Grünfeld.,,,
E.OldI.Ukr,"Old Indian, Ukrainian",A54,E.OldI,d2d4 g8f6 c2c4 d7d6 b1c3 e7e5,2,Ukrainian Variation,closed,...e5 Old Indian setup.,,,
B.Sic.Clo,"Sicilian, Closed",B23|B24|B25|B26,B.Sic,e2e4 c7c5 b1c3,2,Closed Sicilian,closed,2.Nc3 without immediate Open Sicilian d4.,,,
B.Sic.Clo.GPr,"Sicilian Closed, Grand Prix Attack",B23,B.Sic.Clo,e2e4 c7c5 b1c3 b8c6 f2f4,3,Grand Prix Attack,sharp,f4 attacking system against the Sicilian.,,,
B.Sic.Clo.Fch,"Sicilian Closed, Fianchetto",B24|B25|B26,B.Sic.Clo,e2e4 c7c5 b1c3 b8c6 g2g3,3,Closed Sicilian Fianchetto,closed,g3/Bg2 setup in the Closed Sicilian.,,,
B.Sic.Win,"Sicilian, Wing Gambit",B20,B.Sic,e2e4 c7c5 b2b4,2,Wing Gambit,gambit|sharp,2.b4 gambit against the Sicilian.,,,
B.Sic.Bow,"Sicilian, Bowdler Attack",B20,B.Sic,e2e4 c7c5 f1c4,2,Bowdler Attack,,2.Bc4 anti-Sicilian setup.,,,
B.CaK.Fan,"Caro-Kann, Fantasy",B12,B.CaK,e2e4 c7c6 d2d4 d7d5 f2f3,2,Fantasy Variation,sharp,3.f3 ambitious Caro-Kann line.,,,
B.CaK.Brn,"Caro-Kann, Bronstein-Larsen",B16,B.CaK,e2e4 c7c6 d2d4 d7d5 b1c3 d5e4 c3e4 g8f6 e4f6 g7f6,2,Bronstein-Larsen Variation,sharp,4...Nf6 5.Nxf6+ gxf6 structure.,,,
B.CaK.Sml,"Caro-Kann, Sämisch",B12,B.CaK,e2e4 c7c6 d2d4 d7d5 e4e5 c8f5 g2g4,2,Saemisch Variation,sharp,Advance Caro-Kann with early g4.,,,
B.Fre.Stn,"French, Steinitz",C11,B.Fre,e2e4 e7e6 d2d4 d7d5 b1c3 g8f6 e4e5,2,Steinitz Variation,closed,3.Nc3 Nf6 4.e5 space-gaining French.,,,
B.Fre.FKn,"French, Fort Knox",C10,B.Fre,e2e4 e7e6 d2d4 d7d5 b1c3 d5e4 c3e4 c8d7,2,Fort Knox Variation,closed,Rubinstein French with ...Bd7 setup.,,,
B.Pir.Byr,"Pirc, Byrne Variation",B07,B.Pir,e2e4 d7d6 d2d4 g8f6 b1c3 g7g6 c1g5,2,Byrne Variation,,4.Bg5 against the Pirc.,,,
B.Pir.150,"Pirc, 150 Attack",B07,B.Pir,e2e4 d7d6 d2d4 g8f6 b1c3 g7g6 c1e3,2,150 Attack,sharp,Be3/Qd2 attacking setup against the Pirc.,,,
C.RyL.Coz,"Ruy López, Cozio Defence",C60,C.RyL,e2e4 e7e5 g1f3 b8c6 f1b5 g8e7,2,Cozio Defence,,3...Nge7 against the Ruy López.,,,
C.RyL.Shl,"Ruy López, Schliemann Defence",C63,C.RyL,e2e4 e7e5 g1f3 b8c6 f1b5 f7f5,2,Jaenisch Gambit|Schliemann Defence,gambit|sharp,3...f5 countergambit.,,,
C.RyL.Mor,"Ruy López, Morphy Defence",C70|C71|C72|C73|C74|C75|C76|C77|C78|C79|C80|C81|C82|C83|C84|C85|C86|C87|C88|C89|C90|C91|C92|C93|C94|C95|C96|C97|C98|C99,C.RyL,e2e4 e7e5 g1f3 b8c6 f1b5 a7a6,2,Morphy Defence,,3...a6 main Ruy López complex.,,,
C.RyL.Mor.Opn,"Ruy López Morphy, Open",C80|C81|C82|C83,C.RyL.Mor,e2e4 e7e5 g1f3 b8c6 f1b5 a7a6 b5a4 g8f6 e1g1 f6e4,3,Open Spanish,sharp,5...Nxe4 Open Ruy López.,,,
C.RyL.Mor.StD,"Ruy López Morphy, Modern Steinitz",C71|C72|C73|C74|C75|C76,C.RyL.Mor,e2e4 e7e5 g1f3 b8c6 f1b5 a7a6 b5a4 d7d6,3,Modern Steinitz Defence,closed,4...d6 after Morphy's ...a6.,,,
C.RyL.Mor.Ark,"Ruy López Morphy, Arkhangelsk",C78,C.RyL.Mor,e2e4 e7e5 g1f3 b8c6 f1b5 a7a6 b5a4 g8f6 e1g1 b7b5 a4b3 c8b7,3,Arkhangelsk Variation,sharp,...b5 and ...Bb7 pressure on e4.,,,
C.RyL.Mor.NeA,"Ruy López Morphy, Neo-Arkhangelsk",C78,C.RyL.Mor,e2e4 e7e5 g1f3 b8c6 f1b5 a7a6 b5a4 g8f6 e1g1 f8c5,3,Neo-Arkhangelsk Variation,sharp,Early ...Bc5 in the Morphy Ruy López.,,,
C.RyL.Mor.Nor,"Ruy López Morphy, Norwegian",C70,C.RyL.Mor,e2e4 e7e5 g1f3 b8c6 f1b5 a7a6 b5a4 b7b5 a4b3 c6a5,3,Norwegian Variation,sharp,...b5 and ...Na5 chasing the bishop.,,,
C.RyL.Mor.Wor,"Ruy López Morphy, Wormald Attack",C77,C.RyL.Mor,e2e4 e7e5 g1f3 b8c6 f1b5 a7a6 b5a4 g8f6 d1e2,3,Wormald Attack,,5.Qe2 in the Morphy Defence.,,,
C.Ita.Giu.Cls,"Italian Giuoco Piano, Classical",C53|C54,C.Ita.Giu,e2e4 e7e5 g1f3 b8c6 f1c4 f8c5 c2c3 g8f6 d2d4 e5d4 c3d4,3,Classical Italian,sharp,c3/d4 centre in the Giuoco Piano.,,,
C.Ita.Giu.Mol,"Italian Giuoco Piano, Møller Attack",C54,C.Ita.Giu,e2e4 e7e5 g1f3 b8c6 f1c4 f8c5 c2c3 g8f6 d2d4 e5d4 c3d4 c5b4,3,Moeller Attack,sharp,Classical Italian with ...Bb4+ after cxd4.,,,
C.Ita.Two.Opn,"Italian Two Knights, Open Variation",C56,C.Ita.Two,e2e4 e7e5 g1f3 b8c6 f1c4 g8f6 d2d4,3,Open Variation,sharp,4.d4 in the Two Knights Defence.,,,
C.Ita.Two.Max,"Italian Two Knights, Max Lange Attack",C56,C.Ita.Two,e2e4 e7e5 g1f3 b8c6 f1c4 g8f6 d2d4 e5d4 e1g1 f8c5 e4e5,3,Max Lange Attack,sharp,Castling and e5 attack in the Two Knights complex.,,,
C.Ita.Two.Ng5.Feg,"Two Knights, Fried Liver Attack",C57,C.Ita.Two.Ng5,e2e4 e7e5 g1f3 b8c6 f1c4 g8f6 f3g5 d7d5 e4d5 f6d5 g5f7,4,Fried Liver Attack|Fegatello Attack,gambit|sharp,Nxf7 sacrifice after 4.Ng5 d5 5.exd5 Nxd5.,,,
C.Ita.Two.Ng5.Ulv,"Two Knights, Ulvestad Variation",C57,C.Ita.Two.Ng5,e2e4 e7e5 g1f3 b8c6 f1c4 g8f6 f3g5 d7d5 e4d5 b7b5,4,Ulvestad Variation,sharp,5...b5 counterattack in the Knight Attack.,,,
C.Ita.Two.Ng5.Pol,"Two Knights, Polerio Defence",C58|C59,C.Ita.Two.Ng5,e2e4 e7e5 g1f3 b8c6 f1c4 g8f6 f3g5 d7d5 e4d5 c6a5,4,Polerio Defence,sharp,5...Na5 main defence against the Knight Attack.,,,
C.Sco.Gor,"Scotch, Göring Gambit",C44,C.Sco,e2e4 e7e5 g1f3 b8c6 d2d4 e5d4 c2c3,2,Goering Gambit,gambit|sharp,4.c3 gambit in the Scotch.,,,
C.Sco.Cls,"Scotch, Classical",C45,C.Sco,e2e4 e7e5 g1f3 b8c6 d2d4 e5d4 f3d4 f8c5,2,Classical Scotch,,4.Nxd4 Bc5.,,,
C.Vie.Mie,"Vienna, Mieses Variation",C26,C.Vie,e2e4 e7e5 b1c3 g8f6 g2g3,2,Mieses Variation,closed,3.g3 fianchetto Vienna.,,,
C.Vie.Fal,"Vienna, Falkbeer Variation",C26,C.Vie,e2e4 e7e5 b1c3 g8f6,2,Falkbeer Variation,,2...Nf6 against the Vienna.,,,
C.Pet.Cls,"Petrov, Classical",C42,C.Pet,e2e4 e7e5 g1f3 g8f6 f3e5 d7d6 e5f3 f6e4 d2d4 d6d5,2,Classical Petrov,,Symmetrical central Petrov main line.,,,
C.Pet.Stf,"Petrov, Stafford Gambit",C42,C.Pet,e2e4 e7e5 g1f3 g8f6 f3e5 b8c6,2,Stafford Gambit,gambit|sharp,3...Nc6 gambit after Nxe5.,,,
C.PhD.Lio,"Philidor, Lion Variation",C41,C.PhD,e2e4 e7e5 g1f3 d7d6 d2d4 g8f6 b1c3 b8d7 f1c4 f8e7,2,Lion Variation,closed,Philidor/Hanham development with Bc4 and ...Be7.,,,
D.QGA.Jan,"QGA, Janowski-Larsen",D25,D.QGA,d2d4 d7d5 c2c4 d5c4 g1f3 a7a6,2,Janowski-Larsen Variation,,Early ...a6 in the Queen's Gambit Accepted.,,,
D.QGA.Man,"QGA, Mannheim",D23,D.QGA,d2d4 d7d5 c2c4 d5c4 g1f3 g8f6 d1a4,2,Mannheim Variation,,Qa4+ recovery idea in the QGA.,,,
D.Sla.Not,"Slav, Noteboom",D31,D.Sla,d2d4 d7d5 c2c4 c7c6 g1f3 e7e6 b1c3 d5c4,2,Noteboom Variation,sharp,...dxc4 structure from Slav/Semi-Slav move-orders.,,,
D.Sla.Ala,"Slav, Alapin",D15,D.Sla,d2d4 d7d5 c2c4 c7c6 g1f3 g8f6 b1c3 d5c4 e2e4,2,Alapin Variation,sharp,e4 pawn centre after ...dxc4.,,,
D.Tar.Rub,"Tarrasch, Rubinstein System",D34,D.Tar,d2d4 d7d5 c2c4 e7e6 b1c3 c7c5 c4d5 e6d5 g1f3 b8c6 g2g3,2,Rubinstein System,closed,g3 development against the Tarrasch IQP structure.,,,
D.STa.Exc,"Semi-Tarrasch, Exchange",D41,D.STa,d2d4 d7d5 c2c4 e7e6 b1c3 g8f6 g1f3 c7c5 c4d5 f6d5,2,Exchange Variation,,cxd5 with ...Nxd5 in the Semi-Tarrasch.,,,
D.Cat.Ope.Qa4,"Catalan Open, Qa4+",E03,D.Cat.Ope,d2d4 d7d5 c2c4 e7e6 g1f3 g8f6 g2g3 d5c4 d1a4,3,Qa4+ Line,,Qa4+ recapturing plan in the Open Catalan.,,,
D.Cat.Cls.Qc2,"Catalan Closed, Qc2 Main Line",E08|E09,D.Cat.Cls,d2d4 d7d5 c2c4 e7e6 g1f3 g8f6 g2g3 f8e7 f1g2 e8g8 e1g1 b8d7 d1c2,3,Qc2 Main Line,closed,Qc2 setup in the Closed Catalan.,,,
E.KID.Fch.Pan,"KID Fianchetto, Panno",E63,E.KID.Fch,d2d4 g8f6 c2c4 g7g6 b1c3 f8g7 g1f3 e8g8 g2g3 d7d6 f1g2 b8c6 e1g1 a7a6,3,Panno Variation,closed,...Nc6 and ...a6 against the Fianchetto KID.,,,
E.KID.Sml.Pan,"KID Sämisch, Panno",E83|E84,E.KID.Sml,d2d4 g8f6 c2c4 g7g6 b1c3 f8g7 e2e4 d7d6 f2f3 e8g8 c1e3 b8c6 g1e2 a7a6,3,Panno Formation,sharp,...Nc6/...a6 against the Sämisch.,,,
E.KID.Cls.Glg,"KID Classical, Gligoric",E92,E.KID.Cls,d2d4 g8f6 c2c4 g7g6 b1c3 f8g7 e2e4 d7d6 g1f3 e8g8 f1e2 e7e5 c1e3,3,Gligoric System,closed,Be3 setup in the Classical KID.,,,
E.KID.Cls.Exc,"KID Classical, Exchange",E92,E.KID.Cls,d2d4 g8f6 c2c4 g7g6 b1c3 f8g7 e2e4 d7d6 g1f3 e8g8 f1e2 e7e5 d4e5,3,Exchange Variation,,White releases the centre with dxe5.,,,
E.Nim.Kas,"Nimzo, Kasparov Variation",E20,E.Nim,d2d4 g8f6 c2c4 e7e6 b1c3 f8b4 g1f3,2,Kasparov Variation,,4.Nf3 against the Nimzo-Indian.,,,
E.Nim.Fou,"Nimzo, 4.f3",E20,E.Nim,d2d4 g8f6 c2c4 e7e6 b1c3 f8b4 f2f3,2,Kmoch Variation|4.f3 System,sharp,4.f3 builds an e4 centre against the Nimzo.,,,
E.QID.Nim,"QID, Nimzowitsch Variation",E17,E.QID,d2d4 g8f6 c2c4 e7e6 g1f3 b7b6 g2g3 c8a6,2,Nimzowitsch Variation,,...Ba6 pressure in the Queen's Indian.,,,
E.Gru.Exc.Cla,"Grünfeld Exchange, Classical",D85|D86,E.Gru.Exc,d2d4 g8f6 c2c4 g7g6 b1c3 d7d5 c4d5 f6d5 e2e4 d5c3 b2c3 f8g7 g1f3 c7c5,3,Classical Exchange,sharp,Exchange Grünfeld with ...c5 pressure against the centre.,,,
E.Gru.Exc.Sev,"Grünfeld Exchange, Seville",D85,E.Gru.Exc,d2d4 g8f6 c2c4 g7g6 b1c3 d7d5 c4d5 f6d5 e2e4 d5c3 b2c3 f8g7 g1f3 c7c5 f1e2 c5d4 c3d4,3,Seville Variation,sharp|theoretical,Classical Exchange Grünfeld tabiya associated with Seville match theory.,,,
A.Eng.Sym.Hdg,"English Symmetrical, Hedgehog",A30|A31,A.Eng.Sym,c2c4 c7c5 g1f3 g8f6 g2g3 b7b6 f1g2 c8b7 e1g1 e7e6 b1c3 f8e7,3,Hedgehog System,closed,Symmetrical English with ...b6/...Bb7/...e6 setup.,,,
A.Eng.Rev.Bot,"English Reversed Sicilian, Botvinnik System",A22,A.Eng.Rev,c2c4 e7e5 b1c3 b8c6 g2g3 g7g6 f1g2 f8g7 e2e4 d7d6 g1e2,3,Botvinnik System,closed,English setup with c4/e4/g3 against ...e5.,,,
A.Eng.Mik,"English Opening, Mikenas-Carls",A18,A.Eng,c2c4 g8f6 b1c3 e7e6 e2e4,2,Mikenas-Carls Variation,sharp,Early e4 against ...Nf6/...e6 English setups.,,,
A.Ret.Ang,"Réti Opening, Anglo-Slav",A11|A12,A.Ret,g1f3 d7d5 c2c4 c7c6,2,Anglo-Slav Variation,closed,Réti/English structure against ...c6 and ...d5.,,,
A.Ret.QGI,"Réti Opening, Queen's Gambit Invitation",A06,A.Ret,g1f3 d7d5 c2c4 e7e6,2,Queen's Gambit Invitation,,Réti move-order inviting queen's-pawn transpositions.,,,
A.Hol.Fch,"Dutch Defence, Fianchetto Attack",A81|A86,A.Hol,d2d4 f7f5 g2g3,2,Fianchetto Attack,closed,White meets the Dutch with g3/Bg2.,,,
A.Hol.Sta,"Dutch Defence, Staunton Gambit",A82|A83,A.Hol,d2d4 f7f5 e2e4,2,Staunton Gambit,gambit|sharp,2.e4 gambit against the Dutch.,,,
A.Hol.Sto.Bot,"Dutch Stonewall, Botvinnik Variation",A93,A.Hol.Sto,d2d4 f7f5 c2c4 g8f6 g2g3 e7e6 f1g2 f8e7 g1f3 e8g8 e1g1 d7d5 b2b3,3,Botvinnik Variation,closed,b3 system against the Stonewall Dutch.,,,
A.Hol.Cls.IZh,"Dutch Classical, Ilyin-Zhenevsky",A97|A98|A99,A.Hol.Cls,d2d4 f7f5 c2c4 g8f6 g2g3 e7e6 f1g2 f8e7 g1f3 e8g8 e1g1 d7d6 b1c3 d8e8,3,Ilyin-Zhenevsky Variation,closed,...Qe8 plan in the Classical Dutch.,,,
A.Ben.Old,Old Benoni,A43|A44,A.Ben,d2d4 c7c5,2,Old Benoni,closed,Immediate 1.d4 c5 Benoni structure.,,,
A.Ben.Mod.Fch,"Modern Benoni, Fianchetto",A61|A62|A63|A64,A.Ben.Mod,d2d4 g8f6 c2c4 c7c5 d4d5 e7e6 g2g3 e6d5 c4d5 d7d6 b1c3 g7g6,3,Fianchetto Variation,closed,g3/Bg2 against the Modern Benoni.,,,
A.Ben.Mod.Fou,"Modern Benoni, Four Pawns Attack",A68|A69,A.Ben.Mod,d2d4 g8f6 c2c4 c7c5 d4d5 e7e6 b1c3 e6d5 c4d5 d7d6 e2e4 g7g6 f2f4,3,Four Pawns Attack,sharp,White builds the e4/f4 centre against the Modern Benoni.,,,
A.Ben.Mod.Cls,"Modern Benoni, Classical",A70|A71|A72|A73|A74|A75|A76|A77|A78|A79,A.Ben.Mod,d2d4 g8f6 c2c4 c7c5 d4d5 e7e6 b1c3 e6d5 c4d5 d7d6 e2e4 g7g6 g1f3 f8g7 f1e2,3,Classical Variation,sharp,Nf3/Be2 mainline Modern Benoni setup.,,,
D.Chi,Chigorin Defence,D07,D,d2d4 d7d5 c2c4 b8c6,1,Chigorin Defence,sharp,1.d4 d5 2.c4 Nc6 active queen's-pawn defence.,,,
D.QGA.Cen,"QGA, Central Variation",D20,D.QGA,d2d4 d7d5 c2c4 d5c4 e2e4,2,Central Variation,sharp,3.e4 after Queen's Gambit Accepted.,,,
D.Sla.Sml,"Slav, Smyslov",D16,D.Sla,d2d4 d7d5 c2c4 c7c6 g1f3 g8f6 b1c3 d5c4 a2a4 b8a6,2,Smyslov Variation,,...Na6 against the Classical Slav.,,,
D.Sem.AMe.Shr,"Semi-Slav Anti-Meran, Shirov-Shabalov",D45,D.Sem.AMe,d2d4 d7d5 c2c4 c7c6 g1f3 g8f6 b1c3 e7e6 e2e3 b8d7 d1c2 f8d6 g2g4,3,Shirov-Shabalov Gambit,gambit|sharp,g4 attacking idea in Anti-Meran structures.,,,
D.Cat.Ope.Qa4.Ale,"Catalan Open Qa4, Alekhine",E03,D.Cat.Ope.Qa4,d2d4 d7d5 c2c4 e7e6 g1f3 g8f6 g2g3 d5c4 d1a4 b8d7 a4c4 a7a6 c4c2,4,Alekhine Variation,,Qa4+ line with ...Nbd7/...a6 and Qc2 retreat.,,,
D.Cat.Cls.Bot,"Catalan Closed, Botvinnik",E07,D.Cat.Cls,d2d4 d7d5 c2c4 e7e6 g1f3 g8f6 g2g3 f8e7 f1g2 e8g8 e1g1 b8d7 b1c3 c7c6 d1d3,3,Botvinnik Variation,closed,Qd3 setup in the Closed Catalan.,,,
D.Cat.Cls.Rab,"Catalan Closed, Rabinovich",E09,D.Cat.Cls,d2d4 d7d5 c2c4 c7c6 g1f3 g8f6 d1c2 e7e6 b1d2 f8e7 g2g3 b8d7 f1g2 e8g8 e1g1 b7b5,3,Rabinovich Variation,closed,Closed Catalan with ...b5 queenside expansion.,,,
D.QGD.Alt,"QGD, Alatortsev",D31,D.QGD,d2d4 d7d5 c2c4 e7e6 b1c3 f8e7,2,Alatortsev Variation,closed,Early ...Be7 before ...Nf6 in the QGD.,,,
E.Bog.Exc,"Bogo-Indian, Exchange",E11,E.Bog,d2d4 g8f6 c2c4 e7e6 g1f3 f8b4 c1d2 b4d2,2,Exchange Variation,closed,Bogo-Indian with Bxd2+ exchange.,,,
E.Bog.Ret,"Bogo-Indian, Retreat",E11,E.Bog,d2d4 g8f6 c2c4 e7e6 g1f3 f8b4 c1d2 b4e7,2,Retreat Variation,closed,...Be7 retreat after Bd2.,,,
E.Bog.Hai,"Bogo-Indian, Haiti",E11,E.Bog,d2d4 g8f6 c2c4 e7e6 g1f3 f8b4 c1d2 b8c6,2,Haiti Variation,,...Nc6 after Bd2.,,,
E.QID.Kas,"QID, Kasparov Variation",E12|E13,E.QID,d2d4 g8f6 c2c4 e7e6 g1f3 b7b6 b1c3,2,Kasparov Variation,,4.Nc3 against the Queen's Indian.,,,
E.QID.Sps,"QID, Spassky System",E14,E.QID,d2d4 g8f6 c2c4 e7e6 g1f3 b7b6 e2e3,2,Spassky System,closed,4.e3 against the Queen's Indian.,,,
E.QID.Mod.Trd,"QID Modern, Traditional Line",E15,E.QID.Mod,d2d4 g8f6 c2c4 e7e6 g1f3 b7b6 g2g3 c8b7 f1g2,3,Traditional Line,closed,Fianchetto Queen's Indian with ...Bb7 and Bg2.,,,
E.Nim.Rom,"Nimzo, Romanishin",E20,E.Nim,d2d4 g8f6 c2c4 e7e6 b1c3 f8b4 g2g3,2,Romanishin Variation,closed,4.g3 against the Nimzo-Indian.,,,
E.Nim.Spl,"Nimzo, Spielmann",E22|E23,E.Nim,d2d4 g8f6 c2c4 e7e6 b1c3 f8b4 d1b3,2,Spielmann Variation,sharp,4.Qb3 attacks b4 and b7.,,,
E.Nim.Mik,"Nimzo, Mikenas Attack",E20,E.Nim,d2d4 g8f6 c2c4 e7e6 b1c3 f8b4 d1d3,2,Mikenas Attack,sharp,4.Qd3 against the Nimzo-Indian.,,,
E.Nim.Cls.Ker,"Nimzo Classical, Keres Defence",E32,E.Nim.Cls,d2d4 g8f6 c2c4 e7e6 b1c3 f8b4 d1c2 e8g8 a2a3 b4c3 c2c3 b7b6,3,Keres Defence,closed,Classical Nimzo with ...b6 after Qxc3.,,,
E.Nim.Sml.Bot,"Nimzo Sämisch, Botvinnik",E24|E25,E.Nim.Sml,d2d4 g8f6 c2c4 e7e6 b1c3 f8b4 f2f3 d7d5 a2a3 b4c3 b2c3 c7c5,3,Botvinnik Variation,sharp,Saemisch Nimzo structure with f3/a3 and ...c5.,,,
E.Gru.Thr,"Grünfeld, Three Knights",D70|D71,E.Gru,d2d4 g8f6 c2c4 g7g6 b1c3 d7d5 g1f3 f8g7,2,Three Knights Variation,,Nf3 development before committing to Exchange or Russian systems.,,,
E.Gru.Hng,"Grünfeld, Hungarian Attack",D80,E.Gru,d2d4 g8f6 c2c4 g7g6 b1c3 d7d5 c1f4 f8g7 e2e3 e8g8,2,Hungarian Attack,,Bf4/e3 setup against the Grünfeld.,,,
E.Gru.Exc.Sps,"Grünfeld Exchange, Spassky",D87,E.Gru.Exc,d2d4 g8f6 c2c4 g7g6 b1c3 d7d5 c4d5 f6d5 e2e4 d5c3 b2c3 f8g7 f1c4 c7c5 g1e2 e8g8,3,Spassky Variation,sharp,Exchange Grünfeld with Bc4 and Ne2 development.,,,
E.KID.Fch.Yug,"KID Fianchetto, Yugoslav",E64|E65|E66,E.KID.Fch,d2d4 g8f6 c2c4 g7g6 g1f3 f8g7 g2g3 e8g8 f1g2 d7d6 e1g1 c7c5,3,Yugoslav System,closed,...c5 against the Fianchetto KID.,,,
E.KID.Fch.Uhl,"KID Fianchetto, Uhlmann-Szabo",E62,E.KID.Fch,d2d4 g8f6 c2c4 g7g6 g1f3 f8g7 g2g3 e8g8 f1g2 d7d6 e1g1 b8c6 b1c3 e7e5,3,Uhlmann-Szabo System,closed,...Nc6 and ...e5 against the Fianchetto KID.,,,
E.KID.Sml.Byr,"KID Sämisch, Byrne Defence",E81,E.KID.Sml,d2d4 g8f6 c2c4 g7g6 b1c3 f8g7 e2e4 d7d6 f2f3 e8g8 c1e3 c7c6 f1d3 a7a6,3,Byrne Defence,closed,...c6 and ...a6 against the Sämisch.,,,
E.KID.Sml.Ort,"KID Sämisch, Orthodox",E85|E86|E87|E88|E89,E.KID.Sml,d2d4 g8f6 c2c4 g7g6 b1c3 f8g7 e2e4 d7d6 f2f3 e8g8 c1e3 e7e5,3,Orthodox Variation,closed,...e5 against the Sämisch.,,,
E.KID.Fou.Dyn,"KID Four Pawns, Dynamic Attack",E76,E.KID.Fou,d2d4 g8f6 c2c4 g7g6 b1c3 f8g7 e2e4 d7d6 f2f4 e8g8 g1f3 c7c5 d4d5,3,Dynamic Attack,sharp,Four Pawns with Nf3 and d5 after ...c5.,,,
E.KID.Avk.Ben,"KID Averbakh, Benoni Defence",E74|E75,E.KID.Avk,d2d4 g8f6 c2c4 g7g6 b1c3 f8g7 e2e4 d7d6 f1e2 e8g8 c1g5 c7c5,3,Benoni Defence,sharp,...c5 against the Averbakh system.,,,
A.Ret.Lis,"Réti Opening, Lisitsyn Gambit",A04,A.Ret,g1f3 f7f5 e2e4,2,Lisitsyn Gambit,gambit|sharp,1.Nf3 f5 2.e4 gambit against Dutch structures.,,,
A.Hol.Hop,"Dutch Defence, Hopton Attack",A80,A.Hol,d2d4 f7f5 c1g5,2,Hopton Attack,sharp,2.Bg5 against the Dutch.,,,
E.QID.Mil,"QID, Miles Variation",E12,E.QID,d2d4 g8f6 c2c4 e7e6 g1f3 b7b6 c1f4,2,Miles Variation,,4.Bf4 against the Queen's Indian.,,,
B.Sic.Acc,"Sicilian, Accelerated Dragon",B34|B35|B36|B37|B38|B39,B.Sic,e2e4 c7c5 g1f3 b8c6 d2d4 c5d4 f3d4 g7g6,2,Accelerated Dragon,sharp,...g6 without ...d6 in the Open Sicilian.,,,
B.Sic.Acc.Mar,"Accelerated Dragon, Maróczy Bind",B38|B39,B.Sic.Acc,e2e4 c7c5 g1f3 b8c6 d2d4 c5d4 f3d4 g7g6 c2c4,3,Maroczy Bind,closed,White clamps d5 with c4 against the Accelerated Dragon.,,,
B.Sic.HAc,"Sicilian, Hyper-Accelerated Dragon",B27,B.Sic,e2e4 c7c5 g1f3 g7g6,2,Hyper-Accelerated Dragon,sharp,Immediate ...g6 before ...Nc6 or ...d6.,,,
B.Sic.Kal,Sicilian Kalashnikov,B32,B.Sic,e2e4 c7c5 g1f3 b8c6 d2d4 c5d4 f3d4 e7e5,2,Kalashnikov Variation,sharp,...e5 without ...Nf6 first.,,,
B.Sic.Loe,"Sicilian, Löwenthal",B32,B.Sic,e2e4 c7c5 g1f3 b8c6 d2d4 c5d4 f3d4 e7e5 d4b5 a7a6,2,Lowenthal Variation,sharp,...e5 and ...a6 against Nb5.,,,
B.Sic.OKe,"Sicilian, O'Kelly",B28,B.Sic,e2e4 c7c5 g1f3 a7a6,2,OKelly Variation,,2...a6 anti-Open-Sicilian move order.,,,
B.Sic.Nim,"Sicilian, Nimzowitsch Variation",B29,B.Sic,e2e4 c7c5 g1f3 g8f6,2,Nimzowitsch Variation,sharp,2...Nf6 hits e4 immediately.,,,
B.Sic.Pin,"Sicilian, Pin Variation",B40,B.Sic,e2e4 c7c5 g1f3 e7e6 d2d4 c5d4 f3d4 g8f6 b1c3 f8b4,2,Pin Variation,sharp,...Bb4 pin after ...e6/...Nf6.,,,
B.Sic.Dra.Cls,"Sicilian Dragon, Classical",B70|B71|B72|B73|B74,B.Sic.Dra,e2e4 c7c5 g1f3 d7d6 d2d4 c5d4 f3d4 g8f6 b1c3 g7g6 f1e2 f8g7 e1g1 e8g8 d4b3,3,Classical Dragon,sharp,Be2/O-O setup against the Dragon.,,,
B.Sic.Dra.Lev,"Sicilian Dragon, Levenfish",B71,B.Sic.Dra,e2e4 c7c5 g1f3 d7d6 d2d4 c5d4 f3d4 g8f6 b1c3 g7g6 f2f4,3,Levenfish Variation,sharp,6.f4 against the Dragon.,,,
B.Sic.Sch.Eng,"Sicilian Scheveningen, English Attack",B80|B81,B.Sic.Sch,e2e4 c7c5 g1f3 d7d6 d2d4 c5d4 f3d4 g8f6 b1c3 e7e6 c1e3,3,English Attack,sharp|theoretical,Be3/Qd2 attacking setup against Scheveningen structures.,,,
B.Sic.Tay.Eng,"Sicilian Taimanov, English Attack",B48,B.Sic.Tay,e2e4 c7c5 g1f3 e7e6 d2d4 c5d4 f3d4 b8c6 b1c3 a7a6 c1e3,3,English Attack,sharp,Be3 setup against the Taimanov.,,,
B.Sic.Kan.Mar,"Sicilian Kan, Maróczy Bind",B41,B.Sic.Kan,e2e4 c7c5 g1f3 e7e6 d2d4 c5d4 f3d4 a7a6 c2c4,3,Maroczy Bind,closed,c4 bind against the Kan.,,,
B.Fre.Adv.Mil,"French Advance, Milner-Barry",C02,B.Fre.Adv,e2e4 e7e6 d2d4 d7d5 e4e5 c7c5 c2c3 b8c6 g1f3 d8b6 f1d3,3,Milner-Barry Gambit,gambit|sharp,Bd3 gambit idea in the Advance French.,,,
B.Fre.Win.Psn,"French Winawer, Poisoned Pawn",C18,B.Fre.Win,e2e4 e7e6 d2d4 d7d5 b1c3 f8b4 e4e5 c7c5 a2a3 b4c3 b2c3 g8e7 d1g4,3,Poisoned Pawn Variation,sharp|theoretical,Qg4 pressure in the Winawer.,,,
B.Fre.Tar.Ope,"French Tarrasch, Open",C07|C08,B.Fre.Tar,e2e4 e7e6 d2d4 d7d5 b1d2 c7c5,3,Open Tarrasch,,3.Nd2 c5 immediate central challenge.,,,
B.Fre.Tar.Cls,"French Tarrasch, Closed",C03|C04|C05|C06,B.Fre.Tar,e2e4 e7e6 d2d4 d7d5 b1d2 g8f6,3,Closed Tarrasch,closed,3.Nd2 Nf6 without immediate ...c5.,,,
B.CaK.Adv.Sht,"Caro-Kann Advance, Short",B12,B.CaK.Adv,e2e4 c7c6 d2d4 d7d5 e4e5 c8f5 g1f3 e7e6 f1e2,3,Short Variation,closed,Nf3/Be2 setup in the Advance Caro-Kann.,,,
B.CaK.Adv.Tal,"Caro-Kann Advance, Tal",B12,B.CaK.Adv,e2e4 c7c6 d2d4 d7d5 e4e5 c8f5 h2h4,3,Tal Variation,sharp,Early h4 against ...Bf5 in the Advance Caro-Kann.,,,
B.CaK.Tar,"Caro-Kann, Tartakower",B15,B.CaK,e2e4 c7c6 d2d4 d7d5 b1c3 d5e4 c3e4 g8f6 e4f6 e7f6,2,Tartakower Variation,closed,4...Nf6 5.Nxf6+ exf6 structure.,,,
B.CaK.Gur,"Caro-Kann, Gurgenidze",B15,B.CaK,e2e4 c7c6 d2d4 d7d5 b1c3 g7g6,2,Gurgenidze System,closed,...g6 system against 3.Nc3.,,,
B.Ale.Mod,"Alekhine, Modern",B04,B.Ale,e2e4 g8f6 e4e5 f6d5 d2d4 d7d6 g1f3,2,Modern Variation,,4.Nf3 main development against Alekhine.,,,
B.Ale.Chs,"Alekhine, Chase",B03,B.Ale,e2e4 g8f6 e4e5 f6d5 c2c4 d5b6 c4c5,2,Chase Variation,sharp,c5 chase against the Alekhine knight.,,,
B.Ale.Bal,"Alekhine, Balogh",B02,B.Ale,e2e4 g8f6 e4e5 f6d5 d2d4 d7d6 f1c4,2,Balogh Variation,,Bc4 development against Alekhine structures.,,,
B.Pir.Cze,"Pirc, Czech Defence",B07,B.Pir,e2e4 d7d6 d2d4 g8f6 b1c3 c7c6,2,Czech Defence,closed,...c6 solid Pirc setup.,,,
B.Mod.Tig,"Modern Defence, Tiger's Modern",B06,B.Mod,e2e4 g7g6 d2d4 f8g7 b1c3 d7d6 f2f4 a7a6,2,Tiger Modern,sharp,...a6 Modern setup against the Austrian-style centre.,,,
B.Mod.Pte,"Modern Defence, Pterodactyl",B06,B.Mod,e2e4 g7g6 d2d4 f8g7 c2c4 c7c5 g1f3 d8a5,2,Pterodactyl Variation,sharp,...c5 and ...Qa5 pressure in Modern structures.,,,
C.RyL.Ber.Rio,"Ruy López Berlin, Rio de Janeiro",C67,C.RyL.Ber,e2e4 e7e5 g1f3 b8c6 f1b5 g8f6 e1g1 f6e4 d2d4 f8e7,3,Rio de Janeiro Variation,,...Be7 after the Open Berlin capture.,,,
C.RyL.Exc.Alk,"Ruy López Exchange, Alekhine",C68,C.RyL.Exc,e2e4 e7e5 g1f3 b8c6 f1b5 a7a6 b5c6 d7c6 d2d4 e5d4 d1d4 d8d4 f3d4 f8d6,3,Alekhine Variation,closed,Queen exchange line in the Exchange Spanish.,,,
C.RyL.Mor.Opn.Dil,"Ruy López Open, Dilworth",C82,C.RyL.Mor.Opn,e2e4 e7e5 g1f3 b8c6 f1b5 a7a6 b5a4 g8f6 e1g1 f6e4 d2d4 b7b5 a4b3 d7d5 d4e5 c8e6 c2c3 f8c5 b1d2 e8g8 b3c2 e4f2,4,Dilworth Variation,sharp,Open Spanish line with ...Nxf2 sacrifice.,,,
C.RyL.Mor.Opn.Hwl,"Ruy López Open, Howell Attack",C81,C.RyL.Mor.Opn,e2e4 e7e5 g1f3 b8c6 f1b5 a7a6 b5a4 g8f6 e1g1 f6e4 d2d4 b7b5 a4b3 d7d5 d4e5 c8e6 d1e2,4,Howell Attack,,Qe2 in the Open Spanish.,,,
C.RyL.Mor.Opn.Rig,"Ruy López Open, Riga",C80,C.RyL.Mor.Opn,e2e4 e7e5 g1f3 b8c6 f1b5 a7a6 b5a4 g8f6 e1g1 f6e4 d2d4 e5d4,4,Riga Variation,sharp,...exd4 branch in the Open Spanish.,,,
C.RyL.Mor.StD.Sie,"Ruy López Modern Steinitz, Siesta",C74,C.RyL.Mor.StD,e2e4 e7e5 g1f3 b8c6 f1b5 a7a6 b5a4 d7d6 c2c3 f7f5,4,Siesta Variation,sharp,...f5 break in the Modern Steinitz.,,,
C.RyL.Mor.ClD,"Ruy López Morphy, Classical Deferred",C70,C.RyL.Mor,e2e4 e7e5 g1f3 b8c6 f1b5 a7a6 b5a4 f8c5,3,Classical Defence Deferred,,...Bc5 after ...a6.,,,
C.RyL.Mor.Fch,"Ruy López Morphy, Fianchetto Deferred",C70,C.RyL.Mor,e2e4 e7e5 g1f3 b8c6 f1b5 a7a6 b5a4 g7g6,3,Fianchetto Defence Deferred,closed,...g6 after ...a6 in the Ruy López.,,,
C.RyL.Mor.Car,"Ruy López Morphy, Caro Variation",C70,C.RyL.Mor,e2e4 e7e5 g1f3 b8c6 f1b5 a7a6 b5a4 b7b5,3,Caro Variation,sharp,...b5 immediately after Ba4.,,,
C.Ita.Giu.Grc,"Italian Giuoco Piano, Greco Gambit",C54,C.Ita.Giu,e2e4 e7e5 g1f3 b8c6 f1c4 f8c5 c2c3 g8f6 d2d4 e5d4 e4e5,3,Greco Gambit,sharp,e5 thrust in the Classical Italian.,,,
C.Ita.Two.Ng5.Frt,"Two Knights, Fritz Variation",C57,C.Ita.Two.Ng5,e2e4 e7e5 g1f3 b8c6 f1c4 g8f6 f3g5 d7d5 e4d5 c6d4,4,Fritz Variation,sharp,5...Nd4 counterplay against the Knight Attack family.,,,
C.Ita.Two.Ng5.Lol,"Two Knights, Lolli Attack",C57,C.Ita.Two.Ng5,e2e4 e7e5 g1f3 b8c6 f1c4 g8f6 f3g5 d7d5 e4d5 f6d5 d2d4,4,Lolli Attack,sharp,d4 after 5...Nxd5.,,,
C.KGm.Acc.Kie,"King's Gambit Accepted, Kieseritzky",C39,C.KGm.Acc,e2e4 e7e5 f2f4 e5f4 g1f3 g7g5 h2h4 g5g4 f3e5,3,Kieseritzky Gambit,sharp,Ne5 in the main King's Gambit Accepted complex.,,,
C.KGm.Acc.Muz,"King's Gambit Accepted, Muzio",C37,C.KGm.Acc,e2e4 e7e5 f2f4 e5f4 g1f3 g7g5 f1c4 g5g4 e1g1,3,Muzio Gambit,gambit|sharp,Castling sacrifice after ...g4.,,,
C.KGm.Acc.Bsh,"King's Gambit Accepted, Bishop's Gambit",C33,C.KGm.Acc,e2e4 e7e5 f2f4 e5f4 f1c4,3,Bishop's Gambit,gambit,3.Bc4 instead of Nf3.,,,
C.KGm.Acc.All,"King's Gambit Accepted, Allgaier",C39,C.KGm.Acc,e2e4 e7e5 f2f4 e5f4 g1f3 g7g5 h2h4 g5g4 f3g5,3,Allgaier Gambit,gambit|sharp,Ng5 sacrifice line in the King's Gambit Accepted.,,,
C.KGm.Dec.Fal,"King's Gambit Declined, Falkbeer",C31,C.KGm.Dec,e2e4 e7e5 f2f4 d7d5,3,Falkbeer Countergambit,gambit|sharp,2...d5 countergambit against the King's Gambit.,,,
C.Sco.Pot,"Scotch, Potter Variation",C45,C.Sco,e2e4 e7e5 g1f3 b8c6 d2d4 e5d4 f3d4 f8c5 c1e3 d8f6 c2c3,2,Potter Variation,,Be3/c3 setup in the Classical Scotch.,,,
C.Sco.Gor.Dbl,"Scotch Göring, Double Pawn Sacrifice",C44,C.Sco.Gor,e2e4 e7e5 g1f3 b8c6 d2d4 e5d4 c2c3 d4c3 f1c4,3,Double Pawn Sacrifice,gambit|sharp,Bc4 after ...dxc3 in the Göring Gambit.,,,
C.Vie.Gbt.Fal,"Vienna Gambit, Falkbeer Defence",C29,C.Vie.Gbt,e2e4 e7e5 b1c3 g8f6 f2f4 d7d5,3,Falkbeer Defence,sharp,...d5 reply to the Vienna Gambit.,,,
C.Vie.Gbt.Hmp,"Vienna Gambit, Hamppe-Muzio",C25,C.Vie.Gbt,e2e4 e7e5 b1c3 g8f6 f2f4 e5f4 g1f3 g7g5 h2h4,3,Hamppe-Muzio Gambit,gambit|sharp,h4 sacrifice ideas in the Vienna Gambit.,,,
C.Vie.Cls,"Vienna, Classical",C25|C26,C.Vie,e2e4 e7e5 b1c3 g8f6 f1c4,2,Classical Vienna,,Bc4 development in the Vienna Game.,,,
C.Fou.Sco.Bel,"Four Knights Scotch, Belgrade Gambit",C47,C.Fou.Sco,e2e4 e7e5 g1f3 b8c6 b1c3 g8f6 d2d4 e5d4 c3d5,3,Belgrade Gambit,gambit|sharp,Nd5 gambit in the Scotch Four Knights.,,,
C.Fou.Spa.Dbl,"Four Knights Spanish, Double Spanish",C49,C.Fou.Spa,e2e4 e7e5 g1f3 b8c6 b1c3 g8f6 f1b5 f8b4,3,Double Spanish,closed,Symmetrical Bb5/...Bb4 Four Knights line.,,,
C.Fou.Spa.Cls,"Four Knights Spanish, Classical",C48,C.Fou.Spa,e2e4 e7e5 g1f3 b8c6 b1c3 g8f6 f1b5 f8c5,3,Classical Variation,,...Bc5 against the Spanish Four Knights.,,,
D.QGD.Jan,"QGD, Janowski",D31,D.QGD,d2d4 d7d5 c2c4 e7e6 b1c3 a7a6,2,Janowski Variation,,Early ...a6 against the Queen's Gambit Declined.,,,
A.Kad,Kadas Opening,A00,A,h2h4,1,,,1.h4 flank opening.,,,
A.War,Ware Opening,A00,A,a2a4,1,,,1.a4 flank opening.,,,
A.VtK,Van't Kruijs Opening,A00,A,e2e3,1,,,1.e3 flexible flank/queen-pawn opening.,,,
A.Mie,Mieses Opening,A00,A,d2d3,1,,,1.d3 flexible opening.,,,
A.And,Anderssen's Opening,A00,A,a2a3,1,,,1.a3 waiting flank opening.,,,
A.Clm,Clemenz Opening,A00,A,h2h3,1,,,1.h3 waiting flank opening.,,,
A.Ama,Amar Opening,A00,A,g1h3,1,,,1.Nh3 irregular knight opening.,,,
A.Sod,Sodium Attack,A00,A,b1a3,1,,,1.Na3 irregular knight opening.,,,
A.Eng.Org,English Orangutan,A15,A.Eng,c2c4 g8f6 b2b4,2,English Orangutan,sharp,English Opening with early b4.,,,
A.Owe.Eng,English Defence,A40,A.Owe,d2d4 b7b6 c2c4 e7e6,2,English Defence,closed,1.d4 b6 with ...e6 against queen-pawn setups.,,,
A.Mik,Mikenas Defence,A40,A,d2d4 b8c6,1,Mikenas Defense,,1.d4 Nc6 independent queen-pawn defence.,,,
A.Hor,Horwitz Defence,A40,A,d2d4 e7e6,1,Horwitz Defense,,1.d4 e6 flexible queen-pawn defence.,,,
A.Kan,Kangaroo Defence,A40,A,d2d4 e7e6 c2c4 f8b4,1,Kangaroo Defence,,...Bb4+ after d4/c4/e6.,,,
A.Egl,Englund Gambit,A40,A,d2d4 e7e5,1,Englund Gambit,gambit|sharp,1.d4 e5 gambit.,,,
A.Egl.Dec,"Englund Gambit, Declined",A40,A.Egl,d2d4 e7e5 d4d5,2,Englund Gambit Declined,closed,White declines the Englund by advancing d5.,,,
D.QPG,Queen's Pawn Game,D00,D,d2d4 d7d5,1,,,1.d4 d5 without immediate c4 commitment.,,,
D.QPG.Ama,Amazon Attack,D00,D.QPG,d2d4 d7d5 d1d3,2,Amazon Attack,,Qd3 system in the Queen's Pawn Game.,,,
D.QPG.Lev,Levitsky Attack,D00,D.QPG,d2d4 d7d5 c1g5,2,Levitsky Attack,sharp,Bg5 system against 1...d5.,,,
D.Bgm.Acc,"Blackmar-Diemer Gambit, Accepted",D00,D.Bgm,d2d4 d7d5 e2e4 d5e4 b1c3 g8f6 f2f3 e4f3,2,BDG Accepted,gambit|sharp,Accepted Blackmar-Diemer with ...exf3.,,,
D.Bgm.Dec,"Blackmar-Diemer Gambit, Declined",D00,D.Bgm,d2d4 d7d5 e2e4 d5e4 b1c3 g8f6 f2f3 c7c5,2,BDG Declined,gambit|sharp,...c5 declining the main accepted structure.,,,
D.Rub,Rubinstein Opening,D05,D,d2d4 g8f6 g1f3 e7e6 e2e3 c7c5 f1d3 d7d5 b2b3,1,,,d4/Nf3/e3/Bd3/b3 queen-pawn setup.,,,
D.Chi.Jan,"Chigorin Defence, Janowski",D07,D.Chi,d2d4 d7d5 c2c4 b8c6 b1c3 d5c4,2,Janowski Variation,sharp,...dxc4 in the Chigorin Defence.,,,
C.Thr,Three Knights Opening,C46,C,e2e4 e7e5 g1f3 b8c6 b1c3,1,,,Three knights developed before Black commits ...Nf6.,,,
C.Thr.Stn,"Three Knights, Steinitz",C46,C.Thr,e2e4 e7e5 g1f3 b8c6 b1c3 g7g6,2,Steinitz Defence,closed,...g6 against the Three Knights.,,,
C.Ele,Elephant Gambit,C40,C,e2e4 e7e5 g1f3 d7d5,1,Elephant Gambit,gambit|sharp,2...d5 countergambit.,,,
C.Dam,Damiano Defence,C40,C,e2e4 e7e5 g1f3 f7f6,1,Damiano Defence,,2...f6 old Open Game defence.,,,
C.Cen.Dsh.Acc,"Danish Gambit, Accepted",C21,C.Cen.Dsh,e2e4 e7e5 d2d4 e5d4 c2c3 d4c3,3,Danish Gambit Accepted,gambit|sharp,Black accepts the Danish with ...dxc3.,,,
C.LtO.Acc,"Latvian Gambit, Accepted",C40,C.LtO,e2e4 e7e5 g1f3 f7f5 e4f5,2,Latvian Gambit Accepted,gambit|sharp,White accepts with exf5.,,,
C.KPO,King's Pawn Game,C20,C,e2e4 e7e5,1,King's Pawn Opening,,1.e4 e5 root for Open Games without a developed subfamily.,,,
C.KPO.Nap,Napoleon Opening,C20,C.KPO,e2e4 e7e5 d1f3,2,Napoleon Opening,,2.Qf3 in the King's Pawn Game.,,,
C.KPO.Prt,Portuguese Opening,C20,C.KPO,e2e4 e7e5 f1b5,2,Portuguese Opening,,2.Bb5 before Nf3/Nc6.,,,
C.KPO.Kgt,King's Knight Opening,C40,C.KPO,e2e4 e7e5 g1f3,2,King's Knight Opening,,2.Nf3 before Black's second move defines a family.,,,
B.Brg,Borg Defence,B00,B,e2e4 g7g5,1,Borg Defense|Grob Defence,sharp,1.e4 g5 offbeat response.,,,
B.StG,St. George Defence,B00,B,e2e4 a7a6,1,St. George Defense,,1.e4 a6.,,,
B.Lio,Lion Defence,B00,B,e2e4 d7d6 d2d4 g8f6 f2f3,1,Lion Defense,closed,...d6/...Nf6 setup with f3 structures.,,,
B.Rat,Rat Defence,B00,B,e2e4 d7d6 d2d4 e7e6,1,Rat Defense,closed,...d6/...e6 small-centre defence.,,,
B.Car,Carr Defence,B00,B,e2e4 h7h6,1,Carr Defense,,1.e4 h6.,,,
B.Gld,Goldsmith Defence,B00,B,e2e4 h7h5,1,Goldsmith Defense,,1.e4 h5.,,,
B.Hip,Hippopotamus Defence,B00,B,e2e4 g8h6,1,Hippopotamus Defense,,1.e4 Nh6 offbeat development.,,,
B.War,Ware Defence,B00,B,e2e4 a7a5,1,Ware Defense,,1.e4 a5.,,,
B.OwM.Eng,"Owen's Modern, English Defence Setup",B00,B.OwM,e2e4 b7b6 d2d4 c8b7,2,Owen Defence,,Owen's Defence with ...Bb7 against e4/d4.,,,
E.Blf,Blumenfeld Countergambit,E10,E,d2d4 g8f6 c2c4 e7e6 g1f3 c7c5 d4d5 b7b5,1,Blumenfeld Countergambit,gambit|sharp,...b5 gambit against d5/c4 structures.,,,
E.Blf.Acc,"Blumenfeld Countergambit, Accepted",E10,E.Blf,d2d4 g8f6 c2c4 e7e6 g1f3 c7c5 d4d5 b7b5 d5e6 f7e6 c4b5,2,Blumenfeld Accepted,gambit|sharp,Accepted Blumenfeld structure.,,,
E.Gru.Neo,Neo-Grunfeld Defence,D70|D71|D72|D73|D74|D75|D76|D77|D78|D79,E.Gru,d2d4 g8f6 c2c4 g7g6 g2g3 d7d5,2,Neo-Gruenfeld|Neo-Grunfeld,closed,Fianchetto move-order into Grunfeld structures.,,,
A.Ben.Bnk.Acc,"Benko Gambit, Accepted",A57|A58,A.Ben.Bnk,d2d4 g8f6 c2c4 c7c5 d4d5 b7b5 c4b5 a7a6,3,Benko Accepted|Volga Accepted,gambit|sharp,White accepts the Benko/Volga pawn sacrifice.,,,
A.Ben.Bnk.Dec,"Benko Gambit, Declined",A57,A.Ben.Bnk,d2d4 g8f6 c2c4 c7c5 d4d5 b7b5 c1g5,3,Benko Declined,gambit|sharp,Declined Benko with Bg5.,,,
E.Gru.Brn.Nad,"Grunfeld Brinckmann, Nadanian",D80,E.Gru.Brn,d2d4 g8f6 c2c4 g7g6 b1c3 d7d5 c1f4 f8g7 e2e3 e8g8 h2h4,3,Nadanian Attack,sharp,h4 expansion in Brinckmann Grunfeld structures.,,,
D.QGA.Old,"QGA, Old Variation",D20,D.QGA,d2d4 d7d5 c2c4 d5c4 e2e3 e7e5,2,Old Variation,,...e5 after e3 in the Queen's Gambit Accepted.,,,
D.QGA.Ale,"QGA, Alekhine System",D20,D.QGA,d2d4 d7d5 c2c4 d5c4 e2e4 g8f6 e4e5 f6d5,2,Alekhine System,sharp,e5 chase against ...Nf6 in the QGA.,,,
D.QGA.Flo,"QGA, Flohr Variation",D20,D.QGA,d2d4 d7d5 c2c4 d5c4 e2e4 c7c5 d4d5 g8f6 b1c3 b7b5,2,Flohr Variation,sharp,...c5 and ...b5 counterplay against e4/d5.,,,
D.QGA.Bog,"QGA, Bogoljubow Defence",D24,D.QGA,d2d4 d7d5 c2c4 d5c4 g1f3 g8f6 e2e3 c8e6,2,Bogoljubow Defence,,...Be6 development against Nf3/e3 QGA.,,,
D.Sla.Sch,"Slav, Schlechter Variation",D10,D.Sla,d2d4 d7d5 c2c4 c7c6 b1c3 g8f6 e2e3 g7g6,2,Schlechter Variation,closed,...g6 setup in the Slav.,,,
D.Sla.Qui,"Slav, Quiet Variation",D10,D.Sla,d2d4 d7d5 c2c4 c7c6 g1f3 g8f6 e2e3 c8f5,2,Quiet Variation,closed,Nf3/e3 development against the Slav.,,,
D.Sla.Cze,"Slav, Czech Variation",D17,D.Sla,d2d4 d7d5 c2c4 c7c6 g1f3 g8f6 b1c3 d5c4 a2a4 c8f5 e2e3,2,Czech Variation,,...Bf5 after ...dxc4 and a4/e3.,,,
D.Sla.Stn,"Slav, Steiner Variation",D10,D.Sla,d2d4 d7d5 c2c4 c7c6 b1c3 g8f6 e2e3 c8f5,2,Steiner Variation,,...Bf5 against early e3 in the Slav.,,,
D.Sem.Not,"Semi-Slav, Noteboom",D31,D.Sem,d2d4 d7d5 c2c4 c7c6 g1f3 g8f6 b1c3 e7e6 e2e3 d5c4,2,Noteboom Variation,sharp,...dxc4 in the Semi-Slav structure.,,,
D.Sem.Mer.Rab,"Semi-Slav Meran, Rabinovich",D48,D.Sem.Mer,d2d4 d7d5 c2c4 c7c6 g1f3 g8f6 b1c3 e7e6 e2e3 b8d7 f1d3 d5c4 d3c4 b7b5 c4d3 a7a6,3,Rabinovich Variation,sharp,Bd3 retreat and ...a6 in the Meran.,,,
D.Sem.Mer.Lun,"Semi-Slav Meran, Lundin",D48,D.Sem.Mer,d2d4 d7d5 c2c4 c7c6 g1f3 g8f6 b1c3 e7e6 e2e3 b8d7 f1d3 d5c4 d3c4 b7b5 c4d3 c8b7 e3e4,3,Lundin Variation,sharp,e4 centre break after ...Bb7.,,,
D.Sem.Mos.Mos,"Semi-Slav Moscow, Main Line",D43,D.Sem.Mos,d2d4 d7d5 c2c4 c7c6 g1f3 g8f6 b1c3 e7e6 c1g5 h7h6 g5f6 d8f6,3,Moscow Main Line,,Bxf6 main-line Moscow structure.,,,
D.Sem.Mos.AMo,"Semi-Slav Moscow, Anti-Moscow",D43|D44,D.Sem.Mos,d2d4 d7d5 c2c4 c7c6 g1f3 g8f6 b1c3 e7e6 c1g5 h7h6 g5h4 d5c4 e2e4 g7g5 h4g3 b7b5,3,Anti-Moscow Gambit,gambit|sharp,Bh4 and e4 after ...dxc4/...g5.,,,
D.QGD.Ort.Rub,"QGD Orthodox, Rubinstein Attack",D60,D.QGD.Ort,d2d4 d7d5 c2c4 e7e6 b1c3 g8f6 c1g5 f8e7 e2e3 b8d7 g1f3 e8g8 f1d3 c7c5,3,Rubinstein Attack,,Bd3 development against the Orthodox QGD.,,,
D.QGD.Ort.Cap,"QGD Orthodox, Capablanca System",D63,D.QGD.Ort,d2d4 d7d5 c2c4 e7e6 b1c3 g8f6 c1g5 f8e7 e2e3 b8d7 g1f3 e8g8 a1c1 c7c6 f1d3 d5c4,3,Capablanca System,closed,Rc1 and ...c6/...dxc4 in the Orthodox QGD.,,,
D.QGD.Exc.Car,"QGD Exchange, Carlsbad",D35,D.QGD.Exc,d2d4 d7d5 c2c4 e7e6 b1c3 g8f6 c4d5 e6d5 c1g5 c7c6 e2e3 f8e7,3,Carlsbad Structure,closed,Exchange QGD with the classic Carlsbad pawn structure.,,,
D.QGD.Exc.Min,"QGD Exchange, Minority Attack",D36,D.QGD.Exc,d2d4 d7d5 c2c4 e7e6 b1c3 g8f6 c4d5 e6d5 c1g5 f8e7 e2e3 e8g8 f1d3 c7c6 d1c2,3,Minority Attack,closed,Qc2/Bd3 setup supporting the queenside minority plan.,,,
D.Cat.Ope.Yug,"Catalan Open, Yugoslav Variation",E04,D.Cat.Ope,d2d4 d7d5 c2c4 e7e6 g1f3 g8f6 g2g3 d5c4 f1g2 a7a6 e1g1 b8c6,3,Yugoslav Variation,closed,...a6 and ...Nc6 in the Open Catalan.,,,
D.Cat.Ope.Bb4,"Catalan Open, Bb4+ Line",E04,D.Cat.Ope,d2d4 d7d5 c2c4 e7e6 g1f3 g8f6 g2g3 d5c4 f1g2 f8b4 c1d2,3,Bb4+ Line,,Open Catalan check with ...Bb4+ and Bd2.,,,
D.Cat.Cls.Kor,"Catalan Closed, Korchnoi System",E08,D.Cat.Cls,d2d4 d7d5 c2c4 e7e6 g1f3 g8f6 g2g3 f8e7 f1g2 e8g8 e1g1 b8d7 b1c3 c7c6,3,Korchnoi System,closed,Nc3 and ...c6 in the Closed Catalan.,,,
D.Tar.HSc,"Tarrasch, Hennig-Schara Gambit",D32,D.Tar,d2d4 d7d5 c2c4 e7e6 b1c3 c7c5 c4d5 c5d4,2,Hennig-Schara Gambit,gambit|sharp,...cxd4 countergambit in Tarrasch structures.,,,
D.STa.Kmo,"Semi-Tarrasch, Kmoch Variation",D41,D.STa,d2d4 d7d5 c2c4 e7e6 b1c3 g8f6 g1f3 c7c5 c4d5 f6d5 e2e4 d5c3 b2c3 c5d4,2,Kmoch Variation,sharp,e4 and ...Nxc3 in the Semi-Tarrasch.,,,
E.KID.Cls.Bol,"KID Classical, Boleslavsky Variation",E94,E.KID.Cls,d2d4 g8f6 c2c4 g7g6 b1c3 f8g7 e2e4 d7d6 g1f3 e8g8 f1e2 e7e5 e1g1 a7a5,3,Boleslavsky Variation,closed,...a5 restraining queenside expansion in the Classical KID.,,,
E.KID.Cls.Ort,"KID Classical, Orthodox Line",E94|E95,E.KID.Cls,d2d4 g8f6 c2c4 g7g6 b1c3 f8g7 e2e4 d7d6 g1f3 e8g8 f1e2 e7e5 e1g1 b8c6,3,Orthodox Line,closed,Classical KID with Be2/O-O and ...Nc6.,,,
E.KID.Cls.Arb,"KID Classical, Aronin-Taimanov",E97,E.KID.Cls,d2d4 g8f6 c2c4 g7g6 b1c3 f8g7 e2e4 d7d6 g1f3 e8g8 f1e2 e7e5 e1g1 b8c6 c1e3,3,Aronin-Taimanov System,closed,Be3 development after the Orthodox Classical setup.,,,
E.KID.Sml.Bob,"KID Saemisch, Bobotsov-Korchnoi",E84,E.KID.Sml,d2d4 g8f6 c2c4 g7g6 b1c3 f8g7 e2e4 d7d6 f2f3 e8g8 c1e3 b8c6 g1e2 a8b8,3,Bobotsov-Korchnoi Variation,sharp,...Rb8 pressure against the Saemisch.,,,
E.KID.Sml.Krs,"KID Saemisch, Keres Attack",E80,E.KID.Sml,d2d4 g8f6 c2c4 g7g6 b1c3 f8g7 e2e4 d7d6 f2f3 e8g8 h2h4,3,Keres Attack,sharp,h4 expansion in the Saemisch KID.,,,
E.KID.Fch.Sim,"KID Fianchetto, Simagin System",E62,E.KID.Fch,d2d4 g8f6 c2c4 g7g6 b1c3 f8g7 g1f3 e8g8 g2g3 d7d6 f1g2 b8c6 e1g1 e7e5,3,Simagin System,closed,...Nc6 and ...e5 against the Fianchetto KID.,,,
E.KID.Fch.Kav,"KID Fianchetto, Kavalek System",E62,E.KID.Fch,d2d4 g8f6 c2c4 g7g6 b1c3 f8g7 g1f3 e8g8 g2g3 d7d6 f1g2 b8d7 e1g1 e7e5,3,Kavalek System,closed,...Nbd7 and ...e5 against the Fianchetto KID.,,,
E.KID.Avk.Fle,"KID Averbakh, Flexible Defence",E73,E.KID.Avk,d2d4 g8f6 c2c4 g7g6 b1c3 f8g7 e2e4 d7d6 f1e2 e8g8 c1g5 h7h6 g5e3,3,Flexible Defence,closed,...h6 and Be3 retreat in the Averbakh.,,,
E.Nim.Rub.Flo,"Nimzo Rubinstein, Flohr Variation",E40,E.Nim.Rub,d2d4 g8f6 c2c4 e7e6 b1c3 f8b4 e2e3 b7b6 g1e2 c8a6,3,Flohr Variation,closed,...b6 and ...Ba6 against Rubinstein/Ne2 structures.,,,
E.Nim.Rub.Res,"Nimzo Rubinstein, Reshevsky Variation",E46,E.Nim.Rub,d2d4 g8f6 c2c4 e7e6 b1c3 f8b4 e2e3 g1f3 d7d5 f1d3 c7c5 e1g1,3,Reshevsky Variation,closed,Bd3/O-O Rubinstein development.,,,
E.Nim.Rub.Kmo,"Nimzo Rubinstein, Kmoch Variation",E40,E.Nim.Rub,d2d4 g8f6 c2c4 e7e6 b1c3 f8b4 e2e3 f2f3 d7d5 a2a3 b4c3 b2c3 c7c5,3,Kmoch Variation,sharp,f3/a3 structure in the Rubinstein Nimzo.,,,
E.Nim.Cls.Noa,"Nimzo Classical, Noa Variation",E34,E.Nim.Cls,d2d4 g8f6 c2c4 e7e6 b1c3 f8b4 d1c2 d7d5 a2a3 b4c3 c2c3,3,Noa Variation,closed,Qxc3 recapture in the Classical Nimzo.,,,
E.Nim.Cls.Bot,"Nimzo Classical, Botvinnik Variation",E32,E.Nim.Cls,d2d4 g8f6 c2c4 e7e6 b1c3 f8b4 d1c2 c7c5 d4c5 e8g8 a2a3 b4c5,3,Botvinnik Variation,sharp,dxc5 and ...Bxc5 in the Classical Nimzo.,,,
E.Nim.Cls.Mil,"Nimzo Classical, Milner-Barry Variation",E33,E.Nim.Cls,d2d4 g8f6 c2c4 e7e6 b1c3 f8b4 d1c2 b7b6 e2e4 c8b7 f1d3,3,Milner-Barry Variation,sharp,e4 centre build against ...b6.,,,
E.Nim.Sml.Kmo,"Nimzo Saemisch, Kmoch Variation",E26,E.Nim.Sml,d2d4 g8f6 c2c4 e7e6 b1c3 f8b4 a2a3 b4c3 b2c3 c7c5 f2f3 d7d5,3,Kmoch Variation,sharp,f3 and ...d5 against the Saemisch structure.,,,
E.QID.Pet.Kas,"QID Petrosian, Kasparov Variation",E12,E.QID.Pet,d2d4 g8f6 c2c4 e7e6 g1f3 b7b6 a2a3 c8a6 d1c2 c7c5,3,Kasparov Variation,sharp,...Ba6 and ...c5 against the Petrosian QID.,,,
E.QID.Mod.Fch,"QID Modern, Fianchetto Line",E15,E.QID.Mod,d2d4 g8f6 c2c4 e7e6 g1f3 b7b6 g2g3 c8b7 f1g2 f8e7 e1g1 e8g8,3,Fianchetto Line,closed,Bg2/Be7/O-O Modern Queen's Indian.,,,
E.QID.Euw,"QID, Euwe Variation",E17,E.QID,d2d4 g8f6 c2c4 e7e6 g1f3 b7b6 e2e3 c8b7 f1d3,2,Euwe Variation,closed,e3/Bd3 setup against the Queen's Indian.,,,
E.Bog.Rom,"Bogo-Indian, Romanishin Variation",E11,E.Bog,d2d4 g8f6 c2c4 e7e6 g1f3 f8b4 c1d2 b4d2 d1d2 d7d6,2,Romanishin Variation,closed,Qxd2 recapture followed by ...d6.,,,
E.Bog.Ret.Fch,"Bogo-Indian Retreat, Fianchetto Line",E11,E.Bog.Ret,d2d4 g8f6 c2c4 e7e6 g1f3 f8b4 c1d2 b4e7 g2g3,3,Fianchetto Line,closed,g3 after the Bogo-Indian bishop retreat.,,,
E.OldI.Cls,"Old Indian, Classical",A54,E.OldI,d2d4 g8f6 c2c4 d7d6 b1c3 e7e5 g1f3 b8d7,2,Classical Variation,closed,...e5 and ...Nbd7 in the Old Indian.,,,
E.OldI.Jan,"Old Indian, Janowski Variation",A53,E.OldI,d2d4 g8f6 c2c4 d7d6 b1c3 c8f5,2,Janowski Variation,,...Bf5 development in the Old Indian.,,,
E.Gru.Rus.Prz,"Grunfeld Russian, Prins Variation",D97,E.Gru.Rus,d2d4 g8f6 c2c4 g7g6 b1c3 d7d5 g1f3 f8g7 d1b3 d5c4 b3c4 e8g8,3,Prins Variation,closed,Qxc4 and ...O-O in the Russian Grunfeld.,,,
E.Gru.Rus.Szs,"Grunfeld Russian, Szabo Variation",D97,E.Gru.Rus,d2d4 g8f6 c2c4 g7g6 b1c3 d7d5 g1f3 f8g7 d1b3 d5c4 b3c4 c7c6,3,Szabo Variation,closed,...c6 against the Russian Grunfeld.,,,
E.Gru.Exc.SeV,"Grunfeld Exchange, Seville Variation",D87,E.Gru.Exc,d2d4 g8f6 c2c4 g7g6 b1c3 d7d5 c4d5 f6d5 e2e4 d5c3 b2c3 f8g7,3,Seville Variation,sharp,Nxc3 and ...Bg7 in the Exchange Grunfeld.,,,
E.Gru.Exc.Mod,"Grunfeld Exchange, Modern Exchange",D85,E.Gru.Exc,d2d4 g8f6 c2c4 g7g6 b1c3 d7d5 c4d5 f6d5 e2e4 f8g7 g1f3,3,Modern Exchange,sharp,Nf3 development in the Exchange Grunfeld.,,,
E.Gru.Fch.Pac,"Grunfeld Fianchetto, Pachman System",D78,E.Gru.Fch,d2d4 g8f6 c2c4 g7g6 b1c3 d7d5 g1f3 f8g7 g2g3 e8g8 f1g2 c7c6,3,Pachman System,closed,...c6 against the Fianchetto Grunfeld.,,,
E.Blf.Dec,"Blumenfeld Countergambit, Declined",E10,E.Blf,d2d4 g8f6 c2c4 e7e6 g1f3 c7c5 d4d5 b7b5 c1g5,2,Blumenfeld Declined,gambit|sharp,Bg5 decline against the Blumenfeld pawn sacrifice.,,,
A.Pol.Cen,"Polish Opening, with ...d5",A00,A.Pol,b2b4 d7d5,2,Polish with d5,,Black occupies the centre against the Polish Opening.,,,
A.Pol.Bhm,"Polish Opening, Birmingham Gambit",A00,A.Pol,b2b4 c7c5,2,Birmingham Gambit,gambit|sharp,...c5 countergambit against 1.b4.,,,
A.Pol.Cze,"Polish Opening, Czech Defence",A00,A.Pol,b2b4 e7e5 c1b2 d7d6,2,Czech Defense,,...e5 and ...d6 setup against the Polish.,,,
A.Gro.Gbt,"Grob Opening, Grob Gambit",A00,A.Gro,g2g4 d7d5 f1g2,2,Grob Gambit,gambit|sharp,Bg2 pressure against the d5 centre.,,,
A.Gro.Zil,"Grob Opening, Zilbermints Gambit",A00,A.Gro,g2g4 d7d5 e2e4 d5e4 b1c3,2,Zilbermints Gambit,gambit|sharp,e4 sacrifice against ...d5.,,,
A.Hng.Cat,"Hungarian Opening, Catalan Formation",A00,A.Hng,g2g3 d7d5 f1g2 e7e6,2,Catalan Formation,closed,g3/Bg2 against ...d5/...e6.,,,
A.Hng.Sic,"Hungarian Opening, Sicilian Invitation",A00,A.Hng,g2g3 c7c5,2,Sicilian Invitation,,1.g3 c5 move order.,,,
A.Van.ReN,"Van Geet Opening, Reversed Nimzowitsch",A00,A.Van,b1c3 e7e5,2,Reversed Nimzowitsch,,1.Nc3 e5 structure.,,,
A.Van.ReS,"Van Geet Opening, Reversed Scandinavian",A00,A.Van,b1c3 e7e5 d2d4 e5d4 d1d4 b8c6 d4a4,2,Reversed Scandinavian,,Queen recapture and Qa4 after ...Nc6.,,,
A.Van.Tub,"Van Geet Opening, Tubingen Gambit",A00,A.Van,b1c3 g8f6 g2g4,2,Tubingen Gambit,gambit|sharp,g4 gambit against ...Nf6.,,,
A.Bir.Dut,"Bird Opening, Dutch Variation",A03,A.Bir,f2f4 d7d5,2,Dutch Variation,,...d5 answer to Bird's Opening.,,,
A.Bir.Fro.Lsk,"From's Gambit, Lasker Variation",A02,A.Bir.Fro,f2f4 e7e5 f4e5 d7d6 e5d6 f8d6 g1f3 g7g5,3,Lasker Variation,gambit|sharp,...g5 attacking plan in From's Gambit.,,,
D.QPG.Lon,"Queen's Pawn Game, Accelerated London",D00,D.QPG,d2d4 d7d5 c1f4,2,Accelerated London System,closed,Bf4 before Nf3 in the Queen's Pawn Game.,,,
D.QPG.Chi,"Queen's Pawn Game, Chigorin Variation",D00,D.QPG,d2d4 d7d5 b1c3,2,Chigorin Variation,,2.Nc3 against 1...d5.,,,
D.QPG.Mas,"Queen's Pawn Game, Mason Attack",D00,D.QPG,d2d4 d7d5 f2f4,2,Mason Attack,closed,f4 Stonewall-adjacent queen-pawn setup.,,,
D.QPG.Sto,"Queen's Pawn Game, Stonewall Attack",D00,D.QPG,d2d4 d7d5 e2e3 g8f6 f1d3,2,Stonewall Attack,closed,e3/Bd3 queen-pawn system.,,,
D.QPG.Zuk,"Queen's Pawn Game, Zukertort Variation",D02,D.QPG,d2d4 d7d5 g1f3,2,Zukertort Variation,,Nf3 before c4 or system choice.,,,
D.QPG.Tor,"Queen's Pawn Game, Torre Attack",D03,D.QPG,d2d4 d7d5 g1f3 g8f6 c1g5,2,Torre Attack,closed,Bg5 Torre structure via 1...d5.,,,
D.Bgm.Acc.Bog,"Blackmar-Diemer Accepted, Bogoljubow Defence",D00,D.Bgm.Acc,d2d4 d7d5 e2e4 d5e4 b1c3 g8f6 f2f3 e4f3 g1f3 g7g6,3,Bogoljubow Defense,gambit|sharp,...g6 defence to the accepted BDG.,,,
D.Bgm.Acc.Euw,"Blackmar-Diemer Accepted, Euwe Defence",D00,D.Bgm.Acc,d2d4 d7d5 e2e4 d5e4 b1c3 g8f6 f2f3 e4f3 g1f3 e7e6,3,Euwe Defense,gambit|sharp,...e6 defence to the accepted BDG.,,,
D.Bgm.Acc.Tei,"Blackmar-Diemer Accepted, Teichmann Defence",D00,D.Bgm.Acc,d2d4 d7d5 e2e4 d5e4 b1c3 g8f6 f2f3 e4f3 g1f3 c8g4,3,Teichmann Defense,gambit|sharp,...Bg4 development against the accepted BDG.,,,
D.Chi.Exc,"Chigorin Defence, Exchange Variation",D07,D.Chi,d2d4 d7d5 c2c4 b8c6 c4d5 d8d5,2,Exchange Variation,,cxd5 and ...Qxd5 in the Chigorin Defence.,,,
D.Chi.Laz,"Chigorin Defence, Lazard Gambit",D07,D.Chi,d2d4 d7d5 c2c4 b8c6 g1f3 e7e5,2,Lazard Gambit,gambit|sharp,...e5 gambit against Nf3.,,,
D.Chi.MLn,"Chigorin Defence, Main Line",D07,D.Chi,d2d4 d7d5 c2c4 b8c6 g1f3 c8g4,2,Main Line,,...Bg4 development in the Chigorin Defence.,,,
D.Sla.Dim,"Slav, Diemer Gambit",D10,D.Sla,d2d4 d7d5 c2c4 c7c6 e2e4,2,Diemer Gambit,gambit|sharp,e4 gambit before Nf3/Nc3 Slav development.,,,
D.Sla.Win,"Slav, Winawer Countergambit",D10,D.Sla,d2d4 d7d5 c2c4 c7c6 b1c3 e7e5,2,Winawer Countergambit,gambit|sharp,...e5 countergambit against Nc3.,,,
D.Sla.Exc.Boo,"Slav Exchange, Boor Attack",D10,D.Sla.Exc,d2d4 d7d5 c2c4 c7c6 c4d5 c6d5 b1c3 g8f6 f2f3,3,Boor Attack,sharp,f3 in the Exchange Slav.,,,
D.Sla.Che.Adv,"Slav Chebanenko, Advance System",D15,D.Sla.Che,d2d4 d7d5 c2c4 c7c6 g1f3 g8f6 b1c3 a7a6 c4c5,3,Advance System,closed,c5 space gain against the Chebanenko.,,,
D.Sla.Cls.Bld,"Slav Classical, Bled Attack",D17,D.Sla.Cls,d2d4 d7d5 c2c4 c7c6 g1f3 g8f6 b1c3 d5c4 a2a4 c8f5 f3h4,3,Bled Attack,sharp,Nh4 attacks the Slav bishop.,,,
D.Tar.Mar,"Tarrasch, Marshall Gambit",D32,D.Tar,d2d4 d7d5 c2c4 e7e6 b1c3 c7c5 c4d5 e6d5 e2e4,2,Marshall Gambit,gambit|sharp,e4 gambit against the Tarrasch IQP.,,,
D.Tar.Prg,"Tarrasch, Prague Variation",D33,D.Tar,d2d4 d7d5 c2c4 e7e6 b1c3 c7c5 c4d5 e6d5 g1f3 b8c6 g2g3 g8f6,2,Prague Variation,closed,g3 setup with ...Nc6/...Nf6.,,,
D.Tar.Cls,"Tarrasch, Classical Variation",D34,D.Tar,d2d4 d7d5 c2c4 e7e6 b1c3 c7c5 c4d5 e6d5 g1f3 b8c6 g2g3 g8f6 f1g2 f8e7 e1g1 e8g8,2,Classical Variation,closed,Main g3/Bg2/O-O Tarrasch structure.,,,
D.STa.Pil,"Semi-Tarrasch, Pillsbury Variation",D40,D.STa,d2d4 d7d5 c2c4 e7e6 b1c3 g8f6 g1f3 c7c5 c1g5,2,Pillsbury Variation,,Bg5 against the Semi-Tarrasch.,,,
D.STa.Sym,"Semi-Tarrasch, Symmetrical Variation",D40,D.STa,d2d4 d7d5 c2c4 e7e6 b1c3 g8f6 g1f3 c7c5 e2e3 b8c6 f1d3 f8d6 e1g1 e8g8,2,Symmetrical Variation,closed,e3/Bd3 mirrored development in the Semi-Tarrasch.,,,
E.Bog.NEn,"Bogo-Indian, New England Variation",E11,E.Bog,d2d4 g8f6 c2c4 e7e6 g1f3 f8b4 f3d2,2,New England Variation,,Nfd2 response to the Bogo-Indian check.,,,
E.QID.Pet.And,"QID Petrosian, Andersson Variation",E12,E.QID.Pet,d2d4 g8f6 c2c4 e7e6 g1f3 b7b6 a2a3 c8b7 b1c3 f6e4,3,Andersson Variation,closed,...Ne4 against the Kasparov-Petrosian setup.,,,
E.QID.Pet.Hdg,"QID Petrosian, Hedgehog Variation",E12,E.QID.Pet,d2d4 g8f6 c2c4 e7e6 g1f3 b7b6 a2a3 c8b7 b1c3 g7g6,3,Hedgehog Variation,closed,...g6 Hedgehog structure against Petrosian QID.,,,
E.Nim.Kas.Kor,"Nimzo Kasparov, Korchnoi Variation",E21,E.Nim.Kas,d2d4 g8f6 c2c4 e7e6 b1c3 f8b4 g1f3 c7c5 d4d5,3,Korchnoi Variation,sharp,d5 advance against 4.Nf3 c5.,,,
E.Nim.Spl.Rom,"Nimzo Spielmann, Romanovsky Gambit",E23,E.Nim.Spl,d2d4 g8f6 c2c4 e7e6 b1c3 f8b4 d1b3 c7c5 d4c5 b8c6,3,Romanovsky Gambit,sharp,dxc5 and ...Nc6 in the Spielmann Nimzo.,,,
E.Nim.Lng.Avg,"Nimzo Leningrad, Averbakh Gambit",E30,E.Nim.Lng,d2d4 g8f6 c2c4 e7e6 b1c3 f8b4 c1g5 h7h6 g5h4 c7c5 d4d5 b7b5,3,Averbakh Gambit,gambit|sharp,...b5 gambit against the Leningrad Nimzo.,,,
E.Nim.Cls.Zur,"Nimzo Classical, Zurich Variation",E33,E.Nim.Cls,d2d4 g8f6 c2c4 e7e6 b1c3 f8b4 d1c2 b8c6,3,Zurich Variation,,...Nc6 against the Classical Nimzo.,,,
E.Nim.Rub.Tai,"Nimzo Rubinstein, Taimanov Variation",E40,E.Nim.Rub,d2d4 g8f6 c2c4 e7e6 b1c3 f8b4 e2e3 b8c6,3,Taimanov Variation,,...Nc6 against the Rubinstein Nimzo.,,,
E.Nim.Rub.StP,"Nimzo Rubinstein, St. Petersburg",E43,E.Nim.Rub,d2d4 g8f6 c2c4 e7e6 b1c3 f8b4 e2e3 b7b6,3,St. Petersburg Variation,closed,...b6 setup against the Rubinstein Nimzo.,,,
E.QID.Mod.Sms,"QID Modern, Saemisch Variation",E15,E.QID.Mod,d2d4 g8f6 c2c4 e7e6 g1f3 b7b6 g2g3 c8b7 f1g2 c7c5,3,Saemisch Variation,closed,...c5 against the Modern Queen's Indian fianchetto.,,,
E.Gru.Fch.Euw,"Grunfeld Fianchetto, Euwe System",D78,E.Gru.Fch,d2d4 g8f6 c2c4 g7g6 b1c3 d7d5 g1f3 f8g7 g2g3 e8g8 f1g2,3,Euwe System,closed,Bg2/O-O Fianchetto Grunfeld setup.,,,
E.Blf.Spl,"Blumenfeld Countergambit, Spielmann Variation",E10,E.Blf,d2d4 g8f6 c2c4 e7e6 g1f3 c7c5 d4d5 b7b5 c1g5 e6d5 c4d5 h7h6,2,Spielmann Variation,gambit|sharp,...exd5 and ...h6 after Bg5.,,,
C.Ita.Evn.Acc,"Italian Evans Gambit, Accepted",C51,C.Ita.Evn,e2e4 e7e5 g1f3 b8c6 f1c4 f8c5 b2b4 c5b4,3,Evans Accepted,gambit|sharp,Black accepts the Evans pawn sacrifice.,,,
C.Ita.Evn.Dec,"Italian Evans Gambit, Declined",C52,C.Ita.Evn,e2e4 e7e5 g1f3 b8c6 f1c4 f8c5 b2b4 c5b6,3,Evans Declined,gambit,Black declines by retreating to b6.,,,
C.RyL.Shl.Jae,"Ruy Lopez Schliemann, Jaenisch Gambit",C63,C.RyL.Shl,e2e4 e7e5 g1f3 b8c6 f1b5 f7f5 b1c3,3,Jaenisch Gambit,sharp,Nc3 against the Schliemann/Jaenisch Defence.,,,
C.Pet.Thr,"Petrov, Three Knights Game",C42,C.Pet,e2e4 e7e5 g1f3 g8f6 b1c3,2,Three Knights Game,,Nc3 against the Petrov move order.,,,
A.Gro.Dbl,"Grob Opening, Double Grob",A00,A.Gro,g2g4 g7g5,2,Double Grob,sharp,Symmetrical flank-pawn advance.,,,
A.Gro.Als,"Grob Opening, Alessi Gambit",A00,A.Gro,g2g4 f7f5,2,Alessi Gambit,gambit|sharp,...f5 answer to the Grob.,,,
A.Gro.Kee,"Grob Opening, Keene Defence",A00,A.Gro,g2g4 d7d5 h2h3 e7e5 f1g2 c7c6,2,Keene Defense,closed,h3/Bg2 setup against ...d5/...e5.,,,
A.Gro.Spk,"Grob Opening, Spike Attack",A00,A.Gro,g2g4 d7d5 f1g2 c7c6 g4g5,2,Spike Attack,sharp,g5 space gain in the Grob.,,,
A.Hng.Sym,"Hungarian Opening, Symmetrical Variation",A00,A.Hng,g2g3 g7g6,2,Symmetrical Variation,closed,Double fianchetto-ready move order.,,,
A.Hng.Sla,"Hungarian Opening, Slav Formation",A00,A.Hng,g2g3 d7d5 f1g2 c7c6,2,Slav Formation,closed,g3/Bg2 against ...d5/...c6.,,,
A.Hng.ReM,"Hungarian Opening, Reversed Modern Defence",A00,A.Hng,g2g3 d7d5 f1g2 c7c5,2,Reversed Modern Defense,closed,...d5 and ...c5 against 1.g3.,,,
A.Hng.ReA,"Hungarian Opening, Reversed Alekhine",A00,A.Hng,g2g3 e7e5 g1f3,2,Reversed Alekhine,,Nf3 attacking the e5 pawn from a 1.g3 move order.,,,
A.Pol.Dut,"Polish Opening, Dutch Defence",A00,A.Pol,b2b4 f7f5,2,Dutch Defense,,...f5 response to the Polish Opening.,,,
A.Pol.Bug,"Polish Opening, Bugayev Advance",A00,A.Pol,b2b4 e7e5 c1b2 f7f6 b4b5,2,Bugayev Advance Variation,sharp,b5 advance after ...e5/...f6.,,,
A.Pol.Bal,"Polish Opening, Baltic Defence",A00,A.Pol,b2b4 d7d5 c1b2 c8f5,2,Baltic Defense,,...Bf5 against the Polish with ...d5.,,,
A.Bir.Hob,"Bird Opening, Hobbs Gambit",A02,A.Bir,f2f4 g7g5,2,Hobbs Gambit,gambit|sharp,...g5 gambit against Bird's Opening.,,,
A.Bir.Hor,"Bird Opening, Horsefly Defence",A02,A.Bir,f2f4 g8h6,2,Horsefly Defense,,...Nh6 response to Bird's Opening.,,,
A.Bir.Muj,"Bird Opening, Mujannah",A02,A.Bir,f2f4 g8f6 c2c4,2,Mujannah,,c4 setup after ...Nf6 in Bird's Opening.,,,
A.Bir.Wil,"Bird Opening, Williams Gambit",A03,A.Bir,f2f4 d7d5 e2e4,2,Williams Gambit,gambit|sharp,e4 gambit against ...d5.,,,
D.QPG.Lev.Wel,"Levitsky Attack, Welling Variation",D00,D.QPG.Lev,d2d4 d7d5 c1g5 c8g4,3,Welling Variation,sharp,...Bg4 counter-pin against the Levitsky Attack.,,,
D.QPG.Lon.Stn,"Accelerated London, Steinitz Countergambit",D00,D.QPG.Lon,d2d4 d7d5 c1f4 c7c5,3,Steinitz Countergambit,gambit|sharp,...c5 countergambit against early Bf4.,,,
D.QPG.Chi.Alb,"Queen's Pawn Chigorin, Alburt Defence",D00,D.QPG.Chi,d2d4 d7d5 b1c3 c8f5,3,Alburt Defense,,...Bf5 against the Chigorin Variation.,,,
D.QPG.Chi.Iri,"Queen's Pawn Chigorin, Irish Gambit",D00,D.QPG.Chi,d2d4 d7d5 b1c3 c7c5,3,Irish Gambit,gambit|sharp,...c5 countergambit against 2.Nc3.,,,
D.QPG.Zur,"Queen's Pawn Game, Zurich Gambit",D00,D.QPG,d2d4 d7d5 g2g4,2,Zurich Gambit,gambit|sharp,g4 wing-pawn gambit against 1...d5.,,,
D.QPG.Tor.Gos,"Torre Attack, Gossip Variation",D03,D.QPG.Tor,d2d4 d7d5 g1f3 g8f6 c1g5 f6e4,3,Gossip Variation,sharp,...Ne4 against the Torre bishop.,,,
D.Bgm.Acc.Gun,"Blackmar-Diemer Accepted, Gunderam Defence",D00,D.Bgm.Acc,d2d4 d7d5 e2e4 d5e4 b1c3 g8f6 f2f3 e4f3 g1f3 c8f5,3,Gunderam Defense,gambit|sharp,...Bf5 defence to the accepted BDG.,,,
D.Bgm.Acc.Zie,"Blackmar-Diemer Accepted, Ziegler Defence",D00,D.Bgm.Acc,d2d4 d7d5 e2e4 d5e4 b1c3 g8f6 f2f3 e4f3 g1f3 c7c6,3,Ziegler Defense,gambit|sharp,...c6 defence to the accepted BDG.,,,
D.Bgm.Dec.Elb,"Blackmar-Diemer Declined, Elbert Countergambit",D00,D.Bgm.Dec,d2d4 d7d5 e2e4 d5e4 b1c3 g8f6 f2f3 e7e5,3,Elbert Countergambit,gambit|sharp,...e5 countergambit against f3.,,,
D.Bgm.Dec.Lam,"Blackmar-Diemer Declined, Lamb Defence",D00,D.Bgm.Dec,d2d4 d7d5 e2e4 d5e4 b1c3 g8f6 f2f3 b8c6,3,Lamb Defense,,...Nc6 against the declined BDG structure.,,,
D.Chi.Tar,"Chigorin Defence, Tartakower Gambit",D07,D.Chi,d2d4 d7d5 c2c4 b8c6 b1c3 e7e5,2,Tartakower Gambit,gambit|sharp,...e5 gambit in the Chigorin Defence.,,,
D.Chi.Jan.Mod,"Chigorin Janowski, Modern Gambit",D07,D.Chi.Jan,d2d4 d7d5 c2c4 b8c6 b1c3 d5c4 g1f3 g8f6,3,Modern Gambit,sharp,Nf3/...Nf6 after the Janowski capture.,,,
D.Sla.Qui.Pin,"Slav Quiet, Pin Defence",D11,D.Sla.Qui,d2d4 d7d5 c2c4 c7c6 g1f3 g8f6 e2e3 c8g4,3,Pin Defense,,...Bg4 pin in the Quiet Slav.,,,
D.Sla.Exc.Sym,"Slav Exchange, Symmetrical Line",D14,D.Sla.Exc,d2d4 d7d5 c2c4 c7c6 c4d5 c6d5 b1c3 g8f6 g1f3 b8c6 c1f4 c8f5,3,Symmetrical Line,closed,Mirrored minor-piece development in the Exchange Slav.,,,
D.Sla.Che.Bf5,"Slav Chebanenko, ...Bf5 Line",D15,D.Sla.Che,d2d4 d7d5 c2c4 c7c6 g1f3 g8f6 b1c3 a7a6 e2e3 c8f5,3,Bf5 Line,,...Bf5 development in the Chebanenko Slav.,,,
D.Sem.Not.Abr,"Semi-Slav Noteboom, Abrahams Variation",D31,D.Sem.Not,d2d4 d7d5 c2c4 c7c6 g1f3 g8f6 b1c3 e7e6 e2e3 d5c4 a2a4 f8b4,3,Abrahams Variation,sharp,a4 and ...Bb4 in the Noteboom.,,,
D.Sem.Mos.Hst,"Semi-Slav Moscow, Hastings Variation",D43,D.Sem.Mos,d2d4 d7d5 c2c4 c7c6 g1f3 g8f6 b1c3 e7e6 c1g5 h7h6 g5f6 d8f6 d1b3,3,Hastings Variation,sharp,Qb3 pressure after the Moscow exchange.,,,
B.Sca.MLn,"Scandinavian, Main Line",B01,B.Sca,e2e4 d7d5 e4d5 d8d5 b1c3,2,Main Line,,2.exd5 Qxd5 3.Nc3.,,,
B.Sca.Mod.Mie,"Scandinavian Modern, Mieses-Kotrc",B01,B.Sca.Mod,e2e4 d7d5 e4d5 d8d5 b1c3 d5a5 d2d4,3,Mieses-Kotrc Variation,,d4 against the Qa5 Scandinavian.,,,
B.Sca.Nf6,"Scandinavian, 2...Nf6",B01,B.Sca,e2e4 d7d5 e4d5 g8f6,2,Modern Scandinavian,,2...Nf6 recapture plan.,,,
B.Sca.Nf6.Mar,"Scandinavian 2...Nf6, Marshall Variation",B01,B.Sca.Nf6,e2e4 d7d5 e4d5 g8f6 d2d4 f6d5,3,Marshall Variation,,...Nxd5 after d4 in the 2...Nf6 Scandinavian.,,,
B.Fre.Win.Arm,"French Winawer, Armenian Variation",C18,B.Fre.Win,e2e4 e7e6 d2d4 d7d5 b1c3 f8b4 e4e5 c7c5 a2a3 b4a5,3,Armenian Variation,sharp,...Ba5 after a3 in the Winawer.,,,
B.Fre.Tar.Gui,"French Tarrasch, Guimard Variation",C03,B.Fre.Tar,e2e4 e7e6 d2d4 d7d5 b1d2 b8c6,3,Guimard Variation,,...Nc6 against the Tarrasch French.,,,
B.Fre.Adv.Nim,"French Advance, Nimzowitsch System",C02,B.Fre.Adv,e2e4 e7e6 d2d4 d7d5 e4e5 c7c5 c2c3 d8b6 g1f3 c8d7,3,Nimzowitsch System,closed,...Qb6 and ...Bd7 against the Advance French.,,,
B.CaK.Adv.Bot,"Caro-Kann Advance, Botvinnik-Carls",B12,B.CaK.Adv,e2e4 c7c6 d2d4 d7d5 e4e5 c6c5,3,Botvinnik-Carls Defence,sharp,...c5 break against the Advance Caro-Kann.,,,
B.Pir.Aus.Drg,"Pirc Austrian, Dragon Formation",B09,B.Pir.Aus,e2e4 d7d6 d2d4 g8f6 b1c3 g7g6 f2f4 f8g7 g1f3 e8g8,3,Dragon Formation,sharp,Bg7/O-O setup against the Austrian Attack.,,,
C.Ita.Evn.Acc.Stn,"Evans Accepted, Steinitz Variation",C51,C.Ita.Evn.Acc,e2e4 e7e5 g1f3 b8c6 f1c4 f8c5 b2b4 c5b4 c2c3 b4a5,4,Steinitz Variation,gambit|sharp,...Ba5 after c3 in the Evans Accepted.,,,
C.Bsh.Ber,"Bishop's Opening, Berlin Defence",C24,C.Bsh,e2e4 e7e5 f1c4 g8f6,2,Berlin Defence,,...Nf6 against the Bishop's Opening.,,,
C.Bsh.Cal,"Bishop's Opening, Calabrese Countergambit",C23,C.Bsh,e2e4 e7e5 f1c4 f7f5,2,Calabrese Countergambit,gambit|sharp,...f5 countergambit against Bc4.,,,
C.Pet.Thr.Fou,"Petrov Three Knights, Four Knights Transposition",C42,C.Pet.Thr,e2e4 e7e5 g1f3 g8f6 b1c3 b8c6,3,Four Knights Transposition,,...Nc6 from the Petrov Three Knights move order.,,,
E.QID.Nim.NAt,"QID Nimzowitsch, Nimzowitsch Attack",E15,E.QID.Nim,d2d4 g8f6 c2c4 e7e6 g1f3 b7b6 g2g3 c8a6 d1a4,3,Nimzowitsch Attack,sharp,Qa4 against ...Ba6 in the Queen's Indian.,,,
E.QID.Nim.Qui,"QID Nimzowitsch, Quiet Line",E15,E.QID.Nim,d2d4 g8f6 c2c4 e7e6 g1f3 b7b6 g2g3 c8a6 b2b3,3,Quiet Line,closed,b3 against ...Ba6 in the Queen's Indian.,,,
E.QID.Cls.Krm,"QID Classical, Kramnik Variation",E17,E.QID.Cls,d2d4 g8f6 c2c4 e7e6 g1f3 b7b6 g2g3 c8b7 f1g2 f8e7 e1g1 e8g8 f1e1,3,Kramnik Variation,closed,Re1 in the Classical Queen's Indian.,,,
E.Gru.Neo.Exc,"Neo-Grunfeld, Exchange Line",D76,E.Gru.Neo,d2d4 g8f6 c2c4 g7g6 g2g3 d7d5 c4d5 f6d5 f1g2,3,Exchange Line,closed,cxd5 and Bg2 in the Neo-Grunfeld.,,,
E.Bog.Grn,"Bogo-Indian, Gruenfeld Variation",E11,E.Bog,d2d4 g8f6 c2c4 e7e6 g1f3 f8b4 b1d2,2,Gruenfeld Variation,,Nbd2 response to the Bogo-Indian check.,,,
A.Ama.Par,"Amar Opening, Paris Gambit",A00,A.Ama,g1h3 d7d5 g2g3 e7e5 f2f4,2,Paris Gambit,gambit|sharp,f4 gambit after Nh3/g3.,,,
A.And.Pol,"Anderssen's Opening, Polish Gambit",A00,A.And,a2a3 a7a5 b2b4,2,Polish Gambit,gambit|sharp,b4 against ...a5 after 1.a3.,,,
A.Clm.Spk,"Clemenz Opening, Spike Lee Gambit",A00,A.Clm,h2h3 h7h5 g2g4,2,Spike Lee Gambit,gambit|sharp,g4 against ...h5 in the Clemenz Opening.,,,
A.Kad.Beg,"Kadas Opening, Beginner's Trap",A00,A.Kad,h2h4 d7d5 h1h3,2,Beginners Trap,,Rh3 lift after 1.h4 d5.,,,
A.Kad.Koo,"Kadas Opening, Koola-Koola Variation",A00,A.Kad,h2h4 a7a5,2,Koola-Koola Variation,,...a5 response to the Kadas Opening.,,,
A.Kad.Sch,"Kadas Opening, Schneider Gambit",A00,A.Kad,h2h4 g7g5,2,Schneider Gambit,gambit|sharp,...g5 countergambit against 1.h4.,,,
A.Mie.ReR,"Mieses Opening, Reversed Rat",A00,A.Mie,d2d3 e7e5,2,Reversed Rat,,1.d3 e5 structure.,,,
A.Mie.Ven,"Mieses Opening, Venezolana Variation",A00,A.Mie,d2d3 c7c5 b1c3 b8c6 g2g3,2,Venezolana Variation,closed,Nc3/g3 setup against ...c5/...Nc6.,,,
A.Lar.Mod,"Larsen Attack, Modern Defence",A01,A.Lar,b2b3 e7e5 c1b2 b8c6,2,Modern Defence,,...e5 and ...Nc6 against Larsen's Opening.,,,
A.Lon.Psn,"London System, Poisoned Pawn",D02,A.Lon,d2d4 d7d5 g1f3 g8f6 c1f4 c7c5 e2e3 d8b6 b1c3,2,Poisoned Pawn Variation,sharp,Qb6 pressure against the London setup.,,,
A.Tor.Nim,"Torre Attack, Nimzowitsch Variation",A46,A.Tor,d2d4 g8f6 g1f3 e7e6 c1g5 h7h6,2,Nimzowitsch Variation,,...h6 against the Torre bishop.,,,
A.Pol.Out,"Polish Opening, Outflank Variation",A00,A.Pol,b2b4 e7e5 c1b2 f8b4,2,Outflank Variation,sharp,Black captures the b4 pawn after Bb2.,,,
B.Sic.Ros.Cls,"Sicilian Rossolimo, Classical Variation",B31,B.Sic.Ros,e2e4 c7c5 g1f3 b8c6 f1b5 g7g6,3,Classical Variation,closed,...g6 against the Rossolimo.,,,
B.Sic.Ros.Nim,"Sicilian Rossolimo, Nimzowitsch Variation",B30,B.Sic.Ros,e2e4 c7c5 g1f3 b8c6 f1b5 e7e6,3,Nimzowitsch Variation,,...e6 against the Rossolimo.,,,
B.Sic.Alp.Nf6,"Sicilian Alapin, 2...Nf6",B22,B.Sic.Alp,e2e4 c7c5 c2c3 g8f6,3,Nf6 Variation,,...Nf6 attacks e4 in the Alapin.,,,
B.Sic.Alp.Cen,"Sicilian Alapin, 2...d5",B22,B.Sic.Alp,e2e4 c7c5 c2c3 d7d5,3,d5 Variation,,Immediate ...d5 against the Alapin.,,,
B.Sic.SmM.Acc,"Smith-Morra Gambit, Accepted",B21,B.Sic.SmM,e2e4 c7c5 d2d4 c5d4 c2c3 d4c3,3,Smith-Morra Accepted,gambit|sharp,Black accepts with ...dxc3.,,,
B.Sic.SmM.Dec,"Smith-Morra Gambit, Declined",B21,B.Sic.SmM,e2e4 c7c5 d2d4 c5d4 c2c3 g8f6,3,Smith-Morra Declined,gambit|sharp,...Nf6 declining immediate acceptance.,,,
B.Sic.OKe.MLn,"Sicilian O'Kelly, Main Line",B28,B.Sic.OKe,e2e4 c7c5 g1f3 a7a6 d2d4 c5d4 f3d4 g8f6 b1c3 e7e5,3,Main Line,sharp,...e5 after the O'Kelly move order.,,,
B.CaK.Pmv.Fch,"Caro-Kann Panov, Fianchetto Defence",B14,B.CaK.Pmv,e2e4 c7c6 d2d4 d7d5 e4d5 c6d5 c2c4 g8f6 b1c3 g7g6,3,Fianchetto Defence,closed,...g6 against the Panov-Botvinnik.,,,
B.CaK.Pmv.Nc6,"Caro-Kann Panov, Normal Variation",B14,B.CaK.Pmv,e2e4 c7c6 d2d4 d7d5 e4d5 c6d5 c2c4 g8f6 b1c3 b8c6,3,Normal Variation,,...Nc6 development in the Panov-Botvinnik.,,,
B.Ale.Fou.Trd,"Alekhine Four Pawns, Trifunovic Variation",B03,B.Ale.Fou,e2e4 g8f6 e4e5 f6d5 d2d4 d7d6 c2c4 d5b6 f2f4 d6e5 f4e5 b8c6,3,Trifunovic Variation,sharp,...dxe5 and ...Nc6 against the Four Pawns.,,,
B.Pir.Aus.Unz,"Pirc Austrian, Unzicker Attack",B09,B.Pir.Aus,e2e4 d7d6 d2d4 g8f6 b1c3 g7g6 f2f4 f8g7 e4e5 d6e5 f4e5 f6d5,3,Unzicker Attack,sharp,e5 thrust in the Austrian Attack.,,,
B.Fre.Exc.Mon,"French Exchange, Monte Carlo Variation",C01,B.Fre.Exc,e2e4 e7e6 d2d4 d7d5 e4d5 e6d5 c2c4,3,Monte Carlo Variation,,c4 against the French Exchange structure.,,,
C.RyL.Ber.Cls,"Ruy Lopez Berlin, Classical Variation",C67,C.RyL.Ber,e2e4 e7e5 g1f3 b8c6 f1b5 g8f6 e1g1 f8e7,3,Classical Variation,closed,...Be7 after castling in the Berlin.,,,
C.RyL.Mor.Ark.Ctr,"Ruy Lopez Arkhangelsk, c3 Line",C78,C.RyL.Mor.Ark,e2e4 e7e5 g1f3 b8c6 f1b5 a7a6 b5a4 g8f6 e1g1 b7b5 a4b3 c8b7 c2c3,4,c3 Line,closed,c3 support in Arkhangelsk structures.,,,
C.Ita.Pia.Nf6,"Giuoco Pianissimo, Nf6 Line",C50,C.Ita.Pia,e2e4 e7e5 g1f3 b8c6 f1c4 f8c5 d2d3 g8f6,3,Nf6 Line,closed,...Nf6 development in the Pianissimo.,,,
C.Ita.Pia.Wai,"Giuoco Pianissimo, a6 Line",C50,C.Ita.Pia,e2e4 e7e5 g1f3 b8c6 f1c4 f8c5 d2d3 a7a6,3,a6 Line,closed,...a6 waiting move in the Pianissimo.,,,
C.Sco.Cls.Sch,"Scotch Classical, Schmidt Variation",C45,C.Sco.Cls,e2e4 e7e5 g1f3 b8c6 d2d4 e5d4 f3d4 f8c5 c1e3 d8f6 c2c3 g8e7,3,Schmidt Variation,,...Nge7 after Be3/Qf6/c3.,,,
C.Sco.Mie.Ste,"Scotch Mieses, Steinitz Variation",C45,C.Sco.Mie,e2e4 e7e5 g1f3 b8c6 d2d4 e5d4 f3d4 g8f6 b1c3 f8b4,3,Steinitz Variation,,...Bb4 pin in the Mieses Scotch.,,,
C.Pet.Mod.Stn,"Petrov Modern, Steinitz Attack",C43,C.Pet.Mod,e2e4 e7e5 g1f3 g8f6 d2d4 e5d4 e4e5 f6e4,3,Steinitz Attack,sharp,e5 advance in the Modern Petrov.,,,
C.PhD.Exc,"Philidor, Exchange Variation",C41,C.PhD,e2e4 e7e5 g1f3 d7d6 d2d4 e5d4 f3d4,2,Exchange Variation,,Nxd4 after ...exd4 in the Philidor.,,,
C.Bsh.Urs.Kei,"Bishop's Urusov, Keidansky Gambit",C24,C.Bsh.Urs,e2e4 e7e5 f1c4 g8f6 d2d4 e5d4 g1f3 f6e4,3,Keidansky Gambit,gambit|sharp,...Nxe4 in Urusov Gambit structures.,,,
C.KGm.Dec.Cls,"King's Gambit Declined, Classical Defence",C30,C.KGm.Dec,e2e4 e7e5 f2f4 f8c5 g1f3 d7d6,3,Classical Defence,closed,Nf3 and ...d6 in the Classical King's Gambit Declined.,,,
D.QGA.Cen.McD,"QGA Central, McDonnell Defence",D20,D.QGA.Cen,d2d4 d7d5 c2c4 d5c4 e2e4 e7e5,3,McDonnell Defence,sharp,...e5 against the QGA Central Variation.,,,
D.QGA.Cen.Gre,"QGA Central, Greco Variation",D20,D.QGA.Cen,d2d4 d7d5 c2c4 d5c4 e2e4 b7b5,3,Greco Variation,sharp,...b5 against the QGA Central Variation.,,,
D.QGA.Cen.Mod,"QGA Central, Modern Defence",D20,D.QGA.Cen,d2d4 d7d5 c2c4 d5c4 e2e4 b8c6,3,Modern Defence,,...Nc6 against the QGA Central Variation.,,,
D.QGA.Cls.Rub,"QGA Classical, Rubinstein Variation",D27,D.QGA.Cls,d2d4 d7d5 c2c4 d5c4 g1f3 g8f6 e2e3 e7e6 f1c4 c7c5 e1g1 a7a6 a2a4,3,Rubinstein Variation,closed,a4 against the Classical QGA with ...a6.,,,
D.QGA.Cls.Ale,"QGA Classical, Alekhine System",D28,D.QGA.Cls,d2d4 d7d5 c2c4 d5c4 g1f3 g8f6 e2e3 e7e6 f1c4 c7c5 e1g1 a7a6 d1e2,3,Alekhine System,closed,Qe2 in the Classical QGA.,,,
D.Sem.Mar,"Semi-Slav, Marshall Gambit",D31,D.Sem,d2d4 d7d5 c2c4 e7e6 b1c3 c7c6 e2e4,2,Marshall Gambit,gambit|sharp,e4 against Semi-Slav move order.,,,
D.Sem.Mar.MLn,"Semi-Slav Marshall, Main Line",D31,D.Sem.Mar,d2d4 d7d5 c2c4 e7e6 b1c3 c7c6 e2e4 d5e4 c3e4 f8b4 c1d2,3,Main Line,sharp,Nxe4 and Bd2 after ...Bb4+.,,,
D.Sem.Bot.MLn,"Semi-Slav Botvinnik, Main Line",D44,D.Sem.Bot,d2d4 d7d5 c2c4 c7c6 g1f3 g8f6 b1c3 e7e6 c1g5 d5c4 e2e4 b7b5 e4e5 h7h6 g5h4,3,Main Line,sharp,e5 and Bh4 in the Botvinnik Semi-Slav.,,,
D.STa.End,"Semi-Tarrasch, Endgame Variation",D41,D.STa,d2d4 d7d5 c2c4 e7e6 b1c3 g8f6 g1f3 c7c5 c4d5 c5d4 d1d4 e6d5 e2e4 d5e4 d4d8,2,Endgame Variation,endgame,Queen trade line in the Semi-Tarrasch.,,,
D.QGD.Rag.Bg5,"QGD Ragozin, Bg5 Line",D38,D.QGD.Rag,d2d4 d7d5 c2c4 e7e6 b1c3 g8f6 g1f3 f8b4 c1g5,3,Bg5 Line,closed,Bg5 development in the Ragozin.,,,
E.Nim.Kas.Euw,"Nimzo Kasparov, Euwe Variation",E21,E.Nim.Kas,d2d4 g8f6 c2c4 e7e6 b1c3 f8b4 g1f3 c7c5 d4d5 f6e4,3,Euwe Variation,sharp,...Ne4 after d5 in the Kasparov Nimzo.,,,
E.Nim.Sml.OKe,"Nimzo Saemisch, O'Kelly Variation",E26,E.Nim.Sml,d2d4 g8f6 c2c4 e7e6 b1c3 f8b4 a2a3 b4c3 b2c3 c7c5 e2e3 b7b6,3,OKelly Variation,closed,...b6 against the Saemisch pawn structure.,,,
E.QID.Mod.Brg,"QID Modern, Buerger Variation",E15,E.QID.Mod,d2d4 g8f6 c2c4 e7e6 g1f3 b7b6 g2g3 c8b7 f1g2 c7c5 d4d5 e6d5 f3g5,3,Buerger Variation,sharp,Ng5 after d5/exd5 in the Modern QID.,,,
E.QID.Cls.Tiv,"QID Classical, Tiviakov Defence",E18,E.QID.Cls,d2d4 g8f6 c2c4 e7e6 g1f3 b7b6 g2g3 c8b7 f1g2 f8e7 e1g1 e8g8 b1c3 b8a6,3,Tiviakov Defence,closed,...Na6 in the Classical Queen's Indian.,,,
E.KID.Cls.Kor,"KID Classical, Korchnoi Attack",E97,E.KID.Cls,d2d4 g8f6 c2c4 g7g6 b1c3 f8g7 e2e4 d7d6 g1f3 e8g8 f1e2 e7e5 e1g1 b8c6 d4d5 c6e7 f3e1,3,Korchnoi Attack,closed,Ne1 manoeuvre in Classical KID structures.,,,
E.OldI.Fch,"Old Indian, Fianchetto Variation",A53,E.OldI,d2d4 g8f6 c2c4 d7d6 b1c3 e7e5 g1f3 b8d7 g2g3,2,Fianchetto Variation,closed,g3 against the Old Indian Classical setup.,,,
A.Ben.Old.Adv,"Old Benoni, Advance Variation",A43,A.Ben.Old,d2d4 c7c5 d4d5,3,Advance Variation,closed,d5 space gain against the Old Benoni.,,,
A.Ben.Old.Sch,"Old Benoni, Schmid Variation",A43,A.Ben.Old,d2d4 c7c5 d4d5 d7d6 b1c3 g7g6,3,Schmid Variation,closed,...d6 and ...g6 Old Benoni setup.,,,
A.Ben.Old.Sna,"Old Benoni, Snail Variation",A43,A.Ben.Old,d2d4 c7c5 d4d5 b8a6,3,Snail Variation,,...Na6 in the Old Benoni.,,,
A.Ben.Old.Zil,"Old Benoni, Zilbermints Gambit",A43,A.Ben.Old,d2d4 c7c5 b2b4,3,Zilbermints-Benoni Gambit,gambit|sharp,b4 gambit against the Old Benoni.,,,
A.Ben.Mod.Snk,"Modern Benoni, Snake Variation",A60,A.Ben.Mod,d2d4 g8f6 c2c4 c7c5 d4d5 e7e6 b1c3 e6d5 c4d5 f8d6,3,Snake Variation,sharp,...Bd6 in the Modern Benoni.,,,
A.Ben.Mod.Tai,"Modern Benoni, Taimanov Variation",A67,A.Ben.Mod,d2d4 g8f6 c2c4 c7c5 d4d5 e7e6 b1c3 e6d5 c4d5 d7d6 e2e4 g7g6 f2f4 f8g7 f1b5,3,Taimanov Variation,sharp,Bb5+ in the Modern Benoni Four Pawns complex.,,,
A.Hol.Rap,"Dutch Defence, Raphael Variation",A80,A.Hol,d2d4 f7f5 b1c3,2,Raphael Variation,,Nc3 against the Dutch Defence.,,,
A.Hol.Kre,"Dutch Defence, Krejcik Gambit",A80,A.Hol,d2d4 f7f5 g2g4,2,Krejcik Gambit,gambit|sharp,g4 gambit against the Dutch.,,,
A.Hol.Alp,"Dutch Defence, Alapin Variation",A80,A.Hol,d2d4 f7f5 d1d3,2,Alapin Variation,,Qd3 against the Dutch Defence.,,,
A.Eng.Sym.Rub,"English Symmetrical, Rubinstein Variation",A34,A.Eng.Sym,c2c4 c7c5 g1f3 g8f6 d2d4 c5d4 f3d4 e7e6 b1c3 b8c6,3,Rubinstein Variation,closed,d4 and symmetrical knight development in the English.,,,
B.Sic.Dra.Yug.Sol,"Sicilian Dragon Yugoslav, Soltis Line",B78,B.Sic.Dra.Yug,e2e4 c7c5 g1f3 d7d6 d2d4 c5d4 f3d4 g8f6 b1c3 g7g6 c1e3 f8g7 f2f3 e8g8 d1d2 b8c6 f1c4 c8d7 e1c1,4,Soltis Line,sharp|theoretical,Queenside castling after ...Bd7 in the Yugoslav Dragon.,,,
B.Sic.Dra.Yug.Chn,"Sicilian Dragon Yugoslav, Chinese Dragon",B78,B.Sic.Dra.Yug,e2e4 c7c5 g1f3 d7d6 d2d4 c5d4 f3d4 g8f6 b1c3 g7g6 c1e3 f8g7 f2f3 e8g8 d1d2 b8c6 f1c4 c8d7 e1c1 a8c8,4,Chinese Dragon,sharp,...Rc8 setup in the Yugoslav Dragon.,,,
B.Sic.Cls.Soz,"Sicilian Classical, Sozin Attack",B57,B.Sic.Cls,e2e4 c7c5 g1f3 d7d6 d2d4 c5d4 f3d4 g8f6 b1c3 b8c6 f1c4,3,Sozin Attack,sharp,Bc4 against the Classical Sicilian.,,,
B.Sic.Cls.Bol,"Sicilian Classical, Boleslavsky Variation",B59,B.Sic.Cls,e2e4 c7c5 g1f3 d7d6 d2d4 c5d4 f3d4 g8f6 b1c3 b8c6 f1e2 e7e5,3,Boleslavsky Variation,sharp,...e5 against Be2 Classical structures.,,,
B.Sic.Kan.Tal,"Sicilian Kan, Tal Variation",B41,B.Sic.Kan,e2e4 c7c5 g1f3 e7e6 d2d4 c5d4 f3d4 a7a6 c2c4 g8f6 b1c3 f8b4,3,Tal Variation,sharp,...Bb4 against the Maroczy-style Kan.,,,
B.Sic.Kan.Koc,"Sicilian Kan, Kocian Variation",B41,B.Sic.Kan,e2e4 c7c5 g1f3 e7e6 d2d4 c5d4 f3d4 a7a6 f1d3 g8f6 e1g1 d7d6,3,Kocian Variation,closed,Bd3/O-O setup against the Kan.,,,
B.CaK.Cls.Spd,"Caro-Kann Classical, Spassky Variation",B18,B.CaK.Cls,e2e4 c7c6 d2d4 d7d5 b1c3 d5e4 c3e4 c8f5 e4g3 f5g6 h2h4 h7h6,3,Spassky Variation,sharp,h4/h6 in the Classical Caro-Kann.,,,
B.CaK.Kar.Sml,"Caro-Kann Karpov, Smyslov Variation",B17,B.CaK.Kar,e2e4 c7c6 d2d4 d7d5 b1c3 d5e4 c3e4 b8d7 g1f3 g8f6,3,Smyslov Variation,closed,...Ngf6 in the Karpov Caro-Kann.,,,
B.Ale.Mod.KID,"Alekhine Modern, King's Indian Variation",B04,B.Ale.Mod,e2e4 g8f6 e4e5 f6d5 d2d4 d7d6 g1f3 g7g6,3,Kings Indian Variation,closed,...g6 in the Modern Alekhine.,,,
B.Pir.150.Arg,"Pirc 150 Attack, Argentine Setup",B07,B.Pir.150,e2e4 d7d6 d2d4 g8f6 b1c3 g7g6 c1e3 c7c6,3,Argentine Setup,closed,...c6 against the 150 Attack.,,,
C.RyL.Ber.Wal,"Ruy Lopez Berlin, Wall Line",C67,C.RyL.Ber,e2e4 e7e5 g1f3 b8c6 f1b5 g8f6 e1g1 f6e4 d2d4 e4d6 b5c6 d7c6 d4e5 d6f5,3,Berlin Wall,endgame,Core Berlin Wall structure before the queen trade.,,,
C.RyL.Mor.Ark.Qe2,"Ruy Lopez Arkhangelsk, Qe2 Line",C78,C.RyL.Mor.Ark,e2e4 e7e5 g1f3 b8c6 f1b5 a7a6 b5a4 g8f6 e1g1 b7b5 a4b3 c8b7 d1e2,4,Qe2 Line,closed,Qe2 in Arkhangelsk structures.,,,
C.RyL.Mor.NeA.Ctr,"Ruy Lopez Neo-Arkhangelsk, c3 Line",C78,C.RyL.Mor.NeA,e2e4 e7e5 g1f3 b8c6 f1b5 a7a6 b5a4 g8f6 e1g1 f8c5 c2c3,4,c3 Line,closed,c3 against the Neo-Arkhangelsk bishop.,,,
C.Ita.Evn.Acc.Mor,"Evans Accepted, Morphy Attack",C52,C.Ita.Evn.Acc,e2e4 e7e5 g1f3 b8c6 f1c4 f8c5 b2b4 c5b4 c2c3 b4a5 d2d4 e5d4 e1g1,4,Morphy Attack,gambit|sharp,d4 and castling in the Evans Accepted.,,,
C.Ita.Two.Ng5.Nxd,"Two Knights, Nxd5 Main Line",C57,C.Ita.Two.Ng5,e2e4 e7e5 g1f3 b8c6 f1c4 g8f6 f3g5 d7d5 e4d5 f6d5,4,Nxd5 Main Line,sharp,...Nxd5 against the Knight Attack.,,,
C.Sco.Gor.Nc3,"Scotch Goring, Nc3 Recapture",C44,C.Sco.Gor,e2e4 e7e5 g1f3 b8c6 d2d4 e5d4 c2c3 d4c3 b1c3,3,Nc3 Recapture,gambit|sharp,Nxc3 after the accepted Goring Gambit.,,,
C.Sco.Gbt.Max,"Scotch Gambit, Max Lange Setup",C44,C.Sco.Gbt,e2e4 e7e5 g1f3 b8c6 d2d4 e5d4 f1c4 f8c5 e1g1,3,Max Lange Setup,gambit|sharp,Bc5 and castling in the Scotch Gambit.,,,
C.Vie.Gbt.Pie,"Vienna Gambit, Pierce Gambit",C29,C.Vie.Gbt,e2e4 e7e5 b1c3 g8f6 f2f4 e5f4 g1f3,3,Pierce Gambit,gambit|sharp,Nf3 after the accepted Vienna Gambit.,,,
C.Pet.Coc.Kin,"Petrov Cochrane, King Walk",C42,C.Pet.Coc,e2e4 e7e5 g1f3 g8f6 f3e5 d7d6 e5f7 e8f7 d2d4,3,King Walk,sharp,Kxf7 and d4 after the Cochrane sacrifice.,,,
C.KGm.Acc.Muz.Dbl,"King's Gambit Accepted, Double Muzio",C37,C.KGm.Acc.Muz,e2e4 e7e5 f2f4 e5f4 g1f3 g7g5 f1c4 g5g4 e1g1 g4f3,4,Double Muzio Gambit,gambit|sharp,...gxf3 after the Muzio castle.,,,
D.QGA.Jan.Fur,"QGA Janowski-Larsen, Furman Variation",D21,D.QGA.Jan,d2d4 d7d5 c2c4 d5c4 g1f3 a7a6 e2e4,3,Furman Variation,sharp,e4 against the Janowski-Larsen QGA.,,,
D.QGA.Man.MLn,"QGA Mannheim, Main Line",D23,D.QGA.Man,d2d4 d7d5 c2c4 d5c4 g1f3 g8f6 d1a4 b8d7,3,Main Line,,...Nbd7 after Qa4+ in the Mannheim QGA.,,,
D.QGD.Cmb.Yug,"QGD Cambridge Springs, Yugoslav Variation",D52,D.QGD.Cmb,d2d4 d7d5 c2c4 e7e6 b1c3 g8f6 c1g5 b8d7 e2e3 c7c6 g1f3 d8a5 c4d5 e6d5 f1d3,3,Yugoslav Variation,closed,cxd5 and Bd3 in Cambridge Springs structures.,,,
D.QGD.Lsk.MLn,"QGD Lasker, Main Line",D56,D.QGD.Lsk,d2d4 d7d5 c2c4 e7e6 b1c3 g8f6 c1g5 f8e7 e2e3 e8g8 g1f3 h7h6 g5h4 f6e4 c2c3,3,Main Line,closed,c3 after ...Ne4 in the Lasker Defence.,,,
D.QGD.Tar.Mak,"QGD Tartakower, Makogonov Exchange",D59,D.QGD.Tar,d2d4 d7d5 c2c4 e7e6 b1c3 g8f6 c1g5 f8e7 e2e3 e8g8 g1f3 b7b6 f1d3 c8b7 e1g1,3,Makogonov Variation,closed,Bd3/O-O in the Tartakower QGD.,,,
D.Sem.AMe.Bd3,"Semi-Slav Anti-Meran, Bd3 Line",D45,D.Sem.AMe,d2d4 d7d5 c2c4 c7c6 g1f3 g8f6 b1c3 e7e6 e2e3 b8d7 d1c2 f8d6,3,Bd3 Line,closed,Bd3 in Anti-Meran structures.,,,
D.Sem.Not.Ant,"Semi-Slav Noteboom, Anti-Noteboom Gambit",D31,D.Sem.Not,d2d4 d7d5 c2c4 c7c6 g1f3 g8f6 b1c3 e7e6 e2e3 d5c4 g2g3,3,Anti-Noteboom Gambit,gambit|sharp,g3 after ...dxc4 in the Noteboom.,,,
D.Sla.Cze.Kra,"Slav Czech, Krause Attack",D17,D.Sla.Cze,d2d4 d7d5 c2c4 c7c6 g1f3 g8f6 b1c3 d5c4 a2a4 c8f5 e2e3 f3e5,3,Krause Attack,sharp,Ne5 against the Czech Slav bishop.,,,
D.Cat.Cls.Qc2.Btr,"Catalan Closed Qc2, b3 Line",E08,D.Cat.Cls.Qc2,d2d4 d7d5 c2c4 e7e6 g1f3 g8f6 g2g3 f8e7 f1g2 e8g8 e1g1 b8d7 d1c2 c7c6 b2b3,4,b3 Line,closed,b3 in the Qc2 Closed Catalan.,,,
D.Cat.Ope.Bb4.Mod,"Catalan Open Bb4+, Modern Line",E04,D.Cat.Ope.Bb4,d2d4 d7d5 c2c4 e7e6 g1f3 g8f6 g2g3 d5c4 f1g2 f8b4 c1d2 b1d2,4,Modern Line,closed,Nbd2 after Bd2 in the Open Catalan check line.,,,
E.Nim.Cls.Zur.Mil,"Nimzo Classical Zurich, Milner-Barry Line",E33,E.Nim.Cls.Zur,d2d4 g8f6 c2c4 e7e6 b1c3 f8b4 d1c2 b8c6 g1f3 d7d6,4,Milner-Barry Line,closed,Nf3 and ...d6 in the Zurich Classical Nimzo.,,,
E.Nim.Rub.Hub.MLn,"Nimzo Rubinstein Hubner, Main Line",E41,E.Nim.Rub.Hub,d2d4 g8f6 c2c4 e7e6 b1c3 f8b4 e2e3 c7c5 f1d3 b8c6 g1f3 b4c3 b2c3 d7d6,4,Main Line,closed,bxc3 and ...d6 in the Hubner Nimzo.,,,
E.Nim.Sml.Bot.MLn,"Nimzo Saemisch Botvinnik, Main Line",E25,E.Nim.Sml.Bot,d2d4 g8f6 c2c4 e7e6 b1c3 f8b4 f2f3 d7d5 a2a3 b4c3 b2c3 c7c5 e2e3 e8g8,4,Main Line,sharp,e3 and ...O-O in Botvinnik Saemisch structures.,,,
E.QID.Nim.Tim,"QID Nimzowitsch, Timman Line",E15,E.QID.Nim,d2d4 g8f6 c2c4 e7e6 g1f3 b7b6 g2g3 c8a6 d1b3,3,Timman Line,sharp,Qb3 against ...Ba6 in the Queen's Indian.,,,
E.QID.Nim.Int,"QID Nimzowitsch, Intermezzo Line",E15,E.QID.Nim,d2d4 g8f6 c2c4 e7e6 g1f3 b7b6 g2g3 c8a6 b2b3 f8b4 c1d2,3,Intermezzo Line,closed,...Bb4+ and Bd2 after b3.,,,
E.KID.Mak.Krs,"KID Makogonov, Keres Setup",E71,E.KID.Mak,d2d4 g8f6 c2c4 g7g6 b1c3 f8g7 e2e4 d7d6 h2h3 e8g8 g2g4,3,Keres Setup,sharp,g4 expansion after h3 in the Makogonov.,,,
E.KID.Cls.Byn.Nd2,"KID Classical Bayonet, Nd2 Line",E97,E.KID.Cls.Byn,d2d4 g8f6 c2c4 g7g6 b1c3 f8g7 e2e4 d7d6 g1f3 e8g8 f1e2 e7e5 e1g1 b8c6 d4d5 c6e7 b2b4 f3d2,4,Nd2 Line,closed,Nd2 regrouping in the Bayonet Attack.,,,
E.KID.Fou.MLn,"KID Four Pawns, Main Line",E76,E.KID.Fou,d2d4 g8f6 c2c4 g7g6 b1c3 f8g7 e2e4 d7d6 f2f4 e8g8 g1f3 c7c5 d4d5 e7e6,3,Main Line,sharp,...c5 and ...e6 against the Four Pawns.,,,
E.Blf.Acc.MLn,"Blumenfeld Accepted, Main Line",E10,E.Blf.Acc,d2d4 g8f6 c2c4 e7e6 g1f3 c7c5 d4d5 b7b5 d5e6 f7e6 c4b5 d7d5,3,Main Line,gambit|sharp,...d5 after the accepted Blumenfeld.,,,
E.OldI.Cls.Cze,"Old Indian Classical, Czech Setup",A54,E.OldI.Cls,d2d4 g8f6 c2c4 d7d6 b1c3 e7e5 g1f3 b8d7 f1e2,3,Czech Setup,closed,Be2 development in the Classical Old Indian.,,,
A.OID,Old Indian Move Order,A41,A,d2d4 d7d6 c2c4,1,Old Indian Defence,closed,1.d4 d6 2.c4 before Black commits the king knight.,,,
A.OID.Wad,"Old Indian, Wade Defence",A41,A.OID,d2d4 d7d6 g1f3 c8g4,2,Wade Defence|Tartakower-Wade,sharp,1.d4 d6 2.Nf3 Bg4 early bishop development.,,,
A.OID.Nf6,"Old Indian Move Order, Nf6 Line",A41,A.OID,d2d4 d7d6 c2c4 g8f6,2,Nf6 Line,closed,...Nf6 after the 1...d6 Old Indian move order.,,,
A.Mod,"Modern Defence against d4",A42,A,d2d4 g7g6 c2c4 f8g7,1,Robatsch Defence,closed,Modern/Robatsch setup against queen-pawn openings.,,,
A.Mod.Avk,"Modern Defence, Averbakh System",A42,A.Mod,d2d4 g7g6 c2c4 f8g7 b1c3 d7d6 e2e4,2,Averbakh System,closed,White builds the c4/d4/e4 centre against the Modern.,,,
A.Mod.Ran,"Modern Defence, Randspringer Variation",A42,A.Mod,d2d4 g7g6 c2c4 f8g7 b1c3 d7d6 e2e4 f7f5,2,Randspringer Variation,sharp,...f5 counterplay against the Averbakh centre.,,,
A.Mod.Pte,"Modern Defence, Pterodactyl Setup",A42,A.Mod,d2d4 g7g6 c2c4 f8g7 b1c3 c7c5 d4d5 d8a5,2,Pterodactyl Setup,sharp,...c5 and ...Qa5 pressure in Modern structures.,,,
A.PQI,Pseudo-Queen's Indian Defence,A47,A,d2d4 g8f6 g1f3 b7b6,1,Pseudo-QID,closed,Queen's Indian setup before White commits c4.,,,
A.PQI.Bf4,"Pseudo-Queen's Indian, Bf4 Line",A47,A.PQI,d2d4 g8f6 g1f3 b7b6 c1f4 c8b7,2,Bf4 Line,closed,Bf4 development against the pseudo-Queen's Indian.,,,
A.PQI.Fch,"Pseudo-Queen's Indian, Fianchetto Line",A47,A.PQI,d2d4 g8f6 g1f3 b7b6 g2g3 c8b7 f1g2,2,Fianchetto Line,closed,g3/Bg2 against the pseudo-Queen's Indian.,,,
A.PQI.Tor,"Pseudo-Queen's Indian, Torre Line",A47,A.PQI,d2d4 g8f6 g1f3 b7b6 c1g5 c8b7,2,Torre Line,closed,Bg5 Torre-style setup against ...b6.,,,
A.EID,East Indian Defence,A48|A49,A,d2d4 g8f6 g1f3 g7g6,1,King's Indian without c4,closed,King's Indian setup where White has not played c4.,,,
A.EID.Fch,"East Indian Defence, Fianchetto Line",A49,A.EID,d2d4 g8f6 g1f3 g7g6 g2g3 f8g7,2,Fianchetto Line,closed,g3/Bg2 without c4 against the East Indian.,,,
A.EID.Prz,"East Indian Defence, Przepiorka Variation",A49,A.EID,d2d4 g8f6 g1f3 g7g6 g2g3 f8g7 f1g2 e8g8 e1g1 d7d6,2,Przepiorka Variation,closed,Fianchetto East Indian structure with both kings castled.,,,
A.EID.Col,"East Indian Defence, Colle System",A48,A.EID,d2d4 g8f6 g1f3 g7g6 e2e3 f8g7 f1d3,2,Colle System,closed,e3/Bd3 setup against the East Indian.,,,
E.Ind,Indian Game,A50,E,d2d4 g8f6 c2c4,1,Indian Defence,closed,1.d4 Nf6 2.c4 before Black chooses the Indian branch.,,,
E.Ind.Tgo,"Indian Game, Black Knights' Tango",A50,E.Ind,d2d4 g8f6 c2c4 b8c6,2,Mexican Defence|Black Knights Tango,sharp,...Nc6 before ...e5/...d6 commitments.,,,
E.Ind.Tgo.Nf3,"Black Knights' Tango, Nf3 Line",A50,E.Ind.Tgo,d2d4 g8f6 c2c4 b8c6 g1f3,3,Nf3 Line,closed,Nf3 against the Black Knights' Tango.,,,
E.Ind.QID,"Indian Game, Accelerated Queen's Indian",A50,E.Ind,d2d4 g8f6 c2c4 b7b6,2,Accelerated Queen's Indian,closed,...b6 without the usual ...e6 move order.,,,
E.Bud,Budapest Defence,A51|A52,E,d2d4 g8f6 c2c4 e7e5,1,Budapest Gambit,gambit|sharp,1.d4 Nf6 2.c4 e5 Budapest countergambit.,,,
E.Bud.Faj,"Budapest, Fajarowicz Variation",A51,E.Bud,d2d4 g8f6 c2c4 e7e5 d4e5 f6e4,2,Fajarowicz Variation,gambit|sharp,3...Ne4 instead of the main 3...Ng4 recapture plan.,,,
E.Bud.Faj.Bns,"Budapest Fajarowicz, Bonsdorf Variation",A51,E.Bud.Faj,d2d4 g8f6 c2c4 e7e5 d4e5 f6e4 a2a3 b7b6,3,Bonsdorf Variation,gambit|sharp,a3 and ...b6 in the Fajarowicz Budapest.,,,
E.Bud.Faj.Ste,"Budapest Fajarowicz, Steiner Variation",A51,E.Bud.Faj,d2d4 g8f6 c2c4 e7e5 d4e5 f6e4 d1c2 f8b4,3,Steiner Variation,gambit|sharp,Qc2 and ...Bb4+ tactical play in the Fajarowicz.,,,
E.Bud.Adl,"Budapest, Adler Variation",A52,E.Bud,d2d4 g8f6 c2c4 e7e5 d4e5 f6g4 g1f3,2,Adler Variation,gambit|sharp,3...Ng4 4.Nf3 Budapest main branch.,,,
E.Bud.Rub,"Budapest, Rubinstein Variation",A52,E.Bud,d2d4 g8f6 c2c4 e7e5 d4e5 f6g4 c1f4,2,Rubinstein Variation,gambit|sharp,3...Ng4 4.Bf4 holds the e5 pawn.,,,
E.Bud.Alk,"Budapest, Alekhine Variation",A52,E.Bud,d2d4 g8f6 c2c4 e7e5 d4e5 f6g4 e2e4,2,Alekhine Variation,gambit|sharp,3...Ng4 4.e4 returns the pawn for central space.,,,
D.QGD.Mar,"QGD, Marshall Defence",D06,D.QGD,d2d4 d7d5 c2c4 g8f6,2,Marshall Defence,sharp,2...Nf6 against the Queen's Gambit.,,,
D.QGD.Mar.Exc,"QGD Marshall, Exchange Line",D06,D.QGD.Mar,d2d4 d7d5 c2c4 g8f6 c4d5 f6d5,3,Exchange Line,sharp,cxd5 and ...Nxd5 in the Marshall Defence.,,,
D.QGD.Mar.e4,"QGD Marshall, e4 Line",D06,D.QGD.Mar,d2d4 d7d5 c2c4 g8f6 c4d5 f6d5 e2e4,3,e4 Line,sharp,White seizes the centre after the Marshall exchange.,,,
D.QGD.Bal,"QGD, Baltic Defence",D06,D.QGD,d2d4 d7d5 c2c4 c8f5,2,Baltic Defence|Grau Defence,sharp,2...Bf5 develops the queen bishop before ...e6.,,,
D.QGD.Bal.Que,"QGD Baltic, Queen Attack",D06,D.QGD.Bal,d2d4 d7d5 c2c4 c8f5 d1b3,3,Queen Attack,sharp,Qb3 pressure against b7 and d5 in the Baltic Defence.,,,
D.QGD.Bal.Nc3,"QGD Baltic, Nc3 Line",D06,D.QGD.Bal,d2d4 d7d5 c2c4 c8f5 b1c3 e7e6,3,Nc3 Line,closed,Nc3 development against the Baltic bishop.,,,
A.Tro.Cls,"Trompowsky Attack, Classical Defence",A45,A.Tro,d2d4 g8f6 c1g5 e7e6,2,Classical Defence,closed,...e6 against the Trompowsky bishop.,,,
A.Tro.Rap,"Trompowsky Attack, Raptor Variation",A45,A.Tro,d2d4 g8f6 c1g5 f6e4,2,Raptor Variation,sharp,...Ne4 counterattack in the Trompowsky.,,,
A.Tro.Psn,"Trompowsky Attack, Poisoned Pawn",A45,A.Tro,d2d4 g8f6 c1g5 c7c5 d4d5 d8b6,2,Poisoned Pawn Variation,sharp,...c5 and ...Qb6 pressure against b2.,,,
A.Tor.ClD,"Torre Attack, Classical Defence",A46,A.Tor,d2d4 g8f6 g1f3 e7e6 c1g5 f8e7,2,Classical Defence,closed,...Be7 against the Torre Attack.,,,
A.Tor.Yus,"Torre Attack, Yusupov-Rubinstein System",A46,A.Tor,d2d4 g8f6 g1f3 e7e6 c1g5 c7c5 e2e3,2,Yusupov-Rubinstein System,closed,e3 against ...c5 Torre structures.,,,
A.Col.Kol,"Colle System, Koltanowski",D04,A.Col,d2d4 d7d5 g1f3 g8f6 e2e3 e7e6 f1d3 c7c5 c2c3,2,Koltanowski System,closed,c3 support in the classical Colle setup.,,,
A.Col.Zuk,"Colle System, Zukertort",D05,A.Col,d2d4 d7d5 g1f3 g8f6 e2e3 e7e6 f1d3 c7c5 b2b3,2,Zukertort System,closed,b3/Bb2 queenside fianchetto in the Colle family.,,,
A.Col.Phn,"Colle System, Phoenix Attack",D05,A.Col,d2d4 d7d5 g1f3 g8f6 e2e3 e7e6 f1d3 c7c5 c2c3 b7b6,2,Phoenix Attack,closed,c3 and ...b6 structure in Colle play.,,,
A.Lon.Cls,"London System, Classical Line",A48,A.Lon,d2d4 d7d5 g1f3 g8f6 c1f4 e7e6 e2e3,2,Classical Line,closed,e3 development in the main London setup.,,,
A.Lon.Msn,"London System, Mason Line",A48,A.Lon,d2d4 d7d5 g1f3 g8f6 c1f4 c7c5 e2e3,2,Mason Line,closed,...c5 challenge against the London bishop setup.,,,
A.Lon.Job.Nc6,"Jobava London, Nc6 Line",A45,A.Lon.Job,d2d4 d7d5 b1c3 g8f6 c1f4 b8c6,3,Nc6 Line,sharp,...Nc6 against the Jobava-Prié Attack.,,,
A.Ret.KIA,"Réti Opening, KIA Setup",A07,A.Ret,g1f3 d7d5 g2g3 g8f6 f1g2 e7e6 e1g1 f8e7,2,King's Indian Attack Setup,closed,Nf3/g3/Bg2/O-O Réti move order into KIA structures.,,,
A.Ret.Nim,"Réti Opening, Nimzowitsch-Larsen Setup",A06,A.Ret,g1f3 d7d5 b2b3 g8f6 c1b2,2,Nimzowitsch-Larsen Setup,closed,b3/Bb2 development from the Réti move order.,,,
A.Ret.Eng,"Réti Opening, English Transposition",A05,A.Ret,g1f3 g8f6 c2c4 e7e6 g2g3 d7d5 f1g2,2,English Transposition,closed,Nf3/c4/g3 structure that can transpose to English or Catalan play.,,,
A.KIA.Sic,"King's Indian Attack, Sicilian Setup",A07,A.KIA,e2e4 c7c5 g1f3 e7e6 d2d3 d7d5 b1d2,2,Sicilian Setup,closed,KIA development against Sicilian-style ...c5/...e6.,,,
A.KIA.Car,"King's Indian Attack, Caro-Kann Setup",A07,A.KIA,e2e4 c7c6 d2d3 d7d5 b1d2,2,Caro-Kann Setup,closed,KIA development against ...c6/...d5 structures.,,,
D.QPG.Zuk.Col,"Queen's Pawn Zukertort, Colle Setup",D02,D.QPG.Zuk,d2d4 d7d5 g1f3 g8f6 e2e3 e7e6,3,Colle Setup,closed,Zukertort move order into e3 Colle structures.,,,
D.QPG.Ver,"Queen's Pawn Game, Veresov Setup",D01,D.QPG,d2d4 d7d5 b1c3 g8f6 c1g5,2,Veresov Setup,sharp,Nc3 and Bg5 against 1...d5.,,,
