ocn1	eco	seq
A.Eng	A10	0
A.Eng	A11	1
A.Eng	A12	2
A.Eng	A13	3
A.Eng	A14	4
A.Eng	A15	5
A.Eng	A16	6
A.Eng	A17	7
A.Eng	A18	8
A.Eng	A19	9
A.Eng	A20	10
A.Eng	A21	11
A.Eng	A22	12
A.Eng	A23	13
A.Eng	A24	14
A.Eng	A25	15
A.Eng	A26	16
A.Eng	A27	17
A.Eng	A28	18
A.Eng	A29	19
A.Eng	A30	20
A.Eng	A31	21
A.Eng	A32	22
A.Eng	A33	23
A.Eng	A34	24
A.Eng	A35	25
A.Eng	A36	26
A.Eng	A37	27
A.Eng	A38	28
A.Eng	A39	29
A.Eng.Sym	A30	0
A.Eng.Sym	A31	1
A.Eng.Sym	A32	2
A.Eng.Sym	A33	3
A.Eng.Sym	A34	4
A.Eng.Sym	A35	5
A.Eng.Sym	A36	6
A.Eng.Sym	A37	7
A.Eng.Sym	A38	8
A.Eng.Sym	A39	9
A.Eng.Rev	A20	0
A.Eng.Rev	A21	1
A.Eng.Rev	A22	2
A.Eng.Rev	A23	3
A.Eng.Rev	A24	4
A.Eng.Rev	A25	5
A.Eng.Rev	A26	6
A.Eng.Rev	A27	7
A.Eng.Rev	A28	8
A.Eng.Rev	A29	9
A.Hol	A80	0
A.Hol	A81	1
A.Hol	A82	2
A.Hol	A83	3
A.Hol	A84	4
A.Hol	A85	5
A.Hol	A86	6
A.Hol	A87	7
A.Hol	A88	8
A.Hol	A89	9
A.Hol	A90	10
A.Hol	A91	11
A.Hol	A92	12
A.Hol	A93	13
A.Hol	A94	14
A.Hol	A95	15
A.Hol	A96	16
A.Hol	A97	17
A.Hol	A98	18
A.Hol	A99	19
A.Hol.Lng	A87	0
A.Hol.Lng	A88	1
A.Hol.Lng	A89	2
A.Hol.Sto	A84	0
A.Hol.Sto	A85	1
A.Hol.Cls	A96	0
A.Hol.Cls	A97	1
A.Hol.Cls	A98	2
A.Hol.Cls	A99	3
E.Ben	A57	0
E.Ben	A58	1
E.Ben	A59	2
E.Ben	A60	3
E.Ben	A61	4
E.Ben	A62	5
E.Ben	A63	6
E.Ben	A64	7
E.Ben	A65	8
E.Ben	A66	9
E.Ben	A67	10
E.Ben	A68	11
E.Ben	A69	12
E.Ben	A70	13
E.Ben	A71	14
E.Ben	A72	15
E.Ben	A73	16
E.Ben	A74	17
E.Ben	A75	18
E.Ben	A76	19
E.Ben	A77	20
E.Ben	A78	21
E.Ben	A79	22
E.Ben.Mod	A60	0
E.Ben.Mod	A61	1
E.Ben.Mod	A62	2
E.Ben.Mod	A63	3
E.Ben.Mod	A64	4
E.Ben.Mod	A65	5
E.Ben.Mod	A66	6
E.Ben.Mod	A67	7
E.Ben.Mod	A68	8
E.Ben.Mod	A69	9
E.Ben.Mod	A70	10
E.Ben.Mod	A71	11
E.Ben.Mod	A72	12
E.Ben.Mod	A73	13
E.Ben.Mod	A74	14
E.Ben.Mod	A75	15
E.Ben.Mod	A76	16
E.Ben.Mod	A77	17
E.Ben.Mod	A78	18
E.Ben.Mod	A79	19
E.Ben.Bnk	A57	0
E.Ben.Bnk	A58	1
E.Ben.Bnk	A59	2
E.Ben.Czk	A56	0
A.Tro	A45	0
A.Lon	D02	0
A.Bir	A02	0
A.Bir	A03	1
A.Lar	A01	0
A.Ret	A04	0
A.Ret	A05	1
A.Ret	A06	2
A.Ret	A07	3
A.Ret	A08	4
A.Ret	A09	5
A.Owe	A40	0
A.Owe	B00	1
A.Pol	A00	0
B.Sic	B20	0
B.Sic	B21	1
B.Sic	B22	2
B.Sic	B23	3
B.Sic	B24	4
B.Sic	B25	5
B.Sic	B26	6
B.Sic	B27	7
B.Sic	B28	8
B.Sic	B29	9
B.Sic	B30	10
B.Sic	B31	11
B.Sic	B32	12
B.Sic	B33	13
B.Sic	B34	14
B.Sic	B35	15
B.Sic	B36	16
B.Sic	B37	17
B.Sic	B38	18
B.Sic	B39	19
B.Sic	B40	20
B.Sic	B41	21
B.Sic	B42	22
B.Sic	B43	23
B.Sic	B44	24
B.Sic	B45	25
B.Sic	B46	26
B.Sic	B47	27
B.Sic	B48	28
B.Sic	B49	29
B.Sic	B50	30
B.Sic	B51	31
B.Sic	B52	32
B.Sic	B53	33
B.Sic	B54	34
B.Sic	B55	35
B.Sic	B56	36
B.Sic	B57	37
B.Sic	B58	38
B.Sic	B59	39
B.Sic	B60	40
B.Sic	B61	41
B.Sic	B62	42
B.Sic	B63	43
B.Sic	B64	44
B.Sic	B65	45
B.Sic	B66	46
B.Sic	B67	47
B.Sic	B68	48
B.Sic	B69	49
B.Sic	B70	50
B.Sic	B71	51
B.Sic	B72	52
B.Sic	B73	53
B.Sic	B74	54
B.Sic	B75	55
B.Sic	B76	56
B.Sic	B77	57
B.Sic	B78	58
B.Sic	B79	59
B.Sic	B80	60
B.Sic	B81	61
B.Sic	B82	62
B.Sic	B83	63
B.Sic	B84	64
B.Sic	B85	65
B.Sic	B86	66
B.Sic	B87	67
B.Sic	B88	68
B.Sic	B89	69
B.Sic	B90	70
B.Sic	B91	71
B.Sic	B92	72
B.Sic	B93	73
B.Sic	B94	74
B.Sic	B95	75
B.Sic	B96	76
B.Sic	B97	77
B.Sic	B98	78
B.Sic	B99	79
B.Sic.Naj	B90	0
B.Sic.Naj	B91	1
B.Sic.Naj	B92	2
B.Sic.Naj	B93	3
B.Sic.Naj	B94	4
B.Sic.Naj	B95	5
B.Sic.Naj	B96	6
B.Sic.Naj	B97	7
B.Sic.Naj	B98	8
B.Sic.Naj	B99	9
B.Sic.Naj.Eng	B90	0
B.Sic.Naj.Sch	B92	0
B.Sic.Naj.Sch	B93	1
B.Sic.Naj.Adm	B90	0
B.Sic.Naj.Pol	B96	0
B.Sic.Naj.Pst	B97	0
B.Sic.Sve	B33	0
B.Sic.Sve.Nd5	B33	0
B.Sic.Sve.Nd5.Be7	B33	0
B.Sic.Sve.Nd5.Be7.Bxf6	B33	0
B.Sic.Sve.Nd5.Qa5	B33	0
B.Sic.Sve.Bxf6	B33	0
B.Sic.Sve.Bxf6.Nd5	B33	0
B.Sic.Sve.Bxf6.Nd5.Bg7	B33	0
B.Sic.Sve.Bxf6.Nd5.f5	B33	0
B.Sic.Dra	B70	0
B.Sic.Dra	B71	1
B.Sic.Dra	B72	2
B.Sic.Dra	B73	3
B.Sic.Dra	B74	4
B.Sic.Dra	B75	5
B.Sic.Dra	B76	6
B.Sic.Dra	B77	7
B.Sic.Dra	B78	8
B.Sic.Dra	B79	9
B.Sic.Dra.Yug	B76	0
B.Sic.Dra.Yug	B77	1
B.Sic.Dra.Yug	B78	2
B.Sic.Dra.Yug	B79	3
B.Sic.Sch	B80	0
B.Sic.Sch	B81	1
B.Sic.Sch	B82	2
B.Sic.Sch	B83	3
B.Sic.Sch	B84	4
B.Sic.Sch	B85	5
B.Sic.Sch	B86	6
B.Sic.Sch	B87	7
B.Sic.Sch	B88	8
B.Sic.Sch	B89	9
B.Sic.Sch.Krs	B81	0
B.Sic.Tay	B40	0
B.Sic.Tay	B41	1
B.Sic.Tay	B42	2
B.Sic.Tay	B43	3
B.Sic.Tay	B44	4
B.Sic.Tay	B45	5
B.Sic.Tay	B46	6
B.Sic.Tay	B47	7
B.Sic.Tay	B48	8
B.Sic.Tay	B49	9
B.Sic.Kan	B41	0
B.Sic.Kan	B42	1
B.Sic.Kan	B43	2
B.Sic.Cls	B56	0
B.Sic.Cls	B57	1
B.Sic.Cls	B58	2
B.Sic.Cls	B59	3
B.Sic.Cls	B60	4
B.Sic.Cls	B61	5
B.Sic.Cls	B62	6
B.Sic.Cls	B63	7
B.Sic.Cls	B64	8
B.Sic.Cls	B65	9
B.Sic.Cls	B66	10
B.Sic.Cls	B67	11
B.Sic.Cls	B68	12
B.Sic.Cls	B69	13
B.Sic.Ros	B30	0
B.Sic.Ros	B31	1
B.Sic.Mor	B51	0
B.Sic.Mor	B52	1
B.Sic.Alp	B22	0
B.Sic.SmM	B21	0
B.Sic.Cls.Rch	B60	0
B.Sic.Cls.Rch	B61	1
B.Sic.Cls.Rch	B62	2
B.Sic.Cls.Rch	B63	3
B.Sic.Cls.Rch	B64	4
B.Sic.Cls.Rch	B65	5
B.Sic.Cls.Rch	B66	6
B.Sic.Cls.Rch	B67	7
B.Sic.Cls.Rch	B68	8
B.Sic.Cls.Rch	B69	9
B.Sic.OKn	B50	0
B.CaK	B10	0
B.CaK	B11	1
B.CaK	B12	2
B.CaK	B13	3
B.CaK	B14	4
B.CaK	B15	5
B.CaK	B16	6
B.CaK	B17	7
B.CaK	B18	8
B.CaK	B19	9
B.CaK.Adv	B12	0
B.CaK.Cls	B18	0
B.CaK.Cls	B19	1
B.CaK.Pmv	B13	0
B.CaK.Pmv	B14	1
B.CaK.Two	B11	0
B.Fre	C00	0
B.Fre	C01	1
B.Fre	C02	2
B.Fre	C03	3
B.Fre	C04	4
B.Fre	C05	5
B.Fre	C06	6
B.Fre	C07	7
B.Fre	C08	8
B.Fre	C09	9
B.Fre	C10	10
B.Fre	C11	11
B.Fre	C12	12
B.Fre	C13	13
B.Fre	C14	14
B.Fre	C15	15
B.Fre	C16	16
B.Fre	C17	17
B.Fre	C18	18
B.Fre	C19	19
B.Fre.Win	C15	0
B.Fre.Win	C16	1
B.Fre.Win	C17	2
B.Fre.Win	C18	3
B.Fre.Win	C19	4
B.Fre.Tar	C03	0
B.Fre.Tar	C04	1
B.Fre.Tar	C05	2
B.Fre.Tar	C06	3
B.Fre.Tar	C07	4
B.Fre.Tar	C08	5
B.Fre.Tar	C09	6
B.Fre.Adv	C02	0
B.Fre.Cls	C13	0
B.Fre.Cls	C14	1
B.Fre.Exc	C01	0
B.Pir	B07	0
B.Pir	B08	1
B.Pir	B09	2
B.Mod	B06	0
B.Sca	B01	0
B.Ale	B02	0
B.Ale	B03	1
B.Ale	B04	2
B.Ale	B05	3
B.OwM	B00	0
C.RyL	C60	0
C.RyL	C61	1
C.RyL	C62	2
C.RyL	C63	3
C.RyL	C64	4
C.RyL	C65	5
C.RyL	C66	6
C.RyL	C67	7
C.RyL	C68	8
C.RyL	C69	9
C.RyL	C70	10
C.RyL	C71	11
C.RyL	C72	12
C.RyL	C73	13
C.RyL	C74	14
C.RyL	C75	15
C.RyL	C76	16
C.RyL	C77	17
C.RyL	C78	18
C.RyL	C79	19
C.RyL	C80	20
C.RyL	C81	21
C.RyL	C82	22
C.RyL	C83	23
C.RyL	C84	24
C.RyL	C85	25
C.RyL	C86	26
C.RyL	C87	27
C.RyL	C88	28
C.RyL	C89	29
C.RyL	C90	30
C.RyL	C91	31
C.RyL	C92	32
C.RyL	C93	33
C.RyL	C94	34
C.RyL	C95	35
C.RyL	C96	36
C.RyL	C97	37
C.RyL	C98	38
C.RyL	C99	39
C.RyL.Ber	C65	0
C.RyL.Ber	C66	1
C.RyL.Ber	C67	2
C.RyL.Ber.Wal.End	C67	0
C.RyL.Mar	C89	0
C.RyL.AntM	C88	0
C.RyL.Cls	C84	0
C.RyL.Cls	C85	1
C.RyL.Cls	C86	2
C.RyL.Cls	C87	3
C.RyL.Cls	C88	4
C.RyL.Cls	C89	5
C.RyL.Cls	C90	6
C.RyL.Cls	C91	7
C.RyL.Cls	C92	8
C.RyL.Cls	C93	9
C.RyL.Cls	C94	10
C.RyL.Cls	C95	11
C.RyL.Cls	C96	12
C.RyL.Cls	C97	13
C.RyL.Cls	C98	14
C.RyL.Cls	C99	15
C.RyL.Brk	C92	0
C.RyL.Brk	C93	1
C.RyL.Brk	C94	2
C.RyL.Brk	C95	3
C.RyL.Zai	C92	0
C.RyL.Zai	C93	1
C.RyL.Zai	C94	2
C.RyL.Zai	C95	3
C.RyL.Cha	C97	0
C.RyL.Cha	C98	1
C.RyL.Cha	C99	2
C.RyL.Exc	C68	0
C.RyL.Exc	C69	1
C.Ita	C50	0
C.Ita	C51	1
C.Ita	C52	2
C.Ita	C53	3
C.Ita	C54	4
C.Ita	C55	5
C.Ita	C56	6
C.Ita	C57	7
C.Ita	C58	8
C.Ita	C59	9
C.Ita.Two	C55	0
C.Ita.Two	C56	1
C.Ita.Two	C57	2
C.Ita.Two	C58	3
C.Ita.Two	C59	4
C.Ita.Evn	C51	0
C.Ita.Evn	C52	1
C.Ita.Pia	C50	0
C.KGm	C30	0
C.KGm	C31	1
C.KGm	C32	2
C.KGm	C33	3
C.KGm	C34	4
C.KGm	C35	5
C.KGm	C36	6
C.KGm	C37	7
C.KGm	C38	8
C.KGm	C39	9
C.KGm.Acc	C33	0
C.KGm.Acc	C34	1
C.KGm.Acc	C35	2
C.KGm.Acc	C36	3
C.KGm.Acc	C37	4
C.KGm.Acc	C38	5
C.KGm.Acc	C39	6
C.KGm.Dec	C30	0
C.KGm.Dec	C31	1
C.KGm.Dec	C32	2
C.Pet	C42	0
C.Pet	C43	1
C.Sco	C44	0
C.Sco	C45	1
C.Sco.Mie	C45	0
C.Vie	C25	0
C.Vie	C26	1
C.Vie	C27	2
C.Vie	C28	3
C.Vie	C29	4
C.PhD	C41	0
C.LtO	C40	0
D.QGD	D30	0
D.QGD	D31	1
D.QGD	D32	2
D.QGD	D33	3
D.QGD	D34	4
D.QGD	D35	5
D.QGD	D36	6
D.QGD	D37	7
D.QGD	D38	8
D.QGD	D39	9
D.QGD	D40	10
D.QGD	D41	11
D.QGD	D42	12
D.QGD	D43	13
D.QGD	D44	14
D.QGD	D45	15
D.QGD	D46	16
D.QGD	D47	17
D.QGD	D48	18
D.QGD	D49	19
D.QGD	D50	20
D.QGD	D51	21
D.QGD	D52	22
D.QGD	D53	23
D.QGD	D54	24
D.QGD	D55	25
D.QGD	D56	26
D.QGD	D57	27
D.QGD	D58	28
D.QGD	D59	29
D.QGD	D60	30
D.QGD	D61	31
D.QGD	D62	32
D.QGD	D63	33
D.QGD	D64	34
D.QGD	D65	35
D.QGD	D66	36
D.QGD	D67	37
D.QGD	D68	38
D.QGD	D69	39
D.QGD.Ort	D60	0
D.QGD.Ort	D61	1
D.QGD.Ort	D62	2
D.QGD.Ort	D63	3
D.QGD.Ort	D64	4
D.QGD.Ort	D65	5
D.QGD.Ort	D66	6
D.QGD.Ort	D67	7
D.QGD.Ort	D68	8
D.QGD.Ort	D69	9
D.QGD.Tar	D58	0
D.QGD.Tar	D59	1
D.QGD.Lsk	D55	0
D.QGD.Lsk	D56	1
D.QGD.Lsk	D57	2
D.QGD.Cmb	D52	0
D.QGD.Exc	D35	0
D.QGD.Exc	D36	1
D.QGA	D20	0
D.QGA	D21	1
D.QGA	D22	2
D.QGA	D23	3
D.QGA	D24	4
D.QGA	D25	5
D.QGA	D26	6
D.QGA	D27	7
D.QGA	D28	8
D.QGA	D29	9
D.Sla	D10	0
D.Sla	D11	1
D.Sla	D12	2
D.Sla	D13	3
D.Sla	D14	4
D.Sla	D15	5
D.Sla	D16	6
D.Sla	D17	7
D.Sla	D18	8
D.Sla	D19	9
D.Sem	D43	0
D.Sem	D44	1
D.Sem	D45	2
D.Sem	D46	3
D.Sem	D47	4
D.Sem	D48	5
D.Sem	D49	6
D.Sem.Mer	D47	0
D.Sem.Mer	D48	1
D.Sem.Mer	D49	2
D.Sem.Bg5	D43	0
D.Sem.Bg5	D44	1
D.Sem.Bg5.Mos	D43	0
D.Sem.Bg5.AMo	D43	0
D.Sem.Bg5.AMo	D44	1
D.Sem.Bg5.Bot	D44	0
D.Sla.Exc	D10	0
D.Sla.Exc	D13	1
D.Sla.Cls	D17	0
D.Sla.Cls	D18	1
D.Sla.Cls	D19	2
D.Cat	E00	0
D.Cat	E01	1
D.Cat	E02	2
D.Cat	E03	3
D.Cat	E04	4
D.Cat	E05	5
D.Cat	E06	6
D.Cat	E07	7
D.Cat	E08	8
D.Cat	E09	9
D.Cat.Ope	E04	0
D.Cat.Ope	E05	1
D.Cat.Cls	E06	0
D.Cat.Cls	E07	1
D.Cat.Cls	E08	2
D.Cat.Cls	E09	3
D.Tar	D32	0
D.Tar	D33	1
D.Tar	D34	2
D.STa	D40	0
D.STa	D41	1
D.STa	D42	2
D.QGD.Vie	D37	0
D.QGD.Vie	D38	1
D.QGD.Vie	D39	2
D.QGD.Rag	D38	0
D.QGD.Rag	D39	1
D.Alb	D08	0
D.Alb	D09	1
D.Bgm	D00	0
E.KID	E60	0
E.KID	E61	1
E.KID	E62	2
E.KID	E63	3
E.KID	E64	4
E.KID	E65	5
E.KID	E66	6
E.KID	E67	7
E.KID	E68	8
E.KID	E69	9
E.KID	E70	10
E.KID	E71	11
E.KID	E72	12
E.KID	E73	13
E.KID	E74	14
E.KID	E75	15
E.KID	E76	16
E.KID	E77	17
E.KID	E78	18
E.KID	E79	19
E.KID	E80	20
E.KID	E81	21
E.KID	E82	22
E.KID	E83	23
E.KID	E84	24
E.KID	E85	25
E.KID	E86	26
E.KID	E87	27
E.KID	E88	28
E.KID	E89	29
E.KID	E90	30
E.KID	E91	31
E.KID	E92	32
E.KID	E93	33
E.KID	E94	34
E.KID	E95	35
E.KID	E96	36
E.KID	E97	37
E.KID	E98	38
E.KID	E99	39
E.KID.Sml	E80	0
E.KID.Sml	E81	1
E.KID.Sml	E82	2
E.KID.Sml	E83	3
E.KID.Sml	E84	4
E.KID.Sml	E85	5
E.KID.Sml	E86	6
E.KID.Sml	E87	7
E.KID.Sml	E88	8
E.KID.Sml	E89	9
E.KID.Cls	E91	0
E.KID.Cls	E92	1
E.KID.Cls	E93	2
E.KID.Cls	E94	3
E.KID.Cls	E95	4
E.KID.Cls	E96	5
E.KID.Cls	E97	6
E.KID.Cls	E98	7
E.KID.Cls	E99	8
E.KID.Cls.Mar	E97	0
E.KID.Fch	E60	0
E.KID.Fch	E61	1
E.KID.Fch	E62	2
E.KID.Fch	E63	3
E.KID.Fch	E64	4
E.KID.Fch	E65	5
E.KID.Fch	E66	6
E.KID.Fch	E67	7
E.KID.Fch	E68	8
E.KID.Fch	E69	9
E.KID.Avk	E73	0
E.KID.Fou	E76	0
E.KID.Fou	E77	1
E.KID.Fou	E78	2
E.KID.Fou	E79	3
E.Nim	E20	0
E.Nim	E21	1
E.Nim	E22	2
E.Nim	E23	3
E.Nim	E24	4
E.Nim	E25	5
E.Nim	E26	6
E.Nim	E27	7
E.Nim	E28	8
E.Nim	E29	9
E.Nim	E30	10
E.Nim	E31	11
E.Nim	E32	12
E.Nim	E33	13
E.Nim	E34	14
E.Nim	E35	15
E.Nim	E36	16
E.Nim	E37	17
E.Nim	E38	18
E.Nim	E39	19
E.Nim	E40	20
E.Nim	E41	21
E.Nim	E42	22
E.Nim	E43	23
E.Nim	E44	24
E.Nim	E45	25
E.Nim	E46	26
E.Nim	E47	27
E.Nim	E48	28
E.Nim	E49	29
E.Nim	E50	30
E.Nim	E51	31
E.Nim	E52	32
E.Nim	E53	33
E.Nim	E54	34
E.Nim	E55	35
E.Nim	E56	36
E.Nim	E57	37
E.Nim	E58	38
E.Nim	E59	39
E.Nim.Rub	E40	0
E.Nim.Rub	E41	1
E.Nim.Rub	E42	2
E.Nim.Rub	E43	3
E.Nim.Rub	E44	4
E.Nim.Rub	E45	5
E.Nim.Rub	E46	6
E.Nim.Rub	E47	7
E.Nim.Rub	E48	8
E.Nim.Rub	E49	9
E.Nim.Rub	E50	10
E.Nim.Rub	E51	11
E.Nim.Rub	E52	12
E.Nim.Rub	E53	13
E.Nim.Rub	E54	14
E.Nim.Rub	E55	15
E.Nim.Rub	E56	16
E.Nim.Rub	E57	17
E.Nim.Rub	E58	18
E.Nim.Rub	E59	19
E.Nim.Cls	E32	0
E.Nim.Cls	E33	1
E.Nim.Cls	E34	2
E.Nim.Cls	E35	3
E.Nim.Cls	E36	4
E.Nim.Cls	E37	5
E.Nim.Cls	E38	6
E.Nim.Cls	E39	7
E.Nim.Sml	E25	0
E.Nim.Sml	E26	1
E.Nim.Sml	E27	2
E.Nim.Sml	E28	3
E.Nim.Sml	E29	4
E.Nim.Lng	E30	0
E.Nim.Lng	E31	1
E.QID	E12	0
E.QID	E13	1
E.QID	E14	2
E.QID	E15	3
E.QID	E16	4
E.QID	E17	5
E.QID	E18	6
E.QID	E19	7
E.QID.Pet	E12	0
E.QID.Pet	E13	1
E.QID.Mod	E15	0
E.QID.Mod	E16	1
E.QID.Mod	E17	2
E.QID.Mod	E18	3
E.QID.Mod	E19	4
E.Bog	E11	0
E.OldI	A53	0
E.OldI	A54	1
E.OldI	A55	2
E.Gru	D70	0
E.Gru	D71	1
E.Gru	D72	2
E.Gru	D73	3
E.Gru	D74	4
E.Gru	D75	5
E.Gru	D76	6
E.Gru	D77	7
E.Gru	D78	8
E.Gru	D79	9
E.Gru	D80	10
E.Gru	D81	11
E.Gru	D82	12
E.Gru	D83	13
E.Gru	D84	14
E.Gru	D85	15
E.Gru	D86	16
E.Gru	D87	17
E.Gru	D88	18
E.Gru	D89	19
E.Gru	D90	20
E.Gru	D91	21
E.Gru	D92	22
E.Gru	D93	23
E.Gru	D94	24
E.Gru	D95	25
E.Gru	D96	26
E.Gru	D97	27
E.Gru	D98	28
E.Gru	D99	29
E.Gru.Exc	D85	0
E.Gru.Exc	D86	1
E.Gru.Rus	D96	0
E.Gru.Rus	D97	1
E.Gru.Rus	D98	2
E.Gru.Rus	D99	3
E.Gru.Fch	D78	0
E.Gru.Fch	D79	1
A.KIA	A05	0
A.KIA	A07	1
A.KIA	A08	2
A.KIA.Fre	A08	0
A.Ret.Acc	A09	0
A.Ret.Adv	A09	0
A.Ret.Fch	A05	0
A.Eng.Rev.Fou	A28	0
A.Hng	A00	0
A.Gro	A00	0
A.Van	A00	0
A.Bir.Fro	A02	0
A.Tor	A46	0
A.Ver	A45	0
A.Ver	D01	1
A.Col	D04	0
A.Col	D05	1
A.Lon.Job	A45	0
A.Lon.Job	D00	1
B.Nim	B00	0
B.Nim.Ken	B00	0
B.Sca.Mod	B01	0
B.Sca.Por	B01	0
B.Sca.Ice	B01	0
B.Ale.Fou	B03	0
B.Ale.Exc	B03	0
B.Pir.Aus	B09	0
B.Pir.Cls	B08	0
B.Pir.Fch	B07	0
B.Mod.Avk	B06	0
B.Fre.Rub	C10	0
B.Fre.Bur	C11	0
B.Fre.Mac	C12	0
B.CaK.Exc	B13	0
B.CaK.Kar	B17	0
C.Fou	C47	0
C.Fou	C48	1
C.Fou	C49	2
C.Fou.Glk	C47	0
C.Fou.Sco	C47	0
C.Fou.Spa	C48	0
C.Fou.Spa	C49	1
C.Fou.Spa.Rub	C48	0
C.Fou.Hal	C47	0
C.Bsh	C23	0
C.Bsh	C24	1
C.Bsh.Urs	C24	0
C.Bsh.Urs	C43	1
C.Pon	C44	0
C.Pon.Jae	C44	0
C.Pon.CGm	C44	0
C.Cen	C21	0
C.Cen	C22	1
C.Cen.Dsh	C21	0
C.Cen.Pau	C22	0
C.Ita.Giu	C50	0
C.Ita.Giu	C53	1
C.Ita.Giu	C54	2
C.Ita.Two.Ng5	C57	0
C.Ita.Two.Ng5	C58	1
C.Ita.Two.Ng5	C59	2
C.Ita.Two.Ng5.Trx	C57	0
C.Pet.Coc	C42	0
C.Pet.Mod	C43	0
C.Sco.Gbt	C44	0
C.Vie.Gbt	C25	0
C.PhD.Han	C41	0
D.QGA.Cls	D27	0
D.QGA.Cls	D28	1
D.QGA.Cls	D29	2
D.Sla.Che	D15	0
D.Sem.AMe	D45	0
D.QGD.Har	D37	0
D.Cat.Fch	E06	0
D.Cat.Fch	E07	1
E.KID.Cls.Pet	E92	0
E.KID.Cls.Byn	E97	0
E.KID.Mak	E71	0
E.Nim.Rub.Hub	E41	0
E.Bog.Nim	E11	0
E.Bog.WSm	E11	0
E.QID.Cls	E17	0
E.QID.Cls	E18	1
E.Gru.Sml	D80	0
E.Gru.Brn	D80	0
E.OldI.Ukr	A54	0
B.Sic.Clo	B23	0
B.Sic.Clo	B24	1
B.Sic.Clo	B25	2
B.Sic.Clo	B26	3
B.Sic.Clo.GPr	B23	0
B.Sic.Clo.Fch	B24	0
B.Sic.Clo.Fch	B25	1
B.Sic.Clo.Fch	B26	2
B.Sic.Win	B20	0
B.Sic.Bow	B20	0
B.CaK.Fan	B12	0
B.CaK.Brn	B16	0
B.CaK.Sml	B12	0
B.Fre.Stn	C11	0
B.Fre.FKn	C10	0
B.Pir.Byr	B07	0
B.Pir.150	B07	0
C.RyL.Coz	C60	0
C.RyL.Shl	C63	0
C.RyL.Mor	C70	0
C.RyL.Mor	C71	1
C.RyL.Mor	C72	2
C.RyL.Mor	C73	3
C.RyL.Mor	C74	4
C.RyL.Mor	C75	5
C.RyL.Mor	C76	6
C.RyL.Mor	C77	7
C.RyL.Mor	C78	8
C.RyL.Mor	C79	9
C.RyL.Mor	C80	10
C.RyL.Mor	C81	11
C.RyL.Mor	C82	12
C.RyL.Mor	C83	13
C.RyL.Mor	C84	14
C.RyL.Mor	C85	15
C.RyL.Mor	C86	16
C.RyL.Mor	C87	17
C.RyL.Mor	C88	18
C.RyL.Mor	C89	19
C.RyL.Mor	C90	20
C.RyL.Mor	C91	21
C.RyL.Mor	C92	22
C.RyL.Mor	C93	23
C.RyL.Mor	C94	24
C.RyL.Mor	C95	25
C.RyL.Mor	C96	26
C.RyL.Mor	C97	27
C.RyL.Mor	C98	28
C.RyL.Mor	C99	29
C.RyL.Mor.Opn	C80	0
C.RyL.Mor.Opn	C81	1
C.RyL.Mor.Opn	C82	2
C.RyL.Mor.Opn	C83	3
C.RyL.Mor.StD	C71	0
C.RyL.Mor.StD	C72	1
C.RyL.Mor.StD	C73	2
C.RyL.Mor.StD	C74	3
C.RyL.Mor.StD	C75	4
C.RyL.Mor.StD	C76	5
C.RyL.Mor.Ark	C78	0
C.RyL.Mor.NeA	C78	0
C.RyL.Mor.Nor	C70	0
C.RyL.Mor.Wor	C77	0
C.Ita.Giu.Cls	C53	0
C.Ita.Giu.Cls	C54	1
C.Ita.Giu.Mol	C54	0
C.Ita.Two.Opn	C56	0
C.Ita.Two.Max	C56	0
C.Ita.Two.Ng5.Feg	C57	0
C.Ita.Two.Ng5.Ulv	C57	0
C.Ita.Two.Ng5.Pol	C58	0
C.Ita.Two.Ng5.Pol	C59	1
C.Sco.Gor	C44	0
C.Sco.Cls	C45	0
C.Vie.Mie	C26	0
C.Vie.Fal	C26	0
C.Pet.Cls	C42	0
C.Pet.Stf	C42	0
C.PhD.Lio	C41	0
D.QGA.Jan	D25	0
D.QGA.Man	D23	0
D.Sla.Not	D31	0
D.Sla.Ala	D15	0
D.Tar.Rub	D34	0
D.STa.Exc	D41	0
D.Cat.Ope.Qa4	E03	0
D.Cat.Cls.Qc2	E08	0
D.Cat.Cls.Qc2	E09	1
E.KID.Fch.Pan	E63	0
E.KID.Sml.Pan	E83	0
E.KID.Sml.Pan	E84	1
E.KID.Cls.Glg	E92	0
E.KID.Cls.Exc	E92	0
E.Nim.Kas	E20	0
E.Nim.Fou	E20	0
E.QID.Nim	E15	0
E.QID.Fch	E15	0
E.QID.Fch	E16	1
E.QID.Fch	E17	2
E.QID.Fch	E18	3
E.QID.Fch	E19	4
E.Gru.Exc.Cla	D85	0
E.Gru.Exc.Cla	D86	1
E.Gru.Exc.Sev	D85	0
A.Eng.Sym.Hdg	A30	0
A.Eng.Sym.Hdg	A31	1
A.Eng.Rev.Bot	A22	0
A.Eng.Mik	A18	0
A.Ret.Ang	A11	0
A.Ret.Ang	A12	1
A.Ret.QGI	A06	0
A.Hol.Fch	A81	0
A.Hol.Fch	A86	1
A.Hol.Sta	A82	0
A.Hol.Sta	A83	1
A.Hol.Sto.Bot	A93	0
A.Hol.Cls.IZh	A97	0
A.Hol.Cls.IZh	A98	1
A.Hol.Cls.IZh	A99	2
E.Ben.Old	A43	0
E.Ben.Old	A44	1
E.Ben.Mod.Fch	A61	0
E.Ben.Mod.Fch	A62	1
E.Ben.Mod.Fch	A63	2
E.Ben.Mod.Fch	A64	3
E.Ben.Mod.Fou	A68	0
E.Ben.Mod.Fou	A69	1
E.Ben.Mod.Cls	A70	0
E.Ben.Mod.Cls	A71	1
E.Ben.Mod.Cls	A72	2
E.Ben.Mod.Cls	A73	3
E.Ben.Mod.Cls	A74	4
E.Ben.Mod.Cls	A75	5
E.Ben.Mod.Cls	A76	6
E.Ben.Mod.Cls	A77	7
E.Ben.Mod.Cls	A78	8
E.Ben.Mod.Cls	A79	9
D.Chi	D07	0
D.QGA.Cen	D20	0
D.Sla.Sml	D16	0
D.Sem.AMe.Shr	D45	0
D.Cat.Ope.Qa4.Ale	E03	0
D.Cat.Cls.Bot	E07	0
D.Cat.Cls.Rab	E09	0
D.QGD.Alt	D31	0
E.Bog.Exc	E11	0
E.Bog.Ret	E11	0
E.Bog.Hai	E11	0
E.QID.Kas	E12	0
E.QID.Kas	E13	1
E.QID.Sps	E14	0
E.QID.Mod.Trd	E15	0
E.Nim.Rom	E20	0
E.Nim.Spl	E22	0
E.Nim.Spl	E23	1
E.Nim.Mik	E20	0
E.Nim.Cls.Ker	E32	0
E.Nim.Sml.Bot	E24	0
E.Nim.Sml.Bot	E25	1
E.Gru.Thr	D70	0
E.Gru.Thr	D71	1
E.Gru.Hng	D80	0
E.Gru.Exc.Sps	D87	0
E.KID.Fch.Yug	E64	0
E.KID.Fch.Yug	E65	1
E.KID.Fch.Yug	E66	2
E.KID.Fch.Uhl	E62	0
E.KID.Sml.Byr	E81	0
E.KID.Sml.Ort	E85	0
E.KID.Sml.Ort	E86	1
E.KID.Sml.Ort	E87	2
E.KID.Sml.Ort	E88	3
E.KID.Sml.Ort	E89	4
E.KID.Fou.Dyn	E76	0
E.KID.Avk.Ben	E74	0
E.KID.Avk.Ben	E75	1
A.Ret.Lis	A04	0
A.Hol.Hop	A80	0
E.QID.Mil	E12	0
B.Sic.Acc	B34	0
B.Sic.Acc	B35	1
B.Sic.Acc	B36	2
B.Sic.Acc	B37	3
B.Sic.Acc	B38	4
B.Sic.Acc	B39	5
B.Sic.Acc.Mar	B38	0
B.Sic.Acc.Mar	B39	1
B.Sic.HAc	B27	0
B.Sic.Kal	B32	0
B.Sic.Loe	B32	0
B.Sic.OKe	B28	0
B.Sic.Nim	B29	0
B.Sic.Pin	B40	0
B.Sic.Dra.Cls	B70	0
B.Sic.Dra.Cls	B71	1
B.Sic.Dra.Cls	B72	2
B.Sic.Dra.Cls	B73	3
B.Sic.Dra.Cls	B74	4
B.Sic.Dra.Lev	B71	0
B.Sic.Sch.Eng	B80	0
B.Sic.Sch.Eng	B81	1
B.Sic.Tay.Eng	B48	0
B.Sic.Kan.Mar	B41	0
B.Fre.Adv.Mil	C02	0
B.Fre.Win.Psn	C18	0
B.Fre.Tar.Ope	C07	0
B.Fre.Tar.Ope	C08	1
B.Fre.Tar.Cls	C03	0
B.Fre.Tar.Cls	C04	1
B.Fre.Tar.Cls	C05	2
B.Fre.Tar.Cls	C06	3
B.CaK.Adv.Sht	B12	0
B.CaK.Adv.Tal	B12	0
B.CaK.Tar	B15	0
B.CaK.Gur	B15	0
B.Ale.Mod	B04	0
B.Ale.Chs	B03	0
B.Ale.Bal	B02	0
B.Pir.Cze	B07	0
B.Mod.Tig	B06	0
B.Mod.Pte	B06	0
C.RyL.Ber.Rio	C67	0
C.RyL.Exc.Alk	C68	0
C.RyL.Mor.Opn.Dil	C82	0
C.RyL.Mor.Opn.Hwl	C81	0
C.RyL.Mor.Opn.Rig	C80	0
C.RyL.Mor.StD.Sie	C74	0
C.RyL.Mor.ClD	C70	0
C.RyL.Mor.Fch	C70	0
C.RyL.Mor.Car	C70	0
C.Ita.Giu.Grc	C54	0
C.Ita.Two.Ng5.Frt	C57	0
C.Ita.Two.Ng5.Lol	C57	0
C.KGm.Acc.Kie	C39	0
C.KGm.Acc.Muz	C37	0
C.KGm.Acc.Bsh	C33	0
C.KGm.Acc.All	C39	0
C.KGm.Dec.Fal	C31	0
C.Sco.Pot	C45	0
C.Sco.Gor.Dbl	C44	0
C.Vie.Gbt.Fal	C29	0
C.Vie.Gbt.Hmp	C25	0
C.Vie.Cls	C25	0
C.Vie.Cls	C26	1
C.Fou.Sco.Bel	C47	0
C.Fou.Spa.Dbl	C49	0
C.Fou.Spa.Cls	C48	0
D.QGD.Jan	D31	0
A.Kad	A00	0
A.War	A00	0
A.VtK	A00	0
A.Mie	A00	0
A.And	A00	0
A.Clm	A00	0
A.Ama	A00	0
A.Sod	A00	0
A.Eng.Org	A15	0
A.Owe.Eng	A40	0
A.Mik	A40	0
A.Hor	A40	0
A.Kan	A40	0
A.Egl	A40	0
A.Egl.Dec	A40	0
D.QPG	D00	0
D.QPG.Ama	D00	0
D.QPG.Lev	D00	0
D.Bgm.Acc	D00	0
D.Bgm.Dec	D00	0
D.Rub	D05	0
D.Chi.Jan	D07	0
C.Thr	C46	0
C.Thr.Stn	C46	0
C.Ele	C40	0
C.Dam	C40	0
C.Cen.Dsh.Acc	C21	0
C.LtO.Acc	C40	0
C.KPO	C20	0
C.KPO.Nap	C20	0
C.KPO.Prt	C20	0
C.KPO.Kgt	C40	0
B.Brg	B00	0
B.StG	B00	0
B.Lio	B00	0
B.Rat	B00	0
B.Car	B00	0
B.Gld	B00	0
B.Hip	B00	0
B.War	B00	0
B.OwM.Eng	B00	0
E.Blf	E10	0
E.Blf.Acc	E10	0
E.Gru.Neo	D70	0
E.Gru.Neo	D71	1
E.Gru.Neo	D72	2
E.Gru.Neo	D73	3
E.Gru.Neo	D74	4
E.Gru.Neo	D75	5
E.Gru.Neo	D76	6
E.Gru.Neo	D77	7
E.Gru.Neo	D78	8
E.Gru.Neo	D79	9
E.Ben.Bnk.Acc	A57	0
E.Ben.Bnk.Acc	A58	1
E.Ben.Bnk.Dec	A57	0
E.Gru.Brn.Nad	D80	0
D.QGA.Old	D20	0
D.QGA.Ale	D20	0
D.QGA.Flo	D20	0
D.QGA.Bog	D24	0
D.Sla.Sch	D10	0
D.Sla.Qui	D10	0
D.Sla.Cze	D17	0
D.Sla.Stn	D10	0
D.Sem.Not	D31	0
D.Sem.Mer.Rab	D48	0
D.Sem.Mer.Lun	D48	0
D.Sem.Bg5.Mos.Qxf6	D43	0
D.QGD.Ort.Rub	D60	0
D.QGD.Ort.Cap	D63	0
D.QGD.Exc.Car	D35	0
D.QGD.Exc.Min	D36	0
D.Cat.Ope.Yug	E04	0
D.Cat.Ope.Bb4	E04	0
D.Cat.Cls.Kor	E08	0
D.Tar.HSc	D32	0
D.STa.Kmo	D41	0
E.KID.Cls.Bol	E94	0
E.KID.Cls.Ort	E94	0
E.KID.Cls.Ort	E95	1
E.KID.Cls.Arb	E97	0
E.KID.Sml.Bob	E84	0
E.KID.Sml.Krs	E80	0
E.KID.Fch.Sim	E62	0
E.KID.Fch.Kav	E62	0
E.KID.Avk.Fle	E73	0
E.Nim.Rub.Flo	E40	0
E.Nim.Rub.Res	E46	0
E.Nim.Rub.Kmo	E40	0
E.Nim.Cls.Noa	E34	0
E.Nim.Cls.Bot	E32	0
E.Nim.Cls.Mil	E33	0
E.Nim.Sml.Kmo	E26	0
E.QID.Pet.Kas	E12	0
E.QID.Mod.Fch	E15	0
E.QID.Euw	E17	0
E.Bog.Rom	E11	0
E.Bog.Ret.Fch	E11	0
E.OldI.Cls	A54	0
E.OldI.Jan	A53	0
E.Gru.Rus.Prz	D97	0
E.Gru.Rus.Szs	D97	0
E.Gru.Exc.SeV	D87	0
E.Gru.Exc.Mod	D85	0
E.Gru.Fch.Pac	D78	0
E.Blf.Dec	E10	0
A.Pol.Cen	A00	0
A.Pol.Bhm	A00	0
A.Pol.Cze	A00	0
A.Gro.Gbt	A00	0
A.Gro.Zil	A00	0
A.Hng.Cat	A00	0
A.Hng.Sic	A00	0
A.Van.ReN	A00	0
A.Van.ReS	A00	0
A.Van.Tub	A00	0
A.Bir.Dut	A03	0
A.Bir.Fro.Lsk	A02	0
D.QPG.Lon	D00	0
D.QPG.Chi	D00	0
D.QPG.Mas	D00	0
D.QPG.Sto	D00	0
D.QPG.Zuk	D02	0
D.QPG.Tor	D03	0
D.Bgm.Acc.Bog	D00	0
D.Bgm.Acc.Euw	D00	0
D.Bgm.Acc.Tei	D00	0
D.Chi.Exc	D07	0
D.Chi.Laz	D07	0
D.Chi.MLn	D07	0
D.Sla.Dim	D10	0
D.Sla.Win	D10	0
D.Sla.Exc.Boo	D10	0
D.Sla.Che.Adv	D15	0
D.Sla.Cls.Bld	D17	0
D.Tar.Mar	D32	0
D.Tar.Prg	D33	0
D.Tar.Cls	D34	0
D.STa.Pil	D40	0
D.STa.Sym	D40	0
E.Bog.NEn	E11	0
E.QID.Pet.And	E12	0
E.QID.Pet.Hdg	E12	0
E.Nim.Kas.Kor	E21	0
E.Nim.Spl.Rom	E23	0
E.Nim.Lng.Avg	E30	0
E.Nim.Cls.Zur	E33	0
E.Nim.Rub.Tai	E40	0
E.Nim.Rub.StP	E43	0
E.QID.Mod.Sms	E15	0
E.Gru.Fch.Euw	D78	0
E.Blf.Spl	E10	0
C.Ita.Evn.Acc	C51	0
C.Ita.Evn.Dec	C52	0
C.RyL.Shl.Jae	C63	0
C.Pet.Thr	C42	0
A.Gro.Dbl	A00	0
A.Gro.Als	A00	0
A.Gro.Kee	A00	0
A.Gro.Spk	A00	0
A.Hng.Sym	A00	0
A.Hng.Sla	A00	0
A.Hng.ReM	A00	0
A.Hng.ReA	A00	0
A.Pol.Dut	A00	0
A.Pol.Bug	A00	0
A.Pol.Bal	A00	0
A.Bir.Hob	A02	0
A.Bir.Hor	A02	0
A.Bir.Muj	A02	0
A.Bir.Wil	A03	0
D.QPG.Lev.Wel	D00	0
D.QPG.Lon.Stn	D00	0
D.QPG.Chi.Alb	D00	0
D.QPG.Chi.Iri	D00	0
D.QPG.Zur	D00	0
D.QPG.Tor.Gos	D03	0
D.Bgm.Acc.Gun	D00	0
D.Bgm.Acc.Zie	D00	0
D.Bgm.Dec.Elb	D00	0
D.Bgm.Dec.Lam	D00	0
D.Chi.Tar	D07	0
D.Chi.Jan.Mod	D07	0
D.Sla.Qui.Pin	D11	0
D.Sla.Exc.Sym	D14	0
D.Sla.Che.Bf5	D15	0
D.Sem.Not.Abr	D31	0
D.Sem.Bg5.Mos.Hst	D43	0
B.Sca.MLn	B01	0
B.Sca.Mod.Mie	B01	0
B.Sca.Nf6	B01	0
B.Sca.Nf6.Mar	B01	0
B.Fre.Win.Arm	C18	0
B.Fre.Tar.Gui	C03	0
B.Fre.Adv.Nim	C02	0
B.CaK.Adv.Bot	B12	0
B.Pir.Aus.Drg	B09	0
C.Ita.Evn.Acc.Stn	C51	0
C.Bsh.Ber	C24	0
C.Bsh.Cal	C23	0
C.Pet.Thr.Fou	C42	0
E.QID.Nim.NAt	E15	0
E.QID.Nim.Qui	E15	0
E.QID.Cls.Krm	E17	0
E.Gru.Neo.Exc	D76	0
E.Bog.Grn	E11	0
A.Ama.Par	A00	0
A.And.Pol	A00	0
A.Clm.Spk	A00	0
A.Kad.Beg	A00	0
A.Kad.Koo	A00	0
A.Kad.Sch	A00	0
A.Mie.ReR	A00	0
A.Mie.Ven	A00	0
A.Lar.Mod	A01	0
A.Lon.Psn	D02	0
A.Tor.Nim	A46	0
A.Pol.Out	A00	0
B.Sic.Ros.Cls	B31	0
B.Sic.Ros.Nim	B30	0
B.Sic.Alp.Nf6	B22	0
B.Sic.Alp.Cen	B22	0
B.Sic.SmM.Acc	B21	0
B.Sic.SmM.Dec	B21	0
B.Sic.OKe.MLn	B28	0
B.CaK.Pmv.Fch	B14	0
B.CaK.Pmv.Nc6	B14	0
B.Ale.Fou.Trd	B03	0
B.Pir.Aus.Unz	B09	0
B.Fre.Exc.Mon	C01	0
C.RyL.Ber.Cls	C67	0
C.RyL.Mor.Ark.Ctr	C78	0
C.Ita.Pia.Nf6	C50	0
C.Ita.Pia.Wai	C50	0
C.Sco.Cls.Sch	C45	0
C.Sco.Mie.Ste	C45	0
C.Pet.Mod.Stn	C43	0
C.PhD.Exc	C41	0
C.Bsh.Urs.Kei	C24	0
C.KGm.Dec.Cls	C30	0
D.QGA.Cen.McD	D20	0
D.QGA.Cen.Gre	D20	0
D.QGA.Cen.Mod	D20	0
D.QGA.Cls.Rub	D27	0
D.QGA.Cls.Ale	D28	0
D.Sem.Mar	D31	0
D.Sem.Mar.MLn	D31	0
D.Sem.Bg5.Bot.MLn	D44	0
D.STa.End	D41	0
D.QGD.Rag.Bg5	D38	0
E.Nim.Kas.Euw	E21	0
E.Nim.Sml.OKe	E26	0
E.QID.Mod.Brg	E15	0
E.QID.Cls.Tiv	E18	0
E.KID.Cls.Kor	E97	0
E.OldI.Fch	A53	0
E.Ben.Old.Adv	A43	0
E.Ben.Old.Sch	A43	0
E.Ben.Old.Sna	A43	0
E.Ben.Old.Zil	A43	0
E.Ben.Mod.Snk	A60	0
E.Ben.Mod.Tai	A67	0
A.Hol.Rap	A80	0
A.Hol.Kre	A80	0
A.Hol.Alp	A80	0
A.Eng.Sym.Rub	A34	0
B.Sic.Dra.Yug.Sol	B78	0
B.Sic.Dra.Yug.Chn	B78	0
B.Sic.Cls.Soz	B57	0
B.Sic.Cls.Bol	B59	0
B.Sic.Kan.Tal	B41	0
B.Sic.Kan.Koc	B41	0
B.CaK.Cls.Spd	B18	0
B.CaK.Kar.Sml	B17	0
B.Ale.Mod.KID	B04	0
B.Pir.150.Arg	B07	0
C.RyL.Ber.Wal	C67	0
C.RyL.Mor.Ark.Qe2	C78	0
C.RyL.Mor.NeA.Ctr	C78	0
C.Ita.Evn.Acc.Mor	C52	0
C.Ita.Two.Ng5.Nxd	C57	0
C.Sco.Gor.Nc3	C44	0
C.Sco.Gbt.Max	C44	0
C.Vie.Gbt.Pie	C29	0
C.Pet.Coc.Kin	C42	0
C.KGm.Acc.Muz.Dbl	C37	0
D.QGA.Jan.Fur	D21	0
D.QGA.Man.MLn	D23	0
D.QGD.Cmb.Yug	D52	0
D.QGD.Lsk.MLn	D56	0
D.QGD.Tar.Mak	D59	0
D.Sem.AMe.Bd3	D45	0
D.Sem.Not.Ant	D31	0
D.Sla.Cze.Kra	D17	0
D.Cat.Cls.Qc2.Btr	E08	0
D.Cat.Ope.Bb4.Mod	E04	0
E.Nim.Cls.Zur.Mil	E33	0
E.Nim.Rub.Hub.MLn	E41	0
E.Nim.Sml.Bot.MLn	E25	0
E.QID.Nim.Tim	E15	0
E.QID.Nim.Int	E15	0
E.KID.Mak.Krs	E71	0
E.KID.Cls.Byn.Nd2	E97	0
E.KID.Fou.MLn	E76	0
E.Blf.Acc.MLn	E10	0
E.OldI.Cls.Cze	A54	0
A.OID	A41	0
A.OID.Wad	A41	0
A.OID.Nf6	A41	0
A.Mod	A42	0
A.Mod.Avk	A42	0
A.Mod.Ran	A42	0
A.Mod.Pte	A42	0
A.PQI	A47	0
A.PQI.Bf4	A47	0
A.PQI.Fch	A47	0
A.PQI.Tor	A47	0
A.EID	A48	0
A.EID	A49	1
A.EID.Fch	A49	0
A.EID.Prz	A49	0
A.EID.Col	A48	0
E.Ind	A50	0
E.Ind.Tgo	A50	0
E.Ind.Tgo.Nf3	A50	0
E.Ind.QID	A50	0
E.Bud	A51	0
E.Bud	A52	1
E.Bud.Faj	A51	0
E.Bud.Faj.Bns	A51	0
E.Bud.Faj.Ste	A51	0
E.Bud.Adl	A52	0
E.Bud.Rub	A52	0
E.Bud.Alk	A52	0
D.QGD.Mar	D06	0
D.QGD.Mar.Exc	D06	0
D.QGD.Mar.e4	D06	0
D.QGD.Bal	D06	0
D.QGD.Bal.Que	D06	0
D.QGD.Bal.Nc3	D06	0
A.Tro.Cls	A45	0
A.Tro.Rap	A45	0
A.Tro.Psn	A45	0
A.Tor.ClD	A46	0
A.Tor.Yus	A46	0
A.Col.Kol	D04	0
A.Col.Zuk	D05	0
A.Col.Phn	D05	0
A.Lon.Cls	D02	0
A.Lon.Msn	D02	0
A.Lon.Job.Nc6	A45	0
A.Ret.KIA	A07	0
A.Ret.Nim	A06	0
A.Ret.Eng	A05	0
A.KIA.Sic	A07	0
A.KIA.Car	A07	0
D.QPG.Zuk.Col	D02	0
D.QPG.Ver	D01	0
C.RyL.Cls.Smy	C93	0
C.RyL.Cls.Kho	C92	0
C.RyL.Cls.Cen	C84	0
C.RyL.Brk.Qui	C94	0
C.RyL.Brk.MLn	C95	0
C.RyL.Brk.Nh4	C95	0
C.RyL.Brk.ZHy	C95	0
C.RyL.Zai.MLn	C92	0
C.RyL.Zai.MLn	C93	1
C.RyL.Zai.Flo	C92	0
C.RyL.Zai.SmB	C92	0
C.RyL.Cha.MLn	C96	0
C.RyL.Cha.MLn	C97	1
C.RyL.Cha.Gaj	C96	0
C.RyL.Cha.Ker	C96	0
C.RyL.Cha.Ros	C96	0
C.RyL.Cha.Pan	C99	0
C.RyL.Cha.Yug	C97	0
B.Sic.Cls.Rch.MLn	B60	0
B.Sic.Cls.Rch.MLn	B61	1
B.Sic.Cls.Rch.Lip	B62	0
B.Sic.Cls.Rch.Psn	B63	0
B.Sic.Cls.Rch.Drg	B60	0
B.Sic.Cls.Rch.Bc4	B64	0
B.Sic.Cls.Soz.Vel	B89	0
B.Sic.Cls.Soz.Fis	B57	0
B.Sic.Cls.Bol.MLn	B59	0
B.Sic.Dra.Cls.Nrm	B72	0
B.Sic.Dra.Cls.Ams	B72	0
E.Ben.Mod.Cls.MLn	A70	0
E.Ben.Mod.Cls.MLn	A71	1
E.Ben.Mod.Cls.Nd2	A72	0
E.Ben.Mod.Cls.Bg5	A73	0
E.Ben.Mod.Cls.Rb1	A74	0
E.Ben.Mod.Cls.h3	A75	0
E.Ben.Mod.Fch.MLn	A62	0
E.Ben.Mod.Fch.Nd2	A63	0
E.Ben.Mod.Fch.Bf4	A64	0
E.Ben.Mod.Fou.MLn	A68	0
D.QGD.Vie.Fur	D39	0
D.QGD.Vie.Que	D37	0
D.QGD.Vie.MLn	D39	0
D.QGD.Vie.Qa4	D38	0
D.QGD.Ort.MLn	D60	0
D.QGD.Ort.MLn	D61	1
D.QGD.Ort.Pil	D63	0
D.QGD.Ort.Te7	D61	0
D.QGD.Ort.Hne	D68	0
D.Sla.Cls.MLn	D17	0
D.Sla.Cls.MLn	D18	1
D.Sem.Mer.MLn	D48	0
E.KID.Sml.Ort.MLn	E87	0
E.KID.Sml.Ort.d5	E85	0
E.KID.Sml.Ort.Exc	E86	0
E.KID.Fch.Yug.MLn	E65	0
E.KID.Fch.Yug.Exc	E66	0
A.Hol.Lng.MLn	A87	0
A.Hol.Lng.War	A88	0
A.Hol.Lng.Mat	A89	0
A.Hol.Cls.IZh.Win	A97	0
A.Hol.Cls.IZh.Ala	A98	0
A.Ver.Cls	D01	0
A.Ver.Ric	D01	0
A.Mik.Eng	A40	0
A.Hor.Ker	A40	0
A.Egl.Cha	A40	0
B.Fre.Tar.Cls.MLn	C05	0
B.Fre.Tar.Cls.Be7	C06	0
B.Fre.Tar.Cls.c5	C04	0
B.Fre.Tar.Cls.Kor	C06	0
B.Sic.Clo.Fch.MLn	B24	0
B.Sic.Clo.Fch.Bot	B25	0
B.Sic.Clo.Fch.Eng	B26	0
B.Nim.Col	B00	0
B.OwM.Mat	B00	0
B.Pir.Aus.Byr	B09	0
C.KGm.Acc.Kie.Lon	C39	0
C.KGm.Acc.Bsh.Ble	C33	0
C.LtO.Gre	C40	0
C.Ele.Pau	C40	0
C.Pon.Ste	C44	0
C.Cen.Ber	C22	0
C.Thr.Win	C46	0
C.PhD.Nim	C41	0
C.Bsh.Lew	C23	0
C.Sco.Mie.Pot	C45	0
D.Alb.Las	D08	0
D.Alb.Nrm	D09	0
D.Bgm.Acc.Ryd	D00	0
D.Rub.Col	D05	0
D.QGD.Rag.Vie	D39	0
D.QGD.Tar.MLn	D58	0
D.QGD.Lsk.Te7	D56	0
D.Sla.Exc.MLn	D13	0
D.Sla.Che.MLn	D15	0
D.Sem.Bg5.Bot.Ekf	D44	0
E.Gru.Rus.Hng	D97	0
E.Gru.Rus.Leo	D98	0
E.Gru.Fch.MLn	D79	0
E.Gru.Neo.Kem	D75	0
E.Nim.Lng.MLn	E31	0
E.Nim.Rub.Hub.Rau	E41	0
E.KID.Cls.Mar.MLn	E97	0
E.KID.Cls.Pet.MLn	E92	0
E.KID.Fch.Pan.MLn	E63	0
E.KID.Avk.Fle.MLn	E73	0
A.Lar.Cls	A01	0
A.Lar.Fch	A01	0
A.Owe.Fch	B00	0
A.War.Mad	A00	0
A.VtK.FrD	A00	0
A.VtK.Sic	A00	0
A.Sod.Dur	A00	0
A.Mik.Ker	A40	0
A.Hor.Fch	A40	0
A.Kan.MLn	A40	0
A.Kan.Nf3	A40	0
A.Egl.Har	A40	0
A.OID.Mod	A53	0
A.OID.Nf6.e4	A53	0
A.Ver.Hub	D01	0
B.Brg.Gro	B00	0
B.StG.Bas	B00	0
B.Lio.Han	B07	0
B.Rat.Sma	B07	0
B.Car.Ham	B00	0
B.Gld.Pck	B00	0
B.Hip.Ama	B00	0
B.War.Mat	B00	0
B.Nim.ScD	B00	0
B.OwM.Smi	B00	0
C.Dam.Nim	C40	0
C.Dam.Ger	C40	0
C.Ele.Nor	C40	0
C.LtO.Bil	C40	0
C.Thr.Stn.MLn	C46	0
C.KGm.Dec.Fal.MLn	C31	0
C.KGm.Acc.All.MLn	C39	0
C.KGm.Acc.Muz.Coc	C37	0
C.LtO.Acc.MLn	C40	0
C.Ele.Pau.MLn	C40	0
D.Alb.Las.MLn	D08	0
D.Alb.Nrm.MLn	D09	0
D.Bgm.Acc.Ryd.MLn	D00	0
D.Bgm.Dec.Lam.MLn	D00	0
D.Rub.Col.MLn	D05	0
D.QGD.Jan.MLn	D31	0
D.QGD.Bal.MLn	D06	0
D.Sla.Qui.MLn	D11	0
D.Sla.Sch.MLn	D11	0
D.QGD.Mar.MLn	D06	0
E.Ind.QID.MLn	E12	0
E.Ind.Tgo.MLn	A50	0
E.Gru.Brn.MLn	D80	0
E.Nim.Rom.MLn	E20	0
E.KID.Mak.MLn	E71	0
A.Eng.Sym.Hdg.MLn	A30	0
A.Eng.Sym.Rub.MLn	A34	0
A.Eng.Rev.Fou.MLn	A28	0
A.Eng.Rev.Bot.MLn	A22	0
A.Eng.Mik.MLn	A18	0
A.Ret.KIA.MLn	A07	0
A.Ret.Nim.MLn	A06	0
A.Lon.Cls.MLn	D02	0
A.Col.Kol.MLn	D04	0
A.Pol.Cen.MLn	A00	0
B.Sic.Naj.Eng.MLn	B90	0
B.Sic.Naj.Pol.MLn	B96	0
B.Sic.Dra.Yug.Sol.MLn	B78	0
B.Sic.Dra.Cls.Nrm.MLn	B72	0
B.Sic.Acc.Mar.MLn	B38	0
B.Sic.Sch.Eng.MLn	B80	0
B.Sic.Kan.Tal.MLn	B43	0
B.Sic.Ros.Nim.MLn	B30	0
B.Fre.Win.Psn.MLn	C18	0
B.CaK.Adv.Sht.MLn	B12	0
C.RyL.Mar.MLn	C89	0
C.RyL.Ber.Wal.End.MLn	C67	0
C.RyL.Mor.Opn.Rig.MLn	C80	0
C.RyL.Exc.Alk.MLn	C68	0
C.Ita.Giu.Cls.MLn	C54	0
C.Ita.Evn.Dec.MLn	C52	0
C.Ita.Pia.Nf6.MLn	C50	0
C.Pet.Cls.MLn	C42	0
C.Pet.Mod.Stn.MLn	C43	0
C.Sco.Mie.Pot.MLn	C45	0
D.QGD.Ort.Rub.MLn	D60	0
D.QGD.Ort.Cap.MLn	D63	0
D.QGD.Tar.Mak.MLn	D58	0
D.QGD.Lsk.Te7.MLn	D56	0
D.Sla.Exc.MLn.e3	D13	0
D.Sla.Che.MLn.a4	D15	0
D.Sem.Mer.Rab.MLn	D48	0
D.Sem.Bg5.AMo.MLn	D44	0
D.QGA.Cls.Rub.MLn	D27	0
D.Cat.Ope.Yug.MLn	E04	0
E.Bog.Nim.MLn	E11	0
E.Bog.WSm.MLn	E11	0
E.Bud.Adl.MLn	A52	0
E.Bud.Rub.MLn	A52	0
E.OldI.Cls.MLn	A54	0
E.OldI.Fch.MLn	A54	0
E.Blf.Dec.MLn	A57	0
E.Blf.Spl.MLn	A57	0
E.Nim.Rub.Tai.MLn	E40	0
E.QID.Pet.Kas.MLn	E12	0
A.War.Cre	A00	0
A.War.Mad.MLn	A00	0
A.And.Cre	A00	0
A.Clm.Glo	A00	0
A.Ama.Par.MLn	A00	0
A.Sod.Dur.MLn	A00	0
A.Mie.ReR.MLn	A00	0
A.Mie.Ven.MLn	A00	0
A.Mik.Ker.MLn	A40	0
A.Kan.MLn.e3	A40	0
B.Brg.Gro.MLn	B00	0
B.StG.Bas.MLn	B00	0
B.Lio.Han.MLn	B07	0
B.Rat.Sma.MLn	B07	0
B.Car.Ham.MLn	B00	0
B.Gld.Pck.MLn	B00	0
B.Hip.Ama.MLn	B00	0
B.War.Mat.MLn	B00	0
B.Mod.Avk.MLn	B06	0
B.OwM.Smi.MLn	B00	0
C.Dam.Nim.MLn	C40	0
C.Dam.Ger.MLn	C40	0
C.Pon.Jae.MLn	C44	0
C.Pon.Ste.MLn	C44	0
C.Thr.Win.MLn	C46	0
C.Ele.Nor.MLn	C40	0
C.Cen.Dsh.Acc.MLn	C21	0
C.Bsh.Urs.Kei.MLn	C24	0
C.PhD.Nim.MLn	C41	0
C.Vie.Gbt.Fal.MLn	C29	0
D.QGD.Ort.Hne.Cap	D63	0
D.QGD.Tar.MLn.Bd3	D58	0
D.Sla.Cls.MLn.e4	D18	0
D.Sla.Qui.MLn.Bd3	D11	0
D.Sem.Bg5.Bot.Ekf.MLn	D44	0
D.Sem.Mer.Lun.MLn	D48	0
D.QGA.Cen.Mod.MLn	D20	0
D.Cat.Cls.Kor.MLn	E08	0
D.QPG.Zuk.Col.MLn	D02	0
D.Bgm.Acc.Ryd.MLn.Be3	D00	0
E.Bog.Nim.MLn.Be2	E11	0
E.Bud.Adl.MLn.e3	A52	0
E.OldI.Cls.MLn.Re1	A54	0
E.Blf.Dec.MLn.e3	A57	0
E.Nim.Rub.Tai.MLn.Qc2	E40	0
E.QID.Pet.Kas.MLn.e4	E12	0
E.KID.Mak.MLn.Be2	E71	0
E.Gru.Brn.MLn.Be2	D80	0
E.Nim.Rom.MLn.Nf3	E20	0
E.Ind.Tgo.MLn.Nc3	A50	0
A.Owe.Fch.MLn	B00	0
A.VtK.FrD.MLn	A00	0
A.VtK.Sic.MLn	A00	0
A.Hor.Ker.MLn	A40	0
A.Hor.Fch.MLn	A40	0
A.And.Pol.MLn	A00	0
A.Clm.Spk.MLn	A00	0
A.Egl.Har.MLn	A40	0
A.OID.Mod.MLn	A53	0
A.Ret.KIA.MLn.e4	A07	0
B.Nim.Ken.MLn	B00	0
B.Nim.ScD.MLn	B00	0
B.Nim.Col.MLn	B00	0
B.Mod.Tig.MLn	B06	0
B.Mod.Pte.MLn	B06	0
B.OwM.Mat.MLn	B00	0
B.OwM.Eng.MLn	B00	0
B.Sca.Mod.Mie.MLn	B01	0
B.Ale.Mod.KID.MLn	B04	0
B.Pir.150.Arg.MLn	B07	0
C.KPO.Kgt.MLn	C40	0
C.KPO.Nap.MLn	C20	0
C.KPO.Prt.MLn	C20	0
C.Fou.Glk.MLn	C47	0
C.Fou.Sco.Bel.MLn	C47	0
C.Fou.Spa.Rub.MLn	C48	0
C.Sco.Gor.Nc3.MLn	C44	0
C.Sco.Gbt.Max.MLn	C44	0
C.KGm.Dec.Cls.MLn	C30	0
C.KGm.Acc.Muz.Dbl.MLn	C37	0
D.Chi.MLn.e3	D07	0
D.Chi.Exc.MLn	D07	0
D.Tar.Cls.MLn	D34	0
D.Tar.Prg.MLn	D33	0
D.STa.Exc.MLn	D41	0
D.STa.Pil.MLn	D40	0
D.QGA.Old.MLn	D20	0
D.QGA.Ale.MLn	D20	0
D.Cat.Ope.Qa4.MLn	E03	0
D.Bgm.Dec.Lam.MLn.Qd2	D00	0
E.KID.Cls.Mar.MLn.Nd3	E97	0
E.KID.Cls.Pet.MLn.c5	E92	0
E.KID.Fch.Pan.MLn.b3	E63	0
E.KID.Fou.MLn.Cap	E76	0
E.Gru.Exc.Cla.MLn	D85	0
E.Gru.Rus.Hng.Be2	D97	0
E.QID.Mod.Fch.MLn	E15	0
E.QID.Nim.Tim.MLn	E15	0
E.Bog.Ret.Fch.MLn	E11	0
E.Ind.QID.MLn.e3	E12	0
A.Ama.Par.MLn.Nf6	A00	0
A.Sod.Dur.MLn.Nc6	A00	0
A.Owe.Fch.MLn.Ne2	B00	0
A.VtK.FrD.MLn.Bd6	A00	0
A.VtK.Sic.MLn.Nf6	A00	0
A.Hor.Ker.MLn.a3	A40	0
A.Hor.Fch.MLn.Nf3	A40	0
A.And.Pol.MLn.e5	A00	0
A.Clm.Spk.MLn.d5	A00	0
A.Ret.KIA.MLn.e4.c5	A07	0
B.Nim.Ken.MLn.Nf3	B00	0
B.Nim.ScD.MLn.Nf3	B00	0
B.Nim.Col.MLn.d4	B00	0
B.Mod.Tig.MLn.e5	B06	0
B.Mod.Pte.MLn.Bc3	B06	0
B.OwM.Mat.MLn.c3	B00	0
B.OwM.Eng.MLn.Bd3	B00	0
B.Sca.Mod.Mie.MLn.Bc4	B01	0
B.Ale.Mod.KID.MLn.cxd6	B04	0
B.Pir.150.Arg.MLn.Lng	B07	0
C.KPO.Kgt.MLn.a3	C40	0
C.KPO.Nap.MLn.Nf6	C20	0
C.KPO.Prt.MLn.c6	C20	0
C.Fou.Glk.MLn.Bg2	C47	0
C.Fou.Sco.Bel.MLn.Nxd4	C47	0
C.Fou.Spa.Rub.MLn.b5	C48	0
C.Sco.Gor.Nc3.MLn.Bd3	C44	0
C.Sco.Gbt.Max.MLn.c3	C44	0
C.KGm.Dec.Cls.MLn.d4	C30	0
C.KGm.Acc.Muz.Dbl.MLn.Nf6	C37	0
D.Chi.MLn.e3.Nf6	D07	0
D.Chi.Exc.MLn.e3	D07	0
D.Tar.Cls.MLn.Re8	D34	0
D.Tar.Prg.MLn.Nxd4	D33	0
D.STa.Exc.MLn.Nxc3	D41	0
D.STa.Pil.MLn.Nxd4	D40	0
D.QGA.Old.MLn.exd4	D20	0
D.QGA.Ale.MLn.Bb3	D20	0
D.Cat.Ope.Qa4.MLn.c5	E03	0
D.Bgm.Dec.Lam.MLn.Qd2.e6	D00	0
E.QID.Nim.Tim.MLn.Nc3	E15	0
E.Bog.Ret.Fch.MLn.O-O	E11	0
E.Ind.QID.MLn.e3.Be7	E12	0
E.KID.Cls.Mar.MLn.Nd3.f5	E97	0
E.KID.Cls.Pet.MLn.c5.Na6	E92	0
E.KID.Fch.Pan.MLn.b3.Bd7	E63	0
E.KID.Fou.MLn.Cap.fxe6	E76	0
E.Gru.Exc.Cla.MLn.O-O	D85	0
E.Gru.Rus.Hng.Be2.Nc6	D97	0
E.QID.Mod.Fch.MLn.d5	E15	0
A.Ama.Par.MLn.Nf6.d4.Nc6	A00	0
A.Sod.Dur.MLn.Nc6.g3.Nf6	A00	0
A.Owe.Fch.MLn.Ne2.a6.Bd3	B00	0
A.VtK.FrD.MLn.Bd6.Bd3.Nf6	A00	0
A.VtK.Sic.MLn.Nf6.Bg5.Be7	A00	0
A.Hor.Ker.MLn.a3.Bd6.e3	A40	0
A.Hor.Fch.MLn.Nf3.Be7.e3	A40	0
A.And.Pol.MLn.e5.Bb2.Nf6	A00	0
A.Clm.Spk.MLn.d5.Bg2.Nf6	A00	0
A.Ret.KIA.MLn.e4.c5.b6	A07	0
B.Nim.Ken.MLn.Nf3.d6.Nc3	B00	0
B.Nim.ScD.MLn.Nf3.e6.Be2	B00	0
B.Nim.Col.MLn.d4.Bxf5.Bd3	B00	0
B.Mod.Tig.MLn.e5.Nd7.Bd3	B06	0
B.Mod.Pte.MLn.Bc3.cxd4.Nxd4	B06	0
B.OwM.Mat.MLn.c3.Nf6.Bg5	B00	0
B.OwM.Eng.MLn.Bd3.Nf6.O-O	B00	0
B.Sca.Mod.Mie.MLn.Bc4.e6	B01	0
B.Ale.Mod.KID.MLn.cxd6.Be2	B04	0
B.Pir.150.Arg.MLn.Lng.Nbd7	B07	0
C.KPO.Nap.MLn.Nf6.Nc3.Bc5	C20	0
C.KPO.Prt.MLn.c6.Ba4.d6	C20	0
C.Fou.Glk.MLn.Bg2.dxe4.Nxe4	C47	0
C.Fou.Sco.Bel.MLn.Nxd4.d6	C47	0
C.Fou.Spa.Rub.MLn.b5.Nxb5	C48	0
C.Sco.Gor.Nc3.MLn.Bd3.d6	C44	0
C.Sco.Gbt.Max.MLn.c3.dxc3	C44	0
C.KGm.Dec.Cls.MLn.d4.Bb6	C30	0
C.KGm.Acc.Muz.Coc.exd5.Nf6	C37	0
D.Chi.MLn.e3.Nf6.Nc3	D07	0
D.Chi.Exc.MLn.e3.Qd8.Nf3	D07	0
D.Tar.Cls.MLn.Re8.Re1	D34	0
D.Tar.Prg.MLn.Nxd4.Qb6	D33	0
D.STa.Exc.MLn.Nxc3.Qb3	D41	0
D.STa.Pil.MLn.Nxd4.a6	D40	0
D.QGA.Old.MLn.exd4.Be7	D20	0
D.QGA.Ale.MLn.Bb3.e6	D20	0
D.Cat.Ope.Qa4.MLn.c5.dxc5	E03	0
D.Bgm.Acc.Ryd.MLn.Be3.Qd6	D00	0
E.QID.Nim.Tim.MLn.Nc3.d5	E15	0
E.Bog.Ret.Fch.MLn.O-O.Nc3	E11	0
E.Ind.QID.MLn.e3.Be7.Be2	E12	0
E.KID.Cls.Mar.MLn.Nd3.c5	E97	0
E.KID.Fch.Pan.MLn.b3.Re8	E63	0
E.KID.Fou.MLn.Cap.fxe6.Be3	E76	0
E.Gru.Exc.Cla.MLn.O-O.Qc2	D85	0
E.Gru.Rus.Hng.Be2.Nc6.h3	D97	0
E.QID.Mod.Fch.MLn.d5.Ne5	E15	0
E.Nim.Rub.Tai.MLn.Qc2.c5	E40	0
A.Ama.Par.MLn.Nf6.d4	A00	0
A.Sod.Dur.MLn.Nc6.g3	A00	0
A.Owe.Fch.MLn.Ne2.a6	B00	0
A.VtK.FrD.MLn.Bd6.Bd3	A00	0
A.VtK.Sic.MLn.Nf6.Bg5	A00	0
A.Hor.Ker.MLn.a3.Bd6	A40	0
A.Hor.Fch.MLn.Nf3.Be7	A40	0
A.And.Pol.MLn.e5.Bb2	A00	0
A.Clm.Spk.MLn.d5.Bg2	A00	0
A.Ret.KIA.MLn.e4.c5.Nc6	A07	0
B.Nim.Ken.MLn.Nf3.d6	B00	0
B.Nim.ScD.MLn.Nf3.e6	B00	0
B.Nim.Col.MLn.d4.Bxf5	B00	0
B.Mod.Tig.MLn.e5.Nd7	B06	0
B.Mod.Pte.MLn.Bc3.cxd4	B06	0
B.OwM.Mat.MLn.c3.Nf6	B00	0
B.OwM.Eng.MLn.Bd3.Nf6	B00	0
B.Sca.Mod.Mie.MLn.Bc4.Bg4	B01	0
B.Ale.Mod.KID.MLn.cxd6.Bg7	B04	0
B.Pir.150.Arg.MLn.Lng.a5	B07	0
C.KPO.Kgt.MLn.a3.Nf6	C40	0
C.KPO.Nap.MLn.Nf6.Nc3	C20	0
C.KPO.Prt.MLn.c6.Ba4	C20	0
C.Fou.Glk.MLn.Bg2.dxe4	C47	0
C.Fou.Sco.Bel.MLn.Nxd4.Bc5	C47	0
C.Fou.Spa.Rub.MLn.b5.Bb3	C48	0
C.Sco.Gor.Nc3.MLn.Bd3.Nf6	C44	0
C.Sco.Gbt.Max.MLn.c3.Nf6	C44	0
C.KGm.Dec.Cls.MLn.d4.exd4	C30	0
C.KGm.Acc.Muz.Coc.exd5	C37	0
D.Chi.MLn.e3.Nf6.Be2	D07	0
D.Chi.Exc.MLn.e3.Qd8	D07	0
D.Tar.Cls.MLn.Re8.Be3	D34	0
D.Tar.Prg.MLn.Nxd4.Be6	D33	0
D.STa.Exc.MLn.Nxc3.bxc3	D41	0
D.STa.Pil.MLn.Nxd4.Be7	D40	0
D.QGA.Old.MLn.exd4.Nf6	D20	0
D.QGA.Ale.MLn.Bb3.Nc6	D20	0
D.Cat.Ope.Qa4.MLn.c5.O-O	E03	0
D.Bgm.Acc.Ryd.MLn.Be3.Nc6	D00	0
E.QID.Nim.Tim.MLn.Nc3.O-O	E15	0
E.Bog.Ret.Fch.MLn.O-O.d5	E11	0
E.Ind.QID.MLn.e3.Be7.Bd3	E12	0
E.KID.Cls.Mar.MLn.Nd3.h6	E97	0
E.KID.Cls.Pet.MLn.c5.c6	E92	0
E.KID.Fch.Pan.MLn.b3.b5	E63	0
E.KID.Fou.MLn.Cap.fxe6.Be2	E76	0
E.Gru.Exc.Cla.MLn.O-O.e5	D85	0
E.Gru.Rus.Hng.Be2.Nc6.O-O	D97	0
E.QID.Mod.Fch.MLn.d5.cxd5	E15	0
E.Ben.Mod.Cls.MLn.Re1	A70	0
E.Ben.Mod.Cls.MLn.Re1	A71	1
E.Ben.Mod.Cls.MLn.h3	A70	0
E.Ben.Mod.Cls.MLn.h3	A71	1
E.Ben.Mod.Fch.MLn.O-O	A62	0
E.Ben.Mod.Fch.MLn.h3	A62	0
E.Ben.Mod.Fou.MLn.Be3	A68	0
E.Ben.Mod.Fou.MLn.Bd3	A68	0
A.Eng.Sym.Hdg.MLn.b3	A30	0
A.Eng.Sym.Hdg.MLn.Qa4	A30	0
A.Eng.Sym.Rub.MLn.Be2	A34	0
A.Eng.Rev.Fou.MLn.Bg2	A28	0
B.Sic.Cls.Rch.MLn.Kb1	B60	0
B.Sic.Cls.Rch.MLn.Kb1	B61	1
B.Sic.Cls.Bol.MLn.Be3	B59	0
B.Fre.Tar.Cls.MLn.Ngf3	C05	0
B.Sic.Clo.Fch.MLn.Nge2	B24	0
B.Sic.Naj.Eng.MLn.f3	B90	0
B.Sic.Naj.Pol.MLn.Qf3	B96	0
B.Sic.Dra.Yug.Sol.MLn.Bb3	B78	0
B.Sic.Dra.Cls.Nrm.MLn.Qd2	B72	0
B.Sic.Acc.Mar.MLn.Be3	B38	0
B.Fre.Win.Psn.MLn.Nf3	C18	0
C.RyL.Mor.Opn.Rig.MLn.Re1	C80	0
C.RyL.Exc.Alk.MLn.Nc3	C68	0
C.Ita.Giu.Cls.MLn.Nc3	C54	0
C.Ita.Evn.Dec.MLn.O-O	C52	0
C.Ita.Pia.Nf6.MLn.Re1	C50	0
C.Pet.Mod.Stn.MLn.Re1	C43	0
C.Sco.Mie.Pot.MLn.Kb1	C45	0
C.Cen.Dsh.Acc.MLn.Nxc3	C21	0
C.Bsh.Urs.Kei.MLn.Re1	C24	0
C.Vie.Gbt.Fal.MLn.Nf3	C29	0
D.QGD.Ort.Rub.MLn.Re1	D60	0
D.QGD.Ort.Cap.MLn.O-O	D63	0
D.QGD.Tar.Mak.MLn.Re1	D58	0
D.QGD.Lsk.Te7.MLn.O-O	D56	0
D.Sla.Exc.MLn.e3.Nf3	D13	0
D.Sem.Mer.Rab.MLn.O-O	D48	0
D.Sem.Bg5.AMo.MLn.Be2	D44	0
D.QGA.Cls.Rub.MLn.Qe2	D27	0
D.Cat.Ope.Yug.MLn.Qxc4	E04	0
D.QPG.Zuk.Col.MLn.O-O	D02	0
E.Nim.Rub.Hub.MLn.O-O	E41	0
E.Nim.Sml.Bot.MLn.Bd3	E25	0
E.KID.Sml.Ort.MLn.Qd2	E87	0
E.KID.Sml.Ort.d5.Nge2	E85	0
E.KID.Fch.Yug.MLn.d5	E65	0
E.KID.Cls.Mar.MLn.f3	E97	0
E.KID.Cls.Pet.MLn.Ne1	E92	0
E.KID.Fch.Pan.MLn.e4	E63	0
E.QID.Pet.Kas.MLn.Nc3	E12	0
E.Bud.Adl.MLn.e3.Be2	A52	0
E.Ben.Mod.Cls.MLn.Re1.Nbd7	A70	0
E.Ben.Mod.Cls.MLn.Re1.Nbd7	A71	1
E.Ben.Mod.Cls.MLn.h3.Re8	A70	0
E.Ben.Mod.Cls.MLn.h3.Re8	A71	1
E.Ben.Mod.Fch.MLn.O-O.Nbd7	A62	0
E.Ben.Mod.Fch.MLn.h3.Re8	A62	0
E.Ben.Mod.Fou.MLn.Be3.Re8	A68	0
E.Ben.Mod.Fou.MLn.Bd3.Na6	A68	0
A.Eng.Sym.Hdg.MLn.b3.O-O	A30	0
A.Eng.Sym.Hdg.MLn.Qa4.O-O	A30	0
A.Eng.Sym.Rub.MLn.Be2.O-O	A34	0
A.Eng.Rev.Fou.MLn.Bg2.Nb6	A28	0
B.Sic.Cls.Rch.MLn.Kb1.Bd7	B60	0
B.Sic.Cls.Rch.MLn.Kb1.Bd7	B61	1
B.Sic.Cls.Bol.MLn.Be3.Be6	B59	0
B.Fre.Tar.Cls.MLn.Ngf3.c5	C05	0
B.Sic.Clo.Fch.MLn.Nge2.e6	B24	0
B.Sic.Naj.Eng.MLn.f3.Nbd7	B90	0
B.Sic.Naj.Pol.MLn.Qf3.Bb7	B96	0
B.Sic.Dra.Yug.Sol.MLn.h4	B78	0
B.Sic.Dra.Cls.Nrm.MLn.h4	B72	0
B.Sic.Acc.Mar.MLn.Be3.Be6	B38	0
B.Fre.Win.Psn.MLn.Nf3.Nbc6	C18	0
C.RyL.Mor.Opn.Rig.MLn.c3	C80	0
C.Ita.Evn.Dec.MLn.O-O.d6	C52	0
C.Ita.Pia.Nf6.MLn.Re1.a6	C50	0
C.Pet.Mod.Stn.MLn.Re1.Be7	C43	0
C.Sco.Mie.Pot.MLn.Kb1.Re8	C45	0
C.Cen.Dsh.Acc.MLn.Nxc3.Nf6	C21	0
C.Bsh.Urs.Kei.MLn.Re1.Be7	C24	0
C.Vie.Gbt.Fal.MLn.Nf3.Be7	C29	0
D.QGD.Ort.Rub.MLn.Re1.cxd4	D60	0
D.QGD.Ort.Cap.MLn.O-O.b5	D63	0
D.QGD.Tar.Mak.MLn.Re1.Nbd7	D58	0
D.QGD.Lsk.Te7.MLn.O-O.Bg4	D56	0
D.Sla.Exc.MLn.e3.Nf3.e6	D13	0
D.Sem.Mer.Rab.MLn.O-O.c5	D48	0
D.Sem.Bg5.AMo.MLn.Be2.Nbd7	D44	0
D.QGA.Cls.Rub.MLn.Qe2.Be7	D27	0
D.Cat.Ope.Yug.MLn.Qxc4.b5	E04	0
D.QPG.Zuk.Col.MLn.O-O.Bd6	D02	0
E.Nim.Rub.Hub.MLn.O-O.O-O	E41	0
E.Nim.Sml.Bot.MLn.Bd3.Nc6	E25	0
E.KID.Sml.Ort.MLn.Qd2.exd4	E87	0
E.KID.Sml.Ort.d5.Nge2.a5	E85	0
E.KID.Fch.Yug.MLn.d5.Ne5	E65	0
E.KID.Cls.Mar.MLn.f3.f5	E97	0
E.KID.Fch.Pan.MLn.e4.e5	E63	0
E.Bud.Adl.MLn.e3.Be2.Re8	A52	0
B.Sic.Sve.Nd5.Qa5.Bd2	B33	0
C.Ita.Two.Ng5.Trx.Bxf7	C57	0
C.Ita.Two.Ng5.Feg.Kxf7	C57	0
C.Ita.Two.Ng5.Ulv.Bxb5	C57	0
C.Ita.Two.Ng5.Pol.Bb5	C58	0
C.Ita.Two.Ng5.Pol.Bb5	C59	1
D.Cat.Ope.Qa4.Ale.Be7	E03	0
C.RyL.Mor.Opn.Dil.Rxf2	C82	0
C.RyL.Mor.Opn.Hwl.Nc5	C81	0
C.RyL.Mor.StD.Sie.exf5	C74	0
C.Ita.Two.Ng5.Frt.c3	C57	0
C.Ita.Two.Ng5.Lol.exd4	C57	0
C.Ita.Evn.Acc.Stn.O-O	C51	0
C.RyL.Mor.Ark.Ctr.Nxe4	C78	0
B.Sic.Dra.Yug.Chn.Bb3	B78	0
C.RyL.Mor.Ark.Qe2.d6	C78	0
C.RyL.Mor.NeA.Ctr.d6	C78	0
C.Ita.Evn.Acc.Mor.d6	C52	0
C.Ita.Two.Ng5.Nxd.d3	C57	0
D.Cat.Cls.Qc2.Btr.Bb7	E08	0
D.Cat.Ope.Bb4.Mod.O-O	E04	0
E.Nim.Cls.Zur.Mil.e3	E33	0
E.KID.Cls.Byn.Nd2.a5	E97	0
B.Sic.Cls.Rch.Lip.Bd7	B62	0
B.Sic.Cls.Rch.Psn.O-O-O	B63	0
B.Sic.Cls.Rch.Drg.O-O-O	B60	0
B.Sic.Cls.Rch.Bc4.Be7	B64	0
B.Sic.Cls.Soz.Vel.O-O	B89	0
B.Sic.Cls.Soz.Fis.O-O	B57	0
B.Sic.Dra.Cls.Ams.Be6	B72	0
E.Ben.Mod.Cls.Nd2.Re8	A72	0
E.Ben.Mod.Cls.Bg5.h6	A73	0
E.Ben.Mod.Cls.Rb1.a6	A74	0
E.Ben.Mod.Cls.h3.Na6	A75	0
E.Ben.Mod.Fch.Nd2.Re8	A63	0
E.Ben.Mod.Fch.Bf4.Re8	A64	0
E.KID.Sml.Ort.Exc.dxe5	E86	0
E.KID.Fch.Yug.Exc.Nc6	E66	0
A.Hol.Cls.IZh.Win.Ne4	A97	0
A.Hol.Cls.IZh.Ala.Ne4	A98	0
B.Fre.Tar.Cls.Be7.Ngf3	C06	0
B.Fre.Tar.Cls.c5.c3	C04	0
B.Fre.Tar.Cls.Kor.O-O	C06	0
B.Sic.Clo.Fch.Bot.Nf6	B25	0
B.Sic.Clo.Fch.Eng.Nf6	B26	0
C.KGm.Acc.Kie.Lon.Nxg4	C39	0
C.KGm.Acc.Bsh.Ble.Nf3	C33	0
E.Nim.Rub.Hub.Rau.O-O	E41	0
E.KID.Avk.Fle.MLn.Nf3	E73	0
C.KGm.Dec.Fal.MLn.d3	C31	0
C.KGm.Acc.All.MLn.Nxf7	C39	0
B.Sic.Sve.Nd5.Be7.Bxf6.g3	B33	0
B.Sic.Sve.Bxf6.Nd5.Bg7.c3	B33	0
B.Sic.Sve.Bxf6.Nd5.f5.c3	B33	0
A.Eng.Rev.Bot.MLn.Nd5	A22	0
B.Sic.Sch.Eng.MLn.Qd2	B80	0
B.Sic.Kan.Tal.MLn.O-O	B43	0
B.Sic.Ros.Nim.MLn.d4	B30	0
B.CaK.Adv.Sht.MLn.c3	B12	0
C.RyL.Ber.Wal.End.MLn.Re1	C67	0
D.Sla.Che.MLn.a4.axb5	D15	0
D.QGD.Ort.Hne.Cap.O-O	D63	0
D.QGD.Tar.MLn.Bd3.O-O	D58	0
D.Sla.Cls.MLn.e4.Qe2	D18	0
D.Sla.Qui.MLn.Bd3.O-O	D11	0
D.Sem.Bg5.Bot.Ekf.MLn.hxg5	D44	0
D.Sem.Mer.Lun.MLn.O-O	D48	0
D.QGA.Cen.Mod.MLn.Be3	D20	0
D.Cat.Cls.Kor.MLn.Bf4	E08	0
E.Bog.Nim.MLn.Be2.O-O	E11	0
E.OldI.Cls.MLn.Re1.Be3	A54	0
E.Blf.Dec.MLn.e3.Be2	A57	0
E.QID.Pet.Kas.MLn.e4.O-O	E12	0
E.KID.Mak.MLn.Be2.Re8	E71	0
E.Gru.Brn.MLn.Be2.Nc6	D80	0
E.Nim.Rom.MLn.Nf3.dxc4	E20	0
E.Ind.Tgo.MLn.Nc3.exd4	A50	0
D.Chi.MLn.e3.Nf6.Nc3.e6	D07	0
D.Tar.Cls.MLn.Re8.Re1.Bf8	D34	0
D.Tar.Prg.MLn.Nxd4.Qb6.Be3	D33	0
D.STa.Exc.MLn.Nxc3.Qb3.cxd4	D41	0
D.STa.Pil.MLn.Nxd4.a6.e3	D40	0
D.QGA.Old.MLn.exd4.Be7.Nf3	D20	0
D.QGA.Ale.MLn.Bb3.e6.Nf3	D20	0
D.Chi.MLn.e3.Nf6.Be2.e6	D07	0
D.Tar.Cls.MLn.Re8.Be3.Bf8	D34	0
D.Tar.Prg.MLn.Nxd4.Be6.O-O	D33	0
D.STa.Exc.MLn.Nxc3.bxc3.Nc6	D41	0
D.STa.Pil.MLn.Nxd4.Be7.e3	D40	0
D.QGA.Old.MLn.exd4.Nf6.Nf3	D20	0
D.QGA.Ale.MLn.Bb3.Nc6.Nf3	D20	0
B.Sic.Sve.Nd5.Qa5.Bd2.Rb8	B33	0
C.Ita.Two.Ng5.Trx.Bxf7.Ke7	C57	0
C.Ita.Two.Ng5.Feg.Kxf7.Qf3	C57	0
C.Ita.Two.Ng5.Ulv.Bxb5.Qxd5	C57	0
C.Ita.Two.Ng5.Pol.Bb5.c6	C58	0
C.Ita.Two.Ng5.Pol.Bb5.c6	C59	1
D.Cat.Ope.Qa4.Ale.Be7.Bg2	E03	0
C.RyL.Mor.Opn.Hwl.Nc5.Rd1	C81	0
C.RyL.Mor.StD.Sie.exf5.Bxf5	C74	0
C.Ita.Two.Ng5.Frt.c3.b5	C57	0
C.Ita.Two.Ng5.Lol.exd4.O-O	C57	0
B.Sic.Naj.Sch.MLn	B92	0
B.Sic.Naj.Sch.MLn	B93	1
B.Sic.Naj.Adm.MLn	B90	0
B.Sic.Naj.Pst.MLn	B97	0
B.Sic.Sch.Krs.MLn	B81	0
D.Sem.Bg5.Mos.Qxf6.g3	D43	0
D.Sem.Bg5.AMo.dxc4	D43	0
B.Sic.Clo.GPr.MLn	B23	0
C.RyL.Mor.Nor.MLn	C70	0
C.RyL.Mor.Wor.MLn	C77	0
C.Ita.Giu.Mol.MLn	C54	0
C.Ita.Two.Opn.MLn	C56	0
C.Ita.Two.Max.MLn	C56	0
E.KID.Sml.Pan.MLn	E83	0
E.KID.Sml.Pan.MLn	E84	1
E.KID.Cls.Glg.MLn	E92	0
E.KID.Cls.Exc.MLn	E92	0
E.Gru.Exc.Sev.MLn	D85	0
A.Hol.Sto.Bot.MLn	A93	0
D.Sem.AMe.Shr.MLn	D45	0
D.Cat.Cls.Bot.MLn	E07	0
D.Cat.Cls.Rab.MLn	E09	0
E.QID.Mod.Trd.MLn	E15	0
E.Nim.Cls.Ker.MLn	E32	0
E.Gru.Exc.Sps.MLn	D87	0
E.KID.Fch.Uhl.MLn	E62	0
E.KID.Sml.Byr.MLn	E81	0
E.KID.Fou.Dyn.MLn	E76	0
E.KID.Avk.Ben.MLn	E74	0
E.KID.Avk.Ben.MLn	E75	1
B.Sic.Dra.Lev.MLn	B71	0
B.Sic.Tay.Eng.MLn	B48	0
B.Sic.Kan.Mar.MLn	B41	0
B.Fre.Adv.Mil.MLn	C02	0
B.Fre.Tar.Ope.MLn	C07	0
B.Fre.Tar.Ope.MLn	C08	1
B.CaK.Adv.Tal.MLn	B12	0
C.RyL.Ber.Rio.MLn	C67	0
C.RyL.Mor.ClD.MLn	C70	0
C.RyL.Mor.Fch.MLn	C70	0
C.RyL.Mor.Car.MLn	C70	0
C.Ita.Giu.Grc.MLn	C54	0
C.Sco.Gor.Dbl.MLn	C44	0
C.Vie.Gbt.Hmp.MLn	C25	0
C.Fou.Spa.Dbl.MLn	C49	0
C.Fou.Spa.Cls.MLn	C48	0
E.Ben.Bnk.Acc.MLn	A57	0
E.Ben.Bnk.Acc.MLn	A58	1
E.Ben.Bnk.Dec.MLn	A57	0
E.Gru.Brn.Nad.MLn	D80	0
D.QGD.Exc.Car.MLn	D35	0
D.QGD.Exc.Min.MLn	D36	0
E.KID.Cls.Bol.MLn	E94	0
E.KID.Cls.Ort.MLn	E94	0
E.KID.Cls.Ort.MLn	E95	1
E.Bud.Faj.MLn	A51	0
E.Bud.Faj.MLn.e3	A51	0
E.Bud.Faj.MLn.e3.Be2	A51	0
E.Bud.Faj.MLn.e3.Be2.O-O	A51	0
E.Bud.Faj.Bns.MLn	A51	0
E.Bud.Faj.Ste.MLn	A51	0
E.Bud.Rub.MLn.e3	A52	0
E.Bud.Rub.MLn.e3.Be2	A52	0
E.Bud.Alk.MLn	A52	0
E.Bud.Alk.MLn.Nf3	A52	0
E.Gru.Thr.MLn	D70	0
E.Gru.Thr.MLn	D71	1
E.Gru.Thr.MLn.Qb3	D70	0
E.Gru.Thr.MLn.Qb3	D71	1
E.Gru.Neo.MLn	D72	0
E.Gru.Neo.MLn	D73	1
E.Gru.Neo.MLn.cxd5	D73	0
E.Gru.Neo.MLn.cxd5.Nxd5	D73	0
E.Gru.Rus.Prz.MLn	D97	0
E.Gru.Rus.Szs.MLn	D97	0
E.Gru.Fch.Pac.MLn	D78	0
E.Gru.Fch.Euw.MLn	D78	0
E.Gru.Exc.Mod.MLn	D85	0
E.Nim.Spl.MLn	E22	0
E.Nim.Spl.MLn	E23	1
E.Nim.Spl.MLn.e3	E23	0
E.Nim.Cls.Noa.MLn	E34	0
E.Nim.Cls.Bot.MLn	E32	0
E.Nim.Cls.Mil.MLn	E33	0
E.Nim.Rub.Res.MLn	E46	0
E.Nim.Rub.Flo.MLn	E40	0
E.Nim.Rub.StP.MLn	E43	0
E.Nim.Sml.Kmo.MLn	E26	0
E.Nim.Kas.Euw.MLn	E21	0
E.QID.Sps.MLn	E14	0
E.QID.Euw.MLn	E17	0
E.QID.Kas.MLn	E13	0
E.QID.Cls.MLn	E17	0
E.QID.Cls.MLn	E18	1
E.KID.Cls.Arb.MLn	E97	0
E.KID.Sml.Bob.MLn	E84	0
E.KID.Sml.Krs.MLn	E80	0
E.KID.Fch.Sim.MLn	E62	0
E.KID.Fch.Kav.MLn	E62	0
D.Sla.Sml.MLn	D16	0
D.Sla.Ala.MLn	D15	0
D.Sla.Cze.Kra.MLn	D17	0
D.Sla.Not.MLn	D31	0
D.Sla.Stn.MLn	D10	0
D.QGA.Bog.MLn	D24	0
D.QGA.Flo.MLn	D20	0
D.QGA.Jan.MLn	D25	0
D.QGD.Har.MLn	D37	0
D.QGD.Alt.MLn	D31	0
D.QGD.Cls	D50	0
D.QGD.Cls	D51	1
D.QGD.Cls	D53	2
D.QGD.Cls	D54	3
D.QGD.Cls.MLn	D53	0
D.QGD.Cls.MLn.Bh4	D53	0
D.QGD.Cls.Bd3	D54	0
D.QGD.Cls.Nf3	D50	0
D.QGD.Cls.Nf3	D51	1
D.QGD.Cls.Nf3.c5	D51	0
D.QGA.Cls.MLn	D28	0
D.QGA.Cls.MLn	D29	1
D.QGA.Cls.MLn.a4	D29	0
D.QGA.Cls.Ale.MLn	D28	0
D.Sla.Cls.MLn.Nh4	D19	0
D.Sla.Cls.MLn.Qe2	D19	0
D.Sla.Dim.MLn	D10	0
D.Sla.Win.MLn	D10	0
D.Tar.Rub.MLn	D34	0
D.Tar.Rub.MLn.O-O	D34	0
D.Tar.HSc.MLn	D32	0
D.Tar.Mar.MLn	D32	0
D.STa.Kmo.MLn	D41	0
D.STa.Sym.MLn	D40	0
D.STa.End.MLn	D41	0
D.Chi.Laz.MLn	D07	0
D.Chi.Tar.MLn	D07	0
D.QPG.Ver.MLn	D01	0
D.QPG.Ama.MLn	D00	0
D.QPG.Mas.MLn	D00	0
D.QPG.Sto.MLn	D00	0
D.QPG.Zur.MLn	D00	0
E.Ben.Czk.MLn	A56	0
E.Ben.Czk.MLn.Be7	A56	0
E.Gru.Sml.MLn	D80	0
E.Gru.Sml.MLn.c5	D80	0
E.OldI.Ukr.MLn	A54	0
E.OldI.Jan.MLn	A53	0
E.Nim.Fou.MLn	E20	0
E.Nim.Fou.MLn.e4	E20	0
E.Nim.Mik.MLn	E20	0
E.Nim.Mik.MLn.Nf3	E20	0
E.Bog.Exc.MLn	E11	0
E.Bog.Hai.MLn	E11	0
E.Bog.Rom.MLn	E11	0
E.Bog.NEn.MLn	E11	0
E.Bog.Grn.MLn	E11	0
E.KID.Fch.MLn	E60	0
E.KID.Fch.MLn	E61	1
E.KID.Fch.MLn.O-O	E67	0
E.KID.Fch.MLn.O-O	E68	1
E.KID.Fch.MLn.O-O	E69	2
E.KID.Fou.Bg5	E77	0
E.KID.Fou.Be2	E78	0
E.KID.Fou.Be2	E79	1
E.KID.Cls.Old	E90	0
E.KID.Cls.Old	E91	1
E.KID.Cls.Old.e5	E91	0
E.Nim.Rub.Cls	E42	0
E.Nim.Rub.Cls	E44	1
E.Nim.Rub.Cls.cxd5	E45	0
E.Nim.Rub.Cls.cxd5	E47	1
B.Fre.Adv.NwG	C02	0
B.Fre.Cls.MLn	C13	0
B.Fre.Cls.MLn	C14	1
B.Fre.Stn.MLn	C11	0
B.Fre.Mac.MLn	C12	0
B.Fre.Exc.Uhl	C01	0
B.Fre.Exc.Bg4	C01	0
B.Fre.Exc.Nc6	C01	0
A.KIA.Fre.MLn	A08	0
A.KIA.Fre.Bar	A08	0
B.Sic.Alp.Dd6	B22	0
B.Sic.Ros.a6	B30	0
B.Sic.Ros.a6	B31	1
A.Tro.Bxf6	A45	0
B.CaK.Cls.Spd.Nd7	B18	0
B.Fre.Rub.MLn	C10	0
B.Fre.Mac.exd5	C12	0
B.Fre.Cls.MLn.ACh	C14	0
B.Sic.Mor.Bd7	B52	0
B.Sic.Mor.Nd7	B51	0
B.Fre.RPa	C00	0
B.Fre.Kor	C00	0
B.CaK.Exc.MLn	B13	0
B.CaK.Fan.MLn	B12	0
B.CaK.Brn.c3	B16	0
B.Pir.Cls.Bg7	B08	0
B.Sic.Kal.MLn	B32	0
B.Sic.Loe.MLn	B32	0
B.Sic.Nim.e5	B29	0
B.Sca.Por.Bnk	B01	0
B.Sca.Por.Bnk.MLn	B01	0
B.Sca.Por.Jad	B01	0
B.Sca.Por.Mel	B01	0
B.Sca.Por.Cor	B01	0
B.Sca.Por.Wus	B01	0
B.Sca.Por.Lus	B01	0
B.Sca.Por.Elb	B01	0
B.Sca.Por.Cls	B01	0
B.Sca.Pan	B01	0
B.Sca.Nf6.Nf3	B01	0
B.Sca.Nf6.Nf3.Gou	B01	0
B.Sca.Nf6.Nf3.Cel	B01	0
B.Sca.Nf6.Nf3.Cha	B01	0
B.Sca.Nf6.Chk	B01	0
B.Sca.Nf6.Chk.Bd7	B01	0
B.Sca.Nf6.Chk.Nbd	B01	0
B.CaK.Two.Nf6	B11	0
B.CaK.Two.Bf5	B11	0
B.CaK.Tar.Be3	B15	0
C.RyL.AntM.a4	C88	0
C.RyL.AntM.h3	C88	0
C.RyL.AntM.d3	C88	0
A.Tro.Cls.MLn	A45	0
A.Tro.Cls.MLn.e3	A45	0
A.Tro.Rap.MLn	A45	0
A.Tro.Rap.MLn.e6	A45	0
A.Tro.Rap.MLn.f6	A45	0
A.Tro.Bxf6.e3	A45	0
A.Tor.ClD.MLn	A46	0
A.Tor.ClD.MLn.c3	A46	0
A.Tor.Nim.MLn	A46	0
A.Tor.Yus.MLn	A46	0
B.Ale.Fou.MLn	B03	0
B.Ale.Fou.MLn.Nf3	B03	0
B.Ale.Fou.MLn.Be3	B03	0
B.Ale.Fou.Trd.MLn	B03	0
B.Ale.Mod.MLn	B04	0
B.Ale.Chs.MLn	B03	0
B.Pir.Cls.Bg7.MLn	B08	0
B.Pir.Cls.Bg7.MLn.O-O	B08	0
B.Pir.Aus.Drg.MLn	B09	0
B.Pir.Aus.Unz.MLn	B09	0
B.Pir.150.MLn	B07	0
B.Pir.150.MLn.O-O-O	B07	0
B.Pir.Byr.MLn	B07	0
C.PhD.Han.MLn	C41	0
C.PhD.Han.MLn.O-O	C41	0
C.PhD.Exc.MLn	C41	0
C.PhD.Lio.MLn	C41	0
C.Pon.CGm.MLn	C44	0
C.Pon.CGm.MLn.exf5	C44	0
C.Pon.Jae.MLn.e5	C44	0
C.Pon.Ste.MLn.f6	C44	0
C.Vie.Cls.MLn	C25	0
C.Vie.Cls.MLn	C26	1
C.Vie.Cls.MLn.Nf3	C25	0
C.Vie.Cls.MLn.Nf3	C26	1
C.Vie.Mie.MLn	C26	0
C.Vie.Fal.MLn	C26	0
C.Vie.Gbt.Pie.MLn	C29	0
B.Sic.Alp.Nf6.MLn	B22	0
B.Sic.Alp.Cen.MLn	B22	0
B.Sic.Alp.Dd6.MLn	B22	0
B.Sic.Ros.Cls.MLn	B31	0
B.Sic.Ros.Cls.MLn.c3	B31	0
B.Sic.Ros.a6.Bxc6	B30	0
B.Sic.Ros.a6.Bxc6	B31	1
B.Sic.Mor.Bd7.MLn	B52	0
B.Sic.Mor.Nd7.O-O	B51	0
B.Fre.Rub.MLn.Nf6	C10	0
B.Fre.Rub.MLn.Bd3	C10	0
B.Fre.Mac.MLn.Bd3	C12	0
B.Fre.Mac.MLn.Bh4	C12	0
B.CaK.Two.Nf6.MLn	B11	0
B.CaK.Two.Bf5.MLn	B11	0
D.Bgm.Acc.Bog.MLn	D00	0
D.Bgm.Acc.Euw.MLn	D00	0
D.Bgm.Acc.Tei.MLn	D00	0
D.Bgm.Acc.Gun.MLn	D00	0
D.Bgm.Acc.Zie.MLn	D00	0
D.Bgm.Dec.Elb.MLn	D00	0
D.Chi.Jan.Mod.e3	D07	0
D.Chi.Laz.MLn.Ne5	D07	0
D.Chi.Tar.MLn.Nb5	D07	0
D.Sla.Sml.MLn.Bg4	D16	0
D.Sla.Ala.MLn.a4	D15	0
D.Sla.Not.MLn.a4	D31	0
D.Sla.Stn.MLn.e4	D10	0
D.QGA.Bog.MLn.O-O	D24	0
D.QGA.Flo.MLn.a4	D20	0
D.QGA.Jan.MLn.O-O	D25	0
D.QGA.Man.MLn.e4	D23	0
D.Tar.HSc.MLn.Qd1	D32	0
D.Tar.Mar.MLn.Bd6	D32	0
D.STa.Kmo.MLn.Be7	D41	0
D.STa.Sym.MLn.b6	D40	0
D.STa.End.MLn.Bc4	D41	0
D.QPG.Ver.MLn.Be7	D01	0
D.QPG.Ama.MLn.c6	D00	0
D.QPG.Mas.MLn.e6	D00	0
D.QPG.Sto.MLn.c5	D00	0
D.QPG.Zur.MLn.h3	D00	0
E.OldI.Ukr.MLn.Be7	A54	0
E.OldI.Jan.MLn.e3	A53	0
E.Bog.Exc.MLn.Nc3	E11	0
E.Bog.Hai.MLn.O-O	E11	0
E.Bog.Rom.MLn.O-O	E11	0
E.Bog.NEn.MLn.g3	E11	0
E.Bog.Grn.MLn.e3	E11	0
E.QID.Sps.MLn.O-O	E14	0
E.QID.Euw.MLn.Bxd2	E17	0
E.QID.Kas.MLn.Bd2	E13	0
E.QID.Pet.KPe.Be7	E12	0
E.QID.Cls.MLn.exd5	E17	0
E.QID.Cls.MLn.exd5	E18	1
E.QID.Cls.MLn.exd5.Nh4	E17	0
E.QID.Cls.MLn.exd5.Nd4	E17	0
E.Gru.Hng.MLn	D80	0
E.Gru.Sml.MLn.c5.dxc5	D80	0
E.Gru.Thr.MLn.Qb3.Nxc3	D70	0
E.Gru.Thr.MLn.Qb3.Nxc3	D71	1
E.Gru.Neo.MLn.cxd5.Nxd5.e4	D73	0
E.Gru.Exc.Mod.MLn.Be2	D85	0
E.KID.Fou.Bg5.Be2	E77	0
E.KID.Fou.Be2.O-O	E78	0
E.KID.Fou.Be2.O-O	E79	1
E.KID.Cls.Old.e5.d5	E91	0
E.KID.Cls.Arb.MLn.Nxd4	E97	0
E.KID.Sml.Bob.MLn.b5	E84	0
E.KID.Sml.Krs.MLn.c5	E80	0
E.Ben.Czk.MLn.Be7.Nf3	A56	0
E.Ben.Bnk.Acc.MLn.Bxa6	A57	0
E.Ben.Bnk.Acc.MLn.Bxa6	A58	1
E.Ben.Bnk.Dec.MLn.Bxe7	A57	0
A.Eng.Org.MLn	A15	0
A.Eng.Org.MLn.Bb2	A15	0
A.Eng.Org.MLn.Bb2.Bxb4	A15	0
A.Eng.Mik.MLn.Ne4	A18	0
A.Eng.Mik.MLn.Ne4.Nfd7	A18	0
A.Eng.Rev.Bot.MLn.Qd7	A22	0
A.Eng.Rev.Bot.MLn.Qd7.f4	A22	0
A.Eng.Sym.Hdg.MLn.Bxg2	A30	0
A.Eng.Sym.Hdg.MLn.Bxg2.Kxg2	A30	0
A.Eng.Sym.Rub.MLn.O-O	A34	0
A.Eng.Sym.Rub.MLn.O-O.Be2	A34	0
A.Eng.Rev.Fou.MLn.e3	A28	0
A.Eng.Rev.Fou.MLn.e3.Be7	A28	0
A.Ret.Acc.MLn	A09	0
A.Ret.Acc.MLn.Be6	A09	0
A.Ret.Acc.MLn.Be6.Bxc4	A09	0
A.Ret.Adv.MLn	A09	0
A.Ret.Adv.MLn.Nc6	A09	0
A.Ret.Adv.MLn.Nc6.Bg2	A09	0
A.Ret.Ang.MLn	A11	0
A.Ret.Ang.MLn	A12	1
A.Ret.Ang.MLn.Nf6	A11	0
A.Ret.Ang.MLn.Nf6	A12	1
A.Ret.QGI.MLn	A06	0
A.Ret.QGI.MLn.Nf6	A06	0
A.Ret.Fch.MLn	A05	0
A.Ret.Fch.MLn.Bg2	A05	0
A.KIA.Sic.MLn	A07	0
A.KIA.Sic.MLn.g3	A07	0
A.KIA.Sic.MLn.g3.Nf6	A07	0
A.KIA.Car.MLn	A07	0
A.KIA.Car.MLn.Ngf3	A07	0
A.Hol.Fch.MLn	A86	0
A.Hol.Fch.MLn.c4	A86	0
A.Hol.Sta.MLn	A82	0
A.Hol.Sta.MLn	A83	1
A.Hol.Sta.MLn.d5	A82	0
A.Hol.Sta.MLn.d5	A83	1
A.Hol.Hop.MLn	A80	0
A.Hol.Kre.MLn	A80	0
A.Hol.Alp.MLn	A80	0
A.Hol.Lng.MLn.b3	A87	0
A.Hol.Lng.MLn.b3.Nc6	A87	0
A.Hol.Sto.Bot.MLn.c5	A93	0
A.Lon.Msn.MLn	D02	0
A.Lon.Msn.MLn.Nbd2	D02	0
A.Lon.Job.Nc6.MLn	A45	0
A.Lon.Job.Nc6.MLn.Nb5	A45	0
A.Lon.Psn.Qxb2	D02	0
A.Lon.Psn.Qxb2.Nb5	D02	0
A.Col.Zuk.MLn	D05	0
A.Col.Zuk.MLn.Be7	D05	0
A.Col.Phn.MLn	D05	0
A.Tor.Yus.MLn.c3	A46	0
A.Tor.Yus.MLn.c3.Bb7	A46	0
A.Ver.Cls.MLn	D01	0
A.Ver.Cls.MLn.Be7	D01	0
A.Lar.Cls.MLn	A01	0
A.Lar.Cls.MLn.Be2	A01	0
A.Pol.Bhm.MLn	A00	0
A.Pol.Bhm.MLn.Bb2	A00	0
A.Gro.Gbt.MLn	A00	0
A.Gro.Gbt.MLn.d4	A00	0
A.Mod.Avk.MLn	A42	0
A.Mod.Avk.MLn.Be2	A42	0
A.PQI.Bf4.MLn	A47	0
A.PQI.Fch.MLn	A47	0
A.EID.Fch.MLn	A49	0
A.EID.Col.MLn	A48	0
C.RyL.AntM.a4.Bb7	C88	0
C.RyL.AntM.a4.Bb7.d3	C88	0
C.RyL.AntM.a4.Bb7.d3.d6	C88	0
C.RyL.AntM.h3.Bb7	C88	0
C.RyL.AntM.h3.Bb7.d3	C88	0
C.RyL.AntM.h3.Bb7.d3.d5	C88	0
C.RyL.AntM.d3.d6	C88	0
C.RyL.AntM.d3.d6.c3	C88	0
C.RyL.AntM.d3.d6.c3.Na5	C88	0
C.RyL.Cls.Cen.exd4	C84	0
C.RyL.Cls.Cen.exd4.cxd4	C84	0
C.RyL.Cls.Cen.exd4.cxd4.Bg4	C84	0
C.PhD.Han.MLn.O-O.O-O	C41	0
C.PhD.Han.MLn.O-O.O-O.Re1	C41	0
C.PhD.Exc.MLn.Be7	C41	0
C.PhD.Exc.MLn.Be7.O-O	C41	0
C.PhD.Lio.MLn.O-O	C41	0
C.PhD.Lio.MLn.O-O.Re1	C41	0
C.Pon.Jae.MLn.e5.Ne4	C44	0
C.Pon.Jae.MLn.e5.Ne4.cxd4	C44	0
C.Pon.CGm.MLn.exf5.Nf6	C44	0
C.Pon.CGm.MLn.exf5.Nf6.Bd3	C44	0
C.Pon.Ste.MLn.f6.exd5	C44	0
C.Pon.Ste.MLn.f6.exd5.Qxd5	C44	0
C.Cen.Pau.MLn	C22	0
C.Cen.Pau.MLn.Bb4	C22	0
C.Cen.Pau.MLn.Bb4.Bd2	C22	0
C.Ita.Pia.Wai.MLn	C50	0
C.Ita.Pia.Wai.MLn.Re1	C50	0
C.Ita.Giu.Mol.MLn.d5	C54	0
C.Ita.Giu.Mol.MLn.d5.exd5	C54	0
C.Ita.Evn.Acc.Mor.d6.cxd4	C52	0
C.KGm.Acc.Kie.MLn	C39	0
C.KGm.Acc.Kie.MLn.d4	C39	0
C.KGm.Acc.Muz.MLn	C37	0
C.KGm.Acc.Muz.MLn.Qxf3	C37	0
C.KGm.Acc.Bsh.MLn	C33	0
C.KGm.Dec.Fal.MLn.d3.Nf6	C31	0
C.Pet.Stf.MLn	C42	0
C.Pet.Stf.MLn.d3	C42	0
C.Pet.Stf.MLn.d3.Bc5	C42	0
C.Sco.Cls.Sch.MLn	C45	0
C.Sco.Cls.Sch.MLn.O-O	C45	0
C.Vie.Mie.MLn.exd5	C26	0
C.Vie.Mie.MLn.exd5.Nxd5	C26	0
C.Vie.Fal.MLn.Nxe4	C26	0
C.Vie.Fal.MLn.Nxe4.d5	C26	0
C.Fou.Spa.Dbl.MLn.d3	C49	0
C.Fou.Spa.Dbl.MLn.d3.d6	C49	0
C.Fou.Spa.Cls.MLn.d3	C48	0
C.Fou.Spa.Cls.MLn.d3.d6	C48	0
B.Sic.Naj.Eng.e5	B90	0
B.Sic.Naj.Eng.e5.Nb3	B90	0
B.Sic.Naj.Sch.O-O	B90	0
B.Sic.Naj.Sch.O-O.Be7	B90	0
B.Sic.Dra.Yug.Bd7	B76	0
B.Sic.Dra.Yug.Bd7.O-O-O	B78	0
B.Sic.Sch.Krs.h6	B81	0
B.Sic.Sch.Krs.h6.h4	B81	0
B.Sic.Sch.Krs.h6.h4.Nc6	B81	0
B.Sic.Acc.Mar.Nf6	B36	0
B.Sic.Acc.Mar.Nf6.Nc3	B36	0
B.Sic.Acc.Mar.Nf6.Nc3.Nxd4	B36	0
B.Sic.Ros.Nim.O-O	B31	0
B.Sic.Ros.Nim.O-O.Nge7	B31	0
B.CaK.Adv.Sht.O-O	B12	0
B.CaK.Adv.Sht.O-O.Nc6	B12	0
B.CaK.Adv.Tal.h5	B12	0
B.CaK.Adv.Tal.h5.Bd3	B12	0
B.CaK.Pmv.Nc6.Nf3	B14	0
B.CaK.Pmv.Nc6.Nf3.Bg4	B14	0
B.CaK.Two.Bf5.MLn.d3	B11	0
B.CaK.Two.Bf5.MLn.d3.Nd7	B11	0
B.Fre.Cls.MLn.e5	C11	0
B.Fre.Cls.MLn.e5.Nfd7	C11	0
B.Fre.Stn.MLn.f4	C11	0
B.Fre.Stn.MLn.f4.c5	C11	0
B.Fre.Win.Psn.Kd1	C18	0
B.Fre.Win.Psn.Kd1.dxc3	C18	0
B.Fre.Tar.Ope.exd5	C07	0
B.Fre.Tar.Ope.exd5.exd5	C07	0
B.Pir.150.MLn.f3	B07	0
B.Pir.150.MLn.f3.c6	B07	0
B.Pir.Aus.Drg.MLn.Nc6	B09	0
B.Ale.Mod.MLn.Be2	B04	0
B.Ale.Mod.MLn.Be2.e6	B04	0
B.Sca.Mod.Mie.Nf3	B01	0
B.Sca.Por.Cls.MLn	B01	0
B.Sca.Por.Cls.MLn.Be2	B01	0
B.Sca.Nf6.Nf3.MLn	B01	0
B.Sca.Nf6.Nf3.MLn.Nxd5	B01	0
B.CaK.Exc.MLn.Nf6	B13	0
B.CaK.Exc.MLn.Nf6.O-O	B13	0
D.QGD.Cls.MLn.Bh4.b6	D55	0
D.QGD.Cls.MLn.Bh4.b6.cxd5	D55	0
D.QGD.Ort.MLn.dxc4	D60	0
D.QGD.Ort.MLn.dxc4.Bxc4	D60	0
D.QGD.Ort.MLn.dxc4.Bxc4.Nd5	D60	0
D.QGD.Tar.MLn.Bd3.Bb7	D58	0
D.QGD.Tar.MLn.Bd3.Bb7.O-O	D58	0
D.QGD.Rag.Bg5.h6	D38	0
D.QGD.Rag.Bg5.h6.Bh4	D38	0
D.QGD.Rag.Bg5.h6.Bh4.dxc4	D38	0
D.QGD.Vie.MLn.e5	D39	0
D.QGD.Vie.MLn.e5.Bxc4	D39	0
D.QGD.Bal.MLn.e3	D06	0
D.QGD.Bal.MLn.e3.Be7	D06	0
D.Sla.Cls.MLn.O-O	D19	0
D.Sla.Cls.MLn.O-O.Nbd7	D19	0
D.Sla.Che.MLn.c5	D15	0
D.Sla.Che.MLn.c5.g6	D15	0
D.Sla.Exc.MLn.e3.Bf5	D13	0
D.Sla.Exc.MLn.e3.Bf5.Nf3	D13	0
D.Sla.Sch.MLn.Bd3	D12	0
D.Sla.Sch.MLn.Bd3.O-O	D12	0
D.Sla.Qui.MLn.Be2	D12	0
D.Sla.Qui.MLn.Be2.Nbd7	D12	0
D.Sem.Mer.MLn.O-O	D49	0
D.Sem.Mer.MLn.O-O.cxd4	D49	0
D.Sem.AMe.Bd3.O-O	D45	0
D.Sem.AMe.Bd3.O-O.O-O	D45	0
D.Sem.Bg5.Mos.e3	D43	0
D.Sem.Bg5.Mos.e3.Nd7	D43	0
D.Sem.Bg5.AMo.e4	D44	0
D.Sem.Bg5.AMo.e4.g5	D44	0
D.Sem.Bg5.Bot.e5	D44	0
D.Sem.Bg5.Bot.e5.h6	D44	0
D.Cat.Ope.Qa4.Bd7	E04	0
D.Cat.Cls.Qc2.c6	E08	0
D.Cat.Cls.Qc2.c6.Rd1	E08	0
D.Tar.Cls.MLn.Be3	D34	0
D.Tar.Cls.MLn.Be3.Bxc5	D34	0
D.STa.Exc.MLn.Nxd5	D41	0
D.STa.Exc.MLn.Nxd5.Bb4	D41	0
D.QGA.Cls.MLn.Bd3	D27	0
D.QGA.Cls.MLn.Bd3.Bb7	D27	0
D.Alb.Nrm.MLn.b4	D08	0
D.Alb.Nrm.MLn.b4.Qd7	D08	0
D.QPG.Ver.MLn.Be7.Nf3	D01	0
D.QPG.Ver.MLn.Be7.Nf3.O-O	D01	0
C.Bsh.Ber.d3	C24	0
C.Bsh.Ber.d3.Nc6	C24	0
C.Bsh.Cal.d3	C23	0
C.Bsh.Cal.d3.Nf6	C23	0
C.Bsh.Cal.d3.Nf6.Nf3	C23	0
C.Bsh.Cal.d3.Nf6.Nf3.Nc6	C23	0
C.RyL.Coz.d4	C60	0
C.RyL.Coz.d4.exd4	C60	0
C.RyL.Coz.d4.exd4.Nxd4	C60	0
C.RyL.Coz.d4.exd4.Nxd4.Nxd4	C60	0
C.RyL.Ber.Cls.Re1	C67	0
C.RyL.Ber.Cls.Re1.O-O	C67	0
C.RyL.Ber.Cls.Re1.O-O.Nc3	C67	0
C.Pet.Cls.MLn.O-O	C42	0
C.Pet.Cls.MLn.O-O.Re1	C42	0
C.Pet.Cls.MLn.O-O.Re1.c6	C42	0
C.Ita.Two.Opn.MLn.O-O	C56	0
C.Ita.Two.Opn.MLn.O-O.Bc5	C56	0
C.Ita.Two.Max.MLn.exf6	C56	0
C.Ita.Two.Max.MLn.exf6.Qxf6	C56	0
C.Ita.Giu.Grc.MLn.exd6	C54	0
C.Ita.Giu.Grc.MLn.exd6.Qxd6	C54	0
C.KGm.Acc.Bsh.MLn.d6	C33	0
C.KGm.Acc.Bsh.MLn.d6.Nf3	C33	0
C.KGm.Acc.Kie.MLn.d4.d6	C39	0
C.KGm.Acc.Muz.MLn.Qxf3.d5	C37	0
C.Pet.Stf.MLn.d3.Bc5.Be2	C42	0
C.Sco.Mie.Ste.Nf3	C45	0
C.Vie.Cls.MLn.Nf3.O-O	C25	0
C.Vie.Cls.MLn.Nf3.O-O	C26	1
C.Vie.Cls.MLn.Nf3.O-O.O-O	C25	0
C.Vie.Cls.MLn.Nf3.O-O.O-O	C26	1
C.Vie.Mie.MLn.exd5.Nxd5.Bg2	C26	0
C.Cen.Pau.MLn.Bb4.Bd2.Qe7	C22	0
C.PhD.Lio.MLn.O-O.Re1.Nb6	C41	0
C.Ele.Nor.MLn.Nc3	C40	0
C.Ele.Nor.MLn.Nc3.Be7	C40	0
C.KPO.Prt.MLn.Nc6	C20	0
C.KPO.Prt.MLn.Nc6.Nf3	C20	0
C.KPO.Prt.MLn.Nc6.Nf3.Be7	C20	0
C.LtO.Acc.MLn.Nh4	C40	0
C.LtO.Acc.MLn.Nh4.Nf6	C40	0
C.LtO.Acc.MLn.Nh4.Nf6.Nc3	C40	0
A.Hol.Rap.Nf6	A80	0
A.Hol.Alp.MLn.c5	A80	0
A.Hol.Hop.MLn.Nf6	A80	0
A.Hol.Kre.MLn.Nf6	A80	0
A.Hol.Lng.Mat.d5	A89	0
A.Hol.Lng.War.d5	A88	0
A.Hol.Rap.Nf6.Nf3	A80	0
A.Hol.Alp.MLn.c5.Nf3	A80	0
A.Hol.Lng.Mat.d5.e6	A89	0
A.Hol.Lng.War.d5.c5	A88	0
A.Hol.Sta.MLn.d5.Nf3	A82	0
A.Hol.Sta.MLn.d5.Nf3	A83	1
A.Hol.Hop.MLn.Nf6.Nf3	A80	0
A.Eng.Mik.MLn.Ne4.Nfd7.Nf3	A18	0
A.Eng.Org.MLn.Bb2.Bxb4.Nf3	A15	0
A.Ret.Eng.d4	A05	0
A.Ret.Lis.Nf6	A04	0
A.Ret.Eng.d4.c5	A05	0
A.Ret.Lis.Nf6.d4	A04	0
A.Ret.Nim.MLn.d4	A06	0
A.Ret.Eng.d4.c5.g6	A05	0
A.Ret.Lis.Nf6.d4.d5	A04	0
A.Ret.Nim.MLn.d4.c5	A06	0
A.KIA.Fre.Bar.Nf6	A08	0
A.KIA.Fre.MLn.d4	A08	0
A.KIA.Fre.MLn.d4.c4	A08	0
A.KIA.Fre.Bar.Nf6.Nf3	A08	0
A.KIA.Car.MLn.Ngf3.Nf6	A07	0
A.KIA.Fre.MLn.d4.c4.c5	A08	0
A.OID.Wad.d5	A41	0
A.OID.Nf6.e4.d5	A53	0
A.OID.Wad.d5.Nf6	A41	0
A.OID.Mod.MLn.Nf6	A53	0
A.OID.Nf6.e4.d5.Nf3	A53	0
A.EID.Prz.d5	A49	0
A.EID.Prz.d5.c5	A49	0
A.EID.Col.MLn.d5	A48	0
A.EID.Fch.MLn.d5	A49	0
A.Mod.Pte.Nf3	A42	0
A.Mod.Ran.Nf3	A42	0
A.Mod.Pte.Nf3.Nf6	A42	0
A.Mod.Ran.Nf3.Nf6	A42	0
A.Lon.Cls.MLn.c4	D02	0
A.Lon.Cls.MLn.c4.g3	D02	0
A.Lon.Msn.MLn.Nbd2.c4	D02	0
A.Lon.Psn.Qxb2.Nb5.c4	D02	0
A.Lon.Cls.MLn.c4.g3.g6	D02	0
A.Tro.Psn.Nf3	A45	0
A.Tro.Bxf6.e3.d5	A45	0
A.Tro.Psn.Nf3.c4	A45	0
A.Tro.Bxf6.e3.d5.Nf3	A45	0
A.Tor.Nim.MLn.d5	A46	0
A.Tor.ClD.MLn.c3.c5	A46	0
A.Tor.Nim.MLn.d5.c4	A46	0
A.Tor.ClD.MLn.c3.c5.c4	A46	0
A.Col.Kol.MLn.c4	D04	0
A.Col.Phn.MLn.c4	D05	0
A.Col.Kol.MLn.c4.g6	D04	0
A.Col.Phn.MLn.c4.g6	D05	0
A.Pol.Bal.Nf3	A00	0
A.Pol.Bug.d5	A00	0
A.Pol.Cze.Nf3	A00	0
A.Pol.Dut.Nf3	A00	0
A.Pol.Out.Nf3	A00	0
A.Gro.Als.Nf3	A00	0
A.Gro.Dbl.Nf3	A00	0
A.Gro.Kee.Nf3	A00	0
A.Gro.Spk.Nf6	A00	0
A.Gro.Zil.Nf6	A00	0
A.Bir.Dut.Nf3	A03	0
A.Bir.Hob.Nf3	A02	0
A.Bir.Hor.Nf3	A02	0
A.Bir.Muj.d5	A02	0
A.Bir.Wil.Nf6	A03	0
A.Hng.Cat.Nf3	A00	0
A.Hng.ReA.Nf6	A00	0
A.Hng.ReM.Nf3	A00	0
A.Lar.Fch.Nf3	A01	0
A.Lar.Mod.Nf3	A01	0
A.Lar.Fch.Nf3.d5	A01	0
A.Ver.Hub.c5	D01	0
A.Ver.Ric.Nf3	D01	0
A.Ver.Hub.c5.g3	D01	0
A.Van.ReN.Nf3	A00	0
A.Van.ReS.Nf6	A00	0
A.Owe.Eng.Nf3	A40	0
A.Owe.Eng.Nf3.Nf6	A40	0
A.PQI.Tor.d5	A47	0
A.PQI.Tor.d5.c5	A47	0
A.PQI.Bf4.MLn.d5	A47	0
A.Egl.Cha.Nf3	A40	0
A.Egl.Dec.Nf6	A40	0
A.Egl.Cha.Nf3.Nf6	A40	0
A.Mie.ReR.MLn.Nf6	A00	0
A.Mie.Ven.MLn.Nf3	A00	0
A.Mik.Eng.Nf3	A40	0
A.Bar	A00	0
A.Sar	A00	0
A.QPO	A40	0
A.QPO	A41	1
A.QPO	A45	2
A.QPO	A46	3
A.QPO.c6	A40	0
A.QPO.d6	A41	0
A.QPO.g6	A40	0
A.QPO.Nf6	A45	0
A.QPO.Nf6	A46	1
A.QPO.Nf6.Nf3	A46	0
A.QPO.Nf6.Nc3	A45	0
A.QPO.Nf6.f3	A45	0
A.QPO.Nf6.g4	A45	0
A.Aus	A40	0
A.PoD	A40	0
B.KPG	B00	0
B.Bar	B00	0
B.Bar.FrF	B00	0
B.Dur	B00	0
B.Lem	B00	0
B.Pir.Pre	B00	0
B.Pir.Pre.d4	B00	0
B.Pir.Pre.d4.Nf6	B00	0
B.Pir.Pre.d4.Nf6.Nf3	B00	0
B.Pir.Pre.d4.Nf6.Nc3	B07	0
B.Pir.Pre.d4.Nf6.Nc3.Nbd7	B07	0
B.Rat.Bal	A82	0
B.Sic.Nf3	B27	0
B.Sic.Nf3	B30	1
B.Sic.Nf3	B40	2
B.Sic.Nf3	B50	3
B.Sic.Old	B30	0
B.Sic.Old	B32	1
B.Sic.Old	B33	2
B.Sic.Fre	B40	0
B.Sic.Mod	B50	0
B.Sic.Mod	B53	1
B.Sic.Ama	B20	0
B.Sic.Nf3.f5	B27	0
B.Sic.Nf3.h6	B27	0
B.Sic.Nf3.e5	B27	0
B.Sic.Nf3.b6	B27	0
B.Sic.Nf3.Qa5	B27	0
B.Sic.Nf3.b5	B27	0
B.Sic.Nf3.Qc7	B27	0
B.Sic.Cen	B21	0
B.Sic.Cen.Col	B21	0
B.Sic.Cen.Hal	B21	0
B.Sic.Cen.MGm	B21	0
B.Sic.Cen.MGm.And	B21	0
B.Sic.McD	B21	0
B.Sic.McD.Tal	B21	0
B.Sic.McD.Toi	B21	0
B.Sic.Cze	B20	0
B.Sic.Cze.QFn	B20	0
B.Sic.Cze.Euw	B20	0
B.Sic.BCl	B20	0
B.Sic.Bri	B20	0
B.Sic.Glo	B20	0
B.Sic.Grb	B20	0
B.Sic.Ker	B20	0
B.Sic.KDa	B20	0
B.Sic.Kro	B20	0
B.Sic.Kro.Nem	B20	0
B.Sic.LDu	B20	0
B.Sic.Men	B20	0
B.Sic.Mya	B20	0
B.Sic.Myh	B20	0
B.Sic.StC	B20	0
C.KGm.Acc.Nf3	C34	0
C.KGm.Acc.Nf3	C35	1
C.KGm.Acc.Nf3	C36	2
C.KGm.Acc.Nf3	C37	3
C.KGm.Acc.Nf3	C38	4
C.KGm.Acc.Nf3	C39	5
C.KGm.Acc.Bas	C33	0
C.KGm.Acc.Bre	C33	0
C.KGm.Acc.Car	C33	0
C.KGm.Acc.Dod	C33	0
C.KGm.Acc.Eis	C33	0
C.KGm.Acc.Gag	C33	0
C.KGm.Acc.MKe	C33	0
C.KGm.Acc.Ors	C33	0
C.KGm.Acc.Par	C33	0
C.KGm.Acc.SBb	C33	0
C.KGm.Acc.SBd	C33	0
C.KGm.Acc.Sta	C33	0
C.KGm.Acc.Tar	C33	0
C.KGm.Acc.Tar.Wei	C33	0
C.KGm.Acc.Tum	C33	0
C.KGm.Acc.Vil	C33	0
C.KGm.Acc.Nf3.Bec	C34	0
C.KGm.Acc.Nf3.Bon	C34	0
C.KGm.Acc.Nf3.Fis	C34	0
C.KGm.Acc.Nf3.Fis.Sch	C34	0
C.KGm.Acc.Nf3.Fis.Spa	C34	0
C.KGm.Acc.Nf3.Gia	C34	0
C.KGm.Acc.Nf3.KKn	C34	0
C.KGm.Acc.Nf3.KKn	C37	1
C.KGm.Acc.Nf3.KKn	C38	2
C.KGm.Acc.Nf3.KKn	C39	3
C.KGm.Acc.Nf3.Mac	C34	0
C.KGm.Acc.Nf3.Mac	C37	1
C.KGm.Acc.Nf3.Scl	C34	0
C.KGm.Acc.Nf3.Scl.Tas	C34	0
C.KGm.Acc.Nf3.Wag	C34	0
C.KGm.Acc.Nf3.Cun	C35	0
C.KGm.Acc.Nf3.Cun.Ber	C35	0
C.KGm.Acc.Nf3.Cun.McC	C35	0
C.KGm.Acc.Nf3.Mod	C36	0
C.KGm.Acc.Nf3.Mod.exd5	C36	0
C.KGm.Acc.Nf3.Mod.exd5.Nf6	C36	0
C.KGm.Acc.Nf3.KKn.Bc4	C37	0
C.KGm.Acc.Nf3.KKn.Bc4	C38	1
C.KGm.Acc.Nf3.KKn.Bc4.g4	C37	0
C.KGm.Acc.Nf3.KKn.Bc4.Bg7	C38	0
C.KGm.Acc.Nf3.KKn.Bc4.d6	C37	0
C.KGm.Acc.Nf3.KKn.d4	C37	0
C.KGm.Acc.Nf3.KKn.d4.g4	C37	0
C.KGm.Acc.Nf3.KKn.Nc3	C37	0
C.KGm.Acc.Nf3.KKn.h4	C39	0
E.Ind.g5	A50	0
E.Ind.b5	A50	0
E.Ind.c6	A50	0
E.Ind.e6	A50	0
E.Ind.e6	E00	1
E.Ind.e6	E10	2
E.Ind.e6.Nf3	E10	0
E.Ind.e6.Nf3.a6	E10	0
E.Ind.e6.Nf3.Ne4	E10	0
E.Ind.Cat	E00	0
E.Ind.Cat.d5	E00	0
E.Ind.Cat.e5	E00	0
E.Ind.Cat.d5.Bg2	E01	0
E.Ind.Cat.d5.Bg2	E02	1
E.Ind.Cat.d5.Bg2	E03	2
E.Ind.Cat.d5.Bg2	E04	3
E.Ind.Cat.d5.Bg2	E05	4
E.Ind.Cat.d5.Bg2	E06	5
E.Ind.Cat.d5.Bg2.dxc4	E02	0
E.Ind.Cat.d5.Bg2.dxc4	E03	1
E.Ind.Cat.d5.Bg2.dxc4	E04	2
E.Ind.Cat.d5.Bg2.dxc4	E05	3
E.Ind.Cat.d5.Bg2.Be7	E06	0
E.Ind.Qb3	E00	0
E.Ind.Dev	E00	0
E.Ind.Sei	E00	0
E.Ind.e6.Nf3.d5	D30	0
E.Ind.e6.Nf3.d5	E10	1
E.Ind.e6.Nf3.d5.Bg5	D30	0
E.Ind.e6.Nf3.d5.e3	D35	0
E.Ind.e6.Nf3.d5.e3	E14	1
E.Ind.WIn	E60	0
E.Ind.WIn.Nc3	E60	0
E.Ind.WIn.Nc3	E61	1
E.Ind.WIn.Nf3	E60	0
E.Ind.WIn.Nf3	D70	1
E.Ind.WIn.g3	E60	0
E.Ind.WIn.d5	E60	0
E.Ind.WIn.d5.b5	E60	0
E.Ind.WIn.f3	E60	0
E.Ind.WIn.f3	D70	1
E.Ind.WIn.f3.e5	E60	0
E.Ind.WIn.h4	E60	0
E.Ind.WIn.Qc2	E60	0
E.Ind.WIn.Nf3.Bg7	E60	0
E.Ind.WIn.Nf3.Bg7.g3	E60	0
E.Ind.WIn.Nf3.Bg7.b4	E60	0
A.Eng.ADu	A10	0
A.Eng.ADu.Hic	A10	0
A.Eng.ADu.Wad	A10	0
A.Eng.ADu.Cha	A10	0
A.Eng.ADu.Fer	A10	0
A.Eng.ADu.Por	A10	0
A.Eng.ASc	A10	0
A.Eng.ASc.Loh	A10	0
A.Eng.ASc.Mal	A10	0
A.Eng.ASc.Sch	A10	0
A.Eng.ALi	A10	0
A.Eng.GSn	A10	0
A.Eng.GSn.Ado	A10	0
A.Eng.GSn.Bot	A10	0
A.Eng.Mye	A10	0
A.Eng.Mye.d4	A10	0
A.Eng.Mye.Zil	A10	0
A.Eng.Jae	A10	0
A.Eng.CKa	A11	0
A.Eng.Agi	A13	0
A.Eng.Agi.Nf3	A13	0
A.Eng.Agi.Nf3.Wim	A13	0
A.Eng.Agi.Nf3.Rom	A13	0
A.Eng.AIn	A15	0
A.Eng.AIn	A16	1
A.Eng.AIn	A17	2
A.Eng.AIn.Nf3	A15	0
A.Eng.AIn.Nc3	A16	0
A.Eng.AIn.Nc3	A17	1
A.Eng.AIn.e4	A10	0
A.Eng.AIn.Nf3.d6	A15	0
A.Eng.AIn.Nf3.d5	A15	0
A.Eng.AIn.Nf3.d5.cxd5	A15	0
A.Eng.AIn.Nf3.b6	A15	0
A.Eng.AIn.Nf3.g6	A15	0
A.Eng.AIn.Nf3.g6.g3	A15	0
A.Eng.AIn.Nf3.g6.g3.d5	A15	0
A.Eng.AIn.Nf3.g6.g3.b6	A15	0
A.Eng.AIn.Nf3.g6.g3.c6	A15	0
A.Eng.AIn.Nf3.g6.b4	A15	0
A.Eng.AIn.Nc3.d5	A16	0
A.Eng.AIn.Nc3.d5.cxd5	A16	0
A.Eng.AIn.Nc3.e6	A17	0
A.Eng.AIn.Nc3.e6.Nf3	A17	0
A.Eng.AIn.Nc3.g6	A15	0
A.Eng.AIn.Nc3.g6.Nf3	A15	0
A.Ret.c5	A04	0
A.Ret.c5.e3	A04	0
A.Ret.c5.e3.d4	A04	0
A.Ret.c5.c4	A04	0
A.Ret.c5.d4	A04	0
A.Ret.c5.d4.e3	A04	0
A.Ret.g6	A04	0
A.Ret.g6.d4	A04	0
A.Ret.g6.d4.dxc5	A04	0
A.Ret.Nh6	A04	0
A.Ret.Nh6.d4	A04	0
A.Ret.Na6	A04	0
A.Ret.Na6.e4	A04	0
A.Ret.Na6.e4.c5	A04	0
A.Ret.Na6.e4.Nh6	A04	0
A.Ret.f6	A04	0
A.Ret.f6.e4	A04	0
A.Ret.f6.e4.Nh6	A04	0
A.Ret.h6	A04	0
A.Ret.Nc6	A04	0
A.Ret.f5	A04	0
A.Ret.f5.d3	A04	0
A.Ret.g5	A04	0
A.Ret.d6	A04	0
A.Ret.d6.d4	A04	0
A.Ret.d6.d4.e5	A04	0
A.Ret.d6.e4	A04	0
A.Ret.d6.e4.Bg4	A04	0
A.Ret.b5	A04	0
A.Ret.e6	A04	0
A.Ret.b6	A04	0
A.Ret.e5	A04	0
A.Ret.e5.Nxe5	A04	0
A.Ret.c6	A04	0
A.Ret.a6	A04	0
A.Ret.a5	A04	0
A.Ret.Nf6	A05	0
A.Ret.Nf6.Nc3	A05	0
A.Ret.Nf6.Nc3.Nc6	A05	0
A.Ret.Nf6.e4	A05	0
A.Ret.Nf6.e3	A05	0
A.Ret.Nf6.b3	A05	0
A.Ret.Nf6.b4	A05	0
A.Ret.Nf6.a4	A05	0
A.Ret.Nf6.g3	A05	0
A.Ret.Nf6.g3.g6	A05	0
A.Ret.Nf6.g3.g6.b4	A05	0
A.Ret.Nf6.g3.b5	A05	0
A.Ret.d5	A06	0
A.Ret.d5	A07	1
A.Ret.d5	A09	2
A.Ret.d5.b3	A06	0
A.Ret.d5.b3.c5	A06	0
A.Ret.d5.b3.c4	A06	0
A.Ret.d5.Rg1	A06	0
A.Ret.d5.d3	A06	0
A.Ret.d5.e3	A06	0
A.Ret.d5.e3.c5	A06	0
A.Ret.d5.Nc3	A06	0
A.Ret.d5.a4	A06	0
A.Ret.d5.g3	A07	0
A.Ret.d5.g3.g6	A07	0
A.Ret.d5.g3.Bg4	A07	0
A.Ret.d5.g3.e5	A07	0
A.Ret.d5.g3.c5	A07	0
A.Ret.d5.c4	A09	0
A.Ret.d5.c4.b5	A09	0
B.Fre.Nrm	C00	0
B.Fre.Nrm.d5	C00	0
B.Fre.Nrm.d5	C01	1
B.Fre.Nrm.d5	C02	2
B.Fre.Nrm.d5	C03	3
B.Fre.Nrm.d5	C10	4
B.Fre.Nrm.d5.Be3	C00	0
B.Fre.Nrm.d5.Nf3	C00	0
B.Fre.Nrm.d5.Nf3.dxe4	C00	0
B.Fre.Nrm.d5.c4	C00	0
B.Fre.Nrm.d5.c4.dxe4	C00	0
B.Fre.Nrm.d5.Qe2	C00	0
B.Fre.Nrm.d5.Qe2.e5	C00	0
B.Fre.Nrm.d5.Nh3	C00	0
B.Fre.Nrm.d5.Bd3	C00	0
B.Fre.Nrm.b5	C00	0
B.Fre.Nrm.f5	C00	0
B.Fre.Nrm.f5.exf5	C00	0
B.Fre.Nrm.c5	C00	0
B.Fre.Nrm.c5.d5	A43	0
B.Fre.Nrm.Nf6	C00	0
B.Fre.Nrm.a6	C00	0
B.Fre.Nrm.a6.c4	C00	0
B.Fre.Nrm.a6.c4.b5	C00	0
B.Fre.Nrm.a6.Nf3	C00	0
B.Fre.b4	C00	0
B.Fre.b4.Bxb4	C00	0
B.Fre.Bb5	C00	0
B.Fre.Qe2	C00	0
B.Fre.b3	C00	0
B.Fre.d3	C00	0
B.Fre.d3.f5	C00	0
B.Fre.Nf3	C00	0
B.Fre.Nf3.f5	C00	0
B.Fre.Nf3.d5	C00	0
B.Fre.Nf3.d5.Nc3	C00	0
B.Fre.f4	C00	0
B.Fre.f4.d5	C00	0
B.Fre.c4	C00	0
B.Fre.c4.d5	C00	0
B.Fre.Nc3	C00	0
B.Fre.Nc3.d5	C00	0
B.Fre.g3	C00	0
B.Fre.e5	C00	0
B.Fre.Nrm.d5.Nc3	C10	0
B.Fre.Nrm.d5.Nc3.Nc6	C10	0
B.Fre.Nrm.d5.Nc3.c5	C10	0
B.Fre.Nrm.d5.Nc3.a6	C11	0
B.Fre.Nrm.d5.Nc3.a6	C14	1
B.CaK.Nc3	B10	0
B.CaK.Nc3.d5	B10	0
B.CaK.Nc3.Gld	B10	0
B.CaK.Nc3.ScH	B10	0
B.CaK.Nc3.StP	B10	0
B.CaK.APn	B10	0
B.CaK.APn.d5	B10	0
B.CaK.APn.Mod	B10	0
B.CaK.APn.Opn	B10	0
B.CaK.APn.PSc	B10	0
B.CaK.APn.VWe	B10	0
B.CaK.APn.Toi	B10	0
B.CaK.Nf3	B10	0
B.CaK.Nf3.d5	B10	0
B.CaK.Nf3.d5.exd5	B10	0
B.CaK.Nf3.d5.d3	B10	0
B.CaK.Nf3.d5.d3.dxe4	B10	0
B.CaK.Bry	B10	0
B.CaK.Euw	B10	0
B.CaK.Hil	B10	0
B.CaK.Hil.Sch	B10	0
B.CaK.Lab	B10	0
B.CaK.Lab.Dbl	B10	0
B.CaK.Lab.Pol	B10	0
B.CaK.Spk	B10	0
B.CaK.Spk.ScG	B10	0
B.CaK.Dpn	B12	0
B.CaK.Dpn	B13	1
B.CaK.Dpn	B15	2
B.CaK.Dpn	B16	3
B.CaK.Dpn	B17	4
B.CaK.Dpn	B18	5
B.CaK.Dpn	B19	6
B.CaK.Dpn.d5	B12	0
B.CaK.Dpn.d5	B13	1
B.CaK.Dpn.d5	B15	2
B.CaK.Dpn.d5	B16	3
B.CaK.Dpn.d5	B17	4
B.CaK.Dpn.d5	B18	5
B.CaK.Dpn.d5	B19	6
B.CaK.Dpn.d5.exd5	B13	0
B.CaK.Dpn.DBr	B12	0
B.CaK.Dpn.DBr.Nc3	B12	0
B.CaK.Dpn.Mas	B12	0
B.CaK.Dpn.Mss	B12	0
B.CaK.Dpn.Mdn	B12	0
B.CaK.Dpn.Mdn	B15	1
B.CaK.Dpn.Mdn.Edn	B12	0
B.CaK.Dpn.Mdn.MLn	B15	0
B.CaK.Dpn.Mdn.MLn.h6	B16	0
B.CaK.Dpn.Mie	B12	0
B.CaK.Dpn.Lnd	B12	0
B.CaK.Dpn.Nf3	B12	0
B.CaK.Dpn.Nf3.Uly	B12	0
B.CaK.Dpn.Nc3	B15	0
B.CaK.Dpn.Nc3	B16	1
B.CaK.Dpn.Nc3	B17	2
B.CaK.Dpn.Nc3	B18	3
B.CaK.Dpn.Nc3	B19	4
B.CaK.Dpn.Nc3.dxe4	B15	0
B.CaK.Dpn.Nc3.dxe4	B16	1
B.CaK.Dpn.Nc3.dxe4	B17	2
B.CaK.Dpn.Nc3.dxe4	B18	3
B.CaK.Dpn.Nc3.dxe4	B19	4
B.CaK.Dpn.Nc3.Alk	B15	0
B.CaK.Dpn.Nc3.Ali	B15	0
B.CaK.Dpn.Nc3.Cmp	B15	0
B.CaK.Dpn.Nc3.Gur	B15	0
B.CaK.Dpn.Nc3.Rsa	B15	0
B.CaK.Dpn.Nc3.VHg	B15	0
B.Fre.Win.Ale	C15	0
B.Fre.Win.Ale.Wlf	C15	0
B.Fre.Win.Ale.Acc	C15	0
B.Fre.Win.Ale.Kan	C15	0
B.Fre.Win.Ale.Ala	C15	0
B.Fre.Win.DEx	C15	0
B.Fre.Win.DEx.Cnl	C15	0
B.Fre.Win.Fsl	C15	0
B.Fre.Win.Fsl.Kun	C15	0
B.Fre.Win.Fsl.MLn	C15	0
B.Fre.Win.Fsl.Sch	C15	0
B.Fre.Win.Knd	C15	0
B.Fre.Win.WRg	C15	0
B.Fre.Win.Adv	C16	0
B.Fre.Win.Adv	C17	1
B.Fre.Win.Adv	C18	2
B.Fre.Win.Adv	C19	3
B.Fre.Win.Adv.Qd7	C16	0
B.Fre.Win.Adv.c5	C17	0
B.Fre.Win.Adv.c5	C18	1
B.Fre.Win.Adv.c5	C19	2
B.Fre.Win.Adv.Msc	C17	0
B.Fre.Win.Adv.Bgl	C17	0
B.Fre.Win.Adv.Bgl.Ice	C17	0
B.Fre.Win.Adv.a3	C17	0
B.Fre.Win.Adv.a3	C18	1
B.Fre.Win.Adv.a3	C19	2
B.Fre.Win.Adv.MWl	C17	0
B.Fre.Win.Adv.MWl.Nf3	C17	0
B.Fre.Win.Adv.MLn	C18	0
B.Fre.Win.Adv.MLn	C19	1
B.Fre.Win.Adv.MLn.Ne7	C18	0
B.Fre.Win.Adv.MLn.Ne7	C19	1
B.Fre.Win.Adv.MLn.Ne7.Bd3	C18	0
B.Fre.Win.Adv.MLn.Ne7.Bd3	C19	1
B.Fre.Win.Adv.MLn.Ne7.h4	C18	0
B.Fre.Win.Adv.MLn.Ne7.Nf3	C19	0
B.Fre.Win.Adv.MLn.Qc7	C18	0
B.Fre.Win.Adv.MLn.Qa5	C18	0
B.Fre.Win.Adv.Smy	C19	0
B.Fre.Win.Adv.Pos	C19	0
B.Fre.Win.Adv.Pos.Qa5	C19	0
B.Fre.Win.Adv.Pos.Qa5.Bd2	C19	0
B.Fre.Win.Adv.Pos.Qa5.Qd2	C19	0
B.Mod.Dpn	B06	0
B.Mod.Dpn	B07	1
B.Mod.Std	B06	0
B.Mod.Std	B07	1
B.Mod.Std.Nc3	B06	0
B.Mod.Std.Bc4	B06	0
B.Mod.Std.Bc4.b5	B06	0
B.Mod.Std.Bc4.Mky	B06	0
B.Mod.Std.ThP	B06	0
B.Mod.Std.ThP.PtW	B06	0
B.Mod.Std.ThP.PtP	B06	0
B.Mod.Std.Nf3	B07	0
B.Mod.Std.Nf3.b6	B06	0
B.Mod.Std.Nf3.d6	B07	0
B.Mod.Std.Bd2	B06	0
B.Mod.Std.Bd3	B06	0
B.Mod.Std.Fia	B06	0
B.Mod.Std.Fia.PtK	B06	0
B.Mod.Std.Fia.PtR	B06	0
B.Mod.Std.Ctr	B06	0
B.Mod.Std.Ctr.Dun	B06	0
B.Mod.Std.Ctr.PtC	B06	0
B.Mod.Std.Ctr.PtC.AnH	B06	0
B.Mod.Std.Ctr.PtC.Ben	B06	0
B.Mod.Std.Ctr.PtC.Qtz	B06	0
B.Mod.Std.Nc3.StD	B06	0
B.Mod.Std.Nc3.StD.Nf3	B06	0
B.Mod.Std.Nc3.StD.Tal	B06	0
B.Mod.Std.Nc3.StD.Rat	B06	0
B.Mod.Std.Nc3.C6S	B06	0
B.Mod.Std.Nc3.C6S.AMo	B06	0
B.Mod.Std.Nc3.C6S.Grg	B06	0
B.Mod.Std.Nc3.C6S.Sut	B06	0
B.Mod.Std.Nc3.d5	B06	0
B.Mod.Std.Nc3.C5S	B06	0
B.Mod.Std.Nc3.C5S.AnH	B06	0
B.Mod.Std.Nc3.C5S.Rha	B06	0
B.Mod.Std.Nc3.C5S.Pte	B06	0
B.Mod.Std.Nc3.C5S.Ptn	B06	0
B.Mod.Std.Nc3.C5S.Ben	B06	0
B.Mod.Std.Nc3.C5S.Sic	B06	0
B.Mod.Std.Nc3.C5S.Sic.Qtz	B06	0
B.Mod.Std.Nc3.C5S.Sic.Sir	B06	0
B.Mod.Dpn.Nf6	B06	0
B.Mod.Dpn.Nf6.Nor	B06	0
B.Mod.Fia	B06	0
B.Ale.Nrm	B02	0
B.Ale.Nrm	B03	1
B.Ale.Nrm	B04	2
B.Ale.Nrm	B05	3
B.Ale.Brk	B02	0
B.Ale.Brk.Eve	B02	0
B.Ale.Kre	B02	0
B.Ale.Kre.Gmb	B02	0
B.Ale.Mar	B02	0
B.Ale.Mok	B02	0
B.Ale.Mok.Mod	B02	0
B.Ale.Mok.Vav	B02	0
B.Ale.Nrm.Na3	B02	0
B.Ale.Nrm.Bc4	B02	0
B.Ale.Nrm.Bc4.Kmo	B02	0
B.Ale.Nrm.Nc3	B02	0
B.Ale.Nrm.Two	B02	0
B.Ale.Nrm.Two.Tat	B02	0
B.Ale.Nrm.Two.Stn	B02	0
B.Ale.Nrm.Two.Sqr	B02	0
B.Ale.Nrm.b3	B02	0
B.Ale.Nrm.Dpn	B03	0
B.Ale.Nrm.Dpn	B04	1
B.Ale.Nrm.Dpn	B05	2
B.Ale.Nrm.Dpn.d6	B03	0
B.Ale.Nrm.Dpn.d6	B04	1
B.Ale.Nrm.Dpn.d6	B05	2
B.Ale.Nrm.Dpn.d6.c4	B03	0
B.Ale.Nrm.Dpn.d6.c4.Nb6	B03	0
B.Ale.Nrm.Dpn.Osg	B03	0
B.Ale.Nc3	B02	0
B.Ale.Nc3.Ges	B02	0
B.Ale.Nc3.Mye	B02	0
B.Ale.Nc3.Spl	B02	0
B.Nim.Dpn	B00	0
B.Nim.Nf3	B00	0
B.Nim.Nc3	B00	0
B.Nim.Nf3.Nf6	B00	0
B.Nim.Nf3.Nf6.ElC	B00	0
B.Nim.Nf3.Nf6.ElC.Gmb	B00	0
B.Nim.Nf3.Nf6.ElC.Exc	B00	0
B.Nim.Nf3.Nf6.ElC.Pin	B00	0
B.Nim.Nf3.e6	B00	0
B.Nim.Nf3.d6	B00	0
B.Nim.Nc3.Nf6	B00	0
B.Nim.Nc3.e6	B00	0
B.Nim.Nc3.g6	B00	0
B.Nim.Dpn.d6	B00	0
B.Nim.Dpn.f6	B00	0
B.Nim.Dpn.a6	B00	0
B.Nim.Bb5	B00	0
B.Nim.b4	B00	0
B.Sca.Ten	A06	0
B.Sca.Ten.Brg	A06	0
B.Sca.b3	B01	0
B.Sca.Zil	B01	0
B.Sca.Cap	B01	0
B.Sca.Cap.Qxd5	B01	0
B.Sca.Cap.BKg	B01	0
B.Sca.Cap.BKg.Nxc6	B01	0
B.Sca.Cap.BKg.e5	B01	0
B.Sca.Cap.Boe	B01	0
B.Sca.Nc3	B01	0
B.Sca.Nc3.VGt	B01	0
B.Sic.Naj.g4	B90	0
B.Sic.Naj.Rg1	B90	0
B.Sic.Naj.Bc4	B90	0
B.Sic.Naj.Bc4	B87	1
B.Sic.Naj.Bc4.Bb3	B87	0
B.Sic.Naj.g3	B91	0
B.Sic.Naj.Be2	B92	0
B.Sic.Naj.Be2	B93	1
B.Sic.Naj.Be2.e5	B92	0
B.Sic.Naj.Be2.e5.Nb3	B92	0
B.Sic.Naj.Be2.e5.Nb3.Be6	B92	0
B.Sic.Naj.f4	B85	0
B.Sic.Naj.f4	B93	1
B.Sic.Naj.f4.e6	B85	0
B.Sic.Naj.f4.e6	B93	1
B.Sic.Naj.Bg5	B94	0
B.Sic.Naj.Bg5	B95	1
B.Sic.Naj.Bg5	B96	2
B.Sic.Naj.Bg5	B97	3
B.Sic.Naj.Bg5	B98	4
B.Sic.Naj.Bg5	B99	5
B.Sic.Naj.Bg5.Nbd7	B94	0
B.Sic.Naj.Bg5.e6	B95	0
B.Sic.Naj.Bg5.e6	B96	1
B.Sic.Naj.Bg5.e6	B98	2
B.Sic.Naj.Bg5.e6	B99	3
B.Sic.Naj.Bg5.e6.f4	B96	0
B.Sic.Naj.Bg5.e6.f4	B98	1
B.Sic.Naj.Bg5.e6.f4	B99	2
B.Sic.Naj.Bg5.e6.f4.Nc6	B96	0
B.Sic.Naj.Bg5.e6.f4.Be7	B98	0
B.Sic.OKe.Be2	B28	0
B.Sic.OKe.b3	B28	0
B.Sic.OKe.c4	B28	0
B.Sic.OKe.c4.e6	B28	0
B.Sic.OKe.c4.d6	B28	0
B.Sic.OKe.d4	B28	0
B.Sic.OKe.d4.cxd4	B28	0
B.Sic.OKe.d4.cxd4.Bc4	B28	0
B.Sic.OKe.d4.cxd4.c3	B28	0
B.Sic.OKe.d4.cxd4.Nxd4	B28	0
B.Sic.OKe.d4.cxd4.Qxd4	B28	0
B.Sic.OKe.d3	B28	0
B.Sic.OKe.g3	B28	0
B.Sic.OKe.c3	B28	0
B.Sic.OKe.c3.Nf6	B28	0
B.Sic.OKe.c3.d5	B28	0
B.Sic.OKe.c3.b5	B28	0
B.Sic.OKe.c3.d6	B28	0
B.Sic.OKe.b4	B28	0
B.Sic.OKe.Nc3	B28	0
B.Sic.Tay.Nb5	B44	0
B.Sic.Tay.Nb5.d6	B44	0
B.Sic.Tay.Nb5.d6.c4	B44	0
B.Sic.Tay.Nb5.d6.c4.Be7	B44	0
B.Sic.Tay.Nc3	B45	0
B.Sic.Tay.Nc3	B46	1
B.Sic.Tay.Nc3	B47	2
B.Sic.Tay.Nc3	B48	3
B.Sic.Tay.Nc3	B49	4
B.Sic.Tay.Nc3.Nf6	B45	0
B.Sic.Tay.Nc3.Nf6.Ndb5	B45	0
B.Sic.Tay.Nc3.Nf6.Ndb5.Bb4	B45	0
B.Sic.Tay.Nc3.Nf6.Ndb5.Bc5	B45	0
B.Sic.Tay.Nc3.Nf6.Nxc6	B45	0
B.Sic.Tay.Nc3.a6	B46	0
B.Sic.Tay.Nc3.Qc7	B47	0
B.Sic.Tay.Nc3.Qc7	B48	1
B.Sic.Tay.Nc3.Qc7	B49	2
B.Sic.Tay.Nc3.Qc7.Ndb5	B47	0
B.Sic.Tay.Nc3.Qc7.Be3	B48	0
B.Sic.Tay.Nc3.Qc7.Be3	B49	1
B.Sic.Tay.Nc3.Qc7.Be2	B85	0
B.Sic.SmM.Acc.Nxc3	B21	0
B.Sic.SmM.Acc.Nf3	B21	0
B.Sic.SmM.Acc.Nxc3.Nc6	B21	0
B.Sic.SmM.Acc.Nxc3.e6	B21	0
B.Sic.SmM.Acc.Nxc3.Nc6.Nf3	B21	0
B.Sic.SmM.Acc.Nxc3.e6.Nf3	B21	0
B.Sic.Dra.Be3	B72	0
B.Sic.Dra.Be3	B75	1
B.Sic.Dra.Be3	B76	2
B.Sic.Dra.Be3	B77	3
B.Sic.Dra.Be3	B78	4
B.Sic.Dra.Be3	B79	5
B.Sic.Dra.Be3.Bg7	B72	0
B.Sic.Dra.Be3.Bg7	B75	1
B.Sic.Dra.Be3.Bg7	B76	2
B.Sic.Dra.Be3.Bg7.f3	B75	0
B.Sic.Dra.Be3.Bg7.f3	B76	1
B.Sic.Dra.Be3.Bg7.Be2	B72	0
B.Sic.Dra.Be3.Nc6	B75	0
B.Sic.Dra.g3	B70	0
B.Sic.Fre.c3	B22	0
B.Sic.Fre.c3	B40	1
B.Sic.Fre.c3.d5	B22	0
B.Sic.Fre.c3.Nf6	B40	0
B.Sic.Fre.d4	B40	0
B.Sic.Fre.d4.cxd4	B40	0
B.Sic.Fre.d4.cxd4.Nxd4	B40	0
B.Sic.Fre.d4.cxd4.Nxd4.Nf6	B40	0
B.Sic.Fre.d4.d5	B40	0
B.Sic.Fre.b3	B40	0
B.Sic.Fre.c4	B40	0
B.Sic.Fre.b4	B40	0
B.Sic.Old.Nc3	B30	0
B.Sic.Old.Nc3.Bc4	B30	0
B.Sic.Old.Nc3.Bc4.d6	B30	0
B.Sic.Old.Nc3.Bc4.Nf6	B30	0
B.Sic.Old.b4	B30	0
B.Sic.Old.d4	B32	0
B.Sic.Old.d4	B33	1
B.Sic.Old.d4.cxd4	B32	0
B.Sic.Old.d4.cxd4	B33	1
B.Sic.Old.d4.cxd4.Nxd4	B32	0
B.Sic.Old.d4.cxd4.Nxd4	B33	1
B.Sic.Old.d4.cxd4.Nxd4.Qc7	B32	0
B.Sic.Old.d4.cxd4.Nxd4.Qb6	B32	0
B.Sic.Old.d4.e6	B32	0
B.Sic.Mod.c3	B50	0
B.Sic.Mod.Bd3	B50	0
B.Sic.Mod.g3	B50	0
B.Sic.Mod.g3.b5	B50	0
B.Sic.Mod.d4	B50	0
B.Sic.Mod.d4	B53	1
B.Sic.Mod.d4.cxd4	B50	0
B.Sic.Mod.d4.cxd4	B53	1
B.Sic.Mod.d4.Nf6	B50	0
B.Sic.Mod.d4.Nf6.dxc5	B50	0
B.Sic.Mod.d4.cxd4.c3	B50	0
B.Sic.Mod.d4.cxd4.Qxd4	B53	0
B.Sic.Mod.d4.cxd4.Qxd4.Nc6	B53	0
B.Sic.Mod.b4	B50	0
B.Sic.HAc.d4	B27	0
B.Sic.HAc.d4.Bg7	B27	0
B.Sic.HAc.d4.Bg7.dxc5	B27	0
B.Sic.HAc.d4.f5	B27	0
B.Sic.HAc.c3	B27	0
B.Sic.HAc.c4	B27	0
B.Sic.Clo.e6	B23	0
B.Sic.Clo.e6.g3	B23	0
B.Sic.Clo.e6.g3.d5	B23	0
B.Sic.Clo.D6L	B23	0
B.Sic.Clo.D6L	B74	1
B.Sic.Clo.D6L.Car	B23	0
B.Sic.Clo.Nc6	B23	0
B.Sic.Clo.Nc6.Nge2	B23	0
B.Sic.Clo.Nc6.g4	B23	0
B.Sic.Sch.g3	B80	0
B.Sic.Sch.Bb5	B80	0
B.Sic.Sch.f4	B82	0
B.Sic.Sch.f4.Nc6	B82	0
B.Sic.Sch.Be2	B83	0
B.Sic.Sch.Be2.Be7	B83	0
B.Sic.Sch.Bc4	B86	0
B.Sic.Cls.Rch.Bd7	B60	0
B.Sic.Cls.Rch.Bd7	B61	1
B.Sic.Cls.Rch.Bd7.Qd2	B61	0
B.Sic.Cls.Rch.e6	B62	0
B.Sic.Cls.Rch.e6	B63	1
B.Sic.Cls.Rch.e6	B66	2
B.Sic.Cls.Rch.e6	B67	3
B.Sic.Cls.Rch.e6	B68	4
B.Sic.Cls.Rch.e6	B69	5
B.Sic.Cls.Rch.e6.Qd3	B62	0
B.Sic.Cls.Rch.e6.Nxc6	B62	0
B.Sic.Cls.Rch.e6.Nb3	B62	0
B.Sic.Cls.Rch.e6.Bb5	B62	0
B.Sic.Cls.Rch.e6.Qd2	B63	0
B.Sic.Cls.Rch.e6.Qd2	B66	1
B.Sic.Cls.Rch.e6.Qd2	B67	2
B.Sic.Cls.Rch.e6.Qd2	B68	3
B.Sic.Cls.Rch.e6.Qd2	B69	4
B.Sic.Cls.Rch.e6.Qd2.Be7	B63	0
B.Sic.Cls.Rch.e6.Qd2.a6	B66	0
B.Sic.Cls.Rch.e6.Qd2.a6	B67	1
B.Sic.Cls.Rch.e6.Qd2.a6	B68	2
B.Sic.Cls.Rch.e6.Qd2.a6	B69	3
C.RyL.Alp	C60	0
C.RyL.Alp.Gmb	C60	0
C.RyL.Bre	C60	0
C.RyL.Bul	C60	0
C.RyL.Fia	C60	0
C.RyL.Fia	C76	1
C.RyL.Fia.c3	C60	0
C.RyL.Fia.c3	C76	1
C.RyL.Fia.c3.f5	C60	0
C.RyL.Fia.d4	C60	0
C.RyL.Luc	C60	0
C.RyL.Nbg	C60	0
C.RyL.Pol	C60	0
C.RyL.Ret	C60	0
C.RyL.Rot	C60	0
C.RyL.SCG	C60	0
C.RyL.SCG.Nxe5	C60	0
C.RyL.Vin	C60	0
C.RyL.Bir	C61	0
C.RyL.Bir.Nxd4	C61	0
C.RyL.Stn	C62	0
C.RyL.Stn	C66	1
C.RyL.Stn.d4	C62	0
C.RyL.Stn.d4	C66	1
C.RyL.Stn.d4.exd4	C62	0
C.RyL.Stn.d4.Bd7	C62	0
C.RyL.Stn.d4.Bd7	C66	1
C.RyL.Stn.d4.Bd7.Nc3	C62	0
C.RyL.Stn.d4.Bd7.Nc3	C66	1
C.RyL.Stn.d4.Bd7.c4	C62	0
C.RyL.ClD	C64	0
C.RyL.ClD.c3	C64	0
C.RyL.ClD.c3.Qe7	C64	0
C.RyL.ClD.c3.Bb6	C64	0
C.RyL.ClD.c3.f5	C64	0
C.RyL.ClD.c3.d5	C64	0
C.RyL.ClD.b4	C64	0
C.Vie.Nc6	C25	0
C.Vie.Nc6.f4	C25	0
C.Vie.Nc6.f4.exf4	C25	0
C.Vie.Nc6.f4.exf4.Nf3	C25	0
C.Vie.Nc6.f4.exf4.Nf3.g5	C25	0
C.Vie.Nc6.f4.exf4.d4	C25	0
C.Vie.Nc6.f4.exf4.d4.Qh4	C25	0
C.Vie.Nc6.f4.Bc5	C25	0
C.Vie.Nc6.d4	C25	0
C.Vie.Nc6.g3	C25	0
C.Vie.Nc6.g3.Bc5	C25	0
C.Vie.Nc6.Bc4	C25	0
C.Vie.Nc6.Bc4	C28	1
C.Vie.Nc6.Bc4.Bc5	C25	0
C.Vie.Nc6.Bc4.Nf6	C28	0
C.Vie.Nc6.Bc4.Nf6.f4	C28	0
C.Vie.Bc5	C25	0
C.Vie.Bc5.Qg4	C25	0
C.Vie.Bc5.Na4	C25	0
C.Vie.d6	C25	0
C.Vie.Bb4	C25	0
C.PhD.d4	C41	0
C.PhD.Bc4	C41	0
C.PhD.Bc4.Be7	C41	0
C.PhD.Bc4.Be7.c3	C41	0
C.PhD.Bc4.f5	C41	0
C.PhD.d4.Bg4	C41	0
C.PhD.d4.exd4	C41	0
C.PhD.d4.exd4.Nxd4	C41	0
C.PhD.d4.exd4.c3	C41	0
C.PhD.d4.exd4.Qxd4	C41	0
C.PhD.d4.exd4.Bc4	C41	0
C.PhD.d4.Nd7	C41	0
C.PhD.d4.Nd7.Bc4	C41	0
C.PhD.d4.Nd7.Bc4.c6	C41	0
C.PhD.d4.Nd7.Bc4.Nb6	C41	0
C.PhD.d4.Nf6	C41	0
C.PhD.d4.Nf6.dxe5	C41	0
C.PhD.d4.Nf6.dxe5.Nxe4	C41	0
C.PhD.d4.Nf6.Bc4	C41	0
C.PhD.d4.Nf6.Ng5	C41	0
C.PhD.d4.f5	C41	0
C.PhD.d4.f5.Nc3	C41	0
C.PhD.d4.Bd7	C41	0
C.KPO.Ke2	C20	0
C.KPO.c4	C20	0
C.KPO.c4.d5	C20	0
C.KPO.Ne2	C20	0
C.KPO.d3	C20	0
C.KPO.d3.f5	C20	0
C.KPO.d3.Nf6	C20	0
C.KPO.d3.d5	C20	0
C.KPO.f3	C20	0
C.KPO.f3.Nf6	C20	0
C.KPO.c3	C20	0
C.KPO.c3.f5	C20	0
C.KPO.c3.d5	C20	0
C.KPO.a3	C20	0
C.KPO.Bd3	C20	0
C.KPO.Qh5	C20	0
C.KPO.Qh5.Nf6	C20	0
C.KPO.Qh5.Nc6	C20	0
C.KPO.b3	C20	0
C.KPO.Qg4	C20	0
C.KPO.Qe2	C20	0
C.Pet.Nxe5	C42	0
C.Pet.Nxe5.d6	C42	0
C.Pet.Nxe5.d6.Nf3	C42	0
C.Pet.Nxe5.d6.Nf3.Nxe4	C42	0
C.Pet.Nxe5.d6.Nf3.Nxe4.d4	C42	0
C.Pet.Nxe5.d6.Nf3.Nxe4.Qe2	C42	0
C.Pet.Nxe5.d6.Nf3.Nxe4.d3	C42	0
C.Pet.Nxe5.d6.Nf3.Nxe4.c4	C42	0
C.Pet.Nxe5.d6.Nf3.Nxe4.Bd3	C42	0
C.Pet.Nxe5.d6.Nf3.Nxe4.Nc3	C42	0
C.Pet.Nxe5.d6.Nd3	C42	0
C.Pet.Nxe5.d6.Nc4	C42	0
C.Pet.Nxe5.Nxe4	C42	0
C.Pet.Nxe5.Nxe4.Qe2	C42	0
C.Pet.Bc4	C42	0
C.Pet.Bc4.Nxe4	C27	0
C.Pet.Qe2	C42	0
C.Bsh.Bc5	C23	0
C.Bsh.Bc5.d4	C23	0
C.Bsh.Bc5.Qe2	C23	0
C.Bsh.Bc5.Qe2.Nf6	C23	0
C.Bsh.Bc5.Qe2.Nc6	C23	0
C.Bsh.Bc5.b4	C23	0
C.Bsh.Bc5.b4.Bxb4	C23	0
C.Bsh.Bc5.b4.Bxb4.c3	C23	0
C.Bsh.Bc5.b4.Bxb4.f4	C23	0
C.Bsh.Bc5.c3	C23	0
C.Bsh.Bc5.c3.Nf6	C23	0
C.Bsh.Bc5.c3.Qg5	C23	0
C.Bsh.Bc5.f4	C23	0
C.Bsh.b5	C23	0
C.Bsh.b5.Bxb5	C23	0
C.Bsh.b5.Bxb5.c6	C23	0
C.Bsh.b5.Bxb5.f5	C23	0
C.Bsh.d5	C23	0
C.Bsh.c6	C23	0
C.Bsh.c6.d4	C23	0
C.Bsh.Nc6	C30	0
C.Bsh.Nc6.Nc3	C30	0
C.Sco.exd4	C44	0
C.Sco.exd4	C45	1
C.Sco.exd4.Nxd4	C45	0
C.Sco.exd4.Nxd4.Qh4	C45	0
C.Sco.exd4.Nxd4.Qh4.Be3	C45	0
C.Sco.exd4.Nxd4.Qh4.Nf3	C45	0
C.Sco.exd4.Nxd4.Qh4.Nb5	C45	0
C.Sco.exd4.Nxd4.Qh4.Nc3	C45	0
C.Sco.exd4.Nxd4.Qh4.Nf5	C45	0
C.Sco.exd4.Nxd4.Nxd4	C45	0
C.Sco.exd4.Nxd4.Bb4	C45	0
C.Sco.Nxd4	C44	0
C.Sco.Nxd4.Nxd4	C44	0
C.Sco.Nxd4.Nxd4.Qxd4	C44	0
C.Sco.Nxd4.Nxd4.Bc4	C44	0
C.Sco.exd4.Bb5	C44	0
C.KGm.Qh4	C30	0
C.KGm.Qh4.g3	C30	0
C.KGm.Qh4.g3.Qe7	C30	0
C.KGm.Qf6	C30	0
C.KGm.Qf6.Nc3	C30	0
C.KGm.Qf6.Nc3.Qxf4	C30	0
C.KGm.Qf6.Nc3.Qxf4.Nf3	C30	0
C.KGm.Qf6.Nc3.Qxf4.d4	C30	0
C.KGm.Nc6	C30	0
C.KGm.Nc6.Nf3	C30	0
C.KGm.Nc6.Nf3.g5	C30	0
C.KGm.Nc6.Nf3.f5	C30	0
C.KGm.f5	C30	0
C.KGm.f5.exf5	C30	0
C.KGm.f5.exf5.Qh4	C30	0
C.KGm.f5.exf5.exf4	C30	0
C.KGm.f5.exf5.Bc5	C30	0
C.KGm.Nf6	C30	0
C.KGm.f6	C30	0
C.KGm.g5	C30	0
C.LtO.Bc4	C40	0
C.LtO.Bc4.Nf6	C40	0
C.LtO.Bc4.fxe4	C40	0
C.LtO.Bc4.fxe4.Qg5	C40	0
C.LtO.Bc4.fxe4.d5	C40	0
C.LtO.Bc4.fxe4.Nf6	C40	0
C.LtO.Bc4.b5	C40	0
C.LtO.c4	C40	0
C.LtO.Nxe5	C40	0
C.LtO.Nxe5.Nc6	C40	0
C.LtO.Nxe5.Qe7	C40	0
C.LtO.g4	C40	0
C.LtO.d4	C40	0
C.LtO.Nc3	C40	0
C.LtO.b4	C40	0
C.Ita.h6	C50	0
C.Ita.Nd4	C50	0
C.Ita.Be7	C50	0
C.Ita.Be7.d4	C50	0
C.Ita.d6	C50	0
C.Ita.f5	C50	0
D.Sla.Nc3	D10	0
D.Sla.Nc3.dxc4	D10	0
D.Sla.Nc3.Nf6	D10	0
D.Sla.Nc3.Nf6.e3	D10	0
D.Sla.Nf3	D10	0
D.Sla.Nf3	D11	1
D.Sla.Nf3.Nf6	D11	0
D.Sla.Nf3.Nf6.Nc3	D15	0
D.Sla.Nf3.Nf6.Nc3.dxc4	D15	0
D.Sla.Nf3.Nf6.g3	D11	0
D.Sla.Nf3.Nf6.Nbd2	D11	0
D.Sla.Nf3.Nf6.e3	D11	0
D.Sla.Nf3.Nf6.e3	D30	1
D.Sla.Nf3.Nf6.e3.e6	D30	0
D.Bgm.Cap	D00	0
D.Bgm.Cap.f3	D00	0
D.Bgm.Cap.Be3	D00	0
D.Bgm.Cap.Bc4	D00	0
D.Bgm.Cap.Nc3	D00	0
D.Bgm.Cap.Nc3.Nf6	D00	0
D.Bgm.Cap.Nc3.Nf6.f3	D00	0
D.Bgm.Cap.Nc3.Nf6.Be3	D00	0
D.Bgm.Cap.Nc3.Nf6.Bg5	D00	0
D.Bgm.Cap.Nc3.e5	D00	0
D.Bgm.Cap.Nc3.Bf5	D00	0
D.Bgm.Cap.Nc3.c5	D00	0
D.Bgm.Cap.Nc3.f5	D00	0
D.QGA.e3	D20	0
D.QGA.Qa4	D20	0
D.QGA.Nf3	D21	0
D.QGA.Nf3.Nf6	D23	0
D.QGA.Nf3.Nf6.Nc3	D24	0
D.QGA.Nf3.Nf6.e3	D25	0
D.QGA.Nf3.e6	D21	0
D.QGA.Nf3.c5	D21	0
D.QGA.Nf3.b5	D21	0
D.QPG.c4	D06	0
D.QPG.c4.c5	D06	0
D.QPG.c4.b5	D06	0
D.QPG.e3	D00	0
D.QPG.e3.Nf6	D00	0
D.QPG.Zuk.Nf6	D02	0
D.QPG.Zuk.Nf6.e3	D04	0
D.QPG.Zuk.Nf6.g3	D02	0
D.QPG.Zuk.Nf6.c4	D02	0
D.QPG.Zuk.c5	D02	0
D.QPG.Zuk.c5.g3	D02	0
D.QPG.Zuk.c6	D02	0
D.QPG.Zuk.c6.Bg5	D02	0
D.QPG.Zuk.e6	D02	0
D.QPG.Zuk.e6.Bf4	D02	0
D.QPG.Zuk.Bf5	D02	0
D.QPG.Zuk.Nc6	D02	0
D.QPG.Zuk.Bg4	D02	0
D.Tar.Exd	D32	0
D.Tar.Exd	D33	1
D.Tar.Exd	D34	2
D.Tar.Exd.Nf3	D33	0
D.Tar.Exd.Nf3	D34	1
D.Tar.Exd.Nf3.Nc6	D33	0
D.Tar.Exd.Nf3.Nc6	D34	1
D.Tar.Cls.Bg5	D34	0
D.Tar.Cls.Bg5.Be6	D34	0
D.Tar.Cls.Bg5.c4	D34	0
D.Tar.Cls.Bg5.cxd4	D34	0
D.Tar.Cls.Bg5.cxd4.Nxd4	D34	0
D.Tar.Cls.Bg5.cxd4.Nxd4.h6	D34	0
D.QGD.Cls.Nf3.Nbd7	D60	0
D.QGD.Cls.Nf3.Nbd7.Bd3	D60	0
D.QGD.Cls.Nf3.Nbd7.Qc2	D61	0
D.QGD.Cls.Nf3.Nbd7.Rc1	D63	0
D.QGD.Ort.Hne.Bxe7	D67	0
D.QGD.Ort.Hne.Bxe7.Qxe7	D67	0
D.QGD.Ort.Hne.Bxe7.Qxe7.O-O	D67	0
D.QGD.Ort.Hne.Bxe7.Qxe7.Ne4	D67	0
D.Sem.AMe.b6	D45	0
D.Sem.AMe.b6	D46	1
D.Sem.AMe.b6.b3	D45	0
D.Sem.AMe.b6.b3	D46	1
D.Sem.AMe.b6.b3.Bb7	D45	0
D.Sem.AMe.b6.b3.Bb7	D46	1
D.Sem.AMe.Bd6	D45	0
D.Sem.AMe.Bd6	D46	1
D.Sem.AMe.Bd6.b3	D45	0
D.Sem.AMe.Bd6.b3	D46	1
D.Sem.AMe.Bd6.b3.O-O	D45	0
D.Sem.AMe.Bd6.b3.O-O	D46	1
D.Sem.AMe.Bd6.e4	D45	0
D.Sem.Mer.MLn.c5	D48	0
D.Sem.Mer.MLn.c5	D49	1
D.Sem.Mer.MLn.c5.e5	D48	0
D.Sem.Mer.MLn.c5.e5	D49	1
D.Sem.Mer.MLn.c5.d5	D48	0
D.Sem.Mer.MLn.c5.e5.cxd4	D49	0
D.Sem.Mer.MLn.b4	D48	0
E.Gru.Nf3	D90	0
E.Gru.Bg5	D80	0
E.Gru.Bg5.Ne4	D80	0
E.Gru.Qb3	D81	0
E.Gru.g4	D80	0
E.Gru.h4	D80	0
E.Gru.cxd5	D85	0
E.Gru.cxd5.Nxd5	D85	0
E.Gru.cxd5.Nxd5.Na4	D85	0
E.Gru.Thr.Qa4	D90	0
E.Gru.Thr.Bg5	D91	0
E.Gru.Thr.Bf4	D92	0
E.Gru.Thr.e3	D94	0
E.Gru.Thr.e3	D95	1
E.Gru.Thr.e3.O-O	D94	0
E.Gru.Thr.e3.O-O	D95	1
E.Gru.Thr.e3.O-O.Bd3	D94	0
E.Gru.Thr.e3.O-O.Qb3	D95	0
E.Gru.Thr.e3.O-O.b4	D94	0
E.Gru.Exc.SeV.Nf3	D85	0
E.Gru.Exc.SeV.Bc4	D86	0
E.Gru.Exc.SeV.Bc4	D87	1
E.Gru.Exc.SeV.Bc4	D88	2
E.Gru.Exc.SeV.Bc4	D89	3
E.Gru.Exc.SeV.Bc4.O-O	D86	0
E.Gru.Exc.SeV.Bc4.c5	D87	0
E.Gru.Exc.SeV.Bc4.c5	D88	1
E.Gru.Exc.SeV.Bc4.c5	D89	2
E.Gru.Exc.SeV.Bc4.c5.Ne2	D87	0
E.Gru.Exc.SeV.Bc4.c5.Ne2	D88	1
E.Gru.Exc.SeV.Bc4.c5.Ne2	D89	2
E.Gru.Rus.Hng.e4	D97	0
E.Gru.Rus.Hng.e4.a6	D97	0
E.Gru.Rus.Hng.e4.b6	D97	0
E.Gru.Rus.Hng.e4.Bg4	D98	0
E.Gru.Rus.Hng.e4.Bg4	D99	1
E.KID.e4	E70	0
E.KID.Nf3	E60	0
E.KID.Nf3	E61	1
E.KID.Nf3.d6	E61	0
E.KID.Nf3.d6	E62	1
E.KID.Nf3.d6.Bg5	E61	0
E.KID.Nf3.d6.g3	E62	0
E.KID.Nf3.Cst	E61	0
E.KID.Nf3.Cst.e3	E61	0
E.KID.Nf3.Cst.e3.d6	E61	0
E.KID.Nf3.Cst.e3.d6.Be2	E61	0
E.KID.Sml.Cst	E81	0
E.KID.Sml.Cst	E82	1
E.KID.Sml.Cst	E83	2
E.KID.Sml.Cst	E84	3
E.KID.Sml.Cst.Bg5	E81	0
E.KID.Sml.Cst.Bg5.c5	A65	0
E.KID.Sml.Cst.Bg5.c5	E81	1
E.KID.Sml.Cst.Bg5.c5.d5	A65	0
E.KID.Sml.Cst.Bg5.c5.d5	E81	1
E.KID.Sml.Cst.Be3	E81	0
E.KID.Sml.Cst.Be3	E82	1
E.KID.Sml.Cst.Be3	E83	2
E.KID.Sml.Cst.Be3	E84	3
E.KID.Sml.Cst.Be3.c5	E81	0
E.KID.Sml.Cst.Be3.Nc6	E83	0
E.KID.Sml.Cst.Be3.b6	E82	0
E.KID.Sml.Cst.Nge2	E81	0
E.KID.Sml.Cst.Nge2.c5	A65	0
E.KID.Avk.Cst	E73	0
E.KID.Avk.Cst.Bg5	E73	0
E.KID.Avk.Cst.Bg5.h6	E73	0
E.KID.Avk.Cst.Bg5.Nbd7	E73	0
E.KID.Avk.Cst.Bg5.Na6	E73	0
E.KID.Avk.Cst.Bg5.Nc6	E73	0
E.Nim.Cls.O-O	E32	0
E.Nim.Cls.O-O	E38	1
E.Nim.Cls.O-O.a3	E32	0
E.Nim.Cls.O-O.e3	E38	0
E.Nim.Cls.O-O.e3.d5	E38	0
E.Nim.Cls.O-O.e3.d5.Nf3	E38	0
E.Nim.Cls.d5	E34	0
E.Nim.Cls.d5	E35	1
E.Nim.Cls.d5	E36	2
E.Nim.Cls.d5.cxd5	E34	0
E.Nim.Cls.d5.cxd5	E35	1
E.Nim.Cls.d5.cxd5.exd5	E35	0
E.Nim.Cls.d5.a3	E36	0
E.Nim.Cls.c5	E38	0
E.Nim.Cls.c5	E39	1
E.Nim.Cls.c5.dxc5	E38	0
E.Nim.Cls.c5.dxc5	E39	1
E.Nim.Cls.c5.dxc5.Bxc3	E38	0
E.Nim.Cls.c5.dxc5.O-O	E39	0
E.Nim.Rub.Res.MLn.O-O	E53	0
E.Nim.Rub.Res.MLn.O-O	E54	1
E.Nim.Rub.Res.MLn.O-O	E55	2
E.Nim.Rub.Res.MLn.O-O	E56	3
E.Nim.Rub.Res.MLn.O-O	E57	4
E.Nim.Rub.Res.MLn.O-O	E58	5
E.Nim.Rub.Res.MLn.O-O	E59	6
E.Nim.Rub.Res.MLn.O-O.Nbd7	E53	0
E.Nim.Rub.Res.MLn.O-O.Nbd7	E55	1
E.Nim.Rub.Res.MLn.O-O.b6	E53	0
E.Nim.Rub.Res.MLn.O-O.dxc4	E54	0
E.Nim.Rub.Res.MLn.O-O.dxc4	E55	1
E.Ind.Cat.Bb4	E11	0
E.Ind.Cat.Bb4.Bd2	E11	0
E.Ind.Cat.Bb4.Bd2.Be7	E11	0
E.Ind.Cat.Bb4.Bd2.Be7.Bg2	E11	0
E.Ind.e6.Nf3.c5	A61	0
E.Ind.e6.Nf3.c5	A70	1
E.Ind.e6.Nf3.c5	A71	2
E.Ind.e6.Nf3.c5.d5	A61	0
E.Ind.e6.Nf3.c5.d5	A70	1
E.Ind.e6.Nf3.c5.d5	A71	2
E.Ind.e6.Nf3.c5.d5.exd5	A61	0
E.Ind.e6.Nf3.c5.d5.exd5	A70	1
E.Ind.e6.Nf3.c5.d5.exd5	A71	2
E.Ben.d5	A56	0
E.Ben.d5	A60	1
E.Ben.d5	A65	2
E.Ben.d5.d6	A56	0
E.Ben.d5.e6	A60	0
E.Ben.d5.e6	A65	1
E.Ben.d5.e6.Nc3	A65	0
E.Ben.d5.e6.Nc3.exd5	A65	0
E.Ben.d5.e6.Nc3.exd5.cxd5	A65	0
E.Ben.d5.Ne4	A56	0
E.Ben.dxc5	A56	0
E.Ben.dxc5.e6	A56	0
E.Ben.Old.Adv.Nf6	A43	0
E.Ben.Old.Adv.Nf6.Nf3	A43	0
E.Ben.Old.Adv.Nf6.Nc3	A43	0
E.Ben.Old.Adv.f5	A43	0
E.Ben.Old.Adv.f5.e4	A43	0
E.Ben.Old.Adv.e5	A44	0
E.Ben.Old.Adv.e5.e4	A44	0
E.Ben.Bnk.e4	A57	0
E.Ben.Bnk.Nf3	A57	0
E.Ben.Bnk.f3	A57	0
E.Ben.Bnk.Nd2	A57	0
E.Ben.Bnk.a4	A57	0
E.Ben.Bnk.g4	A57	0
E.Ben.Bnk.Acc.f3	A57	0
E.Ben.Bnk.Acc.e3	A57	0
E.Ben.Bnk.Acc.b6	A57	0
E.Ben.Bnk.Acc.Nc3	A57	0
E.Ben.Bnk.Acc.Nc3.axb5	A57	0
A.Eng.Rev.Nf3	A20	0
A.Eng.Rev.Nf3.e4	A20	0
A.Eng.Rev.e3	A20	0
A.Eng.Rev.e3.Nf6	A20	0
A.Eng.Rev.e3.Nf6.f4	A20	0
A.Eng.Rev.g3	A20	0
A.Eng.Rev.g3	A29	1
A.Eng.Rev.g3.Nf6	A29	0
A.Eng.Rev.g3.Nf6.Bg2	A29	0
A.Eng.Rev.g3.Nf6.Bg2.d5	A29	0
A.Eng.Rev.Nc3	A21	0
A.Eng.Rev.Nc3	A22	1
A.Eng.Rev.Nc3	A25	2
A.Eng.Rev.Nc3	A27	3
A.Eng.Rev.Nc3.d6	A21	0
A.Eng.Rev.Nc3.d6.Nf3	A21	0
A.Eng.Rev.Nc3.Bb4	A21	0
A.Eng.Rev.Nc3.Nf6	A22	0
A.Eng.Rev.Nc3.Nf6	A23	1
A.Eng.Rev.Nc3.Nf6	A24	2
A.Eng.Rev.Nc3.Nf6.Nf3	A22	0
A.Eng.Rev.Nc3.Nf6.Nf3	A28	1
A.Eng.Rev.Nc3.Nf6.Nf3.e4	A22	0
A.Eng.Rev.Nc3.Nf6.g3	A22	0
A.Eng.Rev.Nc3.Nf6.g3	A23	1
A.Eng.Rev.Nc3.Nf6.g3	A24	2
A.Eng.Rev.Nc3.Nc6	A25	0
A.Eng.Rev.Nc3.Nc6	A27	1
A.Eng.Rev.Nc3.Nc6.g3	A25	0
A.Eng.Rev.Nc3.Nc6.Nf3	A27	0
A.Eng.Rev.Fou.e4	A28	0
A.Eng.Rev.Fou.d3	A28	0
A.Eng.Rev.Fou.a3	A28	0
A.Eng.Rev.Fou.e3	A28	0
A.Eng.Rev.Fou.e3.Bb4	A28	0
A.Eng.Rev.Fou.g3	A29	0
A.Eng.Rev.Fou.g3.Bc5	A29	0
A.Eng.Rev.Fou.g3.Bc5.d3	A29	0
A.Eng.Sym.Nf3	A30	0
A.Eng.Sym.Nf3.Nf6	A30	0
A.Eng.Sym.Nf3.Nf6	A34	1
A.Eng.Sym.Nf3.Nf6.b4	A30	0
A.Eng.Sym.Nf3.Nf6.Nc3	A34	0
A.Eng.Sym.Nf3.Nf6.Nc3.Nc6	A34	0
A.Eng.Sym.b4	A30	0
A.Eng.Sym.Nc3	A34	0
A.Eng.Sym.Nc3	A35	1
A.Eng.Sym.Nc3	A36	2
A.Eng.Sym.Nc3	A37	3
A.Eng.Sym.Nc3.Nf6	A34	0
A.Eng.Sym.Nc3.Nf6	A35	1
A.Eng.Sym.Nc3.Nf6.Nf3	A34	0
A.Eng.Sym.Nc3.Nf6.Nf3	A35	1
A.Eng.Sym.Nc3.Nf6.Nf3.e5	A35	0
A.Eng.Sym.Nc3.Nc6	A35	0
A.Eng.Sym.Nc3.Nc6	A36	1
A.Eng.Sym.Nc3.Nc6	A37	2
A.Eng.Sym.Nc3.Nc6.g3	A36	0
A.Eng.Sym.Nc3.Nc6.g3	A37	1
A.Eng.Sym.Nc3.Nc6.g3.g6	A36	0
A.Eng.Sym.Nc3.Nc6.g3.g6	A37	1
A.Hol.h3	A80	0
A.Hol.h3.Nf6	A80	0
A.Hol.h3.Nf6.g4	A80	0
A.Hol.Nf3	A80	0
A.Hol.Nf3.e5	A80	0
A.Hol.Bf4	A80	0
A.Hol.Bf4.e6	A80	0
A.Hol.Bf4.e6.g4	A80	0
A.Hol.c4	A84	0
A.Hol.c4	A85	1
A.Hol.c4	A86	2
A.Hol.c4	A90	3
A.Hol.c4	A91	4
A.Hol.c4	A92	5
A.Hol.c4	A95	6
A.Hol.c4	A96	7
A.Hol.c4.Nf6	A84	0
A.Hol.c4.Nf6	A85	1
A.Hol.c4.Nf6	A86	2
A.Hol.c4.Nf6	A90	3
A.Hol.c4.Nf6	A91	4
A.Hol.c4.Nf6	A92	5
A.Hol.c4.Nf6	A95	6
A.Hol.c4.Nf6	A96	7
A.Hol.c4.Nf6.Nc3	A84	0
A.Hol.c4.Nf6.Nc3	A85	1
A.Hol.c4.Nf6.g3	A86	0
A.Hol.c4.Nf6.g3	A90	1
A.Hol.c4.Nf6.g3	A91	2
A.Hol.c4.Nf6.g3	A92	3
A.Hol.c4.Nf6.g3	A95	4
A.Hol.c4.Nf6.g3	A96	5
A.Hol.c4.Nf6.g3.g6	A86	0
A.Hol.c4.Nf6.g3.g6	A87	1
A.Hol.c4.Nf6.g3.g6.Bg2	A87	0
A.Hol.c4.Nf6.g3.e6	A90	0
A.Hol.c4.Nf6.g3.e6	A91	1
A.Hol.c4.Nf6.g3.e6	A92	2
A.Hol.c4.Nf6.g3.e6	A95	3
A.Hol.c4.Nf6.g3.e6	A96	4
A.Hol.c4.Nf6.g3.e6.Bg2	A90	0
A.Hol.c4.Nf6.g3.e6.Bg2	A91	1
A.Hol.c4.Nf6.g3.e6.Bg2	A92	2
A.Hol.c4.Nf6.g3.e6.Bg2	A95	3
A.Hol.c4.Nf6.g3.e6.Bg2	A96	4
A.Hol.c4.e6	A84	0
A.Hol.c4.e6.e4	A84	0
A.Hol.c4.g6	A84	0
A.Hol.c4.g6	A86	1
A.Hol.Sta.fxe4	A82	0
A.Hol.Sta.fxe4.Nc3	A82	0
A.Hol.Sta.fxe4.Nc3	A83	1
A.Hol.Sta.fxe4.Nc3.Nf6	A82	0
A.Hol.Sta.fxe4.Nc3.Nf6	A83	1
A.Hol.Sta.fxe4.Nd2	A82	0
A.Pol.e5	A00	0
A.Pol.e5.a3	A00	0
A.Pol.e5.Bb2	A00	0
A.Pol.e5.Bb2.f6	A00	0
A.Pol.e5.Bb2.c5	A00	0
A.Pol.Nf6	A00	0
A.Pol.Nf6.Bb2	A00	0
A.Pol.Nf6.Bb2.g6	A00	0
A.Pol.Nf6.Bb2.g6.e4	A00	0
A.Pol.e6	A00	0
A.Pol.e6.Bb2	A00	0
A.Pol.e6.Bb2.Nf6	A00	0
A.Pol.e6.Bb2.Nf6.b5	A00	0
A.Pol.Nc6	A00	0
A.Pol.Nh6	A00	0
A.Pol.c6	A00	0
A.Pol.b5	A00	0
A.Van.d5	A00	0
A.Van.d5.f4	A00	0
A.Van.d5.f4.d4	A00	0
A.Van.d5.f4.e5	A00	0
A.Van.c5	A00	0
A.Van.c5.b4	A00	0
A.Van.c5.Nf3	A00	0
A.Van.c5.Nf3.Nc6	A00	0
A.Van.d6	A00	0
A.Van.d6.f4	A00	0
A.Van.f5	A00	0
A.Van.f5.e4	A00	0
A.Van.g6	A00	0
A.Van.g6.h4	A00	0
A.Van.b5	A00	0
A.Hng.d5	A00	0
A.Hng.d5.Bg2	A00	0
A.Hng.d5.Bg2.e5	A00	0
A.Hng.d5.Bg2.e5.b4	A00	0
A.Hng.Nf6	A00	0
A.Hng.e5	A00	0
A.Hng.e5.a3	A00	0
A.Hng.e5.a3.d5	A00	0
A.Hng.f5	A00	0
A.Hng.f5.e4	A00	0
A.Hng.h5	A00	0
A.Hng.h5.Nf3	A00	0
A.Hng.g5	A00	0
A.Hng.Nc6	A00	0
A.Hng.Nc6.Nc3	A00	0
A.Hng.Nc6.Nc3.d5	A00	0
A.Lar.d5	A01	0
A.Lar.d5.Ba3	A01	0
A.Lar.e5	A01	0
A.Lar.c5	A01	0
A.Lar.Nf6	A01	0
A.Lar.Nf6.Bb2	A01	0
A.Lar.Nf6.Bb2.g6	A01	0
A.Lar.f5	A01	0
A.Lar.f5.Bb2	A01	0
A.Lar.b5	A01	0
A.Lar.b6	A01	0
A.Egl.Nf3	A40	0
A.Egl.Nf3.e4	A40	0
A.Egl.Nf3.e4.Ng1	A40	0
A.Egl.Nf3.e4.Ne5	A40	0
A.Egl.e3	A40	0
A.Egl.dxe5	A40	0
A.Egl.dxe5.Nc6	A40	0
A.Egl.dxe5.Nc6.Nf3	A40	0
A.Egl.dxe5.Qh4	A40	0
A.Egl.dxe5.f6	A40	0
A.QPO.Nf6.Nf3.Ne4	A46	0
A.QPO.Nf6.Nf3.c6	A46	0
A.QPO.Nf6.Nf3.a6	A46	0
A.QPO.Nf6.Nf3.b5	A46	0
A.QPO.Nf6.Nf3.c5	A46	0
A.QPO.Nf6.Nf3.d6	A46	0
A.QPO.Nf6.Nf3.e6	A46	0
A.QPO.Nf6.Nf3.e6	E14	1
A.QPO.Nf6.Nf3.e6.Bf4	A46	0
A.QPO.Nf6.Nf3.e6.e3	A46	0
A.QPO.Nf6.Nf3.e6.e3	E14	1
A.QPO.Nf6.Nf3.e6.e3.b6	E14	0
A.EID.Bf4	A48	0
A.EID.Bf4.Bg7	A48	0
A.EID.Bf4.Bg7.e3	A48	0
A.EID.Bf4.Bg7.e3.d6	A48	0
A.EID.Bg5	A48	0
A.EID.Bg5.Bg7	A48	0
A.EID.Bg5.Bg7.Nbd2	A48	0
A.EID.Bg5.Bg7.Nbd2.d5	A48	0
A.EID.Nc3	A48	0
A.EID.Nc3.d5	A48	0
A.EID.Nc3.d5.Bf4	A48	0
A.EID.Nc3.d5.Bf4.Bg7	A48	0
A.EID.Nc3.d5.Bf4.Bg7.e3	A48	0
C.RyL.Mor.Ba4	C70	0
C.RyL.Mor.Ba4	C71	1
C.RyL.Mor.Ba4	C72	2
C.RyL.Mor.Ba4	C73	3
C.RyL.Mor.Ba4	C74	4
C.RyL.Mor.Ba4	C75	5
C.RyL.Mor.Ba4	C76	6
C.RyL.Mor.Ba4	C77	7
C.RyL.Mor.Ba4	C78	8
C.RyL.Mor.Ba4	C79	9
C.RyL.Mor.Ba4	C80	10
C.RyL.Mor.Ba4	C81	11
C.RyL.Mor.Ba4	C82	12
C.RyL.Mor.Ba4	C83	13
C.RyL.Mor.Ba4	C84	14
C.RyL.Mor.Ba4	C85	15
C.RyL.Mor.Ba4	C86	16
C.RyL.Mor.Ba4	C87	17
C.RyL.Mor.Ba4	C88	18
C.RyL.Mor.Ba4	C89	19
C.RyL.Mor.Ba4	C90	20
C.RyL.Mor.Ba4	C91	21
C.RyL.Mor.Ba4	C92	22
C.RyL.Mor.Ba4	C93	23
C.RyL.Mor.Ba4	C94	24
C.RyL.Mor.Ba4	C95	25
C.RyL.Mor.Ba4	C96	26
C.RyL.Mor.Ba4	C97	27
C.RyL.Mor.Ba4	C98	28
C.RyL.Mor.Ba4	C99	29
C.RyL.Mor.Ba4.Nf6	C75	0
C.RyL.Mor.Ba4.Nf6	C76	1
C.RyL.Mor.Ba4.Nf6	C77	2
C.RyL.Mor.Ba4.Nf6	C78	3
C.RyL.Mor.Ba4.Nf6	C79	4
C.RyL.Mor.Ba4.Nf6	C80	5
C.RyL.Mor.Ba4.Nf6	C81	6
C.RyL.Mor.Ba4.Nf6	C82	7
C.RyL.Mor.Ba4.Nf6	C83	8
C.RyL.Mor.Ba4.Nf6	C84	9
C.RyL.Mor.Ba4.Nf6	C85	10
C.RyL.Mor.Ba4.Nf6	C86	11
C.RyL.Mor.Ba4.Nf6	C87	12
C.RyL.Mor.Ba4.Nf6	C88	13
C.RyL.Mor.Ba4.Nf6	C89	14
C.RyL.Mor.Ba4.Nf6	C90	15
C.RyL.Mor.Ba4.Nf6	C91	16
C.RyL.Mor.Ba4.Nf6	C92	17
C.RyL.Mor.Ba4.Nf6	C93	18
C.RyL.Mor.Ba4.Nf6	C94	19
C.RyL.Mor.Ba4.Nf6	C95	20
C.RyL.Mor.Ba4.Nf6	C96	21
C.RyL.Mor.Ba4.Nf6	C97	22
C.RyL.Mor.Ba4.Nf6	C98	23
C.RyL.Mor.Ba4.Nf6	C99	24
C.RyL.Mor.Ba4.Nf6.O-O	C75	0
C.RyL.Mor.Ba4.Nf6.O-O	C76	1
C.RyL.Mor.Ba4.Nf6.O-O	C77	2
C.RyL.Mor.Ba4.Nf6.O-O	C78	3
C.RyL.Mor.Ba4.Nf6.O-O	C79	4
C.RyL.Mor.Ba4.Nf6.O-O	C80	5
C.RyL.Mor.Ba4.Nf6.O-O	C81	6
C.RyL.Mor.Ba4.Nf6.O-O	C82	7
C.RyL.Mor.Ba4.Nf6.O-O	C83	8
C.RyL.Mor.Ba4.Nf6.O-O	C84	9
C.RyL.Mor.Ba4.Nf6.O-O	C85	10
C.RyL.Mor.Ba4.Nf6.O-O	C86	11
C.RyL.Mor.Ba4.Nf6.O-O	C87	12
C.RyL.Mor.Ba4.Nf6.O-O	C88	13
C.RyL.Mor.Ba4.Nf6.O-O	C89	14
C.RyL.Mor.Ba4.Nf6.O-O	C90	15
C.RyL.Mor.Ba4.Nf6.O-O	C91	16
C.RyL.Mor.Ba4.Nf6.O-O	C92	17
C.RyL.Mor.Ba4.Nf6.O-O	C93	18
C.RyL.Mor.Ba4.Nf6.O-O	C94	19
C.RyL.Mor.Ba4.Nf6.O-O	C95	20
C.RyL.Mor.Ba4.Nf6.O-O	C96	21
C.RyL.Mor.Ba4.Nf6.O-O	C97	22
C.RyL.Mor.Ba4.Nf6.O-O	C98	23
C.RyL.Mor.Ba4.Nf6.O-O	C99	24
C.RyL.Mor.Ba4.Nf6.O-O.Be7	C84	0
C.RyL.Mor.Ba4.Nf6.O-O.Be7	C85	1
C.RyL.Mor.Ba4.Nf6.O-O.Be7	C86	2
C.RyL.Mor.Ba4.Nf6.O-O.Be7	C87	3
C.RyL.Mor.Ba4.Nf6.O-O.Be7	C88	4
C.RyL.Mor.Ba4.Nf6.O-O.Be7	C89	5
C.RyL.Mor.Ba4.Nf6.O-O.Be7	C90	6
C.RyL.Mor.Ba4.Nf6.O-O.Be7	C91	7
C.RyL.Mor.Ba4.Nf6.O-O.Be7	C92	8
C.RyL.Mor.Ba4.Nf6.O-O.Be7	C93	9
C.RyL.Mor.Ba4.Nf6.O-O.Be7	C94	10
C.RyL.Mor.Ba4.Nf6.O-O.Be7	C95	11
C.RyL.Mor.Ba4.Nf6.O-O.Be7	C96	12
C.RyL.Mor.Ba4.Nf6.O-O.Be7	C97	13
C.RyL.Mor.Ba4.Nf6.O-O.Be7	C98	14
C.RyL.Mor.Ba4.Nf6.O-O.Be7	C99	15
C.RyL.Mor.Ba4.d6	C71	0
C.RyL.Mor.Ba4.d6	C72	1
C.RyL.Mor.Ba4.d6	C73	2
C.RyL.Mor.Ba4.d6	C74	3
C.RyL.Mor.Ba4.d6	C75	4
C.RyL.Mor.Ba4.d6	C76	5
C.RyL.Mor.Ba4.b5	C70	0
C.RyL.Mor.Ba4.b5	C78	1
C.RyL.Mor.Ba4.b5.Bb3	C70	0
C.RyL.Mor.Ba4.b5.Bb3	C78	1
C.RyL.Ber.O-O	C65	0
C.RyL.Ber.O-O	C66	1
C.RyL.Ber.O-O	C67	2
C.RyL.Ber.O-O.Nxe4	C67	0
C.RyL.Ber.O-O.Nxe4.d4	C67	0
C.RyL.Ber.O-O.Nxe4.d4.Nd6	C67	0
C.RyL.Mor.Opn.d4	C80	0
C.RyL.Mor.Opn.d4	C81	1
C.RyL.Mor.Opn.d4	C82	2
C.RyL.Mor.Opn.d4	C83	3
C.RyL.Mor.Opn.d4.b5	C80	0
C.RyL.Mor.Opn.d4.b5	C81	1
C.RyL.Mor.Opn.d4.b5	C82	2
C.RyL.Mor.Opn.d4.b5	C83	3
C.RyL.Mor.Opn.d4.b5.Bb3	C81	0
C.RyL.Mor.Opn.d4.b5.Bb3	C82	1
C.RyL.Mor.Opn.d4.b5.Bb3	C83	2
C.RyL.Mor.Opn.MLn	C81	0
C.RyL.Mor.Opn.MLn	C82	1
C.RyL.Mor.Opn.MLn	C83	2
C.RyL.Mor.Opn.MLn.dxe5	C81	0
C.RyL.Mor.Opn.MLn.dxe5	C82	1
C.RyL.Mor.Opn.MLn.dxe5	C83	2
C.RyL.Mor.Opn.MLn.dxe5.Be6	C81	0
C.RyL.Mor.Opn.MLn.dxe5.Be6	C82	1
C.RyL.Mor.Opn.MLn.dxe5.Be6	C83	2
C.Ita.Giu.O-O	C50	0
C.Ita.Giu.O-O	C53	1
C.Ita.Giu.O-O	C54	2
C.Ita.Giu.O-O.Nf6	C50	0
C.Ita.Giu.O-O.Nf6	C53	1
C.Ita.Giu.O-O.Nf6	C54	2
C.Ita.Giu.O-O.Nf6.c3	C53	0
C.Ita.Giu.O-O.Nf6.c3	C54	1
C.Ita.Giu.O-O.Nf6.d4	C54	0
C.Ita.Giu.O-O.Nf6.d3	C50	0
C.Ita.Giu.c3	C53	0
C.Ita.Giu.c3	C54	1
C.Ita.Giu.c3.Nf6	C53	0
C.Ita.Giu.c3.Nf6	C54	1
C.Ita.Giu.c3.Nf6.d4	C54	0
C.Ita.Giu.c3.Nf6.d4.exd4	C54	0
C.Ita.Giu.c3.Nf6.d3	C50	0
C.Ita.Giu.c3.Nf6.d3	C53	1
C.Ita.Giu.c3.Nf6.d3.d6	C50	0
C.Ita.Giu.c3.Nf6.d3.d6	C53	1
C.Ita.Giu.c3.Nf6.d3.d5	C50	0
C.Ita.Giu.c3.Nf6.d3.d5	C53	1
C.Ita.Giu.c3.Qe7	C50	0
C.Ita.Giu.c3.Qe7	C53	1
C.Ita.Giu.c3.Qe7.d4	C50	0
C.Ita.Giu.c3.Qe7.d4	C53	1
C.Ita.Giu.c3.d6	C50	0
C.Ita.Giu.c3.d6	C53	1
C.Ita.Giu.c3.d6.d4	C50	0
C.Ita.Giu.c3.d6.d4	C53	1
C.Ita.Giu.Bxf7	C50	0
C.Ita.Evn.Acc.c3	C51	0
C.Ita.Evn.Acc.c3	C52	1
C.Ita.Evn.Acc.c3.Bc5	C51	0
C.Ita.Evn.Acc.c3.Bc5	C52	1
C.Ita.Evn.Acc.c3.Bc5.d4	C51	0
C.Ita.Evn.Acc.c3.Bc5.d4	C52	1
C.Ita.Evn.Acc.c3.Be7	C51	0
C.Ita.Evn.Acc.c3.Be7	C52	1
C.Ita.Evn.Acc.c3.Bf8	C51	0
C.Ita.Evn.Acc.c3.Bf8	C52	1
C.Ita.Evn.Acc.c3.Bd6	C51	0
C.Ita.Evn.Acc.c3.Bd6	C52	1
C.Ita.Evn.Dec.a4	C52	0
C.Ita.Evn.Dec.Bb2	C52	0
C.Ita.Evn.Dec.b5	C52	0
C.Ita.Evn.Dec.b5.Na5	C52	0
C.Ita.Evn.Dec.b5.Na5.Nxe5	C52	0
C.Ita.Two.Nc3	C55	0
C.Ita.Two.Nc3.Nxe4	C55	0
C.Ita.Two.O-O	C55	0
C.Ita.Two.O-O	C56	1
C.Ita.Two.O-O.Bc5	C55	0
C.Ita.Two.O-O.Bc5	C56	1
C.Ita.Two.O-O.Bc5.d4	C56	0
C.Ita.Two.O-O.Bc5.d4.Bxd4	C56	0
C.Cen.d5	C21	0
C.Cen.d5	C22	1
C.Cen.d6	C21	0
C.Cen.d6	C22	1
C.Cen.d6.dxe5	C21	0
C.Cen.d6.dxe5	C22	1
C.Cen.d6.dxe5.Bd7	C21	0
C.Cen.d6.dxe5.Bd7	C22	1
C.Cen.exd4	C21	0
C.Cen.exd4	C22	1
C.Cen.exd4.Qxd4	C22	0
C.Cen.exd4.Qxd4.Nc6	C22	0
C.Cen.exd4.Qxd4.Nc6.Qc4	C22	0
C.Cen.exd4.Nf3	C21	0
C.Cen.exd4.Nf3.c5	C21	0
C.Cen.exd4.Nf3.Bc5	C21	0
C.Cen.exd4.f4	C21	0
C.Cen.exd4.Bc4	C21	0
C.Cen.exd4.Bd3	C21	0
C.KGm.Acc.Bsh.g5	C33	0
C.KGm.Acc.Bsh.d5	C33	0
C.KGm.Acc.Bsh.d5.Bxd5	C33	0
C.KGm.Acc.Bsh.d5.Bxd5.c6	C33	0
C.KGm.Acc.Bsh.d5.Bxd5.Nf6	C33	0
C.KGm.Acc.Bsh.Qh4	C33	0
C.KGm.Acc.Bsh.Qh4.Kf1	C33	0
C.KGm.Acc.Bsh.Qh4.Kf1.Nc6	C33	0
C.KGm.Acc.Bsh.Qh4.Kf1.Nf6	C33	0
C.KGm.Acc.Bsh.Qh4.Kf1.Bc5	C33	0
C.KGm.Acc.Bsh.Qh4.Kf1.d6	C33	0
C.KGm.Acc.Bsh.Qh4.Kf1.b5	C33	0
C.KGm.Acc.Bsh.Qh4.Kf1.Ne7	C33	0
C.KGm.Acc.Bsh.Nf6	C33	0
C.KGm.Acc.Bsh.f5	C33	0
C.KGm.Acc.Bsh.b5	C33	0
C.KGm.Acc.Bsh.c6	C33	0
C.KGm.Acc.Bsh.Nc6	C33	0
C.KGm.Acc.Bsh.Ne7	C33	0
C.KGm.Acc.Kie.d5	C39	0
C.KGm.Acc.Kie.d5.d4	C39	0
C.KGm.Acc.Kie.d5.d4.Nf6	C39	0
C.KGm.Acc.Kie.h5	C39	0
C.KGm.Acc.Kie.Nc6	C39	0
C.KGm.Acc.Kie.Bg7	C39	0
C.KGm.Acc.Kie.Qe7	C39	0
C.KGm.Acc.Kie.Be7	C39	0
C.Pet.Cls.Bd3	C42	0
C.Pet.Cls.Bd3.Nc6	C42	0
C.Pet.Cls.Bd3.Nc6.O-O	C42	0
C.Pet.Cls.Bd3.Nc6.O-O.Be7	C42	0
C.Pet.Cls.Bd3.Bd6	C42	0
C.Pet.Cls.Bd3.Bd6.O-O	C42	0
C.Pet.Cls.Bd3.Bd6.O-O.O-O	C42	0
C.KPO.Kgt.MLn.Nxe5	C44	0
C.KPO.Kgt.MLn.Nxe5.Nxe5	C44	0
C.KPO.Kgt.MLn.g3	C44	0
C.KPO.Kgt.MLn.c4	C44	0
C.KPO.Kgt.MLn.c4.Nf6	C44	0
C.KPO.Kgt.MLn.b4	C44	0
C.KPO.Kgt.MLn.Be2	C44	0
C.KPO.Kgt.MLn.Be2.Nf6	C44	0
C.KPO.Kgt.MLn.Be2.Nf6.d4	C44	0
C.KPO.Kgt.MLn.d3	C44	0
C.KPO.Kgt.MLn.d3.f5	C44	0
B.Nim.ScD.Be3	B00	0
B.Nim.ScD.e5	B00	0
B.Nim.ScD.exd5	B00	0
B.Nim.ScD.exd5.Qxd5	B00	0
B.Nim.ScD.exd5.Qxd5.Nc3	B00	0
B.Nim.ScD.exd5.Nb4	B00	0
B.Nim.ScD.Nc3	B00	0
B.Nim.ScD.Nc3.dxe4	B00	0
B.Nim.ScD.Nc3.dxe4.d5	B00	0
B.Nim.ScD.Nc3.Nf6	B00	0
B.Nim.ScD.Nc3.e5	B00	0
B.Nim.Ken.d5	B00	0
B.Nim.Ken.d5.Nce7	B00	0
B.Nim.Ken.dxe5	B00	0
B.Nim.Ken.dxe5.Bc5	B00	0
B.Nim.Ken.dxe5.f6	B00	0
B.Nim.Ken.dxe5.Qh4	B00	0
B.Nim.Ken.dxe5.d6	B00	0
B.Nim.Ken.dxe5.Nxe5	B00	0
B.Nim.Ken.dxe5.Nxe5.Nc3	B00	0
B.Nim.Ken.dxe5.Nxe5.Nf3	B00	0
B.Nim.Ken.dxe5.Nxe5.f4	B00	0
B.Nim.Ken.dxe5.Nxe5.f4.Ng6	B00	0
B.Nim.Ken.dxe5.Nxe5.f4.Nc6	B00	0
B.Fre.Adv.c5	C02	0
B.Fre.Adv.c5.c3	C02	0
B.Fre.Adv.c5.c3.Nc6	C02	0
B.Fre.Adv.c5.c3.Nc6.Nf3	C02	0
B.Fre.Adv.c5.c3.Qb6	C02	0
B.Fre.Adv.c5.Nf3	C02	0
B.Fre.Adv.c5.Nf3.cxd4	C02	0
B.Fre.Adv.c5.b4	C02	0
B.Fre.Adv.c5.dxc5	C02	0
B.Fre.Adv.Bd7	C02	0
B.CaK.Adv.Bf5	B12	0
B.CaK.Adv.Bf5.Nf3	B12	0
B.CaK.Adv.Bf5.Nf3.e6	B12	0
B.CaK.Adv.Bf5.Nc3	B12	0
B.CaK.Adv.Bf5.Nc3.Qb6	B12	0
B.CaK.Adv.Bf5.Nc3.e6	B12	0
B.CaK.Adv.Bf5.Ne2	B12	0
B.CaK.Adv.Bf5.b4	B12	0
B.CaK.Adv.Bf5.c3	B12	0
B.Sic.Win.cxb4	B20	0
B.Sic.Win.cxb4.Bb2	B20	0
B.Sic.Win.cxb4.a3	B20	0
B.Sic.Win.cxb4.a3.bxa3	B20	0
B.Sic.Win.cxb4.a3.d5	B20	0
B.Sic.Win.cxb4.c4	B20	0
B.Sic.OKn.Nf6	B50	0
B.Sic.OKn.Nf6.Nc3	B50	0
B.Sic.OKn.Nf6.Nc3	B56	1
B.Sic.OKn.Nf6.Nc3	B70	2
B.Sic.OKn.Nf6.Nc3	B80	3
B.Sic.OKn.Nf6.Nc3	B90	4
B.Sic.OKn.Nf6.Nc3.g6	B70	0
B.Sic.OKn.Nf6.Nc3.g6	B71	1
B.Sic.OKn.Nf6.Nc3.g6	B72	2
B.Sic.OKn.Nf6.Nc3.g6	B73	3
B.Sic.OKn.Nf6.Nc3.g6	B74	4
B.Sic.OKn.Nf6.Nc3.g6	B75	5
B.Sic.OKn.Nf6.Nc3.g6	B76	6
B.Sic.OKn.Nf6.Nc3.g6	B77	7
B.Sic.OKn.Nf6.Nc3.g6	B78	8
B.Sic.OKn.Nf6.Nc3.g6	B79	9
B.Sic.Kan.Bd3	B42	0
B.Sic.Kan.Bd3.Nf6	B42	0
B.Sic.Kan.Bd3.Bc5	B42	0
B.Sic.Kan.Bd3.g6	B42	0
B.Sic.Kan.Nc3	B43	0
B.Sic.Kan.Nc3.b5	B43	0
B.Sic.Cls.Be2	B56	0
B.Sic.Cls.Be2	B57	1
B.Sic.Cls.Be2	B58	2
B.Sic.Cls.Be2	B59	3
B.Sic.Cls.Be2	B70	4
B.Sic.Cls.Be2	B72	5
B.Sic.Cls.Be2	B73	6
B.Sic.Cls.Be2	B74	7
B.Sic.Cls.Be2.g6	B70	0
B.Sic.Cls.Be2.g6	B72	1
B.Sic.Cls.Be2.g6	B73	2
B.Sic.Cls.Be2.g6	B74	3
B.Sic.Cls.Be2.g6.Be3	B72	0
B.Sic.Cls.Be2.g6.Be3	B73	1
B.Sic.Cls.Be2.g6.Be3	B74	2
B.Sic.Cls.Be2.e5	B59	0
B.Sic.Cls.Soz.e6	B57	0
B.Sic.Cls.Soz.e6	B88	1
B.Sic.Cls.Soz.e6	B89	2
B.Sic.Cls.Soz.e6.Be3	B89	0
B.Sic.Cls.Soz.e6.Bb3	B88	0
B.Sic.Acc.Nxc6	B34	0
B.Sic.Acc.Nc3	B34	0
B.Sic.Acc.Nc3	B35	1
B.Sic.Acc.Nc3.Bg7	B34	0
B.Sic.Acc.Nc3.Bg7	B35	1
B.Sic.Acc.Nc3.Bg7.Be3	B35	0
B.Sic.Acc.Nc3.Bg7.Be3.Nf6	B35	0
B.Sic.Acc.Be3	B35	0
B.Sic.Acc.Be3	B73	1
B.Sic.Acc.Be3	B74	2
B.Sic.Acc.Be3.Bg7	B35	0
B.Sic.Acc.Be3.Bg7	B73	1
B.Sic.Acc.Be3.Bg7	B74	2
B.Sic.Acc.Be3.Bg7.Be2	B73	0
B.Sic.Acc.Be3.Bg7.Be2	B74	1
B.Sic.Sve.Ndb5	B33	0
B.Sic.Sve.Ndb5.d6	B33	0
B.Sic.Sve.Ndb5.d6.Bg5	B33	0
B.Sic.Sve.Ndb5.d6.Bg5.a6	B33	0
B.Sic.Sve.Nxc6	B33	0
B.Sic.Sve.Nf3	B33	0
B.Sic.Sve.Nb3	B33	0
B.Sic.SmM.e5	B21	0
B.Sic.SmM.d3	B21	0
B.Sic.SmM.d5	B21	0
B.Sic.SmM.Qa5	B21	0
B.Sic.SmM.Acc.Cls	B21	0
B.Sic.SmM.Acc.Fia	B21	0
B.Sic.SmM.Acc.Pau	B21	0
B.Sic.SmM.Acc.Sib	B21	0
B.Sic.SmM.Acc.Mor	B21	0
B.Sic.SmM.Acc.Pin	B21	0
B.Sic.Dra.Be3.Bg7.f3.Nc6	B75	0
B.Sic.Dra.Be3.Bg7.f3.Nc6	B76	1
B.Sic.Dra.Be3.Bg7.f3.O-O	B76	0
B.Sic.Dra.Yug.Nc6	B76	0
B.Sic.Dra.Yug.Nc6	B77	1
B.Sic.Dra.Yug.Nc6.Bc4	B77	0
A.Hor.Fch.MLn.Bg5	D50	0
A.Hor.Fch.MLn.Bg5	D51	1
A.Hor.Fch.MLn.Bg5	D53	2
A.Hor.Fch.MLn.Bg5	D54	3
A.Hor.Fch.MLn.Bg5.c5	D50	0
A.Hor.Fch.MLn.Bg5.c5.cxd5	D50	0
A.Hor.Fch.MLn.Bg5.Nbd7	D51	0
A.Hor.Fch.MLn.Bg5.Nbd7.e3	D51	0
A.Hor.Fch.MLn.Bg5.Be7	D53	0
A.Hor.Fch.MLn.Bg5.Be7	D54	1
A.Hor.Fch.MLn.Bg5.Be7.Nf3	D53	0
A.Hor.Fch.MLn.Bg5.Be7.Bxf6	D53	0
A.Hor.Fch.MLn.Bf4	D35	0
A.Hor.Fch.MLn.cxd5	D35	0
A.Kan.MLn.e3.c5	E29	0
A.Kan.MLn.e3.c5	E41	1
A.Kan.MLn.e3.c5	E42	2
A.Kan.MLn.e3.c5.Bd3	E29	0
A.Kan.MLn.e3.c5.Bd3.Nc6	E29	0
A.Kan.MLn.e3.c5.Ne2	E42	0
A.Kan.MLn.e3.O-O	E28	0
A.Kan.MLn.e3.O-O	E46	1
A.Kan.MLn.e3.O-O	E50	2
A.Kan.MLn.e3.O-O	E51	3
A.Kan.MLn.e3.O-O.a3	E28	0
A.Kan.MLn.e3.O-O.a3	E51	1
A.Kan.MLn.e3.O-O.Nf3	E50	0
A.Kan.MLn.e3.O-O.Nf3	E51	1
A.Kan.MLn.e3.O-O.Nf3.d5	E51	0
A.Kan.MLn.e3.O-O.Ne2	E46	0
A.Kan.MLn.e3.Ne4	E43	0
A.Kan.MLn.e3.Ne4.Qc2	E43	0
A.Ret.Eng.Be7	A13	0
A.Ret.Eng.Be7	A14	1
A.Ret.Eng.Be7.O-O	A14	0
A.Ret.Eng.Be7.O-O.O-O	A14	0
A.Ret.Eng.Be7.O-O.O-O.b3	A14	0
A.Ret.Eng.Be7.b3	A14	0
A.Ret.Eng.Be7.b3.b6	A14	0
A.Ret.Eng.Be7.b3.c5	A14	0
A.Ret.Eng.dxc4	A13	0
A.Ret.Eng.c6	A13	0
A.Ret.Eng.c6	A14	1
A.Ret.Eng.c5	A13	0
A.Ret.Eng.c5	A14	1
A.Ret.Eng.c5.b3	A13	0
A.Ret.Eng.c5.b3.Nc6	A13	0
A.Ret.Eng.Bd6	A13	0
A.Ret.Ang.g3	A11	0
A.Ret.Ang.g3	A12	1
A.Ret.Ang.b3	A12	0
A.Ret.Ang.b3.Bg4	A12	0
A.Ret.Ang.b3.Bf5	A12	0
A.Ret.Ang.b3.Bf5.Bb2	A12	0
A.Eng.Rev.Nc3.Nf6.g3.d5	A22	0
A.Eng.Rev.Nc3.Nf6.g3.Bb4	A22	0
A.Eng.Rev.Nc3.Nf6.g3.Bb4	A29	1
A.Eng.Rev.Nc3.Nf6.g3.c6	A23	0
A.Eng.Rev.Nc3.Nf6.g3.Bc5	A23	0
A.Eng.Rev.Nc3.Nf6.g3.g6	A24	0
A.Eng.Rev.Nc3.Nf6.g3.Nc6	A29	0
A.Eng.Rev.Nc3.Nc6.g3.g6	A25	0
A.Eng.Rev.Nc3.Nc6.g3.g6	A26	1
A.Eng.Rev.Nc3.Nc6.g3.d6	A21	0
A.Bir.Fro.Nc3	A02	0
A.Bir.Fro.fxe5	A02	0
A.Bir.Fro.fxe5.d6	A02	0
A.Bir.Fro.fxe5.d6.exd6	A02	0
A.Bir.Fro.fxe5.d6.exd6.Bxd6	A02	0
A.Bir.Fro.fxe5.f6	A02	0
A.Bir.Fro.fxe5.Ne7	A02	0
A.Bir.Fro.fxe5.Nc6	A02	0
A.Bir.Fro.d4	A02	0
A.Bir.Fro.d4.exd4	A02	0
A.QPO.Nf6.f4	A45	0
A.QPO.Nf6.Bf4	A45	0
A.QPO.Nf6.Nd2	A45	0
A.QPO.Nf6.Nd2.e5	A45	0
A.QPO.Nf6.e4	A45	0
A.QPO.Nf6.e4.Nxe4	A45	0
A.QPO.Nf6.d5	A45	0
A.QPO.Nf6.g3	A45	0
C.RyL.Ber.O-O.Bc5	C65	0
C.RyL.Ber.O-O.Bc5	C66	1
C.RyL.Ber.O-O.Bc5.c3	C65	0
C.RyL.Ber.O-O.Bc5.c3	C66	1
C.RyL.Ber.O-O.Bc5.c3.O-O	C65	0
C.RyL.Ber.O-O.Bc5.c3.O-O	C66	1
C.RyL.Ber.O-O.Ng4	C65	0
C.RyL.Ber.O-O.d6	C66	0
C.RyL.Ber.O-O.d6	C67	1
C.RyL.Ber.O-O.d6.d4	C66	0
C.RyL.Ber.O-O.d6.d4	C67	1
C.RyL.Ber.O-O.d6.d4.Bd7	C66	0
C.RyL.Ber.O-O.d6.d4.Bd7	C67	1
C.RyL.Ber.O-O.d6.d4.Nd7	C66	0
C.RyL.Ber.O-O.d6.d4.Nd7	C67	1
C.RyL.Ber.O-O.d6.Bxc6	C66	0
C.RyL.Ber.O-O.d6.Bxc6	C67	1
C.RyL.Ber.O-O.d6.Bxc6.bxc6	C66	0
C.RyL.Ber.O-O.d6.Bxc6.bxc6	C67	1
C.RyL.Cls.c3	C84	0
C.RyL.Cls.c3	C85	1
C.RyL.Cls.c3	C86	2
C.RyL.Cls.c3	C87	3
C.RyL.Cls.c3	C88	4
C.RyL.Cls.c3	C89	5
C.RyL.Cls.c3	C90	6
C.RyL.Cls.c3	C91	7
C.RyL.Cls.c3	C92	8
C.RyL.Cls.c3	C93	9
C.RyL.Cls.c3	C94	10
C.RyL.Cls.c3	C95	11
C.RyL.Cls.c3	C96	12
C.RyL.Cls.c3	C97	13
C.RyL.Cls.c3	C98	14
C.RyL.Cls.c3	C99	15
C.RyL.Cls.c3.O-O	C84	0
C.RyL.Cls.c3.O-O	C85	1
C.RyL.Cls.c3.O-O	C86	2
C.RyL.Cls.c3.O-O	C87	3
C.RyL.Cls.c3.O-O	C88	4
C.RyL.Cls.c3.O-O	C89	5
C.RyL.Cls.c3.O-O	C90	6
C.RyL.Cls.c3.O-O	C91	7
C.RyL.Cls.c3.O-O	C92	8
C.RyL.Cls.c3.O-O	C93	9
C.RyL.Cls.c3.O-O	C94	10
C.RyL.Cls.c3.O-O	C95	11
C.RyL.Cls.c3.O-O	C96	12
C.RyL.Cls.c3.O-O	C97	13
C.RyL.Cls.c3.O-O	C98	14
C.RyL.Cls.c3.O-O	C99	15
C.RyL.Cls.c3.O-O.h3	C88	0
C.RyL.Cls.c3.O-O.h3	C89	1
C.RyL.Cls.c3.O-O.h3	C92	2
C.RyL.Cls.c3.O-O.h3	C93	3
C.RyL.Cls.c3.O-O.h3	C94	4
C.RyL.Cls.c3.O-O.h3	C95	5
C.RyL.Cls.c3.O-O.h3	C96	6
C.RyL.Cls.c3.O-O.h3	C97	7
C.RyL.Cls.c3.O-O.h3	C98	8
C.RyL.Cls.c3.O-O.h3	C99	9
C.RyL.Cls.c3.O-O.h3.Bb7	C88	0
C.RyL.Cls.c3.O-O.h3.Bb7	C89	1
C.RyL.Cls.c3.O-O.h3.Bb7	C92	2
C.RyL.Cls.c3.O-O.h3.Bb7	C93	3
C.RyL.Cls.c3.O-O.h3.Bb7	C94	4
C.RyL.Cls.c3.O-O.h3.Bb7	C95	5
C.RyL.Cls.c3.O-O.h3.Bb7	C96	6
C.RyL.Cls.c3.O-O.h3.Bb7	C97	7
C.RyL.Cls.c3.O-O.h3.Bb7	C98	8
C.RyL.Cls.c3.O-O.h3.Bb7	C99	9
C.RyL.Cls.c3.O-O.h3.Be6	C88	0
C.RyL.Cls.c3.O-O.h3.Be6	C89	1
C.RyL.Cls.c3.O-O.h3.Be6	C92	2
C.RyL.Cls.c3.O-O.h3.Be6	C93	3
C.RyL.Cls.c3.O-O.h3.Be6	C94	4
C.RyL.Cls.c3.O-O.h3.Be6	C95	5
C.RyL.Cls.c3.O-O.h3.Be6	C96	6
C.RyL.Cls.c3.O-O.h3.Be6	C97	7
C.RyL.Cls.c3.O-O.h3.Be6	C98	8
C.RyL.Cls.c3.O-O.h3.Be6	C99	9
C.RyL.Cls.c3.O-O.h3.Re8	C88	0
C.RyL.Cls.c3.O-O.h3.Re8	C89	1
C.RyL.Cls.c3.O-O.h3.Re8	C92	2
C.RyL.Cls.c3.O-O.h3.Re8	C93	3
C.RyL.Cls.c3.O-O.h3.Re8	C94	4
C.RyL.Cls.c3.O-O.h3.Re8	C95	5
C.RyL.Cls.c3.O-O.h3.Re8	C96	6
C.RyL.Cls.c3.O-O.h3.Re8	C97	7
C.RyL.Cls.c3.O-O.h3.Re8	C98	8
C.RyL.Cls.c3.O-O.h3.Re8	C99	9
C.RyL.Cls.c3.Na5	C96	0
C.RyL.Cls.c3.Na5	C97	1
C.RyL.Cls.c3.Na5	C98	2
C.RyL.Cls.c3.Na5	C99	3
C.RyL.Cls.c3.Na5.Bc2	C96	0
C.RyL.Cls.c3.Na5.Bc2	C97	1
C.RyL.Cls.c3.Na5.Bc2	C98	2
C.RyL.Cls.c3.Na5.Bc2	C99	3
C.RyL.Cls.c3.Na5.Bc2.c5	C96	0
C.RyL.Cls.c3.Na5.Bc2.c5	C97	1
C.RyL.Cls.c3.Na5.Bc2.c5	C98	2
C.RyL.Cls.c3.Na5.Bc2.c5	C99	3
C.RyL.Cls.d4	C84	0
C.RyL.Cls.d4	C85	1
C.RyL.Cls.d4	C86	2
C.RyL.Cls.d4	C87	3
C.RyL.Cls.d4	C88	4
C.RyL.Cls.d4	C89	5
C.RyL.Exc.dxc6	C68	0
C.RyL.Exc.dxc6	C69	1
C.RyL.Exc.dxc6.Nc3	C68	0
C.RyL.Exc.dxc6.Nc3	C69	1
C.RyL.Exc.dxc6.Nc3.f6	C68	0
C.RyL.Exc.dxc6.Nc3.f6	C69	1
C.RyL.Exc.dxc6.Nc3.f6.d3	C68	0
C.RyL.Exc.dxc6.Nc3.f6.d3	C69	1
C.RyL.Exc.bxc6	C68	0
C.RyL.Exc.bxc6	C69	1
C.RyL.Exc.dxc6.O-O	C68	0
C.RyL.Exc.dxc6.O-O	C69	1
C.RyL.Exc.dxc6.O-O.Bg4	C68	0
C.RyL.Exc.dxc6.O-O.Bg4	C69	1
C.RyL.Exc.dxc6.O-O.Bg4.h3	C68	0
C.RyL.Exc.dxc6.O-O.Bg4.h3	C69	1
C.RyL.Exc.dxc6.O-O.Qd6	C68	0
C.RyL.Exc.dxc6.O-O.Qd6	C69	1
C.RyL.Exc.dxc6.O-O.f6	C68	0
C.RyL.Exc.dxc6.O-O.f6	C69	1
C.RyL.Exc.dxc6.O-O.Bd6	C68	0
C.RyL.Exc.dxc6.O-O.Bd6	C69	1
C.RyL.Exc.dxc6.d4	C68	0
C.RyL.Exc.dxc6.d4	C69	1
C.RyL.Exc.dxc6.d4.exd4	C68	0
C.RyL.Exc.dxc6.d4.exd4	C69	1
C.RyL.Exc.dxc6.d4.exd4.Qxd4	C68	0
C.RyL.Exc.dxc6.d4.exd4.Qxd4	C69	1
C.RyL.Mor.Ba4.d6.Nc3	C71	0
C.RyL.Mor.Ba4.d6.Nc3	C72	1
C.RyL.Mor.Ba4.d6.Nc3	C73	2
C.RyL.Mor.Ba4.d6.Nc3	C74	3
C.RyL.Mor.Ba4.d6.c4	C71	0
C.RyL.Mor.Ba4.d6.c4	C72	1
C.RyL.Mor.Ba4.d6.c4	C73	2
C.RyL.Mor.Ba4.d6.c4	C74	3
C.RyL.Mor.Ba4.d6.O-O	C71	0
C.RyL.Mor.Ba4.d6.O-O	C72	1
C.RyL.Mor.Ba4.d6.O-O	C73	2
C.RyL.Mor.Ba4.d6.O-O	C74	3
C.RyL.Mor.Ba4.d6.O-O	C75	4
C.RyL.Mor.Ba4.d6.O-O	C76	5
C.RyL.Mor.Ba4.d6.O-O.Bd7	C71	0
C.RyL.Mor.Ba4.d6.O-O.Bd7	C72	1
C.RyL.Mor.Ba4.d6.O-O.Bd7	C73	2
C.RyL.Mor.Ba4.d6.O-O.Bd7	C74	3
C.RyL.Mor.Ba4.d6.O-O.Bd7	C75	4
C.RyL.Mor.Ba4.d6.O-O.Bd7	C76	5
C.RyL.Mor.Ba4.d6.c3	C71	0
C.RyL.Mor.Ba4.d6.c3	C72	1
C.RyL.Mor.Ba4.d6.c3	C73	2
C.RyL.Mor.Ba4.d6.c3	C74	3
C.RyL.Mor.Ba4.d6.c3	C75	4
C.RyL.Mor.Ba4.d6.c3	C76	5
C.RyL.Mor.Ba4.d6.c3.Bd7	C71	0
C.RyL.Mor.Ba4.d6.c3.Bd7	C72	1
C.RyL.Mor.Ba4.d6.c3.Bd7	C73	2
C.RyL.Mor.Ba4.d6.c3.Bd7	C74	3
C.RyL.Mor.Ba4.d6.c3.Bd7	C75	4
C.RyL.Mor.Ba4.d6.c3.Bd7	C76	5
C.RyL.Mor.Ba4.d6.Bxc6	C71	0
C.RyL.Mor.Ba4.d6.Bxc6	C72	1
C.RyL.Mor.Ba4.d6.Bxc6	C73	2
C.RyL.Mor.Ba4.d6.Bxc6	C74	3
C.RyL.Mor.Ba4.d6.Bxc6.bxc6	C71	0
C.RyL.Mor.Ba4.d6.Bxc6.bxc6	C72	1
C.RyL.Mor.Ba4.d6.Bxc6.bxc6	C73	2
C.RyL.Mor.Ba4.d6.Bxc6.bxc6	C74	3
C.RyL.Mor.Ba4.Nf6.O-O.g6	C75	0
C.RyL.Mor.Ba4.Nf6.O-O.g6	C76	1
C.RyL.Mor.Ba4.Nf6.O-O.g6	C77	2
C.RyL.Mor.Ba4.Nf6.O-O.g6	C78	3
C.RyL.Mor.Ba4.Nf6.O-O.d5	C75	0
C.RyL.Mor.Ba4.Nf6.O-O.d5	C76	1
C.RyL.Mor.Ba4.Nf6.O-O.d5	C77	2
C.RyL.Mor.Ba4.Nf6.O-O.d5	C78	3
C.RyL.Mor.Ba4.Nf6.O-O.b5	C77	0
C.RyL.Mor.Ba4.Nf6.O-O.b5	C78	1
C.RyL.Mor.Ba4.Nf6.O-O.b5	C79	2
C.RyL.Mor.Ba4.Nf6.O-O.b5	C80	3
C.RyL.Mor.Ba4.Nf6.O-O.b5	C81	4
C.RyL.Mor.Ba4.Nf6.O-O.b5	C82	5
C.RyL.Mor.Ba4.Nf6.O-O.b5	C83	6
C.RyL.Mor.Ba4.Nf6.O-O.b5	C84	7
C.RyL.Mor.Ba4.Nf6.O-O.b5	C85	8
C.RyL.Mor.Ba4.Nf6.O-O.b5	C86	9
C.RyL.Mor.Ba4.Nf6.O-O.b5	C87	10
C.RyL.Mor.Ba4.Nf6.O-O.b5	C88	11
C.RyL.Mor.Ba4.Nf6.O-O.b5	C89	12
C.RyL.Mor.Ba4.Nf6.O-O.b5	C90	13
C.RyL.Mor.Ba4.Nf6.O-O.b5	C91	14
C.RyL.Mor.Ba4.Nf6.O-O.b5	C92	15
C.RyL.Mor.Ba4.Nf6.O-O.b5	C93	16
C.RyL.Mor.Ba4.Nf6.O-O.b5	C94	17
C.RyL.Mor.Ba4.Nf6.O-O.b5	C95	18
C.RyL.Mor.Ba4.Nf6.O-O.b5	C96	19
C.RyL.Mor.Ba4.Nf6.O-O.b5	C97	20
C.RyL.Mor.Ba4.Nf6.O-O.b5	C98	21
C.RyL.Mor.Ba4.Nf6.O-O.b5	C99	22
C.RyL.Mor.Ba4.Nf6.O-O.d6	C78	0
C.RyL.Mor.Ba4.Nf6.O-O.d6	C79	1
C.RyL.Mor.Ba4.Nf6.O-O.d6	C80	2
C.RyL.Mor.Ba4.Nf6.O-O.d6	C81	3
C.RyL.Mor.Ba4.Nf6.O-O.d6	C82	4
C.RyL.Mor.Ba4.Nf6.O-O.d6	C83	5
C.RyL.Mor.Ba4.Nf6.O-O.d6	C84	6
C.RyL.Mor.Ba4.Nf6.O-O.d6	C85	7
C.RyL.Mor.Ba4.Nf6.O-O.d6	C86	8
C.RyL.Mor.Ba4.Nf6.O-O.d6	C87	9
C.RyL.Mor.Ba4.Nf6.O-O.d6	C88	10
C.RyL.Mor.Ba4.Nf6.O-O.d6	C89	11
C.RyL.Mor.Ba4.Nf6.O-O.d6	C90	12
C.RyL.Mor.Ba4.Nf6.O-O.d6	C91	13
C.RyL.Mor.Ba4.Nf6.O-O.d6	C92	14
C.RyL.Mor.Ba4.Nf6.O-O.d6	C93	15
C.RyL.Mor.Ba4.Nf6.O-O.d6	C94	16
C.RyL.Mor.Ba4.Nf6.O-O.d6	C95	17
C.RyL.Mor.Ba4.Nf6.O-O.d6	C96	18
C.RyL.Mor.Ba4.Nf6.O-O.d6	C97	19
C.RyL.Mor.Ba4.Nf6.O-O.d6	C98	20
C.RyL.Mor.Ba4.Nf6.O-O.d6	C99	21
C.KGm.Dec.Fal.exd5	C31	0
C.KGm.Dec.Fal.Nf3	C31	0
C.KGm.Dec.Fal.d4	C31	0
C.KGm.Dec.Fal.Nc3	C31	0
C.KGm.Dec.Fal.exd5.Bc5	C31	0
C.KGm.Dec.Fal.exd5.exf4	C31	0
C.KGm.Dec.Fal.exd5.c6	C31	0
C.KGm.Dec.Fal.exd5.c6.dxc6	C31	0
C.KGm.Dec.Fal.Nc3.dxe4	C31	0
C.KGm.Dec.Fal.Nc3.dxe4.Nxe4	C31	0
B.Fre.Mac.MLn.exf6	C12	0
B.Fre.Mac.MLn.exf6.hxg5	C12	0
B.Fre.Mac.MLn.exf6.hxg5.fxg7	C12	0
B.Fre.Mac.MLn.Bc1	C12	0
B.Fre.Mac.MLn.Bd2	C12	0
B.Fre.Mac.MLn.Bd2.Bxc3	C12	0
B.Fre.Mac.MLn.Bd2.Nfd7	C12	0
B.Fre.Mac.MLn.Be3	C12	0
D.Sla.Nc3.Nf6.e3.e6	D30	0
D.Sla.Nc3.Nf6.e3.e6	D43	1
D.Sla.Nc3.Nf6.e3.e6	D44	2
D.Sla.Nc3.Nf6.e3.e6	D45	3
D.Alb.Nrm.Nbd2	D09	0
D.Alb.Nrm.Nbd2.Qe7	D09	0
D.Alb.Nrm.Nbd2.f6	D09	0
D.Alb.Nrm.Nbd2.Bg4	D09	0
D.Alb.Nrm.Nbd2.Bg4.h3	D09	0
D.Alb.Nrm.Nbd2.Bg4.h3.Bxf3	D09	0
D.Alb.Nrm.g3	D09	0
D.Alb.Nrm.g3.Be6	D09	0
D.Alb.Nrm.g3.Bf5	D09	0
D.Alb.Nrm.g3.Bg4	D09	0
E.QID.Pet.KPe.d5	E12	0
E.QID.Pet.KPe.d5.cxd5	E12	0
E.QID.Pet.KPe.d5.cxd5.exd5	E12	0
E.QID.Pet.KPe.d5.cxd5.Nxd5	E12	0
D.Sem.e3	D45	0
D.Sem.e3	D46	1
D.Sem.e3	D47	2
D.Sem.e3	D48	3
D.Sem.e3	D49	4
D.Sem.e3.a6	D45	0
D.Sem.e3.Nbd7	D45	0
D.Sem.e3.Nbd7	D46	1
D.Sem.e3.Nbd7	D47	2
D.Sem.e3.Nbd7.Bd3	D46	0
D.Sem.e3.Nbd7.Bd3	D47	1
D.Sem.e3.Nbd7.Bd3.Be7	D46	0
D.Sem.e3.Nbd7.Bd3.Bd6	D46	0
D.Sem.e3.Nbd7.Bd3.Bd6.Qc2	D46	0
D.Sem.e3.Nbd7.Bd3.Bb4	D46	0
D.Sem.e3.Nbd7.Bd3.dxc4	D47	0
D.Sem.e3.Nbd7.Bd3.dxc4.Bxc4	D47	0
D.Sem.e3.Nbd7.b3	D46	0
D.Sem.e3.Nbd7.b3.Bd6	D46	0
D.Sem.e3.Nbd7.b3.Bd6.Bb2	D46	0
D.Sem.e3.Nbd7.Ne5	D45	0
D.Sem.e3.Ne4	D45	0
D.Sem.e3.Ne4.Bd3	D45	0
D.Sem.e3.Ne4.Bd3.f5	D45	0
D.Sem.e3.Bd6	D46	0
D.Sem.e3.Bd6.Bd3	D46	0
D.Sem.e3.Bd6.Bd3.dxc4	D46	0
D.Sem.e3.Bd6.Bd3.dxc4.Bxc4	D46	0
A.KIA.Bg2	A05	0
A.KIA.Bg2	A07	1
A.KIA.Bg2	A11	2
A.KIA.Bg2.c6	A07	0
A.KIA.Bg2.c6	A11	1
A.KIA.Bg2.c6.O-O	A07	0
A.KIA.Bg2.c6.O-O	A11	1
A.KIA.Bg2.c6.O-O.Bf5	A07	0
A.KIA.Bg2.c6.O-O.Bf5	A11	1
A.KIA.Bg2.c6.O-O.Bf5.d3	A07	0
A.KIA.Bg2.c6.O-O.Bf5.d3	A11	1
A.KIA.Bg2.c6.O-O.Bg4	A07	0
A.KIA.Bg2.e6	A07	0
C.KPO.Kgt.Qe7	C40	0
C.KPO.Kgt.Qe7.Bc4	C40	0
C.KPO.Kgt.Qe7.Bc4.f5	C40	0
C.KPO.Kgt.Bc5	C40	0
C.KPO.Kgt.Bc5.Nxe5	C40	0
C.KPO.Kgt.Bc5.Nxe5.Nc6	C40	0
C.KPO.Kgt.c6	C40	0
C.KPO.Kgt.Qf6	C40	0
C.KPO.Kgt.Qf6.Bc4	C40	0
C.KPO.Kgt.Qf6.Bc4.Qg6	C40	0
C.KPO.Kgt.Qf6.Bc4.Qg6.O-O	C40	0
C.LtO.Gre.d4	C40	0
C.LtO.Gre.d4.d6	C40	0
C.LtO.Gre.d4.d6.Nc4	C40	0
C.LtO.Gre.d4.d6.Nc4.fxe4	C40	0
C.LtO.Gre.Nc4	C40	0
C.LtO.Gre.Nc4.fxe4	C40	0
C.LtO.Gre.Nc4.fxe4.d3	C40	0
C.LtO.Gre.Nc4.fxe4.Nc3	C40	0
C.Sco.Gbt.Bb4	C44	0
C.Sco.Gbt.Bb4.c3	C44	0
C.Sco.Gbt.Bb4.c3.dxc3	C44	0
C.Sco.Gbt.Bb4.c3.dxc3.O-O	C44	0
C.Sco.Gbt.Bb4.c3.dxc3.bxc3	C44	0
C.Sco.Gbt.Bc5	C44	0
C.Sco.Gbt.Bc5.Ng5	C44	0
C.Sco.Gbt.Bc5.Ng5.Nh6	C44	0
C.Sco.Gbt.Bc5.Ng5.Nh6.Qh5	C44	0
C.Sco.Gbt.Bc5.Ng5.Nh6.Nxf7	C44	0
D.Sla.Not.a4	D31	0
D.Sla.Not.a4.Bb4	D31	0
D.Sla.Not.a4.Bb4.e3	D31	0
D.Sla.Not.g3	D31	0
D.Sla.Not.Bg5	D31	0
D.Sla.Not.Bg5.f6	D31	0
D.QGD.Cmb.Nd2	D52	0
D.QGD.Cmb.Nd2.Bb4	D52	0
D.QGD.Cmb.Nd2.Bb4.Qc2	D52	0
D.QGD.Cmb.Nd2.Bb4.Qc2.O-O	D52	0
D.QGD.Cmb.Nd2.dxc4	D52	0
D.QGD.Cmb.cxd5	D52	0
D.QGD.Cmb.cxd5.Nxd5	D52	0
D.QGD.Cmb.cxd5.exd5	D52	0
A.Bir.Nf6	A02	0
A.Bir.Nf6.Nf3	A02	0
A.Bir.Nf6.Nf3.g6	A02	0
A.Bir.Nf6.Nf3.g6.b4	A02	0
A.Bir.f5	A02	0
A.Bir.f5.d4	A02	0
A.Bir.f5.d4.d5	A02	0
A.Bir.f5.e4	A02	0
A.Bir.f5.e4.fxe4	A02	0
A.Bir.f5.e4.fxe4.Nc3	A02	0
A.Bir.f5.e4.fxe4.Nc3.Nf6	A02	0
A.Bir.h6	A02	0
A.Bir.h6.Nf3	A02	0
A.Bir.h6.Nf3.g5	A02	0
A.Bir.b5	A02	0
A.Kad.c5	A00	0
A.Kad.c5.b4	A00	0
A.Kad.d5	A00	0
A.Kad.d5.d4	A00	0
A.Kad.d5.d4.c5	A00	0
A.Kad.d5.d4.c5.Nf3	A00	0
A.Kad.d5.d4.c5.Nf3.cxd4	A00	0
A.Kad.d5.d4.c5.e4	A00	0
A.Kad.e5	A00	0
A.Kad.e5.d4	A00	0
A.Kad.e5.d4.exd4	A00	0
A.Kad.e5.d4.exd4.c3	A00	0
A.Kad.f5	A00	0
A.Kad.f5.e4	A00	0
A.Kad.f5.e4.fxe4	A00	0
A.Kad.f5.e4.fxe4.d3	A00	0
A.War.a5	A00	0
A.War.e5	A00	0
A.War.e5.h4	A00	0
A.War.e5.Ra3	A00	0
A.War.b6	A00	0
A.War.b6.d4	A00	0
A.War.b6.d4.d5	A00	0
A.War.b6.d4.d5.Nc3	A00	0
A.War.b6.d4.d5.Nc3.Nd7	A00	0
A.War.b5	A00	0
A.War.b5.axb5	A00	0
A.War.b5.axb5.Bb7	A00	0
A.Hng.ReM.Nf3.Nc6	A08	0
A.Hng.ReM.Nf3.Nc6.d4	A08	0
A.Hng.ReM.Nf3.Nc6.d4.Nf6	A08	0
A.Hng.ReM.Nf3.Nc6.d4.e6	A08	0
A.Hng.ReM.Nf3.Nf6	A08	0
A.Hng.ReM.Nf3.Nf6.O-O	A08	0
A.Hng.ReM.Nf3.Nf6.O-O.e6	A08	0
A.QPO.g6.Nf3	A40	0
A.QPO.g6.Nf3.Bg7	A40	0
A.QPO.g6.Nf3.Bg7.e3	A40	0
A.QPO.g6.Nf3.Bg7.e3.c5	A40	0
A.QPO.g6.Nf3.Bg7.g3	A40	0
A.QPO.g6.Nf3.Bg7.g3.c5	A40	0
A.QPO.g6.Nf3.Bg7.Nc3	D00	0
A.QPO.g6.Nf3.Bg7.Nc3.d5	D00	0
A.QPO.g6.Nf3.Bg7.Bf4	D02	0
A.QPO.g6.Nf3.Bg7.Bf4.c5	D02	0
A.QPO.g6.h4	A40	0
A.QPO.g6.h4.Nf6	A40	0
A.QPO.g6.h4.Nf6.h5	A40	0
B.Sca.MLn.Qd6	B01	0
B.Sca.MLn.Qd6.d4	B01	0
B.Sca.MLn.Qd6.d4.Nf6	B01	0
B.Sca.MLn.Qd6.d4.Nf6.Nf3	B01	0
B.Sca.MLn.Qd6.d4.c6	B01	0
B.Sca.MLn.Qd8	B01	0
B.Sca.MLn.Qd8.d4	B01	0
B.Sca.MLn.Qd8.d4.Nf6	B01	0
B.Sca.MLn.Qd8.d4.Nf6.Nf3	B01	0
B.CaK.Kar.Ng5	B17	0
B.CaK.Kar.Ng5.Ngf6	B17	0
B.CaK.Kar.Ng5.Ndf6	B17	0
B.CaK.Kar.Ng5.Ngf6.Bd3	B17	0
B.CaK.Kar.Ng5.Ngf6.Bd3.e6	B17	0
B.CaK.Kar.Bc4	B17	0
B.CaK.Kar.Bc4.Ngf6	B17	0
B.CaK.Kar.Bc4.Ngf6.Ng5	B17	0
B.CaK.Kar.Bc4.Ngf6.Ng5.e6	B17	0
B.CaK.Kar.Bc4.Ngf6.Nxf6	B17	0
B.CaK.Kar.Bc4.Ngf6.Nxf6.Nxf6	B17	0
C.Bsh.Ber.f4	C24	0
C.Bsh.Ber.d4	C24	0
C.Bsh.Ber.d4.exd4	C24	0
C.Bsh.Ber.d4.exd4.c3	C24	0
C.Bsh.Ber.Ne2	C24	0
C.Bsh.Ber.Ne2.Nxe4	C24	0
C.Bsh.Ber.Ne2.Nxe4.Nec3	C24	0
C.Bsh.Ber.f3	C24	0
C.Bsh.Ber.f3.Bc5	C24	0
C.Bsh.Ber.f3.Bc5.Ne2	C24	0
C.Bsh.Ber.f3.Bc5.Ne2.Nc6	C24	0
C.Pet.Mod.exd4	C43	0
C.Pet.Mod.Nxe4	C43	0
C.Pet.Mod.Nxe4.Bd3	C43	0
C.Pet.Mod.Nxe4.Bd3.Nc6	C43	0
C.Pet.Mod.Nxe4.Bd3.d5	C43	0
C.Pet.Mod.Nxe4.Bd3.d5.Nxe5	C43	0
C.Pet.Mod.d5	C43	0
C.Pon.Jae.d3	C44	0
C.Pon.Jae.d3.d5	C44	0
C.Pon.Jae.d3.d5.Nbd2	C44	0
C.Pon.Jae.Bc4	C44	0
C.Pon.Jae.d4	C44	0
C.Pon.Jae.d4.Nxe4	C44	0
C.Pon.Jae.d4.Nxe4.d5	C44	0
C.Pon.Jae.d4.Nxe4.d5.Bc5	C44	0
C.Fou.Sco.exd4	C47	0
C.Fou.Sco.exd4.Nxd4	C47	0
C.Fou.Sco.exd4.Nxd4.Nxe4	C47	0
C.Fou.Sco.Bb4	C47	0
C.Fou.Sco.Bb4.Nxe5	C47	0
C.Fou.Sco.Bb4.Nxe5.Qe7	C47	0
C.Fou.Sco.Bb4.d5	C47	0
C.Fou.Sco.Bb4.d5.Nd4	C47	0
A.Bar.e5	A00	0
A.Bar.e5.g4	A00	0
A.Bar.e5.g4.Qh4	A00	0
A.Bar.e5.Kf2	A00	0
A.Bar.d5	A00	0
A.Bar.d5.e4	A00	0
A.Bar.d5.e4.g6	A00	0
A.Bar.d5.e4.g6.d4	A00	0
A.Bar.d5.e4.g6.d4.dxe4	A00	0
A.Bar.f5	A00	0
A.Bar.f5.e4	A00	0
A.Bar.f5.e4.fxe4	A00	0
A.Bar.f5.e4.fxe4.Nc3	A00	0
A.Gro.Gbt.c6	A00	0
A.Gro.Gbt.c6.c4	A00	0
A.Gro.Gbt.c6.c4.dxc4	A00	0
A.Gro.Gbt.c6.c4.dxc4.b3	A00	0
A.Gro.Gbt.h5	A00	0
A.Gro.Gbt.h5.gxh5	A00	0
A.Gro.Gbt.e5	A00	0
A.Gro.Gbt.e5.d4	A00	0
A.Gro.Gbt.e5.d4.exd4	A00	0
A.Gro.Gbt.e5.d4.exd4.c3	A00	0
A.Pol.Cen.Bb2	A00	0
A.Pol.Cen.Bb2.Nf6	A00	0
A.Pol.Cen.Bb2.Nf6.Nf3	A00	0
A.Pol.Cen.Bb2.Qd6	A00	0
A.Pol.Cen.Bb2.c6	A00	0
A.Pol.Cen.Bb2.c6.a4	A00	0
A.Pol.Cen.Nf3	A06	0
A.VtK.e5	A00	0
A.VtK.e5.Bc4	A00	0
A.VtK.e5.Bc4.b5	A00	0
A.VtK.e5.Bc4.b5.Bb3	A00	0
A.VtK.e5.Nc3	A00	0
A.VtK.e5.Nc3.Nf6	A00	0
A.VtK.e5.Nc3.Nf6.f4	A00	0
A.VtK.e5.Nc3.Nf6.f4.exf4	A00	0
A.VtK.e5.Nc3.Nc6	A00	0
A.VtK.e5.Nc3.Nc6.f4	A00	0
A.VtK.e5.Nc3.d5	A00	0
A.VtK.e5.Nc3.d5.f4	A00	0
A.Mod.Nc3	A40	0
A.Mod.Nc3	A42	1
A.Mod.Nc3.c5	A40	0
A.Mod.Nc3.c5	A42	1
A.Mod.Nc3.c5.e3	A40	0
A.Mod.Nc3.c5.d5	A40	0
A.Mod.Nc3.c5.d5.Bxc3	A40	0
A.Mod.Nc3.c5.d5.Bxc3.bxc3	A40	0
E.Ben.Old.dxc5	A43	0
E.Ben.Old.dxc5.Na6	A43	0
E.Ben.Old.dxc5.b6	A43	0
E.Ben.Old.c4	A43	0
E.Ben.Old.c4.cxd4	A43	0
E.Ben.Old.c4.cxd4.e3	A43	0
B.Pir.Pre.f4	B00	0
B.Pir.Pre.f4.d5	B00	0
B.Pir.Pre.f4.d5.exd5	B00	0
B.Pir.Pre.f4.d5.exd5.Nf6	B00	0
B.Pir.Pre.h4	B00	0
B.Pir.Pre.g4	B00	0
B.Sca.Nf6.d4	B01	0
B.Sca.Nf6.d4.g6	B01	0
B.Sca.Nf6.d4.g6.c4	B01	0
B.Sca.Nf6.d4.g6.c4.b5	B01	0
B.Sca.Nf6.d4.c6	B01	0
B.Sca.Nf6.d4.c6.dxc6	B01	0
B.Sca.Nf6.d4.c6.dxc6.e5	B01	0
D.Bgm.Acc.Nxf3	D00	0
D.Bgm.Acc.Nxf3.Qd6	D00	0
D.Bgm.Acc.Nxf3.c5	D00	0
D.Bgm.Acc.Nxf3.Nc6	D00	0
D.Bgm.Acc.Nxf3.b6	D00	0
D.Bgm.Acc.Nxf3.Nbd7	D00	0
D.QPG.Chi.e6	D00	0
D.QPG.Chi.e6	D01	1
D.QPG.Chi.e6.Bf4	D01	0
D.QPG.Chi.Bg4	D00	0
D.QPG.Chi.e5	D00	0
D.QPG.Chi.h5	D00	0
D.QGD.Exc.Bg5	D35	0
D.QGD.Exc.Bg5	D36	1
D.QGD.Exc.Bg5.c6	D35	0
D.QGD.Exc.Bg5.c6	D36	1
D.QGD.Exc.Bg5.c6.Qc2	D36	0
D.QGD.Exc.Bg5.Be7	D35	0
D.QGD.Exc.Bg5.Be7.e3	D35	0
D.QGD.Exc.Bg5.Be7.e3.h6	D35	0
D.QGD.Lsk.Bxe7	D56	0
D.QGD.Lsk.Bxe7	D57	1
D.QGD.Lsk.Bxe7.Qxe7	D56	0
D.QGD.Lsk.Bxe7.Qxe7	D57	1
D.QGD.Lsk.Bxe7.Qxe7.Qc2	D56	0
D.QGD.Lsk.Bxe7.Qxe7.cxd5	D57	0
D.QGD.Lsk.Bxe7.Qxe7.cxd5.Nxc3	D57	0
E.Nim.Kas.c5	E20	0
E.Nim.Kas.c5	E21	1
E.Nim.Kas.c5.g3	E20	0
E.Nim.Kas.c5.g3.O-O	E20	0
E.Nim.Kas.c5.g3.cxd4	E20	0
E.Nim.Kas.c5.g3.cxd4.Nxd4	E20	0
E.Nim.Kas.b6	E43	0
E.Nim.Kas.b6.e3	E43	0
E.Nim.Kas.b6.e3.Ne4	E43	0
E.Nim.Kas.b6.e3.Ne4.Qc2	E43	0
E.Nim.Cls.Noa.Ne4	E36	0
E.Nim.Cls.Noa.Ne4	E37	1
E.Nim.Cls.Noa.Ne4.Qc2	E37	0
E.Nim.Cls.Noa.Ne4.Qc2.c5	E37	0
E.Nim.Cls.Noa.Ne4.Qc2.Nc6	E37	0
E.Nim.Cls.Noa.Nc6	E36	0
E.Nim.Cls.Noa.c5	E36	0
E.Nim.Rub.Cls.Nf3	E48	0
E.Nim.Rub.Cls.Nf3	E51	1
E.Nim.Rub.Cls.Nf3	E52	2
E.Nim.Rub.Cls.Nf3.Nc6	E48	0
E.Nim.Rub.Cls.Nf3.Nc6	E51	1
E.Nim.Rub.Cls.Nf3.Nc6.O-O	E48	0
E.Nim.Rub.Cls.Nf3.Nc6.O-O	E51	1
E.Nim.Rub.Cls.Nf3.b6	E52	0
E.Nim.Rub.Cls.a3	E49	0
E.Nim.Rub.Cls.a3	E59	1
E.Nim.Rub.Cls.a3.Bxc3	E49	0
E.Nim.Rub.Cls.a3.Bxc3	E59	1
E.Nim.Rub.Cls.a3.Bxc3.bxc3	E49	0
E.Nim.Rub.Cls.a3.Bxc3.bxc3	E59	1
A.Ret.Adv.b4	A09	0
A.Ret.Adv.b4.c5	A09	0
A.Ret.Adv.b4.g5	A09	0
A.Ret.Adv.Rg1	A09	0
A.Ret.Adv.e3	A09	0
A.Ret.Adv.e3.c5	A09	0
A.Ret.Adv.e3.c5.b4	A09	0
A.Eng.Mik.Nc6	A18	0
A.Eng.Mik.d5	A18	0
A.Eng.Mik.d5.e5	A18	0
A.Eng.Mik.c5	A19	0
A.Eng.Mik.c5.e5	A19	0
A.Eng.Mik.c5.e5.Ng8	A19	0
A.OID.Nf6.g4	A53	0
A.OID.Nf6.Nc3	A53	0
A.OID.Nf6.Nc3.c6	A53	0
A.OID.Nf6.Nf3	A53	0
A.OID.Nf6.Nf3	A54	1
A.OID.Nf6.Nf3.c6	A53	0
A.OID.Nf6.Nf3.Bg4	A54	0
A.Hol.Alp.e6	A80	0
A.Hol.Alp.e6.g4	A80	0
A.Hol.Alp.g6	A80	0
A.Hol.Alp.g6.g4	A80	0
A.Hol.Alp.d6	A80	0
A.Hol.Alp.d6.g4	A80	0
A.Hol.Alp.d5	A80	0
A.Hol.Alp.d5.g4	A80	0
A.Hol.Sta.MLn.g6	A83	0
A.Hol.Sta.MLn.g6.h4	A83	0
A.Hol.Sta.MLn.g6.f3	A83	0
A.Hol.Sta.MLn.c6	A83	0
A.Hol.Sta.MLn.b6	A83	0
B.CaK.Two.dxe4	B10	0
B.CaK.Two.dxe4	B11	1
B.CaK.Two.dxe4.Ng5	B10	0
B.CaK.Two.Bg4	B11	0
B.CaK.Two.Bg4.h3	B11	0
B.CaK.Two.Bg4.h3.Bxf3	B11	0
B.CaK.Two.Bg4.h3.Bh5	B11	0
B.CaK.Pmv.Nf6	B13	0
B.CaK.Pmv.Nf6	B14	1
B.CaK.Pmv.Nf6.c5	B13	0
B.CaK.Pmv.Nf6.Nc3	B13	0
B.CaK.Pmv.Nf6.Nc3	B14	1
B.CaK.Pmv.Nf6.Nc3.e6	B14	0
B.CaK.Pmv.Nf6.Nc3.e6.Nf3	B14	0
B.CaK.Cls.Ng3	B18	0
B.CaK.Cls.Ng3.Bg6	B18	0
B.CaK.Cls.Ng3.Bg6.Nh3	B18	0
B.CaK.Cls.Ng3.Bg6.h4	B18	0
B.CaK.Cls.Ng3.Bg6.f4	B18	0
B.CaK.Cls.Ng5	B18	0
B.CaK.Cls.Ng5.Bg6	B18	0
B.CaK.Cls.Ng5.Bg6.N1f3	B18	0
B.CaK.Cls.Ng5.Bg6.N1f3.h6	B18	0
B.Fre.Cls.exd5	C01	0
B.Fre.Cls.exd5	C11	1
B.Fre.Cls.exd5.exd5	C01	0
B.Fre.Cls.exd5.exd5	C11	1
B.Fre.Cls.exd5.exd5.Bg5	C01	0
B.Fre.Cls.Bd3	C11	0
B.Fre.Cls.Be3	C11	0
C.Sco.Cls.Nb3	C45	0
C.Sco.Cls.Nb3.Bb4	C45	0
C.Sco.Cls.Nxc6	C45	0
C.Sco.Cls.Nxc6.Qf6	C45	0
C.Sco.Cls.Be3	C45	0
C.Sco.Cls.Be3.Qf6	C45	0
C.Sco.Cls.Be3.Qf6.Nb5	C45	0
D.Bgm.Cap.Nc3.e5.dxe5	D00	0
D.Bgm.Cap.Nc3.e5.Nxe4	D00	0
D.Bgm.Cap.Nc3.e5.Nge2	D00	0
D.Bgm.Cap.Nc3.e5.Qh5	D00	0
D.Bgm.Cap.Nc3.e5.Be3	D00	0
D.Sla.Cze.Kra.MLn.Nbd7	D17	0
D.Sla.Cze.Kra.MLn.Nbd7.Nxc4	D17	0
D.Sla.Cze.Kra.MLn.Na6	D17	0
D.Sla.Cze.Kra.MLn.Na6.e4	D17	0
D.Sla.Cze.Kra.MLn.e6	D17	0
D.Sla.Cze.Kra.MLn.e6.f3	D17	0
A.Eng.Agi.Nf3.Nf6	A13	0
A.Eng.Agi.Nf3.Nf6	A15	1
A.Eng.Agi.Nf3.Nf6.g3	A15	0
A.Eng.Agi.Nf3.Nf6.g3.b6	A15	0
A.Eng.Agi.Nf3.Nf6.g3.a6	A15	0
A.Eng.Agi.Nf3.Nf6.Nc3	A33	0
A.Eng.Agi.Nf3.Nf6.Nc3.c5	A33	0
A.Ret.Ang.MLn.Nf6.Qc2	A11	0
A.Ret.Ang.MLn.Nf6.Nc3	A11	0
A.Ret.Ang.MLn.Nf6.Nc3	A12	1
A.Ret.Ang.MLn.Nf6.Nc3.Nbd7	A12	0
A.Ret.Ang.MLn.Nf6.Nc3.e6	A12	0
A.Ret.Ang.MLn.Nf6.Nc3.e6	D45	1
B.Sca.Mod.Mie.e5	B01	0
B.Sca.Mod.Mie.e5.Nf3	B01	0
B.Sca.Mod.Mie.e5.Nf3.Bg4	B01	0
B.Sca.Mod.Mie.e5.dxe5	B01	0
B.Sca.Mod.Mie.e5.dxe5.Nc6	B01	0
B.Sca.Mod.Mie.Nf6	B01	0
B.CaK.Pmv.Nc6.Bg5	B13	0
B.CaK.Pmv.Nc6.Bg5.e6	B13	0
B.CaK.Pmv.Nc6.Bg5.Qa5	B13	0
B.CaK.Pmv.Nc6.Bg5.Qb6	B13	0
B.CaK.Pmv.Nc6.Bg5.dxc4	B13	0
B.CaK.Pmv.Nc6.Bg5.dxc4.d5	B13	0
B.Sic.Acc.Mar.Bg7	B37	0
B.Sic.Acc.Mar.Bg7	B38	1
B.Sic.Acc.Mar.Bg7	B39	2
B.Sic.Acc.Mar.Bg7.Be3	B38	0
B.Sic.Acc.Mar.Bg7.Be3	B39	1
B.Sic.Acc.Mar.Bg7.Be3.Nf6	B39	0
B.Sic.Acc.Mar.Bg7.Nc2	B37	0
B.Sic.Acc.Mar.Bg7.Nc2.d6	B37	0
B.Sic.Naj.Eng.e6	B80	0
B.Sic.Naj.Eng.e6	B90	1
B.Sic.Naj.Eng.e6.Qd2	B80	0
B.Sic.Naj.Eng.e6.g4	B90	0
B.Sic.Naj.Eng.e6.g4.e5	B90	0
B.Sic.Naj.Eng.Ng4	B90	0
B.Fre.Tar.Cls.MLn.Bd3	C05	0
B.Fre.Tar.Cls.MLn.Bd3	C06	1
B.Fre.Tar.Cls.MLn.Bd3.c5	C05	0
B.Fre.Tar.Cls.MLn.Bd3.c5	C06	1
B.Fre.Tar.Cls.MLn.f4	C05	0
C.Vie.Fal.MLn.Qh5	C27	0
C.Vie.Fal.MLn.Qh5.Nd6	C27	0
C.Vie.Fal.MLn.Qh5.Nd6.Bb3	C27	0
C.Sco.Cls.Sch.Qd2	C45	0
C.Sco.Cls.Sch.Qd2.d5	C45	0
C.Sco.Cls.Sch.Nc2	C45	0
C.Sco.Cls.Sch.Bb5	C45	0
C.Sco.Cls.Sch.Bb5.Nd8	C45	0
C.RyL.Shl.Jae.fxe4	C63	0
C.RyL.Shl.Jae.fxe4.Nxe4	C63	0
C.RyL.Shl.Jae.fxe4.Nxe4.d5	C63	0
C.RyL.Shl.Jae.fxe4.Nxe4.Be7	C63	0
C.RyL.Shl.Jae.fxe4.Nxe4.Nf6	C63	0
C.RyL.Mor.Ba4.Nd4	C70	0
C.RyL.Mor.Ba4.Bb4	C70	0
C.RyL.Mor.Ba4.Nge7	C70	0
C.RyL.Mor.Ba4.f5	C70	0
C.RyL.Mor.Ba4.f5.exf5	C70	0
D.QPG.Ver.Ne4	D01	0
D.QPG.Ver.Nbd7	D01	0
D.QPG.Ver.Nbd7.Nf3	D01	0
D.QPG.Ver.Nbd7.Nf3.g6	D01	0
D.QPG.Ver.c5	D01	0
D.QPG.Ver.c5.Bxf6	D01	0
D.QPG.Ver.c5.Bxf6.gxf6	D01	0
D.QGA.Cen.Nf6	D20	0
D.QGA.Cen.c5	D20	0
D.QGA.Cen.c5.d5	D20	0
D.QGA.Cen.c5.d5.b5	D20	0
D.QGA.Cen.f5	D20	0
D.QGA.Cls.O-O	D26	0
D.QGA.Cls.O-O	D27	1
D.QGA.Cls.O-O	D28	2
D.QGA.Cls.O-O	D29	3
D.QGA.Cls.O-O.Nc6	D26	0
D.QGA.Cls.O-O.cxd4	D26	0
E.QID.Euw.Bd3	E17	0
E.QID.Euw.Bd3.d5	E14	0
E.QID.Euw.Bd3.c5	E14	0
E.QID.Euw.Bd3.c5.O-O	E14	0
E.QID.Euw.Bd3.c5.O-O.Be7	E14	0
E.KID.Fch.MLn.Nc6	E62	0
E.KID.Fch.MLn.Nc6.O-O	E62	0
E.KID.Fch.MLn.Nc6.O-O.Bg4	E62	0
E.KID.Fch.MLn.Nc6.O-O.Bf5	E62	0
E.KID.Fch.MLn.Nbd7	E67	0
E.KID.Fch.MLn.c5	E64	0
E.KID.Fch.Kav.Nc3	E67	0
E.KID.Fch.Kav.Nc3	E68	1
E.KID.Fch.Kav.Nc3	E69	2
E.KID.Fch.Kav.Nc3.e5	E67	0
E.KID.Fch.Kav.Nc3.e5	E68	1
E.KID.Fch.Kav.Nc3.e5	E69	2
E.KID.Fch.Kav.Nc3.e5.e4	E68	0
E.KID.Fch.Kav.Nc3.e5.e4	E69	1
E.KID.Fou.O-O	E76	0
E.KID.Fou.O-O	E77	1
E.KID.Fou.O-O	E78	2
E.KID.Fou.O-O	E79	3
E.KID.Fou.Na6	E76	0
E.KID.Fou.O-O.Be2	E77	0
E.KID.Fou.O-O.Be2	E78	1
E.KID.Fou.O-O.Be2	E79	2
E.KID.Fou.O-O.Be2.c5	E77	0
E.KID.Fou.O-O.Be2.c5	E78	1
E.KID.Fou.O-O.Be2.c5	E79	2
E.KID.Fou.O-O.Nf3	E78	0
E.KID.Fou.O-O.Nf3	E79	1
E.KID.Fou.O-O.Nf3.c5	E78	0
E.KID.Fou.O-O.Nf3.c5	E79	1
E.KID.Fou.O-O.Nf3.c5.Be2	E78	0
E.KID.Fou.O-O.Nf3.c5.Be2	E79	1
E.Ben.Mod.Cls.MLn.a6	A74	0
E.Ben.Mod.Cls.MLn.a6	A75	1
E.Ben.Mod.Cls.MLn.a6.a4	A74	0
E.Ben.Mod.Cls.MLn.a6.a4	A75	1
E.Ben.Mod.Cls.MLn.Re8	A76	0
E.Ben.Mod.Cls.MLn.Re8	A77	1
E.Ben.Mod.Cls.MLn.Re8	A78	2
E.Ben.Mod.Cls.MLn.Re8	A79	3
B.Fre.Cls.MLn.e5.Nfd7.Bxe7	C14	0
B.Fre.Cls.MLn.e5.Nfd7.Qg4	C14	0
B.Fre.Cls.MLn.e5.Nfd7.Qd2	C14	0
B.Fre.Cls.MLn.e5.Nfd7.f4	C14	0
B.Fre.Cls.MLn.e5.Nfd7.Bd3	C14	0
C.KGm.Dec.Cls.c3	C30	0
C.KGm.Dec.Cls.c3.Bg4	C30	0
C.KGm.Dec.Cls.c3.f5	C30	0
C.KGm.Dec.Cls.c3.f5.fxe5	C30	0
C.KGm.Dec.Cls.b4	C30	0
C.KGm.Dec.Cls.Nc3	C30	0
C.KGm.Dec.Cls.Nc3.Nd7	C30	0
C.KGm.Dec.Cls.fxe5	C30	0
C.KGm.Acc.Muz.MLn.Qxf3.Qf6	C37	0
C.KGm.Acc.Muz.MLn.Qxf3.Qe7	C37	0
C.KGm.Acc.Muz.MLn.Qxf3.Nc6	C37	0
C.KGm.Acc.All.MLn.Nxf7.Kxf7	C39	0
C.KGm.Acc.Kie.MLn.Bc4	C39	0
C.KGm.Acc.Kie.MLn.Bc4.d5	C39	0
C.KGm.Acc.Kie.MLn.Nxg4	C39	0
C.KGm.Acc.Kie.MLn.Nxg4.d5	C39	0
C.Ita.Giu.Mol.MLn.Nxe4	C54	0
C.Ita.Giu.Mol.MLn.Nxe4.O-O	C54	0
C.Ita.Two.Opn.MLn.O-O.Nxe4	C56	0
C.Ita.Two.Opn.MLn.O-O.d6	C56	0
C.Ita.Two.Opn.MLn.O-O.Be7	C56	0
C.Ita.Evn.Acc.Stn.d4	C52	0
C.Ita.Evn.Acc.Stn.d4.d6	C52	0
C.Ita.Evn.Acc.Stn.d4.Nf6	C52	0
C.Ita.Evn.Acc.Stn.d4.exd4	C52	0
C.Ita.Evn.Acc.Stn.d4.b5	C52	0
C.Ita.Evn.Acc.Stn.O-O.d6	C52	0
C.Ita.Evn.Acc.Stn.O-O.Nf6	C52	0
C.Ita.Pia.Nf6.MLn.a6	C54	0
C.Ita.Pia.Nf6.MLn.a6.a4	C54	0
C.Ita.Pia.Nf6.MLn.h6	C54	0
C.Ita.Pia.Nf6.MLn.h6.Nbd2	C54	0
A.Hor.Fch.Nf3	D30	0
A.Hor.Fch.Nf3.c5	D30	0
A.Hor.Fch.Nf3.c5.cxd5	D30	0
A.Hor.Fch.Nc3	D31	0
A.Hor.Fch.Nc3.c6	D31	0
E.Ben.Bnk.Acc.MLn.g6	A58	0
E.Ben.Bnk.Acc.MLn.g6	A59	1
E.Ben.Bnk.Acc.MLn.g6.Nc3	A58	0
E.Ben.Bnk.Acc.MLn.g6.Nc3	A59	1
E.Ben.Bnk.Acc.MLn.Bxa6.Nc3	A58	0
E.Ben.Bnk.Acc.MLn.Bxa6.Nc3	A59	1
B.Fre.Cls.MLn.ACh.Bxg5	C13	0
B.Fre.Cls.MLn.ACh.Bxg5.hxg5	C13	0
B.Fre.Cls.MLn.ACh.c5	C13	0
B.Fre.Cls.MLn.ACh.a6	C13	0
B.Fre.Cls.MLn.ACh.O-O	C13	0
B.Fre.Cls.MLn.ACh.f6	C13	0
C.KGm.Acc.Bsh.Ble.Qf3	C33	0
C.KGm.Acc.Bsh.Ble.Nc3	C33	0
C.KGm.Acc.Bsh.Ble.Nc3.Bg7	C33	0
C.Fou.Spa.Rub.Be2	C48	0
C.Fou.Spa.Rub.Be2.Nxf3	C48	0
C.Fou.Spa.Rub.Be2.Nxf3.Bxf3	C48	0
C.Fou.Spa.Rub.Nxd4	C48	0
C.Fou.Spa.Rub.O-O	C48	0
C.Fou.Spa.Rub.Nxe5	C48	0
C.Fou.Spa.Rub.Nxe5.Bc5	C48	0
C.Fou.Spa.Rub.Nxe5.Qe7	C48	0
C.RyL.Ber.Rio.Qe2	C67	0
C.RyL.Ber.Rio.Qe2.Nd6	C67	0
C.RyL.Ber.Rio.Qe2.Nd6.Bxc6	C67	0
C.RyL.Ber.Rio.Qe2.d5	C67	0
D.QGD.Har.MLn.c5	D37	0
D.QGD.Har.MLn.c5.dxc5	D37	0
D.QGD.Har.MLn.c6	D37	0
D.QGD.Har.MLn.b6	D37	0
D.QGD.Har.MLn.Nbd7	D37	0
D.QGD.Har.MLn.Nbd7.c5	D37	0
E.Nim.Rub.StP.MLn.Nf3	E43	0
E.Nim.Rub.StP.MLn.Nf3.O-O	E43	0
E.Nim.Rub.StP.MLn.Nf3.O-O	E52	1
E.Nim.Rub.StP.MLn.Nf3.Ne4	E43	0
C.Ita.Evn.Acc.Mor.dxc3	C52	0
C.Ita.Evn.Acc.Mor.d3	C52	0
C.Ita.Evn.Acc.Mor.b5	C52	0
C.Ita.Evn.Acc.Mor.Nge7	C52	0
C.Ita.Two.Opn.MLn.e5	C44	0
C.Ita.Two.Opn.MLn.e5	C56	1
C.Ita.Two.Opn.MLn.e5.Ng4	C44	0
C.Ita.Two.Opn.MLn.e5.d5	C56	0
C.Ita.Two.Opn.MLn.Ng5	C56	0
A.QPO.Nf6.g4.Nxg4	A45	0
A.QPO.Nf6.g4.Nxg4.f3	A45	0
A.QPO.Nf6.g4.Nxg4.f3.Nf6	A45	0
A.QPO.Nf6.g4.Nxg4.e4	A45	0
A.QPO.Nf6.g4.Nxg4.e4.d6	A45	0
A.QPO.Nf6.g4.e5	A45	0
C.Vie.Gbt.Fal.MLn.Qf3	C29	0
C.Vie.Gbt.Fal.MLn.Qf3.f5	C29	0
C.Vie.Gbt.Fal.MLn.d3	C29	0
C.Vie.Gbt.Fal.MLn.d3.Qh4	C29	0
C.RyL.Mor.Ba4.Nf6.d3	C77	0
C.RyL.Mor.Ba4.Nf6.d3.d6	C77	0
C.RyL.Mor.Ba4.Nf6.Bxc6	C77	0
C.RyL.Mor.Ba4.Nf6.c3	C77	0
C.RyL.Mor.Ba4.Nf6.d4	C77	0
C.RyL.Mor.Ba4.Nf6.Nc3	C77	0
C.RyL.Mar.MLn.Rxe5	C89	0
C.RyL.Mar.MLn.Rxe5.c6	C89	0
C.RyL.Mar.MLn.Rxe5.c6.d4	C89	0
C.RyL.Mar.MLn.Rxe5.Nf6	C89	0
C.RyL.Cha.MLn.d4	C96	0
C.RyL.Cha.MLn.d4	C97	1
C.RyL.Cha.MLn.d4	C98	2
C.RyL.Cha.MLn.d4.Nc6	C96	0
C.RyL.Cha.MLn.d4.Nc6	C98	1
C.RyL.Cha.MLn.d4.Qc7	C97	0
C.RyL.Cha.MLn.d4.Qc7	C98	1
C.RyL.Cha.MLn.d4.Qc7.Nbd2	C98	0
D.Sem.Bg5.Bot.MLn.g5	D44	0
D.Sem.Bg5.Bot.MLn.g5.Nxg5	D44	0
D.Sem.Bg5.Bot.MLn.g5.exf6	D44	0
D.Cat.Cls.Qc2.c6.Nbd2	E09	0
D.Cat.Cls.Qc2.c6.Bf4	E08	0
D.Cat.Cls.Qc2.c6.Bf4	E09	1
D.Cat.Cls.Qc2.c6.Bf4.b6	E08	0
D.Cat.Cls.Qc2.c6.Bf4.b6	E09	1
A.OID.Mod.MLn.Nf6.Bg5	E70	0
A.OID.Mod.MLn.Nf6.Nge2	E70	0
A.OID.Mod.MLn.Nf6.g3	E72	0
A.OID.Mod.MLn.Nf6.Be2	E73	0
A.Mod.Avk.MLn.Be2.Na6	E91	0
A.Mod.Avk.MLn.Be2.e5	E92	0
A.Mod.Avk.MLn.Be2.e5	E94	1
A.Mod.Avk.MLn.Be2.e5.O-O	E94	0
E.QID.Kas.Bb7	E12	0
E.QID.Kas.Bb7.Bg5	E12	0
E.QID.Kas.Bb7.Bg5.h6	E12	0
E.QID.Kas.Bb7.Bg5.h6.Bh4	E12	0
E.QID.Pet.Ba6	E12	0
E.QID.Pet.Ba6.Qc2	E12	0
E.QID.Pet.Ba6.Qc2.Bb7	E12	0
E.QID.Sps.Bb7	E14	0
E.QID.Euw.Bd3.c5.Nc3	E14	0
E.QID.Euw.Bd3.c5.Nc3.cxd4	E14	0
E.QID.Euw.Bd3.c5.O-O.g6	E14	0
E.QID.Nim.Qui.Bb4	E15	0
E.QID.Nim.Int.Be7	E15	0
E.QID.Nim.Int.Qe7	E15	0
E.QID.Cls.Nc3	E17	0
E.QID.Cls.Nc3.Ne4	E17	0
E.QID.Cls.Nc3.Ne4.Bd2	E17	0
E.QID.Mod.Sms.d5	E15	0
E.QID.Mod.Sms.d5.exd5	E15	0
E.QID.Mod.Sms.d5.exd5.Nh4	E15	0
E.Bog.Vit	E11	0
E.Ind.Cat.d5.Bg2.dxc4.Qa4	E03	0
E.Ind.Cat.d5.Bg2.dxc4.Qa4	E04	1
E.Ind.Cat.d5.Bg2.dxc4.Nf3	E04	0
E.Ind.Cat.d5.Bg2.dxc4.Nf3	E05	1
E.Ind.e6.Nf3.d5.e3.b6	E14	0
E.Ind.e6.Nf3.d5.e3.Be7	E14	0
E.Ben.Old.Adv.Nf6.Nf3.c4	A43	0
A.Eng.AIn.Nc3.d5.cxd5.Nf3	A16	0
A.Eng.AIn.Nc3.d5.cxd5.Nf3	A17	1
A.Eng.AIn.Nc3.d5.cxd5.g3	A16	0
A.Eng.AIn.Nc3.d5.cxd5.g3	A17	1
A.Ret.Ang.g3.Nf6.b3.g6	A12	0
A.Ret.Ang.g3.Nf6.b3.Bf5	A12	0
A.Ret.Ang.g3.Nf6.b3.Bg4	A12	0
A.Ret.Ang.g3.Nf6.b3.dxc4	A12	0
A.EID.Bf4.Bg7.e3.d6.Bd3	A48	0
A.EID.Bf4.Bg7.e3.d6.Be2	A48	0
A.EID.Bf4.Bg7.e3.d6.h3	A48	0
A.Eng.Rev.a3	A20	0
A.Eng.Rev.d3	A20	0
C.RyL.Ber.d3	C65	0
C.RyL.Ber.d3.d6	C65	0
C.Cen.Dsh.Ne7	C21	0
C.Cen.Dsh.d5	C21	0
C.Cen.Pau.Cha	C22	0
C.Cen.Pau.LHe	C22	0
C.Cen.exd4.f4.Bc5	C21	0
C.Cen.exd4.f4.Bc5.Nf3	C21	0
C.Cen.exd4.f4.Bc5.Nf3.Nc6	C21	0
C.Sco.Gor.d5	C44	0
C.Sco.Gor.Dbl.Nf6	C44	0
C.Sco.Gor.Dbl.Nf6.Nxc3	C44	0
C.Sco.Gor.Dbl.Nf6.Nxc3.Bb4	C44	0
C.Sco.Pot.Qg6	C45	0
C.Vie.Fal.a3	C26	0
C.Vie.Mie.Bc5	C26	0
C.Vie.Mie.Bc5.Bg2	C26	0
C.Vie.Mie.Bc5.Bg2.Nc6	C26	0
C.Vie.Mie.Bc5.Bg2.Nc6.Nge2	C26	0
C.Vie.Nc6.g3.Nf6	C25	0
C.Vie.Nc6.g3.Nf6.Bg2	C25	0
C.Vie.Nc6.f4.exf4.Nf3.Be7	C25	0
C.Vie.Nc6.d4.f5	C25	0
C.Vie.Cls.Bc5.Nge2	C26	0
C.Vie.Cls.Bc5.Nge2.b5	C26	0
C.KGm.Dec.Qh5	C30	0
C.KGm.Dec.Sen	C30	0
C.KGm.Acc.Nf3.Fis.Gre	C34	0
C.KGm.Acc.Muz.KHw	C37	0
C.KGm.Acc.All.Nf6	C39	0
C.KGm.Acc.Bsh.Nf6.Nc3	C33	0
C.KGm.Acc.Bsh.Nf6.Nc3.c6	C33	0
C.KGm.Acc.Bsh.Qh4.Kf1.d5	C33	0
C.KGm.Acc.Bsh.f5.Qe2	C33	0
C.KGm.Acc.Bsh.f5.Qe2.Qh4	C33	0
C.KGm.Acc.Bsh.b5.Bxb5	C33	0
C.Ita.Evn.b5	C51	0
C.Ita.Evn.d5	C51	0
C.Ita.Giu.d4	C50	0
C.Ita.Two.d3	C55	0
C.Ita.Two.d3.Be7	C55	0
C.Ita.Two.Opn.d6	C56	0
C.Ita.Two.Max.Ng4	C56	0
C.Ita.Two.Max.Ng4.c3	C56	0
C.Ita.Two.Ng5.Pol.d3	C58	0
C.Ita.Two.Ng5.Ulv.Bf1	C57	0
C.Ita.Two.Ng5.Ulv.Bf1.h6	C57	0
C.Ita.Two.Ng5.Trx.Nxf7	C57	0
C.Ita.Two.Ng5.Trx.Nxf7.Bxf2	C57	0
C.RyL.Mor.Opn.Nc3	C80	0
C.RyL.Mor.Opn.Re1	C80	0
C.RyL.Mor.Opn.Re1.d5	C80	0
C.RyL.Mor.Opn.d4.b5.Nxe5	C80	0
C.RyL.Mor.Opn.d4.b5.d5	C80	0
C.RyL.Mor.Opn.MLn.c4	C80	0
C.RyL.Mor.Opn.MLn.a4	C80	0
C.RyL.Mor.Opn.MLn.a4.Nxd4	C80	0
C.RyL.Mor.Opn.MLn.dxe5.Ne7	C80	0
C.RyL.Mar.Ste	C89	0
C.RyL.Cls.Cen.Bg4	C91	0
C.RyL.Cls.Cen.Bg4.a4	C91	0
C.RyL.Brk.d4	C95	0
C.RyL.Brk.d4.Nbd7	C95	0
C.RyL.Brk.d4.Nbd7.Nbd2	C95	0
C.RyL.Brk.d4.Nbd7.Nbd2.Bb7	C95	0
C.RyL.Cha.Bc2	C96	0
C.RyL.Cha.Bc2	C97	1
C.Fou.Nd5	C47	0
C.Fou.Hal.Old	C47	0
C.Fou.Hal.Pls	C47	0
C.Fou.Sco.Bel.MLn.Qe2	C47	0
C.Fou.Sco.Bel.MLn.Qe2.f5	C47	0
C.Fou.Spa.Ran	C48	0
C.Fou.Spa.Spl	C48	0
C.Fou.Spa.Dbl.MLn.Bxc6	C49	0
C.Fou.Spa.Dbl.MLn.Nd5	C49	0
C.Fou.Spa.Dbl.MLn.Nd5.Nxd5	C49	0
C.Pet.Bc4.Nxe4.d5	C27	0
C.Pet.Coc.Bc4	C42	0
E.OldI.Jan.Fch	A53	0
E.OldI.Jan.Grn	A53	0
E.OldI.Jan.f3	A53	0
E.Ben.Mod.KPL	A65	0
E.Ben.Mod.KPL.Be3	A65	0
E.Ben.Mod.KPL.Bg5	A65	0
E.Ben.Mod.KPL.Nge2	A65	0
E.Gru.Exc.Cla.Rb1	D85	0
E.Gru.Exc.Cla.h3	D85	0
E.Gru.Exc.Cla.Rb1.O-O	D85	0
E.Gru.Exc.Cla.Rb1.O-O.Be2	D85	0
E.Gru.Exc.Cla.Pwn	D85	0
E.Ben.Nf3	A31	0
E.Ben.Nf3	A56	1
E.Ben.e3	A56	0
E.Ben.e3.g6	A56	0
E.Ben.e3.g6.Nc3	A56	0
E.Ben.e3.g6.Nc3.Bg7	A56	0
E.Ben.e3.g6.Nc3.Bg7.Nf3	A56	0
E.Bud.Ng4	A52	0
E.Bud.Alk.Nxe5	A52	0
E.Bud.Alk.Nxe5.f4	A52	0
E.Bud.Alk.Nxe5.f4.Nec6	A52	0
E.Bud.Alk.d6	A52	0
E.Bud.Faj.Qc2	A51	0
E.Bud.Rub.Nc6	A52	0
E.Bud.Rub.Nc6.Nf3	A52	0
E.Bud.Adl.Nc6	A52	0
E.OldI.Ukr.e3	A54	0
E.OldI.Ukr.e3.Nbd7	A54	0
E.OldI.Ukr.e3.Nbd7.Bd3	A54	0
E.OldI.Ukr.Nf3	A54	0
E.Ind.WIn.f3.d5	D70	0
E.Ind.WIn.f3.c5	A65	0
E.Ind.WIn.f3.c5	E60	1
E.Ind.WIn.f3.c5.d5	A65	0
E.Ind.WIn.f3.c5.d5.d6	A65	0
E.Ind.WIn.KPL	A65	0
E.Ind.WIn.g3.Bg7	E60	0
E.Ind.WIn.g3.Bg7.Bg2	E60	0
E.Ind.WIn.g3.Bg7.Bg2.d5	D71	0
E.Ind.WIn.g3.Bg7.Bg2.d5	E60	1
E.Ind.WIn.Nf3.d5	D70	0
E.Gru.Hng.Rc1	D83	0
E.Gru.Hng.Rc1.c5	D83	0
E.Gru.Hng.Rc1.c5.dxc5	D83	0
E.Gru.Hng.Rc1.c5.dxc5.Be6	D83	0
E.Gru.Brn.Res	D83	0
E.Gru.Sml.c5	D80	0
E.Gru.Sml.c5.cxd5	D80	0
E.Gru.Sml.c5.cxd5.Nxd5	D80	0
E.Gru.Sml.c5.cxd5.Nxd5.Na4	D80	0
E.Bog.Grn.b6	E11	0
E.Bog.Grn.b6	E14	1
E.Bog.Grn.b6.e3	E14	0
E.Bog.Grn.b6.e3.Bb7	E14	0
E.Bog.Grn.b6.a3	E14	0
E.Bog.Grn.b6.a3.Bxd2	E14	0
E.Bog.Grn.b6.a3.Bxd2.Qxd2	E14	0
E.Nim.e4	E20	0
E.Nim.Sml.Bxc3	E24	0
E.Nim.Sml.Bxc3	E27	1
E.Nim.Sml.Bxc3.bxc3	E24	0
E.Nim.Sml.Bxc3.bxc3	E27	1
E.Nim.Sml.Bxc3.bxc3.O-O	E27	0
E.Nim.Sml.Bot.cxd5	E25	0
E.Nim.Sml.Bot.cxd5.Nxd5	E25	0
E.Nim.Sml.Bot.cxd5.Nxd5.dxc5	E25	0
E.Nim.Sml.Bot.Rom	E25	0
E.Nim.Kas.Bxc3	E21	0
E.Nim.Kas.Bxc3	E43	1
E.Nim.Kas.Bxc3.bxc3	E21	0
E.Nim.Kas.Bxc3.bxc3	E43	1
E.Nim.Kas.Bxc3.bxc3.b6	E43	0
E.Nim.Kas.Bxc3.bxc3.b6.e3	E43	0
E.Nim.Kas.Kor.b5	E21	0
E.KID.Cls.Pet.Nbd7	E93	0
E.KID.Cls.Pet.Nbd7.Bg5	E93	0
E.KID.Cls.Pet.Nbd7.Bg5.h6	E93	0
E.KID.Cls.Byn.Nh5	E97	0
E.KID.Cls.Byn.Nh5.Re1	E97	0
E.KID.Cls.Byn.Nh5.Qc2	E97	0
E.KID.Cls.Mar.Bd2	E97	0
E.KID.Cls.Mar.Nd2	E97	0
E.KID.Mak.O-O	E71	0
E.KID.Mak.O-O.Be3	E71	0
E.KID.Avk.Ben.dxc5	E74	0
E.KID.Fch.Yug.Nc3	E65	0
E.Ben.Old.Adv.d6	A43	0
E.Ind.Tgo.d5	A50	0
E.Ind.Tgo.d5.Ne5	A50	0
E.Ind.Tgo.d5.Ne5.f4	A50	0
A.Eng.Rev.g3.h5	A20	0
A.Eng.Agi.Nf3.Sha	A04	0
A.Eng.AIn.Nf3.Cap	A12	0
A.Eng.AIn.Nf3.NYS	A12	0
A.Ret.QGI.MLn.Cat	A13	0
A.Ret.QGI.MLn.Sic	A13	0
A.Ret.QGI.MLn.Kur	A13	0
A.Ret.d5.g3.c6	A07	0
A.Ret.d5.g3.g5	A07	0
A.Ret.Nf6.b4.g6	A05	0
A.Ret.Nf6.b4.g6.Bb2	A05	0
A.Ret.c5.c4.Qb6	A04	0
A.Ret.c5.d4.b4	A43	0
A.Ret.c5.d4.b4.e5	A43	0
A.Ret.f5.d3.e4	A04	0
A.Ret.Eng.c6.b3	A14	0
A.Hol.Kre.MLn.Tat	A80	0
A.Hol.Rap.Nf6.g4	A80	0
A.Hol.Fch.Nf6.Blb	A81	0
A.Hol.Fch.g6.Nh3	A81	0
A.Hol.Fch.c6.Nf3	A81	0
A.Hol.c4.g6.Nc3	A84	0
A.Hol.c4.e6.Nc3	A84	0
A.Hol.c4.e6.Nf3	A90	0
A.Hol.Cls.IZh.b3	A99	0
A.Hol.Kre.Hev	A80	0
A.Gro.Gbt.e5.c4	A00	0
A.Gro.Zil.Sch	A00	0
A.Gro.Zil.ZHG	A00	0
A.Gro.Kee.MLn	A00	0
A.Hng.f5.e4.fxe4	A00	0
A.Hng.h5.Nf3.h4	A00	0
A.Van.ReN.Nf3.Bc5	A00	0
A.Van.ReN.Nf3.Nc6	A00	0
A.Van.ReN.Nf3.Nc6.d4	A00	0
A.Van.d6.f4.e5	A00	0
A.Van.d6.f4.e5.fxe5	A00	0
A.Van.f5.e4.fxe4	A00	0
A.Van.f5.e4.fxe4.d3	A00	0
A.Van.d5.f4.g5	A00	0
A.Bir.Dut.Nf3.Nf6	A03	0
A.Bir.Dut.b3.Nf6	A03	0
A.Bir.Dut.b3.Nf6.Bb2	A03	0
A.Bir.Dut.b3.Nf6.Bb2.d4	A03	0
A.Bir.Wil.Acc	A03	0
A.Bir.Wil.WZG	A03	0
A.Lar.f5.Bb2.e6	A01	0
A.Lar.f5.Bb2.e6.e4	A01	0
A.War.Mad.MLn.f5	A00	0
A.War.Mad.MLn.f5.a6	A00	0
A.Pol.c6.Bb2	A00	0
A.Pol.c6.Bb2.a5	A00	0
A.Pol.c6.Bb2.a5.b5	A00	0
A.Egl.Dec.Die	A40	0
A.Egl.Har.Sto	A40	0
A.Hor.Zil	A40	0
A.Hor.FrS	A40	0
A.Mik.Eng.Can	A40	0
A.Mik.Eng.Poz	A40	0
A.Mik.Mon	A40	0
A.Mik.Zai	A40	0
A.Owe.Eas	A40	0
A.Owe.Fch.HGA	A40	0
A.Owe.Fch.HGD	A40	0
A.PQI.Fch.Mar	A47	0
A.PQI.Fch.Ber	A47	0
A.Tor.Yus.MLn.d5	A46	0
A.Tro.Rap.Bf4.g5	A45	0
A.Tro.Rap.MLn.Nxg5	A45	0
A.Tro.Rap.MLn.Nxg5.hxg5	A45	0
A.Tro.Rap.MLn.Nxg5.hxg5.e5	A45	0
B.Fre.Tar.Hab	C03	0
B.Fre.Tar.Mod	C03	0
B.Fre.Tar.Mor	C03	0
B.Fre.Tar.Gui.Thb	C03	0
B.Fre.Tar.Gui.MLn	C04	0
B.Fre.Tar.Ope.EuK	C07	0
B.Fre.Tar.Ope.Suc	C07	0
B.Fre.Bur.Be7	C13	0
B.Fre.Bur.MLn	C11	0
B.Fre.Bur.Mrz	C11	0
B.Fre.Win.Arm.b4	C17	0
B.Fre.Win.Psn.Ein	C18	0
B.Fre.Win.Psn.Qxg7	C18	0
B.Fre.Win.Psn.Qxg7.Nbc6	C18	0
B.Fre.Win.Psn.O-O	C18	0
B.Fre.Cls.MLn.Bxf6	C13	0
B.Fre.Cls.MLn.Bxf6.Qg4	C13	0
B.CaK.Fan.Mrc	B12	0
B.CaK.Pmv.Fch.Gmb	B14	0
B.CaK.Tar.For	B15	0
B.CaK.Tar.Prl	B15	0
B.CaK.Kar.Sml.Kas	B17	0
B.Pir.Pre.d4.Nd7	B00	0
B.Pir.150.Arg.Qd2	B07	0
B.Pir.150.Arg.Qd2.Bg4	B07	0
B.Pir.150.Arg.h3	B07	0
B.Pir.Be2.h4	B07	0
B.Pir.Be2.g4	B07	0
B.Pir.Cls.Bg7.h3	B08	0
B.Pir.Aus.c5	B09	0
B.Pir.Aus.Lju	B09	0
B.Pir.Aus.Drg.Kur	B09	0
B.Pir.Aus.Drg.Brn	B09	0
B.Mod.Std.Nc3.Mon	B06	0
B.Mod.GPt	B06	0
B.Ale.Chs.MLn.Mat	B02	0
B.Ale.Exc.Kar	B03	0
B.Ale.Exc.Vor	B03	0
B.Ale.Fou.MLn.Kor	B03	0
B.Ale.Fou.Trd.Be3	B03	0
B.Ale.Fou.Trd.Tar	B03	0
B.Ale.Mod.KID.Ker	B04	0
B.Ale.Mod.MLn.c4	B05	0
B.Ale.Mod.MLn.h3	B05	0
B.Ale.Mod.MLn.c4.d5	B05	0
B.Sca.Nf6.Mar.Kie	B01	0
B.Sca.Mod.Leo	B01	0
B.Sca.Nf6.Mar.Nf3	B01	0
B.Sic.Cls.g3	B56	0
B.Sic.Cls.Nde2	B56	0
B.Sic.Cls.Bd3	B56	0
B.Sic.Cls.Soz.Qb6	B57	0
B.Sic.Cls.Soz.MST	B57	0
B.Sic.Cls.Be2.Drg	B58	0
B.Sic.Ros.Brt	B30	0
B.Sic.Ros.SFr	B30	0
B.Sic.Alp.Cen.AAG	B22	0
B.Sic.Alp.Cen.Brm	B22	0
B.Sic.Alp.Nf6.Stz	B22	0
B.Sic.Alp.Nf6.Stz.Ivn	B22	0
B.Sic.Alp.Nf6.Hei	B22	0
B.Sic.Kan.Mar.Hdg	B41	0
B.Sic.Kan.Koc.Gip	B42	0
B.Sic.Mor.Dfg	B51	0
B.Sic.Mor.Gmb	B51	0
B.Sic.Pin.Jaf	B40	0
B.Sic.Pin.Koc	B40	0
B.Sic.Nim.Cls	B29	0
B.Sic.Nim.e5.Nxc3	B29	0
B.Sic.Nim.e5.Nc6	B29	0
B.Nim.Col.Acc	B00	0
B.Nim.ScD.Nc3.Bra	B00	0
B.Nim.ScD.Nc3.Erb	B00	0
B.OwM.Gua	B00	0
B.OwM.Hek	B00	0
B.OwM.Mat.MLn.Gmb	B00	0
B.OwM.Eng.Nas	B00	0
B.OwM.Eng.Smi	B00	0
B.OwM.Eng.Wnd	B00	0
B.StG.Bas.MLn.Pol	B00	0
B.StG.Bas.MLn.SJr	B00	0
B.StG.Zil	B00	0
B.Brg.Trn	B00	0
B.Brg.Zil	B00	0
B.Bar.Uni	B00	0
E.Ind.Cat.Bb4.Bd2.Be7.D5N	E11	0
E.Ind.Cat.Bb4.Bd2.Be7.D5C	E11	0
E.Ind.Cat.Bb4.Bd2.Be7.Qc2	E11	0
E.Ind.Cat.Bb4.Bd2.Be7.Nbd	E11	0
E.Ind.Cat.Bb4.Bd2.Be7.Btr	E11	0
E.Ind.Cat.Bb4.Bd2.Be7.Rc1	E11	0
E.Ind.Cat.Bb4.Bd2.Be7.Rd1	E11	0
E.Ind.Cat.Bb4.Bd2.Be7.H6R	E11	0
E.QID.Pet.KPe.d5.cxd5.Qc2	E12	0
E.QID.Pet.KPe.d5.cxd5.e3	E12	0
E.QID.Pet.KPe.d5.cxd5.e4	E12	0
E.QID.Pet.KPe.d5.cxd5.Qa4	E12	0
E.QID.Pet.KPe.d5.cxd5.Bd2	E12	0
E.Ben.Bnk.Acc.MLn.g6.f4	A58	0
E.Ben.Bnk.Acc.MLn.g6.g3	A58	0
E.Ben.Bnk.Acc.MLn.g6.Kxf1	A59	0
E.Ben.Bnk.Acc.MLn.g6.Kg2	A59	0
E.Ben.Bnk.Acc.MLn.g6.Ne2	A59	0
E.Ben.Bnk.Acc.MLn.Bxa6.f4	A58	0
E.KID.Sml.Cst.Bg5.c5.exd5	A65	0
E.KID.Sml.Cst.Bg5.c5.Bf4	E81	0
E.KID.Sml.Cst.Bg5.c5.Nxd5	E81	0
E.KID.Sml.Cst.Bg5.c5.Bxh6	E81	0
E.Ind.e6.Nf3.c5.d5.g6	A61	0
E.Ind.e6.Nf3.c5.d5.g3	A61	0
E.Ind.e6.Nf3.c5.d5.Nd2	A61	0
E.Ind.e6.Nf3.c5.d5.Bg5	A61	0
E.Ind.e6.Nf3.c5.d5.e4	A70	0
E.Ind.e6.Nf3.c5.d5.h3	A70	0
E.Nim.Rub.StP.MLn.Nf3.Cst	E43	0
E.Nim.Rub.StP.MLn.Nf3.c5	E43	0
E.Nim.Rub.StP.MLn.Nf3.Ca4	E43	0
E.Nim.Rub.StP.MLn.Nf3.Sch	E52	0
E.KID.Nf3.Cst.e3.d6.c6	E60	0
E.KID.Nf3.Cst.e3.d6.Nc6	E60	0
E.KID.Nf3.Cst.e3.d6.dxe5	E61	0
E.KID.Nf3.Cst.e3.d6.b4	E61	0
E.Ind.e6.Nf3.d5.Bg5.h6	D30	0
E.Ind.e6.Nf3.d5.Bg5.c6	D30	0
E.Ind.e6.Nf3.d5.Bg5.Bb4	D30	0
E.Ind.e6.Nf3.d5.e3.Bb7	E14	0
E.Ind.e6.Nf3.d5.e3.Bd6	E14	0
E.Ind.e6.Nf3.d5.e3.O-O	E14	0
E.Ind.e6.Nf3.d5.e3.exd5	D35	0
E.Gru.Exc.SeV.Bc4.Lrs	D86	0
E.Gru.Exc.SeV.Bc4.Sim	D86	0
E.Gru.Exc.SeV.Bc4.Lsr	D86	0
E.Gru.Exc.SeV.Bc4.Lb6	D86	0
E.Gru.Rus.Hng.e4.O-O-O	D98	0
E.Gru.Rus.Hng.e4.c5	D99	0
E.Nim.Rub.Res.MLn.O-O.Brn	E56	0
E.Nim.Rub.Res.MLn.O-O.Exc	E58	0
E.Nim.Rub.Res.MLn.O-O.Cap	E57	0
E.Nim.Rub.Res.MLn.O-O.ML2	E59	0
E.Nim.Rub.Res.MLn.O-O.Smy	E54	0
E.Nim.Rub.Res.MLn.O-O.Bro	E55	0
E.KID.Fch.MLn.O-O.Ben	E61	0
E.KID.Fch.MLn.O-O.Kav	E62	0
E.KID.Fch.MLn.O-O.Lrs	E62	0
E.KID.Fch.Sim.MLn.Blk	E63	0
E.KID.Fch.Sim.MLn.Don	E63	0
E.KID.Fch.Kav.Nc3.e5.a5	E68	0
E.KID.Fch.Kav.Nc3.e5.h3	E69	0
E.KID.Cls.Old.e5.Re1	E95	0
E.KID.Cls.Old.e5.c6	E96	0
E.Ben.Mod.Cls.MLn.Re8.Tal	A77	0
E.Ben.Mod.Cls.MLn.Re8.Na6	A78	0
E.Ben.Mod.Cls.MLn.Re8.f3L	A79	0
E.Gru.Neo.MLn.cxd5.O-O	D74	0
E.Gru.Neo.MLn.cxd5.dxc5	D75	0
E.Gru.Neo.MLn.cxd5.Nb6	D76	0
E.Ind.WIn.Nf3.Bg7.g3.d5	D78	0
E.Ind.WIn.Nf3.Bg7.g3.cxd5	D79	0
E.Ind.Cat.d5.Bg2.dxc4.Bb4	E04	0
E.Ind.Cat.d5.Bg2.dxc4.Be7	E05	0
E.Nim.Spl.Rom.Nf3.Ne4.Crl	E23	0
E.Nim.Spl.Rom.Nf3.Ne4.Sta	E23	0
E.Nim.Spl.Rom.Nf3.Ne4.StM	E23	0
E.KID.Cls.e5	E92	0
E.KID.Cls.e5.O-O	E94	0
E.KID.Cls.e5.O-O.c6	E94	0
E.KID.Cls.e5.O-O.Na6	E94	0
E.KID.Cls.e5.O-O.Nbd7	E95	0
E.KID.Cls.e5.O-O.Nbd7.Re1	E95	0
E.KID.Cls.e5.O-O.Nbd7.c6	E96	0
E.KID.Cls.Nrm	E70	0
E.KID.Cls.Nrm.Bg5	E70	0
E.KID.Cls.Nrm.Nge2	E70	0
E.KID.Cls.Nrm.g3	E72	0
E.KID.Cls.Nrm.Be2	E73	0
E.Nim.Rub.c5	E41	0
E.Nim.Rub.c5.Ne2	E42	0
E.Nim.Rub.c5.Ne2.a3	E42	0
E.Nim.Rub.c5.Ne2.c5	E42	0
E.Nim.Rub.O-O	E46	0
E.Nim.Rub.O-O.Ne2	E46	0
A.And.Hip	A00	0
A.And.Bat	A00	0
A.Ama.Par.Gen	A00	0
A.Hng.Par	A00	0
A.Hng.Par.Gen	A00	0
A.Hng.ReA.Brk	A00	0
A.Hng.ReA.Brk.Bnk	A00	0
A.Hng.ReA.Nor	A00	0
A.Lar.Mod.c4	A01	0
A.Lar.Mod.f4	A01	0
A.Eng.Agi.Nf3.d5	A13	0
A.Eng.Agi.Nf3.d5.b3	A13	0
A.Eng.Agi.Nf3.d5.b3.d4	A13	0
A.Tor.Bre	A46	0
A.Tor.Wag	A46	0
A.PQI.Sch	A47	0
A.PQI.e3	A47	0
A.Hol.Rap.d5	A80	0
A.Hol.Rap.d5.e4	A80	0
A.Hor.Fch.MLn.Nf3.Nbd	D37	0
A.Hor.Fch.MLn.Nf3.Nbd.Bf4	D35	0
A.Hor.Fch.MLn.Nf3.Nbd.Bg5	D37	0
A.Hor.Fch.MLn.Bg5.Be7.Ne4	D53	0
A.Hor.Fch.MLn.Bg5.Be7.Neo	D54	0
A.Egl.dxe5.Nc6.Nf3.Bc5	A40	0
A.Egl.dxe5.Nc6.Nf3.f6	A40	0
A.Egl.dxe5.Nc6.Nf3.Nge7	A40	0
A.Clm.Glb	A00	0
A.Gro.Lon	A00	0
A.Gro.Dbl.Coc	A00	0
A.Gro.Gbt.MLn.d4.Bxb7	A00	0
A.Gro.Gbt.MLn.d4.Bxb7.Nd7	A00	0
A.Mie.Mye	A00	0
A.Mie.ReR.Val	A00	0
A.Sod.e5.d3	A00	0
A.Sod.e5.d3.Bxa3	A00	0
A.Sod.e5.Nc4	A00	0
A.Sod.e5.Nc4.Nc6	A00	0
A.Sod.e5.Nc4.Nc6.e4	A00	0
A.Sod.e5.Nc4.Nc6.e4.f5	A00	0
A.Van.ReN.Gla	A00	0
A.Van.c5.Rb1	A00	0
A.Van.c5.d4	A00	0
A.Van.c5.d4.cxd4	A00	0
A.Van.c5.d4.cxd4.Qxd4	A00	0
A.Van.c5.d4.cxd4.Qxd4.Nc6	A00	0
A.Bir.Fro.Nc3.Nwk	A02	0
A.Ret.Nf6.g3.g6.Bg2	A05	0
A.Ret.Nf6.g3.g6.Bg2.Bg7	A05	0
A.Ret.d5.g3.g6.Bg2	A07	0
A.Ret.d5.g3.g6.Bg2.Bg7	A07	0
A.Ret.d5.g3.Bg4.Bg2	A07	0
A.Ret.d5.g3.Bg4.Bg2.Nd7	A07	0
A.Ret.Nim.Nor	A06	0
A.Ret.Nim.Ble	A12	0
A.EID.Fch.NGr	D77	0
A.EID.Fch.NGr.dxc4	D77	0
A.EID.Fch.NGr.Nc6	D77	0
A.Kan.MLn.e3.c5.Ne2.cxd4	E42	0
A.Col.Bd6.O-O.O-O	D05	0
A.Col.Bd6.O-O.O-O.b3	D05	0
A.Col.Bd6.O-O.O-O.b3.Nbd7	D05	0
A.Lon.Job.e6	D01	0
A.Lon.Job.g6	D01	0
D.QGD.Bal.Nc3.Nf3.Bal	D02	0
D.Chi.Chi	D07	0
D.Sla.E01	D10	0
D.Sla.Qui.MLn.Qui	D12	0
D.Sla.Nf3.Nf6.Exc	D13	0
D.Sla.Ala.MLn.Gel	D15	0
D.Sla.Nf3.Nf6.Nc3.Sch	D15	0
D.Sla.Nf3.Nf6.Nc3.Suc	D15	0
D.Sla.Cls.MLn.O-O.Cze	D19	0
D.Sla.Cls.MLn.O-O.Dut	D19	0
D.QGA.Nf3.God	D21	0
D.QGD.Vie.Sxx	D24	0
D.QGA.Nf3.Nf6.Nc3.Bog	D24	0
D.QGA.Nf3.Nf6.Nc3.Gun	D24	0
D.QGA.Cls.Ale.MLn.Flo	D28	0
D.QGA.Cls.Ale.MLn.Ale	D29	0
D.QGA.Cls.Ale.MLn.Smy	D29	0
D.Tar.Exd.Nf3.Nc6.Gru	D32	0
D.Tar.HSc.MLn.Qd1.Von	D32	0
D.Tar.Cls.Bg5.Be6.Sto	D34	0
D.Tar.Cls.Bg5.Be6.Bog	D34	0
D.Tar.Cls.MLn.Cla	D34	0
D.Tar.Cls.MLn.Ret	D34	0
D.QGD.Har.Har	D37	0
D.QGD.Rag.Bg5.Wes	D38	0
D.Sem.AMe.Sto	D45	0
D.Sem.Mer.Bd3.Bd6.Chi	D46	0
D.Sem.Mer.Bd3.Bd6.C01	D46	0
D.Sem.Mer.Lun.MLn.Mer	D47	0
D.Sem.Mer.Lun.MLn.Wad	D47	0
D.STa.Pil.MLn.Pse	D50	0
D.QGD.Cls.MLn.Ant	D55	0
D.QGD.Tar.MLn.Bd3.Bb7.Pil	D55	0
D.QGD.Ort.Cap.MLn.Fia	D66	0
D.QGD.Ort.Hne.Jan	D67	0
D.Sla.Sch.MLn.Bd3.O-O.Flo	D94	0
D.Sla.Sch.MLn.Bd3.O-O.Smy	D94	0
D.Cat.O01	E04	0
D.Cat.Fch.Ope	E05	0
D.Cat.Fch.Clo	E06	0
D.Cat.Cls.Qc2.Btr.C01	E08	0
D.Cat.Fch.C01	E08	0
D.Cat.Cls.Qc2.Btr.Spa	E08	0
D.Cat.Fch.Mai	E09	0
B.Sca.Nc3.Dgh	B01	0
B.Sca.Nc3.DPe	B01	0
B.Sca.Nc3.Hec	B01	0
B.Sic.McD.d5	B21	0
B.Sic.McD.Bat	B21	0
B.Sic.McD.Maf	C30	0
B.Fre.Rub.Nxe4	C10	0
B.Fre.Rub.Ell	C10	0
B.Fre.Rub.Mar	C10	0
B.Fre.Mac.Adv	C12	0
B.Fre.Mac.MLn.Bd2.Bxc3.Kf8	C12	0
B.Fre.Mac.MLn.Bd2.Bxc3.g6	C12	0
B.Sic.Cls.Rch.Lip.e5	B64	0
B.Sic.Cls.Rch.Lip.Nxd4	B65	0
B.Sic.Cls.Rch.Lip.Nxd4.Qxd4	B65	0
B.Sic.Dra.Cls.Nrm.f4	B74	0
B.Sic.Dra.Cls.Nrm.f4.Na5	B74	0
B.Sic.Dra.Cls.Nrm.f4.Qc8	B74	0
B.Sic.Dra.Yug.Nc6.Bc4.a5	B77	0
B.Sic.Dra.Yug.Nc6.Bc4.Nxd4	B77	0
B.Sic.Dra.Yug.Nc6.Bc4.Nd7	B77	0
B.Sic.Dra.Yug.Bd7.O-O-O.Rb8	B78	0
B.Sic.Dra.Yug.Bd7.O-O-O.Qa5	B79	0
B.Sic.Dra.Be3.Bg7.Be2.Nc6	B72	0
B.Fre.Tar.Ope.exd5.Qxd5	C07	0
B.Fre.Tar.Ope.exd5.Nf6	C07	0
B.Fre.Tar.Ope.exd5.Qxd5.Qd6	C07	0
B.Fre.Tar.Ope.exd5.Qxd5.Qd8	C07	0
B.Fre.Tar.Ope.exd5.exd5.c4	C08	0
B.Fre.Tar.Ope.exd5.exd5.Nc6	C09	0
B.Sic.Tay.Nc3.Qc7.Be2.O-O	B85	0
B.Sic.Tay.Nc3.Qc7.Be2.Kh1	B85	0
B.Sic.Kan.Nc3.b5.Bd3	B43	0
B.Sic.Kan.Nc3.b5.Bd3.Qb6	B43	0
B.Sic.Ros.Cls.MLn.c3.e5	B31	0
B.Sic.Ros.Cls.MLn.c3.Nf6	B31	0
B.Sic.Ros.Cls.MLn.c3.Qa4	B31	0
B.Pir.Cls.Bg7.MLn.O-O.Nc6	B08	0
B.Pir.Cls.Bg7.MLn.O-O.c6	B08	0
B.Pir.Cls.Bg7.MLn.O-O.Bg4	B08	0
B.Pir.Pre.d4.Nf6.Nc3.f4	B07	0
B.Pir.Pre.d4.Nf6.Nc3.e5	B07	0
B.Pir.Pre.d4.Nf6.Nc3.d5	B07	0
B.Pir.Pre.d4.Nf6.Nc3.g4	B07	0
B.Fre.Cls.MLn.e5.Nfd7.Nb5	C14	0
B.Fre.Cls.MLn.e5.Nfd7.c4	C14	0
B.Sic.Naj.Bg5.e6.f4.Qf3	B98	0
B.Sic.Naj.Bg5.e6.f4.Qc7	B98	0
B.Sic.Naj.Bg5.e6.f4.Bh4	B98	0
B.Sic.Naj.Bg5.e6.f4.g5	B98	0
B.Sic.Naj.Bg5.e6.f4.Nbd7	B99	0
B.Sic.Cls.Rch.e6.Qd2.Bd7	B67	0
B.Sic.Cls.Rch.e6.Qd2.f4	B68	0
B.Sic.Cls.Rch.e6.Qd2.O-O-O	B68	0
B.Sic.Cls.Rch.e6.Qd2.Bxf6	B69	0
B.Sic.OKn.Nf6.Nc3.g6.Bg7	B70	0
B.Sic.OKn.Nf6.Nc3.g6.O-O	B73	0
B.Sic.OKn.Nf6.Nc3.g6.Qd2	B73	0
B.Sic.OKn.Nf6.Nc3.g6.Nc6	B73	0
B.Sic.OKn.Nf6.Nc3.g6.Nb3	B74	0
B.Sic.Dra.Be3.Bg7.Be2.Nb3	B72	0
B.Sic.Dra.Be3.Bg7.Be2.Ams	B72	0
B.Sic.Dra.Be3.Bg7.Be2.Gri	B72	0
B.Sic.Dra.Cls.Nrm.f4.d5	B74	0
B.Sic.Dra.Cls.Nrm.f4.Bd3	B74	0
B.Sic.Dra.Cls.Nrm.f4.g4	B74	0
B.Fre.Adv.c5.c3.Nc6.Bd7	C02	0
B.Fre.Adv.c5.c3.Nc6.Qb6	C02	0
B.Fre.Adv.c5.c3.Nc6.Nh6	C02	0
B.Fre.Adv.c5.c3.Nc6.Be3	C02	0
B.Fre.Adv.c5.Nf3.cxd4.Bd3	C02	0
B.Fre.Tar.Cls.MLn.Bd3.b6	C05	0
B.Fre.Tar.Cls.MLn.Bd3.Nc6	C05	0
B.Fre.Tar.Cls.MLn.Bd3.MLn	C06	0
B.Fre.Tar.Cls.MLn.Bd3.Len	C06	0
B.Fre.Stn.MLn.f4.c5.Nc6	C11	0
B.Fre.Stn.MLn.f4.c5.Qg4	C11	0
B.Fre.Stn.MLn.f4.c5.f6	C11	0
B.Fre.Stn.MLn.f4.c5.Be3	C11	0
B.Fre.Cls.exd5.exd5.Bg5.Nc6	C01	0
B.Fre.Win.Adv.MLn.Ne7.Qc7	C18	0
B.Fre.Win.Adv.MLn.Ne7.Nbc6	C19	0
B.Fre.Win.Adv.Pos.Qa5.c4	C19	0
B.Fre.Win.Psn.MLn.Ne2	C18	0
B.Nim.ScD.Nc3.dxe4.d5.Ne5	B00	0
B.Nim.ScD.Nc3.dxe4.d5.Nb8	B00	0
B.Sic.Win.cxb4.a3.d5.Qxd5	B20	0
B.Ale.Chs.Nd5.Bc4.e6	B02	0
B.Ale.Chs.Nd5.Bc4.e6.Nc3	B02	0
B.CaK.Cls.Spd.Nd7.h5	B19	0
B.CaK.Cls.Spd.Nd7.h5.Bd3	B19	0
B.Fre.Adv.Mil.MLn.O-O	C02	0
B.Fre.Adv.Mil.MLn.Bd7	C02	0
B.Fre.Adv.Mil.MLn.Sor	C02	0
B.Fre.Cls.MLn.e5.Ng8	C13	0
B.Fre.Cls.MLn.e5.Ne4	C13	0
B.Fre.Cls.MLn.e5.Ng8.Be3	C13	0
B.Fre.Win.Psn.MLn.Bd3	C18	0
B.Fre.Win.Adv.MLn.Nc6	C19	0
B.Fre.Win.Adv.MLn.Nc6.Qa5	C19	0
C.RyL.Mor.Opn.MLn.Opn	C82	0
C.RyL.Mor.Opn.MLn.Ber	C82	0
C.RyL.Mor.Opn.MLn.Brn	C80	0
C.RyL.Mor.Opn.MLn.Lut	C80	0
C.RyL.Mor.Opn.MLn.Brs	C83	0
C.RyL.Mor.Opn.MLn.Cls	C83	0
C.RyL.Mor.Opn.MLn.Ita	C82	0
C.RyL.Mor.Opn.MLn.Krp	C80	0
C.RyL.Mor.Opn.MLn.Mlk	C83	0
C.RyL.Mor.Opn.MLn.Mot	C82	0
C.RyL.Mor.Opn.MLn.Nen	C82	0
C.RyL.Mor.Opn.MLn.StP	C82	0
C.RyL.Mor.Opn.MLn.Tar	C83	0
C.RyL.Mor.Ba4.Nf6.O-O.Cls	C88	0
C.RyL.Mor.Ba4.Nf6.O-O.Avb	C87	0
C.RyL.Mor.Ba4.Nf6.O-O.Bas	C84	0
C.RyL.Mor.Ba4.Nf6.O-O.Cen	C84	0
C.RyL.Mor.Ba4.Nf6.O-O.Ba2	C84	0
C.RyL.Mor.Ba4.Nf6.O-O.DEx	C85	0
C.RyL.Mor.Ba4.Nf6.O-O.Mrt	C84	0
C.RyL.Mor.Ba4.Nf6.O-O.Mor	C84	0
C.RyL.Mor.Ba4.Nf6.O-O.Trj	C88	0
C.RyL.Mor.Ba4.Nf6.O-O.Wor	C86	0
C.RyL.Mor.Ba4.Nf6.O-O.Cst	C86	0
C.RyL.Mor.Ba4.Nf6.O-O.Dly	C86	0
C.KGm.Acc.Nf3.KKn.Bc4.Aus	C37	0
C.KGm.Acc.Nf3.KKn.Bc4.GKG	C37	0
C.KGm.Acc.Nf3.KKn.Bc4.Ktv	C37	0
C.KGm.Acc.Nf3.KKn.Bc4.Lol	C37	0
C.KGm.Acc.Nf3.KKn.Bc4.Yng	C37	0
C.KGm.Acc.Nf3.KKn.Bc4.McD	C37	0
C.KGm.Acc.Nf3.KKn.Bc4.Slv	C37	0
C.KGm.Acc.Nf3.KKn.Bc4.And	C37	0
C.KGm.Acc.Nf3.KKn.Bc4.Coc	C37	0
C.KGm.Acc.Nf3.KKn.Bc4.SMa	C37	0
C.KGm.Acc.Nf3.KKn.Bc4.Sil	C37	0
C.KGm.Acc.Nf3.KKn.Bc4.Vns	C37	0
C.KGm.Acc.Nf3.KKn.Bc4.Slb	C37	0
C.Ita.Evn.Acc.Fra	C51	0
C.Ita.Evn.Acc.FrM	C51	0
C.Ita.Evn.Acc.Gor	C51	0
C.Ita.Evn.Acc.Hrd	C51	0
C.Ita.Evn.Acc.Mcd	C51	0
C.Ita.Evn.Acc.Mrt	C51	0
C.Ita.Evn.Acc.Pau	C51	0
C.Ita.Evn.Acc.St2	C51	0
C.Ita.Evn.Acc.Ulv	C51	0
C.Ita.Two.Ng5.Pol.Bb5.Two	C58	0
C.Ita.Two.Ng5.Pol.Bb5.Blk	C58	0
C.Ita.Two.Ng5.Pol.Bb5.Col	C58	0
C.Ita.Two.Ng5.Pol.Bb5.Kno	C59	0
C.Ita.Two.Ng5.Pol.Bb5.Pao	C58	0
C.Ita.Two.Ng5.Pol.Bb5.Bog	C58	0
C.Ita.Two.Ng5.Pol.Bb5.Grn	C59	0
C.Ita.Two.Ng5.Pol.Bb5.Suh	C59	0
C.Ita.Two.Ng5.Pol.Bb5.Stn	C59	0
C.Vie.Nc6.HAg	C25	0
C.Vie.Nc6.Alp	C25	0
C.Vie.Nc6.Thr	C25	0
C.Vie.Nc6.HMz	C25	0
C.Vie.Nc6.Prc	C25	0
C.Vie.Nc6.HM2	C25	0
C.Vie.Nc6.Dub	C25	0
C.Vie.Nc6.Rus	C25	0
C.KGm.Dec.Fal.MLn.Alp	C32	0
C.KGm.Dec.Fal.MLn.Cha	C32	0
C.KGm.Dec.Fal.MLn.Chr	C32	0
C.KGm.Dec.Fal.MLn.Ker	C32	0
C.KGm.Dec.Fal.MLn.Ch2	C32	0
C.KGm.Dec.Fal.MLn.Old	C32	0
C.KGm.Dec.Fal.MLn.ChV	C32	0
C.KGm.Dec.Fal.MLn.Tar	C32	0
C.Ita.Giu.Mol.MLn.Grc	C54	0
C.Ita.Giu.Mol.MLn.Gr2	C54	0
C.Ita.Giu.Mol.MLn.Mll	C54	0
C.Ita.Giu.Mol.MLn.Ml2	C54	0
C.Ita.Giu.Mol.MLn.Atk	C54	0
C.Ita.Giu.Mol.MLn.Brn	C54	0
C.Ita.Giu.Mol.MLn.Stn	C54	0
C.Ita.Giu.Mol.MLn.Thr	C54	0
C.Pet.Cls.Bd3.Nc6.O-O.Brg	C42	0
C.Pet.Cls.Bd3.Nc6.O-O.Chg	C42	0
C.Pet.Cls.Bd3.Nc6.O-O.Brw	C42	0
C.Pet.Cls.Bd3.Nc6.O-O.Ch2	C42	0
C.Pet.Cls.Bd3.Nc6.O-O.Jae	C42	0
C.Pet.Cls.Bd3.Nc6.O-O.Kra	C42	0
C.Pet.Cls.Bd3.Nc6.O-O.Mrc	C42	0
C.Fou.Spa.Dbl.MLn.Sym	C49	0
C.Fou.Spa.Dbl.MLn.Blk	C49	0
C.Fou.Spa.Dbl.MLn.Met	C49	0
C.Fou.Spa.Dbl.MLn.Tar	C49	0
C.KGm.Acc.Muz.MLn.Dbl	C37	0
C.KGm.Acc.Muz.MLn.Bld	C37	0
C.KGm.Acc.Muz.MLn.Bll	C37	0
C.KGm.Acc.Muz.MLn.Pls	C37	0
C.KGm.Acc.Muz.MLn.Yng	C37	0
C.KGm.Acc.All.MLn.Thr	C39	0
C.KGm.Acc.All.MLn.Urs	C39	0
C.KGm.Acc.All.MLn.Blc	C39	0
C.KGm.Acc.All.MLn.Coo	C39	0
C.KGm.Acc.All.MLn.Hrn	C39	0
C.KGm.Acc.All.MLn.Ur2	C39	0
C.Ita.Two.Opn.MLn.O-O.And	C56	0
C.Ita.Two.Opn.MLn.O-O.An2	C56	0
C.Ita.Two.Opn.MLn.O-O.Cnl	C56	0
C.Ita.Two.Opn.MLn.O-O.Nkh	C56	0
C.Ita.Two.Opn.MLn.O-O.Yrd	C56	0
C.Vie.Nc6.Frs	C25	0
C.Vie.Nc6.Pls	C25	0
C.Vie.Nc6.Srn	C25	0
C.Vie.Nc6.Zkr	C25	0
C.KGm.Acc.Kie.MLn.Bc4.And	C39	0
C.KGm.Acc.Kie.MLn.Bc4.An2	C39	0
C.KGm.Acc.Kie.MLn.Bc4.Pls	C39	0
C.KGm.Acc.Kie.MLn.Bc4.Ric	C39	0
C.KGm.Acc.Kie.MLn.Bc4.Ri2	C39	0
C.Ita.Evn.Dec.Hck	C51	0
C.Ita.Evn.Dec.Hrs	C51	0
C.Ita.Evn.Dec.Lng	C51	0
C.Ita.Evn.Dec.Pvl	C51	0
D.Sla.Sem	D30	0
D.Sla.Spl	D30	0
D.Sla.Stw	D30	0
D.Sem.Qui	D30	0
D.Sem.Qui.Nbd7	D30	0
D.Sem.Bg5.Bot.Alt	D44	0
D.Sem.Bg5.Bot.Lil	D44	0
D.Sem.Bg5.Bot.Sza	D44	0
D.Sem.Mer.Blu	D49	0
D.Sem.Mer.Rab.Ng4	D49	0
D.Sem.Mer.Soz	D49	0
D.Sem.Mer.Soz.O-O	D49	0
D.Sem.Mer.Rls	D49	0
D.Sem.Mer.Sta	D49	0
D.QGD.Ort.Cls	D68	0
D.QGD.Ort.Cls.Qb1	D68	0
D.QGD.Ort.Cls.Qc2	D68	0
D.QGD.Ort.Cls.dxe5	D69	0
D.Cat.Cls.Qc2.Bf4	E08	0
D.Cat.Cls.Qc2.Bf4.Bb7	E08	0
D.Cat.Cls.Qc2.Bf4.MLn	E09	0
D.Cat.Cls.Qc2.Bf4.Ret	E11	0
D.Cat.Cls.Qc2.Bf4.Ba6	E11	0
D.Bgm.Acc.Tei.Cie	D00	0
D.Bgm.Acc.Tei.Cls	D00	0
D.Bgm.Acc.Tei.Sei	D00	0
D.QPG.Zuk.Nf6.e3.Bf5	D04	0
D.QPG.Zuk.Nf6.e3.g6	D04	0
D.Sla.Sou	D16	0
D.Sla.TSt	D16	0
D.Sla.Not.Abr	D31	0
D.Sla.Not.Abr.a5	D31	0
D.Sla.Not.Jun	D31	0
D.Sla.Not.Koo	D31	0
D.Tar.Cls.Cha	D34	0
D.Tar.Cls.Spa	D34	0
D.Tar.Cls.Bg5.MLn	D34	0
D.QGD.Har.Qc2	D37	0
D.QGD.Har.Qc2.Rd1	D37	0
D.QGD.Har.Qc2.O-O-O	D37	0
D.Sem.AMe.Sto.Bb2	D45	0
D.Sem.AMe.Chi	D46	0
D.Sem.AMe.Chi.Qe7	D46	0
D.QGD.Lsk.Ber	D57	0
D.QGD.Lsk.Ber.MdP	D57	0
D.QGD.Lsk.Mai	D57	0
D.QGD.Tar.Exc	D58	0
D.QGD.Tar.Exc.Nxd5	D59	0
D.QGD.Tar.Exc.Mak	D59	0
D.QGD.Ort.Rau	D60	0
D.QGD.Ort.Rub.Flo	D62	0
D.QGD.Ort.Hne.Sws	D63	0
D.QGD.Ort.Rc1	D63	0
D.QGD.Ort.Rc1.b6	D63	0
D.QGD.Ort.Rc1.Pil	D63	0
D.QGD.Ort.Rc1.c6	D63	0
D.QGD.Ort.Rc1.c6.a3	D64	0
D.QGD.Ort.Rc1.c6.Bd3	D66	0
D.Cat.Cls.Qc2.Trd	E09	0
D.Cat.Cls.Qc2.Sok	E09	0
C.KPO.Prt.Mig	C20	0
C.KPO.Prt.Por	C20	0
C.Bsh.Lew.Wal	C23	0
C.Vie.Gbt.Fal.Mor	C31	0
C.Vie.Gbt.Fal.Ste	C29	0
C.Vie.Gbt.Fal.MLn.Nf3.Kau	C29	0
C.Ele.Mar	C40	0
C.Ele.Was	C40	0
C.Pon.Rom	C44	0
C.Pon.Ret	C44	0
C.Pon.Ste.Spa	C44	0
C.Pon.Ste.Nik	C44	0
C.Pon.CGm.MLn.Sch	C44	0
C.Pon.Ste.MLn.Car	C44	0
C.Pon.Ste.MLn.Leo	C44	0
C.Thr.Sch	C46	0
C.Thr.Stn.Ste	C46	0
C.Ita.Pia.Dub	C50	0
C.Ita.Pia.Luc	C50	0
C.Ita.Pia.Nf6.Can	C50	0
C.Ita.Pia.Nf6.Ita	C50	0
C.Ita.Pia.Nf6.MLn.Mai	C54	0
C.Ita.Pia.Nf6.MLn.A4A	C54	0
C.Ita.Evn.Acc.Mcd.Mor	C51	0
C.Ita.Evn.Dec.Hrs.Vas	C51	0
C.Ita.Two.Ng5.Lol.Pin	C57	0
C.RyL.Ber.Nyh	C65	0
C.RyL.Ber.Hal	C65	0
C.RyL.Ber.Wal.End.Ber	C67	0
C.RyL.Mor.Opn.Hwl.How	C81	0
C.RyL.Mor.Opn.Hwl.Eks	C81	0
C.KGm.Acc.Kie.Qe7.Coz	C39	0
C.KGm.Acc.Nf3.Mac.Bla	C37	0
C.KGm.Dec.Fal.MLn.And	C31	0
C.KGm.Dec.Fal.MLn.Rub	C31	0
C.KGm.Acc.Bsh.Nf6.Nc3.Pau	C33	0
C.KGm.Acc.Nf3.Cun.Ber.Ber	C35	0
C.KGm.Acc.Nf3.Fis.Gre.Gre	C38	0
C.KGm.Acc.Nf3.Fis.Gre.Sch	C38	0
C.PhD.Han.Shi	C41	0
C.PhD.Lio.Del	C41	0
C.PhD.Lio.MLn.LCl	C41	0
C.PhD.Han.MLn.O-O.Lc6	C41	0
C.PhD.Lio.MLn.O-O.Soz	C41	0
C.PhD.Exc.MLn.Be7.O-O.Ber	C41	0
C.Bsh.Urs.Pan	C24	0
C.Bsh.Nc6.Nc3.Sve	C30	0
C.Bsh.Urs.Kei.Kei	C43	0
C.Vie.Nc6.Bc4.Nf6.Hro	C28	0
C.RyL.ClD.Zai	C64	0
C.RyL.Coz.Pau	C60	0
C.RyL.Mor.Wor.MLn.Gru	C77	0
C.RyL.Mor.Opn.MLn.Brn.Cla	C83	0
C.Ita.Be7.Ben	C44	0
C.Ita.Giu.Ita	C50	0
C.Ita.Giu.Grc.Ghu	C54	0
C.Ita.Giu.Mol.Cra	C54	0
C.Ita.Giu.Cls.MLn.Kra	C54	0
C.Ita.Giu.Grc.MLn.And	C54	0
C.Sco.Gor.Nc3.Sea	C44	0
C.Sco.Mie.Ste.Mai	C47	0
C.Fou.Glk.MLn.Gle	C47	0
C.Fou.Spa.Cls.MLn.Bar	C48	0
C.Fou.Spa.Rub.MLn.Mar	C48	0
C.Fou.Spa.Dbl.MLn.Met.Sym	C49	0
C.Cen.Pau.MLn.Bb4.Bd2.Kup	C22	0
C.Dam.Dam	C40	0
C.Dam.Nim.MLn.Chi	C40	0
C.KPO.Kgt.MLn.Be2.Nf6.Inv	C44	0
A.Hol.c4.Nf6.g3.e6.Bb4	A90	0
A.Hol.c4.Nf6.g3.e6.Bd2	A90	0
A.Hol.Cls.c4	A91	0
A.Hol.Cls.c4	A92	1
A.Hol.Cls.c4	A96	2
A.Hol.Cls.c4.Nh3	A91	0
A.Hol.Cls.c4.Nf3	A92	0
A.Hol.Cls.c4.Nf3	A96	1
A.Hol.Cls.c4.Nf3.O-O	A92	0
A.Hol.Cls.c4.Nf3.O-O	A96	1
A.Hol.Cls.c4.Nf3.Ne4	A92	0
A.Hol.Cls.c4.Nf3.d6	A96	0
A.Hol.Cls.c4.Nf3.d6.Nc3	A96	0
A.Hol.Cls.c4.Nf3.d6.a5	A96	0
A.Hol.Cls.c4.Nf3.d6.Ne4	A96	0
A.Hol.Sto.c4	A92	0
A.Hol.Sto.c4	A95	1
A.Hol.Sto.c4.Nc3	A92	0
A.Hol.Sto.c4.Nc3	A95	1
A.Hol.Sto.c4.Nc3.c6	A95	0
A.Hol.Sto.c4.Nc3.Bg5	A95	0
A.Eng.Sym.Nc3.Nc6.g3.Bg2	A36	0
A.Eng.Sym.Nc3.Nc6.g3.Bg2	A37	1
A.Eng.Sym.Nc3.Nc6.g3.Bg2	A38	2
A.Eng.Sym.Nc3.Nc6.g3.e3	A36	0
A.Eng.Sym.Nc3.Nc6.g3.Nf3	A37	0
A.Eng.Sym.Nc3.Nc6.g3.d6	A37	0
A.Eng.Sym.Nc3.Nc6.g3.Nge7	A37	0
A.Eng.Sym.Nc3.Nc6.g3.a3	A37	0
A.Eng.Sym.Nc3.Nc6.g3.d3	A37	0
A.Eng.Sym.Nc3.Nc6.g3.b3	A38	0
A.Eng.Rev.Nc3.Nc6.g3.Bg2	A25	0
A.Eng.Rev.Nc3.Nc6.g3.Bg2	A26	1
A.Eng.Rev.Nc3.Nc6.g3.Rb1	A25	0
A.Eng.Rev.Nc3.Nc6.g3.e3	A25	0
A.Eng.Rev.Nc3.Nc6.g3.Be6	A25	0
A.Eng.Rev.Nc3.Nc6.g3.d3	A25	0
A.Eng.Rev.Nc3.Nc6.g3.Nge2	A25	0
A.Eng.Rev.Nc3.Nc6.g3.Bg7	A26	0
A.Eng.Rev.Nc3.Nc6.g3.e4	A26	0
A.KIA.Bg2.c6.O-O.Bf5.h6	A07	0
A.KIA.Bg2.c6.O-O.Bf5.c4	A07	0
A.KIA.Bg2.c6.O-O.Bf5.e6	A07	0
A.KIA.Bg2.c6.O-O.Bf5.Nbd2	A07	0
A.KIA.Bg2.c6.O-O.Bf5.Nh4	A07	0
A.Ret.Eng.Be7.O-O.O-O.c5	A14	0
A.Ret.Eng.Be7.O-O.O-O.e3	A14	0
A.Ret.Eng.Be7.O-O.O-O.d4	A14	0
A.Ret.Eng.Be7.O-O.O-O.Nc6	A14	0
A.Ret.Eng.Be7.O-O.O-O.c6	A14	0
A.Eng.Sym.Nf3.Nf6.Nc3.d4	A34	0
A.Eng.Sym.Nf3.Nf6.Nc3.g3	A38	0
A.Eng.Sym.Nf3.Nf6.Nc3.O-O	A39	0
A.Eng.AIn.Nc3.d5.cxd5.g6	A16	0
A.Eng.AIn.Nc3.d5.cxd5.e5	A16	0
A.Eng.AIn.Nc3.d5.cxd5.e6	A17	0
A.Eng.Rev.Fou.g3.Bc5.d6	A29	0
A.Eng.Rev.Fou.g3.Bc5.a6	A29	0
A.Eng.Rev.Fou.g3.Bc5.h6	A29	0
A.Eng.Rev.Fou.g3.Bc5.O-O	A29	0
E.Ind.Cat.d5.Bg2.Be7.Nf3	E06	0
E.QID.Euw.MLn.Bxd2.Ng5	E11	0
E.Nim.Kas.b6.Bg5	E13	0
E.QID.Mod.Trd.Cap	E16	0
E.QID.Euw.MLn.Riu	E16	0
E.Bog.WSm.MLn.Yat	E16	0
E.QID.Mod.Fch.Euw	E17	0
E.QID.Mod.Fch.MLn.Trd	E19	0
E.Nim.Kas.c5.g3.O-O.Bg2	E20	0
E.Nim.Sml.Bot.MLn.Nxd5	E24	0
E.Nim.Cls.O-O.a3.b5	E32	0
E.Nim.Cls.d5.cxd5.e5	E34	0
E.Nim.Cls.Bot.Mac	E39	0
E.Nim.Rub.O-O.Ne2.Sim	E46	0
E.KID.Fch.Pan.MLn.Kor	E63	0
E.KID.Fch.Kav.Nc3.e5.b3	E64	0
E.KID.Fch.Kav.Nc3.Hng	E64	0
E.KID.Fch.Yug.MLn.dxc5	E65	0
E.KID.Cls.Nrm.g3.Nge2	E72	0
E.KID.Avk.Cst.Bg5.Na6.Brg	E73	0
E.KID.Avk.Cst.Bg5.a6	E73	0
E.KID.Avk.Cst.Be3	E73	0
E.KID.Avk.Ben.MLn.e6	E75	0
E.KID.Fou.Dyn.MLn.Flo	E77	0
E.KID.Fou.O-O.Be2.c5.h4	E77	0
E.KID.Sml.Cst.Be3.c5.Bxc5	E81	0
E.KID.Sml.Pan.MLn.Rb8	E84	0
E.KID.Sml.Ort.MLn.cxd5	E89	0
E.KID.Cls.e5.O-O.Nbd7.O-O	E94	0
E.KID.Cls.Mar.MLn.Koz	E98	0
E.KID.Cls.Mar.MLn.Neo	E98	0
E.Ind.Cat.d5.Bg2.Be7.O-O	E06	0
E.Ind.Cat.d5.Bg2.Be7.Qc2	E08	0
E.Ind.Cat.d5.Bg2.Be7.Qc2	E09	1
E.Nim.Rub.O-O.Nf3	E50	0
E.Nim.Rub.O-O.Nf3.d5	E51	0
E.Nim.Rub.O-O.Nf3.d5.a3	E51	0
E.KID.Cls.Lrs	E90	0
E.KID.Cls.Zin	E90	0
E.KID.Cls.Oth	E91	0
E.KID.Cls.Oth.Na6	E91	0
C.Ita.Two.Max.MLn.Acc	C56	0
C.Ita.Two.Max.MLn.Lng	C56	0
C.Ita.Two.Max.MLn.Ber	C56	0
C.Ita.Two.Max.MLn.Lom	C56	0
C.Ita.Two.Max.MLn.Rub	C56	0
C.RyL.Ber.Rio.Qe2.Nd6.Cor	C67	0
C.RyL.Ber.Rio.Qe2.Nd6.Pil	C67	0
C.RyL.Ber.Rio.Qe2.Nd6.MLn	C67	0
C.RyL.Ber.Rio.Qe2.Nd6.Win	C67	0
C.RyL.Ber.Rio.Qe2.Nd6.Zuk	C67	0
C.Vie.Fal.MLn.Qh5.Nd6.Ada	C27	0
C.Vie.Fal.MLn.Qh5.Nd6.Alk	C27	0
C.Vie.Fal.MLn.Qh5.Nd6.FrD	C27	0
C.Vie.Fal.MLn.Qh5.Nd6.Mon	C27	0
C.KGm.Acc.Bsh.Ble.Nc3.Fra	C33	0
C.KGm.Acc.Bsh.Ble.Nc3.Gri	C33	0
C.KGm.Acc.Bsh.Ble.Nc3.McD	C33	0
C.KGm.Acc.Bsh.Ble.Nc3.Gtr	C33	0
C.KGm.Acc.Nf3.KKn.Bir	C37	0
C.KGm.Acc.Nf3.KKn.RSo	C37	0
C.KGm.Acc.Nf3.KKn.Tes	C37	0
C.KGm.Acc.Nf3.KKn.Sor	C37	0
C.KGm.Acc.Nf3.KKn.Bc4.Han	C38	0
C.KGm.Acc.Nf3.KKn.Bc4.May	C38	0
C.KGm.Acc.Nf3.KKn.Bc4.Phi	C38	0
C.Pet.Cls.Bd3.Bd6.O-O.Mar	C42	0
C.Pet.Cls.Bd3.Bd6.O-O.Chi	C42	0
C.Pet.Cls.Bd3.Bd6.O-O.Sta	C42	0
C.Pet.Cls.Bd3.Bd6.O-O.Tar	C42	0
C.Ita.Evn.Acc.Stn.O-O.AlS	C52	0
C.Ita.Evn.Acc.Stn.O-O.Las	C52	0
C.Ita.Evn.Acc.Stn.O-O.SaA	C52	0
C.Ita.Evn.Acc.Stn.Lev	C52	0
C.Ita.Evn.Acc.Stn.Sok	C52	0
C.Ita.Evn.Acc.Stn.Ttk	C52	0
C.Ita.Giu.Eis	C53	0
C.Ita.Giu.Mes	C53	0
C.Ita.Giu.Tar	C53	0
C.Ita.Giu.GNd	C54	0
C.Ita.Giu.Alb	C54	0
C.Ita.Giu.Ga6	C54	0
C.RyL.Ber.O-O.Ben	C66	0
C.RyL.Ber.O-O.Shw	C66	0
C.RyL.Ber.O-O.Wlf	C66	0
C.RyL.Ber.O-O.Hdg	C66	0
C.RyL.Ber.O-O.Wes	C67	0
C.RyL.Ber.O-O.Sho	C67	0
C.RyL.Ber.O-O.LHe	C67	0
C.RyL.Mor.Ba4.Nf6.O-O.StD	C79	0
C.RyL.Mor.Ba4.Nf6.O-O.Bol	C79	0
C.RyL.Mor.Ba4.Nf6.O-O.Lip	C79	0
C.KGm.PPS	C30	0
C.KGm.Shi	C30	0
C.KGm.Sym	C30	0
C.LtO.Gre.BrA	C40	0
C.LtO.Gre.BrG	C40	0
C.LtO.Gre.Nim	C40	0
C.Sco.Hor	C45	0
C.Sco.Blk	C45	0
C.Sco.Ros	C45	0
C.Fou.Spa.Dbl.MLn.Jan	C49	0
C.Fou.Spa.Dbl.MLn.Svn	C49	0
C.Ita.Evn.Acc.Mor.MLn	C52	0
C.Ita.Evn.Acc.Mor.Pot	C52	0
C.Ita.Two.O-O.Bc5.Hol	C54	0
C.Ita.Two.O-O.Bc5.Ros	C54	0
C.Ita.Two.O-O.Bc5.Bg5	C55	0
C.Ita.Two.Ng5.Pol.Mar	C58	0
C.Ita.Two.Ng5.Pol.Yan	C58	0
C.RyL.Cls.Lut	C90	0
C.RyL.Cls.Sue	C90	0
C.Ita.Pia.Nf6.MLn.Ba7	C54	0
C.Ita.Pia.Nf6.MLn.A4C	C54	0
C.RyL.Mor.Ba4.Nf6.O-O.B5D	C78	0
C.RyL.Mor.Ba4.Nf6.O-O.Wng	C78	0
C.RyL.Mor.Ba4.Nf6.O-O.Rab	C78	0
C.RyL.Cls.AlG	C88	0
C.RyL.Cls.Bal	C88	0
C.RyL.Cls.Leo	C88	0
C.RyL.Mar.MLn.MML	C89	0
C.RyL.Mar.MLn.Spa	C89	0
D.Bgm.Acc.Euw.Zil	D00	0
D.Bgm.Acc.Gun.Sta	D00	0
D.Bgm.Cap.Nc3.Nf6.Bg5.Bf5	D00	0
D.QGD.Exc.Bg5.Be7.e3.O-O	D35	0
D.QGD.Lsk.Bxe7.Qxe7.Qc2.Rfd1	D56	0
D.STa.Exc.MLn.Nxd5.Bb4.O-O	D41	0
D.STa.Exc.MLn.Nxd5.Bb4.Qa5	D41	0
D.STa.Pil.MLn.Nxd4.e5	D50	0
D.Tar.Cls.Bg5.cxd4.Nxd4.Re8	D34	0
D.Tar.Prg.MLn.Nxd4.Bc5	D33	0
D.Sem.Bg5.Nbd7.e4	D51	0
D.Sem.Bg5.Nbd7.Bd2	D51	0
D.Sem.AMe.Bd6.e4.dxe4	D45	0
D.Sem.Mar.MLn.Qxd4.Bxb4	D31	0
D.Sla.Nf3.Nf6.g3.dxc4	D11	0
D.Sla.Not.a4.Bb4.e3.Bxc3	D31	0
D.Sla.Qui.cxd5.cxd5.Nc3.e6	D12	0
D.Sla.Qui.cxd5.cxd5.Qb3.Qc8	D12	0
D.QPG.Ver.c5.Bxf6.gxf6.e4	D01	0
D.QPG.Zuk.Nf6.c4.b5	D02	0
D.QPG.Zuk.c5.g3.cxd4	D02	0
D.QPG.Zuk.c6.Bg5.h6	D02	0
D.QPG.c4.c5.cxd5.Nf6.e4	D06	0
E.Ben.Old.Adv.Nf6.Nf3.b5	A43	0
E.Ben.Bnk.Acc.Nc3.axb5.Nb5	A57	0
E.Ben.Bnk.Acc.Nc3.axb5.Bc4	A57	0
E.Ben.Bnk.Acc.MLn.Bxa6.g3	A58	0
E.Ben.Bnk.Acc.MLn.Bxa6.Nd2	A58	0
E.Ben.Bnk.Acc.MLn.Bxa6.e4	A59	0
E.Ben.Mod.Fou.Mik	A66	0
E.Ben.Mod.Fou.MLn.Re8	A69	0
E.Ben.Mod.Cls.Trd	A70	0
E.Ben.Mod.Cls.MLn.a6.Bg4	A75	0
E.Gru.Pac	D95	0
E.Gru.Bg5.Ne4.Lun	D80	0
E.Gru.Thr.e3.O-O.Bd2	D94	0
E.Gru.Thr.e3.O-O.Qb3.e6	D95	0
E.Gru.Exc.SeV.Bc4.c5.Bxf7	D87	0
E.Gru.Exc.SeV.Bc4.c5.cxd4	D88	0
E.Gru.Exc.SeV.Bc4.c5.Be6	D89	0
E.Gru.Exc.SeV.Bc4.c5.d5	D89	0
E.Nim.Rub.StP.MLn.Nf3.Qe7	E43	0
E.Nim.Kas.b6.e3.Ne4.O-O	E43	0
E.Nim.Rub.Cls.Nf3.Nc6.dxc4	E51	0
E.KID.Fou.O-O.Nf3.c5.Be3	E79	0
E.KID.Sml.Ort.d5.Nh5.Ke2	E87	0
E.KID.Sml.Ort.d5.Nh5.Nxc4	E87	0
E.KID.Cls.Mar.MLn.f3.g4	E99	0
A.And.Shy	A00	0
A.Hng.e5.a3.d5.d3	A00	0
A.Van.ReN.e3	A00	0
A.Van.ReN.e3.d5	A00	0
A.Van.ReN.e3.d5.Be6	A00	0
A.Van.ReN.e3.d5.Nf6	A00	0
A.Van.d5.e3	A00	0
A.Van.d5.e3.e5	A00	0
A.Van.d5.e3.e5.d4	A00	0
A.Van.d5.e3.e5.d4.Bb4	A00	0
A.Pol.Nf6.Bb2.g6.d4	A00	0
A.Eng.Agi.Spl	A32	0
A.Eng.Agi.Nf3.Nf6.Nc3.b6	A17	0
A.Eng.Agi.Nf3.Nf6.Nc3.Bd3	A17	0
A.Eng.AIn.Nc3.e6.Nf3.g4	A17	0
A.Eng.Rev.Nc3.d6.Nf3.Bg4	A21	0
A.Eng.Rev.Nc3.Nf6.Nf3.c6	A22	0
A.Eng.Rev.Nc3.Nf6.Nf3.b5	A22	0
A.Eng.Rev.Nc3.Nf6.Nf3.Ng4	A22	0
A.Eng.Rev.Nc3.Nf6.f4	A22	0
A.Eng.Rev.g3.Nf6.Bg2.Nc6	A29	0
A.Eng.Rev.g3.Nf6.Bg2.d3	A29	0
A.Eng.Rev.g3.Nf6.Bg2.O-O	A29	0
A.Eng.Sym.Hdg.Nbd7	A30	0
A.Eng.Sym.Nc3.Nf6.g3	A34	0
A.Eng.Sym.Nc3.Nf6.Nc7	A34	0
A.QPO.g5	A40	0
A.PoD.Bb7	A40	0
A.PoD.Bb7.Bxb5	A40	0
A.EID.g3	A49	0
A.EID.Bf4.Bg7.e3.d6.O-O	A48	0
A.EID.Nc3.d5.Bf4.Bg7.Qd2	A48	0
A.QPO.c6.Nf3	A40	0
A.QPO.c6.Nf3.Nf6	A40	0
A.QPO.c6.Nf3.Nf6.c4	A40	0
A.QPO.c6.Nf3.Nf6.c4.b5	A40	0
A.Ret.Eng.Be7.O-O.Ker	A14	0
A.Ret.Eng.Be7.O-O.NCD	A14	0
B.Fre.Nrm.d5.Nc3.a6.Nfd7	C11	0
B.Fre.Nrm.d5.Nc3.a6.a3	C11	0
B.Fre.Nrm.d5.Nc3.a6.Ne2	C11	0
B.Fre.Nrm.d5.Nc3.a6.Bg5	C14	0
B.Sca.Mod.Mie.Bf5	B01	0
B.Sca.Mod.Mie.Bg4	B01	0
B.Ale.Chs.Nd5.Bc4.e6.d6	B02	0
B.Ale.Chs.Nd5.Bc4.e6.Bxd5	B02	0
B.Mod.Std.Nc3.C5S.d5	B06	0
B.Mod.Std.Nc3.C5S.d5.Qa5	B06	0
B.Mod.Std.Nf3.C5S	B06	0
B.Mod.Std.Nf3.C5S.Be3	B06	0
B.Mod.Std.Nf3.C5S.Bc4	B06	0
B.Sic.HAc.d4.Bg7.dxc5.Bxc3	B27	0
B.Sic.HAc.d4.Bg7.dxc5.Qxc3	B27	0
B.Sic.SmM.Acc.Sib.Bd6	B21	0
B.Sic.SmM.Acc.Sib.Ng4	B21	0
B.Sic.Clo.Fch.Bot.e5	B25	0
B.Sic.Clo.Fch.Bot.Nge7	B25	0
B.Sic.Cls.Be2.e5.Nxc6	B58	0
B.Sic.Cls.Be2.e5.Nb3	B59	0
B.Sic.Dra.Yug.Nc6.O-O-O	B76	0
B.Sic.Dra.Yug.Nc6.g4	B76	0
B.Sic.Dra.Yug.Nc6.Bc4.Bb3	B77	0
B.Sic.Dra.Yug.Nc6.Bc4.h4	B79	0
B.Sic.Win.cxb4.a3.d5.Bb2	B20	0
B.Sic.Win.cxb4.a3.d5.Bd3	B20	0
B.Sic.Win.cxb4.a3.d5.Qe6	B20	0
B.Car.Zil	B00	0
B.Gld.Pic	B00	0
B.War.Sna	B00	0
B.Mod.Mas	B06	0
B.Sca.MLn.Qd8.d4.Nf6.c6	B01	0
B.Sca.MLn.Qd8.d4.Nf6.Bg4	B01	0
B.Fre.Cls.MLn.e5.Qxe7	C14	0
B.Fre.Cls.MLn.e5.Qxe7.Qg4	C14	0
B.Fre.Cls.MLn.e5.Qxe7.Qd2	C14	0
B.Fre.Cls.MLn.e5.Qxe7.f4	C14	0
B.Fre.Cls.MLn.e5.Qxe7.Bd3	C14	0
B.Fre.Win.Adv.MLn.Nf3	C19	0
B.Fre.Win.Adv.MLn.Nf3.Qc7	C19	0
B.Fre.Win.Adv.MLn.Nf3.h4	C19	0
B.Fre.Nrm.d5.exd5	C01	0
B.Fre.Mac.Exc	C12	0
B.Ale.Nrm.Dpn.d6.Nb6	B03	0
B.Ale.Nrm.Dpn.d6.Nb6.c5	B03	0
B.Ale.Nrm.Dpn.d6.Nb6.Be2	B03	0
B.CaK.Kar.Bc4.Ngf6.Qe2	B17	0
B.CaK.Kar.Bc4.Ngf6.Qe2.Nb6	B17	0
B.CaK.Kar.Bc4.Ngf6.Qe2.Bb3	B17	0
B.Sca.Mod.Mie.Bf5.Ne5	B01	0
B.Sca.Mod.Mie.Bf5.Ne5.g4	B01	0
B.Pir.Aus.Drg.e5	B09	0
B.Mod.Std.Nc3.StD.f4	B06	0
B.Mod.Std.Ctr.e5	A41	0
B.Mod.Std.Ctr.d6	A42	0
B.Mod.Std.Ctr.d6.Be3	A42	0
B.Mod.Std.Ctr.d6.Be3.f3	A42	0
B.Mod.Pte.Nc3	A42	0
B.Mod.Pte.Nc3.d6	A42	0
B.Sic.StC.Nc6	B20	0
B.Sic.StC.Nc6.Nc3	B20	0
B.Sic.StC.Nc6.Nc3.g6	B20	0
B.Sic.StC.Nc6.Nc3.g6.Bg2	B20	0
B.Sic.Fre.Nc3	B40	0
B.Sic.Fre.Nc3.a6	B40	0
B.Sic.Fre.Nc3.a6.g3	B40	0
B.Sic.Fre.Nc3.a6.g3.b5	B40	0
B.Sic.SmM.Acc.Sib.Qe2	B21	0
A.OID.Wad.Chi	A41	0
A.Van.d5.d3	A00	0
A.QPO.c6.c4	A40	0
A.EID.Col.KID	A48	0
A.Mod.Nc3.d6	A41	0
A.Sod.g6.g4	A00	0
A.Tro.Psn.Nc3	A45	0
A.Eng.Rev.e3.c4	A00	0
A.Ret.d6.d4.g6	A41	0
A.OID.Mod.MLn.Bog	A42	0
A.Tro.Rap.Bh4.c6.Nd2	A45	0
A.Hng.Nc6.Nc3.d5.d4	A00	0
A.Hol.c4.Nf6.g3.d6	A86	0
A.Mod.Nc3.c5.d5.d6	A40	0
A.Tro.Rap.Bh4.d5.f3	A45	0
A.Bir.Fro.d4.exd4.Nf3	A02	0
A.Hol.c4.Nf6.Nc3.d6	A84	0
A.Hng.d5.Bg2.e5.c4	A00	0
A.QPO.Nf6.e4.Nxe4.Bd3	A45	0
A.QPO.Nf6.Nf3.e6.Nc3	A46	0
A.Van.c5.Nf3.Nc6.d4	A00	0
A.Eng.Rev.Nc3.d6.g3	A21	0
A.Ret.Fch.MLn.Bg2.d6	A05	0
A.Hol.Sto.Bot.MLn.Ba3	A94	0
A.Lar.Nf6.Bb2.g6.g4	A01	0
A.Pol.e5.Bb2.f6.e4	A00	0
A.EID.Bg5.Bg7.Nbd2.c5	A48	0
A.Pol.e6.Bb2.Nf6.b5.a4	A00	0
A.Van.d5.f4.d4.Ne4.Nf3	A00	0
A.Ret.Ang.MLn.Nf6.Nc3.Bb2	D45	0
A.Col.Bd6.O-O.O-O.b3.Bb2	D05	0
A.Col.Bd6.O-O.O-O.b3.c6	D05	0
A.Col.Bd6.O-O.O-O.b3.Nbd2	D05	0
A.Hor.Fch.MLn.Bg5.Be7.Qc2	D37	0
A.Hor.Fch.MLn.Bg5.Be7.h6	D53	0
A.Hor.Fch.MLn.Bg5.Nbd7.c6	D51	0
A.Hor.Fch.MLn.Bg5.Nbd7.Bb4	D51	0
A.Hor.Fch.MLn.Bg5.Nbd7.a3	D51	0
A.PQI.e3.Bb7	A47	0
C.Cen.exd4.Nf3.Bc5.c3	C21	0
C.Cen.exd4.Nf3.c5.Bc4	C21	0
C.Bsh.Lew.Bxd5	C23	0
C.Bsh.Ber.d3.c6	C24	0
C.Bsh.Bc5.b4.Bxb4.f4.exf4	C23	0
C.Vie.Mie.Bc5.Bg2.Nc6.d5	C25	0
C.Vie.Gbt.Fal.MLn.Qf3.d4	C29	0
C.KGm.Nc6.Nf3.g5.fxg5	C30	0
C.KGm.Acc.Nf3.Mod.exd5.Nd5	C36	0
C.KGm.Acc.Nf3.KKn.Bc4.Qxf3	C37	0
C.KGm.Acc.Kie.d5.d4.Bxf4	C39	0
C.KGm.Acc.Kie.h5.Bc4	C39	0
C.LtO.Bc4.fxe4.Nf6.Nxf7	C40	0
C.PhD.d4.Nd7.Bc4.c6.Be7	C41	0
C.PhD.Lio.Ng5.O-O.Bxf7.Ne6	C41	0
C.PhD.d4.Nf6.dxe5.Nxe4.Qd5	C41	0
C.PhD.d4.f5.dxe5.fxe4.e6	C41	0
C.Pet.Nxe5.d6.Nf3.Nxe4.Nf6	C42	0
C.Thr.Bb4	C46	0
C.Ita.Two.Nc3.Nxe4.Bxf7	C47	0
C.Ita.Evn.Acc.c3.Be7.d4	C51	0
C.Ita.Evn.Dec.a4.a6	C51	0
C.Ita.Giu.c3.Nf6.b4	C53	0
C.Ita.Giu.c3.Nf6.d3.a6	C54	0
C.Ita.Pia.Wai.MLn.Re1.Ba7	C54	0
C.Ita.Giu.O-O.Nf6.d3.d5	C54	0
C.Ita.Giu.c3.Nf6.d4.b4	C54	0
C.Ita.Two.Opn.MLn.e5.Ne4	C56	0
C.RyL.SCG.Nxe5.O-O	C60	0
C.RyL.Shl.Jae.fxe4.Nxe4.Qg5	C63	0
C.RyL.Ber.O-O.Bc5.c3.Bb6	C64	0
C.RyL.Ber.O-O.Hdg.Re1	C66	0
C.RyL.Mor.Ba4.b5.Bb3.Bc5	C70	0
C.RyL.Mor.Ba4.d6.Bxc6.d4	C73	0
C.RyL.Mor.Ba4.d6.c3.Nge7	C75	0
C.RyL.Mor.Ba4.Nf6.O-O.Qe2	C80	0
C.RyL.Mor.Opn.d4.Be7	C83	0
C.RyL.Mor.Opn.MLn.a4.Nc3	C80	0
C.RyL.Cls.d4.Nxd4	C88	0
C.RyL.Mar.MLn.Rxe5.c6.Bxd5	C89	0
C.RyL.Cha.MLn.d4.Qc7.Nc6	C98	0
C.KPO.Kgt.MLn.Be2.Nf6.e5	C44	0
C.Fou.Spa.Dbl.MLn.d3.Ne7	C49	0
C.Ita.Evn.Acc.Stn.O-O.Nxe5	C52	0
D.QGD.QKn	D31	0
D.QGD.QKn.Nrm	D35	0
D.QGD.Ala	D31	0
D.Sem.Bg5.Acc	D44	0
D.QPG.Ver.Ric	D01	0
D.QPG.Ver.Ric.Bf5	D01	0
D.QPG.Ver.Ric.Bf5.Bxf6	D01	0
D.Bgm.Acc.Bog.MLn.Klo	D00	0
D.Bgm.Acc.Bog.MLn.Stu	D00	0
D.Bgm.Cap.Sol	D00	0
D.Sla.Cze.Kra.Car	D17	0
D.Sla.Cze.Kra.Mor	D17	0
D.QGD.Exc.Bg5.c6.Qc2.Bd3	D36	0
D.Sem.Mer.MLn.Old	D48	0
D.Sem.AMe.Sto.b6	D46	0
D.Sem.AMe.Sto.MLn	D46	0
E.Ben.Old.Adv.Nf6.Nc3.Qa5	A43	0
E.Ben.Old.Adv.e5.e4.d6	A44	0
E.Ben.Czk.MLn.g6	A56	0
E.Ben.Mod.Fch.MLn.O-O.Re8	A64	0
E.KID.Sml.Cst.Nge2.c5.cxd5	A65	0
E.Gru.Hng.MLn.Bxc7	D84	0
E.Gru.Rus.Hng.e4.Na6	D97	0
E.Gru.Rus.Hng.e4.Bg4.Qb3	D99	0
E.Ben.Mod.Cls.O-O	A72	0
E.Ind.e6.Nf3.c5.Bg5	A71	0
E.Ind.WIn.g3.Bg7.Bg2.Nxd5	D71	0
E.Ind.WIn.g3.Bg7.Bg2.Nxd5	E60	1
E.Ind.Cat.d5.Bg2.dxc4.Qxc4	E03	0
E.Ind.Cat.d5.Bg2.dxc4.Qc2	E03	0
E.Ind.Cat.Bb4.Bd2.Be7.O-O	E11	0
E.QID.Euw.Bd3.c5.O-O.Nxd4	E14	0
E.Nim.Rub.Res.MLn.O-O.Qc2	E59	0
E.Ben.Bnk.Acc.Nc3.axb5.e4	A57	0
E.Ben.Bnk.Acc.Nc3.axb5.a4	A57	0
E.Ben.Bnk.Acc.MLn.Bxa6.Nf3	A58	0
E.Ben.Mod.Cls.MLn.a6.Nd2	A74	0
E.Ben.Mod.Cls.MLn.a6.Nd2	A75	1
E.Ben.Mod.Cls.MLn.a6.Bg5	A74	0
E.Ben.Mod.Cls.MLn.a6.Bg5	A75	1
E.Ben.Mod.Fou.MLn.h3	A68	0
E.Ben.Mod.Fou.MLn.h3	A69	1
E.Ben.Mod.Fou.MLn.e5	A68	0
E.Ben.Mod.Fou.MLn.e5	A69	1
E.Gru.Exc.SeV.Bc4.c5.Nc6	D87	0
E.Gru.Exc.SeV.Bc4.c5.Nc6	D88	1
C.Cen.exd4.Nf3.Bc5.c3.dxc3	C21	0
C.Bsh.Ber.d3.Be7	C24	0
C.Bsh.Ber.d3.Nc6.Nc3	C24	0
C.Vie.Mie.MLn.exd5.c6	C26	0
C.KGm.Dec.Cls.c3.Bg4.fxe5	C30	0
C.KGm.Acc.Bsh.d5.Bxd5.Qh4	C33	0
C.PhD.d4.f5.Bc4.exd4	C41	0
C.PhD.d4.Nf6.dxe5.Nxe4.Nbd2	C41	0
C.PhD.d4.exd4.Nxd4.d5.exd5	C41	0
C.KPO.Kgt.MLn.Nxe5.Nxe5.d4	C44	0
C.KPO.Kgt.MLn.d3.f5.exf5	C44	0
C.Sco.Gbt.Max.MLn.c3.Bg4	C44	0
C.Sco.Cls.Sch.Qd2.d5.Nb5	C45	0
C.Fou.Spa.Rub.Nxe5.Qe7.f4	C48	0
C.Fou.Spa.Rub.Nxe5.Bc5.O-O	C48	0
C.Ita.Two.O-O.Bc5.Nc3	C50	0
C.Ita.Two.O-O.Bc5.Nc3	C55	1
C.Ita.Two.O-O.Bc5.Nc3.d6	C50	0
C.Ita.Two.O-O.Bc5.Nc3.d6	C55	1
C.Ita.Evn.Acc.Mcd.Mor.Bg4	C51	0
C.Ita.Evn.Acc.Mor.d6.Qb3	C52	0
C.Ita.Giu.c3.d6.d4.exd4	C53	0
C.Ita.Two.Nc3.Nxe4.Nxe4	C55	0
C.Ita.Two.Nc3.Nxe4.Nxe4.d5	C55	0
C.RyL.SCG.Nxe5.Nxc6	C60	0
C.RyL.Stn.d4.Bd7.Nc3.Bxc6	C62	0
C.RyL.Mor.Ba4.b5.Bb3.d6	C71	0
C.RyL.Fia.c3.a6	C76	0
C.RyL.Fia.c3.a6.Ba4	C76	0
C.RyL.Fia.c3.a6.Ba4.d6	C76	0
B.Fre.Adv.Mil.MLn.O-O.Bd7	C02	0
B.Fre.Adv.NwG.cxd4	C02	0
B.Fre.Adv.NwG.cxd4.Nf3	C02	0
B.Fre.Stn.MLn.Nce2	C11	0
B.Fre.Stn.MLn.Qg4	C11	0
B.Fre.Win.Adv.Smy.Qc7	C19	0
B.Sic.Clo.Nc6.d3	B23	0
B.Sic.Clo.Nc6.d3.g6	B23	0
B.Sic.Clo.Nc6.d3.g6.g4	B23	0
B.Sic.Fre.d4.cxd4.c3	B40	0
B.Sic.Fre.d4.cxd4.Nxd4.Qb6	B40	0
B.Sic.Fre.d4.cxd4.Nxd4.Bc5	B40	0
B.Sic.Kan.Tal.MLn.Nc6	B41	0
B.Sic.Kan.Tal.MLn.Nc6.Bc2	B41	0
B.Sic.Nf3.f5.exf5	B27	0
B.Sic.Nf3.f5.exf5.Nh6	B27	0
B.Sic.Old.Nc3.Bc4.d6.Nd2	B30	0
B.Sic.Sve.Bxf6.Nd5.f5.Bxb5	B33	0
B.Sic.Tay.Nc3.d6	B83	0
B.Sic.Tay.Nc3.d6.Be2	B83	0
B.Sic.Tay.Nc3.d6.Be2.Nf6	B83	0
B.Sic.Tay.Nc3.Qc7.Be3.a6	B49	0
B.Sic.SmM.Acc.Nxc3.Nc6.Bc4	B21	0
B.Sic.SmM.Acc.Pau.O-O	B21	0
B.Sic.SmM.Acc.Pau.O-O.b5	B21	0
B.Sic.SmM.d3.c4	B21	0
A.Ret.Ang.MLn.Nf6.Nc3.Be2	D45	0
A.Ret.Ang.MLn.Nf6.Nc3.Bd3	D46	0
A.Hng.ReM.Nf3.Nc6.d4.O-O	A08	0
A.Eng.Agi.Nf3.d5.Nbd2	E14	0
A.Eng.AIn.Nc3.d5.cxd5.Nb6	A16	0
A.Eng.AIn.Nc3.d5.cxd5.Nxc3	A16	0
A.Eng.Rev.Nc3.Nf6.g3.O-O	A29	0
A.Eng.Rev.Fou.e3.Bb4.Bxc3	A28	0
A.Eng.Rev.Fou.e3.Bb4.Qf5	A28	0
A.Eng.Sym.Nc3.Nc6.g3.e5	A37	0
A.QPO.g6.Nf3.Bg7.e3.Qa5	A40	0
A.QPO.g6.Nf3.Bg7.e3.Nxd4	A40	0
A.Mod.Nc3.c5.d5.Bxc3.f5	A40	0
A.Mod.Nc3.c5.d5.Bxc3.Qa5	A40	0
A.QPO.Nf6.Nc3.d5.e4	D00	0
A.PQI.e3.Bb7.Bb2	E14	0
A.Hol.Sta.fxe4.Nc3.Nf6.f3	A82	0
A.Hol.Sta.fxe4.Nc3.Nf6.g4	A82	0
A.Hor.Fch.Nc3.c6.g4	D31	0
A.Hor.Fch.MLn.Bg5.c5.Qb6	D50	0
E.Gru.Neo.Del	D75	0
E.QID.Pet.KPe	E12	0
C.Vie.Mie.Bc5.Bg2.Nc6.Pol	C26	0
C.KGm.Acc.Kie.d5.d4.Nbd2	C39	0
C.PhD.d4.f5.dxe5.fxe4.Nc3	C41	0
C.Ita.Two.Opn.MLn.e5.Qh4	C56	0
C.RyL.Ber.O-O.Bc5.c3.Bg5	C64	0
C.RyL.Mor.Ba4.d6.Bxc6.f6	C73	0
C.RyL.Mor.Ba4.Nf6.O-O.d3	C86	0
C.RyL.Cha.MLn.d4.Qc7.dxc5	C98	0
C.RyL.Ber.O-O.Nxe4.d4.a6	C67	0
C.Bsh.Ber.d3.Be7.O-O	C24	0
C.LtO.Bc4.fxe4.Nxh8	C40	0
C.PhD.d4.f5.Bc4.exd4.Nxh7	C41	0
A.Hol.c4.Nf6.g3.e6.d5	A90	0
A.Hor.Fch.MLn.Nf3.Be7.b3	E14	0
A.QPO.Nf6.Nf3.e6.e3.c5	D05	0
A.QPO.Nf6.Nf3.e6.e3.Be7	E14	0
A.Kan.MLn.e3.c5.Bd3.O-O	E29	0
A.Kan.MLn.e3.c5.Bd3.Ne8	E29	0
A.KIA.Car.g6	B10	0
A.KIA.Fre.Nc6	C00	0
B.Sic.Alp.Cen.MLn.cxd4.cxd4	B22	0
B.Sic.Alp.Dd6.MLn.Nc6	B50	0
B.Sic.Alp.Dd6.MLn.Nc6.d4	B50	0
B.Sic.Mor.Bd7.MLn.O-O	B52	0
B.Sic.Mor.Bd7.MLn.c4	B52	0
B.Sic.Mor.Bd7.MLn.O-O.Nc6	B52	0
B.Fre.Rub.MLn.Nf6.Nxf6	C10	0
B.Fre.Rub.MLn.Nf6.Nxf6.Nxf6	C10	0
B.Sic.OKn.Nf6.f3.e5	B55	0
B.Sic.OKn.Nf6.f3.e5.Bb5	B55	0
B.Sic.Naj.Sch.O-O.Nbd7	B84	0
B.Sic.Naj.Sch.O-O.Qc7	B84	0
B.Sic.Cls.Soz.e6.Be3.Be7	B89	0
B.CaK.Cls.Spd.Nd7.Lob	B19	0
B.CaK.Cls.Spd.Nd7.Sei	B19	0
B.Sic.SmM.Acc.Soz	B21	0
B.Sic.SmM.Acc.Chi	B21	0
B.Sic.SmM.Acc.Kan	B21	0
B.Sic.SmM.Acc.Fng	B21	0
B.Sic.Clo.Fch.Smy	B24	0
B.Sic.Sve.Brd	B33	0
B.Sic.Sve.MLn	B33	0
B.Sic.Kan.Nc3.Chr	B43	0
B.Sic.Kan.Nc3.Spr	B43	0
B.Sic.Alp.Dd6.MLn.Nc6.BPg	B50	0
B.Sic.Alp.Dd6.MLn.Nc6.BPD	B50	0
B.Sic.Fre.Gaw	B40	0
B.Sic.Sch.Be2.Be7.Bd7	B83	0
B.Sic.Naj.Be2.Mod	B92	0
B.Sic.Naj.Be2.Trd	B92	0
A.Bir.Fro.fxe5.d6.exd6.Nf6	A02	0
A.Eng.Rev.Fou.MLn.Bg2.Bc5	A29	0
A.Hor.Fch.Nf3.c5.cxd5.Bg5	D30	0
A.Owe.Eng.e4.Bb7.Bd3.Nc6	A40	0
A.EID.Bg5.Bg7.Nbd2.d5.O-O	A48	0
A.Eng.Rev.e3.Nf6.f4.Nf3	A20	0
A.Kan.MLn.e3.O-O.a3.bxc3	E28	0
A.KIA.Sic.MLn.g3.Nf6.Re1	A08	0
D.QGD.Mod	D50	0
D.QGD.Mod.BKo	D50	0
D.QGD.Mod.PTr	D50	0
D.QGD.Mod.PTr.Can	D50	0
D.QGD.Mod.KDf	D51	0
D.QGD.Mod.KDf.Man	D51	0
D.QGD.Mod.KDf.ACS	D51	0
C.LtO.Bc4.fxe4.Nxh8.Nf6	C40	0
C.KPO.Kgt.MLn.c4.Nf6.Nxe5	C44	0
B.Ale.Mod.MLn.Be2.c6	B05	0
B.Sic.Alp.Nf6.MLn.cxd4	B22	0
B.Sic.Tay.Nc3.Nf6.Ndb5.d6	B45	0
B.Sic.OKn.Nf6.Nc3.e5.Bb5	B56	0
B.Sic.Naj.Pst.MLn.Qxb2	B97	0
B.Sic.Naj.Pst.MLn.Qxb2.Rb1	B97	0
A.Van.d5.e4	A00	0
A.Van.d5.e4.dxe4	A00	0
A.Van.d5.e4.dxe4.f3	A00	0
A.Van.d5.e4.dxe4.d3	A00	0
A.Van.d5.e4.dxe4.Bc4	A00	0
A.Eng.CKa.Nf3	A11	0
A.Eng.CKa.Nf3.d5	A11	0
A.Mod.e4	A40	0
A.Mod.e4	A42	1
A.Mod.e4.e5	A41	0
A.Mod.e4.c5	A40	0
A.Mod.e4.c5.d5	A40	0
A.Mod.e4.c5.d5.Qa5	A40	0
A.Mod.Avk.Nc6	A42	0
B.Sic.Fre.d4.a6	B40	0
B.Ale.Fou.Trd.MLn.IlZ	B03	0
B.CaK.Adv.Bf5.VdW	B12	0
B.Sic.Alp.Cen.MLn.Nf6.Bg4	B22	0
B.Sic.Ros.Cls.MLn.Gur	B31	0
B.Sic.Naj.Pol.MLn.Sim	B96	0
A.VtK.e5.Nc3.Nc6.f4.exf4	A00	0
A.VtK.e5.Nc3.d5.f4.exf4	A00	0
A.KIA.Bg2.e6.O-O	A07	0
A.KIA.Fre.c5	A08	0
A.Eng.AIn.g3	A15	0
A.Eng.AIn.g3.c6	A12	0
A.Eng.Sym.Nf3.Nf6.Nc3.d5	A34	0
A.Eng.AIn.Nf3.g6.g3.Bg7	A15	0
E.Nim.Rub.StN	E43	0
A.Eng.CKa.Nf3.d5.g3	A11	0
A.Eng.Agi.Nc3	A13	0
B.Sic.Clo.Fch.MLn.Nge2.e5	B25	0
B.Sic.SmM.Acc.Cls.O-O	B21	0
B.Sic.SmM.Acc.Cls.O-O.Nf6	B21	0
B.Sic.Cls.Soz.e6.Bb3.Be7	B88	0
D.QGD.QKn.Acc	D31	0
D.QGD.QKn.Nrm.Har	D35	0
D.QGD.Ort.Rc1.a6	D63	0
C.Pet.Thr.Fou.Gun	C49	0
D.QPG.Zuk.Nf6.Bf4	D02	0
D.QGD.PTr	D30	0
B.CaK.Adv.Bf5.c3.e6	B12	0
B.CaK.Adv.Bf5.c3.e6.Be2	B12	0
C.Fou.Gun	C47	0
A.Eng.Rev.Fou.BBV	A28	0
B.Sic.OKn.g6	B54	0
B.Sic.Dra.Yug.Chn.Bb3.Top	B78	0
