ocn1	match_kind	matched_plies	total_plies	lichess_eco	lichess_name
A	root	0	0		
B	root	0	0		
C	root	0	0		
D	root	0	0		
E	root	0	0		
A.Eng	exact	1	1	A10	English Opening
A.Eng.Sym	exact	2	2	A30	English Opening: Symmetrical Variation
A.Eng.Rev	exact	2	2	A20	English Opening: King's English Variation
A.Hol	exact	2	2	A80	Dutch Defense
A.Hol.Lng	exact	6	6	A81	Dutch Defense: Semi-Leningrad Variation
A.Hol.Sto	prefix	3	8	A81	Dutch Defense: Fianchetto Attack
A.Hol.Cls	prefix	3	8	A81	Dutch Defense: Fianchetto Attack
E.Ben	exact	4	4	A56	Benoni Defense
E.Ben.Mod	prefix	11	12	A65	Benoni Defense: King's Pawn Line
E.Ben.Bnk	exact	6	6	A57	Benko Gambit
E.Ben.Czk	exact	6	6	A56	Benoni Defense: Czech Benoni Defense
A.Tro	exact	3	3	A45	Trompowsky Attack
A.Lon	exact	5	5	D02	Queen's Pawn Game: London System
A.Bir	exact	1	1	A02	Bird Opening
A.Lar	exact	1	1	A01	Nimzo-Larsen Attack
A.Ret	exact	1	1	A04	Zukertort Opening
A.Owe	exact	2	2	A40	English Defense
A.Pol	exact	1	1	A00	Polish Opening
B.Sic	exact	2	2	B20	Sicilian Defense
B.Sic.Naj	exact	10	10	B90	Sicilian Defense: Najdorf Variation
B.Sic.Naj.Eng	exact	11	11	B90	Sicilian Defense: Najdorf Variation, English Attack
B.Sic.Naj.Sch	exact	12	12	B84	Sicilian Defense: Scheveningen Variation, Classical Variation
B.Sic.Naj.Adm	exact	11	11	B90	Sicilian Defense: Najdorf Variation, Adams Attack
B.Sic.Naj.Pol	exact	14	14	B96	Sicilian Defense: Najdorf Variation, Polugaevsky Variation
B.Sic.Naj.Pst	exact	14	14	B97	Sicilian Defense: Najdorf Variation, Poisoned Pawn Variation
B.Sic.Sve	exact	10	10	B33	Sicilian Defense: Lasker-Pelikan Variation
B.Sic.Sve.Nd5	exact	17	17	B33	Sicilian Defense: Lasker-Pelikan Variation, Sveshnikov Variation, Chelyabinsk Variation
B.Sic.Sve.Nd5.Be7	prefix	17	18	B33	Sicilian Defense: Lasker-Pelikan Variation, Sveshnikov Variation, Chelyabinsk Variation
B.Sic.Sve.Nd5.Be7.Bxf6	prefix	17	20	B33	Sicilian Defense: Lasker-Pelikan Variation, Sveshnikov Variation, Chelyabinsk Variation
B.Sic.Sve.Nd5.Qa5	prefix	17	18	B33	Sicilian Defense: Lasker-Pelikan Variation, Sveshnikov Variation, Chelyabinsk Variation
B.Sic.Sve.Bxf6	prefix	16	18	B33	Sicilian Defense: Lasker-Pelikan Variation, Sveshnikov Variation
B.Sic.Sve.Bxf6.Nd5	prefix	16	19	B33	Sicilian Defense: Lasker-Pelikan Variation, Sveshnikov Variation
B.Sic.Sve.Bxf6.Nd5.Bg7	exact	20	20	B33	Sicilian Defense: Lasker-Pelikan Variation, Sveshnikov Variation, Novosibirsk Variation
B.Sic.Sve.Bxf6.Nd5.f5	exact	20	20	B33	Sicilian Defense: Lasker-Pelikan Variation, Sveshnikov Variation
B.Sic.Dra	exact	10	10	B70	Sicilian Defense: Dragon Variation
B.Sic.Dra.Yug	exact	17	17	B77	Sicilian Defense: Dragon Variation, Yugoslav Attack, Main Line
B.Sic.Sch	prefix	8	10	B54	Sicilian Defense: Modern Variations, Main Line
B.Sic.Sch.Krs	prefix	8	11	B54	Sicilian Defense: Modern Variations, Main Line
B.Sic.Tay	exact	8	8	B44	Sicilian Defense: Taimanov Variation
B.Sic.Kan	exact	8	8	B41	Sicilian Defense: Kan Variation
B.Sic.Cls	exact	10	10	B56	Sicilian Defense: Classical Variation
B.Sic.Ros	exact	5	5	B30	Sicilian Defense: Nyezhmetdinov-Rossolimo Attack
B.Sic.Mor	exact	5	5	B51	Sicilian Defense: Moscow Variation
B.Sic.Alp	exact	3	3	B22	Sicilian Defense: Alapin Variation
B.Sic.SmM	exact	5	5	B21	Sicilian Defense: Smith-Morra Gambit
B.Sic.Cls.Rch	exact	11	11	B60	Sicilian Defense: Richter-Rauzer Variation
B.Sic.OKn	prefix	6	7	B50	Sicilian Defense
B.CaK	exact	2	2	B10	Caro-Kann Defense
B.CaK.Adv	exact	5	5	B12	Caro-Kann Defense: Advance Variation
B.CaK.Cls	prefix	6	8	B15	Caro-Kann Defense
B.CaK.Pmv	exact	7	7	B13	Caro-Kann Defense: Panov Attack
B.CaK.Two	exact	5	5	B10	Caro-Kann Defense: Two Knights Attack
B.Fre	exact	2	2	C00	French Defense
B.Fre.Win	exact	6	6	C15	French Defense: Winawer Variation
B.Fre.Tar	exact	5	5	C03	French Defense: Tarrasch Variation
B.Fre.Adv	exact	5	5	C02	French Defense: Advance Variation
B.Fre.Cls	exact	6	6	C11	French Defense: Classical Variation
B.Fre.Exc	prefix	5	6	C01	French Defense: Exchange Variation
B.Pir	exact	6	6	B07	Pirc Defense
B.Mod	exact	2	2	B06	Modern Defense
B.Sca	exact	2	2	B01	Scandinavian Defense
B.Ale	exact	2	2	B02	Alekhine Defense
B.OwM	exact	2	2	B00	Owen Defense
C.RyL	exact	5	5	C60	Ruy Lopez
C.RyL.Ber	exact	6	6	C65	Ruy Lopez: Berlin Defense
C.RyL.Ber.Wal.End	exact	16	16	C67	Ruy Lopez: Berlin Defense, l'Hermet Variation, Berlin Wall Defense
C.RyL.Mar	exact	16	16	C89	Ruy Lopez: Marshall Attack
C.RyL.AntM	exact	14	14	C88	Ruy Lopez: Closed
C.RyL.Cls	prefix	13	14	C88	Ruy Lopez: Closed
C.RyL.Brk	exact	18	18	C94	Ruy Lopez: Closed, Breyer Defense
C.RyL.Zai	prefix	18	20	C92	Ruy Lopez: Closed, Flohr System
C.RyL.Cha	exact	18	18	C97	Ruy Lopez: Closed, Chigorin Defense
C.RyL.Exc	exact	7	7	C68	Ruy Lopez: Exchange Variation
C.Ita	exact	5	5	C50	Italian Game
C.Ita.Two	exact	6	6	C55	Italian Game: Two Knights Defense
C.Ita.Evn	exact	7	7	C51	Italian Game: Evans Gambit
C.Ita.Pia	exact	7	7	C50	Italian Game: Giuoco Pianissimo
C.KGm	exact	3	3	C30	King's Gambit
C.KGm.Acc	exact	4	4	C33	King's Gambit Accepted
C.KGm.Dec	exact	4	4	C30	King's Gambit Declined: Classical Variation
C.Pet	exact	4	4	C42	Petrov's Defense
C.Sco	exact	5	5	C44	Scotch Game
C.Sco.Mie	exact	8	8	C45	Scotch Game: Schmidt Variation
C.Vie	exact	3	3	C25	Vienna Game
C.PhD	exact	4	4	C41	Philidor Defense
C.LtO	exact	4	4	C40	Latvian Gambit
D.QGD	exact	4	4	D30	Queen's Gambit Declined
D.QGD.Ort	prefix	8	10	D53	Queen's Gambit Declined
D.QGD.Tar	prefix	8	12	D53	Queen's Gambit Declined
D.QGD.Lsk	prefix	8	14	D53	Queen's Gambit Declined
D.QGD.Cmb	prefix	10	12	D51	Queen's Gambit Declined: Modern Variation, Knight Defense
D.QGD.Exc	prefix	6	8	D35	Queen's Gambit Declined: Normal Defense
D.QGA	exact	4	4	D20	Queen's Gambit Accepted
D.Sla	exact	4	4	D10	Slav Defense
D.Sem	exact	8	8	D43	Semi-Slav Defense
D.Sem.Mer	prefix	8	14	D43	Semi-Slav Defense
D.Sem.Bg5	prefix	8	9	D43	Semi-Slav Defense
D.Sem.Bg5.Mos	prefix	8	11	D43	Semi-Slav Defense
D.Sem.Bg5.AMo	exact	11	11	D43	Semi-Slav Defense: Anti-Moscow Gambit
D.Sem.Bg5.Bot	prefix	11	12	D44	Semi-Slav Defense: Botvinnik Variation
D.Sla.Exc	prefix	5	6	D10	Slav Defense: Exchange Variation
D.Sla.Cls	exact	10	10	D17	Slav Defense: Czech Variation
D.Cat	prefix	4	7	D30	Queen's Gambit Declined
D.Cat.Ope	prefix	4	8	D30	Queen's Gambit Declined
D.Cat.Cls	prefix	4	12	D30	Queen's Gambit Declined
D.Tar	exact	6	6	D32	Tarrasch Defense
D.STa	prefix	6	8	D35	Queen's Gambit Declined: Normal Defense
D.QGD.Vie	prefix	6	8	D35	Queen's Gambit Declined: Normal Defense
D.QGD.Rag	prefix	6	8	D35	Queen's Gambit Declined: Normal Defense
D.Alb	exact	4	4	D08	Queen's Gambit Declined: Albin Countergambit
D.Bgm	exact	3	3	D00	Blackmar-Diemer Gambit
E.KID	prefix	5	6	E61	King's Indian Defense
E.KID.Sml	exact	9	9	E80	King's Indian Defense: Sämisch Variation
E.KID.Cls	exact	9	9	E90	King's Indian Defense: Normal Variation, Rare Defenses
E.KID.Cls.Mar	prefix	14	16	E97	King's Indian Defense: Orthodox Variation, Aronin-Taimanov Defense
E.KID.Fch	prefix	5	10	E61	King's Indian Defense
E.KID.Avk	exact	11	11	E73	King's Indian Defense: Averbakh Variation
E.KID.Fou	exact	9	9	E76	King's Indian Defense: Four Pawns Attack
E.Nim	exact	6	6	E20	Nimzo-Indian Defense
E.Nim.Rub	exact	7	7	E40	Nimzo-Indian Defense: Rubinstein System
E.Nim.Cls	exact	7	7	E32	Nimzo-Indian Defense: Classical Variation
E.Nim.Sml	exact	7	7	E24	Nimzo-Indian Defense: Sämisch Variation
E.Nim.Lng	exact	7	7	E30	Nimzo-Indian Defense: Leningrad Variation
E.QID	exact	6	6	E12	Queen's Indian Defense
E.QID.Pet	exact	7	7	E12	Queen's Indian Defense: Petrosian Variation
E.QID.Mod	exact	8	8	E15	Queen's Indian Defense: Fianchetto Variation, Traditional Line
E.Bog	exact	6	6	E11	Bogo-Indian Defense
E.OldI	exact	4	4	A53	Old Indian Defense
E.Gru	exact	6	6	D80	Grünfeld Defense
E.Gru.Exc	prefix	8	9	D85	Grünfeld Defense: Exchange Variation
E.Gru.Rus	exact	9	9	D96	Grünfeld Defense: Russian Variation
E.Gru.Fch	prefix	8	9	D90	Grünfeld Defense: Three Knights Variation
A.KIA	exact	4	4	A05	King's Indian Attack
A.KIA.Fre	prefix	3	7	C00	French Defense: King's Indian Attack
A.Ret.Acc	exact	4	4	A09	Réti Opening: Réti Accepted
A.Ret.Adv	exact	4	4	A09	Réti Opening: Advance Variation
A.Ret.Fch	prefix	4	7	A05	King's Indian Attack: Symmetrical Defense
A.Eng.Rev.Fou	exact	6	6	A28	English Opening: King's English Variation, Four Knights Variation
A.Hng	exact	1	1	A00	Hungarian Opening
A.Gro	exact	1	1	A00	Grob Opening
A.Van	exact	1	1	A00	Van Geet Opening
A.Bir.Fro	exact	2	2	A02	Bird Opening: From's Gambit
A.Tor	exact	5	5	A46	Torre Attack: Classical Defense
A.Ver	exact	5	5	D01	Richter-Veresov Attack
A.Col	exact	7	7	D05	Queen's Pawn Game: Colle System
A.Lon.Job	exact	5	5	D01	Rapport-Jobava System
B.Nim	exact	2	2	B00	Nimzowitsch Defense
B.Nim.Ken	exact	4	4	B00	Nimzowitsch Defense: Kennedy Variation
B.Sca.Mod	exact	6	6	B01	Scandinavian Defense: Main Line
B.Sca.Por	exact	6	6	B01	Scandinavian Defense: Portuguese Gambit
B.Sca.Ice	exact	6	6	B01	Scandinavian Defense: Icelandic-Palme Gambit
B.Ale.Fou	exact	9	9	B03	Alekhine Defense: Four Pawns Attack
B.Ale.Exc	exact	9	9	B03	Alekhine Defense: Exchange Variation
B.Pir.Aus	exact	7	7	B09	Pirc Defense: Austrian Attack
B.Pir.Cls	exact	7	7	B08	Pirc Defense: Classical Variation
B.Pir.Fch	exact	7	7	B07	Pirc Defense: Sveshnikov System
B.Mod.Avk	prefix	4	7	B06	Modern Defense
B.Fre.Rub	exact	6	6	C10	French Defense: Rubinstein Variation
B.Fre.Bur	exact	8	8	C11	French Defense: Classical Variation, Burn Variation
B.Fre.Mac	exact	8	8	C12	French Defense: McCutcheon Variation
B.CaK.Exc	exact	6	6	B13	Caro-Kann Defense: Exchange Variation
B.CaK.Kar	prefix	6	8	B15	Caro-Kann Defense
C.Fou	exact	6	6	C47	Four Knights Game
C.Fou.Glk	exact	7	7	C47	Four Knights Game: Glek System
C.Fou.Sco	exact	7	7	C47	Four Knights Game: Scotch Variation
C.Fou.Spa	exact	7	7	C48	Four Knights Game: Spanish Variation
C.Fou.Spa.Rub	exact	8	8	C48	Four Knights Game: Spanish Variation, Rubinstein Variation
C.Fou.Hal	exact	7	7	C47	Four Knights Game: Halloween Gambit
C.Bsh	exact	3	3	C23	Bishop's Opening
C.Bsh.Urs	exact	7	7	C43	Bishop's Opening: Urusov Gambit
C.Pon	exact	5	5	C44	Ponziani Opening
C.Pon.Jae	exact	6	6	C44	Ponziani Opening: Jaenisch Counterattack
C.Pon.CGm	exact	6	6	C44	Ponziani Opening: Ponziani Countergambit
C.Cen	exact	3	3	C20	Center Game
C.Cen.Dsh	exact	5	5	C21	Danish Gambit
C.Cen.Pau	exact	7	7	C22	Center Game: Paulsen Attack Variation
C.Ita.Giu	exact	6	6	C50	Italian Game: Giuoco Piano
C.Ita.Two.Ng5	exact	7	7	C57	Italian Game: Two Knights Defense, Knight Attack
C.Ita.Two.Ng5.Trx	exact	8	8	C57	Italian Game: Two Knights Defense, Traxler Counterattack
C.Pet.Coc	exact	7	7	C42	Petrov's Defense: Cochrane Gambit
C.Pet.Mod	exact	5	5	C43	Petrov's Defense: Modern Attack
C.Sco.Gbt	exact	7	7	C44	Scotch Game: Scotch Gambit
C.Vie.Gbt	exact	5	5	C29	Vienna Game: Vienna Gambit
C.PhD.Han	exact	8	8	C41	Philidor Defense: Lion Variation
D.QGA.Cls	exact	10	10	D26	Queen's Gambit Accepted: Classical Defense
D.Sla.Che	exact	8	8	D15	Slav Defense: Chebanenko Variation
D.Sem.AMe	prefix	8	11	D43	Semi-Slav Defense
D.QGD.Har	prefix	4	9	D30	Queen's Gambit Declined
D.Cat.Fch	prefix	4	10	D30	Queen's Gambit Declined
E.KID.Cls.Pet	exact	13	13	E92	King's Indian Defense: Petrosian Variation
E.KID.Cls.Byn	exact	17	17	E97	King's Indian Defense: Orthodox Variation, Bayonet Attack
E.KID.Mak	exact	9	9	E71	King's Indian Defense: Makogonov Variation
E.Nim.Rub.Hub	prefix	8	12	E41	Nimzo-Indian Defense: Rubinstein System
E.Bog.Nim	exact	8	8	E11	Bogo-Indian Defense: Nimzowitsch Variation
E.Bog.WSm	exact	8	8	E11	Bogo-Indian Defense: Wade-Smyslov Variation
E.QID.Cls	exact	10	10	E17	Queen's Indian Defense: Traditional Variation
E.Gru.Sml	exact	7	7	D80	Grünfeld Defense: Lutikov Variation
E.Gru.Brn	exact	7	7	D82	Grünfeld Defense: Brinckmann Attack
E.OldI.Ukr	exact	6	6	A54	Old Indian Defense: Ukrainian Variation
B.Sic.Clo	exact	3	3	B23	Sicilian Defense: Closed
B.Sic.Clo.GPr	exact	5	5	B23	Sicilian Defense: Grand Prix Attack
B.Sic.Clo.Fch	exact	5	5	B24	Sicilian Defense: Closed, Fianchetto Variation
B.Sic.Win	exact	3	3	B20	Sicilian Defense: Wing Gambit
B.Sic.Bow	exact	3	3	B20	Sicilian Defense: Bowdler Attack
B.CaK.Fan	exact	5	5	B12	Caro-Kann Defense: Maróczy Variation
B.CaK.Brn	exact	10	10	B16	Caro-Kann Defense: Bronstein-Larsen Variation
B.CaK.Sml	exact	7	7	B12	Caro-Kann Defense: Advance Variation, Bayonet Attack
B.Fre.Stn	exact	7	7	C11	French Defense: Classical Variation, Steinitz Variation
B.Fre.FKn	prefix	6	8	C10	French Defense: Rubinstein Variation
B.Pir.Byr	exact	7	7	B07	Pirc Defense: Byrne Variation
B.Pir.150	prefix	6	7	B07	Pirc Defense
C.RyL.Coz	exact	6	6	C60	Ruy Lopez: Cozio Defense
C.RyL.Shl	exact	6	6	C63	Ruy Lopez: Schliemann Defense
C.RyL.Mor	exact	6	6	C70	Ruy Lopez: Morphy Defense
C.RyL.Mor.Opn	exact	10	10	C80	Ruy Lopez: Open
C.RyL.Mor.StD	exact	8	8	C71	Ruy Lopez: Morphy Defense, Modern Steinitz Defense
C.RyL.Mor.Ark	exact	12	12	C78	Ruy Lopez: Morphy Defense, Arkhangelsk Variation
C.RyL.Mor.NeA	exact	10	10	C78	Ruy Lopez: Morphy Defense, Neo-Arkhangelsk Variation
C.RyL.Mor.Nor	exact	10	10	C70	Ruy Lopez: Morphy Defense, Norwegian Variation
C.RyL.Mor.Wor	exact	9	9	C77	Ruy Lopez: Morphy Defense, Wormald Attack
C.Ita.Giu.Cls	exact	11	11	C54	Italian Game: Classical Variation, Greco Gambit, Traditional Line
C.Ita.Giu.Mol	prefix	11	12	C54	Italian Game: Classical Variation, Greco Gambit, Traditional Line
C.Ita.Two.Opn	exact	7	7	C56	Italian Game: Two Knights Defense, Open Variation
C.Ita.Two.Max	prefix	9	11	C56	Italian Game: Scotch Gambit
C.Ita.Two.Ng5.Feg	exact	11	11	C57	Italian Game: Two Knights Defense, Fried Liver Attack
C.Ita.Two.Ng5.Ulv	exact	10	10	C57	Italian Game: Two Knights Defense, Ulvestad Variation
C.Ita.Two.Ng5.Pol	exact	10	10	C58	Italian Game: Two Knights Defense, Polerio Defense
C.Sco.Gor	exact	7	7	C44	Scotch Game: Göring Gambit
C.Sco.Cls	exact	8	8	C45	Scotch Game: Classical Variation
C.Vie.Mie	exact	5	5	C26	Vienna Game: Mieses Variation
C.Vie.Fal	exact	4	4	C26	Vienna Game: Falkbeer Variation
C.Pet.Cls	prefix	9	10	C42	Petrov's Defense: Classical Attack
C.Pet.Stf	exact	6	6	C42	Petrov's Defense: Stafford Gambit
C.PhD.Lio	prefix	8	10	C41	Philidor Defense: Lion Variation
D.QGA.Jan	exact	6	6	D22	Queen's Gambit Accepted: Alekhine Defense
D.QGA.Man	exact	7	7	D23	Queen's Gambit Accepted: Mannheim Variation
D.Sla.Not	prefix	5	8	D11	Slav Defense: Modern Line
D.Sla.Ala	exact	9	9	D15	Slav Defense: Geller Gambit
D.Tar.Rub	exact	11	11	D33	Tarrasch Defense: Rubinstein System
D.STa.Exc	prefix	6	10	D35	Queen's Gambit Declined: Normal Defense
D.Cat.Ope.Qa4	prefix	4	9	D30	Queen's Gambit Declined
D.Cat.Cls.Qc2	prefix	4	13	D30	Queen's Gambit Declined
E.KID.Fch.Pan	prefix	5	14	E61	King's Indian Defense
E.KID.Sml.Pan	exact	14	14	E83	King's Indian Defense: Sämisch Variation, Panno Formation
E.KID.Cls.Glg	exact	13	13	E92	King's Indian Defense: Orthodox Variation, Gligoric-Taimanov System
E.KID.Cls.Exc	exact	13	13	E92	King's Indian Defense: Exchange Variation
E.Nim.Kas	exact	7	7	E21	Nimzo-Indian Defense: Three Knights Variation
E.Nim.Fou	exact	7	7	E20	Nimzo-Indian Defense: Kmoch Variation
E.QID.Nim	exact	8	8	E15	Queen's Indian Defense: Fianchetto Variation, Nimzowitsch Variation
E.QID.Fch	exact	7	7	E15	Queen's Indian Defense: Fianchetto Variation
E.Gru.Exc.Cla	exact	14	14	D85	Grünfeld Defense: Exchange Variation, Modern Exchange Variation
E.Gru.Exc.Sev	prefix	14	17	D85	Grünfeld Defense: Exchange Variation, Modern Exchange Variation
A.Eng.Sym.Hdg	prefix	3	12	A30	English Opening: Symmetrical Variation
A.Eng.Rev.Bot	prefix	8	11	A25	English Opening: King's English Variation, Taimanov Variation
A.Eng.Mik	prefix	4	5	A17	English Opening: Anglo-Indian Defense, Hedgehog System
A.Ret.Ang	prefix	3	4	A09	Réti Opening
A.Ret.QGI	prefix	3	4	A09	Réti Opening
A.Hol.Fch	exact	3	3	A81	Dutch Defense: Fianchetto Attack
A.Hol.Sta	exact	3	3	A82	Dutch Defense: Staunton Gambit
A.Hol.Sto.Bot	exact	13	13	A93	Dutch Defense: Stonewall Variation, Botvinnik Variation
A.Hol.Cls.IZh	exact	14	14	A97	Dutch Defense: Classical Variation, Ilyin-Zhenevsky Variation
E.Ben.Old	exact	2	2	A43	Benoni Defense: Old Benoni
E.Ben.Mod.Fch	prefix	6	12	A60	Benoni Defense: Modern Variation
E.Ben.Mod.Fou	exact	13	13	A66	Benoni Defense: Pawn Storm Variation
E.Ben.Mod.Cls	prefix	11	15	A65	Benoni Defense: King's Pawn Line
D.Chi	exact	4	4	D07	Queen's Gambit Declined: Chigorin Defense
D.QGA.Cen	exact	5	5	D20	Queen's Gambit Accepted: Saduleto Variation
D.Sla.Sml	exact	10	10	D16	Slav Defense: Smyslov Variation
D.Sem.AMe.Shr	exact	13	13	D45	Semi-Slav Defense: Stoltz Variation, Shabalov Attack
D.Cat.Ope.Qa4.Ale	prefix	4	13	D30	Queen's Gambit Declined
D.Cat.Cls.Bot	prefix	4	15	D30	Queen's Gambit Declined
D.Cat.Cls.Rab	exact	16	16	E09	Catalan Opening: Closed Variation, Rabinovich Variation
D.QGD.Alt	exact	6	6	D31	Queen's Gambit Declined: Charousek Variation
E.Bog.Exc	exact	8	8	E11	Bogo-Indian Defense: Exchange Variation
E.Bog.Ret	exact	8	8	E11	Bogo-Indian Defense: Retreat Variation
E.Bog.Hai	exact	8	8	E11	Bogo-Indian Defense: Haiti Variation
E.QID.Kas	exact	7	7	E12	Queen's Indian Defense: Kasparov Variation
E.QID.Sps	exact	7	7	E14	Queen's Indian Defense: Spassky System
E.QID.Mod.Trd	prefix	8	9	E15	Queen's Indian Defense: Fianchetto Variation, Traditional Line
E.Nim.Rom	exact	7	7	E20	Nimzo-Indian Defense: Romanishin Variation
E.Nim.Spl	exact	7	7	E22	Nimzo-Indian Defense: Spielmann Variation
E.Nim.Mik	exact	7	7	E20	Nimzo-Indian Defense: Mikenas Attack
E.Nim.Cls.Ker	exact	12	12	E32	Nimzo-Indian Defense: Classical Variation, Keres Defense
E.Nim.Sml.Bot	prefix	7	12	E20	Nimzo-Indian Defense: Kmoch Variation
E.Gru.Thr	exact	8	8	D90	Grünfeld Defense: Three Knights Variation
E.Gru.Hng	exact	10	10	D83	Grünfeld Defense: Brinckmann Attack, Grünfeld Gambit
E.Gru.Exc.Sps	exact	16	16	D87	Grünfeld Defense: Exchange Variation, Spassky Variation
E.KID.Fch.Yug	prefix	7	12	E60	King's Indian Defense: Fianchetto Variation
E.KID.Fch.Uhl	exact	14	14	E62	King's Indian Defense: Fianchetto Variation, Uhlmann-Szabo System
E.KID.Sml.Byr	exact	14	14	E81	King's Indian Defense: Sämisch Variation, Byrne Defense
E.KID.Sml.Ort	exact	12	12	E85	King's Indian Defense: Sämisch Variation, Orthodox Variation
E.KID.Fou.Dyn	exact	13	13	E76	King's Indian Defense: Four Pawns Attack, Dynamic Attack
E.KID.Avk.Ben	exact	12	12	E74	King's Indian Defense: Averbakh Variation, Benoni Defense
A.Ret.Lis	exact	3	3	A04	Zukertort Opening: Lisitsyn Gambit
A.Hol.Hop	exact	3	3	A80	Dutch Defense: Hopton Attack
E.QID.Mil	exact	7	7	E12	Queen's Indian Defense: Miles Variation
B.Sic.Acc	exact	8	8	B32	Sicilian Defense: Accelerated Dragon
B.Sic.Acc.Mar	exact	9	9	B36	Sicilian Defense: Accelerated Dragon, Maróczy Bind
B.Sic.HAc	exact	4	4	B27	Sicilian Defense: Hyperaccelerated Dragon
B.Sic.Kal	exact	8	8	B32	Sicilian Defense: Löwenthal Variation
B.Sic.Loe	prefix	8	10	B32	Sicilian Defense: Löwenthal Variation
B.Sic.OKe	exact	4	4	B28	Sicilian Defense: O'Kelly Variation
B.Sic.Nim	exact	4	4	B29	Sicilian Defense: Nimzowitsch Variation
B.Sic.Pin	exact	10	10	B40	Sicilian Defense: Pin Variation
B.Sic.Dra.Cls	prefix	11	15	B70	Sicilian Defense: Dragon Variation, Classical Variation
B.Sic.Dra.Lev	exact	11	11	B71	Sicilian Defense: Dragon Variation, Levenfish Variation
B.Sic.Sch.Eng	prefix	8	11	B54	Sicilian Defense: Modern Variations, Main Line
B.Sic.Tay.Eng	prefix	10	11	B46	Sicilian Defense: Taimanov Variation
B.Sic.Kan.Mar	exact	9	9	B41	Sicilian Defense: Kan Variation, Maróczy Bind, Réti Variation
B.Fre.Adv.Mil	exact	11	11	C02	French Defense: Advance Variation, Milner-Barry Gambit
B.Fre.Win.Psn	prefix	12	13	C18	French Defense: Winawer Variation, Advance Variation
B.Fre.Tar.Ope	exact	6	6	C07	French Defense: Tarrasch Variation, Open System
B.Fre.Tar.Cls	exact	6	6	C05	French Defense: Tarrasch Variation, Closed Variation
B.CaK.Adv.Sht	prefix	7	9	B12	Caro-Kann Defense: Advance Variation, Short Variation
B.CaK.Adv.Tal	exact	7	7	B12	Caro-Kann Defense: Advance Variation, Tal Variation
B.CaK.Tar	exact	10	10	B15	Caro-Kann Defense: Tartakower Variation
B.CaK.Gur	exact	6	6	B15	Caro-Kann Defense: Gurgenidze System
B.Ale.Mod	exact	7	7	B04	Alekhine Defense: Modern Variation
B.Ale.Chs	exact	7	7	B02	Alekhine Defense: Two Pawns Attack, Lasker Variation
B.Ale.Bal	exact	7	7	B03	Alekhine Defense: Balogh Variation
B.Pir.Cze	exact	6	6	B07	Czech Defense
B.Mod.Tig	prefix	7	8	B06	Modern Defense: Pseudo-Austrian Attack
B.Mod.Pte	prefix	4	8	B06	Modern Defense
C.RyL.Ber.Rio	exact	10	10	C67	Ruy Lopez: Berlin Defense, Rio de Janeiro Variation
C.RyL.Exc.Alk	exact	14	14	C68	Ruy Lopez: Exchange Variation, Alekhine Variation
C.RyL.Mor.Opn.Dil	exact	22	22	C82	Ruy Lopez: Open, Dilworth Variation
C.RyL.Mor.Opn.Hwl	exact	17	17	C81	Ruy Lopez: Open, Howell Attack
C.RyL.Mor.Opn.Rig	exact	12	12	C80	Ruy Lopez: Open, Riga Variation
C.RyL.Mor.StD.Sie	exact	10	10	C74	Ruy Lopez: Morphy Defense, Modern Steinitz Defense, Siesta Variation
C.RyL.Mor.ClD	exact	8	8	C70	Ruy Lopez: Morphy Defense, Classical Defense Deferred
C.RyL.Mor.Fch	exact	8	8	C70	Ruy Lopez: Morphy Defense, Fianchetto Defense Deferred
C.RyL.Mor.Car	exact	8	8	C70	Ruy Lopez: Morphy Defense, Caro Variation
C.Ita.Giu.Grc	exact	11	11	C54	Italian Game: Classical Variation, Greco Gambit, Modern Line
C.Ita.Two.Ng5.Frt	exact	10	10	C57	Italian Game: Two Knights Defense, Fritz Variation
C.Ita.Two.Ng5.Lol	exact	11	11	C57	Italian Game: Two Knights Defense, Lolli Attack
C.KGm.Acc.Kie	exact	9	9	C39	King's Gambit Accepted: Kieseritzky Gambit
C.KGm.Acc.Muz	exact	9	9	C37	King's Gambit Accepted: Muzio Gambit, Wild Muzio Gambit
C.KGm.Acc.Bsh	exact	5	5	C33	King's Gambit Accepted: Bishop's Gambit
C.KGm.Acc.All	exact	9	9	C39	King's Gambit Accepted: Allgaier Gambit
C.KGm.Dec.Fal	exact	4	4	C31	King's Gambit Declined: Falkbeer Countergambit
C.Sco.Pot	prefix	8	11	C45	Scotch Game: Classical Variation
C.Sco.Gor.Dbl	exact	9	9	C44	Scotch Game: Göring Gambit, Double Pawn Sacrifice
C.Vie.Gbt.Fal	exact	6	6	C29	Vienna Game: Vienna Gambit, Main Line
C.Vie.Gbt.Hmp	prefix	5	9	C29	Vienna Game: Vienna Gambit
C.Vie.Cls	exact	5	5	C26	Vienna Game: Stanley Variation
C.Fou.Sco.Bel	exact	9	9	C47	Four Knights Game: Scotch Variation, Belgrade Gambit
C.Fou.Spa.Dbl	exact	8	8	C49	Four Knights Game: Spanish Variation, Double Spanish
C.Fou.Spa.Cls	exact	8	8	C48	Four Knights Game: Spanish Variation, Classical Variation
D.QGD.Jan	exact	6	6	D31	Queen's Gambit Declined: Janowski Variation
A.Kad	exact	1	1	A00	Kádas Opening
A.War	exact	1	1	A00	Ware Opening
A.VtK	exact	1	1	A00	Van't Kruijs Opening
A.Mie	exact	1	1	A00	Mieses Opening
A.And	exact	1	1	A00	Anderssen's Opening
A.Clm	exact	1	1	A00	Clemenz Opening
A.Ama	exact	1	1	A00	Amar Opening
A.Sod	exact	1	1	A00	Sodium Attack
A.Eng.Org	exact	3	3	A15	English Orangutan
A.Owe.Eng	prefix	2	4	A40	English Defense
A.Mik	exact	2	2	A40	Mikenas Defense
A.Hor	exact	2	2	A40	Horwitz Defense
A.Kan	exact	4	4	A40	Kangaroo Defense
A.Egl	exact	2	2	A40	Englund Gambit
A.Egl.Dec	exact	3	3	A40	Englund Gambit Declined
D.QPG	exact	2	2	D00	Queen's Pawn Game
D.QPG.Ama	exact	3	3	D00	Amazon Attack
D.QPG.Lev	exact	3	3	D00	Queen's Pawn Game: Levitsky Attack
D.Bgm.Acc	exact	8	8	D00	Blackmar-Diemer Gambit Accepted
D.Bgm.Dec	exact	8	8	D00	Blackmar-Diemer Gambit Declined: Brombacher Countergambit
D.Rub	exact	9	9	D05	Rubinstein Opening
D.Chi.Jan	exact	6	6	D07	Queen's Gambit Declined: Chigorin Defense
C.Thr	exact	5	5	C46	Three Knights Opening
C.Thr.Stn	exact	6	6	C46	Three Knights Opening: Steinitz Defense
C.Ele	exact	4	4	C40	Elephant Gambit
C.Dam	exact	4	4	C40	King's Pawn Game: Damiano Defense
C.Cen.Dsh.Acc	exact	6	6	C21	Danish Gambit Accepted
C.LtO.Acc	exact	5	5	C40	Latvian Gambit Accepted
C.KPO	exact	2	2	C20	King's Pawn Game
C.KPO.Nap	exact	3	3	C20	King's Pawn Game: Napoleon Attack
C.KPO.Prt	exact	3	3	C20	Portuguese Opening
C.KPO.Kgt	exact	3	3	C40	King's Knight Opening
B.Brg	exact	2	2	B00	Borg Defense
B.StG	exact	2	2	B00	St. George Defense
B.Lio	exact	5	5	B00	Lion Defense: Lion's Jaw
B.Rat	prefix	3	4	B00	Pirc Defense
B.Car	exact	2	2	B00	Carr Defense
B.Gld	exact	2	2	B00	Goldsmith Defense
B.Hip	exact	2	2	B00	Hippopotamus Defense
B.War	exact	2	2	B00	Ware Defense
B.OwM.Eng	prefix	2	4	B00	Owen Defense
E.Blf	exact	8	8	E10	Blumenfeld Countergambit
E.Blf.Acc	prefix	8	11	E10	Blumenfeld Countergambit
E.Gru.Neo	exact	6	6	D70	Neo-Grünfeld Defense: with g3
E.Ben.Bnk.Acc	exact	8	8	A57	Benko Gambit Accepted
E.Ben.Bnk.Dec	exact	7	7	A57	Benko Gambit Declined: Bishop Attack
E.Gru.Brn.Nad	prefix	10	11	D83	Grünfeld Defense: Brinckmann Attack, Grünfeld Gambit
D.QGA.Old	prefix	5	6	D20	Queen's Gambit Accepted: Old Variation
D.QGA.Ale	prefix	6	8	D20	Queen's Gambit Accepted: Central Variation, Alekhine System
D.QGA.Flo	exact	10	10	D20	Queen's Gambit Accepted: Linares Variation
D.QGA.Bog	exact	8	8	D25	Queen's Gambit Accepted: Winawer Defense
D.Sla.Sch	prefix	5	8	D10	Slav Defense
D.Sla.Qui	exact	8	8	D12	Slav Defense: Quiet Variation, Schallopp Defense
D.Sla.Cze	exact	11	11	D18	Slav Defense: Czech Variation, Classical System
D.Sla.Stn	prefix	5	8	D10	Slav Defense
D.Sem.Not	prefix	8	10	D43	Semi-Slav Defense
D.Sem.Mer.Rab	prefix	8	16	D43	Semi-Slav Defense
D.Sem.Mer.Lun	prefix	8	17	D43	Semi-Slav Defense
D.Sem.Bg5.Mos.Qxf6	exact	12	12	D43	Semi-Slav Defense: Moscow Variation
D.QGD.Ort.Rub	prefix	8	14	D53	Queen's Gambit Declined
D.QGD.Ort.Cap	prefix	8	16	D53	Queen's Gambit Declined
D.QGD.Exc.Car	prefix	6	12	D35	Queen's Gambit Declined: Normal Defense
D.QGD.Exc.Min	prefix	6	15	D35	Queen's Gambit Declined: Normal Defense
D.Cat.Ope.Yug	prefix	4	12	D30	Queen's Gambit Declined
D.Cat.Ope.Bb4	prefix	4	11	D30	Queen's Gambit Declined
D.Cat.Cls.Kor	prefix	4	14	D30	Queen's Gambit Declined
D.Tar.HSc	exact	8	8	D32	Tarrasch Defense: Schara Gambit
D.STa.Kmo	prefix	6	14	D35	Queen's Gambit Declined: Normal Defense
E.KID.Cls.Bol	exact	14	14	E94	King's Indian Defense: Orthodox Variation, Ukrainian Defense
E.KID.Cls.Ort	exact	14	14	E97	King's Indian Defense: Orthodox Variation, Aronin-Taimanov Defense
E.KID.Cls.Arb	prefix	14	15	E97	King's Indian Defense: Orthodox Variation, Aronin-Taimanov Defense
E.KID.Sml.Bob	exact	14	14	E83	King's Indian Defense: Sämisch Variation, Ruban Variation
E.KID.Sml.Krs	prefix	10	11	E81	King's Indian Defense: Sämisch Variation, Normal Defense
E.KID.Fch.Sim	prefix	5	14	E61	King's Indian Defense
E.KID.Fch.Kav	prefix	5	14	E61	King's Indian Defense
E.KID.Avk.Fle	prefix	12	13	E73	King's Indian Defense: Averbakh Variation, Flexible Defense
E.Nim.Rub.Flo	exact	10	10	E45	Nimzo-Indian Defense: St. Petersburg Variation, Fischer Variation
E.Nim.Rub.Res	exact	9	9	E47	Nimzo-Indian Defense: Normal Variation
E.Nim.Rub.Kmo	prefix	8	14	E46	Nimzo-Indian Defense: Normal Variation
E.Nim.Cls.Noa	prefix	9	11	E36	Nimzo-Indian Defense: Classical Variation, Noa Variation
E.Nim.Cls.Bot	prefix	10	12	E39	Nimzo-Indian Defense: Classical Variation, Berlin Variation, Pirc Variation
E.Nim.Cls.Mil	prefix	7	11	E32	Nimzo-Indian Defense: Classical Variation
E.Nim.Sml.Kmo	prefix	7	12	E24	Nimzo-Indian Defense: Sämisch Variation
E.QID.Pet.Kas	prefix	7	10	E12	Queen's Indian Defense: Petrosian Variation
E.QID.Mod.Fch	prefix	11	12	E17	Queen's Indian Defense: Classical Variation
E.QID.Euw	exact	9	9	E14	Queen's Indian Defense: Spassky System
E.Bog.Rom	prefix	8	10	E11	Bogo-Indian Defense: Exchange Variation
E.Bog.Ret.Fch	prefix	8	9	E11	Bogo-Indian Defense: Retreat Variation
E.OldI.Cls	prefix	7	8	A54	Old Indian Defense: Two Knights Variation
E.OldI.Jan	exact	6	6	A53	Old Indian Defense: Janowski Variation
E.Gru.Rus.Prz	prefix	9	12	D96	Grünfeld Defense: Russian Variation
E.Gru.Rus.Szs	prefix	9	12	D96	Grünfeld Defense: Russian Variation
E.Gru.Exc.SeV	prefix	8	12	D85	Grünfeld Defense: Exchange Variation
E.Gru.Exc.Mod	prefix	8	11	D85	Grünfeld Defense: Exchange Variation
E.Gru.Fch.Pac	prefix	8	12	D90	Grünfeld Defense: Three Knights Variation
E.Blf.Dec	exact	9	9	E10	Blumenfeld Countergambit: Duz-Khotimirsky Variation
A.Pol.Cen	exact	2	2	A00	Polish Opening, with d5
A.Pol.Bhm	exact	2	2	A00	Polish Opening: Birmingham Gambit
A.Pol.Cze	exact	4	4	A00	Polish Opening: Czech Defense
A.Gro.Gbt	exact	3	3	A00	Grob Opening: Grob Gambit
A.Gro.Zil	exact	5	5	A00	Grob Opening: Zilbermints Gambit
A.Hng.Cat	exact	4	4	A00	Hungarian Opening: Catalan Formation
A.Hng.Sic	exact	2	2	A00	Hungarian Opening: Sicilian Invitation
A.Van.ReN	exact	2	2	A00	Van Geet Opening: Reversed Nimzowitsch
A.Van.ReS	exact	7	7	A00	Van Geet Opening: Reversed Scandinavian
A.Van.Tub	exact	3	3	A00	Van Geet Opening: Tübingen Gambit
A.Bir.Dut	exact	2	2	A03	Bird Opening: Dutch Variation
A.Bir.Fro.Lsk	exact	8	8	A02	Bird Opening: From's Gambit, Lasker Variation
D.QPG.Lon	exact	3	3	D00	Queen's Pawn Game: Accelerated London System
D.QPG.Chi	exact	3	3	D00	Queen's Pawn Game: Chigorin Variation
D.QPG.Mas	exact	3	3	D00	Queen's Pawn Game: Mason Attack
D.QPG.Sto	exact	5	5	D00	Queen's Pawn Game: Stonewall Attack
D.QPG.Zuk	exact	3	3	D02	Queen's Pawn Game: Zukertort Variation
D.QPG.Tor	exact	5	5	D03	Queen's Pawn Game: Torre Attack
D.Bgm.Acc.Bog	exact	10	10	D00	Blackmar-Diemer Gambit Accepted: Bogoljubow Defense
D.Bgm.Acc.Euw	exact	10	10	D00	Blackmar-Diemer Gambit Accepted: Euwe Defense
D.Bgm.Acc.Tei	exact	10	10	D00	Blackmar-Diemer Gambit Accepted: Teichmann Defense
D.Chi.Exc	exact	6	6	D07	Queen's Gambit Declined: Chigorin Defense, Exchange Variation
D.Chi.Laz	exact	6	6	D07	Queen's Gambit Declined: Chigorin Defense, Lazard Gambit
D.Chi.MLn	exact	6	6	D07	Queen's Gambit Declined: Chigorin Defense, Main Line
D.Sla.Dim	exact	5	5	D10	Slav Defense: Diemer Gambit
D.Sla.Win	exact	6	6	D10	Slav Defense: Winawer Countergambit
D.Sla.Exc.Boo	exact	9	9	D10	Slav Defense: Exchange Variation, Boor Attack
D.Sla.Che.Adv	exact	9	9	D15	Slav Defense: Chebanenko Variation, Advance System
D.Sla.Cls.Bld	exact	11	11	D17	Slav Defense: Czech Variation, Bled Attack
D.Tar.Mar	exact	9	9	D32	Tarrasch Defense: Marshall Gambit
D.Tar.Prg	exact	12	12	D33	Tarrasch Defense: Prague Variation
D.Tar.Cls	exact	16	16	D34	Tarrasch Defense: Classical Variation
D.STa.Pil	exact	9	9	D40	Queen's Gambit Declined: Semi-Tarrasch Defense, Pillsbury Variation
D.STa.Sym	exact	14	14	D40	Queen's Gambit Declined: Semi-Tarrasch Defense, Symmetrical Variation
E.Bog.NEn	exact	7	7	E11	Bogo-Indian Defense: New England Variation
E.QID.Pet.And	exact	10	10	E12	Queen's Indian Defense: Kasparov-Petrosian Variation, Andersson Variation
E.QID.Pet.Hdg	exact	10	10	E12	Queen's Indian Defense: Kasparov-Petrosian Variation, Hedgehog Variation
E.Nim.Kas.Kor	exact	9	9	E21	Nimzo-Indian Defense: Three Knights Variation, Korchnoi Variation
E.Nim.Spl.Rom	exact	10	10	E23	Nimzo-Indian Defense: Spielmann Variation, Romanovsky Gambit
E.Nim.Lng.Avg	exact	12	12	E30	Nimzo-Indian Defense: Leningrad Variation, Averbakh Gambit
E.Nim.Cls.Zur	exact	8	8	E33	Nimzo-Indian Defense: Classical Variation, Zurich Variation
E.Nim.Rub.Tai	exact	8	8	E40	Nimzo-Indian Defense: Rubinstein System, Taimanov Variation
E.Nim.Rub.StP	exact	8	8	E43	Nimzo-Indian Defense: St. Petersburg Variation
E.QID.Mod.Sms	exact	10	10	E15	Queen's Indian Defense: Fianchetto Variation, Sämisch Variation
E.Gru.Fch.Euw	prefix	8	11	D90	Grünfeld Defense: Three Knights Variation
E.Blf.Spl	exact	12	12	E10	Blumenfeld Countergambit: Spielmann Variation
C.Ita.Evn.Acc	exact	8	8	C51	Italian Game: Evans Gambit Accepted
C.Ita.Evn.Dec	exact	8	8	C51	Italian Game: Evans Gambit Declined
C.RyL.Shl.Jae	exact	7	7	C63	Ruy Lopez: Schliemann Defense, Dyckhoff Variation
C.Pet.Thr	exact	5	5	C42	Petrov's Defense: Three Knights Game
A.Gro.Dbl	exact	2	2	A00	Grob Opening: Double Grob
A.Gro.Als	exact	2	2	A00	Grob Opening: Alessi Gambit
A.Gro.Kee	exact	6	6	A00	Grob Opening: Keene Defense
A.Gro.Spk	exact	5	5	A00	Grob Opening: Spike Attack
A.Hng.Sym	exact	2	2	A00	Hungarian Opening: Symmetrical Variation
A.Hng.Sla	exact	4	4	A00	Hungarian Opening: Slav Formation
A.Hng.ReM	exact	4	4	A00	Hungarian Opening: Reversed Modern Defense
A.Hng.ReA	exact	3	3	A00	Hungarian Opening: Reversed Alekhine
A.Pol.Dut	exact	2	2	A00	Polish Opening: Dutch Defense
A.Pol.Bug	exact	5	5	A00	Polish Opening: Bugayev Advance Variation
A.Pol.Bal	exact	4	4	A00	Polish Opening: Baltic Defense
A.Bir.Hob	exact	2	2	A02	Bird Opening: Hobbs Gambit
A.Bir.Hor	exact	2	2	A02	Bird Opening: Horsefly Defense
A.Bir.Muj	exact	3	3	A02	Bird Opening: Mujannah
A.Bir.Wil	exact	3	3	A03	Bird Opening: Williams Gambit
D.QPG.Lev.Wel	exact	4	4	D00	Queen's Pawn Game: Levitsky Attack, Welling Variation
D.QPG.Lon.Stn	exact	4	4	D00	Queen's Pawn Game: Accelerated London System, Steinitz Countergambit
D.QPG.Chi.Alb	exact	4	4	D00	Queen's Pawn Game: Chigorin Variation, Alburt Defense
D.QPG.Chi.Iri	exact	4	4	D00	Queen's Pawn Game: Chigorin Variation, Irish Gambit
D.QPG.Zur	exact	3	3	D00	Queen's Pawn Game: Zurich Gambit
D.QPG.Tor.Gos	exact	6	6	D03	Queen's Pawn Game: Torre Attack, Gossip Variation
D.Bgm.Acc.Gun	exact	10	10	D00	Blackmar-Diemer Gambit Accepted: Gunderam Defense
D.Bgm.Acc.Zie	exact	10	10	D00	Blackmar-Diemer Gambit Accepted: Ziegler Defense
D.Bgm.Dec.Elb	exact	8	8	D00	Blackmar-Diemer Gambit Declined: Elbert Countergambit
D.Bgm.Dec.Lam	exact	8	8	D00	Blackmar-Diemer Gambit Declined: Lamb Defense
D.Chi.Tar	exact	6	6	D07	Queen's Gambit Declined: Chigorin Defense, Tartakower Gambit
D.Chi.Jan.Mod	exact	8	8	D07	Queen's Gambit Declined: Chigorin Defense, Modern Gambit
D.Sla.Qui.Pin	exact	8	8	D11	Slav Defense: Quiet Variation, Pin Defense
D.Sla.Exc.Sym	exact	12	12	D14	Slav Defense: Exchange Variation, Symmetrical Line
D.Sla.Che.Bf5	exact	10	10	D15	Slav Defense: Chebanenko Variation
D.Sem.Not.Abr	prefix	8	12	D43	Semi-Slav Defense
D.Sem.Bg5.Mos.Hst	exact	13	13	D43	Semi-Slav Defense: Hastings Variation
B.Sca.MLn	prefix	4	5	B01	Scandinavian Defense: Mieses-Kotroc Variation
B.Sca.Mod.Mie	prefix	6	7	B01	Scandinavian Defense: Main Line
B.Sca.Nf6	exact	4	4	B01	Scandinavian Defense: Modern Variation
B.Sca.Nf6.Mar	exact	6	6	B01	Scandinavian Defense: Marshall Variation
B.Fre.Win.Arm	exact	10	10	C17	French Defense: Winawer Variation, Retreat Variation
B.Fre.Tar.Gui	exact	6	6	C03	French Defense: Tarrasch Variation, Guimard Defense
B.Fre.Adv.Nim	exact	10	10	C02	French Defense: Advance Variation, Wade Variation
B.CaK.Adv.Bot	exact	6	6	B12	Caro-Kann Defense: Advance Variation, Botvinnik-Carls Defense
B.Pir.Aus.Drg	exact	10	10	B09	Pirc Defense: Austrian Attack
C.Ita.Evn.Acc.Stn	exact	10	10	C52	Italian Game: Evans Gambit, Main Line
C.Bsh.Ber	exact	4	4	C24	Bishop's Opening: Berlin Defense
C.Bsh.Cal	exact	4	4	C23	Bishop's Opening: Calabrese Countergambit
C.Pet.Thr.Fou	prefix	5	6	C42	Petrov's Defense: Three Knights Game
E.QID.Nim.NAt	exact	9	9	E15	Queen's Indian Defense: Fianchetto Variation, Nimzowitsch Variation, Nimzowitsch Attack
E.QID.Nim.Qui	exact	9	9	E15	Queen's Indian Defense: Fianchetto Variation, Nimzowitsch Variation, Quiet Line
E.QID.Cls.Krm	exact	13	13	E17	Queen's Indian Defense: Fianchetto Variation, Kramnik Variation
E.Gru.Neo.Exc	prefix	6	9	D70	Neo-Grünfeld Defense: with g3
E.Bog.Grn	exact	7	7	E11	Bogo-Indian Defense: Grünfeld Variation
A.Ama.Par	exact	5	5	A00	Amar Opening: Paris Gambit
A.And.Pol	exact	3	3	A00	Anderssen's Opening: Polish Gambit
A.Clm.Spk	exact	3	3	A00	Clemenz Opening: Spike Lee Gambit
A.Kad.Beg	exact	3	3	A00	Kádas Opening: Beginner's Trap
A.Kad.Koo	exact	2	2	A00	Kádas Opening: Koola-Koola Variation
A.Kad.Sch	exact	2	2	A00	Kádas Opening: Schneider Gambit
A.Mie.ReR	exact	2	2	A00	Mieses Opening: Reversed Rat
A.Mie.Ven	exact	5	5	A00	Mieses Opening: Venezolana Variation
A.Lar.Mod	exact	4	4	A01	Nimzo-Larsen Attack: Modern Variation
A.Lon.Psn	prefix	5	9	D02	Queen's Pawn Game: London System
A.Tor.Nim	exact	6	6	A46	Torre Attack: Classical Defense, Nimzowitsch Variation
A.Pol.Out	prefix	1	4	A00	Polish Opening
B.Sic.Ros.Cls	exact	6	6	B31	Sicilian Defense: Nyezhmetdinov-Rossolimo Attack, Fianchetto Variation
B.Sic.Ros.Nim	prefix	5	6	B30	Sicilian Defense: Nyezhmetdinov-Rossolimo Attack
B.Sic.Alp.Nf6	prefix	3	4	B22	Sicilian Defense: Alapin Variation
B.Sic.Alp.Cen	prefix	3	4	B22	Sicilian Defense: Alapin Variation
B.Sic.SmM.Acc	exact	6	6	B21	Sicilian Defense: Smith-Morra Gambit Accepted
B.Sic.SmM.Dec	exact	6	6	B21	Sicilian Defense: Smith-Morra Gambit Declined, Alapin Formation
B.Sic.OKe.MLn	prefix	5	10	B28	Sicilian Defense: O'Kelly Variation, Normal System
B.CaK.Pmv.Fch	exact	10	10	B14	Caro-Kann Defense: Panov Attack, Fianchetto Defense
B.CaK.Pmv.Nc6	exact	10	10	B13	Caro-Kann Defense: Panov Attack, Modern Defense
B.Ale.Fou.Trd	prefix	9	12	B03	Alekhine Defense: Four Pawns Attack
B.Pir.Aus.Unz	prefix	7	12	B09	Pirc Defense: Austrian Attack
B.Fre.Exc.Mon	exact	7	7	C01	French Defense: Exchange Variation, Monte Carlo Variation
C.RyL.Ber.Cls	prefix	7	8	C65	Ruy Lopez: Berlin Defense
C.RyL.Mor.Ark.Ctr	prefix	12	13	C78	Ruy Lopez: Morphy Defense, Arkhangelsk Variation
C.Ita.Pia.Nf6	prefix	7	8	C50	Italian Game: Giuoco Pianissimo
C.Ita.Pia.Wai	prefix	7	8	C50	Italian Game: Giuoco Pianissimo
C.Sco.Cls.Sch	prefix	8	12	C45	Scotch Game: Classical Variation
C.Sco.Mie.Ste	prefix	8	10	C45	Scotch Game: Schmidt Variation
C.Pet.Mod.Stn	prefix	6	8	C43	Petrov's Defense: Modern Attack
C.PhD.Exc	exact	7	7	C41	Philidor Defense: Exchange Variation
C.Bsh.Urs.Kei	prefix	7	8	C43	Bishop's Opening: Urusov Gambit
C.KGm.Dec.Cls	prefix	4	6	C30	King's Gambit Declined: Classical Variation
D.QGA.Cen.McD	exact	6	6	D20	Queen's Gambit Accepted: Central Variation, McDonnell Defense
D.QGA.Cen.Gre	exact	6	6	D20	Queen's Gambit Accepted: Central Variation, Greco Variation
D.QGA.Cen.Mod	exact	6	6	D20	Queen's Gambit Accepted: Central Variation, Modern Defense
D.QGA.Cls.Rub	exact	13	13	D27	Queen's Gambit Accepted: Classical Defense, Rubinstein Variation
D.QGA.Cls.Ale	exact	13	13	D28	Queen's Gambit Accepted: Classical Defense, Alekhine System
D.Sem.Mar	exact	7	7	D31	Semi-Slav Defense: Marshall Gambit
D.Sem.Mar.MLn	exact	11	11	D31	Semi-Slav Defense: Marshall Gambit, Main Line
D.Sem.Bg5.Bot.MLn	prefix	11	15	D44	Semi-Slav Defense: Botvinnik Variation
D.STa.End	prefix	6	15	D35	Queen's Gambit Declined: Normal Defense
D.QGD.Rag.Bg5	prefix	6	9	D35	Queen's Gambit Declined: Normal Defense
E.Nim.Kas.Euw	exact	10	10	E21	Nimzo-Indian Defense: Three Knights Variation, Euwe Variation
E.Nim.Sml.OKe	exact	12	12	E26	Nimzo-Indian Defense: Sämisch Variation, O'Kelly Variation
E.QID.Mod.Brg	exact	13	13	E15	Queen's Indian Defense: Buerger Variation
E.QID.Cls.Tiv	exact	14	14	E18	Queen's Indian Defense: Classical Variation, Tiviakov Defense
E.KID.Cls.Kor	exact	17	17	E98	King's Indian Defense: Orthodox Variation, Classical System
E.OldI.Fch	prefix	7	9	A54	Old Indian Defense: Two Knights Variation
E.Ben.Old.Adv	exact	3	3	A43	Benoni Defense: Old Benoni
E.Ben.Old.Sch	exact	6	6	A43	Benoni Defense: Old Benoni, Schmid Variation
E.Ben.Old.Sna	exact	4	4	A43	Benoni Defense: Snail Variation
E.Ben.Old.Zil	exact	3	3	A43	Benoni Defense: Zilbermints-Benoni Gambit
E.Ben.Mod.Snk	exact	10	10	A60	Benoni Defense: Modern Variation, Snake Variation
E.Ben.Mod.Tai	exact	15	15	A67	Benoni Defense: Taimanov Variation
A.Hol.Rap	exact	3	3	A80	Dutch Defense: Raphael Variation
A.Hol.Kre	exact	3	3	A80	Dutch Defense: Krejcik Gambit
A.Hol.Alp	exact	3	3	A80	Dutch Defense: Alapin Variation
A.Eng.Sym.Rub	prefix	3	10	A30	English Opening: Symmetrical Variation
B.Sic.Dra.Yug.Sol	exact	19	19	B78	Sicilian Defense: Dragon Variation, Yugoslav Attack
B.Sic.Dra.Yug.Chn	exact	20	20	B78	Sicilian Defense: Dragon Variation, Yugoslav Attack, Old Line
B.Sic.Cls.Soz	exact	11	11	B57	Sicilian Defense: Classical Variation, Sozin Attack
B.Sic.Cls.Bol	exact	12	12	B58	Sicilian Defense: Boleslavsky Variation
B.Sic.Kan.Tal	prefix	9	12	B41	Sicilian Defense: Kan Variation, Maróczy Bind, Réti Variation
B.Sic.Kan.Koc	prefix	9	12	B42	Sicilian Defense: Kan Variation, Modern Variation
B.CaK.Cls.Spd	prefix	6	12	B15	Caro-Kann Defense
B.CaK.Kar.Sml	prefix	6	10	B15	Caro-Kann Defense
B.Ale.Mod.KID	exact	8	8	B04	Alekhine Defense: Modern Variation, Alburt Variation
B.Pir.150.Arg	prefix	6	8	B07	Pirc Defense
C.RyL.Ber.Wal	prefix	10	14	C67	Ruy Lopez: Berlin Defense, l'Hermet Variation
C.RyL.Mor.Ark.Qe2	prefix	12	13	C78	Ruy Lopez: Morphy Defense, Arkhangelsk Variation
C.RyL.Mor.NeA.Ctr	prefix	10	11	C78	Ruy Lopez: Morphy Defense, Neo-Arkhangelsk Variation
C.Ita.Evn.Acc.Mor	prefix	12	13	C52	Italian Game: Evans Gambit, Pierce Defense
C.Ita.Two.Ng5.Nxd	prefix	8	10	C57	Italian Game: Two Knights Defense, Knight Attack, Normal Variation
C.Sco.Gor.Nc3	prefix	7	9	C44	Scotch Game: Göring Gambit
C.Sco.Gbt.Max	prefix	8	9	C44	Scotch Game: Haxo Gambit
C.Vie.Gbt.Pie	prefix	5	7	C29	Vienna Game: Vienna Gambit
C.Pet.Coc.Kin	exact	9	9	C42	Petrov's Defense: Cochrane Gambit, Center Variation
C.KGm.Acc.Muz.Dbl	prefix	9	10	C37	King's Gambit Accepted: Muzio Gambit, Wild Muzio Gambit
D.QGA.Jan.Fur	exact	7	7	D21	Queen's Gambit Accepted: Alekhine Defense, Borisenko-Furman Variation
D.QGA.Man.MLn	prefix	7	8	D23	Queen's Gambit Accepted: Mannheim Variation
D.QGD.Cmb.Yug	prefix	10	15	D51	Queen's Gambit Declined: Modern Variation, Knight Defense
D.QGD.Lsk.MLn	prefix	8	15	D53	Queen's Gambit Declined
D.QGD.Tar.Mak	prefix	8	15	D53	Queen's Gambit Declined
D.Sem.AMe.Bd3	prefix	8	13	D43	Semi-Slav Defense
D.Sem.Not.Ant	prefix	8	11	D43	Semi-Slav Defense
D.Sla.Cze.Kra	exact	11	11	D17	Slav Defense: Czech Variation, Krause Attack
D.Cat.Cls.Qc2.Btr	prefix	4	15	D30	Queen's Gambit Declined
D.Cat.Ope.Bb4.Mod	prefix	4	13	D30	Queen's Gambit Declined
E.Nim.Cls.Zur.Mil	exact	10	10	E33	Nimzo-Indian Defense: Classical Variation, Milner-Barry Variation
E.Nim.Rub.Hub.MLn	exact	14	14	E41	Nimzo-Indian Defense: Rubinstein System, Hübner Variation
E.Nim.Sml.Bot.MLn	prefix	7	14	E20	Nimzo-Indian Defense: Kmoch Variation
E.QID.Nim.Tim	exact	9	9	E15	Queen's Indian Defense: Fianchetto Variation, Nimzowitsch Variation, Timman's Line
E.QID.Nim.Int	prefix	10	11	E15	Queen's Indian Defense: Fianchetto Variation, Check Variation
E.KID.Mak.Krs	prefix	9	11	E71	King's Indian Defense: Makogonov Variation
E.KID.Cls.Byn.Nd2	prefix	17	19	E97	King's Indian Defense: Orthodox Variation, Bayonet Attack
E.KID.Fou.MLn	prefix	13	14	E76	King's Indian Defense: Four Pawns Attack, Dynamic Attack
E.Blf.Acc.MLn	exact	12	12	E10	Blumenfeld Countergambit Accepted
E.OldI.Cls.Cze	prefix	7	11	A54	Old Indian Defense: Two Knights Variation
A.OID	exact	3	3	A41	Old Indian Defense
A.OID.Wad	exact	4	4	A41	Wade Defense
A.OID.Nf6	prefix	3	4	A41	Old Indian Defense
A.Mod	prefix	2	4	A40	Queen's Pawn Game: Modern Defense
A.Mod.Avk	exact	7	7	A42	Modern Defense: Averbakh System
A.Mod.Ran	exact	8	8	A42	Modern Defense: Randspringer Variation
A.Mod.Pte	exact	8	8	A40	Pterodactyl Defense: Fianchetto, Queen Benoni Pterodactyl
A.PQI	exact	4	4	A47	Pseudo Queen's Indian Defense
A.PQI.Bf4	prefix	4	6	A47	Pseudo Queen's Indian Defense
A.PQI.Fch	prefix	4	7	A47	Pseudo Queen's Indian Defense
A.PQI.Tor	prefix	4	6	A47	Pseudo Queen's Indian Defense
A.EID	exact	4	4	A48	East Indian Defense
A.EID.Fch	prefix	5	6	A49	Indian Defense: Przepiorka Variation
A.EID.Prz	prefix	5	10	A49	Indian Defense: Przepiorka Variation
A.EID.Col	prefix	4	7	A48	East Indian Defense
E.Ind	exact	3	3	A50	Indian Defense: Normal Variation
E.Ind.Tgo	exact	4	4	A50	Mexican Defense
E.Ind.Tgo.Nf3	prefix	4	5	A50	Mexican Defense
E.Ind.QID	exact	4	4	A50	Queen's Indian Accelerated
E.Bud	exact	4	4	A51	Indian Defense: Budapest Defense
E.Bud.Faj	exact	6	6	A51	Indian Defense: Budapest Defense, Fajarowicz Variation
E.Bud.Faj.Bns	exact	8	8	A51	Indian Defense: Budapest Defense, Fajarowicz Defense, Bonsdorf Variation
E.Bud.Faj.Ste	prefix	7	8	A51	Indian Defense: Budapest Defense, Fajarowicz-Steiner Variation
E.Bud.Adl	exact	7	7	A52	Indian Defense: Budapest Defense, Adler Variation
E.Bud.Rub	exact	7	7	A52	Indian Defense: Budapest Defense, Rubinstein Variation
E.Bud.Alk	exact	7	7	A52	Indian Defense: Budapest Defense, Alekhine Variation
D.QGD.Mar	exact	4	4	D06	Queen's Gambit Declined: Marshall Defense
D.QGD.Mar.Exc	prefix	4	6	D06	Queen's Gambit Declined: Marshall Defense
D.QGD.Mar.e4	prefix	4	7	D06	Queen's Gambit Declined: Marshall Defense
D.QGD.Bal	exact	4	4	D06	Queen's Gambit Declined: Baltic Defense
D.QGD.Bal.Que	exact	5	5	D06	Queen's Gambit Declined: Baltic Defense, Queen Attack
D.QGD.Bal.Nc3	prefix	4	6	D06	Queen's Gambit Declined: Baltic Defense
A.Tro.Cls	exact	4	4	A45	Trompowsky Attack: Classical Defense
A.Tro.Rap	prefix	3	4	A45	Trompowsky Attack
A.Tro.Psn	prefix	3	6	A45	Trompowsky Attack
A.Tor.ClD	prefix	5	6	A46	Torre Attack: Classical Defense
A.Tor.Yus	prefix	5	7	A46	Torre Attack: Classical Defense
A.Col.Kol	prefix	7	9	D05	Queen's Pawn Game: Colle System
A.Col.Zuk	prefix	7	9	D05	Queen's Pawn Game: Colle System
A.Col.Phn	prefix	7	10	D05	Queen's Pawn Game: Colle System
A.Lon.Cls	prefix	5	7	D02	Queen's Pawn Game: London System
A.Lon.Msn	prefix	5	7	D02	Queen's Pawn Game: London System
A.Lon.Job.Nc6	prefix	5	6	D01	Rapport-Jobava System
A.Ret.KIA	prefix	3	8	A07	King's Indian Attack
A.Ret.Nim	prefix	3	5	A06	Nimzo-Larsen Attack: Classical Variation
A.Ret.Eng	prefix	2	7	A05	Zukertort Opening
A.KIA.Sic	prefix	4	7	B40	Sicilian Defense: French Variation
A.KIA.Car	prefix	3	5	B10	Caro-Kann Defense: Breyer Variation
D.QPG.Zuk.Col	exact	6	6	D05	Queen's Pawn Game: Colle System
D.QPG.Ver	prefix	3	5	D00	Queen's Pawn Game: Chigorin Variation
C.RyL.Cls.Smy	exact	18	18	C93	Ruy Lopez: Closed, Smyslov Defense
C.RyL.Cls.Kho	exact	18	18	C92	Ruy Lopez: Closed, Karpov Variation
C.RyL.Cls.Cen	exact	17	17	C91	Ruy Lopez: Closed, Yates Variation
C.RyL.Brk.Qui	exact	19	19	C94	Ruy Lopez: Closed, Breyer Defense, Quiet Variation
C.RyL.Brk.MLn	exact	24	24	C95	Ruy Lopez: Closed, Breyer Defense
C.RyL.Brk.Nh4	exact	21	21	C95	Ruy Lopez: Closed, Breyer Defense
C.RyL.Brk.ZHy	prefix	20	22	C95	Ruy Lopez: Closed, Breyer Defense, Zaitsev Hybrid
C.RyL.Zai.MLn	prefix	18	22	C92	Ruy Lopez: Closed, Flohr System
C.RyL.Zai.Flo	prefix	18	21	C92	Ruy Lopez: Closed, Flohr System
C.RyL.Zai.SmB	exact	24	24	C92	Ruy Lopez: Closed, Smyslov-Breyer-Zaitsev Hybrid
C.RyL.Cha.MLn	exact	20	20	C96	Ruy Lopez: Closed, Chigorin Defense
C.RyL.Cha.Gaj	exact	20	20	C96	Ruy Lopez: Closed, Chigorin Defense, Gajewski Gambit
C.RyL.Cha.Ker	exact	22	22	C96	Ruy Lopez: Closed, Keres Defense
C.RyL.Cha.Ros	exact	22	22	C96	Ruy Lopez: Closed, Rossolimo Defense
C.RyL.Cha.Pan	exact	25	25	C99	Ruy Lopez: Closed, Chigorin Defense, Panov System
C.RyL.Cha.Yug	exact	28	28	C97	Ruy Lopez: Closed, Chigorin, Yugoslav System
B.Sic.Cls.Rch.MLn	prefix	14	16	B63	Sicilian Defense: Richter-Rauzer Variation, Classical Variation
B.Sic.Cls.Rch.Lip	exact	17	17	B64	Sicilian Defense: Richter-Rauzer Variation, Classical Variation
B.Sic.Cls.Rch.Psn	exact	14	14	B63	Sicilian Defense: Richter-Rauzer Variation, Ivanov Variation
B.Sic.Cls.Rch.Drg	prefix	11	12	B60	Sicilian Defense: Richter-Rauzer Variation
B.Sic.Cls.Rch.Bc4	prefix	12	13	B62	Sicilian Defense: Richter-Rauzer Variation
B.Sic.Cls.Soz.Vel	prefix	11	15	B57	Sicilian Defense: Classical Variation, Sozin Attack
B.Sic.Cls.Soz.Fis	prefix	11	17	B57	Sicilian Defense: Classical Variation, Sozin Attack
B.Sic.Cls.Bol.MLn	prefix	12	16	B58	Sicilian Defense: Boleslavsky Variation
B.Sic.Dra.Cls.Nrm	prefix	11	18	B70	Sicilian Defense: Dragon Variation, Classical Variation
B.Sic.Dra.Cls.Ams	prefix	11	17	B70	Sicilian Defense: Dragon Variation, Classical Variation
E.Ben.Mod.Cls.MLn	exact	17	17	A73	Benoni Defense: Classical Variation, Main Line
E.Ben.Mod.Cls.Nd2	prefix	16	17	A72	Benoni Defense: Classical Variation
E.Ben.Mod.Cls.Bg5	prefix	16	17	A72	Benoni Defense: Classical Variation
E.Ben.Mod.Cls.Rb1	prefix	16	17	A72	Benoni Defense: Classical Variation
E.Ben.Mod.Cls.h3	prefix	16	17	A72	Benoni Defense: Classical Variation
E.Ben.Mod.Fch.MLn	prefix	6	16	A60	Benoni Defense: Modern Variation
E.Ben.Mod.Fch.Nd2	prefix	6	17	A60	Benoni Defense: Modern Variation
E.Ben.Mod.Fch.Bf4	prefix	6	17	A60	Benoni Defense: Modern Variation
E.Ben.Mod.Fou.MLn	exact	16	16	A68	Benoni Defense: Four Pawns Attack
D.QGD.Vie.Fur	prefix	6	10	D35	Queen's Gambit Declined: Normal Defense
D.QGD.Vie.Que	prefix	6	10	D35	Queen's Gambit Declined: Normal Defense
D.QGD.Vie.MLn	prefix	6	11	D35	Queen's Gambit Declined: Normal Defense
D.QGD.Vie.Qa4	prefix	6	11	D35	Queen's Gambit Declined: Normal Defense
D.QGD.Ort.MLn	prefix	8	15	D53	Queen's Gambit Declined
D.QGD.Ort.Pil	prefix	8	15	D53	Queen's Gambit Declined
D.QGD.Ort.Te7	prefix	8	15	D53	Queen's Gambit Declined
D.QGD.Ort.Hne	prefix	8	18	D53	Queen's Gambit Declined
D.Sla.Cls.MLn	prefix	11	14	D18	Slav Defense: Czech Variation, Classical System
D.Sem.Mer.MLn	prefix	8	17	D43	Semi-Slav Defense
E.KID.Sml.Ort.MLn	exact	14	14	E86	King's Indian Defense: Sämisch Variation
E.KID.Sml.Ort.d5	exact	13	13	E87	King's Indian Defense: Sämisch Variation, Closed Variation
E.KID.Sml.Ort.Exc	prefix	12	13	E85	King's Indian Defense: Sämisch Variation, Orthodox Variation
E.KID.Fch.Yug.MLn	prefix	13	14	E65	King's Indian Defense: Fianchetto Variation, Yugoslav Variation
E.KID.Fch.Yug.Exc	prefix	13	15	E65	King's Indian Defense: Fianchetto Variation, Yugoslav Variation
A.Hol.Lng.MLn	prefix	9	12	A87	Dutch Defense: Leningrad Variation
A.Hol.Lng.War	exact	14	14	A88	Dutch Defense: Leningrad Variation, Warsaw Variation
A.Hol.Lng.Mat	exact	14	14	A89	Dutch Defense: Leningrad Variation, Matulovic Variation
A.Hol.Cls.IZh.Win	exact	15	15	A97	Dutch Defense: Classical Variation, Ilyin-Zhenevsky Variation, Winter Variation
A.Hol.Cls.IZh.Ala	exact	15	15	A98	Dutch Defense: Classical Variation, Ilyin-Zhenevsky Variation, Alatortsev-Lisitsyn Line
A.Ver.Cls	prefix	5	6	D01	Richter-Veresov Attack
A.Ver.Ric	prefix	3	6	D00	Queen's Pawn Game: Chigorin Variation
A.Mik.Eng	prefix	2	4	A40	Mikenas Defense
A.Hor.Ker	prefix	2	6	A40	Horwitz Defense
A.Egl.Cha	exact	4	4	A40	Englund Gambit: Hartlaub-Charlick Gambit
B.Fre.Tar.Cls.MLn	prefix	6	8	C05	French Defense: Tarrasch Variation, Closed Variation
B.Fre.Tar.Cls.Be7	prefix	6	10	C05	French Defense: Tarrasch Variation, Closed Variation
B.Fre.Tar.Cls.c5	prefix	9	10	C05	French Defense: Tarrasch Variation, Pawn Center Variation
B.Fre.Tar.Cls.Kor	prefix	12	14	C05	French Defense: Tarrasch Variation, Closed Variation
B.Sic.Clo.Fch.MLn	exact	10	10	B25	Sicilian Defense: Closed
B.Sic.Clo.Fch.Bot	exact	11	11	B25	Sicilian Defense: Closed
B.Sic.Clo.Fch.Eng	exact	11	11	B26	Sicilian Defense: Closed
B.Nim.Col	exact	4	4	B00	Nimzowitsch Defense: Colorado Countergambit
B.OwM.Mat	prefix	2	6	B00	Owen Defense
B.Pir.Aus.Byr	prefix	7	9	B09	Pirc Defense: Austrian Attack
C.KGm.Acc.Kie.Lon	exact	10	10	C39	King's Gambit Accepted: Kieseritzky Gambit, Kolisch Defense
C.KGm.Acc.Bsh.Ble	exact	8	8	C33	King's Gambit Accepted: Bishop's Gambit, Lopez Variation
C.LtO.Gre	prefix	4	6	C40	Latvian Gambit
C.Ele.Pau	exact	6	6	C40	Elephant Gambit: Paulsen Countergambit
C.Pon.Ste	prefix	5	6	C44	Ponziani Opening
C.Cen.Ber	exact	8	8	C22	Center Game: Berger Variation
C.Thr.Win	exact	6	6	C46	Three Knights Opening: Winawer Defense
C.PhD.Nim	prefix	8	12	C41	Philidor Defense: Lion Variation
C.Bsh.Lew	exact	6	6	C23	Bishop's Opening: Lewis Countergambit
C.Sco.Mie.Pot	prefix	8	11	C45	Scotch Game: Schmidt Variation
D.Alb.Las	prefix	4	8	D08	Queen's Gambit Declined: Albin Countergambit
D.Alb.Nrm	prefix	7	8	D08	Queen's Gambit Declined: Albin Countergambit, Normal Line
D.Bgm.Acc.Ryd	exact	9	9	D00	Blackmar-Diemer Gambit Accepted: Ryder Gambit
D.Rub.Col	prefix	9	10	D05	Rubinstein Opening
D.QGD.Rag.Vie	prefix	6	10	D35	Queen's Gambit Declined: Normal Defense
D.QGD.Tar.MLn	prefix	8	14	D53	Queen's Gambit Declined
D.QGD.Lsk.Te7	prefix	8	16	D53	Queen's Gambit Declined
D.Sla.Exc.MLn	prefix	5	10	D10	Slav Defense: Exchange Variation
D.Sla.Che.MLn	prefix	8	10	D15	Slav Defense: Chebanenko Variation
D.Sem.Bg5.Bot.Ekf	prefix	11	18	D44	Semi-Slav Defense: Botvinnik Variation
E.Gru.Rus.Hng	exact	13	13	D97	Grünfeld Defense: Russian Variation
E.Gru.Rus.Leo	exact	14	14	D97	Grünfeld Defense: Russian Variation, Szabo Variation
E.Gru.Fch.MLn	prefix	8	13	D90	Grünfeld Defense: Three Knights Variation
E.Gru.Neo.Kem	prefix	6	10	D70	Neo-Grünfeld Defense: with g3
E.Nim.Lng.MLn	exact	12	12	E31	Nimzo-Indian Defense: Leningrad Variation, Benoni Defense
E.Nim.Rub.Hub.Rau	prefix	14	15	E41	Nimzo-Indian Defense: Rubinstein System, Hübner Variation
E.KID.Cls.Mar.MLn	prefix	17	18	E98	King's Indian Defense: Orthodox Variation, Classical System
E.KID.Cls.Pet.MLn	exact	14	14	E92	King's Indian Defense: Petrosian Variation, Stein Defense
E.KID.Fch.Pan.MLn	prefix	5	16	E61	King's Indian Defense
E.KID.Avk.Fle.MLn	prefix	12	14	E73	King's Indian Defense: Averbakh Variation, Flexible Defense
A.Lar.Cls	prefix	2	5	A01	Nimzo-Larsen Attack: Classical Variation
A.Lar.Fch	prefix	5	6	A01	Nimzo-Larsen Attack: Modern Variation
A.Owe.Fch	prefix	2	7	A40	English Defense
A.War.Mad	prefix	1	4	A00	Ware Opening
A.VtK.FrD	prefix	1	5	A00	Van't Kruijs Opening
A.VtK.Sic	prefix	1	5	A00	Van't Kruijs Opening
A.Sod.Dur	prefix	1	4	A00	Sodium Attack
A.Mik.Ker	exact	6	6	A40	Mikenas Defense: Lithuanian Variation
A.Hor.Fch	prefix	2	4	A40	Horwitz Defense
A.Kan.MLn	exact	5	5	A40	Kangaroo Defense: Keres Defense, Transpositional Variation
A.Kan.Nf3	prefix	5	7	A40	Kangaroo Defense: Keres Defense, Transpositional Variation
A.Egl.Har	exact	6	6	A40	Englund Gambit: Main Line
A.OID.Mod	prefix	3	4	A41	Old Indian Defense
A.OID.Nf6.e4	prefix	3	7	A41	Old Indian Defense
A.Ver.Hub	prefix	3	7	D00	Queen's Pawn Game: Chigorin Variation
B.Brg.Gro	exact	4	4	B00	Borg Defense: Borg Gambit
B.StG.Bas	prefix	2	4	B00	St. George Defense
B.Lio.Han	prefix	5	6	B00	Lion Defense: Lion's Jaw
B.Rat.Sma	prefix	3	5	B00	Pirc Defense
B.Car.Ham	prefix	2	4	B00	Carr Defense
B.Gld.Pck	prefix	2	4	B00	Goldsmith Defense
B.Hip.Ama	prefix	2	4	B00	Hippopotamus Defense
B.War.Mat	prefix	2	4	B00	Ware Defense
B.Nim.ScD	exact	4	4	B00	Nimzowitsch Defense: Scandinavian Variation
B.OwM.Smi	prefix	2	6	B00	Owen Defense
C.Dam.Nim	prefix	4	6	C40	King's Pawn Game: Damiano Defense
C.Dam.Ger	prefix	4	6	C40	King's Pawn Game: Damiano Defense
C.Ele.Nor	prefix	6	7	C40	Elephant Gambit: Paulsen Countergambit
C.LtO.Bil	prefix	4	6	C40	Latvian Gambit
C.Thr.Stn.MLn	prefix	6	9	C46	Three Knights Opening: Steinitz Defense
C.KGm.Dec.Fal.MLn	exact	6	6	C31	King's Gambit Declined: Falkbeer Countergambit, Staunton Line
C.KGm.Acc.All.MLn	prefix	9	10	C39	King's Gambit Accepted: Allgaier Gambit
C.KGm.Acc.Muz.Coc	exact	10	10	C37	King's Gambit Accepted: Muzio Gambit, Brentano Defense
C.LtO.Acc.MLn	prefix	5	6	C40	Latvian Gambit Accepted
C.Ele.Pau.MLn	prefix	6	8	C40	Elephant Gambit: Paulsen Countergambit
D.Alb.Las.MLn	prefix	4	9	D08	Queen's Gambit Declined: Albin Countergambit
D.Alb.Nrm.MLn	prefix	7	9	D08	Queen's Gambit Declined: Albin Countergambit, Normal Line
D.Bgm.Acc.Ryd.MLn	prefix	9	10	D00	Blackmar-Diemer Gambit Accepted: Ryder Gambit
D.Bgm.Dec.Lam.MLn	prefix	8	9	D00	Blackmar-Diemer Gambit Declined: Lamb Defense
D.Rub.Col.MLn	prefix	9	11	D05	Rubinstein Opening
D.QGD.Jan.MLn	prefix	6	8	D31	Queen's Gambit Declined: Janowski Variation
D.QGD.Bal.MLn	prefix	4	8	D06	Queen's Gambit Declined: Baltic Defense
D.Sla.Qui.MLn	prefix	8	9	D12	Slav Defense: Quiet Variation, Schallopp Defense
D.Sla.Sch.MLn	prefix	5	10	D10	Slav Defense
D.QGD.Mar.MLn	prefix	4	8	D06	Queen's Gambit Declined: Marshall Defense
E.Ind.QID.MLn	prefix	4	6	A50	Queen's Indian Accelerated
E.Ind.Tgo.MLn	prefix	4	6	A50	Mexican Defense
E.Gru.Brn.MLn	prefix	10	11	D83	Grünfeld Defense: Brinckmann Attack, Grünfeld Gambit
E.Nim.Rom.MLn	prefix	7	10	E20	Nimzo-Indian Defense: Romanishin Variation
E.KID.Mak.MLn	prefix	9	11	E71	King's Indian Defense: Makogonov Variation
A.Eng.Sym.Hdg.MLn	prefix	3	15	A30	English Opening: Symmetrical Variation
A.Eng.Sym.Rub.MLn	prefix	3	13	A30	English Opening: Symmetrical Variation
A.Eng.Rev.Fou.MLn	prefix	7	10	A29	English Opening: King's English Variation, Four Knights Variation, Fianchetto Line
A.Eng.Rev.Bot.MLn	prefix	8	13	A25	English Opening: King's English Variation, Taimanov Variation
A.Eng.Mik.MLn	prefix	4	8	A17	English Opening: Anglo-Indian Defense, Hedgehog System
A.Ret.KIA.MLn	prefix	3	11	A07	King's Indian Attack
A.Ret.Nim.MLn	prefix	3	8	A06	Nimzo-Larsen Attack: Classical Variation
A.Lon.Cls.MLn	prefix	5	11	D02	Queen's Pawn Game: London System
A.Col.Kol.MLn	prefix	7	12	D05	Queen's Pawn Game: Colle System
A.Pol.Cen.MLn	prefix	2	7	A00	Polish Opening, with d5
B.Sic.Naj.Eng.MLn	prefix	11	14	B90	Sicilian Defense: Najdorf Variation, English Attack
B.Sic.Naj.Pol.MLn	prefix	14	15	B96	Sicilian Defense: Najdorf Variation, Polugaevsky Variation
B.Sic.Dra.Yug.Sol.MLn	prefix	20	21	B78	Sicilian Defense: Dragon Variation, Yugoslav Attack, Old Line
B.Sic.Dra.Cls.Nrm.MLn	prefix	11	19	B70	Sicilian Defense: Dragon Variation, Classical Variation
B.Sic.Acc.Mar.MLn	prefix	9	15	B36	Sicilian Defense: Accelerated Dragon, Maróczy Bind
B.Sic.Sch.Eng.MLn	prefix	8	13	B54	Sicilian Defense: Modern Variations, Main Line
B.Sic.Kan.Tal.MLn	prefix	9	13	B41	Sicilian Defense: Kan Variation, Maróczy Bind, Réti Variation
B.Sic.Ros.Nim.MLn	prefix	5	9	B30	Sicilian Defense: Nyezhmetdinov-Rossolimo Attack
B.Fre.Win.Psn.MLn	exact	14	14	C18	French Defense: Winawer Variation, Poisoned Pawn Variation
B.CaK.Adv.Sht.MLn	prefix	7	11	B12	Caro-Kann Defense: Advance Variation, Short Variation
C.RyL.Mar.MLn	prefix	16	20	C89	Ruy Lopez: Marshall Attack
C.RyL.Ber.Wal.End.MLn	prefix	16	18	C67	Ruy Lopez: Berlin Defense, l'Hermet Variation, Berlin Wall Defense
C.RyL.Mor.Opn.Rig.MLn	prefix	12	13	C80	Ruy Lopez: Open, Riga Variation
C.RyL.Exc.Alk.MLn	prefix	14	15	C68	Ruy Lopez: Exchange Variation, Alekhine Variation
C.Ita.Giu.Cls.MLn	prefix	11	13	C54	Italian Game: Classical Variation, Greco Gambit, Traditional Line
C.Ita.Evn.Dec.MLn	prefix	8	11	C51	Italian Game: Evans Gambit Declined
C.Ita.Pia.Nf6.MLn	prefix	7	11	C50	Italian Game: Giuoco Pianissimo
C.Pet.Cls.MLn	prefix	9	13	C42	Petrov's Defense: Classical Attack
C.Pet.Mod.Stn.MLn	prefix	6	11	C43	Petrov's Defense: Modern Attack
C.Sco.Mie.Pot.MLn	prefix	8	15	C45	Scotch Game: Schmidt Variation
D.QGD.Ort.Rub.MLn	prefix	8	15	D53	Queen's Gambit Declined
D.QGD.Ort.Cap.MLn	prefix	8	17	D53	Queen's Gambit Declined
D.QGD.Tar.Mak.MLn	prefix	8	18	D53	Queen's Gambit Declined
D.QGD.Lsk.Te7.MLn	prefix	8	17	D53	Queen's Gambit Declined
D.Sla.Exc.MLn.e3	prefix	5	11	D10	Slav Defense: Exchange Variation
D.Sla.Che.MLn.a4	prefix	8	11	D15	Slav Defense: Chebanenko Variation
D.Sem.Mer.Rab.MLn	prefix	8	18	D43	Semi-Slav Defense
D.Sem.Bg5.AMo.MLn	prefix	11	17	D43	Semi-Slav Defense: Anti-Moscow Gambit
D.QGA.Cls.Rub.MLn	prefix	13	14	D27	Queen's Gambit Accepted: Classical Defense, Rubinstein Variation
D.Cat.Ope.Yug.MLn	prefix	4	13	D30	Queen's Gambit Declined
E.Bog.Nim.MLn	prefix	8	9	E11	Bogo-Indian Defense: Nimzowitsch Variation
E.Bog.WSm.MLn	prefix	8	9	E11	Bogo-Indian Defense: Wade-Smyslov Variation
E.Bud.Adl.MLn	prefix	7	10	A52	Indian Defense: Budapest Defense, Adler Variation
E.Bud.Rub.MLn	prefix	7	10	A52	Indian Defense: Budapest Defense, Rubinstein Variation
E.OldI.Cls.MLn	prefix	7	12	A54	Old Indian Defense: Two Knights Variation
E.OldI.Fch.MLn	prefix	7	12	A54	Old Indian Defense: Two Knights Variation
E.Blf.Dec.MLn	prefix	9	10	E10	Blumenfeld Countergambit: Duz-Khotimirsky Variation
E.Blf.Spl.MLn	prefix	12	14	E10	Blumenfeld Countergambit: Spielmann Variation
E.Nim.Rub.Tai.MLn	prefix	8	11	E40	Nimzo-Indian Defense: Rubinstein System, Taimanov Variation
E.QID.Pet.Kas.MLn	prefix	7	11	E12	Queen's Indian Defense: Petrosian Variation
A.War.Cre	prefix	1	3	A00	Ware Opening
A.War.Mad.MLn	prefix	1	5	A00	Ware Opening
A.And.Cre	prefix	1	4	A00	Anderssen's Opening
A.Clm.Glo	prefix	1	4	A00	Clemenz Opening
A.Ama.Par.MLn	prefix	5	6	A00	Amar Opening: Paris Gambit
A.Sod.Dur.MLn	prefix	1	5	A00	Sodium Attack
A.Mie.ReR.MLn	prefix	2	5	A00	Mieses Opening: Reversed Rat
A.Mie.Ven.MLn	prefix	5	6	A00	Mieses Opening: Venezolana Variation
A.Mik.Ker.MLn	prefix	6	7	A40	Mikenas Defense: Lithuanian Variation
A.Kan.MLn.e3	prefix	5	7	A40	Kangaroo Defense: Keres Defense, Transpositional Variation
B.Brg.Gro.MLn	prefix	4	5	B00	Borg Defense: Borg Gambit
B.StG.Bas.MLn	prefix	2	6	B00	St. George Defense
B.Lio.Han.MLn	prefix	5	7	B00	Lion Defense: Lion's Jaw
B.Rat.Sma.MLn	prefix	3	6	B00	Pirc Defense
B.Car.Ham.MLn	prefix	2	6	B00	Carr Defense
B.Gld.Pck.MLn	prefix	2	6	B00	Goldsmith Defense
B.Hip.Ama.MLn	prefix	2	6	B00	Hippopotamus Defense
B.War.Mat.MLn	prefix	2	6	B00	Ware Defense
B.Mod.Avk.MLn	prefix	4	8	B06	Modern Defense
B.OwM.Smi.MLn	prefix	2	8	B00	Owen Defense
C.Dam.Nim.MLn	prefix	4	7	C40	King's Pawn Game: Damiano Defense
C.Dam.Ger.MLn	prefix	4	7	C40	King's Pawn Game: Damiano Defense
C.Pon.Jae.MLn	prefix	6	8	C44	Ponziani Opening: Jaenisch Counterattack
C.Pon.Ste.MLn	prefix	5	7	C44	Ponziani Opening
C.Thr.Win.MLn	prefix	6	7	C46	Three Knights Opening: Winawer Defense
C.Ele.Nor.MLn	prefix	6	8	C40	Elephant Gambit: Paulsen Countergambit
C.Cen.Dsh.Acc.MLn	prefix	6	7	C21	Danish Gambit Accepted
C.Bsh.Urs.Kei.MLn	prefix	7	9	C43	Bishop's Opening: Urusov Gambit
C.PhD.Nim.MLn	prefix	8	13	C41	Philidor Defense: Lion Variation
C.Vie.Gbt.Fal.MLn	prefix	6	8	C29	Vienna Game: Vienna Gambit, Main Line
D.QGD.Ort.Hne.Cap	prefix	8	19	D53	Queen's Gambit Declined
D.QGD.Tar.MLn.Bd3	prefix	8	15	D53	Queen's Gambit Declined
D.Sla.Cls.MLn.e4	prefix	11	15	D18	Slav Defense: Czech Variation, Classical System
D.Sla.Qui.MLn.Bd3	prefix	10	11	D12	Slav Defense: Quiet Variation, Schallopp Defense
D.Sem.Bg5.Bot.Ekf.MLn	prefix	11	19	D44	Semi-Slav Defense: Botvinnik Variation
D.Sem.Mer.Lun.MLn	prefix	8	18	D43	Semi-Slav Defense
D.QGA.Cen.Mod.MLn	prefix	6	8	D20	Queen's Gambit Accepted: Central Variation, Modern Defense
D.Cat.Cls.Kor.MLn	prefix	4	16	D30	Queen's Gambit Declined
D.QPG.Zuk.Col.MLn	prefix	7	10	D05	Queen's Pawn Game: Colle System
D.Bgm.Acc.Ryd.MLn.Be3	prefix	9	11	D00	Blackmar-Diemer Gambit Accepted: Ryder Gambit
E.Bog.Nim.MLn.Be2	prefix	8	13	E11	Bogo-Indian Defense: Nimzowitsch Variation
E.Bud.Adl.MLn.e3	prefix	7	13	A52	Indian Defense: Budapest Defense, Adler Variation
E.OldI.Cls.MLn.Re1	prefix	7	14	A54	Old Indian Defense: Two Knights Variation
E.Blf.Dec.MLn.e3	prefix	9	11	E10	Blumenfeld Countergambit: Duz-Khotimirsky Variation
E.Nim.Rub.Tai.MLn.Qc2	prefix	8	15	E40	Nimzo-Indian Defense: Rubinstein System, Taimanov Variation
E.QID.Pet.Kas.MLn.e4	prefix	7	15	E12	Queen's Indian Defense: Petrosian Variation
E.KID.Mak.MLn.Be2	prefix	9	13	E71	King's Indian Defense: Makogonov Variation
E.Gru.Brn.MLn.Be2	prefix	10	13	D83	Grünfeld Defense: Brinckmann Attack, Grünfeld Gambit
E.Nim.Rom.MLn.Nf3	prefix	7	11	E20	Nimzo-Indian Defense: Romanishin Variation
E.Ind.Tgo.MLn.Nc3	prefix	4	7	A50	Mexican Defense
A.Owe.Fch.MLn	prefix	2	8	A40	English Defense
A.VtK.FrD.MLn	prefix	1	7	A00	Van't Kruijs Opening
A.VtK.Sic.MLn	prefix	1	7	A00	Van't Kruijs Opening
A.Hor.Ker.MLn	prefix	2	8	A40	Horwitz Defense
A.Hor.Fch.MLn	prefix	2	6	A40	Horwitz Defense
A.And.Pol.MLn	prefix	3	5	A00	Anderssen's Opening: Polish Gambit
A.Clm.Spk.MLn	prefix	3	5	A00	Clemenz Opening: Spike Lee Gambit
A.Egl.Har.MLn	prefix	6	8	A40	Englund Gambit: Main Line
A.OID.Mod.MLn	prefix	3	7	A41	Old Indian Defense
A.Ret.KIA.MLn.e4	prefix	3	13	A07	King's Indian Attack
B.Nim.Ken.MLn	prefix	5	6	B00	Nimzowitsch Defense: Kennedy Variation, Linksspringer Variation
B.Nim.ScD.MLn	prefix	5	6	B00	Nimzowitsch Defense: Scandinavian Variation, Advance Variation
B.Nim.Col.MLn	prefix	5	6	B00	Nimzowitsch Defense: Colorado Countergambit Accepted
B.Mod.Tig.MLn	prefix	7	10	B06	Modern Defense: Pseudo-Austrian Attack
B.Mod.Pte.MLn	prefix	4	10	B06	Modern Defense
B.OwM.Mat.MLn	prefix	2	8	B00	Owen Defense
B.OwM.Eng.MLn	prefix	2	8	B00	Owen Defense
B.Sca.Mod.Mie.MLn	prefix	8	10	B01	Scandinavian Defense: Main Line, Mieses Variation
B.Ale.Mod.KID.MLn	prefix	8	11	B04	Alekhine Defense: Modern Variation, Alburt Variation
B.Pir.150.Arg.MLn	prefix	9	10	B07	Pirc Defense: 150 Attack
C.KPO.Kgt.MLn	exact	4	4	C44	King's Knight Opening: Normal Variation
C.KPO.Nap.MLn	prefix	3	5	C20	King's Pawn Game: Napoleon Attack
C.KPO.Prt.MLn	prefix	3	5	C20	Portuguese Opening
C.Fou.Glk.MLn	prefix	7	8	C47	Four Knights Game: Glek System
C.Fou.Sco.Bel.MLn	prefix	9	10	C47	Four Knights Game: Scotch Variation, Belgrade Gambit
C.Fou.Spa.Rub.MLn	prefix	8	9	C48	Four Knights Game: Spanish Variation, Rubinstein Variation
C.Sco.Gor.Nc3.MLn	exact	10	10	C44	Scotch Game: Göring Gambit, Main Line
C.Sco.Gbt.Max.MLn	prefix	8	10	C44	Scotch Game: Haxo Gambit
C.KGm.Dec.Cls.MLn	prefix	7	8	C30	King's Gambit Declined: Classical Variation
C.KGm.Acc.Muz.Dbl.MLn	prefix	9	11	C37	King's Gambit Accepted: Muzio Gambit, Wild Muzio Gambit
D.Chi.MLn.e3	prefix	6	7	D07	Queen's Gambit Declined: Chigorin Defense, Main Line
D.Chi.Exc.MLn	prefix	6	8	D07	Queen's Gambit Declined: Chigorin Defense, Exchange Variation
D.Tar.Cls.MLn	prefix	16	17	D34	Tarrasch Defense: Classical Variation
D.Tar.Prg.MLn	prefix	12	14	D33	Tarrasch Defense: Prague Variation
D.STa.Exc.MLn	prefix	6	11	D35	Queen's Gambit Declined: Normal Defense
D.STa.Pil.MLn	prefix	9	10	D40	Queen's Gambit Declined: Semi-Tarrasch Defense, Pillsbury Variation
D.QGA.Old.MLn	prefix	5	8	D20	Queen's Gambit Accepted: Old Variation
D.QGA.Ale.MLn	prefix	6	10	D20	Queen's Gambit Accepted: Central Variation, Alekhine System
D.Cat.Ope.Qa4.MLn	prefix	4	11	D30	Queen's Gambit Declined
D.Bgm.Dec.Lam.MLn.Qd2	prefix	8	11	D00	Blackmar-Diemer Gambit Declined: Lamb Defense
E.KID.Cls.Mar.MLn.Nd3	prefix	17	19	E98	King's Indian Defense: Orthodox Variation, Classical System
E.KID.Cls.Pet.MLn.c5	prefix	14	15	E92	King's Indian Defense: Petrosian Variation, Stein Defense
E.KID.Fch.Pan.MLn.b3	prefix	5	17	E61	King's Indian Defense
E.KID.Fou.MLn.Cap	prefix	13	15	E76	King's Indian Defense: Four Pawns Attack, Dynamic Attack
E.Gru.Exc.Cla.MLn	prefix	14	15	D85	Grünfeld Defense: Exchange Variation, Modern Exchange Variation
E.Gru.Rus.Hng.Be2	prefix	14	15	D97	Grünfeld Defense: Russian Variation, Hungarian Variation
E.QID.Mod.Fch.MLn	exact	13	13	E18	Queen's Indian Defense: Classical Variation, Traditional Variation
E.QID.Nim.Tim.MLn	prefix	9	10	E15	Queen's Indian Defense: Fianchetto Variation, Nimzowitsch Variation, Timman's Line
E.Bog.Ret.Fch.MLn	prefix	8	11	E11	Bogo-Indian Defense: Retreat Variation
E.Ind.QID.MLn.e3	prefix	4	7	A50	Queen's Indian Accelerated
A.Ama.Par.MLn.Nf6	prefix	5	8	A00	Amar Opening: Paris Gambit
A.Sod.Dur.MLn.Nc6	prefix	1	6	A00	Sodium Attack
A.Owe.Fch.MLn.Ne2	prefix	2	9	A40	English Defense
A.VtK.FrD.MLn.Bd6	prefix	1	8	A00	Van't Kruijs Opening
A.VtK.Sic.MLn.Nf6	prefix	1	8	A00	Van't Kruijs Opening
A.Hor.Ker.MLn.a3	prefix	2	9	A40	Horwitz Defense
A.Hor.Fch.MLn.Nf3	prefix	2	7	A40	Horwitz Defense
A.And.Pol.MLn.e5	prefix	3	6	A00	Anderssen's Opening: Polish Gambit
A.Clm.Spk.MLn.d5	prefix	3	6	A00	Clemenz Opening: Spike Lee Gambit
A.Ret.KIA.MLn.e4.c5	prefix	3	15	A07	King's Indian Attack
B.Nim.Ken.MLn.Nf3	prefix	5	7	B00	Nimzowitsch Defense: Kennedy Variation, Linksspringer Variation
B.Nim.ScD.MLn.Nf3	prefix	5	7	B00	Nimzowitsch Defense: Scandinavian Variation, Advance Variation
B.Nim.Col.MLn.d4	prefix	5	7	B00	Nimzowitsch Defense: Colorado Countergambit Accepted
B.Mod.Tig.MLn.e5	prefix	7	11	B06	Modern Defense: Pseudo-Austrian Attack
B.Mod.Pte.MLn.Bc3	prefix	4	11	B06	Modern Defense
B.OwM.Mat.MLn.c3	prefix	2	9	B00	Owen Defense
B.OwM.Eng.MLn.Bd3	prefix	2	9	B00	Owen Defense
B.Sca.Mod.Mie.MLn.Bc4	prefix	8	11	B01	Scandinavian Defense: Main Line, Mieses Variation
B.Ale.Mod.KID.MLn.cxd6	prefix	8	12	B04	Alekhine Defense: Modern Variation, Alburt Variation
B.Pir.150.Arg.MLn.Lng	prefix	9	11	B07	Pirc Defense: 150 Attack
C.KPO.Kgt.MLn.a3	prefix	4	5	C44	King's Knight Opening: Normal Variation
C.KPO.Nap.MLn.Nf6	prefix	3	6	C20	King's Pawn Game: Napoleon Attack
C.KPO.Prt.MLn.c6	prefix	3	6	C20	Portuguese Opening
C.Fou.Glk.MLn.Bg2	prefix	7	9	C47	Four Knights Game: Glek System
C.Fou.Sco.Bel.MLn.Nxd4	prefix	9	11	C47	Four Knights Game: Scotch Variation, Belgrade Gambit
C.Fou.Spa.Rub.MLn.b5	prefix	8	10	C48	Four Knights Game: Spanish Variation, Rubinstein Variation
C.Sco.Gor.Nc3.MLn.Bd3	prefix	10	11	C44	Scotch Game: Göring Gambit, Main Line
C.Sco.Gbt.Max.MLn.c3	prefix	8	11	C44	Scotch Game: Haxo Gambit
C.KGm.Dec.Cls.MLn.d4	prefix	7	9	C30	King's Gambit Declined: Classical Variation
C.KGm.Acc.Muz.Dbl.MLn.Nf6	prefix	9	12	C37	King's Gambit Accepted: Muzio Gambit, Wild Muzio Gambit
D.Chi.MLn.e3.Nf6	prefix	6	8	D07	Queen's Gambit Declined: Chigorin Defense, Main Line
D.Chi.Exc.MLn.e3	prefix	6	9	D07	Queen's Gambit Declined: Chigorin Defense, Exchange Variation
D.Tar.Cls.MLn.Re8	prefix	16	18	D34	Tarrasch Defense: Classical Variation
D.Tar.Prg.MLn.Nxd4	prefix	12	15	D33	Tarrasch Defense: Prague Variation
D.STa.Exc.MLn.Nxc3	prefix	6	12	D35	Queen's Gambit Declined: Normal Defense
D.STa.Pil.MLn.Nxd4	prefix	9	11	D40	Queen's Gambit Declined: Semi-Tarrasch Defense, Pillsbury Variation
D.QGA.Old.MLn.exd4	prefix	5	9	D20	Queen's Gambit Accepted: Old Variation
D.QGA.Ale.MLn.Bb3	prefix	6	11	D20	Queen's Gambit Accepted: Central Variation, Alekhine System
D.Cat.Ope.Qa4.MLn.c5	prefix	4	12	D30	Queen's Gambit Declined
D.Bgm.Dec.Lam.MLn.Qd2.e6	prefix	8	12	D00	Blackmar-Diemer Gambit Declined: Lamb Defense
E.QID.Nim.Tim.MLn.Nc3	prefix	9	11	E15	Queen's Indian Defense: Fianchetto Variation, Nimzowitsch Variation, Timman's Line
E.Bog.Ret.Fch.MLn.O-O	prefix	8	13	E11	Bogo-Indian Defense: Retreat Variation
E.Ind.QID.MLn.e3.Be7	prefix	4	10	A50	Queen's Indian Accelerated
E.KID.Cls.Mar.MLn.Nd3.f5	prefix	17	20	E98	King's Indian Defense: Orthodox Variation, Classical System
E.KID.Cls.Pet.MLn.c5.Na6	prefix	14	16	E92	King's Indian Defense: Petrosian Variation, Stein Defense
E.KID.Fch.Pan.MLn.b3.Bd7	prefix	5	18	E61	King's Indian Defense
E.KID.Fou.MLn.Cap.fxe6	prefix	13	16	E76	King's Indian Defense: Four Pawns Attack, Dynamic Attack
E.Gru.Exc.Cla.MLn.O-O	prefix	14	16	D85	Grünfeld Defense: Exchange Variation, Modern Exchange Variation
E.Gru.Rus.Hng.Be2.Nc6	prefix	14	16	D97	Grünfeld Defense: Russian Variation, Hungarian Variation
E.QID.Mod.Fch.MLn.d5	exact	14	14	E18	Queen's Indian Defense: Classical Variation, Traditional Variation, Nimzowitsch Line
A.Ama.Par.MLn.Nf6.d4.Nc6	prefix	5	10	A00	Amar Opening: Paris Gambit
A.Sod.Dur.MLn.Nc6.g3.Nf6	prefix	1	8	A00	Sodium Attack
A.Owe.Fch.MLn.Ne2.a6.Bd3	prefix	2	13	A40	English Defense
A.VtK.FrD.MLn.Bd6.Bd3.Nf6	prefix	1	10	A00	Van't Kruijs Opening
A.VtK.Sic.MLn.Nf6.Bg5.Be7	prefix	1	12	A00	Van't Kruijs Opening
A.Hor.Ker.MLn.a3.Bd6.e3	prefix	2	11	A40	Horwitz Defense
A.Hor.Fch.MLn.Nf3.Be7.e3	prefix	2	9	A40	Horwitz Defense
A.And.Pol.MLn.e5.Bb2.Nf6	prefix	3	8	A00	Anderssen's Opening: Polish Gambit
A.Clm.Spk.MLn.d5.Bg2.Nf6	prefix	3	8	A00	Clemenz Opening: Spike Lee Gambit
A.Ret.KIA.MLn.e4.c5.b6	prefix	3	16	A07	King's Indian Attack
B.Nim.Ken.MLn.Nf3.d6.Nc3	prefix	5	9	B00	Nimzowitsch Defense: Kennedy Variation, Linksspringer Variation
B.Nim.ScD.MLn.Nf3.e6.Be2	prefix	5	9	B00	Nimzowitsch Defense: Scandinavian Variation, Advance Variation
B.Nim.Col.MLn.d4.Bxf5.Bd3	prefix	5	9	B00	Nimzowitsch Defense: Colorado Countergambit Accepted
B.Mod.Tig.MLn.e5.Nd7.Bd3	prefix	7	13	B06	Modern Defense: Pseudo-Austrian Attack
B.Mod.Pte.MLn.Bc3.cxd4.Nxd4	prefix	4	13	B06	Modern Defense
B.OwM.Mat.MLn.c3.Nf6.Bg5	prefix	2	11	B00	Owen Defense
B.OwM.Eng.MLn.Bd3.Nf6.O-O	prefix	2	11	B00	Owen Defense
B.Sca.Mod.Mie.MLn.Bc4.e6	prefix	8	12	B01	Scandinavian Defense: Main Line, Mieses Variation
B.Ale.Mod.KID.MLn.cxd6.Be2	prefix	8	13	B04	Alekhine Defense: Modern Variation, Alburt Variation
B.Pir.150.Arg.MLn.Lng.Nbd7	prefix	9	12	B07	Pirc Defense: 150 Attack
C.KPO.Nap.MLn.Nf6.Nc3.Bc5	prefix	3	8	C20	King's Pawn Game: Napoleon Attack
C.KPO.Prt.MLn.c6.Ba4.d6	prefix	3	8	C20	Portuguese Opening
C.Fou.Glk.MLn.Bg2.dxe4.Nxe4	prefix	7	11	C47	Four Knights Game: Glek System
C.Fou.Sco.Bel.MLn.Nxd4.d6	prefix	9	12	C47	Four Knights Game: Scotch Variation, Belgrade Gambit
C.Fou.Spa.Rub.MLn.b5.Nxb5	prefix	8	11	C48	Four Knights Game: Spanish Variation, Rubinstein Variation
C.Sco.Gor.Nc3.MLn.Bd3.d6	prefix	10	12	C44	Scotch Game: Göring Gambit, Main Line
C.Sco.Gbt.Max.MLn.c3.dxc3	prefix	8	12	C44	Scotch Game: Haxo Gambit
C.KGm.Dec.Cls.MLn.d4.Bb6	prefix	7	10	C30	King's Gambit Declined: Classical Variation
C.KGm.Acc.Muz.Coc.exd5.Nf6	prefix	10	12	C37	King's Gambit Accepted: Muzio Gambit, Brentano Defense
D.Chi.MLn.e3.Nf6.Nc3	prefix	6	9	D07	Queen's Gambit Declined: Chigorin Defense, Main Line
D.Chi.Exc.MLn.e3.Qd8.Nf3	prefix	6	11	D07	Queen's Gambit Declined: Chigorin Defense, Exchange Variation
D.Tar.Cls.MLn.Re8.Re1	prefix	16	19	D34	Tarrasch Defense: Classical Variation
D.Tar.Prg.MLn.Nxd4.Qb6	prefix	12	16	D33	Tarrasch Defense: Prague Variation
D.STa.Exc.MLn.Nxc3.Qb3	prefix	6	13	D35	Queen's Gambit Declined: Normal Defense
D.STa.Pil.MLn.Nxd4.a6	prefix	9	12	D40	Queen's Gambit Declined: Semi-Tarrasch Defense, Pillsbury Variation
D.QGA.Old.MLn.exd4.Be7	prefix	5	10	D20	Queen's Gambit Accepted: Old Variation
D.QGA.Ale.MLn.Bb3.e6	prefix	6	12	D20	Queen's Gambit Accepted: Central Variation, Alekhine System
D.Cat.Ope.Qa4.MLn.c5.dxc5	prefix	4	13	D30	Queen's Gambit Declined
D.Bgm.Acc.Ryd.MLn.Be3.Qd6	prefix	9	12	D00	Blackmar-Diemer Gambit Accepted: Ryder Gambit
E.QID.Nim.Tim.MLn.Nc3.d5	prefix	9	12	E15	Queen's Indian Defense: Fianchetto Variation, Nimzowitsch Variation, Timman's Line
E.Bog.Ret.Fch.MLn.O-O.Nc3	prefix	8	15	E11	Bogo-Indian Defense: Retreat Variation
E.Ind.QID.MLn.e3.Be7.Be2	prefix	4	11	A50	Queen's Indian Accelerated
E.KID.Cls.Mar.MLn.Nd3.c5	prefix	17	20	E98	King's Indian Defense: Orthodox Variation, Classical System
E.KID.Fch.Pan.MLn.b3.Re8	prefix	5	18	E61	King's Indian Defense
E.KID.Fou.MLn.Cap.fxe6.Be3	prefix	13	17	E76	King's Indian Defense: Four Pawns Attack, Dynamic Attack
E.Gru.Exc.Cla.MLn.O-O.Qc2	prefix	14	17	D85	Grünfeld Defense: Exchange Variation, Modern Exchange Variation
E.Gru.Rus.Hng.Be2.Nc6.h3	prefix	14	17	D97	Grünfeld Defense: Russian Variation, Hungarian Variation
E.QID.Mod.Fch.MLn.d5.Ne5	prefix	14	15	E18	Queen's Indian Defense: Classical Variation, Traditional Variation, Nimzowitsch Line
E.Nim.Rub.Tai.MLn.Qc2.c5	prefix	8	18	E40	Nimzo-Indian Defense: Rubinstein System, Taimanov Variation
A.Ama.Par.MLn.Nf6.d4	prefix	5	9	A00	Amar Opening: Paris Gambit
A.Sod.Dur.MLn.Nc6.g3	prefix	1	7	A00	Sodium Attack
A.Owe.Fch.MLn.Ne2.a6	prefix	2	10	A40	English Defense
A.VtK.FrD.MLn.Bd6.Bd3	prefix	1	9	A00	Van't Kruijs Opening
A.VtK.Sic.MLn.Nf6.Bg5	prefix	1	9	A00	Van't Kruijs Opening
A.Hor.Ker.MLn.a3.Bd6	prefix	2	10	A40	Horwitz Defense
A.Hor.Fch.MLn.Nf3.Be7	prefix	2	8	A40	Horwitz Defense
A.And.Pol.MLn.e5.Bb2	prefix	3	7	A00	Anderssen's Opening: Polish Gambit
A.Clm.Spk.MLn.d5.Bg2	prefix	3	7	A00	Clemenz Opening: Spike Lee Gambit
A.Ret.KIA.MLn.e4.c5.Nc6	prefix	3	16	A07	King's Indian Attack
B.Nim.Ken.MLn.Nf3.d6	prefix	5	8	B00	Nimzowitsch Defense: Kennedy Variation, Linksspringer Variation
B.Nim.ScD.MLn.Nf3.e6	prefix	5	8	B00	Nimzowitsch Defense: Scandinavian Variation, Advance Variation
B.Nim.Col.MLn.d4.Bxf5	prefix	5	8	B00	Nimzowitsch Defense: Colorado Countergambit Accepted
B.Mod.Tig.MLn.e5.Nd7	prefix	7	12	B06	Modern Defense: Pseudo-Austrian Attack
B.Mod.Pte.MLn.Bc3.cxd4	prefix	4	12	B06	Modern Defense
B.OwM.Mat.MLn.c3.Nf6	prefix	2	10	B00	Owen Defense
B.OwM.Eng.MLn.Bd3.Nf6	prefix	2	10	B00	Owen Defense
B.Sca.Mod.Mie.MLn.Bc4.Bg4	prefix	8	12	B01	Scandinavian Defense: Main Line, Mieses Variation
B.Ale.Mod.KID.MLn.cxd6.Bg7	prefix	8	14	B04	Alekhine Defense: Modern Variation, Alburt Variation
B.Pir.150.Arg.MLn.Lng.a5	prefix	9	12	B07	Pirc Defense: 150 Attack
C.KPO.Kgt.MLn.a3.Nf6	prefix	4	6	C44	King's Knight Opening: Normal Variation
C.KPO.Nap.MLn.Nf6.Nc3	prefix	3	7	C20	King's Pawn Game: Napoleon Attack
C.KPO.Prt.MLn.c6.Ba4	prefix	3	7	C20	Portuguese Opening
C.Fou.Glk.MLn.Bg2.dxe4	prefix	7	10	C47	Four Knights Game: Glek System
C.Fou.Sco.Bel.MLn.Nxd4.Bc5	prefix	9	12	C47	Four Knights Game: Scotch Variation, Belgrade Gambit
C.Fou.Spa.Rub.MLn.b5.Bb3	prefix	8	11	C48	Four Knights Game: Spanish Variation, Rubinstein Variation
C.Sco.Gor.Nc3.MLn.Bd3.Nf6	prefix	10	12	C44	Scotch Game: Göring Gambit, Main Line
C.Sco.Gbt.Max.MLn.c3.Nf6	prefix	8	12	C44	Scotch Game: Haxo Gambit
C.KGm.Dec.Cls.MLn.d4.exd4	prefix	7	10	C30	King's Gambit Declined: Classical Variation
C.KGm.Acc.Muz.Coc.exd5	prefix	10	11	C37	King's Gambit Accepted: Muzio Gambit, Brentano Defense
D.Chi.MLn.e3.Nf6.Be2	prefix	6	9	D07	Queen's Gambit Declined: Chigorin Defense, Main Line
D.Chi.Exc.MLn.e3.Qd8	prefix	6	10	D07	Queen's Gambit Declined: Chigorin Defense, Exchange Variation
D.Tar.Cls.MLn.Re8.Be3	prefix	16	19	D34	Tarrasch Defense: Classical Variation
D.Tar.Prg.MLn.Nxd4.Be6	prefix	12	16	D33	Tarrasch Defense: Prague Variation
D.STa.Exc.MLn.Nxc3.bxc3	prefix	6	13	D35	Queen's Gambit Declined: Normal Defense
D.STa.Pil.MLn.Nxd4.Be7	prefix	9	12	D40	Queen's Gambit Declined: Semi-Tarrasch Defense, Pillsbury Variation
D.QGA.Old.MLn.exd4.Nf6	prefix	5	10	D20	Queen's Gambit Accepted: Old Variation
D.QGA.Ale.MLn.Bb3.Nc6	prefix	6	12	D20	Queen's Gambit Accepted: Central Variation, Alekhine System
D.Cat.Ope.Qa4.MLn.c5.O-O	prefix	4	15	D30	Queen's Gambit Declined
D.Bgm.Acc.Ryd.MLn.Be3.Nc6	prefix	9	12	D00	Blackmar-Diemer Gambit Accepted: Ryder Gambit
E.QID.Nim.Tim.MLn.Nc3.O-O	prefix	9	12	E15	Queen's Indian Defense: Fianchetto Variation, Nimzowitsch Variation, Timman's Line
E.Bog.Ret.Fch.MLn.O-O.d5	prefix	8	14	E11	Bogo-Indian Defense: Retreat Variation
E.Ind.QID.MLn.e3.Be7.Bd3	prefix	4	11	A50	Queen's Indian Accelerated
E.KID.Cls.Mar.MLn.Nd3.h6	prefix	17	20	E98	King's Indian Defense: Orthodox Variation, Classical System
E.KID.Cls.Pet.MLn.c5.c6	prefix	14	16	E92	King's Indian Defense: Petrosian Variation, Stein Defense
E.KID.Fch.Pan.MLn.b3.b5	prefix	5	18	E61	King's Indian Defense
E.KID.Fou.MLn.Cap.fxe6.Be2	prefix	13	17	E76	King's Indian Defense: Four Pawns Attack, Dynamic Attack
E.Gru.Exc.Cla.MLn.O-O.e5	prefix	14	17	D85	Grünfeld Defense: Exchange Variation, Modern Exchange Variation
E.Gru.Rus.Hng.Be2.Nc6.O-O	prefix	14	17	D97	Grünfeld Defense: Russian Variation, Hungarian Variation
E.QID.Mod.Fch.MLn.d5.cxd5	prefix	14	15	E18	Queen's Indian Defense: Classical Variation, Traditional Variation, Nimzowitsch Line
E.Ben.Mod.Cls.MLn.Re1	prefix	17	19	A73	Benoni Defense: Classical Variation, Main Line
E.Ben.Mod.Cls.MLn.h3	prefix	17	19	A73	Benoni Defense: Classical Variation, Main Line
E.Ben.Mod.Fch.MLn.O-O	prefix	6	17	A60	Benoni Defense: Modern Variation
E.Ben.Mod.Fch.MLn.h3	prefix	6	17	A60	Benoni Defense: Modern Variation
E.Ben.Mod.Fou.MLn.Be3	prefix	16	17	A68	Benoni Defense: Four Pawns Attack
E.Ben.Mod.Fou.MLn.Bd3	prefix	16	17	A68	Benoni Defense: Four Pawns Attack
A.Eng.Sym.Hdg.MLn.b3	prefix	3	17	A30	English Opening: Symmetrical Variation
A.Eng.Sym.Hdg.MLn.Qa4	prefix	3	17	A30	English Opening: Symmetrical Variation
A.Eng.Sym.Rub.MLn.Be2	prefix	3	15	A30	English Opening: Symmetrical Variation
A.Eng.Rev.Fou.MLn.Bg2	prefix	7	11	A29	English Opening: King's English Variation, Four Knights Variation, Fianchetto Line
B.Sic.Cls.Rch.MLn.Kb1	prefix	14	17	B63	Sicilian Defense: Richter-Rauzer Variation, Classical Variation
B.Sic.Cls.Bol.MLn.Be3	prefix	12	17	B58	Sicilian Defense: Boleslavsky Variation
B.Fre.Tar.Cls.MLn.Ngf3	prefix	6	9	C05	French Defense: Tarrasch Variation, Closed Variation
B.Sic.Clo.Fch.MLn.Nge2	prefix	10	11	B25	Sicilian Defense: Closed
B.Sic.Naj.Eng.MLn.f3	prefix	11	15	B90	Sicilian Defense: Najdorf Variation, English Attack
B.Sic.Naj.Pol.MLn.Qf3	prefix	14	17	B96	Sicilian Defense: Najdorf Variation, Polugaevsky Variation
B.Sic.Dra.Yug.Sol.MLn.Bb3	prefix	20	23	B78	Sicilian Defense: Dragon Variation, Yugoslav Attack, Old Line
B.Sic.Dra.Cls.Nrm.MLn.Qd2	prefix	11	21	B70	Sicilian Defense: Dragon Variation, Classical Variation
B.Sic.Acc.Mar.MLn.Be3	prefix	9	17	B36	Sicilian Defense: Accelerated Dragon, Maróczy Bind
B.Fre.Win.Psn.MLn.Nf3	prefix	14	15	C18	French Defense: Winawer Variation, Poisoned Pawn Variation
C.RyL.Mor.Opn.Rig.MLn.Re1	prefix	12	15	C80	Ruy Lopez: Open, Riga Variation
C.RyL.Exc.Alk.MLn.Nc3	prefix	14	17	C68	Ruy Lopez: Exchange Variation, Alekhine Variation
C.Ita.Giu.Cls.MLn.Nc3	prefix	11	17	C54	Italian Game: Classical Variation, Greco Gambit, Traditional Line
C.Ita.Evn.Dec.MLn.O-O	prefix	8	12	C51	Italian Game: Evans Gambit Declined
C.Ita.Pia.Nf6.MLn.Re1	prefix	7	13	C50	Italian Game: Giuoco Pianissimo
C.Pet.Mod.Stn.MLn.Re1	prefix	6	13	C43	Petrov's Defense: Modern Attack
C.Sco.Mie.Pot.MLn.Kb1	prefix	8	17	C45	Scotch Game: Schmidt Variation
C.Cen.Dsh.Acc.MLn.Nxc3	prefix	10	11	C21	Danish Gambit Accepted: Classical Defense
C.Bsh.Urs.Kei.MLn.Re1	prefix	7	11	C43	Bishop's Opening: Urusov Gambit
C.Vie.Gbt.Fal.MLn.Nf3	prefix	6	9	C29	Vienna Game: Vienna Gambit, Main Line
D.QGD.Ort.Rub.MLn.Re1	prefix	8	17	D53	Queen's Gambit Declined
D.QGD.Ort.Cap.MLn.O-O	prefix	8	19	D53	Queen's Gambit Declined
D.QGD.Tar.Mak.MLn.Re1	prefix	8	19	D53	Queen's Gambit Declined
D.QGD.Lsk.Te7.MLn.O-O	prefix	8	19	D53	Queen's Gambit Declined
D.Sla.Exc.MLn.e3.Nf3	prefix	5	13	D10	Slav Defense: Exchange Variation
D.Sem.Mer.Rab.MLn.O-O	prefix	8	19	D43	Semi-Slav Defense
D.Sem.Bg5.AMo.MLn.Be2	prefix	11	19	D43	Semi-Slav Defense: Anti-Moscow Gambit
D.QGA.Cls.Rub.MLn.Qe2	prefix	13	15	D27	Queen's Gambit Accepted: Classical Defense, Rubinstein Variation
D.Cat.Ope.Yug.MLn.Qxc4	prefix	4	15	D30	Queen's Gambit Declined
D.QPG.Zuk.Col.MLn.O-O	prefix	7	11	D05	Queen's Pawn Game: Colle System
E.Nim.Rub.Hub.MLn.O-O	prefix	14	15	E41	Nimzo-Indian Defense: Rubinstein System, Hübner Variation
E.Nim.Sml.Bot.MLn.Bd3	prefix	7	15	E20	Nimzo-Indian Defense: Kmoch Variation
E.KID.Sml.Ort.MLn.Qd2	prefix	14	15	E86	King's Indian Defense: Sämisch Variation
E.KID.Sml.Ort.d5.Nge2	prefix	13	15	E87	King's Indian Defense: Sämisch Variation, Closed Variation
E.KID.Fch.Yug.MLn.d5	exact	15	15	E66	King's Indian Defense: Fianchetto Variation, Yugoslav Variation, Advance Line
E.KID.Cls.Mar.MLn.f3	prefix	17	19	E98	King's Indian Defense: Orthodox Variation, Classical System
E.KID.Cls.Pet.MLn.Ne1	prefix	14	17	E92	King's Indian Defense: Petrosian Variation, Stein Defense
E.KID.Fch.Pan.MLn.e4	prefix	5	17	E61	King's Indian Defense
E.QID.Pet.Kas.MLn.Nc3	prefix	7	13	E12	Queen's Indian Defense: Petrosian Variation
E.Bud.Adl.MLn.e3.Be2	prefix	7	15	A52	Indian Defense: Budapest Defense, Adler Variation
E.Ben.Mod.Cls.MLn.Re1.Nbd7	prefix	17	20	A73	Benoni Defense: Classical Variation, Main Line
E.Ben.Mod.Cls.MLn.h3.Re8	prefix	17	20	A73	Benoni Defense: Classical Variation, Main Line
E.Ben.Mod.Fch.MLn.O-O.Nbd7	prefix	6	18	A60	Benoni Defense: Modern Variation
E.Ben.Mod.Fch.MLn.h3.Re8	prefix	6	18	A60	Benoni Defense: Modern Variation
E.Ben.Mod.Fou.MLn.Be3.Re8	prefix	16	18	A68	Benoni Defense: Four Pawns Attack
E.Ben.Mod.Fou.MLn.Bd3.Na6	prefix	16	18	A68	Benoni Defense: Four Pawns Attack
A.Eng.Sym.Hdg.MLn.b3.O-O	prefix	3	18	A30	English Opening: Symmetrical Variation
A.Eng.Sym.Hdg.MLn.Qa4.O-O	prefix	3	20	A30	English Opening: Symmetrical Variation
A.Eng.Sym.Rub.MLn.Be2.O-O	prefix	3	16	A30	English Opening: Symmetrical Variation
A.Eng.Rev.Fou.MLn.Bg2.Nb6	exact	12	12	A29	English Opening: King's English Variation, Four Knights Variation, Fianchetto Line, with Nb6
B.Sic.Cls.Rch.MLn.Kb1.Bd7	prefix	14	18	B63	Sicilian Defense: Richter-Rauzer Variation, Classical Variation
B.Sic.Cls.Bol.MLn.Be3.Be6	prefix	12	18	B58	Sicilian Defense: Boleslavsky Variation
B.Fre.Tar.Cls.MLn.Ngf3.c5	prefix	6	10	C05	French Defense: Tarrasch Variation, Closed Variation
B.Sic.Clo.Fch.MLn.Nge2.e6	prefix	10	12	B25	Sicilian Defense: Closed
B.Sic.Naj.Eng.MLn.f3.Nbd7	prefix	11	16	B90	Sicilian Defense: Najdorf Variation, English Attack
B.Sic.Naj.Pol.MLn.Qf3.Bb7	prefix	14	18	B96	Sicilian Defense: Najdorf Variation, Polugaevsky Variation
B.Sic.Dra.Yug.Sol.MLn.h4	prefix	20	25	B78	Sicilian Defense: Dragon Variation, Yugoslav Attack, Old Line
B.Sic.Dra.Cls.Nrm.MLn.h4	prefix	11	23	B70	Sicilian Defense: Dragon Variation, Classical Variation
B.Sic.Acc.Mar.MLn.Be3.Be6	prefix	9	18	B36	Sicilian Defense: Accelerated Dragon, Maróczy Bind
B.Fre.Win.Psn.MLn.Nf3.Nbc6	prefix	14	16	C18	French Defense: Winawer Variation, Poisoned Pawn Variation
C.RyL.Mor.Opn.Rig.MLn.c3	prefix	12	15	C80	Ruy Lopez: Open, Riga Variation
C.Ita.Evn.Dec.MLn.O-O.d6	prefix	8	13	C51	Italian Game: Evans Gambit Declined
C.Ita.Pia.Nf6.MLn.Re1.a6	prefix	7	14	C50	Italian Game: Giuoco Pianissimo
C.Pet.Mod.Stn.MLn.Re1.Be7	prefix	6	14	C43	Petrov's Defense: Modern Attack
C.Sco.Mie.Pot.MLn.Kb1.Re8	prefix	8	18	C45	Scotch Game: Schmidt Variation
C.Cen.Dsh.Acc.MLn.Nxc3.Nf6	prefix	6	12	C21	Danish Gambit Accepted
C.Bsh.Urs.Kei.MLn.Re1.Be7	prefix	7	12	C43	Bishop's Opening: Urusov Gambit
C.Vie.Gbt.Fal.MLn.Nf3.Be7	exact	10	10	C29	Vienna Game: Vienna Gambit, Breyer Variation
D.QGD.Ort.Rub.MLn.Re1.cxd4	prefix	8	18	D53	Queen's Gambit Declined
D.QGD.Ort.Cap.MLn.O-O.b5	prefix	8	20	D53	Queen's Gambit Declined
D.QGD.Tar.Mak.MLn.Re1.Nbd7	prefix	8	20	D53	Queen's Gambit Declined
D.QGD.Lsk.Te7.MLn.O-O.Bg4	prefix	8	20	D53	Queen's Gambit Declined
D.Sla.Exc.MLn.e3.Nf3.e6	prefix	5	14	D10	Slav Defense: Exchange Variation
D.Sem.Mer.Rab.MLn.O-O.c5	prefix	8	20	D43	Semi-Slav Defense
D.Sem.Bg5.AMo.MLn.Be2.Nbd7	prefix	11	20	D43	Semi-Slav Defense: Anti-Moscow Gambit
D.QGA.Cls.Rub.MLn.Qe2.Be7	prefix	13	16	D27	Queen's Gambit Accepted: Classical Defense, Rubinstein Variation
D.Cat.Ope.Yug.MLn.Qxc4.b5	prefix	4	16	D30	Queen's Gambit Declined
D.QPG.Zuk.Col.MLn.O-O.Bd6	prefix	7	12	D05	Queen's Pawn Game: Colle System
E.Nim.Rub.Hub.MLn.O-O.O-O	exact	16	16	E41	Nimzo-Indian Defense: Rubinstein System, Hübner Variation
E.Nim.Sml.Bot.MLn.Bd3.Nc6	prefix	7	16	E20	Nimzo-Indian Defense: Kmoch Variation
E.KID.Sml.Ort.MLn.Qd2.exd4	prefix	14	16	E86	King's Indian Defense: Sämisch Variation
E.KID.Sml.Ort.d5.Nge2.a5	prefix	13	16	E87	King's Indian Defense: Sämisch Variation, Closed Variation
E.KID.Fch.Yug.MLn.d5.Ne5	prefix	15	16	E66	King's Indian Defense: Fianchetto Variation, Yugoslav Variation, Advance Line
E.KID.Cls.Mar.MLn.f3.f5	exact	20	20	E99	King's Indian Defense: Orthodox Variation, Classical System, Traditional Line
E.KID.Fch.Pan.MLn.e4.e5	prefix	5	18	E61	King's Indian Defense
E.Bud.Adl.MLn.e3.Be2.Re8	prefix	7	16	A52	Indian Defense: Budapest Defense, Adler Variation
B.Sic.Sve.Nd5.Qa5.Bd2	prefix	17	19	B33	Sicilian Defense: Lasker-Pelikan Variation, Sveshnikov Variation, Chelyabinsk Variation
C.Ita.Two.Ng5.Trx.Bxf7	exact	9	9	C57	Italian Game: Two Knights Defense, Traxler Counterattack, Bishop Sacrifice Line
C.Ita.Two.Ng5.Feg.Kxf7	prefix	11	12	C57	Italian Game: Two Knights Defense, Fried Liver Attack
C.Ita.Two.Ng5.Ulv.Bxb5	prefix	10	11	C57	Italian Game: Two Knights Defense, Ulvestad Variation
C.Ita.Two.Ng5.Pol.Bb5	exact	11	11	C58	Italian Game: Two Knights Defense, Polerio Defense, Bishop Check Line
D.Cat.Ope.Qa4.Ale.Be7	prefix	4	14	D30	Queen's Gambit Declined
C.RyL.Mor.Opn.Dil.Rxf2	prefix	22	23	C82	Ruy Lopez: Open, Dilworth Variation
C.RyL.Mor.Opn.Hwl.Nc5	prefix	17	18	C81	Ruy Lopez: Open, Howell Attack
C.RyL.Mor.StD.Sie.exf5	prefix	10	11	C74	Ruy Lopez: Morphy Defense, Modern Steinitz Defense, Siesta Variation
C.Ita.Two.Ng5.Frt.c3	prefix	10	11	C57	Italian Game: Two Knights Defense, Fritz Variation
C.Ita.Two.Ng5.Lol.exd4	prefix	11	12	C57	Italian Game: Two Knights Defense, Lolli Attack
C.Ita.Evn.Acc.Stn.O-O	exact	11	11	C52	Italian Game: Evans Gambit, Slow Variation
C.RyL.Mor.Ark.Ctr.Nxe4	prefix	12	14	C78	Ruy Lopez: Morphy Defense, Arkhangelsk Variation
B.Sic.Dra.Yug.Chn.Bb3	prefix	20	21	B78	Sicilian Defense: Dragon Variation, Yugoslav Attack, Old Line
C.RyL.Mor.Ark.Qe2.d6	prefix	12	14	C78	Ruy Lopez: Morphy Defense, Arkhangelsk Variation
C.RyL.Mor.NeA.Ctr.d6	prefix	10	12	C78	Ruy Lopez: Morphy Defense, Neo-Arkhangelsk Variation
C.Ita.Evn.Acc.Mor.d6	prefix	12	14	C52	Italian Game: Evans Gambit, Pierce Defense
C.Ita.Two.Ng5.Nxd.d3	prefix	8	11	C57	Italian Game: Two Knights Defense, Knight Attack, Normal Variation
D.Cat.Cls.Qc2.Btr.Bb7	prefix	4	18	D30	Queen's Gambit Declined
D.Cat.Ope.Bb4.Mod.O-O	prefix	4	14	D30	Queen's Gambit Declined
E.Nim.Cls.Zur.Mil.e3	prefix	10	11	E33	Nimzo-Indian Defense: Classical Variation, Milner-Barry Variation
E.KID.Cls.Byn.Nd2.a5	prefix	17	20	E97	King's Indian Defense: Orthodox Variation, Bayonet Attack
B.Sic.Cls.Rch.Lip.Bd7	prefix	17	18	B64	Sicilian Defense: Richter-Rauzer Variation, Classical Variation
B.Sic.Cls.Rch.Psn.O-O-O	prefix	14	15	B63	Sicilian Defense: Richter-Rauzer Variation, Ivanov Variation
B.Sic.Cls.Rch.Drg.O-O-O	prefix	11	15	B60	Sicilian Defense: Richter-Rauzer Variation
B.Sic.Cls.Rch.Bc4.Be7	prefix	12	14	B62	Sicilian Defense: Richter-Rauzer Variation
B.Sic.Cls.Soz.Vel.O-O	prefix	11	16	B57	Sicilian Defense: Classical Variation, Sozin Attack
B.Sic.Cls.Soz.Fis.O-O	prefix	11	18	B57	Sicilian Defense: Classical Variation, Sozin Attack
B.Sic.Dra.Cls.Ams.Be6	prefix	11	18	B70	Sicilian Defense: Dragon Variation, Classical Variation
E.Ben.Mod.Cls.Nd2.Re8	prefix	16	18	A72	Benoni Defense: Classical Variation
E.Ben.Mod.Cls.Bg5.h6	prefix	16	18	A72	Benoni Defense: Classical Variation
E.Ben.Mod.Cls.Rb1.a6	prefix	16	18	A72	Benoni Defense: Classical Variation
E.Ben.Mod.Cls.h3.Na6	prefix	16	18	A72	Benoni Defense: Classical Variation
E.Ben.Mod.Fch.Nd2.Re8	prefix	6	18	A60	Benoni Defense: Modern Variation
E.Ben.Mod.Fch.Bf4.Re8	prefix	6	18	A60	Benoni Defense: Modern Variation
E.KID.Sml.Ort.Exc.dxe5	prefix	12	14	E85	King's Indian Defense: Sämisch Variation, Orthodox Variation
E.KID.Fch.Yug.Exc.Nc6	prefix	13	16	E65	King's Indian Defense: Fianchetto Variation, Yugoslav Variation
A.Hol.Cls.IZh.Win.Ne4	prefix	15	16	A97	Dutch Defense: Classical Variation, Ilyin-Zhenevsky Variation, Winter Variation
A.Hol.Cls.IZh.Ala.Ne4	prefix	15	16	A98	Dutch Defense: Classical Variation, Ilyin-Zhenevsky Variation, Alatortsev-Lisitsyn Line
B.Fre.Tar.Cls.Be7.Ngf3	prefix	6	11	C05	French Defense: Tarrasch Variation, Closed Variation
B.Fre.Tar.Cls.c5.c3	prefix	9	11	C05	French Defense: Tarrasch Variation, Pawn Center Variation
B.Fre.Tar.Cls.Kor.O-O	prefix	12	15	C05	French Defense: Tarrasch Variation, Closed Variation
B.Sic.Clo.Fch.Bot.Nf6	prefix	11	12	B25	Sicilian Defense: Closed
B.Sic.Clo.Fch.Eng.Nf6	prefix	11	12	B26	Sicilian Defense: Closed
C.KGm.Acc.Kie.Lon.Nxg4	prefix	10	11	C39	King's Gambit Accepted: Kieseritzky Gambit, Kolisch Defense
C.KGm.Acc.Bsh.Ble.Nf3	prefix	8	9	C33	King's Gambit Accepted: Bishop's Gambit, Lopez Variation
E.Nim.Rub.Hub.Rau.O-O	prefix	14	16	E41	Nimzo-Indian Defense: Rubinstein System, Hübner Variation
E.KID.Avk.Fle.MLn.Nf3	prefix	12	15	E73	King's Indian Defense: Averbakh Variation, Flexible Defense
C.KGm.Dec.Fal.MLn.d3	exact	7	7	C31	King's Gambit Declined: Falkbeer Countergambit, Charousek Gambit
C.KGm.Acc.All.MLn.Nxf7	exact	11	11	C39	King's Gambit Accepted: Kieseritzky Gambit, Cotter Gambit
B.Sic.Sve.Nd5.Be7.Bxf6.g3	prefix	17	21	B33	Sicilian Defense: Lasker-Pelikan Variation, Sveshnikov Variation, Chelyabinsk Variation
B.Sic.Sve.Bxf6.Nd5.Bg7.c3	prefix	20	21	B33	Sicilian Defense: Lasker-Pelikan Variation, Sveshnikov Variation, Novosibirsk Variation
B.Sic.Sve.Bxf6.Nd5.f5.c3	prefix	20	21	B33	Sicilian Defense: Lasker-Pelikan Variation, Sveshnikov Variation
A.Eng.Rev.Bot.MLn.Nd5	prefix	8	15	A25	English Opening: King's English Variation, Taimanov Variation
B.Sic.Sch.Eng.MLn.Qd2	prefix	8	15	B54	Sicilian Defense: Modern Variations, Main Line
B.Sic.Kan.Tal.MLn.O-O	prefix	9	14	B41	Sicilian Defense: Kan Variation, Maróczy Bind, Réti Variation
B.Sic.Ros.Nim.MLn.d4	prefix	5	11	B30	Sicilian Defense: Nyezhmetdinov-Rossolimo Attack
B.CaK.Adv.Sht.MLn.c3	prefix	7	13	B12	Caro-Kann Defense: Advance Variation, Short Variation
C.RyL.Ber.Wal.End.MLn.Re1	prefix	16	19	C67	Ruy Lopez: Berlin Defense, l'Hermet Variation, Berlin Wall Defense
D.Sla.Che.MLn.a4.axb5	prefix	8	13	D15	Slav Defense: Chebanenko Variation
D.QGD.Ort.Hne.Cap.O-O	prefix	8	21	D53	Queen's Gambit Declined
D.QGD.Tar.MLn.Bd3.O-O	prefix	8	17	D53	Queen's Gambit Declined
D.Sla.Cls.MLn.e4.Qe2	prefix	11	17	D18	Slav Defense: Czech Variation, Classical System
D.Sla.Qui.MLn.Bd3.O-O	prefix	10	13	D12	Slav Defense: Quiet Variation, Schallopp Defense
D.Sem.Bg5.Bot.Ekf.MLn.hxg5	prefix	11	21	D44	Semi-Slav Defense: Botvinnik Variation
D.Sem.Mer.Lun.MLn.O-O	prefix	8	19	D43	Semi-Slav Defense
D.QGA.Cen.Mod.MLn.Be3	prefix	6	9	D20	Queen's Gambit Accepted: Central Variation, Modern Defense
D.Cat.Cls.Kor.MLn.Bf4	prefix	4	17	D30	Queen's Gambit Declined
E.Bog.Nim.MLn.Be2.O-O	prefix	8	15	E11	Bogo-Indian Defense: Nimzowitsch Variation
E.OldI.Cls.MLn.Re1.Be3	prefix	7	15	A54	Old Indian Defense: Two Knights Variation
E.Blf.Dec.MLn.e3.Be2	prefix	9	13	E10	Blumenfeld Countergambit: Duz-Khotimirsky Variation
E.QID.Pet.Kas.MLn.e4.O-O	prefix	7	16	E12	Queen's Indian Defense: Petrosian Variation
E.KID.Mak.MLn.Be2.Re8	prefix	9	14	E71	King's Indian Defense: Makogonov Variation
E.Gru.Brn.MLn.Be2.Nc6	prefix	10	14	D83	Grünfeld Defense: Brinckmann Attack, Grünfeld Gambit
E.Nim.Rom.MLn.Nf3.dxc4	prefix	7	12	E20	Nimzo-Indian Defense: Romanishin Variation
E.Ind.Tgo.MLn.Nc3.exd4	prefix	4	8	A50	Mexican Defense
D.Chi.MLn.e3.Nf6.Nc3.e6	prefix	6	10	D07	Queen's Gambit Declined: Chigorin Defense, Main Line
D.Tar.Cls.MLn.Re8.Re1.Bf8	prefix	16	20	D34	Tarrasch Defense: Classical Variation
D.Tar.Prg.MLn.Nxd4.Qb6.Be3	prefix	12	17	D33	Tarrasch Defense: Prague Variation
D.STa.Exc.MLn.Nxc3.Qb3.cxd4	prefix	6	14	D35	Queen's Gambit Declined: Normal Defense
D.STa.Pil.MLn.Nxd4.a6.e3	prefix	9	13	D40	Queen's Gambit Declined: Semi-Tarrasch Defense, Pillsbury Variation
D.QGA.Old.MLn.exd4.Be7.Nf3	prefix	5	11	D20	Queen's Gambit Accepted: Old Variation
D.QGA.Ale.MLn.Bb3.e6.Nf3	prefix	6	13	D20	Queen's Gambit Accepted: Central Variation, Alekhine System
D.Chi.MLn.e3.Nf6.Be2.e6	prefix	6	10	D07	Queen's Gambit Declined: Chigorin Defense, Main Line
D.Tar.Cls.MLn.Re8.Be3.Bf8	prefix	16	20	D34	Tarrasch Defense: Classical Variation
D.Tar.Prg.MLn.Nxd4.Be6.O-O	prefix	12	17	D33	Tarrasch Defense: Prague Variation
D.STa.Exc.MLn.Nxc3.bxc3.Nc6	prefix	6	14	D35	Queen's Gambit Declined: Normal Defense
D.STa.Pil.MLn.Nxd4.Be7.e3	prefix	9	13	D40	Queen's Gambit Declined: Semi-Tarrasch Defense, Pillsbury Variation
D.QGA.Old.MLn.exd4.Nf6.Nf3	prefix	5	11	D20	Queen's Gambit Accepted: Old Variation
D.QGA.Ale.MLn.Bb3.Nc6.Nf3	prefix	6	13	D20	Queen's Gambit Accepted: Central Variation, Alekhine System
B.Sic.Sve.Nd5.Qa5.Bd2.Rb8	prefix	17	20	B33	Sicilian Defense: Lasker-Pelikan Variation, Sveshnikov Variation, Chelyabinsk Variation
C.Ita.Two.Ng5.Trx.Bxf7.Ke7	prefix	9	10	C57	Italian Game: Two Knights Defense, Traxler Counterattack, Bishop Sacrifice Line
C.Ita.Two.Ng5.Feg.Kxf7.Qf3	prefix	11	13	C57	Italian Game: Two Knights Defense, Fried Liver Attack
C.Ita.Two.Ng5.Ulv.Bxb5.Qxd5	prefix	10	12	C57	Italian Game: Two Knights Defense, Ulvestad Variation
C.Ita.Two.Ng5.Pol.Bb5.c6	prefix	11	12	C58	Italian Game: Two Knights Defense, Polerio Defense, Bishop Check Line
D.Cat.Ope.Qa4.Ale.Be7.Bg2	prefix	4	15	D30	Queen's Gambit Declined
C.RyL.Mor.Opn.Hwl.Nc5.Rd1	prefix	17	19	C81	Ruy Lopez: Open, Howell Attack
C.RyL.Mor.StD.Sie.exf5.Bxf5	prefix	10	12	C74	Ruy Lopez: Morphy Defense, Modern Steinitz Defense, Siesta Variation
C.Ita.Two.Ng5.Frt.c3.b5	prefix	10	12	C57	Italian Game: Two Knights Defense, Fritz Variation
C.Ita.Two.Ng5.Lol.exd4.O-O	prefix	11	13	C57	Italian Game: Two Knights Defense, Lolli Attack
B.Sic.Naj.Sch.MLn	prefix	12	13	B84	Sicilian Defense: Scheveningen Variation, Classical Variation
B.Sic.Naj.Adm.MLn	prefix	11	12	B90	Sicilian Defense: Najdorf Variation, Adams Attack
B.Sic.Naj.Pst.MLn	prefix	14	15	B97	Sicilian Defense: Najdorf Variation, Poisoned Pawn Variation
B.Sic.Sch.Krs.MLn	prefix	8	12	B54	Sicilian Defense: Modern Variations, Main Line
D.Sem.Bg5.Mos.Qxf6.g3	prefix	12	13	D43	Semi-Slav Defense: Moscow Variation
D.Sem.Bg5.AMo.dxc4	prefix	11	12	D43	Semi-Slav Defense: Anti-Moscow Gambit
B.Sic.Clo.GPr.MLn	prefix	5	6	B23	Sicilian Defense: Grand Prix Attack
C.RyL.Mor.Nor.MLn	exact	11	11	C70	Ruy Lopez: Morphy Defense, Norwegian Variation, Nightingale Gambit
C.RyL.Mor.Wor.MLn	prefix	9	10	C77	Ruy Lopez: Morphy Defense, Wormald Attack
C.Ita.Giu.Mol.MLn	exact	13	13	C54	Italian Game: Giuoco Piano, Greco's Attack
C.Ita.Two.Opn.MLn	exact	8	8	C44	Scotch Game: Scotch Gambit, Dubois Réti Defense
C.Ita.Two.Max.MLn	prefix	9	12	C56	Italian Game: Scotch Gambit
E.KID.Sml.Pan.MLn	prefix	14	15	E83	King's Indian Defense: Sämisch Variation, Panno Formation
E.KID.Cls.Glg.MLn	prefix	13	14	E92	King's Indian Defense: Orthodox Variation, Gligoric-Taimanov System
E.KID.Cls.Exc.MLn	prefix	13	14	E92	King's Indian Defense: Exchange Variation
E.Gru.Exc.Sev.MLn	prefix	14	18	D85	Grünfeld Defense: Exchange Variation, Modern Exchange Variation
A.Hol.Sto.Bot.MLn	prefix	13	14	A93	Dutch Defense: Stonewall Variation, Botvinnik Variation
D.Sem.AMe.Shr.MLn	prefix	13	14	D45	Semi-Slav Defense: Stoltz Variation, Shabalov Attack
D.Cat.Cls.Bot.MLn	prefix	4	17	D30	Queen's Gambit Declined
D.Cat.Cls.Rab.MLn	prefix	16	17	E09	Catalan Opening: Closed Variation, Rabinovich Variation
E.QID.Mod.Trd.MLn	exact	11	11	E17	Queen's Indian Defense: Classical Variation
E.Nim.Cls.Ker.MLn	prefix	12	13	E32	Nimzo-Indian Defense: Classical Variation, Keres Defense
E.Gru.Exc.Sps.MLn	prefix	16	17	D87	Grünfeld Defense: Exchange Variation, Spassky Variation
E.KID.Fch.Uhl.MLn	prefix	14	15	E62	King's Indian Defense: Fianchetto Variation, Uhlmann-Szabo System
E.KID.Sml.Byr.MLn	prefix	14	15	E81	King's Indian Defense: Sämisch Variation, Byrne Defense
E.KID.Fou.Dyn.MLn	exact	15	15	E77	King's Indian Defense: Four Pawns Attack, Normal Attack
E.KID.Avk.Ben.MLn	exact	13	13	E74	King's Indian Defense: Averbakh Variation, Benoni Defense, Advance Variation
B.Sic.Dra.Lev.MLn	prefix	11	12	B71	Sicilian Defense: Dragon Variation, Levenfish Variation
B.Sic.Tay.Eng.MLn	prefix	10	12	B46	Sicilian Defense: Taimanov Variation
B.Sic.Kan.Mar.MLn	prefix	9	10	B41	Sicilian Defense: Kan Variation, Maróczy Bind, Réti Variation
B.Fre.Adv.Mil.MLn	prefix	11	12	C02	French Defense: Advance Variation, Milner-Barry Gambit
B.Fre.Tar.Ope.MLn	exact	8	8	C08	French Defense: Tarrasch Variation, Open System
B.CaK.Adv.Tal.MLn	prefix	7	8	B12	Caro-Kann Defense: Advance Variation, Tal Variation
C.RyL.Ber.Rio.MLn	exact	11	11	C67	Ruy Lopez: Berlin Defense, Minckwitz Variation
C.RyL.Mor.ClD.MLn	prefix	8	9	C70	Ruy Lopez: Morphy Defense, Classical Defense Deferred
C.RyL.Mor.Fch.MLn	prefix	8	9	C70	Ruy Lopez: Morphy Defense, Fianchetto Defense Deferred
C.RyL.Mor.Car.MLn	prefix	8	9	C70	Ruy Lopez: Morphy Defense, Caro Variation
C.Ita.Giu.Grc.MLn	exact	12	12	C54	Italian Game: Classical Variation, Greco Gambit, Modern Line
C.Sco.Gor.Dbl.MLn	prefix	9	10	C44	Scotch Game: Göring Gambit, Double Pawn Sacrifice
C.Vie.Gbt.Hmp.MLn	prefix	5	10	C29	Vienna Game: Vienna Gambit
C.Fou.Spa.Dbl.MLn	prefix	8	9	C49	Four Knights Game: Spanish Variation, Double Spanish
C.Fou.Spa.Cls.MLn	prefix	8	9	C48	Four Knights Game: Spanish Variation, Classical Variation
E.Ben.Bnk.Acc.MLn	exact	9	9	A58	Benko Gambit Accepted: Fully Accepted Variation
E.Ben.Bnk.Dec.MLn	prefix	7	8	A57	Benko Gambit Declined: Bishop Attack
E.Gru.Brn.Nad.MLn	prefix	10	12	D83	Grünfeld Defense: Brinckmann Attack, Grünfeld Gambit
D.QGD.Exc.Car.MLn	prefix	6	13	D35	Queen's Gambit Declined: Normal Defense
D.QGD.Exc.Min.MLn	prefix	6	16	D35	Queen's Gambit Declined: Normal Defense
E.KID.Cls.Bol.MLn	prefix	14	15	E94	King's Indian Defense: Orthodox Variation, Ukrainian Defense
E.KID.Cls.Ort.MLn	prefix	14	15	E97	King's Indian Defense: Orthodox Variation, Aronin-Taimanov Defense
E.Bud.Faj.MLn	prefix	6	8	A51	Indian Defense: Budapest Defense, Fajarowicz Variation
E.Bud.Faj.MLn.e3	prefix	6	9	A51	Indian Defense: Budapest Defense, Fajarowicz Variation
E.Bud.Faj.MLn.e3.Be2	prefix	6	13	A51	Indian Defense: Budapest Defense, Fajarowicz Variation
E.Bud.Faj.MLn.e3.Be2.O-O	prefix	6	15	A51	Indian Defense: Budapest Defense, Fajarowicz Variation
E.Bud.Faj.Bns.MLn	prefix	8	10	A51	Indian Defense: Budapest Defense, Fajarowicz Defense, Bonsdorf Variation
E.Bud.Faj.Ste.MLn	prefix	7	9	A51	Indian Defense: Budapest Defense, Fajarowicz-Steiner Variation
E.Bud.Rub.MLn.e3	prefix	7	13	A52	Indian Defense: Budapest Defense, Rubinstein Variation
E.Bud.Rub.MLn.e3.Be2	prefix	7	15	A52	Indian Defense: Budapest Defense, Rubinstein Variation
E.Bud.Alk.MLn	prefix	7	8	A52	Indian Defense: Budapest Defense, Alekhine Variation
E.Bud.Alk.MLn.Nf3	prefix	7	9	A52	Indian Defense: Budapest Defense, Alekhine Variation
E.Gru.Thr.MLn	prefix	8	10	D90	Grünfeld Defense: Three Knights Variation
E.Gru.Thr.MLn.Qb3	prefix	8	11	D90	Grünfeld Defense: Three Knights Variation
E.Gru.Neo.MLn	prefix	6	10	D70	Neo-Grünfeld Defense: with g3
E.Gru.Neo.MLn.cxd5	prefix	6	11	D70	Neo-Grünfeld Defense: with g3
E.Gru.Neo.MLn.cxd5.Nxd5	prefix	6	12	D70	Neo-Grünfeld Defense: with g3
E.Gru.Rus.Prz.MLn	exact	14	14	D97	Grünfeld Defense: Russian Variation, Byrne Variation
E.Gru.Rus.Szs.MLn	prefix	9	13	D96	Grünfeld Defense: Russian Variation
E.Gru.Fch.Pac.MLn	prefix	8	14	D90	Grünfeld Defense: Three Knights Variation
E.Gru.Fch.Euw.MLn	prefix	8	14	D90	Grünfeld Defense: Three Knights Variation
E.Gru.Exc.Mod.MLn	prefix	8	12	D85	Grünfeld Defense: Exchange Variation
E.Nim.Spl.MLn	prefix	7	8	E22	Nimzo-Indian Defense: Spielmann Variation
E.Nim.Spl.MLn.e3	prefix	7	9	E22	Nimzo-Indian Defense: Spielmann Variation
E.Nim.Cls.Noa.MLn	prefix	9	13	E36	Nimzo-Indian Defense: Classical Variation, Noa Variation
E.Nim.Cls.Bot.MLn	prefix	12	13	E32	Nimzo-Indian Defense: Classical Variation, Keres Defense
E.Nim.Cls.Mil.MLn	prefix	7	13	E32	Nimzo-Indian Defense: Classical Variation
E.Nim.Rub.Res.MLn	exact	12	12	E53	Nimzo-Indian Defense: Normal Variation, Gligoric System
E.Nim.Rub.Flo.MLn	prefix	8	10	E41	Nimzo-Indian Defense: Rubinstein System
E.Nim.Rub.StP.MLn	prefix	8	10	E43	Nimzo-Indian Defense: St. Petersburg Variation
E.Nim.Sml.Kmo.MLn	exact	11	11	E26	Nimzo-Indian Defense: Sämisch Variation
E.Nim.Kas.Euw.MLn	prefix	7	10	E21	Nimzo-Indian Defense: Three Knights Variation
E.QID.Sps.MLn	prefix	7	11	E14	Queen's Indian Defense: Spassky System
E.QID.Euw.MLn	prefix	10	11	E16	Queen's Indian Defense: Capablanca Variation
E.QID.Kas.MLn	prefix	7	10	E12	Queen's Indian Defense: Kasparov Variation
E.QID.Cls.MLn	prefix	11	13	E17	Queen's Indian Defense: Classical Variation
E.KID.Cls.Arb.MLn	prefix	14	16	E97	King's Indian Defense: Orthodox Variation, Aronin-Taimanov Defense
E.KID.Sml.Bob.MLn	prefix	14	15	E83	King's Indian Defense: Sämisch Variation, Ruban Variation
E.KID.Sml.Krs.MLn	prefix	10	11	E81	King's Indian Defense: Sämisch Variation, Normal Defense
E.KID.Fch.Sim.MLn	exact	14	14	E63	King's Indian Defense: Fianchetto Variation, Panno Variation
E.KID.Fch.Kav.MLn	prefix	7	16	E60	King's Indian Defense: Fianchetto Variation
D.Sla.Sml.MLn	prefix	10	11	D16	Slav Defense: Smyslov Variation
D.Sla.Ala.MLn	prefix	9	10	D15	Slav Defense: Geller Gambit
D.Sla.Cze.Kra.MLn	exact	11	11	D17	Slav Defense: Czech Variation, Krause Attack
D.Sla.Not.MLn	prefix	5	10	D11	Slav Defense: Modern Line
D.Sla.Stn.MLn	prefix	5	8	D10	Slav Defense
D.QGA.Bog.MLn	prefix	8	10	D25	Queen's Gambit Accepted: Janowski-Larsen Variation
D.QGA.Flo.MLn	exact	8	8	D22	Queen's Gambit Accepted: Alekhine Defense, Haberditz Variation
D.QGA.Jan.MLn	prefix	6	10	D22	Queen's Gambit Accepted: Alekhine Defense
D.QGD.Har.MLn	prefix	6	11	D35	Queen's Gambit Declined: Normal Defense
D.QGD.Alt.MLn	prefix	6	10	D31	Queen's Gambit Declined: Charousek Variation
D.QGD.Cls	prefix	8	11	D53	Queen's Gambit Declined
D.QGD.Cls.MLn	prefix	8	12	D53	Queen's Gambit Declined
D.QGD.Cls.MLn.Bh4	prefix	8	13	D53	Queen's Gambit Declined
D.QGD.Cls.Bd3	prefix	8	15	D53	Queen's Gambit Declined
D.QGD.Cls.Nf3	prefix	4	11	D30	Queen's Gambit Declined
D.QGD.Cls.Nf3.c5	prefix	4	12	D30	Queen's Gambit Declined
D.QGA.Cls.MLn	exact	12	12	D27	Queen's Gambit Accepted: Classical Defense, Main Line
D.QGA.Cls.MLn.a4	prefix	13	17	D27	Queen's Gambit Accepted: Classical Defense, Rubinstein Variation
D.QGA.Cls.Ale.MLn	exact	14	14	D28	Queen's Gambit Accepted: Classical Defense, Alekhine System
D.Sla.Cls.MLn.Nh4	prefix	11	15	D18	Slav Defense: Czech Variation, Classical System
D.Sla.Cls.MLn.Qe2	prefix	11	15	D18	Slav Defense: Czech Variation, Classical System
D.Sla.Dim.MLn	prefix	5	8	D10	Slav Defense: Diemer Gambit
D.Sla.Win.MLn	prefix	6	8	D10	Slav Defense: Winawer Countergambit
D.Tar.Rub.MLn	exact	14	14	D34	Tarrasch Defense: Prague Variation, Main Line
D.Tar.Rub.MLn.O-O	prefix	14	15	D34	Tarrasch Defense: Prague Variation, Main Line
D.Tar.HSc.MLn	prefix	8	10	D32	Tarrasch Defense: Schara Gambit
D.Tar.Mar.MLn	prefix	9	11	D32	Tarrasch Defense: Marshall Gambit
D.STa.Kmo.MLn	prefix	6	15	D35	Queen's Gambit Declined: Normal Defense
D.STa.Sym.MLn	prefix	14	15	D40	Queen's Gambit Declined: Semi-Tarrasch Defense, Symmetrical Variation
D.STa.End.MLn	prefix	6	16	D35	Queen's Gambit Declined: Normal Defense
D.Chi.Laz.MLn	prefix	6	8	D07	Queen's Gambit Declined: Chigorin Defense, Lazard Gambit
D.Chi.Tar.MLn	prefix	6	8	D07	Queen's Gambit Declined: Chigorin Defense, Tartakower Gambit
D.QPG.Ver.MLn	prefix	3	7	D00	Queen's Pawn Game: Chigorin Variation
D.QPG.Ama.MLn	prefix	3	5	D00	Amazon Attack
D.QPG.Mas.MLn	prefix	3	5	D00	Queen's Pawn Game: Mason Attack
D.QPG.Sto.MLn	prefix	5	7	D00	Queen's Pawn Game: Stonewall Attack
D.QPG.Zur.MLn	prefix	3	4	D00	Queen's Pawn Game: Zurich Gambit
E.Ben.Czk.MLn	prefix	6	9	A56	Benoni Defense: Czech Benoni Defense
E.Ben.Czk.MLn.Be7	prefix	6	10	A56	Benoni Defense: Czech Benoni Defense
E.Gru.Sml.MLn	prefix	7	9	D80	Grünfeld Defense: Lutikov Variation
E.Gru.Sml.MLn.c5	prefix	7	10	D80	Grünfeld Defense: Lutikov Variation
E.OldI.Ukr.MLn	prefix	7	9	A54	Old Indian Defense: Two Knights Variation
E.OldI.Jan.MLn	prefix	6	8	A53	Old Indian Defense: Janowski Variation
E.Nim.Fou.MLn	prefix	7	8	E20	Nimzo-Indian Defense: Kmoch Variation
E.Nim.Fou.MLn.e4	prefix	7	9	E20	Nimzo-Indian Defense: Kmoch Variation
E.Nim.Mik.MLn	prefix	7	8	E20	Nimzo-Indian Defense: Mikenas Attack
E.Nim.Mik.MLn.Nf3	prefix	7	9	E20	Nimzo-Indian Defense: Mikenas Attack
E.Bog.Exc.MLn	prefix	8	10	E11	Bogo-Indian Defense: Exchange Variation
E.Bog.Hai.MLn	prefix	8	9	E11	Bogo-Indian Defense: Haiti Variation
E.Bog.Rom.MLn	prefix	8	11	E11	Bogo-Indian Defense: Exchange Variation
E.Bog.NEn.MLn	prefix	7	8	E11	Bogo-Indian Defense: New England Variation
E.Bog.Grn.MLn	prefix	7	8	E11	Bogo-Indian Defense: Grünfeld Variation
E.KID.Fch.MLn	prefix	5	11	E61	King's Indian Defense
E.KID.Fch.MLn.O-O	prefix	5	13	E61	King's Indian Defense
E.KID.Fou.Bg5	prefix	13	14	E76	King's Indian Defense: Four Pawns Attack, Dynamic Attack
E.KID.Fou.Be2	prefix	15	16	E77	King's Indian Defense: Four Pawns Attack, Normal Attack
E.KID.Cls.Old	prefix	11	12	E91	King's Indian Defense: Orthodox Variation
E.KID.Cls.Old.e5	prefix	11	14	E91	King's Indian Defense: Orthodox Variation
E.Nim.Rub.Cls	exact	10	10	E48	Nimzo-Indian Defense: Normal Variation, Classical Defense
E.Nim.Rub.Cls.cxd5	prefix	10	11	E48	Nimzo-Indian Defense: Normal Variation, Classical Defense
B.Fre.Adv.NwG	exact	7	7	C02	French Defense: Advance Variation, Nimzowitsch Attack
B.Fre.Cls.MLn	exact	8	8	C13	French Defense: Classical Variation, Normal Variation
B.Fre.Stn.MLn	prefix	7	8	C11	French Defense: Classical Variation, Steinitz Variation
B.Fre.Mac.MLn	prefix	9	10	C12	French Defense: McCutcheon Variation, Advance Variation
B.Fre.Exc.Uhl	prefix	7	10	C01	French Defense: Exchange Variation
B.Fre.Exc.Bg4	prefix	7	8	C01	French Defense: Exchange Variation
B.Fre.Exc.Nc6	prefix	7	8	C01	French Defense: Exchange Variation
A.KIA.Fre.MLn	prefix	3	11	C00	French Defense: King's Indian Attack
A.KIA.Fre.Bar	prefix	3	5	C00	French Defense: King's Indian Attack
B.Sic.Alp.Dd6	prefix	5	6	B50	Sicilian Defense: Delayed Alapin Variation, with d6
B.Sic.Ros.a6	prefix	5	6	B30	Sicilian Defense: Nyezhmetdinov-Rossolimo Attack
A.Tro.Bxf6	prefix	3	7	A45	Trompowsky Attack
B.CaK.Cls.Spd.Nd7	prefix	6	14	B15	Caro-Kann Defense
B.Fre.Rub.MLn	exact	8	8	C10	French Defense: Rubinstein Variation, Blackburne Defense
B.Fre.Mac.exd5	prefix	9	10	C12	French Defense: McCutcheon Variation, Exchange Variation
B.Fre.Cls.MLn.ACh	exact	11	11	C13	French Defense: Alekhine-Chatard Attack
B.Sic.Mor.Bd7	exact	6	6	B52	Sicilian Defense: Moscow Variation, Main Line
B.Sic.Mor.Nd7	prefix	5	6	B51	Sicilian Defense: Moscow Variation
B.Fre.RPa	exact	5	5	C00	French Defense: Horwitz Attack, Papa-Ticulat Gambit
B.Fre.Kor	exact	7	7	C00	French Defense: Wing Gambit
B.CaK.Exc.MLn	prefix	6	10	B13	Caro-Kann Defense: Exchange Variation
B.CaK.Fan.MLn	prefix	5	16	B12	Caro-Kann Defense: Maróczy Variation
B.CaK.Brn.c3	prefix	10	12	B16	Caro-Kann Defense: Bronstein-Larsen Variation
B.Pir.Cls.Bg7	exact	8	8	B08	Pirc Defense: Classical Variation
B.Sic.Kal.MLn	exact	10	10	B32	Sicilian Defense: Kalashnikov Variation
B.Sic.Loe.MLn	prefix	8	13	B32	Sicilian Defense: Löwenthal Variation
B.Sic.Nim.e5	exact	5	5	B29	Sicilian Defense: Nimzowitsch Variation, Advance Variation
B.Sca.Por.Bnk	exact	9	9	B01	Scandinavian Defense: Portuguese Gambit, Banker Variation
B.Sca.Por.Bnk.MLn	prefix	9	12	B01	Scandinavian Defense: Portuguese Gambit, Banker Variation
B.Sca.Por.Jad	exact	11	11	B01	Scandinavian Defense: Portuguese Gambit, Jadoul Variation
B.Sca.Por.Mel	exact	11	11	B01	Scandinavian Defense: Portuguese Gambit, Melbourne Shuffle Variation
B.Sca.Por.Cor	exact	9	9	B01	Scandinavian Defense: Portuguese Gambit, Correspondence Refutation
B.Sca.Por.Wus	exact	7	7	B01	Scandinavian Defense: Portuguese Gambit, Wuss Variation
B.Sca.Por.Lus	exact	9	9	B01	Scandinavian Defense: Portuguese Gambit, Lusophobe Variation
B.Sca.Por.Elb	exact	8	8	B01	Scandinavian Defense: Portuguese Gambit, Elbow Variation
B.Sca.Por.Cls	exact	7	7	B01	Scandinavian Defense: Portuguese Gambit, Classical Variation
B.Sca.Pan	exact	6	6	B01	Scandinavian Defense: Panov Transfer
B.Sca.Nf6.Nf3	prefix	4	6	B01	Scandinavian Defense: Modern Variation
B.Sca.Nf6.Nf3.Gou	prefix	4	14	B01	Scandinavian Defense: Modern Variation
B.Sca.Nf6.Nf3.Cel	prefix	4	8	B01	Scandinavian Defense: Modern Variation
B.Sca.Nf6.Nf3.Cha	prefix	4	9	B01	Scandinavian Defense: Modern Variation
B.Sca.Nf6.Chk	prefix	4	5	B01	Scandinavian Defense: Modern Variation
B.Sca.Nf6.Chk.Bd7	prefix	4	6	B01	Scandinavian Defense: Modern Variation
B.Sca.Nf6.Chk.Nbd	prefix	4	6	B01	Scandinavian Defense: Modern Variation
B.CaK.Two.Nf6	prefix	5	8	B10	Caro-Kann Defense: Two Knights Attack
B.CaK.Two.Bf5	prefix	5	8	B10	Caro-Kann Defense: Two Knights Attack
B.CaK.Tar.Be3	prefix	10	11	B15	Caro-Kann Defense: Tartakower Variation
C.RyL.AntM.a4	exact	15	15	C88	Ruy Lopez: Closed, Anti-Marshall
C.RyL.AntM.h3	prefix	14	15	C88	Ruy Lopez: Closed
C.RyL.AntM.d3	prefix	14	15	C88	Ruy Lopez: Closed
A.Tro.Cls.MLn	exact	5	5	A45	Trompowsky Attack: Classical Defense, Big Center Variation
A.Tro.Cls.MLn.e3	prefix	4	5	A45	Trompowsky Attack: Classical Defense
A.Tro.Rap.MLn	exact	5	5	A45	Trompowsky Attack: Raptor Variation
A.Tro.Rap.MLn.e6	prefix	5	6	A45	Trompowsky Attack: Raptor Variation
A.Tro.Rap.MLn.f6	prefix	5	6	A45	Trompowsky Attack: Raptor Variation
A.Tro.Bxf6.e3	prefix	3	7	A45	Trompowsky Attack
A.Tor.ClD.MLn	prefix	5	7	A46	Torre Attack: Classical Defense
A.Tor.ClD.MLn.c3	prefix	5	9	A46	Torre Attack: Classical Defense
A.Tor.Nim.MLn	prefix	6	7	A46	Torre Attack: Classical Defense, Nimzowitsch Variation
A.Tor.Yus.MLn	prefix	5	8	A46	Torre Attack: Classical Defense
B.Ale.Fou.MLn	prefix	9	10	B03	Alekhine Defense: Four Pawns Attack
B.Ale.Fou.MLn.Nf3	prefix	9	11	B03	Alekhine Defense: Four Pawns Attack
B.Ale.Fou.MLn.Be3	prefix	9	11	B03	Alekhine Defense: Four Pawns Attack
B.Ale.Fou.Trd.MLn	prefix	9	13	B03	Alekhine Defense: Four Pawns Attack
B.Ale.Mod.MLn	exact	8	8	B05	Alekhine Defense: Modern Variation, Main Line
B.Ale.Chs.MLn	prefix	7	9	B02	Alekhine Defense: Two Pawns Attack, Lasker Variation
B.Pir.Cls.Bg7.MLn	exact	9	9	B08	Pirc Defense: Classical Variation, Quiet System
B.Pir.Cls.Bg7.MLn.O-O	prefix	9	10	B08	Pirc Defense: Classical Variation, Quiet System
B.Pir.Aus.Drg.MLn	exact	11	11	B09	Pirc Defense: Austrian Attack, Weiss Variation
B.Pir.Aus.Unz.MLn	prefix	7	13	B09	Pirc Defense: Austrian Attack
B.Pir.150.MLn	prefix	6	9	B07	Pirc Defense
B.Pir.150.MLn.O-O-O	prefix	6	11	B07	Pirc Defense
B.Pir.Byr.MLn	prefix	7	9	B07	Pirc Defense: Byrne Variation
C.PhD.Han.MLn	prefix	8	9	C41	Philidor Defense: Lion Variation
C.PhD.Han.MLn.O-O	prefix	8	11	C41	Philidor Defense: Lion Variation
C.PhD.Exc.MLn	prefix	8	9	C41	Philidor Defense: Exchange Variation
C.PhD.Lio.MLn	prefix	8	11	C41	Philidor Defense: Lion Variation
C.Pon.CGm.MLn	prefix	6	7	C44	Ponziani Opening: Ponziani Countergambit
C.Pon.CGm.MLn.exf5	prefix	6	9	C44	Ponziani Opening: Ponziani Countergambit
C.Pon.Jae.MLn.e5	prefix	6	9	C44	Ponziani Opening: Jaenisch Counterattack
C.Pon.Ste.MLn.f6	exact	8	8	C44	Ponziani Opening: Steinitz Variation
C.Vie.Cls.MLn	exact	7	7	C26	Bishop's Opening: Vienna Hybrid, Spielmann Attack
C.Vie.Cls.MLn.Nf3	prefix	7	9	C26	Bishop's Opening: Vienna Hybrid, Spielmann Attack
C.Vie.Mie.MLn	prefix	5	6	C26	Vienna Game: Mieses Variation
C.Vie.Fal.MLn	exact	6	6	C27	Vienna Game: Frankenstein-Dracula Variation
C.Vie.Gbt.Pie.MLn	prefix	5	8	C29	Vienna Game: Vienna Gambit
B.Sic.Alp.Nf6.MLn	prefix	3	7	B22	Sicilian Defense: Alapin Variation
B.Sic.Alp.Cen.MLn	prefix	6	7	B22	Sicilian Defense: Alapin Variation, Barmen Defense
B.Sic.Alp.Dd6.MLn	prefix	5	7	B50	Sicilian Defense: Delayed Alapin Variation, with d6
B.Sic.Ros.Cls.MLn	prefix	6	8	B31	Sicilian Defense: Nyezhmetdinov-Rossolimo Attack, Fianchetto Variation
B.Sic.Ros.Cls.MLn.c3	prefix	6	9	B31	Sicilian Defense: Nyezhmetdinov-Rossolimo Attack, Fianchetto Variation
B.Sic.Ros.a6.Bxc6	prefix	5	7	B30	Sicilian Defense: Nyezhmetdinov-Rossolimo Attack
B.Sic.Mor.Bd7.MLn	prefix	6	8	B52	Sicilian Defense: Moscow Variation, Main Line
B.Sic.Mor.Nd7.O-O	prefix	5	7	B51	Sicilian Defense: Moscow Variation
B.Fre.Rub.MLn.Nf6	prefix	8	10	C10	French Defense: Rubinstein Variation, Blackburne Defense
B.Fre.Rub.MLn.Bd3	prefix	8	11	C10	French Defense: Rubinstein Variation, Blackburne Defense
B.Fre.Mac.MLn.Bd3	prefix	9	11	C12	French Defense: McCutcheon Variation, Advance Variation
B.Fre.Mac.MLn.Bh4	exact	11	11	C12	French Defense: McCutcheon Variation, Bernstein Variation
B.CaK.Two.Nf6.MLn	prefix	5	9	B10	Caro-Kann Defense: Two Knights Attack
B.CaK.Two.Bf5.MLn	prefix	5	9	B10	Caro-Kann Defense: Two Knights Attack
D.Bgm.Acc.Bog.MLn	prefix	10	11	D00	Blackmar-Diemer Gambit Accepted: Bogoljubow Defense
D.Bgm.Acc.Euw.MLn	prefix	10	11	D00	Blackmar-Diemer Gambit Accepted: Euwe Defense
D.Bgm.Acc.Tei.MLn	prefix	10	11	D00	Blackmar-Diemer Gambit Accepted: Teichmann Defense
D.Bgm.Acc.Gun.MLn	prefix	10	11	D00	Blackmar-Diemer Gambit Accepted: Gunderam Defense
D.Bgm.Acc.Zie.MLn	prefix	10	11	D00	Blackmar-Diemer Gambit Accepted: Ziegler Defense
D.Bgm.Dec.Elb.MLn	prefix	8	9	D00	Blackmar-Diemer Gambit Declined: Elbert Countergambit
D.Chi.Jan.Mod.e3	prefix	8	9	D07	Queen's Gambit Declined: Chigorin Defense, Modern Gambit
D.Chi.Laz.MLn.Ne5	prefix	6	9	D07	Queen's Gambit Declined: Chigorin Defense, Lazard Gambit
D.Chi.Tar.MLn.Nb5	prefix	6	9	D07	Queen's Gambit Declined: Chigorin Defense, Tartakower Gambit
D.Sla.Sml.MLn.Bg4	prefix	10	12	D16	Slav Defense: Smyslov Variation
D.Sla.Ala.MLn.a4	prefix	9	11	D15	Slav Defense: Geller Gambit
D.Sla.Not.MLn.a4	prefix	5	11	D11	Slav Defense: Modern Line
D.Sla.Stn.MLn.e4	prefix	5	9	D10	Slav Defense
D.QGA.Bog.MLn.O-O	prefix	8	11	D25	Queen's Gambit Accepted: Janowski-Larsen Variation
D.QGA.Flo.MLn.a4	prefix	8	9	D22	Queen's Gambit Accepted: Alekhine Defense, Haberditz Variation
D.QGA.Jan.MLn.O-O	prefix	6	11	D22	Queen's Gambit Accepted: Alekhine Defense
D.QGA.Man.MLn.e4	prefix	7	9	D23	Queen's Gambit Accepted: Mannheim Variation
D.Tar.HSc.MLn.Qd1	prefix	8	11	D32	Tarrasch Defense: Schara Gambit
D.Tar.Mar.MLn.Bd6	prefix	9	12	D32	Tarrasch Defense: Marshall Gambit
D.STa.Kmo.MLn.Be7	prefix	6	16	D35	Queen's Gambit Declined: Normal Defense
D.STa.Sym.MLn.b6	prefix	14	16	D40	Queen's Gambit Declined: Semi-Tarrasch Defense, Symmetrical Variation
D.STa.End.MLn.Bc4	prefix	6	17	D35	Queen's Gambit Declined: Normal Defense
D.QPG.Ver.MLn.Be7	prefix	3	8	D00	Queen's Pawn Game: Chigorin Variation
D.QPG.Ama.MLn.c6	prefix	3	6	D00	Amazon Attack
D.QPG.Mas.MLn.e6	prefix	3	6	D00	Queen's Pawn Game: Mason Attack
D.QPG.Sto.MLn.c5	prefix	5	8	D00	Queen's Pawn Game: Stonewall Attack
D.QPG.Zur.MLn.h3	prefix	3	5	D00	Queen's Pawn Game: Zurich Gambit
E.OldI.Ukr.MLn.Be7	prefix	7	10	A54	Old Indian Defense: Two Knights Variation
E.OldI.Jan.MLn.e3	prefix	6	9	A53	Old Indian Defense: Janowski Variation
E.Bog.Exc.MLn.Nc3	prefix	8	11	E11	Bogo-Indian Defense: Exchange Variation
E.Bog.Hai.MLn.O-O	prefix	8	10	E11	Bogo-Indian Defense: Haiti Variation
E.Bog.Rom.MLn.O-O	prefix	8	12	E11	Bogo-Indian Defense: Exchange Variation
E.Bog.NEn.MLn.g3	prefix	7	9	E11	Bogo-Indian Defense: New England Variation
E.Bog.Grn.MLn.e3	prefix	7	9	E11	Bogo-Indian Defense: Grünfeld Variation
E.QID.Sps.MLn.O-O	prefix	7	12	E14	Queen's Indian Defense: Spassky System
E.QID.Euw.MLn.Bxd2	prefix	10	12	E16	Queen's Indian Defense: Capablanca Variation
E.QID.Kas.MLn.Bd2	prefix	7	11	E12	Queen's Indian Defense: Kasparov Variation
E.QID.Pet.KPe.Be7	exact	10	10	E12	Queen's Indian Defense: Kasparov-Petrosian Variation, Marco Defense
E.QID.Cls.MLn.exd5	prefix	11	14	E17	Queen's Indian Defense: Classical Variation
E.QID.Cls.MLn.exd5.Nh4	exact	15	15	E17	Queen's Indian Defense: Classical Variation, Polugaevsky Gambit
E.QID.Cls.MLn.exd5.Nd4	exact	15	15	E17	Queen's Indian Defense: Classical Variation, Taimanov Gambit
E.Gru.Hng.MLn	prefix	10	11	D83	Grünfeld Defense: Brinckmann Attack, Grünfeld Gambit
E.Gru.Sml.MLn.c5.dxc5	prefix	7	11	D80	Grünfeld Defense: Lutikov Variation
E.Gru.Thr.MLn.Qb3.Nxc3	prefix	8	12	D90	Grünfeld Defense: Three Knights Variation
E.Gru.Neo.MLn.cxd5.Nxd5.e4	prefix	6	13	D70	Neo-Grünfeld Defense: with g3
E.Gru.Exc.Mod.MLn.Be2	prefix	8	13	D85	Grünfeld Defense: Exchange Variation
E.KID.Fou.Bg5.Be2	prefix	13	15	E76	King's Indian Defense: Four Pawns Attack, Dynamic Attack
E.KID.Fou.Be2.O-O	prefix	15	17	E77	King's Indian Defense: Four Pawns Attack, Normal Attack
E.KID.Cls.Old.e5.d5	exact	15	15	E94	King's Indian Defense: Orthodox Variation, Positional Defense, Closed Line
E.KID.Cls.Arb.MLn.Nxd4	prefix	14	17	E97	King's Indian Defense: Orthodox Variation, Aronin-Taimanov Defense
E.KID.Sml.Bob.MLn.b5	prefix	14	16	E83	King's Indian Defense: Sämisch Variation, Ruban Variation
E.KID.Sml.Krs.MLn.c5	prefix	10	12	E81	King's Indian Defense: Sämisch Variation, Normal Defense
E.Ben.Czk.MLn.Be7.Nf3	prefix	6	11	A56	Benoni Defense: Czech Benoni Defense
E.Ben.Bnk.Acc.MLn.Bxa6	prefix	9	10	A58	Benko Gambit Accepted: Fully Accepted Variation
E.Ben.Bnk.Dec.MLn.Bxe7	prefix	7	9	A57	Benko Gambit Declined: Bishop Attack
A.Eng.Org.MLn	prefix	3	4	A15	English Orangutan
A.Eng.Org.MLn.Bb2	prefix	3	5	A15	English Orangutan
A.Eng.Org.MLn.Bb2.Bxb4	prefix	3	6	A15	English Orangutan
A.Eng.Mik.MLn.Ne4	prefix	4	9	A17	English Opening: Anglo-Indian Defense, Hedgehog System
A.Eng.Mik.MLn.Ne4.Nfd7	prefix	4	10	A17	English Opening: Anglo-Indian Defense, Hedgehog System
A.Eng.Rev.Bot.MLn.Qd7	prefix	8	14	A25	English Opening: King's English Variation, Taimanov Variation
A.Eng.Rev.Bot.MLn.Qd7.f4	prefix	8	15	A25	English Opening: King's English Variation, Taimanov Variation
A.Eng.Sym.Hdg.MLn.Bxg2	prefix	3	16	A30	English Opening: Symmetrical Variation
A.Eng.Sym.Hdg.MLn.Bxg2.Kxg2	prefix	3	17	A30	English Opening: Symmetrical Variation
A.Eng.Sym.Rub.MLn.O-O	prefix	3	14	A30	English Opening: Symmetrical Variation
A.Eng.Sym.Rub.MLn.O-O.Be2	prefix	3	15	A30	English Opening: Symmetrical Variation
A.Eng.Rev.Fou.MLn.e3	prefix	7	11	A29	English Opening: King's English Variation, Four Knights Variation, Fianchetto Line
A.Eng.Rev.Fou.MLn.e3.Be7	prefix	7	12	A29	English Opening: King's English Variation, Four Knights Variation, Fianchetto Line
A.Ret.Acc.MLn	prefix	4	5	A09	Réti Opening: Réti Accepted
A.Ret.Acc.MLn.Be6	exact	6	6	A09	Réti Opening: Réti Gambit, Keres Variation
A.Ret.Acc.MLn.Be6.Bxc4	prefix	6	7	A09	Réti Opening: Réti Gambit, Keres Variation
A.Ret.Adv.MLn	prefix	4	5	A09	Réti Opening: Advance Variation
A.Ret.Adv.MLn.Nc6	prefix	4	6	A09	Réti Opening: Advance Variation
A.Ret.Adv.MLn.Nc6.Bg2	prefix	4	7	A09	Réti Opening: Advance Variation
A.Ret.Ang.MLn	prefix	3	5	A09	Réti Opening
A.Ret.Ang.MLn.Nf6	prefix	3	6	A09	Réti Opening
A.Ret.QGI.MLn	prefix	3	5	A09	Réti Opening
A.Ret.QGI.MLn.Nf6	prefix	3	6	A09	Réti Opening
A.Ret.Fch.MLn	prefix	4	8	A05	King's Indian Attack: Symmetrical Defense
A.Ret.Fch.MLn.Bg2	prefix	4	9	A05	King's Indian Attack: Symmetrical Defense
A.KIA.Sic.MLn	prefix	4	8	B40	Sicilian Defense: French Variation
A.KIA.Sic.MLn.g3	prefix	4	9	B40	Sicilian Defense: French Variation
A.KIA.Sic.MLn.g3.Nf6	prefix	4	10	B40	Sicilian Defense: French Variation
A.KIA.Car.MLn	prefix	3	6	B10	Caro-Kann Defense: Breyer Variation
A.KIA.Car.MLn.Ngf3	prefix	3	7	B10	Caro-Kann Defense: Breyer Variation
A.Hol.Fch.MLn	prefix	6	10	A81	Dutch Defense: Semi-Leningrad Variation
A.Hol.Fch.MLn.c4	prefix	6	11	A81	Dutch Defense: Semi-Leningrad Variation
A.Hol.Sta.MLn	exact	7	7	A83	Dutch Defense: Staunton Gambit
A.Hol.Sta.MLn.d5	prefix	7	8	A83	Dutch Defense: Staunton Gambit
A.Hol.Hop.MLn	prefix	3	7	A80	Dutch Defense: Hopton Attack
A.Hol.Kre.MLn	prefix	3	5	A80	Dutch Defense: Krejcik Gambit
A.Hol.Alp.MLn	prefix	3	7	A80	Dutch Defense: Alapin Variation
A.Hol.Lng.MLn.b3	prefix	9	13	A87	Dutch Defense: Leningrad Variation
A.Hol.Lng.MLn.b3.Nc6	prefix	9	14	A87	Dutch Defense: Leningrad Variation
A.Hol.Sto.Bot.MLn.c5	prefix	13	15	A93	Dutch Defense: Stonewall Variation, Botvinnik Variation
A.Lon.Msn.MLn	prefix	5	10	D02	Queen's Pawn Game: London System
A.Lon.Msn.MLn.Nbd2	prefix	5	11	D02	Queen's Pawn Game: London System
A.Lon.Job.Nc6.MLn	prefix	5	8	D01	Rapport-Jobava System
A.Lon.Job.Nc6.MLn.Nb5	prefix	5	9	D01	Rapport-Jobava System
A.Lon.Psn.Qxb2	prefix	5	10	D02	Queen's Pawn Game: London System
A.Lon.Psn.Qxb2.Nb5	prefix	5	11	D02	Queen's Pawn Game: London System
A.Col.Zuk.MLn	prefix	7	11	D05	Queen's Pawn Game: Colle System
A.Col.Zuk.MLn.Be7	prefix	7	12	D05	Queen's Pawn Game: Colle System
A.Col.Phn.MLn	prefix	7	12	D05	Queen's Pawn Game: Colle System
A.Tor.Yus.MLn.c3	prefix	5	9	A46	Torre Attack: Classical Defense
A.Tor.Yus.MLn.c3.Bb7	prefix	5	10	A46	Torre Attack: Classical Defense
A.Ver.Cls.MLn	prefix	5	7	D01	Richter-Veresov Attack
A.Ver.Cls.MLn.Be7	prefix	5	8	D01	Richter-Veresov Attack
A.Lar.Cls.MLn	prefix	2	8	A01	Nimzo-Larsen Attack: Classical Variation
A.Lar.Cls.MLn.Be2	prefix	2	9	A01	Nimzo-Larsen Attack: Classical Variation
A.Pol.Bhm.MLn	prefix	2	4	A00	Polish Opening: Birmingham Gambit
A.Pol.Bhm.MLn.Bb2	prefix	2	5	A00	Polish Opening: Birmingham Gambit
A.Gro.Gbt.MLn	exact	5	5	A00	Grob Opening: Grob Gambit, Fritz Gambit
A.Gro.Gbt.MLn.d4	exact	6	6	A00	Grob Opening: Romford Countergambit
A.Mod.Avk.MLn	prefix	7	10	A42	Modern Defense: Averbakh System
A.Mod.Avk.MLn.Be2	prefix	7	11	A42	Modern Defense: Averbakh System
A.PQI.Bf4.MLn	prefix	4	8	A47	Pseudo Queen's Indian Defense
A.PQI.Fch.MLn	prefix	4	10	A47	Pseudo Queen's Indian Defense
A.EID.Fch.MLn	prefix	5	10	A49	Indian Defense: Przepiorka Variation
A.EID.Col.MLn	prefix	4	10	A48	East Indian Defense
C.RyL.AntM.a4.Bb7	prefix	15	16	C88	Ruy Lopez: Closed, Anti-Marshall
C.RyL.AntM.a4.Bb7.d3	prefix	15	17	C88	Ruy Lopez: Closed, Anti-Marshall
C.RyL.AntM.a4.Bb7.d3.d6	prefix	15	18	C88	Ruy Lopez: Closed, Anti-Marshall
C.RyL.AntM.h3.Bb7	prefix	14	16	C88	Ruy Lopez: Closed
C.RyL.AntM.h3.Bb7.d3	prefix	14	17	C88	Ruy Lopez: Closed
C.RyL.AntM.h3.Bb7.d3.d5	prefix	14	18	C88	Ruy Lopez: Closed
C.RyL.AntM.d3.d6	prefix	14	16	C88	Ruy Lopez: Closed
C.RyL.AntM.d3.d6.c3	exact	17	17	C90	Ruy Lopez: Closed, Pilnik Variation
C.RyL.AntM.d3.d6.c3.Na5	prefix	17	18	C90	Ruy Lopez: Closed, Pilnik Variation
C.RyL.Cls.Cen.exd4	prefix	17	18	C91	Ruy Lopez: Closed, Yates Variation
C.RyL.Cls.Cen.exd4.cxd4	prefix	17	19	C91	Ruy Lopez: Closed, Yates Variation
C.RyL.Cls.Cen.exd4.cxd4.Bg4	prefix	17	20	C91	Ruy Lopez: Closed, Yates Variation
C.PhD.Han.MLn.O-O.O-O	prefix	8	12	C41	Philidor Defense: Lion Variation
C.PhD.Han.MLn.O-O.O-O.Re1	prefix	8	13	C41	Philidor Defense: Lion Variation
C.PhD.Exc.MLn.Be7	prefix	8	10	C41	Philidor Defense: Exchange Variation
C.PhD.Exc.MLn.Be7.O-O	prefix	8	13	C41	Philidor Defense: Exchange Variation
C.PhD.Lio.MLn.O-O	prefix	8	12	C41	Philidor Defense: Lion Variation
C.PhD.Lio.MLn.O-O.Re1	prefix	8	13	C41	Philidor Defense: Lion Variation
C.Pon.Jae.MLn.e5.Ne4	prefix	6	10	C44	Ponziani Opening: Jaenisch Counterattack
C.Pon.Jae.MLn.e5.Ne4.cxd4	prefix	6	11	C44	Ponziani Opening: Jaenisch Counterattack
C.Pon.CGm.MLn.exf5.Nf6	prefix	6	10	C44	Ponziani Opening: Ponziani Countergambit
C.Pon.CGm.MLn.exf5.Nf6.Bd3	prefix	6	11	C44	Ponziani Opening: Ponziani Countergambit
C.Pon.Ste.MLn.f6.exd5	prefix	8	9	C44	Ponziani Opening: Steinitz Variation
C.Pon.Ste.MLn.f6.exd5.Qxd5	prefix	8	10	C44	Ponziani Opening: Steinitz Variation
C.Cen.Pau.MLn	prefix	8	9	C22	Center Game: Berger Variation
C.Cen.Pau.MLn.Bb4	prefix	8	10	C22	Center Game: Berger Variation
C.Cen.Pau.MLn.Bb4.Bd2	prefix	8	11	C22	Center Game: Berger Variation
C.Ita.Pia.Wai.MLn	prefix	7	11	C50	Italian Game: Giuoco Pianissimo
C.Ita.Pia.Wai.MLn.Re1	prefix	7	13	C50	Italian Game: Giuoco Pianissimo
C.Ita.Giu.Mol.MLn.d5	prefix	13	14	C54	Italian Game: Giuoco Piano, Greco's Attack
C.Ita.Giu.Mol.MLn.d5.exd5	prefix	13	15	C54	Italian Game: Giuoco Piano, Greco's Attack
C.Ita.Evn.Acc.Mor.d6.cxd4	prefix	12	15	C52	Italian Game: Evans Gambit, Pierce Defense
C.KGm.Acc.Kie.MLn	exact	10	10	C39	King's Gambit Accepted: Kieseritzky Gambit, Berlin Defense
C.KGm.Acc.Kie.MLn.d4	exact	11	11	C39	King's Gambit Accepted: Kieseritzky Gambit, Berlin Defense, Rubinstein Variation
C.KGm.Acc.Muz.MLn	prefix	9	10	C37	King's Gambit Accepted: Muzio Gambit, Wild Muzio Gambit
C.KGm.Acc.Muz.MLn.Qxf3	prefix	9	11	C37	King's Gambit Accepted: Muzio Gambit, Wild Muzio Gambit
C.KGm.Acc.Bsh.MLn	exact	7	7	C33	King's Gambit Accepted: Bishop's Gambit, Bogoljubow Variation
C.KGm.Dec.Fal.MLn.d3.Nf6	prefix	7	8	C31	King's Gambit Declined: Falkbeer Countergambit, Charousek Gambit
C.Pet.Stf.MLn	exact	8	8	C42	Petrov's Defense: Stafford Gambit
C.Pet.Stf.MLn.d3	prefix	8	9	C42	Petrov's Defense: Stafford Gambit
C.Pet.Stf.MLn.d3.Bc5	prefix	8	10	C42	Petrov's Defense: Stafford Gambit
C.Sco.Cls.Sch.MLn	prefix	8	13	C45	Scotch Game: Classical Variation
C.Sco.Cls.Sch.MLn.O-O	prefix	8	14	C45	Scotch Game: Classical Variation
C.Vie.Mie.MLn.exd5	prefix	5	7	C26	Vienna Game: Mieses Variation
C.Vie.Mie.MLn.exd5.Nxd5	prefix	5	8	C26	Vienna Game: Mieses Variation
C.Vie.Fal.MLn.Nxe4	prefix	6	7	C27	Vienna Game: Frankenstein-Dracula Variation
C.Vie.Fal.MLn.Nxe4.d5	prefix	6	8	C27	Vienna Game: Frankenstein-Dracula Variation
C.Fou.Spa.Dbl.MLn.d3	exact	11	11	C49	Four Knights Game: Spanish Variation, Double Spanish
C.Fou.Spa.Dbl.MLn.d3.d6	exact	12	12	C49	Four Knights Game: Spanish Variation, Symmetrical Variation
C.Fou.Spa.Cls.MLn.d3	prefix	8	11	C48	Four Knights Game: Spanish Variation, Classical Variation
C.Fou.Spa.Cls.MLn.d3.d6	prefix	8	12	C48	Four Knights Game: Spanish Variation, Classical Variation
B.Sic.Naj.Eng.e5	prefix	11	12	B90	Sicilian Defense: Najdorf Variation, English Attack
B.Sic.Naj.Eng.e5.Nb3	prefix	11	13	B90	Sicilian Defense: Najdorf Variation, English Attack
B.Sic.Naj.Sch.O-O	prefix	12	13	B84	Sicilian Defense: Scheveningen Variation, Classical Variation
B.Sic.Naj.Sch.O-O.Be7	prefix	12	14	B84	Sicilian Defense: Scheveningen Variation, Classical Variation
B.Sic.Dra.Yug.Bd7	exact	18	18	B77	Sicilian Defense: Dragon Variation, Yugoslav Attack
B.Sic.Dra.Yug.Bd7.O-O-O	exact	19	19	B78	Sicilian Defense: Dragon Variation, Yugoslav Attack
B.Sic.Sch.Krs.h6	prefix	8	12	B54	Sicilian Defense: Modern Variations, Main Line
B.Sic.Sch.Krs.h6.h4	prefix	8	13	B54	Sicilian Defense: Modern Variations, Main Line
B.Sic.Sch.Krs.h6.h4.Nc6	prefix	8	14	B54	Sicilian Defense: Modern Variations, Main Line
B.Sic.Acc.Mar.Nf6	prefix	9	10	B36	Sicilian Defense: Accelerated Dragon, Maróczy Bind
B.Sic.Acc.Mar.Nf6.Nc3	prefix	9	11	B36	Sicilian Defense: Accelerated Dragon, Maróczy Bind
B.Sic.Acc.Mar.Nf6.Nc3.Nxd4	prefix	9	12	B36	Sicilian Defense: Accelerated Dragon, Maróczy Bind
B.Sic.Ros.Nim.O-O	prefix	5	7	B30	Sicilian Defense: Nyezhmetdinov-Rossolimo Attack
B.Sic.Ros.Nim.O-O.Nge7	prefix	5	8	B30	Sicilian Defense: Nyezhmetdinov-Rossolimo Attack
B.CaK.Adv.Sht.O-O	prefix	7	11	B12	Caro-Kann Defense: Advance Variation, Short Variation
B.CaK.Adv.Sht.O-O.Nc6	prefix	7	12	B12	Caro-Kann Defense: Advance Variation, Short Variation
B.CaK.Adv.Tal.h5	prefix	7	8	B12	Caro-Kann Defense: Advance Variation, Tal Variation
B.CaK.Adv.Tal.h5.Bd3	prefix	7	9	B12	Caro-Kann Defense: Advance Variation, Tal Variation
B.CaK.Pmv.Nc6.Nf3	prefix	10	11	B13	Caro-Kann Defense: Panov Attack, Modern Defense
B.CaK.Pmv.Nc6.Nf3.Bg4	exact	12	12	B13	Caro-Kann Defense: Panov Attack, Modern Defense, Mieses Line
B.CaK.Two.Bf5.MLn.d3	prefix	5	11	B10	Caro-Kann Defense: Two Knights Attack
B.CaK.Two.Bf5.MLn.d3.Nd7	prefix	5	12	B10	Caro-Kann Defense: Two Knights Attack
B.Fre.Cls.MLn.e5	prefix	8	9	C13	French Defense: Classical Variation, Normal Variation
B.Fre.Cls.MLn.e5.Nfd7	prefix	8	10	C13	French Defense: Classical Variation, Normal Variation
B.Fre.Stn.MLn.f4	prefix	7	9	C11	French Defense: Classical Variation, Steinitz Variation
B.Fre.Stn.MLn.f4.c5	prefix	7	10	C11	French Defense: Classical Variation, Steinitz Variation
B.Fre.Win.Psn.Kd1	exact	19	19	C18	French Defense: Winawer Variation, Poisoned Pawn Variation, Paoli Variation
B.Fre.Win.Psn.Kd1.dxc3	prefix	19	20	C18	French Defense: Winawer Variation, Poisoned Pawn Variation, Paoli Variation
B.Fre.Tar.Ope.exd5	prefix	6	7	C07	French Defense: Tarrasch Variation, Open System
B.Fre.Tar.Ope.exd5.exd5	exact	8	8	C08	French Defense: Tarrasch Variation, Open System
B.Pir.150.MLn.f3	prefix	6	11	B07	Pirc Defense
B.Pir.150.MLn.f3.c6	prefix	6	12	B07	Pirc Defense
B.Pir.Aus.Drg.MLn.Nc6	prefix	11	12	B09	Pirc Defense: Austrian Attack, Weiss Variation
B.Ale.Mod.MLn.Be2	prefix	8	9	B05	Alekhine Defense: Modern Variation, Main Line
B.Ale.Mod.MLn.Be2.e6	prefix	8	10	B05	Alekhine Defense: Modern Variation, Main Line
B.Sca.Mod.Mie.Nf3	prefix	8	9	B01	Scandinavian Defense: Main Line, Mieses Variation
B.Sca.Por.Cls.MLn	prefix	7	8	B01	Scandinavian Defense: Portuguese Gambit, Classical Variation
B.Sca.Por.Cls.MLn.Be2	prefix	7	9	B01	Scandinavian Defense: Portuguese Gambit, Classical Variation
B.Sca.Nf6.Nf3.MLn	prefix	4	7	B01	Scandinavian Defense: Modern Variation
B.Sca.Nf6.Nf3.MLn.Nxd5	prefix	4	8	B01	Scandinavian Defense: Modern Variation
B.CaK.Exc.MLn.Nf6	prefix	6	12	B13	Caro-Kann Defense: Exchange Variation
B.CaK.Exc.MLn.Nf6.O-O	prefix	6	13	B13	Caro-Kann Defense: Exchange Variation
D.QGD.Cls.MLn.Bh4.b6	prefix	8	14	D53	Queen's Gambit Declined
D.QGD.Cls.MLn.Bh4.b6.cxd5	prefix	8	15	D53	Queen's Gambit Declined
D.QGD.Ort.MLn.dxc4	prefix	8	16	D53	Queen's Gambit Declined
D.QGD.Ort.MLn.dxc4.Bxc4	prefix	8	17	D53	Queen's Gambit Declined
D.QGD.Ort.MLn.dxc4.Bxc4.Nd5	prefix	8	18	D53	Queen's Gambit Declined
D.QGD.Tar.MLn.Bd3.Bb7	prefix	8	16	D53	Queen's Gambit Declined
D.QGD.Tar.MLn.Bd3.Bb7.O-O	prefix	8	17	D53	Queen's Gambit Declined
D.QGD.Rag.Bg5.h6	prefix	6	10	D35	Queen's Gambit Declined: Normal Defense
D.QGD.Rag.Bg5.h6.Bh4	prefix	6	11	D35	Queen's Gambit Declined: Normal Defense
D.QGD.Rag.Bg5.h6.Bh4.dxc4	prefix	6	12	D35	Queen's Gambit Declined: Normal Defense
D.QGD.Vie.MLn.e5	prefix	6	12	D35	Queen's Gambit Declined: Normal Defense
D.QGD.Vie.MLn.e5.Bxc4	prefix	6	13	D35	Queen's Gambit Declined: Normal Defense
D.QGD.Bal.MLn.e3	prefix	4	9	D06	Queen's Gambit Declined: Baltic Defense
D.QGD.Bal.MLn.e3.Be7	prefix	4	10	D06	Queen's Gambit Declined: Baltic Defense
D.Sla.Cls.MLn.O-O	exact	15	15	D19	Slav Defense: Czech Variation, Dutch Variation
D.Sla.Cls.MLn.O-O.Nbd7	prefix	15	16	D19	Slav Defense: Czech Variation, Dutch Variation
D.Sla.Che.MLn.c5	prefix	8	11	D15	Slav Defense: Chebanenko Variation
D.Sla.Che.MLn.c5.g6	prefix	8	12	D15	Slav Defense: Chebanenko Variation
D.Sla.Exc.MLn.e3.Bf5	prefix	5	12	D10	Slav Defense: Exchange Variation
D.Sla.Exc.MLn.e3.Bf5.Nf3	prefix	5	13	D10	Slav Defense: Exchange Variation
D.Sla.Sch.MLn.Bd3	prefix	5	11	D10	Slav Defense
D.Sla.Sch.MLn.Bd3.O-O	prefix	5	12	D10	Slav Defense
D.Sla.Qui.MLn.Be2	prefix	10	11	D12	Slav Defense: Quiet Variation, Schallopp Defense
D.Sla.Qui.MLn.Be2.Nbd7	prefix	10	12	D12	Slav Defense: Quiet Variation, Schallopp Defense
D.Sem.Mer.MLn.O-O	prefix	8	19	D43	Semi-Slav Defense
D.Sem.Mer.MLn.O-O.cxd4	prefix	8	20	D43	Semi-Slav Defense
D.Sem.AMe.Bd3.O-O	prefix	8	14	D43	Semi-Slav Defense
D.Sem.AMe.Bd3.O-O.O-O	prefix	8	15	D43	Semi-Slav Defense
D.Sem.Bg5.Mos.e3	prefix	12	13	D43	Semi-Slav Defense: Moscow Variation
D.Sem.Bg5.Mos.e3.Nd7	prefix	12	14	D43	Semi-Slav Defense: Moscow Variation
D.Sem.Bg5.AMo.e4	prefix	11	13	D43	Semi-Slav Defense: Anti-Moscow Gambit
D.Sem.Bg5.AMo.e4.g5	prefix	11	14	D43	Semi-Slav Defense: Anti-Moscow Gambit
D.Sem.Bg5.Bot.e5	prefix	11	13	D44	Semi-Slav Defense: Botvinnik Variation
D.Sem.Bg5.Bot.e5.h6	prefix	11	14	D44	Semi-Slav Defense: Botvinnik Variation
D.Cat.Ope.Qa4.Bd7	prefix	4	10	D30	Queen's Gambit Declined
D.Cat.Cls.Qc2.c6	prefix	4	14	D30	Queen's Gambit Declined
D.Cat.Cls.Qc2.c6.Rd1	prefix	4	15	D30	Queen's Gambit Declined
D.Tar.Cls.MLn.Be3	prefix	16	19	D34	Tarrasch Defense: Classical Variation
D.Tar.Cls.MLn.Be3.Bxc5	prefix	16	20	D34	Tarrasch Defense: Classical Variation
D.STa.Exc.MLn.Nxd5	prefix	6	15	D35	Queen's Gambit Declined: Normal Defense
D.STa.Exc.MLn.Nxd5.Bb4	prefix	6	16	D35	Queen's Gambit Declined: Normal Defense
D.QGA.Cls.MLn.Bd3	prefix	12	15	D27	Queen's Gambit Accepted: Classical Defense, Main Line
D.QGA.Cls.MLn.Bd3.Bb7	prefix	12	16	D27	Queen's Gambit Accepted: Classical Defense, Main Line
D.Alb.Nrm.MLn.b4	prefix	7	11	D08	Queen's Gambit Declined: Albin Countergambit, Normal Line
D.Alb.Nrm.MLn.b4.Qd7	prefix	7	12	D08	Queen's Gambit Declined: Albin Countergambit, Normal Line
D.QPG.Ver.MLn.Be7.Nf3	prefix	3	9	D00	Queen's Pawn Game: Chigorin Variation
D.QPG.Ver.MLn.Be7.Nf3.O-O	prefix	3	10	D00	Queen's Pawn Game: Chigorin Variation
C.Bsh.Ber.d3	prefix	4	5	C24	Bishop's Opening: Berlin Defense
C.Bsh.Ber.d3.Nc6	prefix	4	6	C24	Bishop's Opening: Berlin Defense
C.Bsh.Cal.d3	exact	5	5	C23	Bishop's Opening: Calabrese Countergambit, Jaenisch Variation
C.Bsh.Cal.d3.Nf6	prefix	5	6	C23	Bishop's Opening: Calabrese Countergambit, Jaenisch Variation
C.Bsh.Cal.d3.Nf6.Nf3	prefix	5	7	C23	Bishop's Opening: Calabrese Countergambit, Jaenisch Variation
C.Bsh.Cal.d3.Nf6.Nf3.Nc6	prefix	5	8	C23	Bishop's Opening: Calabrese Countergambit, Jaenisch Variation
C.RyL.Coz.d4	prefix	6	7	C60	Ruy Lopez: Cozio Defense
C.RyL.Coz.d4.exd4	prefix	6	8	C60	Ruy Lopez: Cozio Defense
C.RyL.Coz.d4.exd4.Nxd4	prefix	6	9	C60	Ruy Lopez: Cozio Defense
C.RyL.Coz.d4.exd4.Nxd4.Nxd4	prefix	6	10	C60	Ruy Lopez: Cozio Defense
C.RyL.Ber.Cls.Re1	prefix	7	9	C65	Ruy Lopez: Berlin Defense
C.RyL.Ber.Cls.Re1.O-O	prefix	7	10	C65	Ruy Lopez: Berlin Defense
C.RyL.Ber.Cls.Re1.O-O.Nc3	prefix	7	11	C65	Ruy Lopez: Berlin Defense
C.Pet.Cls.MLn.O-O	exact	14	14	C42	Petrov's Defense: Classical Attack, Mason Variation
C.Pet.Cls.MLn.O-O.Re1	prefix	14	15	C42	Petrov's Defense: Classical Attack, Mason Variation
C.Pet.Cls.MLn.O-O.Re1.c6	prefix	14	16	C42	Petrov's Defense: Classical Attack, Mason Variation
C.Ita.Two.Opn.MLn.O-O	exact	9	9	C56	Italian Game: Scotch Gambit
C.Ita.Two.Opn.MLn.O-O.Bc5	prefix	9	10	C56	Italian Game: Scotch Gambit
C.Ita.Two.Max.MLn.exf6	prefix	9	13	C56	Italian Game: Scotch Gambit
C.Ita.Two.Max.MLn.exf6.Qxf6	prefix	9	14	C56	Italian Game: Scotch Gambit
C.Ita.Giu.Grc.MLn.exd6	prefix	12	13	C54	Italian Game: Classical Variation, Greco Gambit, Modern Line
C.Ita.Giu.Grc.MLn.exd6.Qxd6	prefix	12	14	C54	Italian Game: Classical Variation, Greco Gambit, Modern Line
C.KGm.Acc.Bsh.MLn.d6	prefix	7	8	C33	King's Gambit Accepted: Bishop's Gambit, Bogoljubow Variation
C.KGm.Acc.Bsh.MLn.d6.Nf3	prefix	7	9	C33	King's Gambit Accepted: Bishop's Gambit, Bogoljubow Variation
C.KGm.Acc.Kie.MLn.d4.d6	prefix	11	12	C39	King's Gambit Accepted: Kieseritzky Gambit, Berlin Defense, Rubinstein Variation
C.KGm.Acc.Muz.MLn.Qxf3.d5	prefix	9	12	C37	King's Gambit Accepted: Muzio Gambit, Wild Muzio Gambit
C.Pet.Stf.MLn.d3.Bc5.Be2	prefix	8	11	C42	Petrov's Defense: Stafford Gambit
C.Sco.Mie.Ste.Nf3	prefix	8	11	C45	Scotch Game: Schmidt Variation
C.Vie.Cls.MLn.Nf3.O-O	prefix	7	10	C26	Bishop's Opening: Vienna Hybrid, Spielmann Attack
C.Vie.Cls.MLn.Nf3.O-O.O-O	prefix	7	11	C26	Bishop's Opening: Vienna Hybrid, Spielmann Attack
C.Vie.Mie.MLn.exd5.Nxd5.Bg2	prefix	5	9	C26	Vienna Game: Mieses Variation
C.Cen.Pau.MLn.Bb4.Bd2.Qe7	prefix	8	12	C22	Center Game: Berger Variation
C.PhD.Lio.MLn.O-O.Re1.Nb6	prefix	8	14	C41	Philidor Defense: Lion Variation
C.Ele.Nor.MLn.Nc3	prefix	6	9	C40	Elephant Gambit: Paulsen Countergambit
C.Ele.Nor.MLn.Nc3.Be7	prefix	6	10	C40	Elephant Gambit: Paulsen Countergambit
C.KPO.Prt.MLn.Nc6	prefix	3	6	C20	Portuguese Opening
C.KPO.Prt.MLn.Nc6.Nf3	prefix	3	7	C20	Portuguese Opening
C.KPO.Prt.MLn.Nc6.Nf3.Be7	prefix	3	8	C20	Portuguese Opening
C.LtO.Acc.MLn.Nh4	prefix	5	7	C40	Latvian Gambit Accepted
C.LtO.Acc.MLn.Nh4.Nf6	prefix	5	8	C40	Latvian Gambit Accepted
C.LtO.Acc.MLn.Nh4.Nf6.Nc3	prefix	5	9	C40	Latvian Gambit Accepted
A.Hol.Rap.Nf6	prefix	3	4	A80	Dutch Defense: Raphael Variation
A.Hol.Alp.MLn.c5	prefix	3	8	A80	Dutch Defense: Alapin Variation
A.Hol.Hop.MLn.Nf6	prefix	3	8	A80	Dutch Defense: Hopton Attack
A.Hol.Kre.MLn.Nf6	prefix	3	6	A80	Dutch Defense: Krejcik Gambit
A.Hol.Lng.Mat.d5	prefix	14	15	A89	Dutch Defense: Leningrad Variation, Matulovic Variation
A.Hol.Lng.War.d5	prefix	14	15	A88	Dutch Defense: Leningrad Variation, Warsaw Variation
A.Hol.Rap.Nf6.Nf3	prefix	3	5	A80	Dutch Defense: Raphael Variation
A.Hol.Alp.MLn.c5.Nf3	prefix	3	9	A80	Dutch Defense: Alapin Variation
A.Hol.Lng.Mat.d5.e6	prefix	14	16	A89	Dutch Defense: Leningrad Variation, Matulovic Variation
A.Hol.Lng.War.d5.c5	prefix	14	16	A88	Dutch Defense: Leningrad Variation, Warsaw Variation
A.Hol.Sta.MLn.d5.Nf3	prefix	7	9	A83	Dutch Defense: Staunton Gambit
A.Hol.Hop.MLn.Nf6.Nf3	prefix	3	9	A80	Dutch Defense: Hopton Attack
A.Eng.Mik.MLn.Ne4.Nfd7.Nf3	prefix	4	11	A17	English Opening: Anglo-Indian Defense, Hedgehog System
A.Eng.Org.MLn.Bb2.Bxb4.Nf3	prefix	3	7	A15	English Orangutan
A.Ret.Eng.d4	prefix	2	8	A05	Zukertort Opening
A.Ret.Lis.Nf6	prefix	3	4	A04	Zukertort Opening: Lisitsyn Gambit
A.Ret.Eng.d4.c5	prefix	2	9	A05	Zukertort Opening
A.Ret.Lis.Nf6.d4	prefix	3	5	A04	Zukertort Opening: Lisitsyn Gambit
A.Ret.Nim.MLn.d4	prefix	3	9	A06	Nimzo-Larsen Attack: Classical Variation
A.Ret.Eng.d4.c5.g6	prefix	2	10	A05	Zukertort Opening
A.Ret.Lis.Nf6.d4.d5	prefix	3	6	A04	Zukertort Opening: Lisitsyn Gambit
A.Ret.Nim.MLn.d4.c5	prefix	3	10	A06	Nimzo-Larsen Attack: Classical Variation
A.KIA.Fre.Bar.Nf6	prefix	3	6	C00	French Defense: King's Indian Attack
A.KIA.Fre.MLn.d4	prefix	3	12	C00	French Defense: King's Indian Attack
A.KIA.Fre.MLn.d4.c4	prefix	3	13	C00	French Defense: King's Indian Attack
A.KIA.Fre.Bar.Nf6.Nf3	prefix	3	7	C00	French Defense: King's Indian Attack
A.KIA.Car.MLn.Ngf3.Nf6	prefix	3	8	B10	Caro-Kann Defense: Breyer Variation
A.KIA.Fre.MLn.d4.c4.c5	prefix	3	14	C00	French Defense: King's Indian Attack
A.OID.Wad.d5	prefix	4	5	A41	Wade Defense
A.OID.Nf6.e4.d5	prefix	3	8	A41	Old Indian Defense
A.OID.Wad.d5.Nf6	prefix	4	6	A41	Wade Defense
A.OID.Mod.MLn.Nf6	prefix	3	8	A41	Old Indian Defense
A.OID.Nf6.e4.d5.Nf3	prefix	3	9	A41	Old Indian Defense
A.EID.Prz.d5	prefix	5	11	A49	Indian Defense: Przepiorka Variation
A.EID.Prz.d5.c5	prefix	5	12	A49	Indian Defense: Przepiorka Variation
A.EID.Col.MLn.d5	prefix	4	11	A48	East Indian Defense
A.EID.Fch.MLn.d5	prefix	5	11	A49	Indian Defense: Przepiorka Variation
A.Mod.Pte.Nf3	prefix	8	9	A40	Pterodactyl Defense: Fianchetto, Queen Benoni Pterodactyl
A.Mod.Ran.Nf3	prefix	8	9	A42	Modern Defense: Randspringer Variation
A.Mod.Pte.Nf3.Nf6	prefix	8	10	A40	Pterodactyl Defense: Fianchetto, Queen Benoni Pterodactyl
A.Mod.Ran.Nf3.Nf6	prefix	8	10	A42	Modern Defense: Randspringer Variation
A.Lon.Cls.MLn.c4	prefix	5	12	D02	Queen's Pawn Game: London System
A.Lon.Cls.MLn.c4.g3	prefix	5	13	D02	Queen's Pawn Game: London System
A.Lon.Msn.MLn.Nbd2.c4	prefix	5	12	D02	Queen's Pawn Game: London System
A.Lon.Psn.Qxb2.Nb5.c4	prefix	5	12	D02	Queen's Pawn Game: London System
A.Lon.Cls.MLn.c4.g3.g6	prefix	5	14	D02	Queen's Pawn Game: London System
A.Tro.Psn.Nf3	prefix	3	7	A45	Trompowsky Attack
A.Tro.Bxf6.e3.d5	prefix	3	8	A45	Trompowsky Attack
A.Tro.Psn.Nf3.c4	prefix	3	8	A45	Trompowsky Attack
A.Tro.Bxf6.e3.d5.Nf3	prefix	3	9	A45	Trompowsky Attack
A.Tor.Nim.MLn.d5	prefix	6	8	A46	Torre Attack: Classical Defense, Nimzowitsch Variation
A.Tor.ClD.MLn.c3.c5	prefix	5	10	A46	Torre Attack: Classical Defense
A.Tor.Nim.MLn.d5.c4	prefix	6	9	A46	Torre Attack: Classical Defense, Nimzowitsch Variation
A.Tor.ClD.MLn.c3.c5.c4	prefix	5	11	A46	Torre Attack: Classical Defense
A.Col.Kol.MLn.c4	prefix	7	13	D05	Queen's Pawn Game: Colle System
A.Col.Phn.MLn.c4	prefix	7	13	D05	Queen's Pawn Game: Colle System
A.Col.Kol.MLn.c4.g6	prefix	7	14	D05	Queen's Pawn Game: Colle System
A.Col.Phn.MLn.c4.g6	prefix	7	14	D05	Queen's Pawn Game: Colle System
A.Pol.Bal.Nf3	prefix	4	5	A00	Polish Opening: Baltic Defense
A.Pol.Bug.d5	prefix	5	6	A00	Polish Opening: Bugayev Advance Variation
A.Pol.Cze.Nf3	prefix	4	5	A00	Polish Opening: Czech Defense
A.Pol.Dut.Nf3	prefix	2	3	A00	Polish Opening: Dutch Defense
A.Pol.Out.Nf3	prefix	1	5	A00	Polish Opening
A.Gro.Als.Nf3	prefix	2	3	A00	Grob Opening: Alessi Gambit
A.Gro.Dbl.Nf3	prefix	2	3	A00	Grob Opening: Double Grob
A.Gro.Kee.Nf3	prefix	6	7	A00	Grob Opening: Keene Defense
A.Gro.Spk.Nf6	prefix	5	6	A00	Grob Opening: Spike Attack
A.Gro.Zil.Nf6	prefix	5	6	A00	Grob Opening: Zilbermints Gambit
A.Bir.Dut.Nf3	prefix	2	3	A03	Bird Opening: Dutch Variation
A.Bir.Hob.Nf3	prefix	2	3	A02	Bird Opening: Hobbs Gambit
A.Bir.Hor.Nf3	prefix	2	3	A02	Bird Opening: Horsefly Defense
A.Bir.Muj.d5	prefix	3	4	A02	Bird Opening: Mujannah
A.Bir.Wil.Nf6	prefix	3	4	A03	Bird Opening: Williams Gambit
A.Hng.Cat.Nf3	prefix	4	5	A00	Hungarian Opening: Catalan Formation
A.Hng.ReA.Nf6	prefix	3	4	A00	Hungarian Opening: Reversed Alekhine
A.Hng.ReM.Nf3	prefix	4	5	A00	Hungarian Opening: Reversed Modern Defense
A.Lar.Fch.Nf3	prefix	5	7	A01	Nimzo-Larsen Attack: Modern Variation
A.Lar.Mod.Nf3	prefix	4	5	A01	Nimzo-Larsen Attack: Modern Variation
A.Lar.Fch.Nf3.d5	prefix	5	8	A01	Nimzo-Larsen Attack: Modern Variation
A.Ver.Hub.c5	prefix	3	8	D00	Queen's Pawn Game: Chigorin Variation
A.Ver.Ric.Nf3	prefix	3	7	D00	Queen's Pawn Game: Chigorin Variation
A.Ver.Hub.c5.g3	prefix	3	9	D00	Queen's Pawn Game: Chigorin Variation
A.Van.ReN.Nf3	prefix	2	3	A00	Van Geet Opening: Reversed Nimzowitsch
A.Van.ReS.Nf6	prefix	7	8	A00	Van Geet Opening: Reversed Scandinavian
A.Owe.Eng.Nf3	prefix	2	5	A40	English Defense
A.Owe.Eng.Nf3.Nf6	prefix	2	6	A40	English Defense
A.PQI.Tor.d5	prefix	4	7	A47	Pseudo Queen's Indian Defense
A.PQI.Tor.d5.c5	prefix	4	8	A47	Pseudo Queen's Indian Defense
A.PQI.Bf4.MLn.d5	prefix	4	9	A47	Pseudo Queen's Indian Defense
A.Egl.Cha.Nf3	prefix	4	5	A40	Englund Gambit: Hartlaub-Charlick Gambit
A.Egl.Dec.Nf6	prefix	3	4	A40	Englund Gambit Declined
A.Egl.Cha.Nf3.Nf6	prefix	4	6	A40	Englund Gambit: Hartlaub-Charlick Gambit
A.Mie.ReR.MLn.Nf6	prefix	2	6	A00	Mieses Opening: Reversed Rat
A.Mie.Ven.MLn.Nf3	prefix	5	7	A00	Mieses Opening: Venezolana Variation
A.Mik.Eng.Nf3	prefix	2	5	A40	Mikenas Defense
A.Bar	exact	1	1	A00	Barnes Opening
A.Sar	exact	1	1	A00	Saragossa Opening
A.QPO	exact	1	1	A40	Queen's Pawn Game
A.QPO.c6	prefix	1	2	A40	Queen's Pawn Game
A.QPO.d6	exact	2	2	A41	Queen's Pawn Game
A.QPO.g6	exact	2	2	A40	Queen's Pawn Game: Modern Defense
A.QPO.Nf6	exact	2	2	A45	Indian Defense
A.QPO.Nf6.Nf3	exact	3	3	A46	Indian Defense: Knights Variation
A.QPO.Nf6.Nc3	prefix	2	3	A45	Indian Defense
A.QPO.Nf6.f3	exact	3	3	A45	Paleface Attack
A.QPO.Nf6.g4	exact	3	3	A45	Indian Defense: Gibbins-Weidenhagen Gambit
A.Aus	exact	2	2	A40	Australian Defense
A.PoD	exact	2	2	A40	Polish Defense
B.KPG	exact	1	1	B00	King's Pawn Game
B.Bar	exact	2	2	B00	Barnes Defense
B.Bar.FrF	exact	4	4	B00	Fried Fox Defense
B.Dur	exact	2	2	B00	Duras Gambit
B.Lem	exact	2	2	B00	Lemming Defense
B.Pir.Pre	exact	2	2	B00	Pirc Defense
B.Pir.Pre.d4	exact	3	3	B00	Pirc Defense
B.Pir.Pre.d4.Nf6	exact	4	4	B00	Pirc Defense
B.Pir.Pre.d4.Nf6.Nf3	exact	5	5	B00	Pirc Defense: Roscher Gambit
B.Pir.Pre.d4.Nf6.Nc3	prefix	4	5	B00	Pirc Defense
B.Pir.Pre.d4.Nf6.Nc3.Nbd7	exact	6	6	B07	Lion Defense
B.Rat.Bal	exact	4	4	A82	Rat Defense: Balogh Defense
B.Sic.Nf3	exact	3	3	B27	Sicilian Defense
B.Sic.Old	exact	4	4	B30	Sicilian Defense: Old Sicilian
B.Sic.Fre	exact	4	4	B40	Sicilian Defense: French Variation
B.Sic.Mod	exact	4	4	B50	Sicilian Defense: Modern Variations
B.Sic.Ama	exact	3	3	B20	Sicilian Defense: Amazon Attack
B.Sic.Nf3.f5	exact	4	4	B27	Sicilian Defense: Brussels Gambit
B.Sic.Nf3.h6	exact	4	4	B27	Sicilian Defense: Bücker Variation
B.Sic.Nf3.e5	exact	4	4	B27	Sicilian Defense: Jalalabad Variation
B.Sic.Nf3.b6	exact	4	4	B27	Sicilian Defense: Katalimov Variation
B.Sic.Nf3.Qa5	exact	4	4	B27	Sicilian Defense: Mongoose Variation
B.Sic.Nf3.b5	exact	4	4	B27	Sicilian Defense: Polish Gambit
B.Sic.Nf3.Qc7	exact	4	4	B27	Sicilian Defense: Quinteros Variation
B.Sic.Cen	exact	3	3	B21	Sicilian Defense: Smith-Morra Gambit
B.Sic.Cen.Col	exact	9	9	B21	Sicilian Defense: Coles Sicilian Gambit
B.Sic.Cen.Hal	exact	5	5	B21	Sicilian Defense: Halasz Gambit
B.Sic.Cen.MGm	exact	5	5	B21	Sicilian Defense: Morphy Gambit
B.Sic.Cen.MGm.And	exact	7	7	B21	Sicilian Defense: Morphy Gambit, Andreaschek Gambit
B.Sic.McD	exact	3	3	B21	Sicilian Defense: McDonnell Attack
B.Sic.McD.Tal	exact	6	6	B21	Sicilian Defense: McDonnell Attack, Tal Gambit
B.Sic.McD.Toi	exact	5	5	B21	Sicilian Defense: McDonnell Attack, Toilet Variation
B.Sic.Cze	exact	3	3	B20	Sicilian Defense: Czerniak Attack
B.Sic.Cze.QFn	exact	4	4	B20	Sicilian Defense: Czerniak Attack, Queen Fianchetto Variation
B.Sic.Cze.Euw	exact	5	5	B20	Sicilian Defense: Euwe Attack, Prins Gambit
B.Sic.BCl	exact	7	7	B20	Sicilian Defense: Big Clamp Formation
B.Sic.Bri	exact	3	3	B20	Sicilian Defense: Brick Variation
B.Sic.Glo	exact	8	8	B20	Sicilian Defense: Gloria Variation
B.Sic.Grb	exact	3	3	B20	Sicilian Defense: Grob Variation
B.Sic.Ker	exact	3	3	B20	Sicilian Defense: Keres Variation
B.Sic.KDa	exact	3	3	B20	Sicilian Defense: King David's Opening
B.Sic.Kro	exact	3	3	B20	Sicilian Defense: Kronberger Variation
B.Sic.Kro.Nem	exact	7	7	B20	Sicilian Defense: Kronberger Variation, Nemeth Gambit
B.Sic.LDu	exact	3	3	B20	Sicilian Defense: Lasker-Dunne Attack
B.Sic.Men	exact	3	3	B20	Sicilian Defense: Mengarini Variation
B.Sic.Mya	exact	3	3	B20	Sicilian Defense: Myers Attack, with a4
B.Sic.Myh	exact	3	3	B20	Sicilian Defense: Myers Attack, with h4
B.Sic.StC	exact	3	3	B20	Sicilian Defense: Staunton-Cochrane Variation
C.KGm.Acc.Nf3	exact	5	5	C34	King's Gambit Accepted: King's Knight's Gambit
C.KGm.Acc.Bas	exact	5	5	C33	King's Gambit Accepted: Basman Gambit
C.KGm.Acc.Bre	exact	5	5	C33	King's Gambit Accepted: Breyer Gambit
C.KGm.Acc.Car	exact	5	5	C33	King's Gambit Accepted: Carrera Gambit
C.KGm.Acc.Dod	exact	5	5	C33	King's Gambit Accepted: Dodo Variation
C.KGm.Acc.Eis	exact	5	5	C33	King's Gambit Accepted: Eisenberg Variation
C.KGm.Acc.Gag	exact	5	5	C33	King's Gambit Accepted: Gaga Gambit
C.KGm.Acc.MKe	exact	5	5	C33	King's Gambit Accepted: Mason-Keres Gambit
C.KGm.Acc.Ors	exact	5	5	C33	King's Gambit Accepted: Orsini Gambit
C.KGm.Acc.Par	exact	5	5	C33	King's Gambit Accepted: Paris Gambit
C.KGm.Acc.SBb	exact	5	5	C33	King's Gambit Accepted: Schurig Gambit, with Bb5
C.KGm.Acc.SBd	exact	5	5	C33	King's Gambit Accepted: Schurig Gambit, with Bd3
C.KGm.Acc.Sta	exact	5	5	C33	King's Gambit Accepted: Stamma Gambit
C.KGm.Acc.Tar	exact	5	5	C33	King's Gambit Accepted: Tartakower Gambit
C.KGm.Acc.Tar.Wei	exact	8	8	C33	King's Gambit Accepted: Tartakower Gambit, Weiss Defense
C.KGm.Acc.Tum	exact	5	5	C33	King's Gambit Accepted: Tumbleweed
C.KGm.Acc.Vil	exact	5	5	C33	King's Gambit Accepted: Villemson Gambit
C.KGm.Acc.Nf3.Bec	exact	6	6	C34	King's Gambit Accepted: Becker Defense
C.KGm.Acc.Nf3.Bon	exact	6	6	C34	King's Gambit Accepted: Bonsch-Osmolovsky Variation
C.KGm.Acc.Nf3.Fis	exact	6	6	C34	King's Gambit Accepted: Fischer Defense
C.KGm.Acc.Nf3.Fis.Sch	exact	7	7	C34	King's Gambit Accepted: Fischer Defense, Schulder Gambit
C.KGm.Acc.Nf3.Fis.Spa	exact	9	9	C34	King's Gambit Accepted: Fischer Defense, Spanish Variation
C.KGm.Acc.Nf3.Gia	exact	6	6	C34	King's Gambit Accepted: Gianutio Countergambit
C.KGm.Acc.Nf3.KKn	exact	6	6	C34	King's Gambit Accepted: King's Knight's Gambit
C.KGm.Acc.Nf3.Mac	exact	6	6	C34	King's Gambit Accepted: MacLeod Defense
C.KGm.Acc.Nf3.Scl	exact	6	6	C34	King's Gambit Accepted: Schallopp Defense
C.KGm.Acc.Nf3.Scl.Tas	exact	9	9	C34	King's Gambit Accepted: Schallopp Defense, Tashkent Attack
C.KGm.Acc.Nf3.Wag	exact	6	6	C34	King's Gambit Accepted: Wagenbach Defense
C.KGm.Acc.Nf3.Cun	exact	6	6	C35	King's Gambit Accepted: Cunningham Defense
C.KGm.Acc.Nf3.Cun.Ber	exact	9	9	C35	King's Gambit Accepted: Cunningham Defense, Bertin Gambit
C.KGm.Acc.Nf3.Cun.McC	exact	8	8	C35	King's Gambit Accepted: Cunningham Defense, McCormick Defense
C.KGm.Acc.Nf3.Mod	exact	6	6	C36	King's Gambit Accepted: Modern Defense
C.KGm.Acc.Nf3.Mod.exd5	exact	7	7	C36	King's Gambit Accepted: Modern Defense
C.KGm.Acc.Nf3.Mod.exd5.Nf6	exact	8	8	C36	King's Gambit Accepted: Abbazia Defense
C.KGm.Acc.Nf3.KKn.Bc4	exact	7	7	C37	King's Gambit Accepted: King's Knight's Gambit
C.KGm.Acc.Nf3.KKn.Bc4.g4	prefix	7	8	C37	King's Gambit Accepted: King's Knight's Gambit
C.KGm.Acc.Nf3.KKn.Bc4.Bg7	exact	8	8	C38	King's Gambit Accepted: Traditional Variation
C.KGm.Acc.Nf3.KKn.Bc4.d6	prefix	7	8	C37	King's Gambit Accepted: King's Knight's Gambit
C.KGm.Acc.Nf3.KKn.d4	exact	7	7	C37	King's Gambit Accepted: Rosentreter Gambit
C.KGm.Acc.Nf3.KKn.d4.g4	prefix	7	8	C37	King's Gambit Accepted: Rosentreter Gambit
C.KGm.Acc.Nf3.KKn.Nc3	exact	7	7	C37	King's Gambit Accepted: Quaade Gambit
C.KGm.Acc.Nf3.KKn.h4	exact	7	7	C39	King's Gambit Accepted: King's Knight's Gambit
E.Ind.g5	exact	4	4	A50	Indian Defense: Medusa Gambit
E.Ind.b5	exact	4	4	A50	Indian Defense: Pyrenees Gambit
E.Ind.c6	exact	4	4	A50	Slav Indian
E.Ind.e6	prefix	3	4	A50	Indian Defense: Normal Variation
E.Ind.e6.Nf3	exact	5	5	E10	Indian Defense: Anti-Nimzo-Indian
E.Ind.e6.Nf3.a6	exact	6	6	E10	Indian Defense: Dzindzi-Indian Defense
E.Ind.e6.Nf3.Ne4	exact	6	6	E10	Indian Defense: Döry Indian
E.Ind.Cat	exact	5	5	E00	Catalan Opening
E.Ind.Cat.d5	exact	6	6	E00	Catalan Opening
E.Ind.Cat.e5	exact	6	6	E00	Catalan Opening: Hungarian Gambit
E.Ind.Cat.d5.Bg2	exact	7	7	E01	Catalan Opening: Closed
E.Ind.Cat.d5.Bg2.dxc4	exact	8	8	E02	Catalan Opening: Open Defense
E.Ind.Cat.d5.Bg2.Be7	prefix	7	8	E01	Catalan Opening: Closed
E.Ind.Qb3	exact	5	5	E00	Indian Defense
E.Ind.Dev	exact	5	5	E00	Indian Defense: Devin Gambit
E.Ind.Sei	exact	5	5	E00	Indian Defense: Seirawan Attack
E.Ind.e6.Nf3.d5	prefix	5	6	E10	Indian Defense: Anti-Nimzo-Indian
E.Ind.e6.Nf3.d5.Bg5	exact	7	7	D30	Queen's Gambit Declined: Traditional Variation
E.Ind.e6.Nf3.d5.e3	prefix	5	7	E10	Indian Defense: Anti-Nimzo-Indian
E.Ind.WIn	exact	4	4	E60	Indian Defense: West Indian Defense
E.Ind.WIn.Nc3	exact	5	5	E61	King's Indian Defense
E.Ind.WIn.Nf3	prefix	4	5	E60	Indian Defense: West Indian Defense
E.Ind.WIn.g3	exact	5	5	E60	King's Indian Defense: Fianchetto Variation, Immediate Fianchetto
E.Ind.WIn.d5	exact	5	5	E60	Indian Defense: Anti-Grünfeld, Advance Variation
E.Ind.WIn.d5.b5	exact	6	6	E60	Indian Defense: Anti-Grünfeld, Adorjan Gambit
E.Ind.WIn.f3	exact	5	5	E60	Indian Defense: Anti-Grünfeld, Alekhine Variation
E.Ind.WIn.f3.e5	exact	6	6	E60	Indian Defense: Anti-Grünfeld, Alekhine Variation, Leko Gambit
E.Ind.WIn.h4	exact	5	5	E60	Indian Defense: Anti-Grünfeld, Basman-Williams Attack
E.Ind.WIn.Qc2	exact	5	5	E60	Queen's Pawn, Mengarini Attack
E.Ind.WIn.Nf3.Bg7	prefix	4	6	E60	Indian Defense: West Indian Defense
E.Ind.WIn.Nf3.Bg7.g3	exact	7	7	E60	King's Indian Defense: Fianchetto Variation
E.Ind.WIn.Nf3.Bg7.b4	exact	7	7	E60	King's Indian Defense: Santasiere Variation
A.Eng.ADu	exact	2	2	A10	English Opening: Anglo-Dutch Defense
A.Eng.ADu.Hic	exact	3	3	A10	English Opening: Anglo-Dutch Defense, Hickmann Gambit
A.Eng.ADu.Wad	exact	3	3	A10	English Opening: Wade Gambit
A.Eng.ADu.Cha	exact	5	5	A10	English Opening: Anglo-Dutch Variation, Chabanon Gambit
A.Eng.ADu.Fer	exact	5	5	A10	English Opening: Anglo-Dutch Variation, Ferenc Gambit
A.Eng.ADu.Por	exact	7	7	A10	English Opening: Porcupine Variation
A.Eng.ASc	exact	2	2	A10	English Opening: Anglo-Scandinavian Defense
A.Eng.ASc.Loh	exact	4	4	A10	English Opening: Anglo-Scandinavian Defense, Löhn Gambit
A.Eng.ASc.Mal	exact	6	6	A10	English Opening: Anglo-Scandinavian Defense, Malvinas Variation
A.Eng.ASc.Sch	exact	4	4	A10	English Opening: Anglo-Scandinavian Defense, Schulz Gambit
A.Eng.ALi	exact	2	2	A10	English Opening: Anglo-Lithuanian Variation
A.Eng.GSn	exact	2	2	A10	English Opening: Great Snake Variation
A.Eng.GSn.Ado	exact	4	4	A10	English Opening: Adorjan Defense
A.Eng.GSn.Bot	exact	16	16	A10	English Opening: King's English Variation, Botvinnik System, Prickly Pawn Pass System
A.Eng.Mye	exact	2	2	A10	English Opening: Myers Defense
A.Eng.Mye.d4	exact	4	4	A10	English Opening: Myers Gambit
A.Eng.Mye.Zil	exact	4	4	A10	English Opening: Zilbermints Gambit
A.Eng.Jae	exact	2	2	A10	English Opening: Jaenisch Gambit
A.Eng.CKa	exact	2	2	A11	English Opening: Caro-Kann Defensive System
A.Eng.Agi	exact	2	2	A13	English Opening: Agincourt Defense
A.Eng.Agi.Nf3	exact	3	3	A13	English Opening: Agincourt Defense
A.Eng.Agi.Nf3.Wim	exact	9	9	A13	English Opening: Agincourt Defense, Wimpy System
A.Eng.Agi.Nf3.Rom	prefix	6	8	A15	English Opening: Anglo-Indian Defense, Romanishin Variation
A.Eng.AIn	exact	2	2	A15	English Opening: Anglo-Indian Defense
A.Eng.AIn.Nf3	exact	3	3	A15	English Opening: Anglo-Indian Defense, King's Knight Variation
A.Eng.AIn.Nc3	exact	3	3	A16	English Opening: Anglo-Indian Defense, Queen's Knight Variation
A.Eng.AIn.e4	exact	3	3	A10	English Opening: Achilles-Omega Gambit
A.Eng.AIn.Nf3.d6	exact	4	4	A15	English Opening: Anglo-Indian Defense, Old Indian Formation
A.Eng.AIn.Nf3.d5	exact	4	4	A15	English Opening: Anglo-Indian Defense, Scandinavian Defense
A.Eng.AIn.Nf3.d5.cxd5	exact	6	6	A15	English Opening: Anglo-Indian Defense, Scandinavian Defense, Exchange Variation
A.Eng.AIn.Nf3.b6	exact	4	4	A15	English Opening: Anglo-Indian Defense, Queen's Indian Formation
A.Eng.AIn.Nf3.g6	exact	4	4	A15	English Opening: Anglo-Indian Defense, King's Indian Formation
A.Eng.AIn.Nf3.g6.g3	prefix	4	5	A15	English Opening: Anglo-Indian Defense, King's Indian Formation
A.Eng.AIn.Nf3.g6.g3.d5	exact	6	6	A15	English Opening: Anglo-Indian Defense, Grünfeld Formation
A.Eng.AIn.Nf3.g6.g3.b6	exact	8	8	A15	English Opening: Anglo-Indian Defense, King's Indian Formation, Double Fianchetto
A.Eng.AIn.Nf3.g6.g3.c6	exact	6	6	A15	English Opening: Anglo-Indian Defense, Slav Formation
A.Eng.AIn.Nf3.g6.b4	exact	5	5	A15	English Orangutan
A.Eng.AIn.Nc3.d5	exact	4	4	A16	English Opening: Anglo-Grünfeld Defense
A.Eng.AIn.Nc3.d5.cxd5	prefix	4	6	A16	English Opening: Anglo-Grünfeld Defense
A.Eng.AIn.Nc3.e6	exact	4	4	A17	English Opening: Anglo-Indian Defense, Hedgehog System
A.Eng.AIn.Nc3.e6.Nf3	exact	6	6	A17	English Opening: Anglo-Indian Defense, Nimzo-English
A.Eng.AIn.Nc3.g6	prefix	3	4	A16	English Opening: Anglo-Indian Defense, Queen's Knight Variation
A.Eng.AIn.Nc3.g6.Nf3	exact	7	7	A15	English Opening: Anglo-Indian Defense, Anti-Anti-Grünfeld
A.Ret.c5	exact	2	2	A04	Zukertort Opening: Sicilian Invitation
A.Ret.c5.e3	prefix	2	3	A04	Zukertort Opening: Sicilian Invitation
A.Ret.c5.e3.d4	exact	8	8	A04	Colle System: Rhamphorhynchus Variation
A.Ret.c5.c4	prefix	2	7	A04	Zukertort Opening: Sicilian Invitation
A.Ret.c5.d4	prefix	2	3	A04	Zukertort Opening: Sicilian Invitation
A.Ret.c5.d4.e3	exact	5	5	A04	Zukertort Opening: Speelsmet Gambit
A.Ret.g6	exact	2	2	A04	Zukertort Opening: Kingside Fianchetto
A.Ret.g6.d4	prefix	2	8	A04	Zukertort Opening: Kingside Fianchetto
A.Ret.g6.d4.dxc5	exact	10	10	A04	Modern Defense: Semi-Averbakh Variation, Pterodactyl Variation Accepted
A.Ret.Nh6	prefix	1	2	A04	Zukertort Opening
A.Ret.Nh6.d4	exact	4	4	A04	Zukertort Defense: Kingside Variation
A.Ret.Na6	prefix	1	2	A04	Zukertort Opening
A.Ret.Na6.e4	prefix	1	3	A04	Zukertort Opening
A.Ret.Na6.e4.c5	exact	4	4	A04	Zukertort Defense: Sicilian Knight Variation
A.Ret.Na6.e4.Nh6	exact	4	4	A04	Zukertort Opening: Drunken Cavalry Variation
A.Ret.f6	exact	2	2	A04	Zukertort Opening: Arctic Defense
A.Ret.f6.e4	prefix	2	3	A04	Zukertort Opening: Arctic Defense
A.Ret.f6.e4.Nh6	exact	6	6	A04	Zukertort Opening: Arctic Defense, Drunken Knight Variation
A.Ret.h6	exact	2	2	A04	Zukertort Opening: Basman Defense
A.Ret.Nc6	exact	2	2	A04	Zukertort Opening: Black Mustang Defense
A.Ret.f5	exact	2	2	A04	Zukertort Opening: Dutch Variation
A.Ret.f5.d3	exact	5	5	A04	Zukertort Opening: Lisitsyn Gambit Deferred
A.Ret.g5	exact	2	2	A04	Zukertort Opening: Herrstrom Gambit
A.Ret.d6	exact	2	2	A04	Zukertort Opening: Pirc Invitation
A.Ret.d6.d4	prefix	2	3	A04	Zukertort Opening: Pirc Invitation
A.Ret.d6.d4.e5	exact	4	4	A04	Zukertort Opening: Vos Gambit
A.Ret.d6.e4	prefix	2	3	A04	Zukertort Opening: Pirc Invitation
A.Ret.d6.e4.Bg4	exact	4	4	A04	Zukertort Opening: Wade Defense
A.Ret.b5	exact	2	2	A04	Zukertort Opening: Polish Defense
A.Ret.e6	exact	2	2	A04	Zukertort Opening: Queen's Gambit Invitation
A.Ret.b6	exact	2	2	A04	Zukertort Opening: Queenside Fianchetto Variation
A.Ret.e5	exact	2	2	A04	Zukertort Opening: Ross Gambit
A.Ret.e5.Nxe5	exact	6	6	A04	Zukertort Opening: The Walrus
A.Ret.c6	exact	2	2	A04	Zukertort Opening: Slav Invitation
A.Ret.a6	exact	2	2	A04	Zukertort Opening: St. George Defense
A.Ret.a5	exact	2	2	A04	Zukertort Opening: Ware Defense
A.Ret.Nf6	exact	2	2	A05	Zukertort Opening
A.Ret.Nf6.Nc3	prefix	2	3	A05	Zukertort Opening
A.Ret.Nf6.Nc3.Nc6	exact	4	4	A05	Zukertort Opening
A.Ret.Nf6.e4	exact	3	3	A05	Zukertort Opening: Lemberger Gambit
A.Ret.Nf6.e3	exact	3	3	A05	Zukertort Opening: Quiet System
A.Ret.Nf6.b3	exact	3	3	A05	Zukertort Opening: Nimzo-Larsen Variation
A.Ret.Nf6.b4	prefix	2	3	A05	Zukertort Opening
A.Ret.Nf6.a4	exact	5	5	A05	Zukertort Opening: Myers Polish Attack
A.Ret.Nf6.g3	prefix	2	3	A05	Zukertort Opening
A.Ret.Nf6.g3.g6	exact	4	4	A05	King's Indian Attack: Symmetrical Defense
A.Ret.Nf6.g3.g6.b4	exact	5	5	A05	King's Indian Attack: Smyslov Variation
A.Ret.Nf6.g3.b5	exact	4	4	A05	King's Indian Attack: Spassky Variation
A.Ret.d5	exact	2	2	A06	Zukertort Opening
A.Ret.d5.b3	exact	3	3	A06	Nimzo-Larsen Attack: Classical Variation
A.Ret.d5.b3.c5	exact	5	5	A06	Nimzo-Larsen Attack: Norfolk Gambit
A.Ret.d5.b3.c4	exact	7	7	A06	Zukertort Opening: Regina-Nu Gambit
A.Ret.d5.Rg1	exact	3	3	A06	Zukertort Opening: Ampel Variation
A.Ret.d5.d3	exact	3	3	A06	Zukertort Opening: Old Indian Attack
A.Ret.d5.e3	prefix	2	3	A06	Zukertort Opening
A.Ret.d5.e3.c5	exact	7	7	A06	Zukertort Opening: Pachman Gambit
A.Ret.d5.Nc3	exact	3	3	A06	Zukertort Opening: Reversed Mexican Defense
A.Ret.d5.a4	exact	3	3	A06	Zukertort Opening: The Potato
A.Ret.d5.g3	exact	3	3	A07	King's Indian Attack
A.Ret.d5.g3.g6	exact	4	4	A07	King's Indian Attack: Double Fianchetto
A.Ret.d5.g3.Bg4	exact	4	4	A07	King's Indian Attack: Keres Variation
A.Ret.d5.g3.e5	exact	4	4	A07	King's Indian Attack: Omega-Delta Gambit
A.Ret.d5.g3.c5	exact	4	4	A07	King's Indian Attack: Sicilian Variation
A.Ret.d5.c4	exact	3	3	A09	Réti Opening
A.Ret.d5.c4.b5	exact	4	4	A09	Réti Opening: Zilbermints Gambit
B.Fre.Nrm	exact	3	3	C00	French Defense: Normal Variation
B.Fre.Nrm.d5	exact	4	4	C00	French Defense
B.Fre.Nrm.d5.Be3	exact	5	5	C00	French Defense: Alapin Gambit
B.Fre.Nrm.d5.Nf3	exact	5	5	C00	French Defense: Perseus Gambit
B.Fre.Nrm.d5.Nf3.dxe4	exact	7	7	C00	French Defense: Carlson Gambit
B.Fre.Nrm.d5.c4	exact	5	5	C00	French Defense: Diemer-Duhm Gambit
B.Fre.Nrm.d5.c4.dxe4	exact	6	6	C00	French Defense: Diemer-Duhm Gambit Accepted
B.Fre.Nrm.d5.Qe2	prefix	4	5	C00	French Defense
B.Fre.Nrm.d5.Qe2.e5	exact	8	8	C00	French Defense: Hoffmann Gambit
B.Fre.Nrm.d5.Nh3	exact	5	5	C00	French Defense: Morphy Gambit
B.Fre.Nrm.d5.Bd3	exact	5	5	C00	French Defense: Schlechter Variation
B.Fre.Nrm.b5	exact	4	4	C00	French Defense: Baeuerle Gambit
B.Fre.Nrm.f5	exact	4	4	C00	French Defense: Franco-Hiva Gambit
B.Fre.Nrm.f5.exf5	exact	5	5	C00	French Defense: Franco-Hiva Gambit Accepted
B.Fre.Nrm.c5	exact	4	4	C00	French Defense: Franco-Sicilian Defense
B.Fre.Nrm.c5.d5	exact	5	5	A43	Benoni Defense: French Benoni
B.Fre.Nrm.Nf6	exact	4	4	C00	French Defense: Mediterranean Defense
B.Fre.Nrm.a6	exact	4	4	C00	French Defense: St. George Defense
B.Fre.Nrm.a6.c4	exact	5	5	C00	French Defense: St. George Defense, Three Pawn Attack
B.Fre.Nrm.a6.c4.b5	exact	6	6	C00	French Defense: St. George Defense, Sanky-George Gambit
B.Fre.Nrm.a6.Nf3	exact	12	12	C00	French Defense: St. George Defense, Traditional Line
B.Fre.b4	exact	3	3	C00	French Defense: Banzai-Leong Gambit
B.Fre.b4.Bxb4	exact	5	5	C00	French Defense: Banzai-Leong Gambit, Pinova Gambit
B.Fre.Bb5	exact	3	3	C00	French Defense: Bird Invitation
B.Fre.Qe2	exact	3	3	C00	French Defense: Chigorin Variation
B.Fre.b3	exact	3	3	C00	French Defense: Horwitz Attack
B.Fre.d3	exact	3	3	C00	French Defense: King's Indian Attack
B.Fre.d3.f5	exact	4	4	C00	French Defense: King's Indian Attack, Franco-Hiva Gambit
B.Fre.Nf3	exact	3	3	C00	French Defense: Knight Variation
B.Fre.Nf3.f5	exact	4	4	C00	French Defense: Knight Variation, Franco-Hiva Gambit
B.Fre.Nf3.d5	prefix	3	4	C00	French Defense: Knight Variation
B.Fre.Nf3.d5.Nc3	exact	5	5	C00	French Defense: Two Knights Variation
B.Fre.f4	exact	3	3	C00	French Defense: La Bourdonnais Variation
B.Fre.f4.d5	exact	6	6	C00	French Defense: La Bourdonnais Variation, Reuter Gambit
B.Fre.c4	exact	3	3	C00	French Defense: Steiner Variation
B.Fre.c4.d5	exact	7	7	C00	French Defense: Orthoschnapp Gambit
B.Fre.Nc3	exact	3	3	C00	French Defense: Queen's Knight
B.Fre.Nc3.d5	exact	5	5	C00	French Defense: Pelikan Variation
B.Fre.g3	exact	3	3	C00	French Defense: Réti-Spielmann Attack
B.Fre.e5	exact	3	3	C00	French Defense: Steinitz Attack
B.Fre.Nrm.d5.Nc3	exact	5	5	C10	French Defense: Paulsen Variation
B.Fre.Nrm.d5.Nc3.Nc6	exact	6	6	C10	French Defense: Hecht-Reefschläger Variation
B.Fre.Nrm.d5.Nc3.c5	exact	6	6	C10	French Defense: Marshall Gambit
B.Fre.Nrm.d5.Nc3.a6	prefix	5	6	C10	French Defense: Paulsen Variation
B.CaK.Nc3	exact	3	3	B10	Caro-Kann Defense
B.CaK.Nc3.d5	exact	4	4	B10	Caro-Kann Defense
B.CaK.Nc3.Gld	exact	5	5	B10	Caro-Kann Defense: Goldman Variation
B.CaK.Nc3.ScH	exact	7	7	B10	Caro-Kann Defense: Scorpion-Horus Gambit
B.CaK.Nc3.StP	exact	5	5	B10	Caro-Kann Defense: St. Patrick's Attack
B.CaK.APn	exact	3	3	B10	Caro-Kann Defense: Accelerated Panov Attack
B.CaK.APn.d5	exact	4	4	B10	Caro-Kann Defense: Accelerated Panov Attack
B.CaK.APn.Mod	exact	8	8	B10	Caro-Kann Defense: Accelerated Panov Attack, Modern Variation
B.CaK.APn.Opn	exact	4	4	B10	Caro-Kann Defense: Accelerated Panov Attack, Open Variation
B.CaK.APn.PSc	exact	6	6	B10	Caro-Kann Defense: Accelerated Panov Attack, Pseudo-Scandinavian
B.CaK.APn.VWe	exact	7	7	B10	Caro-Kann Defense: Accelerated Panov Attack, Van Weersel Attack
B.CaK.APn.Toi	exact	5	5	B10	Caro-Kann Defense: Toikkanen Gambit
B.CaK.Nf3	prefix	2	3	B10	Caro-Kann Defense
B.CaK.Nf3.d5	prefix	2	4	B10	Caro-Kann Defense
B.CaK.Nf3.d5.exd5	exact	7	7	B10	Caro-Kann Defense: Apocalypse Attack
B.CaK.Nf3.d5.d3	exact	5	5	B10	Caro-Kann Defense: Endgame Offer
B.CaK.Nf3.d5.d3.dxe4	exact	9	9	B10	Caro-Kann Defense: Endgame Variation
B.CaK.Bry	exact	3	3	B10	Caro-Kann Defense: Breyer Variation
B.CaK.Euw	exact	3	3	B10	Caro-Kann Defense: Euwe Attack
B.CaK.Hil	exact	3	3	B10	Caro-Kann Defense: Hillbilly Attack
B.CaK.Hil.Sch	exact	7	7	B10	Caro-Kann Defense: Hillbilly Attack, Schaeffer Gambit
B.CaK.Lab	exact	3	3	B10	Caro-Kann Defense: Labahn Attack
B.CaK.Lab.Dbl	exact	5	5	B10	Caro-Kann Defense: Labahn Attack, Double Gambit
B.CaK.Lab.Pol	exact	5	5	B10	Caro-Kann Defense: Labahn Attack, Polish Variation
B.CaK.Spk	exact	3	3	B10	Caro-Kann Defense: Spike Variation
B.CaK.Spk.ScG	exact	7	7	B10	Caro-Kann Defense: Spike Variation, Scorpion-Grob Gambit
B.CaK.Dpn	exact	3	3	B12	Caro-Kann Defense
B.CaK.Dpn.d5	exact	4	4	B12	Caro-Kann Defense
B.CaK.Dpn.d5.exd5	exact	5	5	B13	Caro-Kann Defense: Exchange Variation
B.CaK.Dpn.DBr	exact	4	4	B12	Caro-Kann Defense: De Bruycker Defense
B.CaK.Dpn.DBr.Nc3	exact	6	6	B12	Caro-Kann Defense: De Bruycker Defense
B.CaK.Dpn.Mas	exact	4	4	B12	Caro-Kann Defense: Masi Variation
B.CaK.Dpn.Mss	exact	4	4	B12	Caro-Kann Defense: Massachusetts Defense
B.CaK.Dpn.Mdn	exact	5	5	B12	Caro-Kann Defense: Modern Variation
B.CaK.Dpn.Mdn.Edn	exact	6	6	B12	Caro-Kann Defense: Edinburgh Variation
B.CaK.Dpn.Mdn.MLn	exact	7	7	B15	Caro-Kann Defense: Main Line
B.CaK.Dpn.Mdn.MLn.h6	exact	8	8	B16	Caro-Kann Defense: Finnish Variation
B.CaK.Dpn.Mie	exact	5	5	B12	Caro-Kann Defense: Mieses Gambit
B.CaK.Dpn.Lnd	exact	9	9	B12	Caro-Kann Defense: Mieses Attack, Landau Gambit
B.CaK.Dpn.Nf3	prefix	4	5	B12	Caro-Kann Defense
B.CaK.Dpn.Nf3.Uly	exact	7	7	B12	Caro-Kann Defense: Ulysses Gambit
B.CaK.Dpn.Nc3	exact	5	5	B15	Caro-Kann Defense
B.CaK.Dpn.Nc3.dxe4	exact	6	6	B15	Caro-Kann Defense
B.CaK.Dpn.Nc3.Alk	exact	9	9	B15	Caro-Kann Defense: Alekhine Gambit
B.CaK.Dpn.Nc3.Ali	exact	11	11	B15	Caro-Kann Defense: Alien Gambit
B.CaK.Dpn.Nc3.Cmp	exact	6	6	B15	Caro-Kann Defense: Campomanes Attack
B.CaK.Dpn.Nc3.Gur	exact	6	6	B15	Caro-Kann Defense: Gurgenidze Counterattack
B.CaK.Dpn.Nc3.Rsa	exact	7	7	B15	Caro-Kann Defense: Rasa-Studier Gambit
B.CaK.Dpn.Nc3.VHg	exact	7	7	B15	Caro-Kann Defense: von Hennig Gambit
B.Fre.Win.Ale	exact	7	7	C15	French Defense: Winawer Variation, Alekhine-Maróczy Gambit
B.Fre.Win.Ale.Wlf	exact	9	9	C15	French Defense: McCutcheon Variation, Wolf Gambit
B.Fre.Win.Ale.Acc	exact	10	10	C15	French Defense: Winawer Variation, Alekhine Gambit Accepted
B.Fre.Win.Ale.Kan	exact	12	12	C15	French Defense: Winawer Variation, Alekhine Gambit, Kan Variation
B.Fre.Win.Ale.Ala	exact	16	16	C15	French Defense: Winawer Variation, Alekhine Gambit, Alatortsev Variation
B.Fre.Win.DEx	exact	7	7	C15	French Defense: Winawer Variation, Delayed Exchange Variation
B.Fre.Win.DEx.Cnl	exact	11	11	C15	French Defense: Winawer Variation, Exchange Variation, Canal Attack
B.Fre.Win.Fsl	exact	7	7	C15	French Defense: Winawer Variation, Fingerslip Variation
B.Fre.Win.Fsl.Kun	exact	10	10	C15	French Defense: Winawer Variation, Fingerslip Variation, Kunin Double Gambit
B.Fre.Win.Fsl.MLn	exact	13	13	C15	French Defense: Winawer Variation, Fingerslip Variation, Main Line
B.Fre.Win.Fsl.Sch	exact	9	9	C15	French Defense: Winawer Variation, Fingerslip Variation, Schwarz's Line
B.Fre.Win.Knd	exact	11	11	C15	French Defense: Winawer Variation, Kondratiyev Variation
B.Fre.Win.WRg	exact	11	11	C15	French Defense: Winawer Variation, Winckelmann-Reimer Gambit
B.Fre.Win.Adv	exact	7	7	C16	French Defense: Winawer Variation, Advance Variation
B.Fre.Win.Adv.Qd7	exact	8	8	C16	French Defense: Winawer Variation, Petrosian Variation
B.Fre.Win.Adv.c5	exact	8	8	C17	French Defense: Winawer Variation, Advance Variation
B.Fre.Win.Adv.Msc	exact	9	9	C17	French Defense: Winawer Variation, Advance Variation, Moscow Variation
B.Fre.Win.Adv.Bgl	exact	9	9	C17	French Defense: Winawer Variation, Bogoljubow Variation
B.Fre.Win.Adv.Bgl.Ice	exact	11	11	C17	French Defense: Winawer Variation, Bogoljubow Variation, Icelandic Defense
B.Fre.Win.Adv.a3	exact	9	9	C17	French Defense: Winawer Variation, Advance Variation
B.Fre.Win.Adv.MWl	exact	12	12	C17	French Defense: Winawer Variation, Maróczy-Wallis Variation
B.Fre.Win.Adv.MWl.Nf3	exact	13	13	C17	French Defense: Winawer Variation, Advance Variation
B.Fre.Win.Adv.MLn	exact	11	11	C18	French Defense: Winawer Variation, Advance Variation
B.Fre.Win.Adv.MLn.Ne7	exact	12	12	C18	French Defense: Winawer Variation, Advance Variation
B.Fre.Win.Adv.MLn.Ne7.Bd3	exact	13	13	C18	French Defense: Winawer Variation, Advance Variation, with Bd3
B.Fre.Win.Adv.MLn.Ne7.h4	exact	13	13	C18	French Defense: Winawer Variation, Advance Variation, with h4
B.Fre.Win.Adv.MLn.Ne7.Nf3	exact	13	13	C19	French Defense: Winawer Variation, Positional Variation
B.Fre.Win.Adv.MLn.Qc7	exact	12	12	C18	French Defense: Winawer Variation, Classical Variation
B.Fre.Win.Adv.MLn.Qa5	exact	12	12	C18	French Defense: Winawer Variation, Portisch-Hook Variation
B.Fre.Win.Adv.Smy	exact	13	13	C19	French Defense: Winawer Variation, Advance Variation, Smyslov Variation
B.Fre.Win.Adv.Pos	exact	15	15	C19	French Defense: Winawer Variation, Positional Variation
B.Fre.Win.Adv.Pos.Qa5	prefix	15	16	C19	French Defense: Winawer Variation, Positional Variation
B.Fre.Win.Adv.Pos.Qa5.Bd2	exact	17	17	C19	French Defense: Winawer Variation, Positional Variation
B.Fre.Win.Adv.Pos.Qa5.Qd2	exact	17	17	C19	French Defense: Winawer Variation, Positional Variation
B.Mod.Dpn	prefix	2	3	B06	Modern Defense
B.Mod.Std	exact	4	4	B06	Modern Defense
B.Mod.Std.Nc3	exact	5	5	B06	Modern Defense: Standard Line
B.Mod.Std.Bc4	exact	5	5	B06	Modern Defense: Bishop Attack
B.Mod.Std.Bc4.b5	exact	6	6	B06	Modern Defense: Bishop Attack, Bücker Gambit
B.Mod.Std.Bc4.Mky	exact	8	8	B06	Modern Defense: Bishop Attack, Monkey's Bum
B.Mod.Std.ThP	exact	5	5	B06	Modern Defense: Three Pawns Attack
B.Mod.Std.ThP.PtW	exact	8	8	B06	Pterodactyl Defense: Austrian, Austriadactylus Western
B.Mod.Std.ThP.PtP	exact	8	8	B06	Pterodactyl Defense: Austrian, Pteranodon
B.Mod.Std.Nf3	prefix	4	5	B06	Modern Defense
B.Mod.Std.Nf3.b6	exact	6	6	B06	Modern Defense: Mongredien Defense, with Nf3
B.Mod.Std.Nf3.d6	exact	7	7	B07	Modern Defense: Geller's System
B.Mod.Std.Bd2	exact	5	5	B06	Modern Defense: Westermann Gambit
B.Mod.Std.Bd3	exact	5	5	B06	Modern Defense: Wind Gambit
B.Mod.Std.Fia	prefix	4	5	B06	Modern Defense
B.Mod.Std.Fia.PtK	exact	8	8	B06	Pterodactyl Defense: Fianchetto, King Pterodactyl
B.Mod.Std.Fia.PtR	exact	8	8	B06	Pterodactyl Defense: Fianchetto, Rhamphorhynchus
B.Mod.Std.Ctr	prefix	4	5	B06	Modern Defense
B.Mod.Std.Ctr.Dun	exact	10	10	B06	Modern Defense: Dunworthy Variation
B.Mod.Std.Ctr.PtC	prefix	4	6	B06	Modern Defense
B.Mod.Std.Ctr.PtC.AnH	exact	10	10	B06	Pterodactyl Defense: Central, Anhanguera
B.Mod.Std.Ctr.PtC.Ben	exact	10	10	B06	Pterodactyl Defense: Central, Benoni Quetzalcoatlus
B.Mod.Std.Ctr.PtC.Qtz	exact	10	10	B06	Pterodactyl Defense: Central, Quetzalcoatlus Gambit
B.Mod.Std.Nc3.StD	exact	6	6	B06	Modern Defense: Standard Defense
B.Mod.Std.Nc3.StD.Nf3	exact	7	7	B06	Modern Defense: Two Knights Variation
B.Mod.Std.Nc3.StD.Tal	exact	12	12	B06	Modern Defense: Two Knights Variation, Suttles Variation, Tal Gambit
B.Mod.Std.Nc3.StD.Rat	exact	6	6	B06	Rat Defense: Accelerated Gurgenidze
B.Mod.Std.Nc3.C6S	prefix	5	6	B06	Modern Defense: Standard Line
B.Mod.Std.Nc3.C6S.AMo	exact	9	9	B06	Modern Defense: Anti-Modern
B.Mod.Std.Nc3.C6S.Grg	exact	10	10	B06	Modern Defense: Gurgenidze Defense
B.Mod.Std.Nc3.C6S.Sut	exact	8	8	B06	Modern Defense: Two Knights Variation, Suttles Variation
B.Mod.Std.Nc3.d5	exact	6	6	B06	Modern Defense: Lizard Defense, Mittenberger Gambit
B.Mod.Std.Nc3.C5S	exact	6	6	B06	Modern Defense: Modern Pterodactyl
B.Mod.Std.Nc3.C5S.AnH	exact	7	7	B06	Pterodactyl Defense: Eastern, Anhanguera
B.Mod.Std.Nc3.C5S.Rha	exact	7	7	B06	Pterodactyl Defense: Eastern, Rhamphorhynchus
B.Mod.Std.Nc3.C5S.Pte	exact	8	8	B06	Pterodactyl Defense: Eastern, Pterodactyl
B.Mod.Std.Nc3.C5S.Ptn	exact	10	10	B06	Pterodactyl Defense: Eastern, Pteranodon
B.Mod.Std.Nc3.C5S.Ben	exact	10	10	B06	Pterodactyl Defense: Eastern, Benoni Pteranodon
B.Mod.Std.Nc3.C5S.Sic	prefix	6	8	B06	Modern Defense: Modern Pterodactyl
B.Mod.Std.Nc3.C5S.Sic.Qtz	exact	10	10	B06	Pterodactyl Defense: Sicilian, Quetzalcoatlus
B.Mod.Std.Nc3.C5S.Sic.Sir	exact	9	9	B06	Pterodactyl Defense: Sicilian, Siroccopteryx
B.Mod.Dpn.Nf6	exact	4	4	B06	Modern Defense: Norwegian Defense
B.Mod.Dpn.Nf6.Nor	exact	8	8	B06	Modern Defense: Norwegian Defense, Norwegian Gambit
B.Mod.Fia	exact	4	4	B06	Modern Defense: Fianchetto Gambit
B.Ale.Nrm	exact	4	4	B02	Alekhine Defense: Normal Variation
B.Ale.Brk	exact	4	4	B02	Alekhine Defense: Brooklyn Variation
B.Ale.Brk.Eve	exact	6	6	B02	Alekhine Defense: Brooklyn Variation, Everglades Variation
B.Ale.Kre	exact	3	3	B02	Alekhine Defense: Krejcik Variation
B.Ale.Kre.Gmb	exact	5	5	B02	Alekhine Defense: Krejcik Variation, Krejcik Gambit
B.Ale.Mar	exact	3	3	B02	Alekhine Defense: Maróczy Variation
B.Ale.Mok	exact	4	4	B02	Alekhine Defense: Mokele Mbembe
B.Ale.Mok.Mod	exact	6	6	B02	Alekhine Defense: Mokele Mbembe, Modern Line
B.Ale.Mok.Vav	exact	6	6	B02	Alekhine Defense: Mokele Mbembe, Vavra Defense
B.Ale.Nrm.Na3	exact	5	5	B02	Alekhine Defense: Buckley Attack
B.Ale.Nrm.Bc4	prefix	4	5	B02	Alekhine Defense: Normal Variation
B.Ale.Nrm.Bc4.Kmo	exact	9	9	B02	Alekhine Defense: Kmoch Variation
B.Ale.Nrm.Nc3	exact	5	5	B02	Alekhine Defense: Sämisch Attack
B.Ale.Nrm.Two	exact	5	5	B02	Alekhine Defense: Two Pawns Attack
B.Ale.Nrm.Two.Tat	exact	7	7	B02	Alekhine Defense: Two Pawns Attack, Tate Variation
B.Ale.Nrm.Two.Stn	exact	7	7	B02	Alekhine Defense: Steiner Variation
B.Ale.Nrm.Two.Sqr	exact	6	6	B02	Alekhine Defense: The Squirrel
B.Ale.Nrm.b3	exact	5	5	B02	Alekhine Defense: Welling Variation
B.Ale.Nrm.Dpn	exact	5	5	B03	Alekhine Defense
B.Ale.Nrm.Dpn.d6	exact	6	6	B03	Alekhine Defense
B.Ale.Nrm.Dpn.d6.c4	exact	7	7	B03	Alekhine Defense
B.Ale.Nrm.Dpn.d6.c4.Nb6	prefix	7	8	B03	Alekhine Defense
B.Ale.Nrm.Dpn.Osg	exact	6	6	B03	Alekhine Defense: O'Sullivan Gambit
B.Ale.Nc3	exact	4	4	B02	Alekhine Defense: Scandinavian Variation
B.Ale.Nc3.Ges	exact	6	6	B02	Alekhine Defense: Scandinavian Variation, Geschev Gambit
B.Ale.Nc3.Mye	exact	7	7	B02	Alekhine Defense: Scandinavian Variation, Myers Gambit
B.Ale.Nc3.Spl	exact	7	7	B02	Alekhine Defense: Spielmann Gambit
B.Nim.Dpn	exact	3	3	B00	Nimzowitsch Defense
B.Nim.Nf3	exact	3	3	B00	Nimzowitsch Defense: Declined Variation
B.Nim.Nc3	prefix	2	3	B00	Nimzowitsch Defense
B.Nim.Nf3.Nf6	prefix	3	4	B00	Nimzowitsch Defense: Declined Variation
B.Nim.Nf3.Nf6.ElC	exact	6	6	B00	Nimzowitsch Defense: El Columpio Defense
B.Nim.Nf3.Nf6.ElC.Gmb	exact	11	11	B00	Nimzowitsch Defense: El Columpio Defense, El Columpio Gambit
B.Nim.Nf3.Nf6.ElC.Exc	exact	11	11	B00	Nimzowitsch Defense: El Columpio Defense, Exchange Variation
B.Nim.Nf3.Nf6.ElC.Pin	exact	11	11	B00	Nimzowitsch Defense: El Columpio Defense, Pin Variation
B.Nim.Nf3.e6	exact	4	4	B00	Nimzowitsch Defense: Franco-Nimzowitsch Variation
B.Nim.Nf3.d6	exact	4	4	B00	Nimzowitsch Defense: Williams Variation
B.Nim.Nc3.Nf6	exact	6	6	B00	Nimzowitsch Defense: Breyer Variation
B.Nim.Nc3.e6	exact	4	4	B00	Nimzowitsch Defense: French Connection
B.Nim.Nc3.g6	exact	4	4	B00	Nimzowitsch Defense: Pirc Connection
B.Nim.Dpn.d6	exact	4	4	B00	Nimzowitsch Defense: Mikenas Variation
B.Nim.Dpn.f6	exact	4	4	B00	Nimzowitsch Defense: Neo-Mongoloid Defense
B.Nim.Dpn.a6	exact	4	4	B00	Nimzowitsch Defense: Woodchuck Variation
B.Nim.Bb5	exact	3	3	B00	Nimzowitsch Defense: Pseudo-Spanish Variation
B.Nim.b4	exact	3	3	B00	Nimzowitsch Defense: Wheeler Gambit
B.Sca.Ten	exact	3	3	A06	Zukertort Opening: Tennison Gambit
B.Sca.Ten.Brg	exact	10	10	A06	Zukertort Opening: Tennison Gambit, Brigg's Trap
B.Sca.b3	exact	3	3	B01	Scandinavian Defense
B.Sca.Zil	exact	3	3	B01	Scandinavian Defense: Zilbermints Gambit
B.Sca.Cap	prefix	2	3	B01	Scandinavian Defense
B.Sca.Cap.Qxd5	exact	4	4	B01	Scandinavian Defense: Mieses-Kotroc Variation
B.Sca.Cap.BKg	exact	4	4	B01	Scandinavian Defense: Blackburne-Kloosterboer Gambit
B.Sca.Cap.BKg.Nxc6	exact	6	6	B01	Scandinavian Defense: Blackburne Gambit
B.Sca.Cap.BKg.e5	exact	6	6	B01	Scandinavian Defense: Kloosterboer Gambit
B.Sca.Cap.Boe	exact	6	6	B01	Scandinavian Defense: Boehnke Gambit
B.Sca.Nc3	prefix	2	3	B01	Scandinavian Defense
B.Sca.Nc3.VGt	exact	6	6	B01	Van Geet Opening: Grünfeld Defense
B.Sic.Naj.g4	exact	11	11	B90	Sicilian Defense: Najdorf Variation, Dekker Gambit
B.Sic.Naj.Rg1	exact	11	11	B90	Sicilian Defense: Najdorf Variation, Freak Attack
B.Sic.Naj.Bc4	exact	11	11	B90	Sicilian Defense: Najdorf Variation, Lipnitsky Attack
B.Sic.Naj.Bc4.Bb3	exact	14	14	B87	Sicilian Defense: Sozin Attack, Flank Variation
B.Sic.Naj.g3	exact	11	11	B91	Sicilian Defense: Najdorf Variation, Zagreb Variation
B.Sic.Naj.Be2	exact	11	11	B92	Sicilian Defense: Najdorf Variation, Opocensky Variation
B.Sic.Naj.Be2.e5	prefix	11	12	B92	Sicilian Defense: Najdorf Variation, Opocensky Variation
B.Sic.Naj.Be2.e5.Nb3	prefix	11	13	B92	Sicilian Defense: Najdorf Variation, Opocensky Variation
B.Sic.Naj.Be2.e5.Nb3.Be6	prefix	11	14	B92	Sicilian Defense: Najdorf Variation, Opocensky Variation
B.Sic.Naj.f4	exact	11	11	B93	Sicilian Defense: Najdorf Variation, Amsterdam Variation
B.Sic.Naj.f4.e6	prefix	11	12	B93	Sicilian Defense: Najdorf Variation, Amsterdam Variation
B.Sic.Naj.Bg5	exact	11	11	B94	Sicilian Defense: Najdorf Variation
B.Sic.Naj.Bg5.Nbd7	prefix	11	12	B94	Sicilian Defense: Najdorf Variation
B.Sic.Naj.Bg5.e6	exact	12	12	B95	Sicilian Defense: Najdorf Variation
B.Sic.Naj.Bg5.e6.f4	exact	13	13	B96	Sicilian Defense: Najdorf Variation
B.Sic.Naj.Bg5.e6.f4.Nc6	exact	14	14	B96	Sicilian Defense: Najdorf Variation, Neo-Classical Defense
B.Sic.Naj.Bg5.e6.f4.Be7	exact	14	14	B98	Sicilian Defense: Najdorf Variation
B.Sic.OKe.Be2	exact	5	5	B28	Sicilian Defense: O'Kelly Variation, Aronin System
B.Sic.OKe.b3	exact	5	5	B28	Sicilian Defense: O'Kelly Variation, Kieseritzky System
B.Sic.OKe.c4	exact	5	5	B28	Sicilian Defense: O'Kelly Variation, Maróczy Bind
B.Sic.OKe.c4.e6	exact	6	6	B28	Sicilian Defense: O'Kelly Variation, Maróczy Bind, Paulsen Line
B.Sic.OKe.c4.d6	exact	6	6	B28	Sicilian Defense: O'Kelly Variation, Maróczy Bind, Robatsch Line
B.Sic.OKe.d4	exact	5	5	B28	Sicilian Defense: O'Kelly Variation, Normal System
B.Sic.OKe.d4.cxd4	prefix	5	6	B28	Sicilian Defense: O'Kelly Variation, Normal System
B.Sic.OKe.d4.cxd4.Bc4	exact	7	7	B28	Sicilian Defense: O'Kelly Variation, Normal System, Cortlever Gambit
B.Sic.OKe.d4.cxd4.c3	exact	7	7	B28	Sicilian Defense: O'Kelly Variation, Normal System, Smith-Morra Line
B.Sic.OKe.d4.cxd4.Nxd4	exact	8	8	B28	Sicilian Defense: O'Kelly Variation, Normal System, Taimanov Line
B.Sic.OKe.d4.cxd4.Qxd4	exact	7	7	B28	Sicilian Defense: O'Kelly Variation, Normal System, Zagorovsky Line
B.Sic.OKe.d3	exact	5	5	B28	Sicilian Defense: O'Kelly Variation, Quiet System
B.Sic.OKe.g3	exact	5	5	B28	Sicilian Defense: O'Kelly Variation, Réti System
B.Sic.OKe.c3	exact	5	5	B28	Sicilian Defense: O'Kelly Variation, Venice System
B.Sic.OKe.c3.Nf6	exact	6	6	B28	Sicilian Defense: O'Kelly Variation, Venice System, Barcza Line
B.Sic.OKe.c3.d5	exact	8	8	B28	Sicilian Defense: O'Kelly Variation, Venice System, Gambit Line
B.Sic.OKe.c3.b5	exact	6	6	B28	Sicilian Defense: O'Kelly Variation, Venice System, Ljubojevic Line
B.Sic.OKe.c3.d6	exact	6	6	B28	Sicilian Defense: O'Kelly Variation, Venice System, Steiner Line
B.Sic.OKe.b4	exact	5	5	B28	Sicilian Defense: O'Kelly Variation, Wing Gambit
B.Sic.OKe.Nc3	exact	5	5	B28	Sicilian Defense: O'Kelly Variation, Yerevan System
B.Sic.Tay.Nb5	exact	9	9	B44	Sicilian Defense: Taimanov Variation, Szén Variation
B.Sic.Tay.Nb5.d6	prefix	9	10	B44	Sicilian Defense: Taimanov Variation, Szén Variation
B.Sic.Tay.Nb5.d6.c4	prefix	9	11	B44	Sicilian Defense: Taimanov Variation, Szén Variation
B.Sic.Tay.Nb5.d6.c4.Be7	prefix	9	16	B44	Sicilian Defense: Taimanov Variation, Szén Variation
B.Sic.Tay.Nc3	exact	9	9	B45	Sicilian Defense: Taimanov Variation
B.Sic.Tay.Nc3.Nf6	exact	10	10	B45	Sicilian Defense: Four Knights Variation
B.Sic.Tay.Nc3.Nf6.Ndb5	prefix	10	11	B45	Sicilian Defense: Four Knights Variation
B.Sic.Tay.Nc3.Nf6.Ndb5.Bb4	exact	13	13	B45	Sicilian Defense: Four Knights Variation, American Attack
B.Sic.Tay.Nc3.Nf6.Ndb5.Bc5	exact	12	12	B45	Sicilian Defense: Four Knights Variation, Cobra Variation
B.Sic.Tay.Nc3.Nf6.Nxc6	exact	11	11	B45	Sicilian Defense: Four Knights Variation, Exchange Variation
B.Sic.Tay.Nc3.a6	exact	10	10	B46	Sicilian Defense: Taimanov Variation
B.Sic.Tay.Nc3.Qc7	exact	10	10	B47	Sicilian Defense: Taimanov Variation, Bastrikov Variation
B.Sic.Tay.Nc3.Qc7.Ndb5	exact	15	15	B47	Sicilian Defense: Taimanov Variation, Bastrikov Variation, Ponomariov Gambit
B.Sic.Tay.Nc3.Qc7.Be3	exact	11	11	B48	Sicilian Defense: Taimanov Variation, Bastrikov Variation, English Attack
B.Sic.Tay.Nc3.Qc7.Be2	prefix	10	11	B47	Sicilian Defense: Taimanov Variation, Bastrikov Variation
B.Sic.SmM.Acc.Nxc3	prefix	6	7	B21	Sicilian Defense: Smith-Morra Gambit Accepted
B.Sic.SmM.Acc.Nf3	exact	7	7	B21	Sicilian Defense: Smith-Morra Gambit Accepted, Danish Variation
B.Sic.SmM.Acc.Nxc3.Nc6	prefix	6	8	B21	Sicilian Defense: Smith-Morra Gambit Accepted
B.Sic.SmM.Acc.Nxc3.e6	prefix	6	8	B21	Sicilian Defense: Smith-Morra Gambit Accepted
B.Sic.SmM.Acc.Nxc3.Nc6.Nf3	prefix	6	9	B21	Sicilian Defense: Smith-Morra Gambit Accepted
B.Sic.SmM.Acc.Nxc3.e6.Nf3	prefix	6	9	B21	Sicilian Defense: Smith-Morra Gambit Accepted
B.Sic.Dra.Be3	exact	11	11	B72	Sicilian Defense: Dragon Variation
B.Sic.Dra.Be3.Bg7	prefix	11	12	B72	Sicilian Defense: Dragon Variation
B.Sic.Dra.Be3.Bg7.f3	exact	13	13	B75	Sicilian Defense: Dragon Variation, Yugoslav Attack, Early Deviations
B.Sic.Dra.Be3.Bg7.Be2	exact	13	13	B72	Sicilian Defense: Dragon Variation, Classical Variation
B.Sic.Dra.Be3.Nc6	exact	14	14	B75	Sicilian Defense: Dragon Variation, Yugoslav Attack, Hungarian Dragon
B.Sic.Dra.g3	exact	11	11	B70	Sicilian Defense: Dragon Variation, Fianchetto Variation
B.Sic.Fre.c3	exact	5	5	B40	Sicilian Defense: Delayed Alapin Variation, with e6
B.Sic.Fre.c3.d5	exact	10	10	B22	Sicilian Defense: Delayed Alapin Variation
B.Sic.Fre.c3.Nf6	exact	10	10	B40	Sicilian Defense: Alapin Variation, Sherzer Variation
B.Sic.Fre.d4	prefix	4	5	B40	Sicilian Defense: French Variation
B.Sic.Fre.d4.cxd4	exact	6	6	B40	Sicilian Defense: French Variation, Open
B.Sic.Fre.d4.cxd4.Nxd4	prefix	6	7	B40	Sicilian Defense: French Variation, Open
B.Sic.Fre.d4.cxd4.Nxd4.Nf6	exact	8	8	B40	Sicilian Defense: French Variation, Normal
B.Sic.Fre.d4.d5	exact	6	6	B40	Sicilian Defense: Marshall Counterattack
B.Sic.Fre.b3	exact	5	5	B40	Sicilian Defense: French Variation, Westerinen Attack
B.Sic.Fre.c4	exact	5	5	B40	Sicilian Defense: Kramnik Variation
B.Sic.Fre.b4	exact	5	5	B40	Sicilian Defense: Wing Gambit Deferred
B.Sic.Old.Nc3	exact	6	6	B30	Sicilian Defense: Closed, Anti-Sveshnikov Variation
B.Sic.Old.Nc3.Bc4	prefix	6	9	B30	Sicilian Defense: Closed, Anti-Sveshnikov Variation
B.Sic.Old.Nc3.Bc4.d6	exact	10	10	B30	Sicilian Defense: Closed, Anti-Sveshnikov Variation, with d6
B.Sic.Old.Nc3.Bc4.Nf6	exact	10	10	B30	Sicilian Defense: Closed, Anti-Sveshnikov Variation, with Nf6
B.Sic.Old.b4	exact	5	5	B30	Sicilian Defense: Portsmouth Gambit
B.Sic.Old.d4	exact	5	5	B32	Sicilian Defense: Open
B.Sic.Old.d4.cxd4	exact	6	6	B32	Sicilian Defense: Open
B.Sic.Old.d4.cxd4.Nxd4	exact	7	7	B32	Sicilian Defense: Open
B.Sic.Old.d4.cxd4.Nxd4.Qc7	exact	8	8	B32	Sicilian Defense: Flohr Variation
B.Sic.Old.d4.cxd4.Nxd4.Qb6	exact	8	8	B32	Sicilian Defense: Godiva Variation
B.Sic.Old.d4.e6	exact	6	6	B32	Sicilian Defense: Franco-Sicilian Variation
B.Sic.Mod.c3	exact	5	5	B50	Sicilian Defense: Delayed Alapin Variation, with d6
B.Sic.Mod.Bd3	exact	5	5	B50	Sicilian Defense: Kopec System
B.Sic.Mod.g3	prefix	4	5	B50	Sicilian Defense: Modern Variations
B.Sic.Mod.g3.b5	exact	6	6	B50	Sicilian Defense: Kotov Gambit
B.Sic.Mod.d4	exact	5	5	B50	Sicilian Defense
B.Sic.Mod.d4.cxd4	exact	6	6	B50	Sicilian Defense
B.Sic.Mod.d4.Nf6	exact	6	6	B50	Sicilian Defense: Modern Variations, Anti-Qxd4 Move Order
B.Sic.Mod.d4.Nf6.dxc5	exact	8	8	B50	Sicilian Defense: Modern Variations, Anti-Qxd4 Move Order Accepted
B.Sic.Mod.d4.cxd4.c3	exact	7	7	B50	Sicilian Defense: Modern Variations, Tartakower
B.Sic.Mod.d4.cxd4.Qxd4	exact	7	7	B53	Sicilian Defense: Chekhover Variation
B.Sic.Mod.d4.cxd4.Qxd4.Nc6	exact	10	10	B53	Sicilian Defense: Chekhover Variation, Zaitsev Defense
B.Sic.Mod.b4	exact	5	5	B50	Sicilian Defense: Wing Gambit, Deferred Variation
B.Sic.HAc.d4	exact	5	5	B27	Sicilian Defense: Hyperaccelerated Dragon
B.Sic.HAc.d4.Bg7	exact	6	6	B27	Sicilian Defense: Hyperaccelerated Pterodactyl
B.Sic.HAc.d4.Bg7.dxc5	exact	8	8	B27	Pterodactyl Defense: Western, Rhamphorhynchus
B.Sic.HAc.d4.f5	exact	6	6	B27	Sicilian Defense: Frederico Variation
B.Sic.HAc.c3	exact	8	8	B27	Pterodactyl Defense: Western, Pterodactyl
B.Sic.HAc.c4	exact	6	6	B27	Sicilian Defense: Acton Extension
B.Sic.Clo.e6	exact	4	4	B23	Sicilian Defense: Closed
B.Sic.Clo.e6.g3	exact	5	5	B23	Sicilian Defense: Closed
B.Sic.Clo.e6.g3.d5	exact	6	6	B23	Sicilian Defense: Closed, Korchnoi Defense
B.Sic.Clo.D6L	prefix	3	4	B23	Sicilian Defense: Closed
B.Sic.Clo.D6L.Car	exact	9	9	B23	Sicilian Defense: Closed, Carlsen Variation
B.Sic.Clo.Nc6	exact	4	4	B23	Sicilian Defense: Closed, Traditional
B.Sic.Clo.Nc6.Nge2	exact	5	5	B23	Sicilian Defense: Closed, Chameleon Variation
B.Sic.Clo.Nc6.g4	exact	5	5	B23	Sicilian Defense: Closed, Grob Attack
B.Sic.Sch.g3	exact	11	11	B80	Sicilian Defense: Scheveningen Variation, Fianchetto Variation
B.Sic.Sch.Bb5	exact	11	11	B80	Sicilian Defense: Scheveningen Variation, Vitolins Variation
B.Sic.Sch.f4	exact	11	11	B82	Sicilian Defense: Scheveningen Variation, Matanovic Attack
B.Sic.Sch.f4.Nc6	exact	15	15	B82	Sicilian Defense: Scheveningen Variation, Tal Variation
B.Sic.Sch.Be2	exact	11	11	B83	Sicilian Defense: Scheveningen Variation, Classical Variation
B.Sic.Sch.Be2.Be7	exact	17	17	B83	Sicilian Defense: Scheveningen Variation, Modern Variation
B.Sic.Sch.Bc4	exact	11	11	B86	Sicilian Defense: Sozin Attack
B.Sic.Cls.Rch.Bd7	exact	12	12	B60	Sicilian Defense: Richter-Rauzer Variation, Modern Variation
B.Sic.Cls.Rch.Bd7.Qd2	exact	13	13	B61	Sicilian Defense: Richter-Rauzer Variation, Modern Variation
B.Sic.Cls.Rch.e6	exact	12	12	B62	Sicilian Defense: Richter-Rauzer Variation
B.Sic.Cls.Rch.e6.Qd3	exact	13	13	B62	Sicilian Defense: Richter-Rauzer Variation
B.Sic.Cls.Rch.e6.Nxc6	exact	13	13	B62	Sicilian Defense: Richter-Rauzer Variation, Exchange Variation
B.Sic.Cls.Rch.e6.Nb3	exact	13	13	B62	Sicilian Defense: Richter-Rauzer Variation, Podebrady Variation
B.Sic.Cls.Rch.e6.Bb5	exact	13	13	B62	Sicilian Defense: Richter-Rauzer Variation, Vitolins Variation
B.Sic.Cls.Rch.e6.Qd2	exact	13	13	B63	Sicilian Defense: Richter-Rauzer Variation, Traditional Variation
B.Sic.Cls.Rch.e6.Qd2.Be7	exact	14	14	B63	Sicilian Defense: Richter-Rauzer Variation, Classical Variation
B.Sic.Cls.Rch.e6.Qd2.a6	exact	14	14	B66	Sicilian Defense: Richter-Rauzer Variation, Neo-Modern Variation, Early Deviations
C.RyL.Alp	exact	6	6	C60	Ruy Lopez: Alapin Defense
C.RyL.Alp.Gmb	exact	10	10	C60	Ruy Lopez: Alapin Defense, Alapin Gambit
C.RyL.Bre	exact	6	6	C60	Ruy Lopez: Brentano Gambit
C.RyL.Bul	exact	6	6	C60	Ruy Lopez: Bulgarian Variation
C.RyL.Fia	exact	6	6	C60	Ruy Lopez: Fianchetto Defense
C.RyL.Fia.c3	prefix	6	7	C60	Ruy Lopez: Fianchetto Defense
C.RyL.Fia.c3.f5	exact	8	8	C60	Ruy Lopez: Fianchetto Defense, Kevitz Gambit
C.RyL.Fia.d4	exact	16	16	C60	Ruy Lopez: Cozio Defense, Tartakower Gambit
C.RyL.Luc	exact	6	6	C60	Ruy Lopez: Lucena Variation
C.RyL.Nbg	exact	6	6	C60	Ruy Lopez: Nürnberg Variation
C.RyL.Pol	exact	6	6	C60	Ruy Lopez: Pollock Defense
C.RyL.Ret	exact	6	6	C60	Ruy Lopez: Retreat Variation
C.RyL.Rot	exact	6	6	C60	Ruy Lopez: Rotary-Albany Gambit
C.RyL.SCG	exact	6	6	C60	Ruy Lopez: Spanish Countergambit
C.RyL.SCG.Nxe5	prefix	6	8	C60	Ruy Lopez: Spanish Countergambit
C.RyL.Vin	exact	6	6	C60	Ruy Lopez: Vinogradov Variation
C.RyL.Bir	exact	6	6	C61	Ruy Lopez: Bird Variation
C.RyL.Bir.Nxd4	exact	10	10	C61	Ruy Lopez: Bird Variation, Paulsen Variation
C.RyL.Stn	exact	6	6	C62	Ruy Lopez: Steinitz Defense
C.RyL.Stn.d4	exact	7	7	C62	Ruy Lopez: Steinitz Defense
C.RyL.Stn.d4.exd4	exact	9	9	C62	Ruy Lopez: Steinitz Defense, Center Gambit
C.RyL.Stn.d4.Bd7	prefix	7	8	C62	Ruy Lopez: Steinitz Defense
C.RyL.Stn.d4.Bd7.Nc3	prefix	7	10	C62	Ruy Lopez: Steinitz Defense
C.RyL.Stn.d4.Bd7.c4	exact	9	9	C62	Ruy Lopez: Steinitz Defense, Semi-Duras Variation
C.RyL.ClD	exact	6	6	C64	Ruy Lopez: Classical Variation
C.RyL.ClD.c3	exact	7	7	C64	Ruy Lopez: Classical Variation, Central Variation
C.RyL.ClD.c3.Qe7	exact	8	8	C64	Ruy Lopez: Classical Defense, Boden Variation
C.RyL.ClD.c3.Bb6	exact	8	8	C64	Ruy Lopez: Classical Variation, Charousek Variation
C.RyL.ClD.c3.f5	exact	8	8	C64	Ruy Lopez: Classical Variation, Cordel Gambit
C.RyL.ClD.c3.d5	exact	8	8	C64	Ruy Lopez: Classical Variation, Konikowski Gambit
C.RyL.ClD.b4	exact	7	7	C64	Ruy Lopez: Classical Variation, Spanish Wing Gambit
C.Vie.Nc6	exact	4	4	C25	Vienna Game: Max Lange Defense
C.Vie.Nc6.f4	exact	5	5	C25	Vienna Gambit, with Max Lange Defense
C.Vie.Nc6.f4.exf4	prefix	5	6	C25	Vienna Gambit, with Max Lange Defense
C.Vie.Nc6.f4.exf4.Nf3	exact	7	7	C25	Vienna Gambit, with Max Lange Defense: Knight Variation
C.Vie.Nc6.f4.exf4.Nf3.g5	prefix	7	8	C25	Vienna Gambit, with Max Lange Defense: Knight Variation
C.Vie.Nc6.f4.exf4.d4	exact	7	7	C25	Vienna Gambit, with Max Lange Defense: Steinitz Gambit
C.Vie.Nc6.f4.exf4.d4.Qh4	exact	9	9	C25	Vienna Gambit, with Max Lange Defense: Steinitz Gambit, Main Line
C.Vie.Nc6.f4.Bc5	exact	8	8	C25	Vienna Gambit, with Max Lange Defense: Quelle Gambit
C.Vie.Nc6.d4	exact	5	5	C25	Vienna Game: Fyfe Gambit
C.Vie.Nc6.g3	exact	5	5	C25	Vienna Game: Paulsen Variation
C.Vie.Nc6.g3.Bc5	exact	10	10	C25	Vienna Game: Paulsen Variation, Mariotti Gambit
C.Vie.Nc6.Bc4	prefix	4	5	C25	Vienna Game: Max Lange Defense
C.Vie.Nc6.Bc4.Bc5	exact	9	9	C25	Vienna Game: Stanley Variation, Meitner-Mieses Gambit
C.Vie.Nc6.Bc4.Nf6	exact	6	6	C28	Vienna Game: Stanley Variation, Three Knights Variation
C.Vie.Nc6.Bc4.Nf6.f4	exact	9	9	C28	Vienna Game: Stanley Variation, Bronstein Gambit
C.Vie.Bc5	exact	4	4	C25	Vienna Game: Anderssen Defense
C.Vie.Bc5.Qg4	exact	5	5	C25	Vienna Game: Giraffe Attack
C.Vie.Bc5.Na4	exact	5	5	C25	Vienna Game: Hamppe-Meitner Variation
C.Vie.d6	exact	5	5	C25	Vienna Game: Omaha Gambit
C.Vie.Bb4	exact	6	6	C25	Vienna Game: Zhuravlev Countergambit
C.PhD.d4	exact	5	5	C41	Philidor Defense
C.PhD.Bc4	exact	5	5	C41	Philidor Defense
C.PhD.Bc4.Be7	exact	6	6	C41	Philidor Defense
C.PhD.Bc4.Be7.c3	exact	7	7	C41	Philidor Defense: Steinitz Variation
C.PhD.Bc4.f5	exact	6	6	C41	Philidor Defense: Lopez Countergambit
C.PhD.d4.Bg4	exact	8	8	C41	Philidor Defense: Albin-Blackburne Gambit
C.PhD.d4.exd4	exact	6	6	C41	Philidor Defense: Exchange Variation
C.PhD.d4.exd4.Nxd4	exact	7	7	C41	Philidor Defense: Exchange Variation
C.PhD.d4.exd4.c3	exact	7	7	C41	Philidor Defense: Bird Gambit
C.PhD.d4.exd4.Qxd4	exact	8	8	C41	Philidor Defense: Boden Variation
C.PhD.d4.exd4.Bc4	exact	7	7	C41	Philidor Defense: Morphy Gambit
C.PhD.d4.Nd7	exact	6	6	C41	Philidor Defense: Hanham Variation
C.PhD.d4.Nd7.Bc4	prefix	6	7	C41	Philidor Defense: Hanham Variation
C.PhD.d4.Nd7.Bc4.c6	prefix	6	8	C41	Philidor Defense: Hanham Variation
C.PhD.d4.Nd7.Bc4.Nb6	exact	8	8	C41	Philidor Defense: Hanham Variation, Sharp Variation
C.PhD.d4.Nf6	exact	6	6	C41	Philidor Defense: Nimzowitsch Variation
C.PhD.d4.Nf6.dxe5	exact	7	7	C41	Philidor Defense: Nimzowitsch Variation
C.PhD.d4.Nf6.dxe5.Nxe4	prefix	7	8	C41	Philidor Defense: Nimzowitsch Variation
C.PhD.d4.Nf6.Bc4	exact	7	7	C41	Philidor Defense: Nimzowitsch Variation, Klein Variation
C.PhD.d4.Nf6.Ng5	exact	7	7	C41	Philidor Defense: Nimzowitsch, Locock Variation
C.PhD.d4.f5	exact	6	6	C41	Philidor Defense: Philidor Countergambit
C.PhD.d4.f5.Nc3	exact	7	7	C41	Philidor Defense: Philidor Countergambit, Zukertort Variation
C.PhD.d4.Bd7	exact	6	6	C41	Philidor Defense: Philidor Gambit
C.KPO.Ke2	exact	3	3	C20	Bongcloud Attack
C.KPO.c4	exact	3	3	C20	English Opening: The Whale
C.KPO.c4.d5	exact	4	4	C20	King's Pawn Game: Bavarian Gambit
C.KPO.Ne2	exact	3	3	C20	King's Pawn Game: Alapin Opening
C.KPO.d3	exact	3	3	C20	King's Pawn Game: Leonardis Variation
C.KPO.d3.f5	exact	4	4	C20	King's Pawn Game: Clam Variation, King's Gambit Reversed
C.KPO.d3.Nf6	exact	6	6	C20	King's Pawn Game: Clam Variation, Radisch Gambit
C.KPO.d3.d5	exact	8	8	C20	King's Pawn Game: Weber Gambit
C.KPO.f3	exact	3	3	C20	King's Pawn Game: King's Head Opening
C.KPO.f3.Nf6	exact	5	5	C20	King's Pawn Game: King's Head Opening
C.KPO.c3	exact	3	3	C20	King's Pawn Game: MacLeod Attack
C.KPO.c3.f5	exact	4	4	C20	King's Pawn Game: MacLeod Attack, Lasa Gambit
C.KPO.c3.d5	exact	6	6	C20	King's Pawn Game: MacLeod Attack, Norwalde Gambit
C.KPO.a3	exact	3	3	C20	King's Pawn Game: Mengarini's Opening
C.KPO.Bd3	exact	3	3	C20	King's Pawn Game: Tortoise Opening
C.KPO.Qh5	exact	3	3	C20	King's Pawn Game: Wayward Queen Attack
C.KPO.Qh5.Nf6	exact	4	4	C20	King's Pawn Game: Wayward Queen Attack, Kiddie Countergambit
C.KPO.Qh5.Nc6	exact	12	12	C20	King's Pawn Game: Wayward Queen Attack, Mellon Gambit
C.KPO.b3	exact	3	3	C20	King's Pawn Opening
C.KPO.Qg4	exact	5	5	C20	King's Pawn Opening: Speers
C.KPO.Qe2	exact	12	12	C20	King's Pawn Opening: Van Hooydoon Gambit
C.Pet.Nxe5	exact	5	5	C42	Petrov's Defense
C.Pet.Nxe5.d6	exact	6	6	C42	Petrov's Defense
C.Pet.Nxe5.d6.Nf3	exact	7	7	C42	Petrov's Defense
C.Pet.Nxe5.d6.Nf3.Nxe4	exact	8	8	C42	Petrov's Defense
C.Pet.Nxe5.d6.Nf3.Nxe4.d4	exact	9	9	C42	Petrov's Defense: Classical Attack
C.Pet.Nxe5.d6.Nf3.Nxe4.Qe2	exact	9	9	C42	Petrov's Defense: Cozio Attack
C.Pet.Nxe5.d6.Nf3.Nxe4.d3	exact	9	9	C42	Petrov's Defense: French Attack
C.Pet.Nxe5.d6.Nf3.Nxe4.c4	exact	9	9	C42	Petrov's Defense: Kaufmann Attack
C.Pet.Nxe5.d6.Nf3.Nxe4.Bd3	exact	9	9	C42	Petrov's Defense: Millennium Attack
C.Pet.Nxe5.d6.Nf3.Nxe4.Nc3	exact	9	9	C42	Petrov's Defense: Nimzowitsch Attack
C.Pet.Nxe5.d6.Nd3	exact	7	7	C42	Petrov's Defense: Karklins-Martinovsky Variation
C.Pet.Nxe5.d6.Nc4	exact	7	7	C42	Petrov's Defense: Paulsen Attack
C.Pet.Nxe5.Nxe4	exact	6	6	C42	Petrov's Defense: Damiano Variation
C.Pet.Nxe5.Nxe4.Qe2	exact	8	8	C42	Petrov's Defense: Damiano Variation, Kholmov Gambit
C.Pet.Bc4	exact	5	5	C42	Petrov's Defense: Italian Variation
C.Pet.Bc4.Nxe4	exact	7	7	C27	Bishop's Opening: Boden-Kieseritzky Gambit
C.Pet.Qe2	exact	7	7	C42	Petrov's Defense: Moody Gambit
C.Bsh.Bc5	exact	4	4	C23	Bishop's Opening: Boi Variation
C.Bsh.Bc5.d4	exact	5	5	C23	Bishop's Opening: Lewis Gambit
C.Bsh.Bc5.Qe2	exact	5	5	C23	Bishop's Opening: Lopez Variation
C.Bsh.Bc5.Qe2.Nf6	exact	7	7	C23	Bishop's Opening: Lopez Variation, Lopez Gambit
C.Bsh.Bc5.Qe2.Nc6	exact	9	9	C23	Bishop's Opening: Lopez Gambit
C.Bsh.Bc5.b4	exact	5	5	C23	Bishop's Opening: McDonnell Gambit
C.Bsh.Bc5.b4.Bxb4	prefix	5	6	C23	Bishop's Opening: McDonnell Gambit
C.Bsh.Bc5.b4.Bxb4.c3	exact	7	7	C23	Bishop's Opening: McDonnell Gambit, La Bourdonnais-Denker Gambit
C.Bsh.Bc5.b4.Bxb4.f4	exact	7	7	C23	Bishop's Opening: McDonnell Gambit, McDonnell Double Gambit
C.Bsh.Bc5.c3	exact	5	5	C23	Bishop's Opening: Philidor Variation
C.Bsh.Bc5.c3.Nf6	exact	14	14	C23	Bishop's Opening: Pratt Variation
C.Bsh.Bc5.c3.Qg5	exact	6	6	C23	Bishop's Opening: del Rio Variation
C.Bsh.Bc5.f4	exact	5	5	C23	Bishop's Opening: Stein Gambit
C.Bsh.b5	prefix	3	4	C23	Bishop's Opening
C.Bsh.b5.Bxb5	prefix	3	5	C23	Bishop's Opening
C.Bsh.b5.Bxb5.c6	exact	6	6	C23	Bishop's Opening: Anderssen Gambit
C.Bsh.b5.Bxb5.f5	exact	6	6	C23	Bishop's Opening: Thorold Gambit
C.Bsh.d5	exact	4	4	C23	Bishop's Opening: Khan Gambit
C.Bsh.c6	exact	4	4	C23	Bishop's Opening: Philidor Counterattack
C.Bsh.c6.d4	exact	15	15	C23	Bishop's Opening: Lisitsyn Variation
C.Bsh.Nc6	prefix	3	4	C23	Bishop's Opening
C.Bsh.Nc6.Nc3	prefix	3	10	C23	Bishop's Opening
C.Sco.exd4	exact	6	6	C44	Scotch Game
C.Sco.exd4.Nxd4	exact	7	7	C45	Scotch Game
C.Sco.exd4.Nxd4.Qh4	exact	8	8	C45	Scotch Game: Steinitz Variation
C.Sco.exd4.Nxd4.Qh4.Be3	exact	9	9	C45	Scotch Game: Braune Variation
C.Sco.exd4.Nxd4.Qh4.Nf3	exact	9	9	C45	Scotch Game: Fraser Variation
C.Sco.exd4.Nxd4.Qh4.Nb5	exact	9	9	C45	Scotch Game: Horwitz Attack
C.Sco.exd4.Nxd4.Qh4.Nc3	exact	10	10	C45	Scotch Game: Modern Defense
C.Sco.exd4.Nxd4.Qh4.Nf5	exact	9	9	C45	Scotch Game: Paulsen Variation
C.Sco.exd4.Nxd4.Nxd4	exact	11	11	C45	Scotch Game: Ghulam-Kassim Variation
C.Sco.exd4.Nxd4.Bb4	exact	8	8	C45	Scotch Game: Malaniuk Variation
C.Sco.Nxd4	exact	6	6	C44	Scotch Game: Lolli Variation
C.Sco.Nxd4.Nxd4	prefix	6	8	C44	Scotch Game: Lolli Variation
C.Sco.Nxd4.Nxd4.Qxd4	exact	9	9	C44	Scotch Game: Lolli Variation
C.Sco.Nxd4.Nxd4.Bc4	exact	9	9	C44	Scotch Game: Napoleon Gambit
C.Sco.exd4.Bb5	exact	7	7	C44	Scotch Game: Relfsson Gambit
C.KGm.Qh4	exact	4	4	C30	King's Gambit Declined: Keene's Defense
C.KGm.Qh4.g3	exact	5	5	C30	King's Gambit Declined: Keene's Defense
C.KGm.Qh4.g3.Qe7	exact	6	6	C30	King's Gambit Declined: Keene Defense
C.KGm.Qf6	exact	4	4	C30	King's Gambit Declined: Norwalde Variation
C.KGm.Qf6.Nc3	prefix	4	5	C30	King's Gambit Declined: Norwalde Variation
C.KGm.Qf6.Nc3.Qxf4	prefix	4	6	C30	King's Gambit Declined: Norwalde Variation
C.KGm.Qf6.Nc3.Qxf4.Nf3	exact	9	9	C30	King's Gambit Declined: Norwalde Variation, Bücker Gambit
C.KGm.Qf6.Nc3.Qxf4.d4	exact	7	7	C30	King's Gambit Declined: Norwalde Variation, Schubert Variation
C.KGm.Nc6	exact	4	4	C30	King's Gambit Declined: Queen's Knight Defense
C.KGm.Nc6.Nf3	prefix	4	5	C30	King's Gambit Declined: Queen's Knight Defense
C.KGm.Nc6.Nf3.g5	exact	6	6	C30	King's Gambit Declined: Zilbermints Double Gambit
C.KGm.Nc6.Nf3.f5	exact	6	6	C30	King's Gambit Declined: Miles Defense
C.KGm.f5	exact	4	4	C30	King's Gambit Declined: Panteldakis Countergambit
C.KGm.f5.exf5	prefix	4	5	C30	King's Gambit Declined: Panteldakis Countergambit
C.KGm.f5.exf5.Qh4	exact	6	6	C30	King's Gambit Declined: Panteldakis Countergambit, Greco Variation
C.KGm.f5.exf5.exf4	prefix	4	6	C30	King's Gambit Declined: Panteldakis Countergambit
C.KGm.f5.exf5.Bc5	exact	6	6	C30	King's Gambit Declined: Panteldakis Countergambit, Schiller's Defense
C.KGm.Nf6	exact	4	4	C30	King's Gambit Declined: Petrov's Defense
C.KGm.f6	exact	6	6	C30	King's Gambit Declined: Soller-Zilbermints Gambit
C.KGm.g5	exact	4	4	C30	King's Gambit Declined: Zilbermints Double Countergambit
C.LtO.Bc4	exact	5	5	C40	Latvian Gambit: Mayet Attack
C.LtO.Bc4.Nf6	exact	6	6	C40	Latvian Gambit: Mayet Attack, Morgado Defense
C.LtO.Bc4.fxe4	prefix	5	7	C40	Latvian Gambit: Mayet Attack
C.LtO.Bc4.fxe4.Qg5	exact	10	10	C40	Latvian Gambit: Mayet Attack, Poisoned Pawn Variation
C.LtO.Bc4.fxe4.d5	exact	8	8	C40	Latvian Gambit: Mayet Attack, Polerio-Svedenborg Variation
C.LtO.Bc4.fxe4.Nf6	exact	8	8	C40	Latvian Gambit: Corkscrew Countergambit
C.LtO.Bc4.b5	exact	6	6	C40	Latvian Gambit: Mayet Attack, Strautins Gambit
C.LtO.c4	exact	5	5	C40	Latvian Gambit: Diepstraten Countergambit
C.LtO.Nxe5	prefix	4	5	C40	Latvian Gambit
C.LtO.Nxe5.Nc6	exact	6	6	C40	Latvian Gambit: Fraser Defense
C.LtO.Nxe5.Qe7	exact	6	6	C40	Latvian Gambit: Greco Variation
C.LtO.g4	exact	5	5	C40	Latvian Gambit: Lobster Gambit
C.LtO.d4	exact	5	5	C40	Latvian Gambit: Mason Countergambit
C.LtO.Nc3	exact	5	5	C40	Latvian Gambit: Mlotkowski Variation
C.LtO.b4	exact	5	5	C40	Latvian Gambit: Senechaud Gambit
C.Ita.h6	exact	6	6	C50	Italian Game: Anti-Fried Liver Defense
C.Ita.Nd4	exact	6	6	C50	Italian Game: Blackburne-Kostić Gambit
C.Ita.Be7	exact	6	6	C50	Italian Game: Hungarian Defense
C.Ita.Be7.d4	exact	12	12	C50	Italian Game: Hungarian Defense, Tartakower Variation
C.Ita.d6	exact	6	6	C50	Italian Game: Paris Defense
C.Ita.f5	exact	6	6	C50	Italian Game: Rousseau Gambit
D.Sla.Nc3	exact	5	5	D10	Slav Defense
D.Sla.Nc3.dxc4	exact	6	6	D10	Slav Defense
D.Sla.Nc3.Nf6	prefix	5	6	D10	Slav Defense
D.Sla.Nc3.Nf6.e3	prefix	5	7	D10	Slav Defense
D.Sla.Nf3	exact	5	5	D11	Slav Defense: Modern Line
D.Sla.Nf3.Nf6	prefix	5	6	D11	Slav Defense: Modern Line
D.Sla.Nf3.Nf6.Nc3	exact	7	7	D15	Slav Defense: Three Knights Variation
D.Sla.Nf3.Nf6.Nc3.dxc4	exact	8	8	D15	Slav Defense: Two Knights Attack
D.Sla.Nf3.Nf6.g3	prefix	5	7	D11	Slav Defense: Modern Line
D.Sla.Nf3.Nf6.Nbd2	exact	7	7	D11	Slav Defense: Breyer Variation
D.Sla.Nf3.Nf6.e3	exact	7	7	D11	Slav Defense: Quiet Variation
D.Sla.Nf3.Nf6.e3.e6	prefix	7	8	D11	Slav Defense: Quiet Variation
D.Bgm.Cap	prefix	3	4	D00	Blackmar-Diemer Gambit
D.Bgm.Cap.f3	exact	5	5	D00	Blackmar-Diemer Gambit: Blackmar Gambit
D.Bgm.Cap.Be3	exact	5	5	D00	Blackmar-Diemer Gambit: Diemer-Rosenberg Attack
D.Bgm.Cap.Bc4	exact	5	5	D00	Blackmar-Diemer Gambit: Fritz Attack
D.Bgm.Cap.Nc3	prefix	3	5	D00	Blackmar-Diemer Gambit
D.Bgm.Cap.Nc3.Nf6	exact	6	6	D00	Blackmar-Diemer Gambit
D.Bgm.Cap.Nc3.Nf6.f3	prefix	6	7	D00	Blackmar-Diemer Gambit
D.Bgm.Cap.Nc3.Nf6.Be3	exact	7	7	D00	Blackmar-Diemer Gambit: Rasa-Studier Gambit
D.Bgm.Cap.Nc3.Nf6.Bg5	exact	7	7	D00	Blackmar-Diemer Gambit: von Popiel Gambit
D.Bgm.Cap.Nc3.e5	exact	6	6	D00	Blackmar-Diemer Gambit: Lemberger Countergambit
D.Bgm.Cap.Nc3.Bf5	exact	6	6	D00	Blackmar-Diemer Gambit: Zeller Defense
D.Bgm.Cap.Nc3.c5	exact	6	6	D00	Blackmar-Diemer Gambit: Reversed Albin Countergambit
D.Bgm.Cap.Nc3.f5	exact	6	6	D00	Blackmar-Diemer Gambit: Netherlands Variation
D.QGA.e3	exact	5	5	D20	Queen's Gambit Accepted: Old Variation
D.QGA.Qa4	exact	5	5	D20	Queen's Gambit Accepted: Accelerated Mannheim Variation
D.QGA.Nf3	exact	5	5	D21	Queen's Gambit Accepted: Normal Variation
D.QGA.Nf3.Nf6	exact	6	6	D23	Queen's Gambit Accepted
D.QGA.Nf3.Nf6.Nc3	exact	7	7	D24	Queen's Gambit Accepted: Showalter Variation
D.QGA.Nf3.Nf6.e3	exact	7	7	D25	Queen's Gambit Accepted: Normal Variation
D.QGA.Nf3.e6	exact	6	6	D21	Queen's Gambit Accepted: Rosenthal Variation
D.QGA.Nf3.c5	exact	6	6	D21	Queen's Gambit Accepted: Gunsberg Defense
D.QGA.Nf3.b5	exact	6	6	D21	Queen's Gambit Accepted: Slav Gambit
D.QPG.c4	exact	3	3	D06	Queen's Gambit
D.QPG.c4.c5	exact	4	4	D06	Queen's Gambit Declined: Austrian Defense
D.QPG.c4.b5	exact	4	4	D06	Queen's Gambit Declined: Zilbermints Gambit
D.QPG.e3	exact	3	3	D00	Queen's Pawn Game
D.QPG.e3.Nf6	exact	4	4	D00	Queen's Pawn Game
D.QPG.Zuk.Nf6	exact	4	4	D02	Queen's Pawn Game: Symmetrical Variation
D.QPG.Zuk.Nf6.e3	exact	5	5	D04	Queen's Pawn Game: Colle System
D.QPG.Zuk.Nf6.g3	exact	5	5	D02	Queen's Pawn Game: Symmetrical Variation, Pseudo-Catalan
D.QPG.Zuk.Nf6.c4	prefix	4	5	D02	Queen's Pawn Game: Symmetrical Variation
D.QPG.Zuk.c5	exact	4	4	D02	Queen's Pawn Game: Krause Variation
D.QPG.Zuk.c5.g3	prefix	4	5	D02	Queen's Pawn Game: Krause Variation
D.QPG.Zuk.c6	prefix	3	4	D02	Queen's Pawn Game: Zukertort Variation
D.QPG.Zuk.c6.Bg5	prefix	3	5	D02	Queen's Pawn Game: Zukertort Variation
D.QPG.Zuk.e6	prefix	3	4	D02	Queen's Pawn Game: Zukertort Variation
D.QPG.Zuk.e6.Bf4	exact	5	5	D02	Queen's Pawn Game: London System, with e6
D.QPG.Zuk.Bf5	prefix	3	4	D02	Queen's Pawn Game: Zukertort Variation
D.QPG.Zuk.Nc6	exact	4	4	D02	Queen's Pawn Game: Chigorin Variation
D.QPG.Zuk.Bg4	prefix	3	4	D02	Queen's Pawn Game: Zukertort Variation
D.Tar.Exd	exact	8	8	D32	Queen's Gambit Declined: Tarrasch Defense
D.Tar.Exd.Nf3	exact	9	9	D32	Tarrasch Defense: Two Knights Variation
D.Tar.Exd.Nf3.Nc6	prefix	9	10	D32	Tarrasch Defense: Two Knights Variation
D.Tar.Cls.Bg5	exact	17	17	D34	Tarrasch Defense: Classical Variation, Carlsbad Variation
D.Tar.Cls.Bg5.Be6	exact	18	18	D34	Tarrasch Defense: Classical Variation, Endgame Variation
D.Tar.Cls.Bg5.c4	exact	18	18	D34	Tarrasch Defense: Classical Variation, Advance Variation
D.Tar.Cls.Bg5.cxd4	prefix	17	18	D34	Tarrasch Defense: Classical Variation, Carlsbad Variation
D.Tar.Cls.Bg5.cxd4.Nxd4	prefix	17	19	D34	Tarrasch Defense: Classical Variation, Carlsbad Variation
D.Tar.Cls.Bg5.cxd4.Nxd4.h6	prefix	17	20	D34	Tarrasch Defense: Classical Variation, Carlsbad Variation
D.QGD.Cls.Nf3.Nbd7	prefix	4	12	D30	Queen's Gambit Declined
D.QGD.Cls.Nf3.Nbd7.Bd3	prefix	4	13	D30	Queen's Gambit Declined
D.QGD.Cls.Nf3.Nbd7.Qc2	prefix	4	13	D30	Queen's Gambit Declined
D.QGD.Cls.Nf3.Nbd7.Rc1	prefix	4	13	D30	Queen's Gambit Declined
D.QGD.Ort.Hne.Bxe7	prefix	8	19	D53	Queen's Gambit Declined
D.QGD.Ort.Hne.Bxe7.Qxe7	prefix	8	20	D53	Queen's Gambit Declined
D.QGD.Ort.Hne.Bxe7.Qxe7.O-O	prefix	8	21	D53	Queen's Gambit Declined
D.QGD.Ort.Hne.Bxe7.Qxe7.Ne4	prefix	8	21	D53	Queen's Gambit Declined
D.Sem.AMe.b6	prefix	8	12	D43	Semi-Slav Defense
D.Sem.AMe.b6.b3	prefix	8	13	D43	Semi-Slav Defense
D.Sem.AMe.b6.b3.Bb7	prefix	8	14	D43	Semi-Slav Defense
D.Sem.AMe.Bd6	prefix	8	12	D43	Semi-Slav Defense
D.Sem.AMe.Bd6.b3	prefix	8	13	D43	Semi-Slav Defense
D.Sem.AMe.Bd6.b3.O-O	prefix	8	14	D43	Semi-Slav Defense
D.Sem.AMe.Bd6.e4	exact	13	13	D45	Semi-Slav Defense: Stoltz Variation, Center Variation
D.Sem.Mer.MLn.c5	prefix	8	18	D43	Semi-Slav Defense
D.Sem.Mer.MLn.c5.e5	prefix	8	19	D43	Semi-Slav Defense
D.Sem.Mer.MLn.c5.d5	exact	19	19	D48	Semi-Slav Defense: Meran Variation, Reynolds' Variation
D.Sem.Mer.MLn.c5.e5.cxd4	prefix	8	20	D43	Semi-Slav Defense
D.Sem.Mer.MLn.b4	exact	18	18	D48	Semi-Slav Defense: Meran Variation, Pirc Variation
E.Gru.Nf3	exact	7	7	D90	Grünfeld Defense: Three Knights Variation
E.Gru.Bg5	exact	7	7	D80	Grünfeld Defense: Stockholm Variation
E.Gru.Bg5.Ne4	prefix	7	8	D80	Grünfeld Defense: Stockholm Variation
E.Gru.Qb3	exact	7	7	D81	Grünfeld Defense: Russian Variation, Accelerated Variation
E.Gru.g4	exact	7	7	D80	Grünfeld Defense: Gibbon Gambit
E.Gru.h4	exact	7	7	D80	Grünfeld Defense: Zaitsev Gambit
E.Gru.cxd5	prefix	6	7	D80	Grünfeld Defense
E.Gru.cxd5.Nxd5	exact	8	8	D85	Grünfeld Defense: Exchange Variation
E.Gru.cxd5.Nxd5.Na4	exact	9	9	D85	Grünfeld Defense: Exchange Variation, Nadanian Attack
E.Gru.Thr.Qa4	exact	9	9	D90	Grünfeld Defense: Flohr Variation
E.Gru.Thr.Bg5	exact	9	9	D91	Grünfeld Defense: Three Knights Variation, Petrosian System
E.Gru.Thr.Bf4	exact	9	9	D92	Grünfeld Defense: Three Knights Variation, Hungarian Attack
E.Gru.Thr.e3	exact	9	9	D94	Grünfeld Defense: Three Knights Variation, Burille Variation
E.Gru.Thr.e3.O-O	prefix	9	10	D94	Grünfeld Defense: Three Knights Variation, Burille Variation
E.Gru.Thr.e3.O-O.Bd3	exact	11	11	D94	Grünfeld Defense: Three Knights Variation, Paris Variation
E.Gru.Thr.e3.O-O.Qb3	exact	11	11	D95	Grünfeld Defense: Three Knights Variation, Vienna Variation
E.Gru.Thr.e3.O-O.b4	exact	11	11	D94	Grünfeld Defense: Makogonov Variation
E.Gru.Exc.SeV.Nf3	exact	13	13	D85	Grünfeld Defense: Exchange Variation, Modern Exchange Variation
E.Gru.Exc.SeV.Bc4	exact	13	13	D86	Grünfeld Defense: Exchange Variation, Classical Variation
E.Gru.Exc.SeV.Bc4.O-O	prefix	13	14	D86	Grünfeld Defense: Exchange Variation, Classical Variation
E.Gru.Exc.SeV.Bc4.c5	prefix	13	14	D86	Grünfeld Defense: Exchange Variation, Classical Variation
E.Gru.Exc.SeV.Bc4.c5.Ne2	prefix	13	15	D86	Grünfeld Defense: Exchange Variation, Classical Variation
E.Gru.Rus.Hng.e4	exact	13	13	D97	Grünfeld Defense: Russian Variation
E.Gru.Rus.Hng.e4.a6	exact	14	14	D97	Grünfeld Defense: Russian Variation, Hungarian Variation
E.Gru.Rus.Hng.e4.b6	exact	14	14	D97	Grünfeld Defense: Russian Variation, Levenfish Variation
E.Gru.Rus.Hng.e4.Bg4	exact	14	14	D98	Grünfeld Defense: Russian Variation, Smyslov Variation
E.KID.e4	exact	7	7	E70	King's Indian Defense: Normal Variation
E.KID.Nf3	prefix	5	7	E61	King's Indian Defense
E.KID.Nf3.d6	prefix	5	8	E61	King's Indian Defense
E.KID.Nf3.d6.Bg5	exact	9	9	E61	King's Indian Defense: Smyslov Variation
E.KID.Nf3.d6.g3	exact	9	9	E62	King's Indian Defense: Fianchetto Variation, Delayed Fianchetto
E.KID.Nf3.Cst	prefix	5	8	E61	King's Indian Defense
E.KID.Nf3.Cst.e3	prefix	5	9	E61	King's Indian Defense
E.KID.Nf3.Cst.e3.d6	prefix	5	10	E61	King's Indian Defense
E.KID.Nf3.Cst.e3.d6.Be2	exact	11	11	E61	King's Indian Defense: Semi-Classical Variation
E.KID.Sml.Cst	exact	10	10	E81	King's Indian Defense: Sämisch Variation, Normal Defense
E.KID.Sml.Cst.Bg5	exact	11	11	E81	King's Indian Defense: Steiner Attack
E.KID.Sml.Cst.Bg5.c5	prefix	11	12	E81	King's Indian Defense: Steiner Attack
E.KID.Sml.Cst.Bg5.c5.d5	exact	13	13	A65	Benoni Defense: King's Pawn Line, with Bg5
E.KID.Sml.Cst.Be3	prefix	10	11	E81	King's Indian Defense: Sämisch Variation, Normal Defense
E.KID.Sml.Cst.Be3.c5	exact	12	12	E81	King's Indian Defense: Sämisch Variation, Sämisch Gambit
E.KID.Sml.Cst.Be3.Nc6	exact	12	12	E83	King's Indian Defense: Sämisch Variation, Yates Defense
E.KID.Sml.Cst.Be3.b6	exact	12	12	E82	King's Indian Defense: Sämisch Variation, Double Fianchetto
E.KID.Sml.Cst.Nge2	exact	11	11	E81	King's Indian Defense: Sämisch Variation, Bobotsov-Korchnoi-Petrosian Variation
E.KID.Sml.Cst.Nge2.c5	prefix	11	12	E81	King's Indian Defense: Sämisch Variation, Bobotsov-Korchnoi-Petrosian Variation
E.KID.Avk.Cst	prefix	9	10	E73	King's Indian Defense: Normal Variation, Standard Development
E.KID.Avk.Cst.Bg5	exact	11	11	E73	King's Indian Defense: Averbakh Variation
E.KID.Avk.Cst.Bg5.h6	exact	12	12	E73	King's Indian Defense: Averbakh Variation, Flexible Defense
E.KID.Avk.Cst.Bg5.Nbd7	exact	12	12	E73	King's Indian Defense: Averbakh Variation, Geller Defense
E.KID.Avk.Cst.Bg5.Na6	exact	12	12	E73	King's Indian Defense: Averbakh Variation, Modern Defense
E.KID.Avk.Cst.Bg5.Nc6	exact	12	12	E73	King's Indian Defense: Averbakh Variation, Nc6 Defense
E.Nim.Cls.O-O	prefix	7	8	E32	Nimzo-Indian Defense: Classical Variation
E.Nim.Cls.O-O.a3	prefix	7	9	E32	Nimzo-Indian Defense: Classical Variation
E.Nim.Cls.O-O.e3	prefix	7	9	E32	Nimzo-Indian Defense: Classical Variation
E.Nim.Cls.O-O.e3.d5	prefix	7	10	E32	Nimzo-Indian Defense: Classical Variation
E.Nim.Cls.O-O.e3.d5.Nf3	prefix	7	11	E32	Nimzo-Indian Defense: Classical Variation
E.Nim.Cls.d5	exact	8	8	E34	Nimzo-Indian Defense: Classical Variation, Noa Variation
E.Nim.Cls.d5.cxd5	prefix	8	9	E34	Nimzo-Indian Defense: Classical Variation, Noa Variation
E.Nim.Cls.d5.cxd5.exd5	exact	10	10	E35	Nimzo-Indian Defense: Classical Variation, Noa Variation
E.Nim.Cls.d5.a3	exact	9	9	E36	Nimzo-Indian Defense: Classical Variation, Noa Variation
E.Nim.Cls.c5	exact	8	8	E38	Nimzo-Indian Defense: Classical Variation, Berlin Variation
E.Nim.Cls.c5.dxc5	prefix	8	9	E38	Nimzo-Indian Defense: Classical Variation, Berlin Variation
E.Nim.Cls.c5.dxc5.Bxc3	exact	10	10	E38	Nimzo-Indian Defense: Classical Variation, Berlin Variation, Steiner Variation
E.Nim.Cls.c5.dxc5.O-O	exact	10	10	E39	Nimzo-Indian Defense: Classical Variation, Berlin Variation, Pirc Variation
E.Nim.Rub.Res.MLn.O-O	prefix	12	13	E53	Nimzo-Indian Defense: Normal Variation, Gligoric System
E.Nim.Rub.Res.MLn.O-O.Nbd7	exact	14	14	E53	Nimzo-Indian Defense: Normal Variation, Gligoric System
E.Nim.Rub.Res.MLn.O-O.b6	exact	14	14	E53	Nimzo-Indian Defense: Normal Variation, Gligoric System, Keres Variation
E.Nim.Rub.Res.MLn.O-O.dxc4	prefix	12	14	E53	Nimzo-Indian Defense: Normal Variation, Gligoric System
E.Ind.Cat.Bb4	prefix	5	6	E00	Catalan Opening
E.Ind.Cat.Bb4.Bd2	prefix	5	7	E00	Catalan Opening
E.Ind.Cat.Bb4.Bd2.Be7	prefix	5	8	E00	Catalan Opening
E.Ind.Cat.Bb4.Bd2.Be7.Bg2	prefix	5	9	E00	Catalan Opening
E.Ind.e6.Nf3.c5	prefix	5	6	E10	Indian Defense: Anti-Nimzo-Indian
E.Ind.e6.Nf3.c5.d5	prefix	5	7	E10	Indian Defense: Anti-Nimzo-Indian
E.Ind.e6.Nf3.c5.d5.exd5	prefix	5	8	E10	Indian Defense: Anti-Nimzo-Indian
E.Ben.d5	prefix	4	5	A56	Benoni Defense
E.Ben.d5.d6	exact	6	6	A56	Benoni Defense: Hromádka System
E.Ben.d5.e6	exact	6	6	A60	Benoni Defense: Modern Variation
E.Ben.d5.e6.Nc3	prefix	6	7	A60	Benoni Defense: Modern Variation
E.Ben.d5.e6.Nc3.exd5	prefix	6	8	A60	Benoni Defense: Modern Variation
E.Ben.d5.e6.Nc3.exd5.cxd5	prefix	6	9	A60	Benoni Defense: Modern Variation
E.Ben.d5.Ne4	exact	6	6	A56	Vulture Defense
E.Ben.dxc5	prefix	4	5	A56	Benoni Defense
E.Ben.dxc5.e6	exact	6	6	A56	Benoni Defense: Weenink Variation
E.Ben.Old.Adv.Nf6	exact	4	4	A43	Benoni Defense: Benoni-Indian Defense
E.Ben.Old.Adv.Nf6.Nf3	exact	5	5	A43	Benoni Defense: Benoni-Indian Defense, Kingside Move Order
E.Ben.Old.Adv.Nf6.Nc3	prefix	4	5	A43	Benoni Defense: Benoni-Indian Defense
E.Ben.Old.Adv.f5	exact	4	4	A43	Benoni Defense: Old Benoni, Mujannah Formation
E.Ben.Old.Adv.f5.e4	exact	5	5	A43	Benoni Defense: Benoni-Staunton Gambit
E.Ben.Old.Adv.e5	exact	4	4	A44	Benoni Defense: Old Benoni
E.Ben.Old.Adv.e5.e4	prefix	4	5	A44	Benoni Defense: Old Benoni
E.Ben.Bnk.e4	exact	7	7	A57	Benko Gambit Declined: Hjørring Countergambit
E.Ben.Bnk.Nf3	exact	7	7	A57	Benko Gambit Declined: Main Line
E.Ben.Bnk.f3	exact	7	7	A57	Benko Gambit Declined: Pseudo-Sämisch
E.Ben.Bnk.Nd2	exact	7	7	A57	Benko Gambit Declined: Quiet Line
E.Ben.Bnk.a4	exact	7	7	A57	Benko Gambit Declined: Sosonko Variation
E.Ben.Bnk.g4	exact	7	7	A57	Benko Gambit: Mutkin Countergambit
E.Ben.Bnk.Acc.f3	exact	9	9	A57	Benko Gambit Accepted: Dlugy Variation
E.Ben.Bnk.Acc.e3	exact	9	9	A57	Benko Gambit Accepted: Modern Variation
E.Ben.Bnk.Acc.b6	exact	9	9	A57	Benko Gambit Accepted: Pawn Return Variation
E.Ben.Bnk.Acc.Nc3	exact	9	9	A57	Benko Gambit: Zaitsev System
E.Ben.Bnk.Acc.Nc3.axb5	prefix	9	10	A57	Benko Gambit: Zaitsev System
A.Eng.Rev.Nf3	exact	3	3	A20	English Opening: King's English Variation, Nimzowitsch Variation
A.Eng.Rev.Nf3.e4	exact	4	4	A20	English Opening: King's English Variation, Nimzowitsch-Flohr Variation
A.Eng.Rev.e3	prefix	2	3	A20	English Opening: King's English Variation
A.Eng.Rev.e3.Nf6	prefix	2	4	A20	English Opening: King's English Variation
A.Eng.Rev.e3.Nf6.f4	prefix	2	5	A20	English Opening: King's English Variation
A.Eng.Rev.g3	prefix	2	3	A20	English Opening: King's English Variation
A.Eng.Rev.g3.Nf6	prefix	2	4	A20	English Opening: King's English Variation
A.Eng.Rev.g3.Nf6.Bg2	prefix	2	5	A20	English Opening: King's English Variation
A.Eng.Rev.g3.Nf6.Bg2.d5	prefix	2	6	A20	English Opening: King's English Variation
A.Eng.Rev.Nc3	exact	3	3	A21	English Opening: King's English Variation, Reversed Sicilian
A.Eng.Rev.Nc3.d6	prefix	3	4	A21	English Opening: King's English Variation, Reversed Sicilian
A.Eng.Rev.Nc3.d6.Nf3	exact	5	5	A21	English Opening: King's English Variation
A.Eng.Rev.Nc3.Bb4	exact	4	4	A21	English Opening: King's English Variation, Kramnik-Shirov Counterattack
A.Eng.Rev.Nc3.Nf6	exact	4	4	A22	English Opening: King's English Variation, Two Knights Variation
A.Eng.Rev.Nc3.Nf6.Nf3	prefix	4	5	A22	English Opening: King's English Variation, Two Knights Variation
A.Eng.Rev.Nc3.Nf6.Nf3.e4	prefix	4	6	A22	English Opening: King's English Variation, Two Knights Variation
A.Eng.Rev.Nc3.Nf6.g3	exact	5	5	A22	English Opening: Carls-Bremen System
A.Eng.Rev.Nc3.Nc6	exact	4	4	A25	English Opening: King's English Variation, Reversed Closed Sicilian
A.Eng.Rev.Nc3.Nc6.g3	prefix	4	5	A25	English Opening: King's English Variation, Reversed Closed Sicilian
A.Eng.Rev.Nc3.Nc6.Nf3	exact	5	5	A27	English Opening: King's English Variation, Three Knights System
A.Eng.Rev.Fou.e4	exact	7	7	A28	English Opening: Four Knights System, Nimzowitsch Variation
A.Eng.Rev.Fou.d3	exact	7	7	A28	English Opening: King's English Variation, Four Knights Variation, Flexible Line
A.Eng.Rev.Fou.a3	exact	7	7	A28	English Opening: King's English Variation, Four Knights Variation, Korchnoi Line
A.Eng.Rev.Fou.e3	exact	7	7	A28	English Opening: King's English Variation, Four Knights Variation, Quiet Line
A.Eng.Rev.Fou.e3.Bb4	prefix	7	8	A28	English Opening: King's English Variation, Four Knights Variation, Quiet Line
A.Eng.Rev.Fou.g3	exact	7	7	A29	English Opening: King's English Variation, Four Knights Variation, Fianchetto Line
A.Eng.Rev.Fou.g3.Bc5	prefix	7	8	A29	English Opening: King's English Variation, Four Knights Variation, Fianchetto Line
A.Eng.Rev.Fou.g3.Bc5.d3	prefix	7	9	A29	English Opening: King's English Variation, Four Knights Variation, Fianchetto Line
A.Eng.Sym.Nf3	exact	3	3	A30	English Opening: Symmetrical Variation
A.Eng.Sym.Nf3.Nf6	prefix	3	4	A30	English Opening: Symmetrical Variation
A.Eng.Sym.Nf3.Nf6.b4	exact	5	5	A30	English Opening: Symmetrical Variation, Napolitano Gambit
A.Eng.Sym.Nf3.Nf6.Nc3	prefix	3	5	A30	English Opening: Symmetrical Variation
A.Eng.Sym.Nf3.Nf6.Nc3.Nc6	prefix	3	6	A30	English Opening: Symmetrical Variation
A.Eng.Sym.b4	exact	3	3	A30	English Opening: Wing Gambit
A.Eng.Sym.Nc3	exact	3	3	A34	English Opening: Symmetrical Variation, Normal Variation
A.Eng.Sym.Nc3.Nf6	prefix	3	4	A34	English Opening: Symmetrical Variation, Normal Variation
A.Eng.Sym.Nc3.Nf6.Nf3	exact	5	5	A34	English Opening: Symmetrical Variation, Three Knights Variation
A.Eng.Sym.Nc3.Nf6.Nf3.e5	exact	6	6	A35	English Opening: Symmetrical Variation
A.Eng.Sym.Nc3.Nc6	exact	4	4	A35	English Opening: Symmetrical Variation, Two Knights Variation
A.Eng.Sym.Nc3.Nc6.g3	exact	5	5	A36	English Opening: Symmetrical Variation, Two Knights, Fianchetto Variation
A.Eng.Sym.Nc3.Nc6.g3.g6	prefix	5	6	A36	English Opening: Symmetrical Variation, Two Knights, Fianchetto Variation
A.Hol.h3	exact	3	3	A80	Dutch Defense: Korchnoi Attack
A.Hol.h3.Nf6	prefix	3	4	A80	Dutch Defense: Korchnoi Attack
A.Hol.h3.Nf6.g4	exact	5	5	A80	Dutch Defense: Janzen-Korchnoi Gambit
A.Hol.Nf3	prefix	2	3	A80	Dutch Defense
A.Hol.Nf3.e5	exact	4	4	A80	Dutch Defense: Omega-Isis Gambit
A.Hol.Bf4	prefix	2	3	A80	Dutch Defense
A.Hol.Bf4.e6	prefix	2	4	A80	Dutch Defense
A.Hol.Bf4.e6.g4	exact	5	5	A80	Dutch Defense: Senechaud Gambit
A.Hol.c4	exact	3	3	A84	Dutch Defense
A.Hol.c4.Nf6	exact	4	4	A84	Dutch Defense: Normal Variation
A.Hol.c4.Nf6.Nc3	exact	5	5	A85	Dutch Defense: Queen's Knight Variation
A.Hol.c4.Nf6.g3	exact	5	5	A86	Dutch Defense: Fianchetto Variation
A.Hol.c4.Nf6.g3.g6	exact	6	6	A86	Dutch Defense: Leningrad Variation
A.Hol.c4.Nf6.g3.g6.Bg2	prefix	6	7	A86	Dutch Defense: Leningrad Variation
A.Hol.c4.Nf6.g3.e6	prefix	5	6	A86	Dutch Defense: Fianchetto Variation
A.Hol.c4.Nf6.g3.e6.Bg2	exact	7	7	A90	Dutch Defense: Classical Variation
A.Hol.c4.e6	exact	4	4	A84	Dutch Defense: Classical Variation
A.Hol.c4.e6.e4	exact	5	5	A84	Dutch Defense: Bellon Gambit
A.Hol.c4.g6	prefix	3	4	A84	Dutch Defense
A.Hol.Sta.fxe4	exact	4	4	A82	Dutch Defense: Staunton Gambit Accepted
A.Hol.Sta.fxe4.Nc3	prefix	4	5	A82	Dutch Defense: Staunton Gambit Accepted
A.Hol.Sta.fxe4.Nc3.Nf6	prefix	4	6	A82	Dutch Defense: Staunton Gambit Accepted
A.Hol.Sta.fxe4.Nd2	exact	5	5	A82	Dutch Defense: Staunton Gambit, American Attack
A.Pol.e5	prefix	1	2	A00	Polish Opening
A.Pol.e5.a3	exact	3	3	A00	Polish Opening: Bugayev Attack
A.Pol.e5.Bb2	prefix	1	3	A00	Polish Opening
A.Pol.e5.Bb2.f6	prefix	1	4	A00	Polish Opening
A.Pol.e5.Bb2.c5	exact	4	4	A00	Polish Opening: Wolferts Gambit
A.Pol.Nf6	prefix	1	2	A00	Polish Opening
A.Pol.Nf6.Bb2	prefix	1	3	A00	Polish Opening
A.Pol.Nf6.Bb2.g6	exact	4	4	A00	Polish Opening: King's Indian Variation
A.Pol.Nf6.Bb2.g6.e4	exact	5	5	A00	Polish Opening: King's Indian Variation, Schiffler Attack
A.Pol.e6	prefix	1	2	A00	Polish Opening
A.Pol.e6.Bb2	prefix	1	3	A00	Polish Opening
A.Pol.e6.Bb2.Nf6	prefix	1	4	A00	Polish Opening
A.Pol.e6.Bb2.Nf6.b5	prefix	1	5	A00	Polish Opening
A.Pol.Nc6	exact	2	2	A00	Polish Opening: Grigorian Variation
A.Pol.Nh6	exact	2	2	A00	Polish Opening: Karniewski Variation
A.Pol.c6	exact	2	2	A00	Polish Opening: Outflank Variation
A.Pol.b5	exact	2	2	A00	Polish Opening: Symmetrical Variation
A.Van.d5	prefix	1	2	A00	Van Geet Opening
A.Van.d5.f4	prefix	1	3	A00	Van Geet Opening
A.Van.d5.f4.d4	prefix	1	4	A00	Van Geet Opening
A.Van.d5.f4.e5	exact	4	4	A00	Van Geet Opening: Damhaug Gambit
A.Van.c5	prefix	1	2	A00	Van Geet Opening
A.Van.c5.b4	exact	3	3	A00	Van Geet Opening: Düsseldorf Gambit
A.Van.c5.Nf3	prefix	1	3	A00	Van Geet Opening
A.Van.c5.Nf3.Nc6	prefix	1	4	A00	Van Geet Opening
A.Van.d6	prefix	1	2	A00	Van Geet Opening
A.Van.d6.f4	prefix	1	3	A00	Van Geet Opening
A.Van.f5	prefix	1	2	A00	Van Geet Opening
A.Van.f5.e4	prefix	1	3	A00	Van Geet Opening
A.Van.g6	prefix	1	2	A00	Van Geet Opening
A.Van.g6.h4	exact	3	3	A00	Van Geet Opening: Myers Attack
A.Van.b5	exact	2	2	A00	Van Geet Opening: Laroche Gambit
A.Hng.d5	prefix	1	2	A00	Hungarian Opening
A.Hng.d5.Bg2	prefix	1	3	A00	Hungarian Opening
A.Hng.d5.Bg2.e5	prefix	1	4	A00	Hungarian Opening
A.Hng.d5.Bg2.e5.b4	exact	5	5	A00	Hungarian Opening: Bücker Gambit
A.Hng.Nf6	exact	2	2	A00	Hungarian Opening: Indian Defense
A.Hng.e5	prefix	1	2	A00	Hungarian Opening
A.Hng.e5.a3	prefix	1	3	A00	Hungarian Opening
A.Hng.e5.a3.d5	prefix	1	4	A00	Hungarian Opening
A.Hng.f5	exact	2	2	A00	Hungarian Opening: Dutch Defense
A.Hng.f5.e4	prefix	2	3	A00	Hungarian Opening: Dutch Defense
A.Hng.h5	exact	2	2	A00	Lasker Simul Special
A.Hng.h5.Nf3	prefix	2	3	A00	Lasker Simul Special
A.Hng.g5	exact	2	2	A00	Hungarian Opening: Myers Defense
A.Hng.Nc6	prefix	1	2	A00	Hungarian Opening
A.Hng.Nc6.Nc3	prefix	1	3	A00	Hungarian Opening
A.Hng.Nc6.Nc3.d5	prefix	1	4	A00	Hungarian Opening
A.Lar.d5	exact	2	2	A01	Nimzo-Larsen Attack: Classical Variation
A.Lar.d5.Ba3	exact	3	3	A01	Nimzo-Larsen Attack: Graz Attack
A.Lar.e5	exact	2	2	A01	Nimzo-Larsen Attack: Modern Variation
A.Lar.c5	exact	2	2	A01	Nimzo-Larsen Attack: English Variation
A.Lar.Nf6	exact	2	2	A01	Nimzo-Larsen Attack: Indian Variation
A.Lar.Nf6.Bb2	prefix	2	3	A01	Nimzo-Larsen Attack: Indian Variation
A.Lar.Nf6.Bb2.g6	prefix	2	4	A01	Nimzo-Larsen Attack: Indian Variation
A.Lar.f5	exact	2	2	A01	Nimzo-Larsen Attack: Dutch Variation
A.Lar.f5.Bb2	prefix	2	3	A01	Nimzo-Larsen Attack: Dutch Variation
A.Lar.b5	exact	2	2	A01	Nimzo-Larsen Attack: Polish Variation
A.Lar.b6	exact	2	2	A01	Nimzo-Larsen Attack: Symmetrical Variation
A.Egl.Nf3	exact	3	3	A40	Englund Gambit Declined: Reversed Alekhine
A.Egl.Nf3.e4	exact	4	4	A40	Englund Gambit Declined: Reversed Krebs
A.Egl.Nf3.e4.Ng1	exact	5	5	A40	Englund Gambit Declined: Reversed Brooklyn
A.Egl.Nf3.e4.Ne5	exact	5	5	A40	Englund Gambit Declined: Reversed Mokele Mbembe
A.Egl.e3	exact	3	3	A40	Englund Gambit Declined: Reversed French
A.Egl.dxe5	prefix	2	3	A40	Englund Gambit
A.Egl.dxe5.Nc6	prefix	2	4	A40	Englund Gambit
A.Egl.dxe5.Nc6.Nf3	prefix	2	5	A40	Englund Gambit
A.Egl.dxe5.Qh4	exact	4	4	A40	Englund Gambit: Mosquito Gambit
A.Egl.dxe5.f6	exact	4	4	A40	Englund Gambit: Soller Gambit
A.QPO.Nf6.Nf3.Ne4	exact	4	4	A46	Döry Defense
A.QPO.Nf6.Nf3.c6	exact	4	4	A46	Indian Defense: Czech-Indian
A.QPO.Nf6.Nf3.a6	exact	4	4	A46	Indian Defense: Knights Variation, Alburt-Miles Variation
A.QPO.Nf6.Nf3.b5	exact	4	4	A46	Indian Defense: Polish Variation
A.QPO.Nf6.Nf3.c5	exact	4	4	A46	Indian Defense: Spielmann-Indian
A.QPO.Nf6.Nf3.d6	exact	4	4	A46	Indian Defense: Wade-Tartakower Defense
A.QPO.Nf6.Nf3.e6	prefix	3	4	A46	Indian Defense: Knights Variation
A.QPO.Nf6.Nf3.e6.Bf4	exact	5	5	A46	Indian Defense: London System
A.QPO.Nf6.Nf3.e6.e3	exact	5	5	A46	Yusupov-Rubinstein System
A.QPO.Nf6.Nf3.e6.e3.b6	prefix	5	6	A46	Yusupov-Rubinstein System
A.EID.Bf4	exact	5	5	A48	London System
A.EID.Bf4.Bg7	prefix	5	6	A48	London System
A.EID.Bf4.Bg7.e3	exact	7	7	A48	London System
A.EID.Bf4.Bg7.e3.d6	exact	8	8	A48	London System
A.EID.Bg5	exact	5	5	A48	Torre Attack: Fianchetto Defense
A.EID.Bg5.Bg7	prefix	5	6	A48	Torre Attack: Fianchetto Defense
A.EID.Bg5.Bg7.Nbd2	prefix	5	7	A48	Torre Attack: Fianchetto Defense
A.EID.Bg5.Bg7.Nbd2.d5	prefix	5	8	A48	Torre Attack: Fianchetto Defense
A.EID.Nc3	prefix	4	5	A48	East Indian Defense
A.EID.Nc3.d5	prefix	4	6	A48	East Indian Defense
A.EID.Nc3.d5.Bf4	exact	7	7	A48	Queen's Pawn Game: Barry Attack
A.EID.Nc3.d5.Bf4.Bg7	exact	8	8	A48	Queen's Pawn Game: Barry Attack
A.EID.Nc3.d5.Bf4.Bg7.e3	prefix	8	9	A48	Queen's Pawn Game: Barry Attack
C.RyL.Mor.Ba4	prefix	6	7	C70	Ruy Lopez: Morphy Defense
C.RyL.Mor.Ba4.Nf6	prefix	6	8	C70	Ruy Lopez: Morphy Defense
C.RyL.Mor.Ba4.Nf6.O-O	exact	9	9	C78	Ruy Lopez: Morphy Defense
C.RyL.Mor.Ba4.Nf6.O-O.Be7	exact	10	10	C84	Ruy Lopez: Closed
C.RyL.Mor.Ba4.d6	exact	8	8	C71	Ruy Lopez: Morphy Defense, Modern Steinitz Defense
C.RyL.Mor.Ba4.b5	exact	8	8	C70	Ruy Lopez: Morphy Defense, Caro Variation
C.RyL.Mor.Ba4.b5.Bb3	prefix	8	9	C70	Ruy Lopez: Morphy Defense, Caro Variation
C.RyL.Ber.O-O	exact	7	7	C65	Ruy Lopez: Berlin Defense
C.RyL.Ber.O-O.Nxe4	exact	8	8	C67	Ruy Lopez: Berlin Defense, Rio Gambit Accepted
C.RyL.Ber.O-O.Nxe4.d4	prefix	8	9	C67	Ruy Lopez: Berlin Defense, Rio Gambit Accepted
C.RyL.Ber.O-O.Nxe4.d4.Nd6	exact	10	10	C67	Ruy Lopez: Berlin Defense, l'Hermet Variation
C.RyL.Mor.Opn.d4	exact	11	11	C80	Ruy Lopez: Open
C.RyL.Mor.Opn.d4.b5	prefix	11	12	C80	Ruy Lopez: Open
C.RyL.Mor.Opn.d4.b5.Bb3	exact	13	13	C80	Ruy Lopez: Open
C.RyL.Mor.Opn.MLn	prefix	13	14	C80	Ruy Lopez: Open
C.RyL.Mor.Opn.MLn.dxe5	exact	15	15	C80	Ruy Lopez: Open
C.RyL.Mor.Opn.MLn.dxe5.Be6	exact	16	16	C80	Ruy Lopez: Open, Main Line
C.Ita.Giu.O-O	prefix	6	7	C50	Italian Game: Giuoco Piano
C.Ita.Giu.O-O.Nf6	prefix	6	8	C50	Italian Game: Giuoco Piano
C.Ita.Giu.O-O.Nf6.c3	exact	9	9	C50	Italian Game: Classical Variation, Albin Gambit
C.Ita.Giu.O-O.Nf6.d4	exact	9	9	C50	Italian Game: Deutz Gambit
C.Ita.Giu.O-O.Nf6.d3	prefix	6	9	C50	Italian Game: Giuoco Piano
C.Ita.Giu.c3	exact	7	7	C53	Italian Game: Classical Variation
C.Ita.Giu.c3.Nf6	exact	8	8	C54	Italian Game: Classical Variation
C.Ita.Giu.c3.Nf6.d4	exact	9	9	C54	Italian Game: Classical Variation, Center Attack
C.Ita.Giu.c3.Nf6.d4.exd4	prefix	9	10	C54	Italian Game: Classical Variation, Center Attack
C.Ita.Giu.c3.Nf6.d3	exact	9	9	C54	Italian Game: Classical Variation, Giuoco Pianissimo
C.Ita.Giu.c3.Nf6.d3.d6	exact	10	10	C54	Italian Game: Classical Variation, Giuoco Pianissimo
C.Ita.Giu.c3.Nf6.d3.d5	exact	10	10	C54	Italian Game: Classical Variation, with d5
C.Ita.Giu.c3.Qe7	exact	8	8	C53	Italian Game: Classical Variation, Closed Variation
C.Ita.Giu.c3.Qe7.d4	prefix	8	9	C53	Italian Game: Classical Variation, Closed Variation
C.Ita.Giu.c3.d6	prefix	7	8	C53	Italian Game: Classical Variation
C.Ita.Giu.c3.d6.d4	prefix	7	9	C53	Italian Game: Classical Variation
C.Ita.Giu.Bxf7	exact	7	7	C50	Italian Game: Jerome Gambit
C.Ita.Evn.Acc.c3	prefix	8	9	C51	Italian Game: Evans Gambit Accepted
C.Ita.Evn.Acc.c3.Bc5	exact	10	10	C51	Italian Game: Evans Gambit, McDonnell Defense
C.Ita.Evn.Acc.c3.Bc5.d4	prefix	10	11	C51	Italian Game: Evans Gambit, McDonnell Defense
C.Ita.Evn.Acc.c3.Be7	exact	10	10	C51	Italian Game: Evans Gambit, Anderssen Variation
C.Ita.Evn.Acc.c3.Bf8	exact	10	10	C51	Italian Game: Evans Gambit, Mayet Defense
C.Ita.Evn.Acc.c3.Bd6	exact	10	10	C51	Italian Game: Evans Gambit, Stone-Ware Variation
C.Ita.Evn.Dec.a4	exact	9	9	C51	Italian Game: Evans Gambit Declined
C.Ita.Evn.Dec.Bb2	exact	9	9	C51	Italian Game: Evans Gambit Declined, Cordel Variation
C.Ita.Evn.Dec.b5	prefix	8	9	C51	Italian Game: Evans Gambit Declined
C.Ita.Evn.Dec.b5.Na5	prefix	8	10	C51	Italian Game: Evans Gambit Declined
C.Ita.Evn.Dec.b5.Na5.Nxe5	prefix	8	11	C51	Italian Game: Evans Gambit Declined
C.Ita.Two.Nc3	exact	7	7	C47	Four Knights Game: Italian Variation
C.Ita.Two.Nc3.Nxe4	prefix	7	8	C47	Four Knights Game: Italian Variation
C.Ita.Two.O-O	prefix	6	7	C55	Italian Game: Two Knights Defense
C.Ita.Two.O-O.Bc5	prefix	6	8	C55	Italian Game: Two Knights Defense
C.Ita.Two.O-O.Bc5.d4	prefix	6	9	C55	Italian Game: Two Knights Defense
C.Ita.Two.O-O.Bc5.d4.Bxd4	prefix	6	10	C55	Italian Game: Two Knights Defense
C.Cen.d5	exact	4	4	C20	King's Pawn Game: Beyer Gambit
C.Cen.d6	prefix	3	4	C20	Center Game
C.Cen.d6.dxe5	prefix	3	5	C20	Center Game
C.Cen.d6.dxe5.Bd7	exact	6	6	C20	King's Pawn Game: Philidor Gambit
C.Cen.exd4	exact	4	4	C21	Center Game Accepted
C.Cen.exd4.Qxd4	exact	5	5	C21	Center Game
C.Cen.exd4.Qxd4.Nc6	exact	6	6	C22	Center Game: Normal Variation
C.Cen.exd4.Qxd4.Nc6.Qc4	exact	7	7	C22	Center Game: Hall Variation
C.Cen.exd4.Nf3	exact	5	5	C21	Center Game: Kieseritzky Variation
C.Cen.exd4.Nf3.c5	exact	6	6	C21	Center Game: Kieseritzky Variation
C.Cen.exd4.Nf3.Bc5	prefix	5	6	C21	Center Game: Kieseritzky Variation
C.Cen.exd4.f4	exact	5	5	C21	Center Game: Halasz-McDonnell Gambit
C.Cen.exd4.Bc4	exact	5	5	C21	Center Game: von der Lasa Gambit
C.Cen.exd4.Bd3	exact	5	5	C21	Center Game: Ross Gambit
C.KGm.Acc.Bsh.g5	exact	6	6	C33	King's Gambit Accepted: Bishop's Gambit, Anderssen Defense
C.KGm.Acc.Bsh.d5	exact	6	6	C33	King's Gambit Accepted: Bishop's Gambit, Bledow Variation
C.KGm.Acc.Bsh.d5.Bxd5	prefix	6	7	C33	King's Gambit Accepted: Bishop's Gambit, Bledow Variation
C.KGm.Acc.Bsh.d5.Bxd5.c6	exact	8	8	C33	King's Gambit Accepted: Bishop's Gambit, Anderssen Variation
C.KGm.Acc.Bsh.d5.Bxd5.Nf6	exact	8	8	C33	King's Gambit Accepted: Bishop's Gambit, Bledow Countergambit
C.KGm.Acc.Bsh.Qh4	prefix	5	6	C33	King's Gambit Accepted: Bishop's Gambit
C.KGm.Acc.Bsh.Qh4.Kf1	prefix	5	7	C33	King's Gambit Accepted: Bishop's Gambit
C.KGm.Acc.Bsh.Qh4.Kf1.Nc6	exact	8	8	C33	King's Gambit Accepted: Bishop's Gambit, Boden Variation
C.KGm.Acc.Bsh.Qh4.Kf1.Nf6	exact	8	8	C33	King's Gambit Accepted: Bishop's Gambit, First Jaenisch Variation
C.KGm.Acc.Bsh.Qh4.Kf1.Bc5	exact	8	8	C33	King's Gambit Accepted: Bishop's Gambit, Greco Variation
C.KGm.Acc.Bsh.Qh4.Kf1.d6	exact	8	8	C33	King's Gambit Accepted: Bishop's Gambit, Cozio Variation
C.KGm.Acc.Bsh.Qh4.Kf1.b5	exact	8	8	C33	King's Gambit Accepted: Bishop's Gambit, Bryan Countergambit
C.KGm.Acc.Bsh.Qh4.Kf1.Ne7	prefix	5	8	C33	King's Gambit Accepted: Bishop's Gambit
C.KGm.Acc.Bsh.Nf6	exact	6	6	C33	King's Gambit Accepted: Bishop's Gambit, Cozio Defense
C.KGm.Acc.Bsh.f5	exact	6	6	C33	King's Gambit Accepted: Bishop's Gambit, Gianutio Gambit
C.KGm.Acc.Bsh.b5	exact	6	6	C33	King's Gambit Accepted: Bishop's Gambit, Kieseritzky Gambit
C.KGm.Acc.Bsh.c6	exact	6	6	C33	King's Gambit Accepted: Bishop's Gambit, Lopez Defense
C.KGm.Acc.Bsh.Nc6	exact	6	6	C33	King's Gambit Accepted: Bishop's Gambit, Maurian Defense
C.KGm.Acc.Bsh.Ne7	exact	6	6	C33	King's Gambit Accepted: Bishop's Gambit, Steinitz Defense
C.KGm.Acc.Kie.d5	exact	10	10	C39	King's Gambit Accepted: Kieseritzky Gambit, Brentano Defense
C.KGm.Acc.Kie.d5.d4	prefix	10	11	C39	King's Gambit Accepted: Kieseritzky Gambit, Brentano Defense
C.KGm.Acc.Kie.d5.d4.Nf6	prefix	10	12	C39	King's Gambit Accepted: Kieseritzky Gambit, Brentano Defense
C.KGm.Acc.Kie.h5	exact	10	10	C39	King's Gambit Accepted: Kieseritzky Gambit, Long Whip
C.KGm.Acc.Kie.Nc6	exact	10	10	C39	King's Gambit Accepted: Kieseritzky Gambit, Neumann Defense
C.KGm.Acc.Kie.Bg7	exact	10	10	C39	King's Gambit Accepted: Kieseritzky Gambit, Paulsen Defense
C.KGm.Acc.Kie.Qe7	exact	10	10	C39	King's Gambit Accepted: Kieseritzky Gambit, Rosenthal Defense
C.KGm.Acc.Kie.Be7	exact	10	10	C39	King's Gambit Accepted: Kieseritzky, Polerio Defense
C.Pet.Cls.Bd3	prefix	9	11	C42	Petrov's Defense: Classical Attack
C.Pet.Cls.Bd3.Nc6	exact	12	12	C42	Petrov's Defense: Classical Attack, Mason-Showalter Variation
C.Pet.Cls.Bd3.Nc6.O-O	prefix	12	13	C42	Petrov's Defense: Classical Attack, Mason-Showalter Variation
C.Pet.Cls.Bd3.Nc6.O-O.Be7	prefix	12	14	C42	Petrov's Defense: Classical Attack, Mason-Showalter Variation
C.Pet.Cls.Bd3.Bd6	exact	12	12	C42	Petrov's Defense: Classical Attack, Marshall Variation
C.Pet.Cls.Bd3.Bd6.O-O	prefix	12	13	C42	Petrov's Defense: Classical Attack, Marshall Variation
C.Pet.Cls.Bd3.Bd6.O-O.O-O	prefix	12	14	C42	Petrov's Defense: Classical Attack, Marshall Variation
C.KPO.Kgt.MLn.Nxe5	exact	5	5	C44	Irish Gambit
C.KPO.Kgt.MLn.Nxe5.Nxe5	prefix	5	6	C44	Irish Gambit
C.KPO.Kgt.MLn.g3	exact	5	5	C44	King's Knight Opening: Konstantinopolsky
C.KPO.Kgt.MLn.c4	exact	5	5	C44	King's Pawn Game: Dresden Opening
C.KPO.Kgt.MLn.c4.Nf6	prefix	5	6	C44	King's Pawn Game: Dresden Opening
C.KPO.Kgt.MLn.b4	exact	5	5	C44	King's Pawn Game: Pachman Wing Gambit
C.KPO.Kgt.MLn.Be2	exact	5	5	C44	King's Pawn Game: Tayler Opening
C.KPO.Kgt.MLn.Be2.Nf6	prefix	5	6	C44	King's Pawn Game: Tayler Opening
C.KPO.Kgt.MLn.Be2.Nf6.d4	exact	7	7	C44	King's Pawn Game: Tayler Opening
C.KPO.Kgt.MLn.d3	prefix	4	5	C44	King's Knight Opening: Normal Variation
C.KPO.Kgt.MLn.d3.f5	prefix	4	6	C44	King's Knight Opening: Normal Variation
B.Nim.ScD.Be3	exact	5	5	B00	Nimzowitsch Defense: Hornung Gambit
B.Nim.ScD.e5	exact	5	5	B00	Nimzowitsch Defense: Scandinavian Variation, Advance Variation
B.Nim.ScD.exd5	prefix	4	5	B00	Nimzowitsch Defense: Scandinavian Variation
B.Nim.ScD.exd5.Qxd5	exact	6	6	B00	Nimzowitsch Defense: Scandinavian Variation, Exchange Variation
B.Nim.ScD.exd5.Qxd5.Nc3	exact	7	7	B00	Nimzowitsch Defense: Scandinavian Variation, Exchange Variation, Marshall Gambit
B.Nim.ScD.exd5.Nb4	exact	6	6	B00	Nimzowitsch Defense: Scandinavian Variation, Aachen Gambit
B.Nim.ScD.Nc3	exact	5	5	B00	Nimzowitsch Defense: Scandinavian Variation, Bogoljubow Variation
B.Nim.ScD.Nc3.dxe4	exact	6	6	B00	Nimzowitsch Defense: Scandinavian Variation, Bogoljubow Variation
B.Nim.ScD.Nc3.dxe4.d5	exact	7	7	B00	Van Geet Opening: Berlin Gambit
B.Nim.ScD.Nc3.Nf6	exact	6	6	B00	Nimzowitsch Defense: Scandinavian Variation, Bogoljubow Variation, Vehre Variation
B.Nim.ScD.Nc3.e5	exact	6	6	B00	Nimzowitsch Defense: Scandinavian Variation, Bogoljubow Variation, Heinola-Deppe Gambit
B.Nim.Ken.d5	exact	5	5	B00	Nimzowitsch Defense: Kennedy Variation, Linksspringer Variation
B.Nim.Ken.d5.Nce7	prefix	5	6	B00	Nimzowitsch Defense: Kennedy Variation, Linksspringer Variation
B.Nim.Ken.dxe5	prefix	4	5	B00	Nimzowitsch Defense: Kennedy Variation
B.Nim.Ken.dxe5.Bc5	exact	6	6	B00	Nimzowitsch Defense: Kennedy Variation, Bielefelder Gambit
B.Nim.Ken.dxe5.f6	exact	6	6	B00	Nimzowitsch Defense: Kennedy Variation, Hammer Gambit
B.Nim.Ken.dxe5.Qh4	exact	6	6	B00	Nimzowitsch Defense: Kennedy Variation, Herford Gambit
B.Nim.Ken.dxe5.d6	exact	6	6	B00	Nimzowitsch Defense: Kennedy Variation, de Smet Gambit
B.Nim.Ken.dxe5.Nxe5	prefix	4	6	B00	Nimzowitsch Defense: Kennedy Variation
B.Nim.Ken.dxe5.Nxe5.Nc3	exact	7	7	B00	Nimzowitsch Defense: Kennedy Variation, Keres Attack
B.Nim.Ken.dxe5.Nxe5.Nf3	exact	7	7	B00	Nimzowitsch Defense: Kennedy Variation, Paulsen Attack
B.Nim.Ken.dxe5.Nxe5.f4	prefix	4	7	B00	Nimzowitsch Defense: Kennedy Variation
B.Nim.Ken.dxe5.Nxe5.f4.Ng6	exact	8	8	B00	Nimzowitsch Defense: Kennedy Variation, Main Line
B.Nim.Ken.dxe5.Nxe5.f4.Nc6	exact	8	8	B00	Nimzowitsch Defense: Kennedy Variation, Riemann Defense
B.Fre.Adv.c5	exact	6	6	C02	French Defense: Advance Variation
B.Fre.Adv.c5.c3	exact	7	7	C02	French Defense: Advance Variation
B.Fre.Adv.c5.c3.Nc6	exact	8	8	C02	French Defense: Advance Variation
B.Fre.Adv.c5.c3.Nc6.Nf3	exact	9	9	C02	French Defense: Advance Variation, Paulsen Attack
B.Fre.Adv.c5.c3.Qb6	prefix	7	8	C02	French Defense: Advance Variation
B.Fre.Adv.c5.Nf3	exact	7	7	C02	French Defense: Advance Variation, Nimzowitsch System
B.Fre.Adv.c5.Nf3.cxd4	prefix	7	8	C02	French Defense: Advance Variation, Nimzowitsch System
B.Fre.Adv.c5.b4	exact	7	7	C02	French Defense: Advance Variation, Frenkel Gambit
B.Fre.Adv.c5.dxc5	exact	7	7	C02	French Defense: Advance Variation, Steinitz Variation
B.Fre.Adv.Bd7	exact	6	6	C02	French Defense: Advance Variation, Extended Bishop Swap
B.CaK.Adv.Bf5	prefix	5	6	B12	Caro-Kann Defense: Advance Variation
B.CaK.Adv.Bf5.Nf3	exact	7	7	B12	Caro-Kann Defense: Advance Variation, Short Variation
B.CaK.Adv.Bf5.Nf3.e6	prefix	7	8	B12	Caro-Kann Defense: Advance Variation, Short Variation
B.CaK.Adv.Bf5.Nc3	exact	7	7	B12	Caro-Kann Defense: Advance Variation, Van der Wiel Attack
B.CaK.Adv.Bf5.Nc3.Qb6	exact	8	8	B12	Caro-Kann Defense: Advance Variation, Van der Wiel Attack, Dreyev Defense
B.CaK.Adv.Bf5.Nc3.e6	prefix	7	8	B12	Caro-Kann Defense: Advance Variation, Van der Wiel Attack
B.CaK.Adv.Bf5.Ne2	exact	7	7	B12	Caro-Kann Defense: Advance Variation, Bronstein Variation
B.CaK.Adv.Bf5.b4	exact	7	7	B12	Caro-Kann Defense: Advance Variation, Prins Attack
B.CaK.Adv.Bf5.c3	prefix	5	7	B12	Caro-Kann Defense: Advance Variation
B.Sic.Win.cxb4	prefix	3	4	B20	Sicilian Defense: Wing Gambit
B.Sic.Win.cxb4.Bb2	exact	5	5	B20	Sicilian Defense: Wing Gambit, Abrahams Variation
B.Sic.Win.cxb4.a3	exact	5	5	B20	Sicilian Defense: Wing Gambit, Marshall Variation
B.Sic.Win.cxb4.a3.bxa3	exact	6	6	B20	Sicilian Defense: Wing Gambit, Carlsbad Variation
B.Sic.Win.cxb4.a3.d5	prefix	5	6	B20	Sicilian Defense: Wing Gambit, Marshall Variation
B.Sic.Win.cxb4.c4	exact	5	5	B20	Sicilian Defense: Wing Gambit, Santasiere Variation
B.Sic.OKn.Nf6	exact	8	8	B54	Sicilian Defense: Modern Variations, Main Line
B.Sic.OKn.Nf6.Nc3	prefix	8	9	B54	Sicilian Defense: Modern Variations, Main Line
B.Sic.OKn.Nf6.Nc3.g6	exact	10	10	B70	Sicilian Defense: Dragon Variation
B.Sic.Kan.Bd3	exact	9	9	B42	Sicilian Defense: Kan Variation, Modern Variation
B.Sic.Kan.Bd3.Nf6	prefix	9	10	B42	Sicilian Defense: Kan Variation, Modern Variation
B.Sic.Kan.Bd3.Bc5	exact	10	10	B42	Sicilian Defense: Kan Variation, Polugaevsky Variation
B.Sic.Kan.Bd3.g6	exact	10	10	B42	Sicilian Defense: Kan Variation, Swiss Cheese Variation
B.Sic.Kan.Nc3	exact	9	9	B43	Sicilian Defense: Kan Variation, Knight Variation
B.Sic.Kan.Nc3.b5	exact	10	10	B43	Sicilian Defense: Kan Variation, Wing Attack
B.Sic.Cls.Be2	exact	11	11	B58	Sicilian Defense: Classical Variation
B.Sic.Cls.Be2.g6	prefix	11	12	B58	Sicilian Defense: Classical Variation
B.Sic.Cls.Be2.g6.Be3	prefix	11	13	B58	Sicilian Defense: Classical Variation
B.Sic.Cls.Be2.e5	exact	12	12	B58	Sicilian Defense: Boleslavsky Variation
B.Sic.Cls.Soz.e6	prefix	11	12	B57	Sicilian Defense: Classical Variation, Sozin Attack
B.Sic.Cls.Soz.e6.Be3	prefix	11	13	B57	Sicilian Defense: Classical Variation, Sozin Attack
B.Sic.Cls.Soz.e6.Bb3	prefix	11	13	B57	Sicilian Defense: Classical Variation, Sozin Attack
B.Sic.Acc.Nxc6	exact	9	9	B34	Sicilian Defense: Accelerated Dragon, Exchange Variation
B.Sic.Acc.Nc3	exact	9	9	B34	Sicilian Defense: Accelerated Dragon, Modern Variation
B.Sic.Acc.Nc3.Bg7	prefix	9	10	B34	Sicilian Defense: Accelerated Dragon, Modern Variation
B.Sic.Acc.Nc3.Bg7.Be3	prefix	9	11	B34	Sicilian Defense: Accelerated Dragon, Modern Variation
B.Sic.Acc.Nc3.Bg7.Be3.Nf6	prefix	9	12	B34	Sicilian Defense: Accelerated Dragon, Modern Variation
B.Sic.Acc.Be3	prefix	8	9	B32	Sicilian Defense: Accelerated Dragon
B.Sic.Acc.Be3.Bg7	prefix	8	10	B32	Sicilian Defense: Accelerated Dragon
B.Sic.Acc.Be3.Bg7.Be2	prefix	8	11	B32	Sicilian Defense: Accelerated Dragon
B.Sic.Sve.Ndb5	prefix	10	11	B33	Sicilian Defense: Lasker-Pelikan Variation
B.Sic.Sve.Ndb5.d6	prefix	10	12	B33	Sicilian Defense: Lasker-Pelikan Variation
B.Sic.Sve.Ndb5.d6.Bg5	prefix	10	13	B33	Sicilian Defense: Lasker-Pelikan Variation
B.Sic.Sve.Ndb5.d6.Bg5.a6	prefix	10	14	B33	Sicilian Defense: Lasker-Pelikan Variation
B.Sic.Sve.Nxc6	exact	11	11	B33	Sicilian Defense: Lasker-Pelikan Variation, Exchange Variation
B.Sic.Sve.Nf3	exact	11	11	B33	Sicilian Defense: Lasker-Pelikan Variation, Retreat Variation
B.Sic.Sve.Nb3	exact	11	11	B33	Sicilian Defense: Lasker-Pelikan Variation, Schlechter Variation
B.Sic.SmM.e5	exact	6	6	B21	Sicilian Defense: Smith-Morra Gambit Declined, Center Formation
B.Sic.SmM.d3	exact	6	6	B21	Sicilian Defense: Smith-Morra Gambit Declined, Push Variation
B.Sic.SmM.d5	exact	6	6	B21	Sicilian Defense: Smith-Morra Gambit Declined, Scandinavian Formation
B.Sic.SmM.Qa5	exact	6	6	B21	Sicilian Defense: Smith-Morra Gambit Declined, Wing Formation
B.Sic.SmM.Acc.Cls	prefix	6	12	B21	Sicilian Defense: Smith-Morra Gambit Accepted
B.Sic.SmM.Acc.Fia	exact	10	10	B21	Sicilian Defense: Smith-Morra Gambit Accepted, Fianchetto Defense
B.Sic.SmM.Acc.Pau	exact	12	12	B21	Sicilian Defense: Smith-Morra Gambit Accepted, Paulsen Formation
B.Sic.SmM.Acc.Sib	exact	12	12	B21	Sicilian Defense: Smith-Morra Gambit Accepted, Siberian Variation
B.Sic.SmM.Acc.Mor	exact	12	12	B21	Sicilian Defense: Smith-Morra Gambit Accepted, Morphy Defense
B.Sic.SmM.Acc.Pin	exact	12	12	B21	Sicilian Defense: Smith-Morra Gambit Accepted, Pin Defense
B.Sic.Dra.Be3.Bg7.f3.Nc6	exact	14	14	B75	Sicilian Defense: Dragon Variation, Yugoslav Attack, Belezky Line
B.Sic.Dra.Be3.Bg7.f3.O-O	exact	14	14	B76	Sicilian Defense: Dragon Variation, Yugoslav Attack
B.Sic.Dra.Yug.Nc6	exact	16	16	B76	Sicilian Defense: Dragon Variation, Yugoslav Attack
B.Sic.Dra.Yug.Nc6.Bc4	exact	17	17	B77	Sicilian Defense: Dragon Variation, Yugoslav Attack, Main Line
A.Hor.Fch.MLn.Bg5	prefix	2	7	A40	Horwitz Defense
A.Hor.Fch.MLn.Bg5.c5	prefix	2	8	A40	Horwitz Defense
A.Hor.Fch.MLn.Bg5.c5.cxd5	prefix	2	9	A40	Horwitz Defense
A.Hor.Fch.MLn.Bg5.Nbd7	prefix	2	8	A40	Horwitz Defense
A.Hor.Fch.MLn.Bg5.Nbd7.e3	prefix	2	9	A40	Horwitz Defense
A.Hor.Fch.MLn.Bg5.Be7	prefix	2	8	A40	Horwitz Defense
A.Hor.Fch.MLn.Bg5.Be7.Nf3	prefix	2	9	A40	Horwitz Defense
A.Hor.Fch.MLn.Bg5.Be7.Bxf6	prefix	2	9	A40	Horwitz Defense
A.Hor.Fch.MLn.Bf4	prefix	2	7	A40	Horwitz Defense
A.Hor.Fch.MLn.cxd5	prefix	2	7	A40	Horwitz Defense
A.Kan.MLn.e3.c5	prefix	5	8	A40	Kangaroo Defense: Keres Defense, Transpositional Variation
A.Kan.MLn.e3.c5.Bd3	prefix	5	9	A40	Kangaroo Defense: Keres Defense, Transpositional Variation
A.Kan.MLn.e3.c5.Bd3.Nc6	prefix	5	10	A40	Kangaroo Defense: Keres Defense, Transpositional Variation
A.Kan.MLn.e3.c5.Ne2	prefix	5	9	A40	Kangaroo Defense: Keres Defense, Transpositional Variation
A.Kan.MLn.e3.O-O	prefix	5	8	A40	Kangaroo Defense: Keres Defense, Transpositional Variation
A.Kan.MLn.e3.O-O.a3	prefix	5	9	A40	Kangaroo Defense: Keres Defense, Transpositional Variation
A.Kan.MLn.e3.O-O.Nf3	prefix	5	9	A40	Kangaroo Defense: Keres Defense, Transpositional Variation
A.Kan.MLn.e3.O-O.Nf3.d5	prefix	5	10	A40	Kangaroo Defense: Keres Defense, Transpositional Variation
A.Kan.MLn.e3.O-O.Ne2	prefix	5	9	A40	Kangaroo Defense: Keres Defense, Transpositional Variation
A.Kan.MLn.e3.Ne4	prefix	5	8	A40	Kangaroo Defense: Keres Defense, Transpositional Variation
A.Kan.MLn.e3.Ne4.Qc2	prefix	5	9	A40	Kangaroo Defense: Keres Defense, Transpositional Variation
A.Ret.Eng.Be7	prefix	2	8	A05	Zukertort Opening
A.Ret.Eng.Be7.O-O	prefix	2	9	A05	Zukertort Opening
A.Ret.Eng.Be7.O-O.O-O	prefix	2	10	A05	Zukertort Opening
A.Ret.Eng.Be7.O-O.O-O.b3	prefix	2	11	A05	Zukertort Opening
A.Ret.Eng.Be7.b3	prefix	2	9	A05	Zukertort Opening
A.Ret.Eng.Be7.b3.b6	prefix	2	10	A05	Zukertort Opening
A.Ret.Eng.Be7.b3.c5	prefix	2	10	A05	Zukertort Opening
A.Ret.Eng.dxc4	prefix	2	8	A05	Zukertort Opening
A.Ret.Eng.c6	prefix	2	8	A05	Zukertort Opening
A.Ret.Eng.c5	prefix	2	8	A05	Zukertort Opening
A.Ret.Eng.c5.b3	prefix	2	9	A05	Zukertort Opening
A.Ret.Eng.c5.b3.Nc6	prefix	2	10	A05	Zukertort Opening
A.Ret.Eng.Bd6	prefix	2	8	A05	Zukertort Opening
A.Ret.Ang.g3	prefix	3	5	A09	Réti Opening
A.Ret.Ang.g3.Nf6	prefix	3	6	A09	Réti Opening
A.Ret.Ang.g3.Nf6.Bg2	prefix	3	7	A09	Réti Opening
A.Ret.Ang.g3.Nf6.Bg2.dxc4	prefix	3	8	A09	Réti Opening
A.Ret.Ang.g3.Nf6.Bg2.Bf5	prefix	3	8	A09	Réti Opening
A.Ret.Ang.g3.Nf6.b3	prefix	3	7	A09	Réti Opening
A.Ret.Ang.b3	exact	5	5	A12	Réti Opening: Anglo-Slav Variation, Bogoljubow Variation
A.Ret.Ang.b3.Bg4	exact	6	6	A12	Réti Opening: Anglo-Slav Variation, Bogoljubow Variation
A.Ret.Ang.b3.Bf5	exact	6	6	A12	Réti Opening: Anglo-Slav Variation, Bogoljubow Variation
A.Ret.Ang.b3.Bf5.Bb2	exact	7	7	A12	Réti Opening: Anglo-Slav Variation, Bogoljubow Variation
A.Eng.Rev.Nc3.Nf6.g3.d5	exact	6	6	A22	English Opening: King's English Variation, Two Knights Variation, Reversed Dragon
A.Eng.Rev.Nc3.Nf6.g3.Bb4	exact	6	6	A22	English Opening: King's English Variation, Two Knights Variation, Smyslov System
A.Eng.Rev.Nc3.Nf6.g3.c6	exact	6	6	A23	English Opening: King's English Variation, Two Knights Variation, Keres Variation
A.Eng.Rev.Nc3.Nf6.g3.Bc5	prefix	5	6	A22	English Opening: Carls-Bremen System
A.Eng.Rev.Nc3.Nf6.g3.g6	exact	6	6	A24	English Opening: King's English Variation, Two Knights Variation, Fianchetto Line
A.Eng.Rev.Nc3.Nf6.g3.Nc6	prefix	5	6	A22	English Opening: Carls-Bremen System
A.Eng.Rev.Nc3.Nc6.g3.g6	prefix	4	6	A25	English Opening: King's English Variation, Reversed Closed Sicilian
A.Eng.Rev.Nc3.Nc6.g3.d6	prefix	4	6	A25	English Opening: King's English Variation, Reversed Closed Sicilian
A.Bir.Fro.Nc3	exact	3	3	A02	Bird Opening: From's Gambit, Bahr Gambit
A.Bir.Fro.fxe5	prefix	2	3	A02	Bird Opening: From's Gambit
A.Bir.Fro.fxe5.d6	prefix	2	4	A02	Bird Opening: From's Gambit
A.Bir.Fro.fxe5.d6.exd6	prefix	2	5	A02	Bird Opening: From's Gambit
A.Bir.Fro.fxe5.d6.exd6.Bxd6	prefix	2	6	A02	Bird Opening: From's Gambit
A.Bir.Fro.fxe5.f6	exact	4	4	A02	Bird Opening: Lasker Gambit
A.Bir.Fro.fxe5.Ne7	exact	4	4	A02	Bird Opening: Platz Gambit
A.Bir.Fro.fxe5.Nc6	exact	4	4	A02	Bird Opening: Schlechter Gambit
A.Bir.Fro.d4	prefix	2	3	A02	Bird Opening: From's Gambit
A.Bir.Fro.d4.exd4	prefix	2	4	A02	Bird Opening: From's Gambit
A.QPO.Nf6.f4	exact	3	3	A45	Canard Opening
A.QPO.Nf6.Bf4	exact	3	3	A45	Indian Defense: Accelerated London System
A.QPO.Nf6.Nd2	prefix	2	3	A45	Indian Defense
A.QPO.Nf6.Nd2.e5	exact	4	4	A45	Indian Defense: Lazard Gambit
A.QPO.Nf6.e4	exact	3	3	A45	Indian Defense: Omega Gambit
A.QPO.Nf6.e4.Nxe4	prefix	3	4	A45	Indian Defense: Omega Gambit
A.QPO.Nf6.d5	exact	3	3	A45	Indian Defense: Pawn Push Variation
A.QPO.Nf6.g3	exact	3	3	A45	Indian Defense: Tartakower Attack
C.RyL.Ber.O-O.Bc5	exact	8	8	C65	Ruy Lopez: Berlin Defense, Beverwijk Variation
C.RyL.Ber.O-O.Bc5.c3	exact	9	9	C65	Ruy Lopez: Classical Variation, Zukertort Gambit
C.RyL.Ber.O-O.Bc5.c3.O-O	prefix	9	10	C65	Ruy Lopez: Classical Variation, Zukertort Gambit
C.RyL.Ber.O-O.Ng4	exact	8	8	C65	Ruy Lopez: Berlin Defense, Fishing Pole Variation
C.RyL.Ber.O-O.d6	exact	8	8	C66	Ruy Lopez: Berlin Defense, Improved Steinitz Defense
C.RyL.Ber.O-O.d6.d4	prefix	8	9	C66	Ruy Lopez: Berlin Defense, Improved Steinitz Defense
C.RyL.Ber.O-O.d6.d4.Bd7	prefix	8	10	C66	Ruy Lopez: Berlin Defense, Improved Steinitz Defense
C.RyL.Ber.O-O.d6.d4.Nd7	exact	10	10	C66	Ruy Lopez: Closed Berlin Defense, Chigorin Variation
C.RyL.Ber.O-O.d6.Bxc6	prefix	8	9	C66	Ruy Lopez: Berlin Defense, Improved Steinitz Defense
C.RyL.Ber.O-O.d6.Bxc6.bxc6	prefix	8	10	C66	Ruy Lopez: Berlin Defense, Improved Steinitz Defense
C.RyL.Cls.c3	prefix	13	15	C88	Ruy Lopez: Closed
C.RyL.Cls.c3.O-O	exact	16	16	C90	Ruy Lopez: Closed
C.RyL.Cls.c3.O-O.h3	exact	17	17	C92	Ruy Lopez: Closed
C.RyL.Cls.c3.O-O.h3.Bb7	exact	18	18	C92	Ruy Lopez: Closed, Flohr System
C.RyL.Cls.c3.O-O.h3.Be6	exact	18	18	C92	Ruy Lopez: Closed, Kholmov Variation
C.RyL.Cls.c3.O-O.h3.Re8	exact	18	18	C92	Ruy Lopez: Closed, Zaitsev System
C.RyL.Cls.c3.Na5	prefix	13	16	C88	Ruy Lopez: Closed
C.RyL.Cls.c3.Na5.Bc2	prefix	13	17	C88	Ruy Lopez: Closed
C.RyL.Cls.c3.Na5.Bc2.c5	prefix	13	18	C88	Ruy Lopez: Closed
C.RyL.Cls.d4	exact	15	15	C88	Ruy Lopez: Closed, Rosen Attack
C.RyL.Exc.dxc6	prefix	7	8	C68	Ruy Lopez: Exchange Variation
C.RyL.Exc.dxc6.Nc3	exact	9	9	C68	Ruy Lopez: Exchange Variation, Keres Variation
C.RyL.Exc.dxc6.Nc3.f6	prefix	9	10	C68	Ruy Lopez: Exchange Variation, Keres Variation
C.RyL.Exc.dxc6.Nc3.f6.d3	exact	11	11	C68	Ruy Lopez: Exchange Variation, Romanovsky Variation
C.RyL.Exc.bxc6	exact	8	8	C68	Ruy Lopez: Exchange Variation, Lutikov Variation
C.RyL.Exc.dxc6.O-O	exact	9	9	C69	Ruy Lopez: Exchange Variation, Normal Variation
C.RyL.Exc.dxc6.O-O.Bg4	prefix	9	10	C69	Ruy Lopez: Exchange Variation, Normal Variation
C.RyL.Exc.dxc6.O-O.Bg4.h3	prefix	9	11	C69	Ruy Lopez: Exchange Variation, Normal Variation
C.RyL.Exc.dxc6.O-O.Qd6	exact	10	10	C69	Ruy Lopez: Exchange Variation, Bronstein Variation
C.RyL.Exc.dxc6.O-O.f6	exact	10	10	C69	Ruy Lopez: Exchange Variation, Gligoric Variation
C.RyL.Exc.dxc6.O-O.Bd6	exact	10	10	C69	Ruy Lopez: Exchange Variation, King's Bishop Variation
C.RyL.Exc.dxc6.d4	prefix	7	9	C68	Ruy Lopez: Exchange Variation
C.RyL.Exc.dxc6.d4.exd4	prefix	7	10	C68	Ruy Lopez: Exchange Variation
C.RyL.Exc.dxc6.d4.exd4.Qxd4	prefix	7	11	C68	Ruy Lopez: Exchange Variation
C.RyL.Mor.Ba4.d6.Nc3	exact	9	9	C71	Ruy Lopez: Morphy Defense, Modern Steinitz Defense
C.RyL.Mor.Ba4.d6.c4	exact	9	9	C71	Ruy Lopez: Morphy Defense, Modern Steinitz Defense
C.RyL.Mor.Ba4.d6.O-O	exact	9	9	C72	Ruy Lopez: Morphy Defense, Modern Steinitz Defense
C.RyL.Mor.Ba4.d6.O-O.Bd7	prefix	9	10	C72	Ruy Lopez: Morphy Defense, Modern Steinitz Defense
C.RyL.Mor.Ba4.d6.c3	exact	9	9	C74	Ruy Lopez: Morphy Defense, Modern Steinitz Defense
C.RyL.Mor.Ba4.d6.c3.Bd7	exact	10	10	C75	Ruy Lopez: Morphy Defense, Modern Steinitz Defense
C.RyL.Mor.Ba4.d6.Bxc6	prefix	8	9	C71	Ruy Lopez: Morphy Defense, Modern Steinitz Defense
C.RyL.Mor.Ba4.d6.Bxc6.bxc6	prefix	8	10	C71	Ruy Lopez: Morphy Defense, Modern Steinitz Defense
C.RyL.Mor.Ba4.Nf6.O-O.g6	exact	10	10	C78	Ruy Lopez: Brix Variation
C.RyL.Mor.Ba4.Nf6.O-O.d5	exact	10	10	C78	Ruy Lopez: Central Countergambit
C.RyL.Mor.Ba4.Nf6.O-O.b5	prefix	9	10	C78	Ruy Lopez: Morphy Defense
C.RyL.Mor.Ba4.Nf6.O-O.d6	exact	10	10	C79	Ruy Lopez: Morphy Defense, Steinitz Deferred
C.KGm.Dec.Fal.exd5	exact	5	5	C31	King's Gambit Declined: Falkbeer Countergambit Accepted
C.KGm.Dec.Fal.Nf3	exact	5	5	C31	King's Gambit Declined: Falkbeer Countergambit, Blackburne Attack
C.KGm.Dec.Fal.d4	exact	5	5	C31	King's Gambit Declined: Falkbeer Countergambit, Hinrichsen Gambit
C.KGm.Dec.Fal.Nc3	exact	5	5	C31	King's Gambit Declined: Falkbeer Countergambit, Milner-Barry Variation
C.KGm.Dec.Fal.exd5.Bc5	exact	6	6	C31	King's Gambit Declined: Falkbeer Countergambit, Miles Gambit
C.KGm.Dec.Fal.exd5.exf4	exact	6	6	C31	King's Gambit Declined: Falkbeer Countergambit, Modern Transfer
C.KGm.Dec.Fal.exd5.c6	exact	6	6	C31	King's Gambit Declined: Falkbeer Countergambit, Nimzowitsch-Marshall Countergambit
C.KGm.Dec.Fal.exd5.c6.dxc6	prefix	6	7	C31	King's Gambit Declined: Falkbeer Countergambit, Nimzowitsch-Marshall Countergambit
C.KGm.Dec.Fal.Nc3.dxe4	prefix	5	6	C31	King's Gambit Declined: Falkbeer Countergambit, Milner-Barry Variation
C.KGm.Dec.Fal.Nc3.dxe4.Nxe4	exact	7	7	C31	Van Geet Opening: Grünfeld Defense, Steiner Gambit
B.Fre.Mac.MLn.exf6	exact	11	11	C12	French Defense: McCutcheon Variation, Chigorin Variation
B.Fre.Mac.MLn.exf6.hxg5	prefix	11	12	C12	French Defense: McCutcheon Variation, Chigorin Variation
B.Fre.Mac.MLn.exf6.hxg5.fxg7	prefix	11	13	C12	French Defense: McCutcheon Variation, Chigorin Variation
B.Fre.Mac.MLn.Bc1	exact	11	11	C12	French Defense: McCutcheon Variation, Dr. Olland Variation
B.Fre.Mac.MLn.Bd2	prefix	9	11	C12	French Defense: McCutcheon Variation, Advance Variation
B.Fre.Mac.MLn.Bd2.Bxc3	exact	12	12	C12	French Defense: McCutcheon Variation, Lasker Variation
B.Fre.Mac.MLn.Bd2.Nfd7	exact	12	12	C12	French Defense: McCutcheon Variation, Tartakower Variation
B.Fre.Mac.MLn.Be3	exact	11	11	C12	French Defense: McCutcheon Variation, Janowski Variation
D.Sla.Nc3.Nf6.e3.e6	prefix	5	8	D10	Slav Defense
D.Alb.Nrm.Nbd2	exact	9	9	D08	Queen's Gambit Declined: Albin Countergambit, Modern Line
D.Alb.Nrm.Nbd2.Qe7	exact	10	10	D08	Queen's Gambit Declined: Albin Countergambit, Balogh Variation
D.Alb.Nrm.Nbd2.f6	exact	10	10	D08	Queen's Gambit Declined: Albin Countergambit, Janowski Variation
D.Alb.Nrm.Nbd2.Bg4	prefix	9	10	D08	Queen's Gambit Declined: Albin Countergambit, Modern Line
D.Alb.Nrm.Nbd2.Bg4.h3	prefix	9	11	D08	Queen's Gambit Declined: Albin Countergambit, Modern Line
D.Alb.Nrm.Nbd2.Bg4.h3.Bxf3	prefix	9	12	D08	Queen's Gambit Declined: Albin Countergambit, Modern Line
D.Alb.Nrm.g3	exact	9	9	D09	Queen's Gambit Declined: Albin Countergambit, Fianchetto Variation
D.Alb.Nrm.g3.Be6	exact	10	10	D09	Queen's Gambit Declined: Albin Countergambit, Fianchetto Variation, Be6 Line
D.Alb.Nrm.g3.Bf5	exact	10	10	D09	Queen's Gambit Declined: Albin Countergambit, Fianchetto Variation, Bf5 Line
D.Alb.Nrm.g3.Bg4	exact	10	10	D09	Queen's Gambit Declined: Albin Countergambit, Fianchetto Variation, Bg4 Line
E.QID.Pet.KPe.d5	exact	10	10	E12	Queen's Indian Defense: Kasparov-Petrosian Variation, Main Line
E.QID.Pet.KPe.d5.cxd5	prefix	10	11	E12	Queen's Indian Defense: Kasparov-Petrosian Variation, Main Line
E.QID.Pet.KPe.d5.cxd5.exd5	exact	12	12	E12	Queen's Indian Defense: Kasparov-Petrosian Variation, Classical Variation
E.QID.Pet.KPe.d5.cxd5.Nxd5	exact	12	12	E12	Queen's Indian Defense: Kasparov-Petrosian Variation, Modern Variation
D.Sem.e3	prefix	8	9	D43	Semi-Slav Defense
D.Sem.e3.a6	prefix	8	10	D43	Semi-Slav Defense
D.Sem.e3.Nbd7	prefix	8	10	D43	Semi-Slav Defense
D.Sem.e3.Nbd7.Bd3	prefix	8	11	D43	Semi-Slav Defense
D.Sem.e3.Nbd7.Bd3.Be7	prefix	8	12	D43	Semi-Slav Defense
D.Sem.e3.Nbd7.Bd3.Bd6	prefix	8	12	D43	Semi-Slav Defense
D.Sem.e3.Nbd7.Bd3.Bd6.Qc2	prefix	8	13	D43	Semi-Slav Defense
D.Sem.e3.Nbd7.Bd3.Bb4	prefix	8	12	D43	Semi-Slav Defense
D.Sem.e3.Nbd7.Bd3.dxc4	prefix	8	12	D43	Semi-Slav Defense
D.Sem.e3.Nbd7.Bd3.dxc4.Bxc4	prefix	8	13	D43	Semi-Slav Defense
D.Sem.e3.Nbd7.b3	prefix	8	11	D43	Semi-Slav Defense
D.Sem.e3.Nbd7.b3.Bd6	prefix	8	12	D43	Semi-Slav Defense
D.Sem.e3.Nbd7.b3.Bd6.Bb2	prefix	8	13	D43	Semi-Slav Defense
D.Sem.e3.Nbd7.Ne5	prefix	8	11	D43	Semi-Slav Defense
D.Sem.e3.Ne4	prefix	8	10	D43	Semi-Slav Defense
D.Sem.e3.Ne4.Bd3	prefix	8	11	D43	Semi-Slav Defense
D.Sem.e3.Ne4.Bd3.f5	prefix	8	12	D43	Semi-Slav Defense
D.Sem.e3.Bd6	prefix	8	10	D43	Semi-Slav Defense
D.Sem.e3.Bd6.Bd3	prefix	8	11	D43	Semi-Slav Defense
D.Sem.e3.Bd6.Bd3.dxc4	prefix	8	12	D43	Semi-Slav Defense
D.Sem.e3.Bd6.Bd3.dxc4.Bxc4	prefix	8	13	D43	Semi-Slav Defense
A.KIA.Bg2	prefix	4	5	A05	King's Indian Attack
A.KIA.Bg2.c6	prefix	4	6	A05	King's Indian Attack
A.KIA.Bg2.c6.O-O	prefix	4	7	A05	King's Indian Attack
A.KIA.Bg2.c6.O-O.Bf5	exact	8	8	A07	King's Indian Attack, with Bf5
A.KIA.Bg2.c6.O-O.Bf5.d3	prefix	8	9	A07	King's Indian Attack, with Bf5
A.KIA.Bg2.c6.O-O.Bg4	exact	8	8	A07	King's Indian Attack: Yugoslav Variation
A.KIA.Bg2.e6	exact	6	6	A07	King's Indian Attack, with e6
C.KPO.Kgt.Qe7	exact	4	4	C40	Gunderam Defense
C.KPO.Kgt.Qe7.Bc4	prefix	4	5	C40	Gunderam Defense
C.KPO.Kgt.Qe7.Bc4.f5	exact	6	6	C40	King's Pawn Game: Gunderam Defense, Gunderam Gambit
C.KPO.Kgt.Bc5	exact	4	4	C40	King's Pawn Game: Busch-Gass Gambit
C.KPO.Kgt.Bc5.Nxe5	prefix	4	5	C40	King's Pawn Game: Busch-Gass Gambit
C.KPO.Kgt.Bc5.Nxe5.Nc6	exact	6	6	C40	King's Pawn Game: Busch-Gass Gambit, Chiodini Gambit
C.KPO.Kgt.c6	exact	4	4	C40	King's Pawn Game: Gunderam Gambit
C.KPO.Kgt.Qf6	exact	4	4	C40	King's Pawn Game: McConnell Defense
C.KPO.Kgt.Qf6.Bc4	prefix	4	5	C40	King's Pawn Game: McConnell Defense
C.KPO.Kgt.Qf6.Bc4.Qg6	prefix	4	6	C40	King's Pawn Game: McConnell Defense
C.KPO.Kgt.Qf6.Bc4.Qg6.O-O	exact	7	7	C40	King's Pawn Game: La Bourdonnais Gambit
C.LtO.Gre.d4	exact	7	7	C40	Latvian Gambit Accepted: Main Line
C.LtO.Gre.d4.d6	prefix	7	8	C40	Latvian Gambit Accepted: Main Line
C.LtO.Gre.d4.d6.Nc4	exact	9	9	C40	Latvian Gambit Accepted: Bilguer Variation
C.LtO.Gre.d4.d6.Nc4.fxe4	prefix	9	10	C40	Latvian Gambit Accepted: Bilguer Variation
C.LtO.Gre.Nc4	exact	7	7	C40	Latvian Gambit Accepted: Foltys-Leonhardt Variation
C.LtO.Gre.Nc4.fxe4	prefix	7	8	C40	Latvian Gambit Accepted: Foltys-Leonhardt Variation
C.LtO.Gre.Nc4.fxe4.d3	exact	9	9	C40	Latvian Gambit Accepted: Foltys Variation
C.LtO.Gre.Nc4.fxe4.Nc3	exact	9	9	C40	Latvian Gambit Accepted: Leonhardt Variation
C.Sco.Gbt.Bb4	exact	8	8	C44	Scotch Game: Scotch Gambit, London Defense
C.Sco.Gbt.Bb4.c3	prefix	8	9	C44	Scotch Game: Scotch Gambit, London Defense
C.Sco.Gbt.Bb4.c3.dxc3	prefix	8	10	C44	Scotch Game: Scotch Gambit, London Defense
C.Sco.Gbt.Bb4.c3.dxc3.O-O	prefix	8	11	C44	Scotch Game: Scotch Gambit, London Defense
C.Sco.Gbt.Bb4.c3.dxc3.bxc3	prefix	8	11	C44	Scotch Game: Scotch Gambit, London Defense
C.Sco.Gbt.Bc5	exact	8	8	C44	Scotch Game: Haxo Gambit
C.Sco.Gbt.Bc5.Ng5	exact	9	9	C44	Scotch Game: Scotch Gambit, Sarratt Variation
C.Sco.Gbt.Bc5.Ng5.Nh6	prefix	9	10	C44	Scotch Game: Scotch Gambit, Sarratt Variation
C.Sco.Gbt.Bc5.Ng5.Nh6.Qh5	exact	11	11	C44	Scotch Game: Vitzthum Attack
C.Sco.Gbt.Bc5.Ng5.Nh6.Nxf7	prefix	9	11	C44	Scotch Game: Scotch Gambit, Sarratt Variation
D.Sla.Not.a4	prefix	5	9	D11	Slav Defense: Modern Line
D.Sla.Not.a4.Bb4	prefix	5	10	D11	Slav Defense: Modern Line
D.Sla.Not.a4.Bb4.e3	prefix	5	11	D11	Slav Defense: Modern Line
D.Sla.Not.g3	prefix	5	9	D11	Slav Defense: Modern Line
D.Sla.Not.Bg5	prefix	5	9	D11	Slav Defense: Modern Line
D.Sla.Not.Bg5.f6	prefix	5	10	D11	Slav Defense: Modern Line
D.QGD.Cmb.Nd2	prefix	10	13	D51	Queen's Gambit Declined: Modern Variation, Knight Defense
D.QGD.Cmb.Nd2.Bb4	prefix	10	14	D51	Queen's Gambit Declined: Modern Variation, Knight Defense
D.QGD.Cmb.Nd2.Bb4.Qc2	prefix	10	15	D51	Queen's Gambit Declined: Modern Variation, Knight Defense
D.QGD.Cmb.Nd2.Bb4.Qc2.O-O	prefix	10	16	D51	Queen's Gambit Declined: Modern Variation, Knight Defense
D.QGD.Cmb.Nd2.dxc4	prefix	10	14	D51	Queen's Gambit Declined: Modern Variation, Knight Defense
D.QGD.Cmb.cxd5	prefix	10	13	D51	Queen's Gambit Declined: Modern Variation, Knight Defense
D.QGD.Cmb.cxd5.Nxd5	prefix	10	14	D51	Queen's Gambit Declined: Modern Variation, Knight Defense
D.QGD.Cmb.cxd5.exd5	prefix	10	14	D51	Queen's Gambit Declined: Modern Variation, Knight Defense
A.Bir.Nf6	prefix	1	2	A02	Bird Opening
A.Bir.Nf6.Nf3	prefix	1	3	A02	Bird Opening
A.Bir.Nf6.Nf3.g6	prefix	1	4	A02	Bird Opening
A.Bir.Nf6.Nf3.g6.b4	exact	5	5	A02	Bird Opening: Batavo-Polish Attack
A.Bir.f5	prefix	1	2	A02	Bird Opening
A.Bir.f5.d4	prefix	1	3	A02	Bird Opening
A.Bir.f5.d4.d5	exact	4	4	A02	Bird Opening: Double Duck Formation
A.Bir.f5.e4	exact	3	3	A02	Bird Opening: Wagner-Zwitersch Gambit
A.Bir.f5.e4.fxe4	prefix	3	4	A02	Bird Opening: Wagner-Zwitersch Gambit
A.Bir.f5.e4.fxe4.Nc3	prefix	3	5	A02	Bird Opening: Wagner-Zwitersch Gambit
A.Bir.f5.e4.fxe4.Nc3.Nf6	prefix	3	6	A02	Bird Opening: Wagner-Zwitersch Gambit
A.Bir.h6	prefix	1	2	A02	Bird Opening
A.Bir.h6.Nf3	prefix	1	3	A02	Bird Opening
A.Bir.h6.Nf3.g5	exact	4	4	A02	Bird Opening: Hobbs-Zilbermints Gambit
A.Bir.b5	exact	2	2	A02	Bird Opening: Myers Defense
A.Kad.c5	prefix	1	2	A00	Kádas Opening
A.Kad.c5.b4	exact	3	3	A00	Kádas Opening: Kádas Gambit
A.Kad.d5	prefix	1	2	A00	Kádas Opening
A.Kad.d5.d4	prefix	1	3	A00	Kádas Opening
A.Kad.d5.d4.c5	prefix	1	4	A00	Kádas Opening
A.Kad.d5.d4.c5.Nf3	prefix	1	5	A00	Kádas Opening
A.Kad.d5.d4.c5.Nf3.cxd4	prefix	1	6	A00	Kádas Opening
A.Kad.d5.d4.c5.e4	exact	5	5	A00	Kádas Opening: Myers Variation
A.Kad.e5	prefix	1	2	A00	Kádas Opening
A.Kad.e5.d4	prefix	1	3	A00	Kádas Opening
A.Kad.e5.d4.exd4	prefix	1	4	A00	Kádas Opening
A.Kad.e5.d4.exd4.c3	exact	5	5	A00	Kádas Opening: Kádas Gambit
A.Kad.f5	prefix	1	2	A00	Kádas Opening
A.Kad.f5.e4	prefix	1	3	A00	Kádas Opening
A.Kad.f5.e4.fxe4	prefix	1	4	A00	Kádas Opening
A.Kad.f5.e4.fxe4.d3	exact	5	5	A00	Kádas Opening: Steinbok Gambit
A.War.a5	exact	2	2	A00	Ware Opening: Symmetric Variation
A.War.e5	prefix	1	2	A00	Ware Opening
A.War.e5.h4	exact	3	3	A00	Ware Opening: Crab Variation
A.War.e5.Ra3	exact	3	3	A00	Ware Opening: Meadow Hay Trap
A.War.b6	prefix	1	2	A00	Ware Opening
A.War.b6.d4	prefix	1	3	A00	Ware Opening
A.War.b6.d4.d5	prefix	1	4	A00	Ware Opening
A.War.b6.d4.d5.Nc3	prefix	1	5	A00	Ware Opening
A.War.b6.d4.d5.Nc3.Nd7	exact	6	6	A00	Ware Opening: Cologne Gambit
A.War.b5	prefix	1	2	A00	Ware Opening
A.War.b5.axb5	prefix	1	3	A00	Ware Opening
A.War.b5.axb5.Bb7	exact	4	4	A00	Ware Opening: Wing Gambit
A.Hng.ReM.Nf3.Nc6	prefix	4	6	A00	Hungarian Opening: Reversed Modern Defense
A.Hng.ReM.Nf3.Nc6.d4	prefix	4	7	A00	Hungarian Opening: Reversed Modern Defense
A.Hng.ReM.Nf3.Nc6.d4.Nf6	prefix	4	8	A00	Hungarian Opening: Reversed Modern Defense
A.Hng.ReM.Nf3.Nc6.d4.e6	prefix	4	8	A00	Hungarian Opening: Reversed Modern Defense
A.Hng.ReM.Nf3.Nf6	prefix	4	6	A00	Hungarian Opening: Reversed Modern Defense
A.Hng.ReM.Nf3.Nf6.O-O	prefix	4	7	A00	Hungarian Opening: Reversed Modern Defense
A.Hng.ReM.Nf3.Nf6.O-O.e6	prefix	4	8	A00	Hungarian Opening: Reversed Modern Defense
A.QPO.g6.Nf3	prefix	2	3	A40	Queen's Pawn Game: Modern Defense
A.QPO.g6.Nf3.Bg7	prefix	2	4	A40	Queen's Pawn Game: Modern Defense
A.QPO.g6.Nf3.Bg7.e3	prefix	2	5	A40	Queen's Pawn Game: Modern Defense
A.QPO.g6.Nf3.Bg7.e3.c5	prefix	2	6	A40	Queen's Pawn Game: Modern Defense
A.QPO.g6.Nf3.Bg7.g3	prefix	2	5	A40	Queen's Pawn Game: Modern Defense
A.QPO.g6.Nf3.Bg7.g3.c5	prefix	2	6	A40	Queen's Pawn Game: Modern Defense
A.QPO.g6.Nf3.Bg7.Nc3	prefix	2	5	A40	Queen's Pawn Game: Modern Defense
A.QPO.g6.Nf3.Bg7.Nc3.d5	exact	6	6	D00	Queen's Pawn Game: Chigorin Variation, Fianchetto Defense
A.QPO.g6.Nf3.Bg7.Bf4	prefix	2	5	A40	Queen's Pawn Game: Modern Defense
A.QPO.g6.Nf3.Bg7.Bf4.c5	prefix	2	6	A40	Queen's Pawn Game: Modern Defense
A.QPO.g6.h4	prefix	2	3	A40	Queen's Pawn Game: Modern Defense
A.QPO.g6.h4.Nf6	prefix	2	4	A40	Queen's Pawn Game: Modern Defense
A.QPO.g6.h4.Nf6.h5	exact	5	5	A40	Modern Defense: Lizard Defense, Pirc-Diemer Gambit
B.Sca.MLn.Qd6	exact	6	6	B01	Scandinavian Defense: Gubinsky-Melts Defense
B.Sca.MLn.Qd6.d4	prefix	6	7	B01	Scandinavian Defense: Gubinsky-Melts Defense
B.Sca.MLn.Qd6.d4.Nf6	prefix	6	8	B01	Scandinavian Defense: Gubinsky-Melts Defense
B.Sca.MLn.Qd6.d4.Nf6.Nf3	prefix	6	9	B01	Scandinavian Defense: Gubinsky-Melts Defense
B.Sca.MLn.Qd6.d4.c6	exact	8	8	B01	Scandinavian Defense: Schiller-Pytel Variation
B.Sca.MLn.Qd8	exact	6	6	B01	Scandinavian Defense: Valencian Variation
B.Sca.MLn.Qd8.d4	prefix	6	7	B01	Scandinavian Defense: Valencian Variation
B.Sca.MLn.Qd8.d4.Nf6	prefix	6	8	B01	Scandinavian Defense: Valencian Variation
B.Sca.MLn.Qd8.d4.Nf6.Nf3	prefix	6	9	B01	Scandinavian Defense: Valencian Variation
B.CaK.Kar.Ng5	prefix	6	9	B15	Caro-Kann Defense
B.CaK.Kar.Ng5.Ngf6	prefix	6	10	B15	Caro-Kann Defense
B.CaK.Kar.Ng5.Ndf6	prefix	6	10	B15	Caro-Kann Defense
B.CaK.Kar.Ng5.Ngf6.Bd3	prefix	6	11	B15	Caro-Kann Defense
B.CaK.Kar.Ng5.Ngf6.Bd3.e6	prefix	6	12	B15	Caro-Kann Defense
B.CaK.Kar.Bc4	prefix	6	9	B15	Caro-Kann Defense
B.CaK.Kar.Bc4.Ngf6	prefix	6	10	B15	Caro-Kann Defense
B.CaK.Kar.Bc4.Ngf6.Ng5	prefix	6	11	B15	Caro-Kann Defense
B.CaK.Kar.Bc4.Ngf6.Ng5.e6	prefix	6	12	B15	Caro-Kann Defense
B.CaK.Kar.Bc4.Ngf6.Nxf6	prefix	6	11	B15	Caro-Kann Defense
B.CaK.Kar.Bc4.Ngf6.Nxf6.Nxf6	prefix	6	12	B15	Caro-Kann Defense
C.Bsh.Ber.f4	exact	5	5	C24	Bishop's Opening: Berlin Defense, Greco Gambit
C.Bsh.Ber.d4	exact	5	5	C24	Bishop's Opening: Ponziani Gambit
C.Bsh.Ber.d4.exd4	prefix	5	6	C24	Bishop's Opening: Ponziani Gambit
C.Bsh.Ber.d4.exd4.c3	exact	7	7	C24	Bishop's Opening: Warsaw Gambit
C.Bsh.Ber.Ne2	prefix	4	5	C24	Bishop's Opening: Berlin Defense
C.Bsh.Ber.Ne2.Nxe4	prefix	4	6	C24	Bishop's Opening: Berlin Defense
C.Bsh.Ber.Ne2.Nxe4.Nec3	exact	7	7	C24	Bishop's Opening: Pachman Gambit
C.Bsh.Ber.f3	prefix	4	5	C24	Bishop's Opening: Berlin Defense
C.Bsh.Ber.f3.Bc5	prefix	4	6	C24	Bishop's Opening: Berlin Defense
C.Bsh.Ber.f3.Bc5.Ne2	prefix	4	7	C24	Bishop's Opening: Berlin Defense
C.Bsh.Ber.f3.Bc5.Ne2.Nc6	prefix	4	8	C24	Bishop's Opening: Berlin Defense
C.Pet.Mod.exd4	exact	6	6	C43	Petrov's Defense: Modern Attack
C.Pet.Mod.Nxe4	prefix	5	6	C43	Petrov's Defense: Modern Attack
C.Pet.Mod.Nxe4.Bd3	exact	7	7	C43	Petrov's Defense: Modern Attack, Center Variation
C.Pet.Mod.Nxe4.Bd3.Nc6	exact	8	8	C43	Petrov's Defense: Modern Attack, Murrey Variation
C.Pet.Mod.Nxe4.Bd3.d5	prefix	7	8	C43	Petrov's Defense: Modern Attack, Center Variation
C.Pet.Mod.Nxe4.Bd3.d5.Nxe5	prefix	7	9	C43	Petrov's Defense: Modern Attack, Center Variation
C.Pet.Mod.d5	exact	6	6	C43	Petrov's Defense: Modern Attack, Symmetrical Variation
C.Pon.Jae.d3	exact	7	7	C44	Ponziani Opening: Jaenisch Counterattack
C.Pon.Jae.d3.d5	exact	8	8	C44	Ponziani Opening: Jaenisch Counterattack
C.Pon.Jae.d3.d5.Nbd2	exact	9	9	C44	Ponziani Opening: Jaenisch Counterattack
C.Pon.Jae.Bc4	exact	7	7	C44	Ponziani Opening: Neumann Gambit
C.Pon.Jae.d4	prefix	6	7	C44	Ponziani Opening: Jaenisch Counterattack
C.Pon.Jae.d4.Nxe4	prefix	6	8	C44	Ponziani Opening: Jaenisch Counterattack
C.Pon.Jae.d4.Nxe4.d5	prefix	6	9	C44	Ponziani Opening: Jaenisch Counterattack
C.Pon.Jae.d4.Nxe4.d5.Bc5	exact	10	10	C44	Ponziani Opening: Vukovic Gambit
C.Fou.Sco.exd4	exact	8	8	C47	Four Knights Game: Scotch Variation Accepted
C.Fou.Sco.exd4.Nxd4	prefix	8	9	C47	Four Knights Game: Scotch Variation Accepted
C.Fou.Sco.exd4.Nxd4.Nxe4	exact	10	10	C47	Four Knights Game: Scotch Variation, Schmid Defense
C.Fou.Sco.Bb4	prefix	7	8	C47	Four Knights Game: Scotch Variation
C.Fou.Sco.Bb4.Nxe5	exact	9	9	C47	Four Knights Game: Scotch Variation, Krause Gambit
C.Fou.Sco.Bb4.Nxe5.Qe7	exact	10	10	C47	Four Knights Game: Scotch Variation, Krause Gambit, Leonhardt Defense
C.Fou.Sco.Bb4.d5	prefix	7	9	C47	Four Knights Game: Scotch Variation
C.Fou.Sco.Bb4.d5.Nd4	exact	10	10	C47	Four Knights Game: Scotch Variation, Oxford Gambit
A.Bar.e5	prefix	1	2	A00	Barnes Opening
A.Bar.e5.g4	prefix	1	3	A00	Barnes Opening
A.Bar.e5.g4.Qh4	exact	4	4	A00	Barnes Opening: Fool's Mate
A.Bar.e5.Kf2	exact	3	3	A00	Barnes Opening: Hammerschlag
A.Bar.d5	prefix	1	2	A00	Barnes Opening
A.Bar.d5.e4	prefix	1	3	A00	Barnes Opening
A.Bar.d5.e4.g6	prefix	1	4	A00	Barnes Opening
A.Bar.d5.e4.g6.d4	prefix	1	5	A00	Barnes Opening
A.Bar.d5.e4.g6.d4.dxe4	prefix	1	6	A00	Barnes Opening
A.Bar.f5	prefix	1	2	A00	Barnes Opening
A.Bar.f5.e4	prefix	1	3	A00	Barnes Opening
A.Bar.f5.e4.fxe4	prefix	1	4	A00	Barnes Opening
A.Bar.f5.e4.fxe4.Nc3	exact	5	5	A00	Barnes Opening: Gedult Gambit
A.Gro.Gbt.c6	exact	4	4	A00	Grob Opening: Grob Gambit Declined
A.Gro.Gbt.c6.c4	prefix	4	5	A00	Grob Opening: Grob Gambit Declined
A.Gro.Gbt.c6.c4.dxc4	prefix	4	6	A00	Grob Opening: Grob Gambit Declined
A.Gro.Gbt.c6.c4.dxc4.b3	exact	7	7	A00	Grob Opening: Grob Gambit, Richter-Grob Gambit
A.Gro.Gbt.h5	prefix	3	4	A00	Grob Opening: Grob Gambit
A.Gro.Gbt.h5.gxh5	exact	5	5	A00	Grob Opening: Grob Gambit, Basman Gambit
A.Gro.Gbt.e5	prefix	3	4	A00	Grob Opening: Grob Gambit
A.Gro.Gbt.e5.d4	prefix	3	5	A00	Grob Opening: Grob Gambit
A.Gro.Gbt.e5.d4.exd4	prefix	3	6	A00	Grob Opening: Grob Gambit
A.Gro.Gbt.e5.d4.exd4.c3	exact	7	7	A00	Grob Opening: Grob Gambit, Keres Gambit
A.Pol.Cen.Bb2	prefix	2	3	A00	Polish Opening, with d5
A.Pol.Cen.Bb2.Nf6	prefix	2	4	A00	Polish Opening, with d5
A.Pol.Cen.Bb2.Nf6.Nf3	exact	5	5	A00	Polish Opening, with d5
A.Pol.Cen.Bb2.Qd6	exact	4	4	A00	Polish Opening: German Defense
A.Pol.Cen.Bb2.c6	prefix	2	4	A00	Polish Opening, with d5
A.Pol.Cen.Bb2.c6.a4	exact	5	5	A00	Polish Opening: Myers Variation
A.Pol.Cen.Nf3	exact	3	3	A06	Zukertort Opening: Santasiere's Folly
A.VtK.e5	prefix	1	2	A00	Van't Kruijs Opening
A.VtK.e5.Bc4	prefix	1	3	A00	Van't Kruijs Opening
A.VtK.e5.Bc4.b5	prefix	1	4	A00	Van't Kruijs Opening
A.VtK.e5.Bc4.b5.Bb3	exact	5	5	A00	Van't Kruijs Opening: Bouncing Bishop Variation
A.VtK.e5.Nc3	prefix	1	3	A00	Van't Kruijs Opening
A.VtK.e5.Nc3.Nf6	prefix	1	4	A00	Van't Kruijs Opening
A.VtK.e5.Nc3.Nf6.f4	prefix	1	5	A00	Van't Kruijs Opening
A.VtK.e5.Nc3.Nf6.f4.exf4	prefix	1	6	A00	Van't Kruijs Opening
A.VtK.e5.Nc3.Nc6	prefix	1	4	A00	Van't Kruijs Opening
A.VtK.e5.Nc3.Nc6.f4	prefix	1	5	A00	Van't Kruijs Opening
A.VtK.e5.Nc3.d5	prefix	1	4	A00	Van't Kruijs Opening
A.VtK.e5.Nc3.d5.f4	prefix	1	5	A00	Van't Kruijs Opening
A.Mod.Nc3	prefix	2	5	A40	Queen's Pawn Game: Modern Defense
A.Mod.Nc3.c5	prefix	2	6	A40	Queen's Pawn Game: Modern Defense
A.Mod.Nc3.c5.e3	exact	7	7	A40	Pterodactyl Defense: Queen Pterodactyl, Quiet Line
A.Mod.Nc3.c5.d5	prefix	2	7	A40	Queen's Pawn Game: Modern Defense
A.Mod.Nc3.c5.d5.Bxc3	prefix	2	8	A40	Queen's Pawn Game: Modern Defense
A.Mod.Nc3.c5.d5.Bxc3.bxc3	prefix	2	9	A40	Queen's Pawn Game: Modern Defense
E.Ben.Old.dxc5	exact	3	3	A43	Benoni Defense: Benoni Gambit Accepted
E.Ben.Old.dxc5.Na6	exact	4	4	A43	Benoni Defense: Benoni Gambit, Schlenker Defense
E.Ben.Old.dxc5.b6	exact	4	4	A43	Benoni Defense: Cormorant Gambit
E.Ben.Old.c4	prefix	2	3	A43	Benoni Defense: Old Benoni
E.Ben.Old.c4.cxd4	prefix	2	4	A43	Benoni Defense: Old Benoni
E.Ben.Old.c4.cxd4.e3	exact	5	5	A43	Queen's Pawn Game: Liedmann Gambit
B.Pir.Pre.f4	exact	3	3	B00	Rat Defense: Harmonist
B.Pir.Pre.f4.d5	prefix	3	4	B00	Rat Defense: Harmonist
B.Pir.Pre.f4.d5.exd5	prefix	3	5	B00	Rat Defense: Harmonist
B.Pir.Pre.f4.d5.exd5.Nf6	exact	6	6	B00	Rat Defense: Fuller Gambit
B.Pir.Pre.h4	exact	3	3	B00	Rat Defense: Petruccioli Attack
B.Pir.Pre.g4	exact	3	3	B00	Rat Defense: Spike Attack
B.Sca.Nf6.d4	exact	5	5	B01	Scandinavian Defense: Modern Variation
B.Sca.Nf6.d4.g6	exact	6	6	B01	Scandinavian Defense: Richter Variation
B.Sca.Nf6.d4.g6.c4	prefix	6	7	B01	Scandinavian Defense: Richter Variation
B.Sca.Nf6.d4.g6.c4.b5	exact	8	8	B01	Scandinavian Defense: Modern Variation, Wing Gambit
B.Sca.Nf6.d4.c6	prefix	5	6	B01	Scandinavian Defense: Modern Variation
B.Sca.Nf6.d4.c6.dxc6	prefix	5	7	B01	Scandinavian Defense: Modern Variation
B.Sca.Nf6.d4.c6.dxc6.e5	exact	8	8	B01	Scandinavian Defense: Kádas Gambit
D.Bgm.Acc.Nxf3	prefix	8	9	D00	Blackmar-Diemer Gambit Accepted
D.Bgm.Acc.Nxf3.Qd6	exact	10	10	D00	Blackmar-Diemer Gambit Accepted: Holwell Defense
D.Bgm.Acc.Nxf3.c5	exact	10	10	D00	Blackmar-Diemer Gambit Accepted: Kaulich Defense
D.Bgm.Acc.Nxf3.Nc6	exact	10	10	D00	Blackmar-Diemer Gambit Accepted: Pietrowsky Defense
D.Bgm.Acc.Nxf3.b6	exact	10	10	D00	Blackmar-Diemer Gambit Accepted: Ritter Defense
D.Bgm.Acc.Nxf3.Nbd7	exact	10	10	D00	Blackmar-Diemer Gambit Accepted: Schlutter Defense
D.QPG.Chi.e6	exact	4	4	D00	Queen's Pawn Game: Chigorin Variation
D.QPG.Chi.e6.Bf4	exact	5	5	D01	Rapport-Jobava System, with e6
D.QPG.Chi.Bg4	exact	4	4	D00	Queen's Pawn Game: Chigorin Variation, Anti-Veresov
D.QPG.Chi.e5	exact	4	4	D00	Queen's Pawn Game: Chigorin Variation, Shaviliuk Gambit
D.QPG.Chi.h5	exact	4	4	D00	Queen's Pawn Game: Chigorin Variation, Shropshire Defense
D.QGD.Exc.Bg5	prefix	6	9	D35	Queen's Gambit Declined: Normal Defense
D.QGD.Exc.Bg5.c6	prefix	6	10	D35	Queen's Gambit Declined: Normal Defense
D.QGD.Exc.Bg5.c6.Qc2	prefix	6	11	D35	Queen's Gambit Declined: Normal Defense
D.QGD.Exc.Bg5.Be7	prefix	6	10	D35	Queen's Gambit Declined: Normal Defense
D.QGD.Exc.Bg5.Be7.e3	prefix	6	11	D35	Queen's Gambit Declined: Normal Defense
D.QGD.Exc.Bg5.Be7.e3.h6	prefix	6	12	D35	Queen's Gambit Declined: Normal Defense
D.QGD.Lsk.Bxe7	prefix	8	15	D53	Queen's Gambit Declined
D.QGD.Lsk.Bxe7.Qxe7	prefix	8	16	D53	Queen's Gambit Declined
D.QGD.Lsk.Bxe7.Qxe7.Qc2	prefix	8	17	D53	Queen's Gambit Declined
D.QGD.Lsk.Bxe7.Qxe7.cxd5	prefix	8	17	D53	Queen's Gambit Declined
D.QGD.Lsk.Bxe7.Qxe7.cxd5.Nxc3	prefix	8	18	D53	Queen's Gambit Declined
E.Nim.Kas.c5	prefix	7	8	E21	Nimzo-Indian Defense: Three Knights Variation
E.Nim.Kas.c5.g3	prefix	7	9	E21	Nimzo-Indian Defense: Three Knights Variation
E.Nim.Kas.c5.g3.O-O	prefix	7	10	E21	Nimzo-Indian Defense: Three Knights Variation
E.Nim.Kas.c5.g3.cxd4	prefix	7	10	E21	Nimzo-Indian Defense: Three Knights Variation
E.Nim.Kas.c5.g3.cxd4.Nxd4	prefix	7	11	E21	Nimzo-Indian Defense: Three Knights Variation
E.Nim.Kas.b6	prefix	7	8	E21	Nimzo-Indian Defense: Three Knights Variation
E.Nim.Kas.b6.e3	prefix	7	9	E21	Nimzo-Indian Defense: Three Knights Variation
E.Nim.Kas.b6.e3.Ne4	prefix	7	10	E21	Nimzo-Indian Defense: Three Knights Variation
E.Nim.Kas.b6.e3.Ne4.Qc2	exact	11	11	E43	Nimzo-Indian Defense: St. Petersburg Variation
E.Nim.Cls.Noa.Ne4	exact	12	12	E36	Nimzo-Indian Defense: Classical Variation, Noa Variation, Main Line
E.Nim.Cls.Noa.Ne4.Qc2	exact	13	13	E37	Nimzo-Indian Defense: Classical Variation, Noa Variation
E.Nim.Cls.Noa.Ne4.Qc2.c5	exact	14	14	E37	Nimzo-Indian Defense: Classical Variation, Modern Variation
E.Nim.Cls.Noa.Ne4.Qc2.Nc6	prefix	13	14	E37	Nimzo-Indian Defense: Classical Variation, Noa Variation
E.Nim.Cls.Noa.Nc6	exact	12	12	E36	Nimzo-Indian Defense: Classical Variation, Noa Variation, Botvinnik Variation
E.Nim.Cls.Noa.c5	exact	12	12	E36	Nimzo-Indian Defense: Classical Variation, Romanishin Gambit
E.Nim.Rub.Cls.Nf3	prefix	10	11	E48	Nimzo-Indian Defense: Normal Variation, Classical Defense
E.Nim.Rub.Cls.Nf3.Nc6	prefix	10	12	E48	Nimzo-Indian Defense: Normal Variation, Classical Defense
E.Nim.Rub.Cls.Nf3.Nc6.O-O	exact	13	13	E48	Nimzo-Indian Defense: Ragozin Defense
E.Nim.Rub.Cls.Nf3.b6	exact	12	12	E52	Nimzo-Indian Defense: Normal Variation, Schlechter Defense
E.Nim.Rub.Cls.a3	prefix	10	11	E48	Nimzo-Indian Defense: Normal Variation, Classical Defense
E.Nim.Rub.Cls.a3.Bxc3	prefix	10	12	E48	Nimzo-Indian Defense: Normal Variation, Classical Defense
E.Nim.Rub.Cls.a3.Bxc3.bxc3	exact	13	13	E49	Nimzo-Indian Defense: Normal Variation, Botvinnik System
A.Ret.Adv.b4	prefix	4	5	A09	Réti Opening: Advance Variation
A.Ret.Adv.b4.c5	exact	6	6	A09	Réti Opening: Advance Variation, Michel Gambit
A.Ret.Adv.b4.g5	exact	6	6	A09	Réti Opening: Advance Variation, Navara Gambit
A.Ret.Adv.Rg1	exact	5	5	A09	Réti Opening: Penguin Variation
A.Ret.Adv.e3	prefix	4	5	A09	Réti Opening: Advance Variation
A.Ret.Adv.e3.c5	prefix	4	6	A09	Réti Opening: Advance Variation
A.Ret.Adv.e3.c5.b4	exact	7	7	A09	Réti Opening: Reversed Blumenfeld Gambit
A.Eng.Mik.Nc6	prefix	4	6	A17	English Opening: Anglo-Indian Defense, Hedgehog System
A.Eng.Mik.d5	prefix	4	6	A17	English Opening: Anglo-Indian Defense, Hedgehog System
A.Eng.Mik.d5.e5	prefix	4	7	A17	English Opening: Anglo-Indian Defense, Hedgehog System
A.Eng.Mik.c5	prefix	4	6	A17	English Opening: Anglo-Indian Defense, Hedgehog System
A.Eng.Mik.c5.e5	prefix	4	7	A17	English Opening: Anglo-Indian Defense, Hedgehog System
A.Eng.Mik.c5.e5.Ng8	prefix	4	8	A17	English Opening: Anglo-Indian Defense, Hedgehog System
A.OID.Nf6.g4	prefix	3	5	A41	Old Indian Defense
A.OID.Nf6.Nc3	prefix	3	5	A41	Old Indian Defense
A.OID.Nf6.Nc3.c6	prefix	3	6	A41	Old Indian Defense
A.OID.Nf6.Nf3	prefix	3	5	A41	Old Indian Defense
A.OID.Nf6.Nf3.c6	prefix	3	6	A41	Old Indian Defense
A.OID.Nf6.Nf3.Bg4	prefix	3	6	A41	Old Indian Defense
A.Hol.Alp.e6	prefix	3	4	A80	Dutch Defense: Alapin Variation
A.Hol.Alp.e6.g4	exact	5	5	A80	Dutch Defense: Manhattan Gambit, Anti-Classical Line
A.Hol.Alp.g6	prefix	3	4	A80	Dutch Defense: Alapin Variation
A.Hol.Alp.g6.g4	exact	5	5	A80	Dutch Defense: Manhattan Gambit, Anti-Leningrad
A.Hol.Alp.d6	prefix	3	4	A80	Dutch Defense: Alapin Variation
A.Hol.Alp.d6.g4	exact	5	5	A80	Dutch Defense: Manhattan Gambit, Anti-Modern
A.Hol.Alp.d5	prefix	3	4	A80	Dutch Defense: Alapin Variation
A.Hol.Alp.d5.g4	exact	5	5	A80	Dutch Defense: Manhattan Gambit, Anti-Stonewall
A.Hol.Sta.MLn.g6	prefix	7	8	A83	Dutch Defense: Staunton Gambit
A.Hol.Sta.MLn.g6.h4	exact	9	9	A83	Dutch Defense: Staunton Gambit, Alekhine Variation
A.Hol.Sta.MLn.g6.f3	exact	9	9	A83	Dutch Defense: Staunton Gambit, Lasker Variation
A.Hol.Sta.MLn.c6	exact	8	8	A83	Dutch Defense: Staunton Gambit, Chigorin Variation
A.Hol.Sta.MLn.b6	exact	8	8	A83	Dutch Defense: Staunton Gambit, Nimzowitsch Variation
B.CaK.Two.dxe4	prefix	5	6	B10	Caro-Kann Defense: Two Knights Attack
B.CaK.Two.dxe4.Ng5	exact	7	7	B10	Caro-Kann Defense: Hector Gambit
B.CaK.Two.Bg4	exact	6	6	B11	Caro-Kann Defense: Two Knights Attack, Mindeno Variation
B.CaK.Two.Bg4.h3	prefix	6	7	B11	Caro-Kann Defense: Two Knights Attack, Mindeno Variation
B.CaK.Two.Bg4.h3.Bxf3	exact	8	8	B11	Caro-Kann Defense: Two Knights Attack, Mindeno Variation, Exchange Line
B.CaK.Two.Bg4.h3.Bh5	exact	8	8	B11	Caro-Kann Defense: Two Knights Attack, Mindeno Variation, Retreat Line
B.CaK.Pmv.Nf6	prefix	7	8	B13	Caro-Kann Defense: Panov Attack
B.CaK.Pmv.Nf6.c5	exact	9	9	B13	Caro-Kann Defense: Panov Attack, Gunderam Attack
B.CaK.Pmv.Nf6.Nc3	exact	9	9	B13	Caro-Kann Defense: Panov Attack
B.CaK.Pmv.Nf6.Nc3.e6	exact	10	10	B14	Caro-Kann Defense: Panov Attack
B.CaK.Pmv.Nf6.Nc3.e6.Nf3	prefix	10	11	B14	Caro-Kann Defense: Panov Attack
B.CaK.Cls.Ng3	prefix	6	9	B15	Caro-Kann Defense
B.CaK.Cls.Ng3.Bg6	prefix	6	10	B15	Caro-Kann Defense
B.CaK.Cls.Ng3.Bg6.Nh3	prefix	6	11	B15	Caro-Kann Defense
B.CaK.Cls.Ng3.Bg6.h4	prefix	6	11	B15	Caro-Kann Defense
B.CaK.Cls.Ng3.Bg6.f4	prefix	6	11	B15	Caro-Kann Defense
B.CaK.Cls.Ng5	prefix	6	9	B15	Caro-Kann Defense
B.CaK.Cls.Ng5.Bg6	prefix	6	10	B15	Caro-Kann Defense
B.CaK.Cls.Ng5.Bg6.N1f3	prefix	6	11	B15	Caro-Kann Defense
B.CaK.Cls.Ng5.Bg6.N1f3.h6	prefix	6	12	B15	Caro-Kann Defense
B.Fre.Cls.exd5	exact	7	7	C11	French Defense: Classical Variation, Delayed Exchange Variation
B.Fre.Cls.exd5.exd5	prefix	7	8	C11	French Defense: Classical Variation, Delayed Exchange Variation
B.Fre.Cls.exd5.exd5.Bg5	exact	9	9	C01	French Defense: Exchange Variation, Svenonius Variation
B.Fre.Cls.Bd3	exact	7	7	C11	French Defense: Classical Variation, Swiss Variation
B.Fre.Cls.Be3	exact	7	7	C11	French Defense: Henneberger Variation
C.Sco.Cls.Nb3	exact	9	9	C45	Scotch Game: Potter Variation
C.Sco.Cls.Nb3.Bb4	exact	10	10	C45	Scotch Game: Romanishin Variation
C.Sco.Cls.Nxc6	prefix	8	9	C45	Scotch Game: Classical Variation
C.Sco.Cls.Nxc6.Qf6	exact	10	10	C45	Scotch Game: Classical Variation, Intermezzo Variation
C.Sco.Cls.Be3	prefix	8	9	C45	Scotch Game: Classical Variation
C.Sco.Cls.Be3.Qf6	prefix	8	10	C45	Scotch Game: Classical Variation
C.Sco.Cls.Be3.Qf6.Nb5	exact	11	11	C45	Scotch Game: Blumenfeld Attack
D.Bgm.Cap.Nc3.e5.dxe5	exact	7	7	D00	Blackmar-Diemer Gambit: Lemberger Countergambit, Endgame Variation
D.Bgm.Cap.Nc3.e5.Nxe4	exact	7	7	D00	Blackmar-Diemer Gambit: Lemberger Countergambit, Lange Gambit
D.Bgm.Cap.Nc3.e5.Nge2	exact	7	7	D00	Blackmar-Diemer Gambit: Lemberger Countergambit, Rasmussen Attack
D.Bgm.Cap.Nc3.e5.Qh5	exact	7	7	D00	Blackmar-Diemer Gambit: Lemberger Countergambit, Sneiders Attack
D.Bgm.Cap.Nc3.e5.Be3	exact	7	7	D00	Blackmar-Diemer Gambit: Lemberger Countergambit, Soller Attack
D.Sla.Cze.Kra.MLn.Nbd7	prefix	11	12	D17	Slav Defense: Czech Variation, Krause Attack
D.Sla.Cze.Kra.MLn.Nbd7.Nxc4	prefix	11	13	D17	Slav Defense: Czech Variation, Krause Attack
D.Sla.Cze.Kra.MLn.Na6	prefix	11	12	D17	Slav Defense: Czech Variation, Krause Attack
D.Sla.Cze.Kra.MLn.Na6.e4	exact	13	13	D17	Slav Defense: Czech Variation, Krause Attack, Fazekas Gambit
D.Sla.Cze.Kra.MLn.e6	exact	12	12	D17	Slav Defense: Czech Variation, Wiesbaden Variation
D.Sla.Cze.Kra.MLn.e6.f3	prefix	12	13	D17	Slav Defense: Czech Variation, Wiesbaden Variation
A.Eng.Agi.Nf3.Nf6	prefix	3	4	A13	English Opening: Agincourt Defense
A.Eng.Agi.Nf3.Nf6.g3	prefix	3	5	A13	English Opening: Agincourt Defense
A.Eng.Agi.Nf3.Nf6.g3.b6	prefix	3	6	A13	English Opening: Agincourt Defense
A.Eng.Agi.Nf3.Nf6.g3.a6	exact	6	6	A15	English Opening: Anglo-Indian Defense, Romanishin Variation
A.Eng.Agi.Nf3.Nf6.Nc3	prefix	3	5	A13	English Opening: Agincourt Defense
A.Eng.Agi.Nf3.Nf6.Nc3.c5	prefix	3	6	A13	English Opening: Agincourt Defense
A.Ret.Ang.MLn.Nf6.Qc2	prefix	3	7	A09	Réti Opening
A.Ret.Ang.MLn.Nf6.Nc3	prefix	3	7	A09	Réti Opening
A.Ret.Ang.MLn.Nf6.Nc3.Nbd7	prefix	3	8	A09	Réti Opening
A.Ret.Ang.MLn.Nf6.Nc3.e6	prefix	3	8	A09	Réti Opening
B.Sca.Mod.Mie.e5	exact	8	8	B01	Scandinavian Defense: Anderssen Counterattack
B.Sca.Mod.Mie.e5.Nf3	exact	9	9	B01	Scandinavian Defense: Anderssen Counterattack, Goteborg System
B.Sca.Mod.Mie.e5.Nf3.Bg4	exact	10	10	B01	Scandinavian Defense: Anderssen Counterattack, Collijn Variation
B.Sca.Mod.Mie.e5.dxe5	prefix	8	9	B01	Scandinavian Defense: Anderssen Counterattack
B.Sca.Mod.Mie.e5.dxe5.Nc6	prefix	8	10	B01	Scandinavian Defense: Anderssen Counterattack
B.Sca.Mod.Mie.Nf6	exact	8	8	B01	Scandinavian Defense: Main Line, Mieses Variation
B.CaK.Pmv.Nc6.Bg5	prefix	10	11	B13	Caro-Kann Defense: Panov Attack, Modern Defense
B.CaK.Pmv.Nc6.Bg5.e6	exact	12	12	B13	Caro-Kann Defense: Panov Attack, Modern Defense, Carlsbad Line
B.CaK.Pmv.Nc6.Bg5.Qa5	exact	12	12	B13	Caro-Kann Defense: Panov Attack, Modern Defense, Czerniak Line
B.CaK.Pmv.Nc6.Bg5.Qb6	exact	12	12	B13	Caro-Kann Defense: Panov Attack, Modern Defense, Reifir-Spielmann Line
B.CaK.Pmv.Nc6.Bg5.dxc4	prefix	10	12	B13	Caro-Kann Defense: Panov Attack, Modern Defense
B.CaK.Pmv.Nc6.Bg5.dxc4.d5	prefix	10	13	B13	Caro-Kann Defense: Panov Attack, Modern Defense
B.Sic.Acc.Mar.Bg7	exact	10	10	B37	Sicilian Defense: Accelerated Dragon, Maróczy Bind
B.Sic.Acc.Mar.Bg7.Be3	exact	11	11	B38	Sicilian Defense: Accelerated Dragon, Maróczy Bind
B.Sic.Acc.Mar.Bg7.Be3.Nf6	prefix	11	12	B38	Sicilian Defense: Accelerated Dragon, Maróczy Bind
B.Sic.Acc.Mar.Bg7.Nc2	prefix	10	11	B37	Sicilian Defense: Accelerated Dragon, Maróczy Bind
B.Sic.Acc.Mar.Bg7.Nc2.d6	prefix	10	12	B37	Sicilian Defense: Accelerated Dragon, Maróczy Bind
B.Sic.Naj.Eng.e6	prefix	11	12	B90	Sicilian Defense: Najdorf Variation, English Attack
B.Sic.Naj.Eng.e6.Qd2	exact	13	13	B80	Sicilian Defense: Scheveningen Variation, English Attack, with Qd2
B.Sic.Naj.Eng.e6.g4	exact	13	13	B90	Sicilian Defense: Scheveningen Variation, Delayed Keres Attack
B.Sic.Naj.Eng.e6.g4.e5	prefix	13	14	B90	Sicilian Defense: Scheveningen Variation, Delayed Keres Attack
B.Sic.Naj.Eng.Ng4	exact	12	12	B90	Sicilian Defense: Najdorf Variation, English Attack, Anti-English
B.Fre.Tar.Cls.MLn.Bd3	prefix	6	9	C05	French Defense: Tarrasch Variation, Closed Variation
B.Fre.Tar.Cls.MLn.Bd3.c5	prefix	6	10	C05	French Defense: Tarrasch Variation, Closed Variation
B.Fre.Tar.Cls.MLn.f4	exact	9	9	C05	French Defense: Tarrasch Variation, Pawn Center Variation
C.Vie.Fal.MLn.Qh5	prefix	6	7	C27	Vienna Game: Frankenstein-Dracula Variation
C.Vie.Fal.MLn.Qh5.Nd6	prefix	6	8	C27	Vienna Game: Frankenstein-Dracula Variation
C.Vie.Fal.MLn.Qh5.Nd6.Bb3	prefix	6	9	C27	Vienna Game: Frankenstein-Dracula Variation
C.Sco.Cls.Sch.Qd2	exact	13	13	C45	Scotch Game: Classical Variation, Blackburne Attack
C.Sco.Cls.Sch.Qd2.d5	prefix	13	14	C45	Scotch Game: Classical Variation, Blackburne Attack
C.Sco.Cls.Sch.Nc2	exact	13	13	C45	Scotch Game: Meitner Variation
C.Sco.Cls.Sch.Bb5	exact	13	13	C45	Scotch Game: Paulsen Attack
C.Sco.Cls.Sch.Bb5.Nd8	exact	14	14	C45	Scotch Game: Paulsen, Gunsberg Defense
C.RyL.Shl.Jae.fxe4	prefix	7	8	C63	Ruy Lopez: Schliemann Defense, Dyckhoff Variation
C.RyL.Shl.Jae.fxe4.Nxe4	prefix	7	9	C63	Ruy Lopez: Schliemann Defense, Dyckhoff Variation
C.RyL.Shl.Jae.fxe4.Nxe4.d5	prefix	7	10	C63	Ruy Lopez: Schliemann Defense, Dyckhoff Variation
C.RyL.Shl.Jae.fxe4.Nxe4.Be7	exact	10	10	C63	Ruy Lopez: Schliemann Defense, Kostić Defense
C.RyL.Shl.Jae.fxe4.Nxe4.Nf6	exact	10	10	C63	Ruy Lopez: Schliemann Defense, Tartakower Variation
C.RyL.Mor.Ba4.Nd4	exact	8	8	C70	Ruy Lopez: Bird's Defense Deferred
C.RyL.Mor.Ba4.Bb4	exact	8	8	C70	Ruy Lopez: Morphy Defense, Alapin's Defense Deferred
C.RyL.Mor.Ba4.Nge7	exact	8	8	C70	Ruy Lopez: Morphy Defense, Cozio Defense
C.RyL.Mor.Ba4.f5	exact	8	8	C70	Ruy Lopez: Morphy Defense, Schliemann Defense Deferred
C.RyL.Mor.Ba4.f5.exf5	exact	9	9	C70	Ruy Lopez: Morphy Defense, Schliemann Defense Deferred, Jaenisch Gambit Deferred
D.QPG.Ver.Ne4	prefix	3	6	D00	Queen's Pawn Game: Chigorin Variation
D.QPG.Ver.Nbd7	prefix	3	6	D00	Queen's Pawn Game: Chigorin Variation
D.QPG.Ver.Nbd7.Nf3	prefix	3	7	D00	Queen's Pawn Game: Chigorin Variation
D.QPG.Ver.Nbd7.Nf3.g6	prefix	3	8	D00	Queen's Pawn Game: Chigorin Variation
D.QPG.Ver.c5	prefix	3	6	D00	Queen's Pawn Game: Chigorin Variation
D.QPG.Ver.c5.Bxf6	prefix	3	7	D00	Queen's Pawn Game: Chigorin Variation
D.QPG.Ver.c5.Bxf6.gxf6	prefix	3	8	D00	Queen's Pawn Game: Chigorin Variation
D.QGA.Cen.Nf6	exact	6	6	D20	Queen's Gambit Accepted: Central Variation, Alekhine System
D.QGA.Cen.c5	exact	6	6	D20	Queen's Gambit Accepted: Central Variation, Rubinstein Defense
D.QGA.Cen.c5.d5	prefix	6	7	D20	Queen's Gambit Accepted: Central Variation, Rubinstein Defense
D.QGA.Cen.c5.d5.b5	exact	8	8	D20	Queen's Gambit Accepted: Central Variation, Rubinstein Defense, Yefimov Gambit
D.QGA.Cen.f5	exact	6	6	D20	Queen's Gambit Accepted: Schwartz Defense
D.QGA.Cls.O-O	exact	11	11	D26	Queen's Gambit Accepted: Classical Defense, Normal Line
D.QGA.Cls.O-O.Nc6	exact	12	12	D26	Queen's Gambit Accepted: Classical Defense, Steinitz Variation, Development Variation
D.QGA.Cls.O-O.cxd4	exact	12	12	D26	Queen's Gambit Accepted: Classical Defense, Steinitz Variation, Exchange Variation
E.QID.Euw.Bd3	exact	9	9	E14	Queen's Indian Defense: Spassky System
E.QID.Euw.Bd3.d5	exact	10	10	E14	Queen's Indian Defense: Spassky System
E.QID.Euw.Bd3.c5	exact	10	10	E14	Queen's Indian Defense: Spassky System3
E.QID.Euw.Bd3.c5.O-O	prefix	10	11	E14	Queen's Indian Defense: Spassky System3
E.QID.Euw.Bd3.c5.O-O.Be7	prefix	10	12	E14	Queen's Indian Defense: Spassky System3
E.KID.Fch.MLn.Nc6	prefix	5	12	E61	King's Indian Defense
E.KID.Fch.MLn.Nc6.O-O	prefix	5	13	E61	King's Indian Defense
E.KID.Fch.MLn.Nc6.O-O.Bg4	prefix	5	14	E61	King's Indian Defense
E.KID.Fch.MLn.Nc6.O-O.Bf5	prefix	5	14	E61	King's Indian Defense
E.KID.Fch.MLn.Nbd7	prefix	5	12	E61	King's Indian Defense
E.KID.Fch.MLn.c5	prefix	5	12	E61	King's Indian Defense
E.KID.Fch.Kav.Nc3	prefix	7	13	E60	King's Indian Defense: Fianchetto Variation
E.KID.Fch.Kav.Nc3.e5	exact	14	14	E67	King's Indian Defense: Fianchetto Variation, Classical Fianchetto
E.KID.Fch.Kav.Nc3.e5.e4	exact	15	15	E68	King's Indian Defense: Fianchetto Variation, Classical Variation
E.KID.Fou.O-O	prefix	9	10	E76	King's Indian Defense: Four Pawns Attack
E.KID.Fou.Na6	exact	10	10	E76	King's Indian Defense: Four Pawns Attack, Modern Defense
E.KID.Fou.O-O.Be2	prefix	9	11	E76	King's Indian Defense: Four Pawns Attack
E.KID.Fou.O-O.Be2.c5	prefix	9	12	E76	King's Indian Defense: Four Pawns Attack
E.KID.Fou.O-O.Nf3	prefix	9	11	E76	King's Indian Defense: Four Pawns Attack
E.KID.Fou.O-O.Nf3.c5	prefix	9	12	E76	King's Indian Defense: Four Pawns Attack
E.KID.Fou.O-O.Nf3.c5.Be2	exact	13	13	E78	King's Indian Defense: Four Pawns Attack, Fluid Attack
E.Ben.Mod.Cls.MLn.a6	prefix	17	18	A73	Benoni Defense: Classical Variation, Main Line
E.Ben.Mod.Cls.MLn.a6.a4	exact	19	19	A74	Benoni Defense: Classical Variation, Full Line
E.Ben.Mod.Cls.MLn.Re8	exact	18	18	A76	Benoni Defense: Classical Variation, Czerniak Defense
B.Fre.Cls.MLn.e5.Nfd7.Bxe7	prefix	8	11	C13	French Defense: Classical Variation, Normal Variation
B.Fre.Cls.MLn.e5.Nfd7.Qg4	prefix	8	11	C13	French Defense: Classical Variation, Normal Variation
B.Fre.Cls.MLn.e5.Nfd7.Qd2	prefix	8	11	C13	French Defense: Classical Variation, Normal Variation
B.Fre.Cls.MLn.e5.Nfd7.f4	prefix	8	11	C13	French Defense: Classical Variation, Normal Variation
B.Fre.Cls.MLn.e5.Nfd7.Bd3	prefix	8	11	C13	French Defense: Classical Variation, Normal Variation
C.KGm.Dec.Cls.c3	exact	7	7	C30	King's Gambit Declined: Classical Variation
C.KGm.Dec.Cls.c3.Bg4	prefix	7	8	C30	King's Gambit Declined: Classical Variation
C.KGm.Dec.Cls.c3.f5	exact	8	8	C30	King's Gambit Declined: Classical Variation, Rubinstein Countergambit
C.KGm.Dec.Cls.c3.f5.fxe5	prefix	8	9	C30	King's Gambit Declined: Classical Variation, Rubinstein Countergambit
C.KGm.Dec.Cls.b4	exact	7	7	C30	King's Gambit Declined: Classical Variation, Rotlewi Countergambit
C.KGm.Dec.Cls.Nc3	prefix	4	7	C30	King's Gambit Declined: Classical Variation
C.KGm.Dec.Cls.Nc3.Nd7	exact	8	8	C30	King's Gambit Declined: Classical, Hanham Variation
C.KGm.Dec.Cls.fxe5	exact	7	7	C30	King's Gambit Declined: Classical, Soldatenkov Variation
C.KGm.Acc.Muz.MLn.Qxf3.Qf6	exact	12	12	C37	King's Gambit Accepted: Muzio Gambit, Sarratt Defense
C.KGm.Acc.Muz.MLn.Qxf3.Qe7	exact	12	12	C37	King's Gambit Accepted: Muzio Gambit Accepted, From's Defense
C.KGm.Acc.Muz.MLn.Qxf3.Nc6	exact	12	12	C37	King's Gambit Accepted: Muzio Gambit, Holloway Defense
C.KGm.Acc.All.MLn.Nxf7.Kxf7	prefix	11	12	C39	King's Gambit Accepted: Kieseritzky Gambit, Cotter Gambit
C.KGm.Acc.Kie.MLn.Bc4	prefix	10	11	C39	King's Gambit Accepted: Kieseritzky Gambit, Berlin Defense
C.KGm.Acc.Kie.MLn.Bc4.d5	prefix	10	12	C39	King's Gambit Accepted: Kieseritzky Gambit, Berlin Defense
C.KGm.Acc.Kie.MLn.Nxg4	prefix	10	11	C39	King's Gambit Accepted: Kieseritzky Gambit, Berlin Defense
C.KGm.Acc.Kie.MLn.Nxg4.d5	exact	12	12	C39	King's Gambit Accepted: Kieseritzky Gambit, Berlin Defense, de Riviere Variation
C.Ita.Giu.Mol.MLn.Nxe4	prefix	13	14	C54	Italian Game: Giuoco Piano, Greco's Attack
C.Ita.Giu.Mol.MLn.Nxe4.O-O	prefix	13	15	C54	Italian Game: Giuoco Piano, Greco's Attack
C.Ita.Two.Opn.MLn.O-O.Nxe4	exact	10	10	C56	Italian Game: Scotch Gambit, Double Gambit Accepted
C.Ita.Two.Opn.MLn.O-O.d6	prefix	9	10	C56	Italian Game: Scotch Gambit
C.Ita.Two.Opn.MLn.O-O.Be7	prefix	9	10	C56	Italian Game: Scotch Gambit
C.Ita.Evn.Acc.Stn.d4	prefix	10	11	C52	Italian Game: Evans Gambit, Main Line
C.Ita.Evn.Acc.Stn.d4.d6	exact	12	12	C52	Italian Game: Evans Gambit, Bronstein Defense
C.Ita.Evn.Acc.Stn.d4.Nf6	exact	12	12	C52	Italian Game: Evans Gambit, Laroche Variation
C.Ita.Evn.Acc.Stn.d4.exd4	exact	12	12	C52	Italian Game: Evans Gambit, Pierce Defense
C.Ita.Evn.Acc.Stn.d4.b5	exact	12	12	C52	Italian Game: Evans Gambit, Leonhardt Countergambit
C.Ita.Evn.Acc.Stn.O-O.d6	exact	12	12	C52	Italian Game: Evans Gambit
C.Ita.Evn.Acc.Stn.O-O.Nf6	prefix	11	12	C52	Italian Game: Evans Gambit, Slow Variation
C.Ita.Pia.Nf6.MLn.a6	prefix	7	12	C50	Italian Game: Giuoco Pianissimo
C.Ita.Pia.Nf6.MLn.a6.a4	prefix	7	13	C50	Italian Game: Giuoco Pianissimo
C.Ita.Pia.Nf6.MLn.h6	prefix	7	12	C50	Italian Game: Giuoco Pianissimo
C.Ita.Pia.Nf6.MLn.h6.Nbd2	prefix	7	13	C50	Italian Game: Giuoco Pianissimo
A.Hor.Fch.Nf3	prefix	2	5	A40	Horwitz Defense
A.Hor.Fch.Nf3.c5	prefix	2	6	A40	Horwitz Defense
A.Hor.Fch.Nf3.c5.cxd5	prefix	2	7	A40	Horwitz Defense
A.Hor.Fch.Nc3	prefix	2	5	A40	Horwitz Defense
A.Hor.Fch.Nc3.c6	prefix	2	6	A40	Horwitz Defense
E.Ben.Bnk.Acc.MLn.g6	prefix	9	10	A58	Benko Gambit Accepted: Fully Accepted Variation
E.Ben.Bnk.Acc.MLn.g6.Nc3	prefix	9	11	A58	Benko Gambit Accepted: Fully Accepted Variation
E.Ben.Bnk.Acc.MLn.Bxa6.Nc3	prefix	9	11	A58	Benko Gambit Accepted: Fully Accepted Variation
B.Fre.Cls.MLn.ACh.Bxg5	prefix	11	12	C13	French Defense: Alekhine-Chatard Attack
B.Fre.Cls.MLn.ACh.Bxg5.hxg5	prefix	11	13	C13	French Defense: Alekhine-Chatard Attack
B.Fre.Cls.MLn.ACh.c5	exact	12	12	C13	French Defense: Alekhine-Chatard Attack, Breyer Variation
B.Fre.Cls.MLn.ACh.a6	exact	12	12	C13	French Defense: Alekhine-Chatard Attack, Maróczy Variation
B.Fre.Cls.MLn.ACh.O-O	exact	12	12	C13	French Defense: Alekhine-Chatard Attack, Spielmann Variation
B.Fre.Cls.MLn.ACh.f6	exact	12	12	C13	French Defense: Alekhine-Chatard Attack, Teichmann Variation
C.KGm.Acc.Bsh.Ble.Qf3	exact	9	9	C33	King's Gambit Accepted: Bishop's Gambit, Classical Defense, Cozio Attack
C.KGm.Acc.Bsh.Ble.Nc3	prefix	8	9	C33	King's Gambit Accepted: Bishop's Gambit, Lopez Variation
C.KGm.Acc.Bsh.Ble.Nc3.Bg7	prefix	8	10	C33	King's Gambit Accepted: Bishop's Gambit, Lopez Variation
C.Fou.Spa.Rub.Be2	exact	9	9	C48	Four Knights Game: Spanish Variation, Rubinstein Variation
C.Fou.Spa.Rub.Be2.Nxf3	prefix	9	10	C48	Four Knights Game: Spanish Variation, Rubinstein Variation
C.Fou.Spa.Rub.Be2.Nxf3.Bxf3	prefix	9	11	C48	Four Knights Game: Spanish Variation, Rubinstein Variation
C.Fou.Spa.Rub.Nxd4	exact	9	9	C48	Four Knights Game: Spanish Variation, Rubinstein Variation Accepted
C.Fou.Spa.Rub.O-O	prefix	8	9	C48	Four Knights Game: Spanish Variation, Rubinstein Variation
C.Fou.Spa.Rub.Nxe5	prefix	8	9	C48	Four Knights Game: Spanish Variation, Rubinstein Variation
C.Fou.Spa.Rub.Nxe5.Bc5	prefix	8	10	C48	Four Knights Game: Spanish Variation, Rubinstein Variation
C.Fou.Spa.Rub.Nxe5.Qe7	prefix	8	10	C48	Four Knights Game: Spanish Variation, Rubinstein Variation
C.RyL.Ber.Rio.Qe2	prefix	10	11	C67	Ruy Lopez: Berlin Defense, Rio de Janeiro Variation
C.RyL.Ber.Rio.Qe2.Nd6	prefix	10	12	C67	Ruy Lopez: Berlin Defense, Rio de Janeiro Variation
C.RyL.Ber.Rio.Qe2.Nd6.Bxc6	prefix	10	13	C67	Ruy Lopez: Berlin Defense, Rio de Janeiro Variation
C.RyL.Ber.Rio.Qe2.d5	exact	12	12	C67	Ruy Lopez: Berlin Defense, Trifunovic Variation
D.QGD.Har.MLn.c5	prefix	6	12	D35	Queen's Gambit Declined: Normal Defense
D.QGD.Har.MLn.c5.dxc5	prefix	6	13	D35	Queen's Gambit Declined: Normal Defense
D.QGD.Har.MLn.c6	exact	12	12	D37	Queen's Gambit Declined: Harrwitz Attack, Orthodox Defense
D.QGD.Har.MLn.b6	prefix	6	12	D35	Queen's Gambit Declined: Normal Defense
D.QGD.Har.MLn.Nbd7	prefix	6	12	D35	Queen's Gambit Declined: Normal Defense
D.QGD.Har.MLn.Nbd7.c5	prefix	6	13	D35	Queen's Gambit Declined: Normal Defense
E.Nim.Rub.StP.MLn.Nf3	exact	11	11	E43	Nimzo-Indian Defense: St. Petersburg Variation
E.Nim.Rub.StP.MLn.Nf3.O-O	exact	12	12	E43	Nimzo-Indian Defense: St. Petersburg Variation
E.Nim.Rub.StP.MLn.Nf3.Ne4	exact	12	12	E43	Nimzo-Indian Defense: St. Petersburg Variation, with Ne4
C.Ita.Evn.Acc.Mor.dxc3	exact	14	14	C52	Italian Game: Evans Gambit, Compromised Defense
C.Ita.Evn.Acc.Mor.d3	exact	14	14	C52	Italian Game: Evans Gambit, Dufresne Defense
C.Ita.Evn.Acc.Mor.b5	exact	14	14	C52	Italian Game: Evans Gambit, Johner Defense
C.Ita.Evn.Acc.Mor.Nge7	exact	14	14	C52	Italian Game: Evans Gambit, Mieses Defense
C.Ita.Two.Opn.MLn.e5	prefix	8	9	C44	Scotch Game: Scotch Gambit, Dubois Réti Defense
C.Ita.Two.Opn.MLn.e5.Ng4	exact	10	10	C44	Scotch Game: Scotch Gambit, Kingside Variation
C.Ita.Two.Opn.MLn.e5.d5	prefix	8	10	C44	Scotch Game: Scotch Gambit, Dubois Réti Defense
C.Ita.Two.Opn.MLn.Ng5	exact	9	9	C56	Italian Game: Two Knights Defense, Perreux Variation
A.QPO.Nf6.g4.Nxg4	exact	4	4	A45	Indian Defense: Gibbins-Weidenhagen Gambit Accepted
A.QPO.Nf6.g4.Nxg4.f3	prefix	4	5	A45	Indian Defense: Gibbins-Weidenhagen Gambit Accepted
A.QPO.Nf6.g4.Nxg4.f3.Nf6	prefix	4	6	A45	Indian Defense: Gibbins-Weidenhagen Gambit Accepted
A.QPO.Nf6.g4.Nxg4.e4	prefix	4	5	A45	Indian Defense: Gibbins-Weidenhagen Gambit Accepted
A.QPO.Nf6.g4.Nxg4.e4.d6	prefix	4	6	A45	Indian Defense: Gibbins-Weidenhagen Gambit Accepted
A.QPO.Nf6.g4.e5	exact	4	4	A45	Indian Defense: Gibbins-Weidenhagen Gambit, Oshima Defense
C.Vie.Gbt.Fal.MLn.Qf3	exact	9	9	C29	Vienna Game: Vienna Gambit, Paulsen Attack
C.Vie.Gbt.Fal.MLn.Qf3.f5	exact	10	10	C29	Vienna Game: Vienna Gambit, Bardeleben Variation
C.Vie.Gbt.Fal.MLn.d3	exact	9	9	C29	Vienna Game: Vienna Gambit, Modern Variation
C.Vie.Gbt.Fal.MLn.d3.Qh4	prefix	9	10	C29	Vienna Game: Vienna Gambit, Modern Variation
C.RyL.Mor.Ba4.Nf6.d3	exact	9	9	C77	Ruy Lopez: Morphy Defense, Anderssen Variation
C.RyL.Mor.Ba4.Nf6.d3.d6	prefix	9	10	C77	Ruy Lopez: Morphy Defense, Anderssen Variation
C.RyL.Mor.Ba4.Nf6.Bxc6	exact	9	9	C77	Ruy Lopez: Morphy Defense, Bayreuth Variation
C.RyL.Mor.Ba4.Nf6.c3	exact	9	9	C77	Ruy Lopez: Morphy Defense, Jaffe Gambit
C.RyL.Mor.Ba4.Nf6.d4	exact	9	9	C77	Ruy Lopez: Morphy Defense, Mackenzie Variation
C.RyL.Mor.Ba4.Nf6.Nc3	exact	9	9	C77	Ruy Lopez: Morphy Defense, Tarrasch Variation
C.RyL.Mar.MLn.Rxe5	prefix	16	21	C89	Ruy Lopez: Marshall Attack
C.RyL.Mar.MLn.Rxe5.c6	exact	22	22	C89	Ruy Lopez: Marshall Attack, Modern Variation
C.RyL.Mar.MLn.Rxe5.c6.d4	exact	23	23	C89	Ruy Lopez: Marshall Attack, Main Line
C.RyL.Mar.MLn.Rxe5.Nf6	exact	22	22	C89	Ruy Lopez: Marshall Attack, Original Marshall Attack
C.RyL.Cha.MLn.d4	prefix	20	21	C96	Ruy Lopez: Closed, Chigorin Defense
C.RyL.Cha.MLn.d4.Nc6	exact	22	22	C96	Ruy Lopez: Closed, Borisenko Variation
C.RyL.Cha.MLn.d4.Qc7	exact	22	22	C97	Ruy Lopez: Closed, Chigorin Defense
C.RyL.Cha.MLn.d4.Qc7.Nbd2	prefix	22	23	C97	Ruy Lopez: Closed, Chigorin Defense
D.Sem.Bg5.Bot.MLn.g5	prefix	11	16	D44	Semi-Slav Defense: Botvinnik Variation
D.Sem.Bg5.Bot.MLn.g5.Nxg5	exact	17	17	D44	Semi-Slav Defense: Botvinnik Variation
D.Sem.Bg5.Bot.MLn.g5.exf6	prefix	11	17	D44	Semi-Slav Defense: Botvinnik Variation
D.Cat.Cls.Qc2.c6.Nbd2	prefix	4	15	D30	Queen's Gambit Declined
D.Cat.Cls.Qc2.c6.Bf4	prefix	4	15	D30	Queen's Gambit Declined
D.Cat.Cls.Qc2.c6.Bf4.b6	prefix	4	16	D30	Queen's Gambit Declined
A.OID.Mod.MLn.Nf6.Bg5	prefix	3	9	A41	Old Indian Defense
A.OID.Mod.MLn.Nf6.Nge2	prefix	3	9	A41	Old Indian Defense
A.OID.Mod.MLn.Nf6.g3	prefix	3	9	A41	Old Indian Defense
A.OID.Mod.MLn.Nf6.Be2	prefix	3	9	A41	Old Indian Defense
A.Mod.Avk.MLn.Be2.Na6	prefix	7	12	A42	Modern Defense: Averbakh System
A.Mod.Avk.MLn.Be2.e5	prefix	7	12	A42	Modern Defense: Averbakh System
A.Mod.Avk.MLn.Be2.e5.O-O	prefix	7	13	A42	Modern Defense: Averbakh System
E.QID.Kas.Bb7	prefix	7	8	E12	Queen's Indian Defense: Kasparov Variation
E.QID.Kas.Bb7.Bg5	prefix	7	9	E12	Queen's Indian Defense: Kasparov Variation
E.QID.Kas.Bb7.Bg5.h6	prefix	7	10	E12	Queen's Indian Defense: Kasparov Variation
E.QID.Kas.Bb7.Bg5.h6.Bh4	prefix	7	11	E12	Queen's Indian Defense: Kasparov Variation
E.QID.Pet.Ba6	prefix	7	8	E12	Queen's Indian Defense: Petrosian Variation
E.QID.Pet.Ba6.Qc2	prefix	7	9	E12	Queen's Indian Defense: Petrosian Variation
E.QID.Pet.Ba6.Qc2.Bb7	exact	10	10	E12	Queen's Indian Defense: Petrosian Variation, Farago Defense
E.QID.Sps.Bb7	exact	8	8	E14	Queen's Indian Defense: Spassky System
E.QID.Euw.Bd3.c5.Nc3	prefix	10	11	E14	Queen's Indian Defense: Spassky System3
E.QID.Euw.Bd3.c5.Nc3.cxd4	prefix	10	12	E14	Queen's Indian Defense: Spassky System3
E.QID.Euw.Bd3.c5.O-O.g6	prefix	10	12	E14	Queen's Indian Defense: Spassky System3
E.QID.Nim.Qui.Bb4	exact	10	10	E15	Queen's Indian Defense: Fianchetto Variation, Check Variation
E.QID.Nim.Int.Be7	exact	12	12	E15	Queen's Indian Defense: Fianchetto Variation, Check Variation, Intermezzo Line
E.QID.Nim.Int.Qe7	exact	12	12	E15	Queen's Indian Defense: Fianchetto Variation, Check Variation, Modern Line
E.QID.Cls.Nc3	exact	11	11	E17	Queen's Indian Defense: Anti-Queen's Indian System
E.QID.Cls.Nc3.Ne4	prefix	11	12	E17	Queen's Indian Defense: Anti-Queen's Indian System
E.QID.Cls.Nc3.Ne4.Bd2	exact	13	13	E17	Queen's Indian Defense: Opocensky Variation
E.QID.Mod.Sms.d5	prefix	10	11	E15	Queen's Indian Defense: Fianchetto Variation, Sämisch Variation
E.QID.Mod.Sms.d5.exd5	prefix	10	12	E15	Queen's Indian Defense: Fianchetto Variation, Sämisch Variation
E.QID.Mod.Sms.d5.exd5.Nh4	exact	13	13	E15	Queen's Indian Defense: Fianchetto Variation, Rubinstein Variation
E.Bog.Vit	exact	8	8	E11	Bogo-Indian Defense: Vitolins Variation
E.Ind.Cat.d5.Bg2.dxc4.Qa4	prefix	8	9	E02	Catalan Opening: Open Defense
E.Ind.Cat.d5.Bg2.dxc4.Nf3	exact	9	9	E04	Catalan Opening: Open Defense
E.Ind.e6.Nf3.d5.e3.b6	prefix	5	8	E10	Indian Defense: Anti-Nimzo-Indian
E.Ind.e6.Nf3.d5.e3.Be7	prefix	5	8	E10	Indian Defense: Anti-Nimzo-Indian
E.Ben.Old.Adv.Nf6.Nf3.c4	prefix	5	6	A43	Benoni Defense: Benoni-Indian Defense, Kingside Move Order
A.Eng.AIn.Nc3.d5.cxd5.Nf3	exact	7	7	A16	English Opening: Anglo-Indian Defense, Anglo-Grünfeld Variation
A.Eng.AIn.Nc3.d5.cxd5.g3	prefix	4	7	A16	English Opening: Anglo-Grünfeld Defense
A.Ret.Ang.g3.Nf6.b3.g6	prefix	3	8	A09	Réti Opening
A.Ret.Ang.g3.Nf6.b3.Bf5	prefix	3	8	A09	Réti Opening
A.Ret.Ang.g3.Nf6.b3.Bg4	prefix	3	8	A09	Réti Opening
A.Ret.Ang.g3.Nf6.b3.dxc4	prefix	3	8	A09	Réti Opening
A.EID.Bf4.Bg7.e3.d6.Bd3	exact	9	9	A48	London System, with Bd3
A.EID.Bf4.Bg7.e3.d6.Be2	exact	9	9	A48	London System, with Be2
A.EID.Bf4.Bg7.e3.d6.h3	prefix	8	9	A48	London System
A.Eng.Rev.a3	prefix	2	3	A20	English Opening: King's English Variation
A.Eng.Rev.a3.Nf6	prefix	2	4	A20	English Opening: King's English Variation
A.Eng.Rev.a3.d6	prefix	2	4	A20	English Opening: King's English Variation
A.Eng.Rev.d3	prefix	2	3	A20	English Opening: King's English Variation
A.Eng.Rev.d3.Nf6	prefix	2	4	A20	English Opening: King's English Variation
A.Eng.Rev.d3.Nf6.a3	prefix	2	5	A20	English Opening: King's English Variation
A.Eng.Rev.d3.d6	prefix	2	4	A20	English Opening: King's English Variation
A.Eng.Rev.d3.d6.a3	prefix	2	5	A20	English Opening: King's English Variation
B.Sic.OKn.Nf6.Nc3.g6.Be2	exact	11	11	B70	Sicilian Defense: Dragon Variation, Classical Variation
A.Lar.Mod.e3	exact	5	5	A01	Nimzo-Larsen Attack: Modern Variation
A.Lar.Mod.e3.d5	prefix	5	6	A01	Nimzo-Larsen Attack: Modern Variation
A.Lar.Mod.e3.d5.Bb5	prefix	5	7	A01	Nimzo-Larsen Attack: Modern Variation
A.Lar.Mod.e3.d5.Bb5.Ne7	prefix	5	8	A01	Nimzo-Larsen Attack: Modern Variation
B.Fre.Stn.MLn.f4.c5.dxc5	prefix	7	11	C11	French Defense: Classical Variation, Steinitz Variation
B.Fre.Stn.MLn.f4.c5.Nf3	exact	11	11	C11	French Defense: Steinitz Variation
C.PhD.d4.Nd7.Bc4.c6.c3	exact	9	9	C41	Philidor Defense: Hanham Variation, Delmar Variation
C.PhD.d4.Nd7.Bc4.c6.O-O	exact	9	9	C41	Philidor Defense: Hanham Variation, Krause Variation
C.PhD.d4.Nd7.Bc4.c6.Nc3	exact	9	9	C41	Philidor Defense: Hanham Variation, Schlechter Variation
C.PhD.d4.Nd7.Bc4.c6.Ng5	exact	9	9	C41	Philidor Defense: Hanham, Kmoch Variation
C.Fou.Spa.Dbl.MLn.d3.Bxc3	exact	12	12	C49	Four Knights Game: Spanish Variation
C.Fou.Spa.Dbl.MLn.d3.Qe7	prefix	11	12	C49	Four Knights Game: Spanish Variation, Double Spanish
C.Ita.Two.Max.MLn.exf6.dxc4	prefix	9	14	C56	Italian Game: Scotch Gambit
D.Bgm.Cap.Nc3.Nf6.f3.a6	exact	8	8	D00	Blackmar-Diemer Gambit Declined: Gedult Defense
D.Bgm.Cap.Nc3.Nf6.f3.e3	exact	8	8	D00	Blackmar-Diemer Gambit Declined: Langeheinicke Defense
D.Bgm.Cap.Nc3.Nf6.f3.c6	exact	8	8	D00	Blackmar-Diemer Gambit Declined: O'Kelly Defense
D.Bgm.Cap.Nc3.Nf6.f3.Bf5	exact	8	8	D00	Blackmar-Diemer Gambit Declined: Vienna Defense
D.Bgm.Cap.Nc3.Nf6.f3.e6	exact	8	8	D00	Blackmar-Diemer Gambit Declined: Weinsbach Defense
D.Sla.Nf3.Nf6.Nc3.dxc4.e3	exact	9	9	D15	Slav Defense: Alekhine Variation
D.Sla.Nf3.Nf6.Nc3.dxc4.a4	exact	9	9	D16	Slav Defense: Alapin Variation
C.RyL.Ber.d3	exact	7	7	C65	Ruy Lopez: Berlin Defense, Anti-Berlin Variation
C.RyL.Ber.d3.d6	prefix	7	8	C65	Ruy Lopez: Berlin Defense, Anti-Berlin Variation
C.RyL.Ber.d3.d6.Bxc6	exact	9	9	C65	Ruy Lopez: Berlin Defense, Anti-Berlin Variation, Anderssen Variation
C.RyL.Ber.d3.d6.c4	exact	9	9	C65	Ruy Lopez: Berlin Defense, Anti-Berlin Variation, Duras Variation
C.RyL.Ber.d3.Bc5	prefix	7	8	C65	Ruy Lopez: Berlin Defense, Anti-Berlin Variation
C.RyL.Ber.d3.Bc5.Be3	exact	9	9	C65	Ruy Lopez: Berlin Defense, Anti-Berlin Variation, Kaufmann Variation
C.RyL.Ber.d3.Ne7	exact	8	8	C65	Ruy Lopez: Berlin Defense, Anti-Berlin Variation, Mortimer Variation
C.RyL.Ber.d3.Ne7.Nxe5	prefix	8	9	C65	Ruy Lopez: Berlin Defense, Anti-Berlin Variation, Mortimer Variation
C.RyL.Ber.d3.Ne7.Nxe5.c6	exact	10	10	C65	Ruy Lopez: Berlin Defense, Anti-Berlin Variation, Mortimer Trap
A.Pol.e6.Bb2.Nf6.b5.b6	exact	6	6	A00	Polish Opening: Queen's Indian Variation
A.Pol.e6.Bb2.Nf6.b5.a6	exact	6	6	A00	Polish Opening: Queenside Defense
A.Pol.e6.Bb2.Nf6.b5.d5	prefix	1	6	A00	Polish Opening
A.Van.d5.f4.d4.Ne4	prefix	1	5	A00	Van Geet Opening
A.Van.d5.f4.d4.Ne4.f5	prefix	1	6	A00	Van Geet Opening
A.Van.d5.f4.d4.Ne4.c5	exact	6	6	A00	Van Geet Opening: Melleby Gambit
A.Van.d5.f4.d4.Ne4.e5	exact	6	6	A00	Van Geet Opening: Pfeiffer Gambit
B.Mod.Std.Nc3.C5S.Sic.Be3	prefix	6	9	B06	Modern Defense: Modern Pterodactyl
B.Mod.Std.Nc3.C5S.Sic.d5	prefix	6	9	B06	Modern Defense: Modern Pterodactyl
B.Mod.Std.Nc3.C5S.Sic.Bd2	prefix	6	9	B06	Modern Defense: Modern Pterodactyl
B.Sic.HAc.d4.Bg7.dxc5.Nc3	exact	9	9	B27	Pterodactyl Defense: Sicilian, Rhamphorhynchus
B.Sic.Old.d4.cxd4.Nxd4.d5	exact	8	8	B32	Sicilian Defense: Nimzo-American Variation
B.Sic.Old.d4.cxd4.Nxd4.a6	prefix	7	8	B32	Sicilian Defense: Open
B.Sic.Old.d4.cxd4.Nxd4.Nf6	exact	8	8	B33	Sicilian Defense: Open
A.Sod.e5	prefix	1	2	A00	Sodium Attack
A.Sod.g6	prefix	1	2	A00	Sodium Attack
A.Bir.Dut.g4	exact	3	3	A03	Bird Opening: Dutch Variation, Dudweiler Gambit
A.Bir.Dut.c4	exact	3	3	A03	Bird Opening: Sturm Gambit
A.Bir.Dut.b3	prefix	2	3	A03	Bird Opening: Dutch Variation
A.Owe.Eng.e4	prefix	2	5	A40	English Defense
A.Owe.Eng.e4.Bb7	prefix	2	6	A40	English Defense
A.Owe.Eng.e4.Bb7.Bd3	prefix	2	7	A40	English Defense
A.Owe.Eng.e4.Bb7.f3	prefix	2	7	A40	English Defense
A.OID.e5	exact	4	4	A41	Rat Defense: English Rat
A.OID.e5.dxe5	prefix	4	5	A41	Rat Defense: English Rat
A.OID.e5.dxe5.Nc6	exact	6	6	A41	Rat Defense: English Rat, Lisbon Gambit
A.OID.e5.dxe5.Be6	exact	6	6	A41	Rat Defense: English Rat, Pounds Gambit
A.QPO.Nf6.f3.d5	prefix	3	4	A45	Paleface Attack
A.QPO.Nf6.f3.d5.g4	exact	5	5	A45	Indian Defense: Gedult Attack
A.QPO.Nf6.f3.d5.e4	exact	5	5	A45	Indian Defense: Paleface Attack, Blackmar-Diemer Gambit Deferred
A.QPO.Nf6.f3.d5.Nc3	exact	5	5	A45	Queen's Pawn Game: Veresov, Richter Attack
A.QPO.Nf6.Nc3.e5	exact	4	4	A45	Indian Defense: Maddigan Gambit
A.QPO.Nf6.Nc3.c5	exact	4	4	A45	Indian Defense: Reversed Chigorin Defense
A.QPO.Nf6.Nc3.d5	exact	4	4	A45	Queen's Pawn Game: Chigorin Variation
A.Tro.Rap.Bf4	prefix	3	5	A45	Trompowsky Attack
A.Tro.Rap.Bh4	exact	5	5	A45	Trompowsky Attack: Edge Variation
A.Tro.Rap.Bh4.c6	prefix	5	6	A45	Trompowsky Attack: Edge Variation
A.Tro.Rap.Bh4.d5	prefix	5	6	A45	Trompowsky Attack: Edge Variation
A.Hol.Fch.Nf6	prefix	3	4	A81	Dutch Defense: Fianchetto Attack
A.Hol.Fch.g6	prefix	3	4	A81	Dutch Defense: Fianchetto Attack
A.Hol.Fch.c6	prefix	3	4	A81	Dutch Defense: Fianchetto Attack
B.Ale.Chs.Nd5	prefix	7	8	B02	Alekhine Defense: Two Pawns Attack, Lasker Variation
B.Ale.Chs.Nd5.Bc4	prefix	7	9	B02	Alekhine Defense: Two Pawns Attack, Lasker Variation
B.Ale.Fou.g5	exact	10	10	B03	Alekhine Defense: Four Pawns Attack, Cambridge Gambit
B.Ale.Fou.g6	exact	10	10	B03	Alekhine Defense: Four Pawns Attack, Fianchetto Variation
B.Ale.Fou.Bf5	exact	10	10	B03	Alekhine Defense: Four Pawns Attack, Trifunovic Variation
B.Ale.Mod.dxe5	exact	8	8	B04	Alekhine Defense: Modern Variation, Larsen Variation
B.Ale.Mod.Nc6	exact	8	8	B04	Alekhine Defense: Modern Variation, Larsen-Haakert Variation
B.Ale.Mod.Nb6	exact	8	8	B04	Alekhine Defense: Modern Variation, Schmid Variation
B.Pir.Be2	prefix	6	7	B07	Pirc Defense
B.Pir.Bc4	exact	7	7	B07	Pirc Defense: Kholmov System
B.CaK.Exc.Bf4	exact	7	7	B13	Caro-Kann Defense: Exchange Variation
B.CaK.Exc.g4	exact	7	7	B13	Caro-Kann Defense: Exchange Variation, Bulla Attack
B.CaK.Exc.Bd3	prefix	6	7	B13	Caro-Kann Defense: Exchange Variation
B.CaK.Exc.Bd3.Nc6	prefix	6	8	B13	Caro-Kann Defense: Exchange Variation
B.CaK.Exc.Bd3.Nc6.c3	prefix	6	9	B13	Caro-Kann Defense: Exchange Variation
B.CaK.Exc.Bd3.Nc6.c3.Nf6	prefix	6	10	B13	Caro-Kann Defense: Exchange Variation
B.Sic.Alp.Cen.MLn.cxd4	prefix	6	8	B22	Sicilian Defense: Alapin Variation, Barmen Defense
B.Sic.Alp.Cen.MLn.Nf6	prefix	6	8	B22	Sicilian Defense: Alapin Variation, Barmen Defense
B.Sic.Alp.Cen.MLn.Nc6	prefix	6	8	B22	Sicilian Defense: Alapin Variation, Barmen Defense
B.Sic.Clo.Fch.g6	exact	6	6	B24	Sicilian Defense: Closed
B.Sic.Clo.Fch.g6.Bg2	prefix	6	7	B24	Sicilian Defense: Closed
B.Sic.Clo.Fch.g6.Bg2.Bg7	exact	8	8	B24	Sicilian Defense: Closed
B.Sic.OKn.Nf6.Bc4	exact	9	9	B54	Sicilian Defense: Modern Variations, Ginsberg Gambit
B.Sic.OKn.Nf6.f3	exact	9	9	B54	Sicilian Defense: Prins Variation
B.Sic.OKn.Nf6.Nc3.Bd7	exact	10	10	B56	Sicilian Defense: Kupreichik Variation
B.Sic.OKn.Nf6.Nc3.e5	prefix	8	10	B54	Sicilian Defense: Modern Variations, Main Line
C.Cen.Dsh.Acc.MLn.Qe7	exact	10	10	C21	Danish Gambit Accepted: Chigorin Defense
C.Cen.Dsh.Acc.MLn.Nf6	exact	10	10	C21	Danish Gambit Accepted: Classical Defense
C.Cen.Dsh.Acc.MLn.Bb4	exact	10	10	C21	Danish Gambit Accepted: Copenhagen Defense
C.Cen.Dsh.Acc.MLn.d5	exact	10	10	C21	Danish Gambit Accepted: Schlechter Defense
C.Vie.Cls.b5	prefix	5	6	C26	Vienna Game: Stanley Variation
C.Vie.Cls.Bb4	exact	6	6	C26	Vienna Game: Stanley Variation, Reversed Spanish
C.Vie.Cls.Bc5	prefix	5	6	C26	Vienna Game: Stanley Variation
C.PhD.d4.exd4.Nxd4.Nf6	exact	8	8	C41	Philidor Defense: Exchange Variation
C.PhD.d4.exd4.Nxd4.g6	exact	8	8	C41	Philidor Defense: Larsen Variation
C.PhD.d4.exd4.Nxd4.d5	prefix	7	8	C41	Philidor Defense: Exchange Variation
C.PhD.Lio.Bxf7	exact	11	11	C41	Philidor Defense: Lion Variation, Bishop Sacrifice
C.PhD.Lio.Ng5	prefix	8	11	C41	Philidor Defense: Lion Variation
C.PhD.Lio.Ng5.O-O	prefix	8	12	C41	Philidor Defense: Lion Variation
C.PhD.Lio.Ng5.O-O.Bxf7	exact	13	13	C41	Philidor Defense: Nimzowitsch, Larobok Variation
C.PhD.d4.f5.Bc4	prefix	6	7	C41	Philidor Defense: Philidor Countergambit
C.PhD.d4.f5.dxe5	prefix	6	7	C41	Philidor Defense: Philidor Countergambit
C.PhD.d4.f5.dxe5.fxe4	prefix	6	8	C41	Philidor Defense: Philidor Countergambit
C.PhD.d4.f5.dxe5.fxe4.Ng5	prefix	6	9	C41	Philidor Defense: Philidor Countergambit
C.Pet.Mod.Stn.Qe2	exact	9	9	C43	Petrov's Defense: Modern Attack, Steinitz Variation
C.Pet.Mod.Stn.Qe2.Nc5	prefix	9	10	C43	Petrov's Defense: Modern Attack, Steinitz Variation
C.Pet.Mod.Stn.Qe2.Nc5.Nxd4	prefix	9	11	C43	Petrov's Defense: Modern Attack, Steinitz Variation
C.Pet.Mod.Stn.Qxd4	exact	9	9	C43	Petrov's Defense: Modern Attack, Center Attack
C.Pet.Mod.Stn.Bb5	exact	9	9	C43	Petrov's Defense: Modern Attack, Tal Gambit
C.Sco.exd4.Nxd4.Qh4.Nb5.Bb4	prefix	9	10	C45	Scotch Game: Horwitz Attack
C.Sco.Mie.e5	exact	9	9	C45	Scotch Game: Alekhine Gambit
C.Sco.Mie.Nxc6	prefix	8	9	C45	Scotch Game: Schmidt Variation
C.Sco.Mie.Nxc6.bxc6	prefix	8	10	C45	Scotch Game: Schmidt Variation
C.Sco.Mie.Nxc6.bxc6.e5	exact	11	11	C45	Scotch Game: Mieses Variation
C.Sco.Mie.Nxc6.bxc6.Nd2	exact	11	11	C45	Scotch Game: Tartakower Variation
C.Ita.Giu.c3.Qe7.d4.Bb6	exact	10	10	C53	Italian Game: Classical Variation, Center Holding Variation
C.Ita.Giu.O-O.Nf6.d3.h6	prefix	6	10	C50	Italian Game: Giuoco Piano
C.Ita.Giu.O-O.Nf6.d3.O-O	prefix	6	10	C50	Italian Game: Giuoco Piano
C.Ita.Giu.O-O.Nf6.d3.a5	prefix	6	10	C50	Italian Game: Giuoco Piano
C.Ita.Two.Ng5.d5	exact	8	8	C57	Italian Game: Two Knights Defense, Knight Attack, Normal Variation
C.Ita.Two.Ng5.Nb4	prefix	7	8	C57	Italian Game: Two Knights Defense, Knight Attack
C.Ita.Two.Ng5.Nxe4	exact	8	8	C57	Italian Game: Two Knights Defense, Ponziani-Steinitz Gambit
C.RyL.Shl.Bxc6	exact	7	7	C63	Ruy Lopez: Schliemann Defense, Exchange Variation
C.RyL.Shl.exf5	exact	7	7	C63	Ruy Lopez: Schliemann Defense, Jaenisch Gambit Accepted
C.RyL.Shl.d4	exact	7	7	C63	Ruy Lopez: Schliemann Defense, Schönemann Attack
D.Bgm.Acc.Bog.MLn.O-O	prefix	10	13	D00	Blackmar-Diemer Gambit Accepted: Bogoljubow Defense
D.Bgm.Acc.Bog.MLn.O-O.O-O	prefix	10	14	D00	Blackmar-Diemer Gambit Accepted: Bogoljubow Defense
D.Bgm.Acc.Bog.MLn.h4	exact	13	13	D00	Blackmar-Diemer Gambit Accepted: Bogoljubow Defense, Mad Dog Attack
D.Bgm.Acc.Bog.MLn.Ne5	exact	13	13	D00	Blackmar-Diemer Gambit Accepted: Bogoljubow Defense, Nimzowitsch Attack
D.QPG.Lon.Stn.dxc5	exact	5	5	D00	Queen's Pawn Game: Accelerated London System, Steinitz Countergambit Accepted
D.QPG.Lon.Stn.e4	exact	5	5	D00	Queen's Pawn Game: Accelerated London System, Steinitz Countergambit, Morris Countergambit
D.QPG.Lon.Stn.e4.dxe4	exact	6	6	D00	Queen's Pawn Game: Accelerated London System, Steinitz Countergambit, Morris Countergambit Accepted
A.Col.Bd6	prefix	7	8	D05	Queen's Pawn Game: Colle System
A.Col.Bd6.O-O	prefix	7	9	D05	Queen's Pawn Game: Colle System
D.QPG.c4.c5.dxc5	prefix	4	5	D06	Queen's Gambit Declined: Austrian Defense
D.QPG.c4.c5.dxc5.d4	exact	6	6	D06	Queen's Gambit Declined: Austrian Attack, Salvio Countergambit
D.QPG.c4.c5.cxd5	prefix	4	5	D06	Queen's Gambit Declined: Austrian Defense
D.QPG.c4.c5.cxd5.Nf6	exact	6	6	D06	Queen's Gambit Declined: Austrian Defense, Gusev Countergambit
D.Sla.Qui.cxd5	prefix	8	9	D12	Slav Defense: Quiet Variation, Schallopp Defense
D.Sla.Qui.cxd5.cxd5	prefix	8	10	D12	Slav Defense: Quiet Variation, Schallopp Defense
D.Sla.Qui.cxd5.cxd5.Nc3	exact	11	11	D13	Slav Defense: Exchange Variation, Schallopp Variation
D.Sla.Qui.cxd5.cxd5.Qb3	prefix	8	11	D12	Slav Defense: Quiet Variation, Schallopp Defense
D.QGA.Old.MLn.Qb3	prefix	5	9	D20	Queen's Gambit Accepted: Old Variation
D.QGA.Old.MLn.Qb3.Qe7	prefix	5	10	D20	Queen's Gambit Accepted: Old Variation
D.QGA.Old.MLn.Qb3.Qe7.a3	exact	11	11	D20	Queen's Gambit Accepted: Old Variation, Billinger Gambit
D.QGA.Old.MLn.Qb3.Qe7.Nf3	exact	11	11	D20	Queen's Gambit Accepted: Old Variation, Christensen Gambit
D.QGA.Old.MLn.Qb3.Qe7.Kf1	exact	11	11	D20	Queen's Gambit Accepted: Old Variation, Korchnoi Gambit
D.QGA.Old.MLn.Qb3.Qe7.Nd2	exact	11	11	D20	Queen's Gambit Accepted: Old Variation, Novikov Gambit
D.QGA.Nf3.Nf6.e3.Bg4	exact	8	8	D25	Queen's Gambit Accepted: Janowski-Larsen Variation
D.QGA.Nf3.Nf6.e3.g6	exact	8	8	D25	Queen's Gambit Accepted: Smyslov Variation
D.QGA.Nf3.Nf6.e3.e6	exact	8	8	D26	Queen's Gambit Accepted: Normal Variation, Traditional System
D.Sem.Mer.Bd3	prefix	8	15	D43	Semi-Slav Defense
D.Sem.Mer.Bd3.Bb7	prefix	8	16	D43	Semi-Slav Defense
D.Sem.Mer.Bd3.Bd6	prefix	8	16	D43	Semi-Slav Defense
D.Sem.Mer.Bd3.b4	exact	16	16	D47	Semi-Slav Defense: Meran Variation, Lundin Variation
D.QGD.Ort.Te7.a6	prefix	8	16	D53	Queen's Gambit Declined
D.QGD.Ort.Te7.Ne4	prefix	8	16	D53	Queen's Gambit Declined
D.QGD.Ort.Te7.a6.cxd5	prefix	8	17	D53	Queen's Gambit Declined
E.Nim.Spl.Rom.Nf3	prefix	10	11	E23	Nimzo-Indian Defense: Spielmann Variation, Romanovsky Gambit
E.Nim.Spl.Rom.Nf3.Ne4	prefix	10	12	E23	Nimzo-Indian Defense: Spielmann Variation, Romanovsky Gambit
E.Nim.Spl.Rom.Nf3.Ne4.Bd2	prefix	10	13	E23	Nimzo-Indian Defense: Spielmann Variation, Romanovsky Gambit
E.Nim.Rub.StP.Ne2	exact	9	9	E44	Nimzo-Indian Defense: St. Petersburg Variation
E.Nim.Rub.StP.Ne2.Ne4	exact	10	10	E44	Nimzo-Indian Defense: St. Petersburg Variation, American Variation
E.Nim.Rub.StP.Ne2.c5	prefix	9	10	E44	Nimzo-Indian Defense: St. Petersburg Variation
E.Nim.Rub.StP.Ne2.c5.a3	prefix	9	11	E44	Nimzo-Indian Defense: St. Petersburg Variation
E.KID.Sml.Ort.d5.c6	exact	14	14	E88	King's Indian Defense: Sämisch Variation, Closed Variation
E.KID.Sml.Ort.d5.Nh5	prefix	13	14	E87	King's Indian Defense: Sämisch Variation, Closed Variation
E.KID.Sml.Ort.d5.Nh5.Qd2	prefix	13	15	E87	King's Indian Defense: Sämisch Variation, Closed Variation
E.Ind.WIn.Nf3.Bg7.g3.c5	prefix	7	8	E60	King's Indian Defense: Fianchetto Variation
C.Ita.Two.Ng5.d5.exd5	prefix	8	9	C57	Italian Game: Two Knights Defense, Knight Attack, Normal Variation
C.Ita.Two.Ng5.d5.exd5.Nb4	exact	10	10	C57	Italian Game: Two Knights Defense, Kloss Gambit
C.Cen.Dsh.Ne7	exact	6	6	C21	Danish Gambit Accepted: Svenonius Defense
C.Cen.Dsh.d5	exact	6	6	C21	Danish Gambit Declined: Sörensen Defense
C.Cen.Pau.Cha	exact	10	10	C22	Center Game: Charousek Variation
C.Cen.Pau.LHe	exact	8	8	C22	Center Game: l'Hermet Variation
C.Cen.exd4.f4.Bc5	prefix	5	6	C21	Center Game: Halasz-McDonnell Gambit
C.Cen.exd4.f4.Bc5.Nf3	prefix	5	7	C21	Center Game: Halasz-McDonnell Gambit
C.Cen.exd4.f4.Bc5.Nf3.Nc6	prefix	5	8	C21	Center Game: Halasz-McDonnell Gambit
C.Sco.Gor.d5	exact	8	8	C44	Scotch Game: Scotch Gambit, Göring Gambit Declined
C.Sco.Gor.Dbl.Nf6	prefix	9	10	C44	Scotch Game: Göring Gambit, Double Pawn Sacrifice
C.Sco.Gor.Dbl.Nf6.Nxc3	prefix	9	11	C44	Scotch Game: Göring Gambit, Double Pawn Sacrifice
C.Sco.Gor.Dbl.Nf6.Nxc3.Bb4	exact	12	12	C44	Scotch Game: Göring Gambit, Bardeleben Variation
C.Sco.Pot.Qg6	exact	12	12	C45	Scotch Game: Classical Variation, Millennium Variation
C.Vie.Fal.a3	exact	5	5	C26	Vienna Game: Mengarini Variation
C.Vie.Mie.Bc5	prefix	5	6	C26	Vienna Game: Mieses Variation
C.Vie.Mie.Bc5.Bg2	prefix	5	7	C26	Vienna Game: Mieses Variation
C.Vie.Mie.Bc5.Bg2.Nc6	prefix	5	8	C26	Vienna Game: Mieses Variation
C.Vie.Mie.Bc5.Bg2.Nc6.Nge2	prefix	5	9	C26	Vienna Game: Mieses Variation
C.Vie.Nc6.g3.Nf6	prefix	5	6	C25	Vienna Game: Paulsen Variation
C.Vie.Nc6.g3.Nf6.Bg2	prefix	5	7	C25	Vienna Game: Paulsen Variation
C.Vie.Nc6.f4.exf4.Nf3.Be7	exact	8	8	C25	Vienna Gambit, with Max Lange Defense: Cunningham Defense
C.Vie.Nc6.d4.f5	exact	6	6	C25	Vienna Game: Philidor Countergambit
C.Vie.Cls.Bc5.Nge2	prefix	5	7	C26	Vienna Game: Stanley Variation
C.Vie.Cls.Bc5.Nge2.b5	exact	8	8	C26	Vienna Game: Stanley Variation, Eifel Gambit
C.KGm.Dec.Qh5	exact	5	5	C30	King's Gambit Declined: Classical Variation, Walthoffen Attack
C.KGm.Dec.Sen	exact	6	6	C30	King's Gambit Declined: Senechaud Countergambit
C.KGm.Acc.Nf3.Fis.Gre	exact	12	12	C34	King's Gambit Accepted: Greco Gambit
C.KGm.Acc.Muz.KHw	exact	10	10	C37	King's Gambit Accepted: Muzio Gambit, Kling and Horwitz Counterattack
C.KGm.Acc.All.Nf6	exact	10	10	C39	King's Gambit Accepted: Allgaier, Schlechter Defense
C.KGm.Acc.Bsh.Nf6.Nc3	exact	7	7	C33	King's Gambit Accepted: Bishop's Gambit, Bogoljubow Variation
C.KGm.Acc.Bsh.Nf6.Nc3.c6	exact	8	8	C33	King's Gambit Accepted: Bishop's Gambit, Bogoljubow Defense
C.KGm.Acc.Bsh.Qh4.Kf1.d5	prefix	5	8	C33	King's Gambit Accepted: Bishop's Gambit
C.KGm.Acc.Bsh.f5.Qe2	prefix	6	7	C33	King's Gambit Accepted: Bishop's Gambit, Gianutio Gambit
C.KGm.Acc.Bsh.f5.Qe2.Qh4	prefix	6	8	C33	King's Gambit Accepted: Bishop's Gambit, Gianutio Gambit
C.KGm.Acc.Bsh.b5.Bxb5	prefix	6	7	C33	King's Gambit Accepted: Bishop's Gambit, Kieseritzky Gambit
C.Ita.Evn.b5	exact	8	8	C51	Italian Game: Evans Gambit, Fontaine Countergambit
C.Ita.Evn.d5	exact	8	8	C51	Italian Game: Evans Gambit, Hein Countergambit
C.Ita.Giu.d4	exact	7	7	C50	Italian Game: Rosentreter Gambit
C.Ita.Two.d3	exact	7	7	C55	Italian Game: Two Knights Defense, Modern Bishop's Opening
C.Ita.Two.d3.Be7	exact	8	8	C55	Italian Game: Two Knights Defense, Modern Bishop's Opening
C.Ita.Two.Opn.d6	exact	8	8	C56	Italian Game: Scotch Invitation Declined
C.Ita.Two.Max.Ng4	prefix	9	12	C56	Italian Game: Scotch Gambit
C.Ita.Two.Max.Ng4.c3	exact	13	13	C56	Italian Game: Two Knights Defense, Max Lange Attack, Krause Variation
C.Ita.Two.Ng5.Pol.d3	exact	11	11	C58	Italian Game: Two Knights Defense, Polerio Defense, Kieseritzky Variation
C.Ita.Two.Ng5.Ulv.Bf1	prefix	10	11	C57	Italian Game: Two Knights Defense, Ulvestad Variation
C.Ita.Two.Ng5.Ulv.Bf1.h6	prefix	10	12	C57	Italian Game: Two Knights Defense, Ulvestad Variation
C.Ita.Two.Ng5.Trx.Nxf7	exact	9	9	C57	Italian Game: Two Knights Defense, Traxler Counterattack, Knight Sacrifice Line
C.Ita.Two.Ng5.Trx.Nxf7.Bxf2	prefix	9	10	C57	Italian Game: Two Knights Defense, Traxler Counterattack, Knight Sacrifice Line
C.RyL.Mor.Opn.Nc3	exact	11	11	C80	Ruy Lopez: Open, Knorre Variation
C.RyL.Mor.Opn.Re1	prefix	10	11	C80	Ruy Lopez: Open
C.RyL.Mor.Opn.Re1.d5	exact	12	12	C80	Ruy Lopez: Open, Skipworth Gambit
C.RyL.Mor.Opn.d4.b5.Nxe5	exact	13	13	C80	Ruy Lopez: Open, Friess Attack
C.RyL.Mor.Opn.d4.b5.d5	exact	13	13	C80	Ruy Lopez: Open, Richter Variation
C.RyL.Mor.Opn.MLn.c4	exact	15	15	C80	Ruy Lopez: Open, Harksen Gambit
C.RyL.Mor.Opn.MLn.a4	prefix	13	15	C80	Ruy Lopez: Open
C.RyL.Mor.Opn.MLn.a4.Nxd4	exact	16	16	C80	Ruy Lopez: Open, Schlechter Defense
C.RyL.Mor.Opn.MLn.dxe5.Ne7	exact	16	16	C80	Ruy Lopez: Open, Zukertort Variation
C.RyL.Mar.Ste	exact	18	18	C89	Ruy Lopez: Marshall Attack, Steiner Variation
C.RyL.Cls.Cen.Bg4	exact	18	18	C91	Ruy Lopez: Closed, Bogoljubow Variation
C.RyL.Cls.Cen.Bg4.a4	exact	19	19	C91	Ruy Lopez: Closed, Yates Variation, Short Attack
C.RyL.Brk.d4	exact	19	19	C95	Ruy Lopez: Closed, Breyer
C.RyL.Brk.d4.Nbd7	exact	20	20	C95	Ruy Lopez: Closed, Breyer Defense, Zaitsev Hybrid
C.RyL.Brk.d4.Nbd7.Nbd2	prefix	20	21	C95	Ruy Lopez: Closed, Breyer Defense, Zaitsev Hybrid
C.RyL.Brk.d4.Nbd7.Nbd2.Bb7	prefix	20	22	C95	Ruy Lopez: Closed, Breyer Defense, Zaitsev Hybrid
C.RyL.Cha.Bc2	exact	19	19	C96	Ruy Lopez: Closed, Chigorin Defense
C.Fou.Nd5	exact	7	7	C47	Four Knights Game: Naroditsky Variation
C.Fou.Hal.Old	exact	16	16	C47	Four Knights Game: Halloween Gambit, Oldtimer Variation
C.Fou.Hal.Pls	exact	22	22	C47	Four Knights Game: Halloween Gambit, Plasma Variation
C.Fou.Sco.Bel.MLn.Qe2	prefix	9	11	C47	Four Knights Game: Scotch Variation, Belgrade Gambit
C.Fou.Sco.Bel.MLn.Qe2.f5	exact	12	12	C47	Four Knights Game: Scotch Variation, Belgrade Gambit, Modern Defense
C.Fou.Spa.Ran	exact	9	9	C48	Four Knights Game: Spanish Variation, Ranken Variation
C.Fou.Spa.Spl	exact	20	20	C48	Four Knights Game: Spanish Variation, Spielmann Variation
C.Fou.Spa.Dbl.MLn.Bxc6	exact	11	11	C49	Four Knights Game: Spanish Variation, Nimzowitsch Variation
C.Fou.Spa.Dbl.MLn.Nd5	prefix	8	11	C49	Four Knights Game: Spanish Variation, Double Spanish
C.Fou.Spa.Dbl.MLn.Nd5.Nxd5	prefix	8	12	C49	Four Knights Game: Spanish Variation, Double Spanish
C.Pet.Bc4.Nxe4.d5	exact	8	8	C27	Bishop's Opening: Boden-Kieseritzky Gambit, Lichtenhein Defense
C.Pet.Coc.Bc4	exact	9	9	C42	Petrov's Defense: Cochrane Gambit, Bishop Check Line
E.OldI.Jan.Fch	exact	7	7	A53	Old Indian Defense: Janowski Variation, Fianchetto Variation
E.OldI.Jan.Grn	exact	7	7	A53	Old Indian Defense: Janowski Variation, Grinberg Gambit
E.OldI.Jan.f3	exact	7	7	A53	Old Indian Defense: Janowski Variation, Main Line
E.Ben.Mod.KPL	exact	14	14	A65	Benoni Defense: King's Pawn Line
E.Ben.Mod.KPL.Be3	exact	15	15	A65	Benoni Defense: King's Pawn Line, with Be3
E.Ben.Mod.KPL.Bg5	exact	15	15	A65	Benoni Defense: King's Pawn Line, with Bg5
E.Ben.Mod.KPL.Nge2	exact	15	15	A65	Benoni Defense: King's Pawn Line, with Nge2
E.Gru.Exc.Cla.Rb1	prefix	14	15	D85	Grünfeld Defense: Exchange Variation, Modern Exchange Variation
E.Gru.Exc.Cla.h3	prefix	14	15	D85	Grünfeld Defense: Exchange Variation, Modern Exchange Variation
E.Gru.Exc.Cla.Rb1.O-O	prefix	14	16	D85	Grünfeld Defense: Exchange Variation, Modern Exchange Variation
E.Gru.Exc.Cla.Rb1.O-O.Be2	prefix	14	17	D85	Grünfeld Defense: Exchange Variation, Modern Exchange Variation
E.Gru.Exc.Cla.Pwn	exact	20	20	D85	Grünfeld Defense: Exchange Variation, Modern Exchange Variation, Pawn Grab Line
E.Ben.Nf3	prefix	4	5	A56	Benoni Defense
E.Ben.e3	prefix	4	5	A56	Benoni Defense
E.Ben.e3.g6	prefix	4	6	A56	Benoni Defense
E.Ben.e3.g6.Nc3	prefix	4	7	A56	Benoni Defense
E.Ben.e3.g6.Nc3.Bg7	prefix	4	8	A56	Benoni Defense
E.Ben.e3.g6.Nc3.Bg7.Nf3	prefix	4	9	A56	Benoni Defense
E.Bud.Ng4	exact	6	6	A52	Indian Defense: Budapest Defense
E.Bud.Alk.Nxe5	prefix	7	8	A52	Indian Defense: Budapest Defense, Alekhine Variation
E.Bud.Alk.Nxe5.f4	prefix	7	9	A52	Indian Defense: Budapest Defense, Alekhine Variation
E.Bud.Alk.Nxe5.f4.Nec6	exact	10	10	A52	Indian Defense: Budapest Defense, Alekhine Variation, Abonyi Variation
E.Bud.Alk.d6	exact	8	8	A52	Indian Defense: Budapest Defense, Alekhine Variation, Tartakower Defense
E.Bud.Faj.Qc2	exact	7	7	A51	Indian Defense: Budapest Defense, Fajarowicz-Steiner Variation
E.Bud.Rub.Nc6	prefix	7	8	A52	Indian Defense: Budapest Defense, Rubinstein Variation
E.Bud.Rub.Nc6.Nf3	prefix	7	9	A52	Indian Defense: Budapest Defense, Rubinstein Variation
E.Bud.Adl.Nc6	prefix	7	8	A52	Indian Defense: Budapest Defense, Adler Variation
E.OldI.Ukr.e3	prefix	6	7	A54	Old Indian Defense: Ukrainian Variation
E.OldI.Ukr.e3.Nbd7	prefix	6	8	A54	Old Indian Defense: Ukrainian Variation
E.OldI.Ukr.e3.Nbd7.Bd3	exact	9	9	A54	Old Indian Defense: Duz-Khotimirsky Variation
E.OldI.Ukr.Nf3	exact	7	7	A54	Old Indian Defense: Two Knights Variation
E.Ind.WIn.f3.d5	exact	6	6	D70	Neo-Grünfeld Defense: Goglidze Attack
E.Ind.WIn.f3.c5	prefix	5	6	E60	Indian Defense: Anti-Grünfeld, Alekhine Variation
E.Ind.WIn.f3.c5.d5	prefix	5	7	E60	Indian Defense: Anti-Grünfeld, Alekhine Variation
E.Ind.WIn.f3.c5.d5.d6	prefix	5	8	E60	Indian Defense: Anti-Grünfeld, Alekhine Variation
E.Ind.WIn.KPL	exact	17	17	A65	Benoni Defense: King's Pawn Line
E.Ind.WIn.g3.Bg7	prefix	5	6	E60	King's Indian Defense: Fianchetto Variation, Immediate Fianchetto
E.Ind.WIn.g3.Bg7.Bg2	prefix	5	7	E60	King's Indian Defense: Fianchetto Variation, Immediate Fianchetto
E.Ind.WIn.g3.Bg7.Bg2.d5	exact	8	8	E60	Grünfeld Defense: Counterthrust Variation
E.Ind.WIn.Nf3.d5	exact	6	6	D70	Neo-Grünfeld Defense: with Nf3
E.Gru.Hng.Rc1	exact	11	11	D83	Grünfeld Defense: Brinckmann Attack, Grünfeld Gambit, Capablanca Variation
E.Gru.Hng.Rc1.c5	prefix	11	12	D83	Grünfeld Defense: Brinckmann Attack, Grünfeld Gambit, Capablanca Variation
E.Gru.Hng.Rc1.c5.dxc5	prefix	11	13	D83	Grünfeld Defense: Brinckmann Attack, Grünfeld Gambit, Capablanca Variation
E.Gru.Hng.Rc1.c5.dxc5.Be6	exact	14	14	D83	Grünfeld Defense: Brinckmann Attack, Grünfeld Gambit, Botvinnik Variation
E.Gru.Brn.Res	exact	14	14	D83	Grünfeld Defense: Brinckmann Attack, Reshevsky Gambit
E.Gru.Sml.c5	prefix	7	8	D80	Grünfeld Defense: Lutikov Variation
E.Gru.Sml.c5.cxd5	prefix	7	9	D80	Grünfeld Defense: Lutikov Variation
E.Gru.Sml.c5.cxd5.Nxd5	prefix	7	10	D80	Grünfeld Defense: Lutikov Variation
E.Gru.Sml.c5.cxd5.Nxd5.Na4	exact	11	11	D80	Grünfeld Defense: Lutikov Variation, Murrey Attack
E.Bog.Grn.b6	prefix	7	8	E11	Bogo-Indian Defense: Grünfeld Variation
E.Bog.Grn.b6.e3	prefix	7	9	E11	Bogo-Indian Defense: Grünfeld Variation
E.Bog.Grn.b6.e3.Bb7	exact	10	10	E14	Queen's Indian Defense, with e3, Bb4+ Line
E.Bog.Grn.b6.a3	prefix	7	9	E11	Bogo-Indian Defense: Grünfeld Variation
E.Bog.Grn.b6.a3.Bxd2	prefix	7	10	E11	Bogo-Indian Defense: Grünfeld Variation
E.Bog.Grn.b6.a3.Bxd2.Qxd2	prefix	7	11	E11	Bogo-Indian Defense: Grünfeld Variation
E.Nim.e4	exact	7	7	E20	Nimzo-Indian Defense: Dilworth Gambit
E.Nim.Sml.Bxc3	prefix	7	8	E24	Nimzo-Indian Defense: Sämisch Variation
E.Nim.Sml.Bxc3.bxc3	prefix	7	9	E24	Nimzo-Indian Defense: Sämisch Variation
E.Nim.Sml.Bxc3.bxc3.O-O	exact	10	10	E27	Nimzo-Indian Defense: Sämisch Variation
E.Nim.Sml.Bot.cxd5	exact	13	13	E25	Nimzo-Indian Defense: Sämisch Variation
E.Nim.Sml.Bot.cxd5.Nxd5	prefix	13	14	E25	Nimzo-Indian Defense: Sämisch Variation
E.Nim.Sml.Bot.cxd5.Nxd5.dxc5	exact	15	15	E25	Nimzo-Indian Defense: Sämisch Variation, Keres Variation
E.Nim.Sml.Bot.Rom	exact	16	16	E25	Nimzo-Indian Defense: Sämisch Variation, Romanovsky Variation
E.Nim.Kas.Bxc3	prefix	7	8	E21	Nimzo-Indian Defense: Three Knights Variation
E.Nim.Kas.Bxc3.bxc3	prefix	7	9	E21	Nimzo-Indian Defense: Three Knights Variation
E.Nim.Kas.Bxc3.bxc3.b6	prefix	7	10	E21	Nimzo-Indian Defense: Three Knights Variation
E.Nim.Kas.Bxc3.bxc3.b6.e3	prefix	7	11	E21	Nimzo-Indian Defense: Three Knights Variation
E.Nim.Kas.Kor.b5	prefix	9	10	E21	Nimzo-Indian Defense: Three Knights Variation, Korchnoi Variation
E.KID.Cls.Pet.Nbd7	exact	14	14	E93	King's Indian Defense: Petrosian Variation, Normal Defense
E.KID.Cls.Pet.Nbd7.Bg5	prefix	14	15	E93	King's Indian Defense: Petrosian Variation, Normal Defense
E.KID.Cls.Pet.Nbd7.Bg5.h6	prefix	14	16	E93	King's Indian Defense: Petrosian Variation, Normal Defense
E.KID.Cls.Byn.Nh5	prefix	17	18	E97	King's Indian Defense: Orthodox Variation, Bayonet Attack
E.KID.Cls.Byn.Nh5.Re1	exact	19	19	E97	King's Indian Defense: Orthodox Variation, Bayonet Attack, Sokolov's Line
E.KID.Cls.Byn.Nh5.Qc2	exact	19	19	E97	King's Indian Defense: Orthodox Variation, Bayonet Attack, Yepishin's Line
E.KID.Cls.Mar.Bd2	exact	17	17	E97	King's Indian Defense: Orthodox Variation, Korchnoi Attack
E.KID.Cls.Mar.Nd2	exact	17	17	E97	King's Indian Defense: Orthodox Variation, Modern System
E.KID.Mak.O-O	prefix	9	10	E71	King's Indian Defense: Makogonov Variation
E.KID.Mak.O-O.Be3	exact	11	11	E71	King's Indian Defense: Karpov System
E.KID.Avk.Ben.dxc5	exact	13	13	E74	King's Indian Defense: Averbakh Variation, Benoni Defense, Exchange Variation
E.KID.Fch.Yug.Nc3	prefix	12	13	E64	King's Indian Defense: Fianchetto Variation, Yugoslav System
E.Ben.Old.Adv.d6	exact	4	4	A43	Benoni Defense: Old Benoni
E.Ind.Tgo.d5	prefix	4	5	A50	Mexican Defense
E.Ind.Tgo.d5.Ne5	prefix	4	6	A50	Mexican Defense
E.Ind.Tgo.d5.Ne5.f4	exact	7	7	A50	Mexican Defense: Horsefly Gambit
D.Alb.dxe5	prefix	4	5	D08	Queen's Gambit Declined: Albin Countergambit
D.Alb.dxe5.d4	prefix	4	6	D08	Queen's Gambit Declined: Albin Countergambit
D.Alb.dxe5.d4.Nf3	exact	7	7	D08	Queen's Gambit Declined: Albin Countergambit, Normal Line
D.Alb.dxe5.d4.Nf3.c5	exact	8	8	D08	Queen's Gambit Declined: Albin Countergambit, Tartakower Defense
D.Alb.dxe5.d4.e4	exact	7	7	D08	Queen's Gambit Declined: Albin Countergambit, Spassky Variation
D.Alb.Las.MLn.dxe3	exact	10	10	D08	Queen's Gambit Declined: Albin Countergambit, Lasker Trap
D.Sla.Nc3.dxc4.e4	exact	7	7	D10	Slav Defense: Slav Gambit, Alekhine Attack
D.Sla.Win.e4	exact	7	7	D10	Slav Defense: Winawer Countergambit, Anti-Winawer Gambit
D.Sla.Nf3.Nf6.Bg5	exact	7	7	D11	Slav Defense: Bonet Gambit
D.Sla.Cze.Na6	exact	12	12	D18	Slav Defense: Czech Variation, Lasker Variation
D.QGA.Cen.McD.Bxc4	exact	7	7	D20	Queen's Gambit Accepted: Central Variation, McDonnell Defense, Somov Gambit
D.QGA.Jan.e3	prefix	6	7	D22	Queen's Gambit Accepted: Alekhine Defense
D.QGA.Jan.e3.Bg4	prefix	6	8	D22	Queen's Gambit Accepted: Alekhine Defense
D.QGA.Jan.e3.Bg4.Bxc4	prefix	6	9	D22	Queen's Gambit Accepted: Alekhine Defense
D.QGA.Jan.e3.Bg4.Bxc4.e6	prefix	6	10	D22	Queen's Gambit Accepted: Alekhine Defense
D.QGA.Cls.Qe2	prefix	10	11	D26	Queen's Gambit Accepted: Classical Defense
D.QGA.Cls.Qe2.a6	prefix	10	12	D26	Queen's Gambit Accepted: Classical Defense
D.QGA.Cls.Qe2.a6.dxc5	prefix	10	13	D26	Queen's Gambit Accepted: Classical Defense
D.QGA.Cls.Qe2.a6.dxc5.Bxc5	prefix	10	14	D26	Queen's Gambit Accepted: Classical Defense
D.QGA.Cls.MLn.e4	prefix	12	13	D27	Queen's Gambit Accepted: Classical Defense, Main Line
D.QGA.Cls.MLn.dxc5	prefix	12	13	D27	Queen's Gambit Accepted: Classical Defense, Main Line
D.QGA.Cls.MLn.dxc5.Bxc5	exact	14	14	D27	Queen's Gambit Accepted: Furman Variation
D.QGD.Alt.e4	prefix	6	7	D31	Queen's Gambit Declined: Charousek Variation
D.QGD.Alt.e4.dxe4	prefix	6	8	D31	Queen's Gambit Declined: Charousek Variation
D.QGD.Alt.e4.dxe4.f3	exact	9	9	D31	Queen's Gambit Declined: Charousek Variation, Miladinovic Gambit
D.QGD.Rag.Qa4	prefix	6	9	D35	Queen's Gambit Declined: Normal Defense
D.QGD.Vie.e3	prefix	6	9	D35	Queen's Gambit Declined: Normal Defense
D.QGD.Cmb.Bxf6	exact	13	13	D52	Queen's Gambit Declined: Cambridge Springs Defense, Capablanca Variation
D.QGD.Exc.Min.h6	prefix	6	16	D35	Queen's Gambit Declined: Normal Defense
D.QGD.Exc.Min.h6.Bh4	prefix	6	17	D35	Queen's Gambit Declined: Normal Defense
D.Tar.e3	prefix	6	7	D32	Tarrasch Defense
D.Tar.e3.Nf6	prefix	6	8	D32	Tarrasch Defense
D.Tar.e3.Nf6.Nf3	prefix	6	9	D32	Tarrasch Defense
D.Tar.e3.Nf6.Nf3.Nc6	exact	10	10	D32	Tarrasch Defense: Symmetrical Variation
D.Tar.Exd.dxc5	prefix	8	9	D32	Queen's Gambit Declined: Tarrasch Defense
D.Tar.Exd.dxc5.d4	prefix	8	10	D32	Queen's Gambit Declined: Tarrasch Defense
D.Tar.Exd.dxc5.d4.Na4	prefix	8	11	D32	Queen's Gambit Declined: Tarrasch Defense
D.Tar.Exd.dxc5.d4.Na4.b5	exact	12	12	D32	Tarrasch Defense: Tarrasch Gambit
D.Tar.Rub.c4	exact	12	12	D33	Tarrasch Defense: Swedish Variation
D.Tar.Rub.c4.e4	exact	13	13	D33	Tarrasch Defense: Swedish Variation, Central Break
D.Tar.Prg.Bg2	prefix	12	13	D33	Tarrasch Defense: Prague Variation
D.Tar.Prg.Bg2.Bg4	exact	14	14	D33	Tarrasch Defense: Wagner Variation
D.STa.cxd5	exact	9	9	D41	Queen's Gambit Declined: Semi-Tarrasch Defense
D.STa.cxd5.Nxd5	prefix	9	10	D41	Queen's Gambit Declined: Semi-Tarrasch Defense
D.STa.cxd5.Nxd5.e3	exact	11	11	D41	Queen's Gambit Declined: Semi-Tarrasch Defense, Pillsbury Variation
D.STa.cxd5.Nxd5.e3.Nc6	prefix	11	12	D41	Queen's Gambit Declined: Semi-Tarrasch Defense, Pillsbury Variation
D.STa.cxd5.Nxd5.e3.Nc6.Bd3	exact	13	13	D42	Queen's Gambit Declined: Semi-Tarrasch Defense, Main Line
D.STa.Sym.Qe2	prefix	14	15	D40	Queen's Gambit Declined: Semi-Tarrasch Defense, Symmetrical Variation
D.STa.Sym.Qe2.Qe7	prefix	14	16	D40	Queen's Gambit Declined: Semi-Tarrasch Defense, Symmetrical Variation
D.STa.Sym.Qe2.Qe7.dxc5	prefix	14	17	D40	Queen's Gambit Declined: Semi-Tarrasch Defense, Symmetrical Variation
D.STa.Sym.Qe2.Qe7.dxc5.Bxc5	prefix	14	18	D40	Queen's Gambit Declined: Semi-Tarrasch Defense, Symmetrical Variation
D.Sem.Bg5.dxc4	exact	10	10	D44	Semi-Slav Defense Accepted
D.Sem.Bg5.dxc4.e4	exact	11	11	D44	Semi-Slav Defense: Botvinnik Variation
D.Sem.Bg5.Nbd7	prefix	8	10	D43	Semi-Slav Defense
D.Sem.Bg5.Nbd7.e3	exact	11	11	D52	Queen's Gambit Declined
D.Sem.Mar.dxe4	prefix	7	8	D31	Semi-Slav Defense: Marshall Gambit
D.Sem.Mar.dxe4.Nxe4	prefix	7	9	D31	Semi-Slav Defense: Marshall Gambit
D.Sem.Mar.dxe4.Nxe4.Bb4	prefix	7	10	D31	Semi-Slav Defense: Marshall Gambit
D.Sem.Mar.dxe4.Nxe4.Bb4.Nc3	exact	11	11	D31	Semi-Slav Defense: Marshall Gambit, Forgotten Variation
D.Sem.Mar.dxe4.f3	exact	9	9	D31	Semi-Slav Defense: Gunderam Gambit
D.Sem.Mar.MLn.Qxd4	prefix	11	12	D31	Semi-Slav Defense: Marshall Gambit, Main Line
D.Chi.Exc.e3	prefix	6	7	D07	Queen's Gambit Declined: Chigorin Defense, Exchange Variation
D.Chi.Exc.e3.e5	prefix	6	8	D07	Queen's Gambit Declined: Chigorin Defense, Exchange Variation
D.Chi.Exc.e3.e5.Nc3	prefix	6	9	D07	Queen's Gambit Declined: Chigorin Defense, Exchange Variation
D.Chi.Exc.e3.e5.Nc3.Bb4	prefix	6	10	D07	Queen's Gambit Declined: Chigorin Defense, Exchange Variation
D.Chi.MLn.Qa4	exact	7	7	D07	Queen's Gambit Declined: Chigorin Defense, Main Line, Alekhine Variation
D.Chi.Jan.Nf3	exact	7	7	D07	Queen's Gambit Declined: Chigorin Defense, Janowski Variation
D.Rub.Nc6	prefix	9	10	D05	Rubinstein Opening
D.Rub.Nc6.O-O	prefix	9	11	D05	Rubinstein Opening
D.Rub.Nc6.O-O.Bd6	prefix	9	12	D05	Rubinstein Opening
D.Rub.Nc6.O-O.Bd6.Bb2	prefix	9	13	D05	Rubinstein Opening
D.Rub.Nc6.O-O.Bd6.Bb2.O-O	exact	14	14	D05	Rubinstein Opening: Bogoljubow Defense
D.Rub.Nc6.O-O.Be7	prefix	9	12	D05	Rubinstein Opening
D.Rub.Nc6.O-O.Be7.Bb2	prefix	9	13	D05	Rubinstein Opening
D.Rub.Nc6.O-O.Be7.Bb2.O-O	exact	14	14	D05	Rubinstein Opening: Classical Defense
D.QGD.Bal.cxd5	prefix	4	5	D06	Queen's Gambit Declined: Baltic Defense
D.QGD.Bal.cxd5.Bxb1	prefix	4	6	D06	Queen's Gambit Declined: Baltic Defense
D.QGD.Bal.cxd5.Bxb1.Qa4	prefix	4	7	D06	Queen's Gambit Declined: Baltic Defense
D.QGD.Bal.cxd5.Bxb1.Qa4.c6	prefix	4	8	D06	Queen's Gambit Declined: Baltic Defense
D.QGD.Bal.Nc3.Nf3	prefix	4	7	D06	Queen's Gambit Declined: Baltic Defense
D.QGD.Bal.Nc3.Nf3.Nc6	exact	8	8	D06	Queen's Gambit Declined: Baltic Defense, Pseudo-Chigorin
D.QGD.Bal.Nc3.Qb3	exact	7	7	D06	Queen's Gambit Declined: Baltic Defense, Queen Attack Deferred
D.QGD.Mar.cxd5	prefix	4	5	D06	Queen's Gambit Declined: Marshall Defense
D.QGD.Mar.cxd5.c6	exact	6	6	D06	Queen's Gambit Declined: Marshall Defense, Tan Gambit
D.QPG.Tor.g6	exact	6	6	D03	Queen's Pawn Game: Torre Attack, Grünfeld Variation
D.QPG.Zuk.c5.e3	prefix	4	5	D02	Queen's Pawn Game: Krause Variation
D.QPG.Zuk.c5.e3.Nf6	prefix	4	6	D02	Queen's Pawn Game: Krause Variation
D.QPG.Zuk.c5.e3.Nf6.Nbd2	prefix	4	7	D02	Queen's Pawn Game: Krause Variation
A.Eng.Rev.g3.h5	exact	4	4	A20	English Opening: Drill Variation
A.Eng.Agi.Nf3.Sha	exact	8	8	A04	Zukertort Opening: Shabalov Gambit
A.Eng.AIn.Nf3.Cap	exact	8	8	A12	Réti Opening: Anglo-Slav Variation, Capablanca Variation
A.Eng.AIn.Nf3.NYS	exact	8	8	A12	Réti Opening: Anglo-Slav Variation, New York System
A.Ret.QGI.MLn.Cat	exact	9	9	A13	English Opening: Agincourt Defense, Catalan Defense
A.Ret.QGI.MLn.Sic	exact	6	6	A13	English Opening: Agincourt Defense, Catalan Defense
A.Ret.QGI.MLn.Kur	exact	6	6	A13	English Opening: Agincourt Defense, Kurajica Defense
A.Ret.d5.g3.c6	exact	8	8	A07	King's Indian Attack: Keres Variation
A.Ret.d5.g3.g5	exact	4	4	A07	Hungarian Opening: Wiedenhagen-Beta Gambit
A.Ret.Nf6.b4.g6	prefix	2	4	A05	Zukertort Opening
A.Ret.Nf6.b4.g6.Bb2	exact	5	5	A05	Polish Opening: Zukertort System
A.Ret.c5.c4.Qb6	exact	8	8	A04	Modern Defense: Semi-Averbakh Variation, Polish Variation
A.Ret.c5.d4.b4	exact	5	5	A43	Benoni Defense: Zilbermints-Benoni Gambit
A.Ret.c5.d4.b4.e5	exact	6	6	A43	Benoni Defense: Zilbermints-Benoni Gambit, Tamarkin Countergambit
A.Ret.f5.d3.e4	exact	5	5	A04	Zukertort Opening: Lisitsyn Gambit Deferred
A.Ret.Eng.c6.b3	exact	11	11	A14	Réti Opening: Anglo-Slav Variation
A.Hol.Kre.MLn.Tat	exact	7	7	A80	Dutch Defense: Krejcik Gambit, Tate Gambit
A.Hol.Rap.Nf6.g4	exact	5	5	A80	Dutch Defense: Spielmann Gambit
A.Hol.Fch.Nf6.Blb	exact	7	7	A81	Dutch Defense: Blackburne Variation
A.Hol.Fch.g6.Nh3	exact	7	7	A81	Dutch Defense: Leningrad Variation, Carlsbad Variation
A.Hol.Fch.c6.Nf3	exact	10	10	A81	Dutch Defense: Leningrad, Basman System
A.Hol.c4.g6.Nc3	exact	6	6	A84	Dutch Defense: Bladel Variation
A.Hol.c4.e6.Nc3	exact	5	5	A84	Dutch Defense: Rubinstein Variation
A.Hol.c4.e6.Nf3	exact	12	12	A90	Dutch Defense: Stonewall Variation, Modern Variation
A.Hol.Cls.IZh.b3	exact	15	15	A99	Dutch Defense: Classical Variation, Ilyin-Zhenevsky Variation, Modern Main Line
A.Hol.Kre.Hev	exact	4	4	A80	Dutch Defense: Hevendehl Gambit
A.Gro.Gbt.e5.c4	exact	5	5	A00	Grob Opening: Spike, Hurst Attack
A.Gro.Zil.Sch	exact	6	6	A00	Grob Opening: Zilbermints Gambit, Schiller Defense
A.Gro.Zil.ZHG	exact	7	7	A00	Grob Opening: Zilbermints Gambit, Zilbermints-Hartlaub Gambit
A.Gro.Kee.MLn	exact	12	12	A00	Grob Opening: Keene Defense, Main Line
A.Hng.f5.e4.fxe4	exact	6	6	A00	Hungarian Opening: Pachman Gambit
A.Hng.h5.Nf3.h4	exact	4	4	A00	Hungarian Opening: Van Kuijk Gambit
A.Van.ReN.Nf3.Bc5	exact	4	4	A00	Van Geet Opening: Billockus-Johansen Gambit
A.Van.ReN.Nf3.Nc6	prefix	2	4	A00	Van Geet Opening: Reversed Nimzowitsch
A.Van.ReN.Nf3.Nc6.d4	exact	5	5	A00	Van Geet Opening: Napoleon Attack
A.Van.d6.f4.e5	prefix	1	4	A00	Van Geet Opening
A.Van.d6.f4.e5.fxe5	exact	6	6	A00	Van Geet Opening: Hergert Gambit
A.Van.f5.e4.fxe4	prefix	1	4	A00	Van Geet Opening
A.Van.f5.e4.fxe4.d3	exact	5	5	A00	Van Geet Opening: Kluever Gambit
A.Van.d5.f4.g5	exact	4	4	A00	Van Geet Opening: Warsteiner Gambit
A.Bir.Dut.Nf3.Nf6	exact	6	6	A03	Bird Opening: Lasker Variation
A.Bir.Dut.b3.Nf6	prefix	2	4	A03	Bird Opening: Dutch Variation
A.Bir.Dut.b3.Nf6.Bb2	prefix	2	5	A03	Bird Opening: Dutch Variation
A.Bir.Dut.b3.Nf6.Bb2.d4	exact	9	9	A03	Bird Opening: Thomas Gambit
A.Bir.Wil.Acc	exact	7	7	A03	Bird Opening: Williams Gambit
A.Bir.Wil.WZG	exact	7	7	A03	Bird Opening: Williams-Zilbermints Gambit
A.Lar.f5.Bb2.e6	prefix	2	4	A01	Nimzo-Larsen Attack: Dutch Variation
A.Lar.f5.Bb2.e6.e4	exact	5	5	A01	Nimzo-Larsen Attack: Ringelbach Gambit
A.War.Mad.MLn.f5	prefix	1	6	A00	Ware Opening
A.War.Mad.MLn.f5.a6	exact	7	7	A00	Ware Opening: Ware Gambit
A.Pol.c6.Bb2	prefix	2	3	A00	Polish Opening: Outflank Variation
A.Pol.c6.Bb2.a5	prefix	2	4	A00	Polish Opening: Outflank Variation
A.Pol.c6.Bb2.a5.b5	exact	7	7	A00	Polish Opening: Schuehler Gambit
A.Egl.Dec.Die	exact	6	6	A40	Englund Gambit Declined: Diemer Counterattack
A.Egl.Har.Sto	exact	7	7	A40	Englund Gambit: Stockholm Variation
A.Hor.Zil	exact	4	4	A40	Horwitz Defense: Zilbermints Gambit
A.Hor.FrS	exact	14	14	A40	Benoni Defense: Franco-Sicilian Hybrid
A.Mik.Eng.Can	exact	6	6	A40	Mikenas Defense: Cannstatter Variation
A.Mik.Eng.Poz	exact	8	8	A40	Mikenas Defense: Pozarek Gambit
A.Mik.Mon	exact	4	4	A40	Montevideo Defense
A.Mik.Zai	exact	8	8	A40	Zaire Defense
A.Owe.Eas	exact	6	6	A40	English Defense: Eastbourne Gambit
A.Owe.Fch.HGA	exact	10	10	A40	English Defense: Hartlaub Gambit Accepted
A.Owe.Fch.HGD	exact	9	9	A40	English Defense: Hartlaub Gambit Declined
A.PQI.Fch.Mar	exact	8	8	A47	Marienbad System
A.PQI.Fch.Ber	exact	11	11	A47	Marienbad System: Berg Variation
A.Tor.Yus.MLn.d5	exact	9	9	A46	Torre Attack: Classical Defense, Petrosian Gambit
A.Tro.Rap.Bf4.g5	exact	6	6	A45	Trompowsky Attack: Borg Variation
A.Tro.Rap.MLn.Nxg5	prefix	5	6	A45	Trompowsky Attack: Raptor Variation
A.Tro.Rap.MLn.Nxg5.hxg5	prefix	5	7	A45	Trompowsky Attack: Raptor Variation
A.Tro.Rap.MLn.Nxg5.hxg5.e5	exact	8	8	A45	Trompowsky Attack: Raptor Variation, Hergert Gambit
B.Fre.Tar.Hab	exact	6	6	C03	French Defense: Tarrasch Variation, Haberditz Variation
B.Fre.Tar.Mod	exact	6	6	C03	French Defense: Tarrasch Variation, Modern System
B.Fre.Tar.Mor	exact	6	6	C03	French Defense: Tarrasch Variation, Morozevich Variation
B.Fre.Tar.Gui.Thb	exact	10	10	C03	French Defense: Tarrasch Variation, Guimard Defense, Thunderbunny Variation
B.Fre.Tar.Gui.MLn	exact	8	8	C04	French Defense: Tarrasch Variation, Guimard Defense, Main Line
B.Fre.Tar.Ope.EuK	exact	7	7	C07	French Defense: Tarrasch Variation, Open System, Euwe-Keres Line
B.Fre.Tar.Ope.Suc	exact	7	7	C07	French Defense: Tarrasch Variation, Open System, Süchting Line
B.Fre.Bur.Be7	exact	10	10	C13	French Defense: Classical Variation
B.Fre.Bur.MLn	exact	14	14	C11	French Defense: Classical Variation, Burn Variation, Main Line
B.Fre.Bur.Mrz	exact	12	12	C11	French Defense: Classical Variation, Burn Variation, Morozevich Line
B.Fre.Win.Arm.b4	exact	12	12	C17	French Defense: Winawer Variation, Retreat Variation, Armenian Line
B.Fre.Win.Psn.Ein	exact	14	14	C18	French Defense: Winawer Variation, Eingorn Variation
B.Fre.Win.Psn.Qxg7	exact	15	15	C18	French Defense: Winawer Variation, Poisoned Pawn Variation
B.Fre.Win.Psn.Qxg7.Nbc6	exact	18	18	C18	French Defense: Winawer Variation, Poisoned Pawn Variation
B.Fre.Win.Psn.O-O	exact	14	14	C18	French Defense: Winawer Variation, Warsaw Variation
B.Fre.Cls.MLn.Bxf6	exact	9	9	C13	French Defense: Classical Variation, Richter Attack
B.Fre.Cls.MLn.Bxf6.Qg4	exact	13	13	C13	French Defense: Classical Variation, Richter Attack
B.CaK.Fan.Mrc	exact	11	11	B12	Caro-Kann Defense: Maróczy Variation, Maróczy Gambit
B.CaK.Pmv.Fch.Gmb	exact	12	12	B14	Caro-Kann Defense: Panov Attack, Fianchetto Defense, Fianchetto Gambit
B.CaK.Tar.For	exact	11	11	B15	Caro-Kann Defense: Forgacs Variation
B.CaK.Tar.Prl	exact	16	16	B15	Caro-Kann Defense: Tartakower Variation, Perlis Line
B.CaK.Kar.Sml.Kas	exact	11	11	B17	Caro-Kann Defense: Karpov Variation, Modern Variation, Kasparov Attack
B.Pir.Pre.d4.Nd7	exact	4	4	B00	Rat Defense: Antal Defense
B.Pir.150.Arg.Qd2	exact	9	9	B07	Pirc Defense: 150 Attack
B.Pir.150.Arg.Qd2.Bg4	exact	10	10	B07	Pirc Defense: 150 Attack, Inner Doll Defense
B.Pir.150.Arg.h3	exact	9	9	B07	Pirc Defense: 150 Attack, Sveshnikov-Jansa Attack
B.Pir.Be2.h4	exact	9	9	B07	Pirc Defense: Bayonet Attack
B.Pir.Be2.g4	exact	9	9	B07	Pirc Defense: Chinese Variation
B.Pir.Cls.Bg7.h3	exact	9	9	B08	Pirc Defense: Classical Variation, Schlechter Variation
B.Pir.Aus.c5	exact	10	10	B09	Pirc Defense: Austrian Attack, Dragon Formation
B.Pir.Aus.Lju	exact	9	9	B09	Pirc Defense: Austrian Attack, Ljubojevic Variation
B.Pir.Aus.Drg.Kur	exact	11	11	B09	Pirc Defense: Austrian Attack, Kurajica Variation
B.Pir.Aus.Drg.Brn	exact	13	13	B09	Pirc Defense: Austrian Attack, Unzicker Attack, Bronstein Variation
B.Mod.Std.Nc3.Mon	exact	6	6	B06	Modern Defense: Mongredien Defense, with Nc3
B.Mod.GPt	exact	8	8	B06	Pterodactyl Defense: Austrian, Grand Prix Pterodactyl
B.Ale.Chs.MLn.Mat	exact	13	13	B02	Alekhine Defense: Hunt Variation, Matsukevich Gambit
B.Ale.Exc.Kar	exact	21	21	B03	Alekhine Defense: Exchange Variation, Karpov Variation
B.Ale.Exc.Vor	exact	17	17	B03	Alekhine Defense: Exchange Variation, Voronezh Variation
B.Ale.Fou.MLn.Kor	exact	20	20	B03	Alekhine Defense: Four Pawns Attack, Korchnoi Variation
B.Ale.Fou.Trd.Be3	exact	13	13	B03	Alekhine Defense: Four Pawns Attack, Main Line
B.Ale.Fou.Trd.Tar	exact	22	22	B03	Alekhine Defense: Four Pawns Attack, Tartakower Variation
B.Ale.Mod.KID.Ker	exact	13	13	B04	Alekhine Defense: Modern Variation, Keres Variation
B.Ale.Mod.MLn.c4	exact	9	9	B05	Alekhine Defense: Modern Variation, Alekhine Variation
B.Ale.Mod.MLn.h3	exact	9	9	B05	Alekhine Defense: Modern Variation, Panov Variation
B.Ale.Mod.MLn.c4.d5	exact	11	11	B05	Alekhine Defense: Modern Variation, Vitolins Attack
B.Sca.Nf6.Mar.Kie	exact	8	8	B01	Scandinavian Defense: Kiel Variation
B.Sca.Mod.Leo	exact	7	7	B01	Scandinavian Defense: Main Line, Leonhardt Gambit
B.Sca.Nf6.Mar.Nf3	exact	8	8	B01	Scandinavian Defense: Richter Variation
B.Sic.Cls.g3	exact	11	11	B56	Sicilian Defense: Classical Variation, Fianchetto Variation
B.Sic.Cls.Nde2	exact	11	11	B56	Sicilian Defense: Spielmann Variation
B.Sic.Cls.Bd3	exact	11	11	B56	Sicilian Defense: Yates Variation
B.Sic.Cls.Soz.Qb6	exact	12	12	B57	Sicilian Defense: Classical Variation, Anti-Sozin Variation
B.Sic.Cls.Soz.MST	exact	15	15	B57	Sicilian Defense: Magnus Smith Trap
B.Sic.Cls.Be2.Drg	exact	14	14	B58	Sicilian Defense: Classical Variation, Dragon Transfer
B.Sic.Ros.Brt	exact	6	6	B30	Sicilian Defense: Nyezhmetdinov-Rossolimo Attack, Brooklyn Retreat Defense
B.Sic.Ros.SFr	exact	7	7	B30	Sicilian Defense: Nyezhmetdinov-Rossolimo Attack, San Francisco Gambit
B.Sic.Alp.Cen.AAG	exact	6	6	B22	Sicilian Defense: Alapin Variation, Anti-Alapin Gambit
B.Sic.Alp.Cen.Brm	exact	6	6	B22	Sicilian Defense: Alapin Variation, Barmen Defense
B.Sic.Alp.Nf6.Stz	exact	11	11	B22	Sicilian Defense: Alapin Variation, Stoltz Attack
B.Sic.Alp.Nf6.Stz.Ivn	exact	16	16	B22	Sicilian Defense: Alapin Variation, Stoltz Attack, Ivanchuk Line
B.Sic.Alp.Nf6.Hei	exact	9	9	B22	Sicilian Defense: Heidenfeld Variation
B.Sic.Kan.Mar.Hdg	exact	10	10	B41	Sicilian Defense: Kan Variation, Maróczy Bind, Hedgehog Variation
B.Sic.Kan.Koc.Gip	exact	14	14	B42	Sicilian Defense: Kan Variation, Gipslis Variation
B.Sic.Mor.Dfg	exact	11	11	B51	Sicilian Defense: Moscow Variation, Dorfman Gambit
B.Sic.Mor.Gmb	exact	17	17	B51	Sicilian Defense: Moscow Variation, Moscow Gambit
B.Sic.Pin.Jaf	exact	12	12	B40	Sicilian Defense: Pin Variation, Jaffe Variation
B.Sic.Pin.Koc	exact	11	11	B40	Sicilian Defense: Pin Variation, Koch Variation
B.Sic.Nim.Cls	exact	5	5	B29	Sicilian Defense: Nimzowitsch Variation, Closed Variation
B.Sic.Nim.e5.Nxc3	exact	8	8	B29	Sicilian Defense: Nimzowitsch Variation, Exchange Variation
B.Sic.Nim.e5.Nc6	exact	12	12	B29	Sicilian Defense: Nimzowitsch Variation, Main Line
B.Nim.Col.Acc	exact	5	5	B00	Nimzowitsch Defense: Colorado Countergambit Accepted
B.Nim.ScD.Nc3.Bra	exact	6	6	B00	Nimzowitsch Defense: Scandinavian Variation, Bogoljubow Variation, Brandics Gambit
B.Nim.ScD.Nc3.Erb	exact	6	6	B00	Nimzowitsch Defense: Scandinavian Variation, Bogoljubow Variation, Erben Gambit
B.OwM.Gua	exact	4	4	B00	Owen Defense: Guatemala Defense
B.OwM.Hek	exact	6	6	B00	Owen Defense: Hekili-Loa Gambit
B.OwM.Mat.MLn.Gmb	exact	10	10	B00	Owen Defense: Matovinsky Gambit
B.OwM.Eng.Nas	exact	5	5	B00	Owen Defense: Naselwaus Gambit
B.OwM.Eng.Smi	exact	5	5	B00	Owen Defense: Smith Gambit
B.OwM.Eng.Wnd	exact	6	6	B00	Owen Defense: Wind Gambit
B.StG.Bas.MLn.Pol	exact	8	8	B00	St. George Defense: Polish Variation
B.StG.Bas.MLn.SJr	exact	12	12	B00	St. George Defense: San Jorge Variation
B.StG.Zil	exact	4	4	B00	St. George Defense: Zilbermints Gambit
B.Brg.Trn	exact	6	6	B00	Borg Defense: Troon Gambit
B.Brg.Zil	exact	4	4	B00	Borg Defense: Zilbermints Gambit
B.Bar.Uni	exact	6	6	B00	Owen Defense: Unicorn Variation
E.Ind.Cat.Bb4.Bd2.Be7.D5N	exact	11	11	E11	Bogo-Indian Defense: Retreat Variation
E.Ind.Cat.Bb4.Bd2.Be7.D5C	exact	13	13	E11	Bogo-Indian Defense: Retreat Variation
E.Ind.Cat.Bb4.Bd2.Be7.Qc2	exact	15	15	E11	Bogo-Indian Defense: Retreat Variation
E.Ind.Cat.Bb4.Bd2.Be7.Nbd	exact	16	16	E11	Bogo-Indian Defense: Retreat Variation
E.Ind.Cat.Bb4.Bd2.Be7.Btr	exact	17	17	E11	Bogo-Indian Defense: Retreat Variation
E.Ind.Cat.Bb4.Bd2.Be7.Rc1	exact	17	17	E11	Bogo-Indian Defense: Retreat Variation
E.Ind.Cat.Bb4.Bd2.Be7.Rd1	exact	17	17	E11	Bogo-Indian Defense: Retreat Variation
E.Ind.Cat.Bb4.Bd2.Be7.H6R	exact	18	18	E11	Bogo-Indian Defense: Retreat Variation
E.QID.Pet.KPe.d5.cxd5.Qc2	exact	13	13	E12	Queen's Indian Defense: Kasparov-Petrosian Variation, Kasparov Attack
E.QID.Pet.KPe.d5.cxd5.e3	exact	13	13	E12	Queen's Indian Defense: Kasparov-Petrosian Variation, Petrosian Attack
E.QID.Pet.KPe.d5.cxd5.e4	prefix	12	13	E12	Queen's Indian Defense: Kasparov-Petrosian Variation, Modern Variation
E.QID.Pet.KPe.d5.cxd5.Qa4	exact	13	13	E12	Queen's Indian Defense: Kasparov-Petrosian Variation, Rashkovsky Attack
E.QID.Pet.KPe.d5.cxd5.Bd2	exact	13	13	E12	Queen's Indian Defense: Kasparov-Petrosian Variation, Romanishin Attack
E.Ben.Bnk.Acc.MLn.g6.f4	exact	13	13	A58	Benko Gambit Accepted: Central Storming Variation
E.Ben.Bnk.Acc.MLn.g6.g3	exact	17	17	A58	Benko Gambit Accepted: Fianchetto Variation
E.Ben.Bnk.Acc.MLn.g6.Kxf1	exact	17	17	A59	Benko Gambit
E.Ben.Bnk.Acc.MLn.g6.Kg2	exact	21	21	A59	Benko Gambit Accepted: King Walk Variation
E.Ben.Bnk.Acc.MLn.g6.Ne2	exact	17	17	A59	Benko Gambit Accepted: Yugoslav
E.Ben.Bnk.Acc.MLn.Bxa6.f4	prefix	9	13	A58	Benko Gambit Accepted: Fully Accepted Variation
E.KID.Sml.Cst.Bg5.c5.exd5	exact	17	17	A65	Benoni Defense: King's Pawn Line, with Bg5
E.KID.Sml.Cst.Bg5.c5.Bf4	exact	15	15	E81	King's Indian Defense: Steiner Attack
E.KID.Sml.Cst.Bg5.c5.Nxd5	exact	17	17	E81	King's Indian Defense: Steiner Attack
E.KID.Sml.Cst.Bg5.c5.Bxh6	exact	17	17	E81	King's Indian Defense: Steiner Attack
E.Ind.e6.Nf3.c5.d5.g6	exact	12	12	A61	Benoni Defense
E.Ind.e6.Nf3.c5.d5.g3	exact	13	13	A61	Benoni Defense: Fianchetto Variation
E.Ind.e6.Nf3.c5.d5.Nd2	exact	13	13	A61	Benoni Defense: Knight's Tour Variation
E.Ind.e6.Nf3.c5.d5.Bg5	exact	13	13	A61	Benoni Defense: Uhlmann Variation
E.Ind.e6.Nf3.c5.d5.e4	exact	13	13	A70	Benoni Defense: Classical Variation
E.Ind.e6.Nf3.c5.d5.h3	exact	15	15	A70	Benoni Defense: Classical Variation, New York Variation
E.Nim.Rub.StP.MLn.Nf3.Cst	exact	13	13	E43	Nimzo-Indian Defense: St. Petersburg Variation
E.Nim.Rub.StP.MLn.Nf3.c5	exact	14	14	E43	Nimzo-Indian Defense: St. Petersburg Variation
E.Nim.Rub.StP.MLn.Nf3.Ca4	exact	18	18	E43	Nimzo-Indian Defense: St. Petersburg Variation
E.Nim.Rub.StP.MLn.Nf3.Sch	exact	14	14	E52	Nimzo-Indian Defense: Normal Variation, Schlechter Defense
E.KID.Nf3.Cst.e3.d6.c6	exact	12	12	E60	King's Indian Defense: Semi-Classical Variation, Benoni Variation
E.KID.Nf3.Cst.e3.d6.Nc6	prefix	11	12	E61	King's Indian Defense: Semi-Classical Variation
E.KID.Nf3.Cst.e3.d6.dxe5	exact	16	16	E61	King's Indian Defense: Semi-Classical Variation, Exchange Variation
E.KID.Nf3.Cst.e3.d6.b4	exact	15	15	E61	King's Indian Defense: Semi-Classical Variation, Queenside Storm Line
E.Ind.e6.Nf3.d5.Bg5.h6	exact	8	8	D30	Queen's Gambit Declined: Capablanca Variation
E.Ind.e6.Nf3.d5.Bg5.c6	prefix	7	11	D30	Queen's Gambit Declined: Traditional Variation
E.Ind.e6.Nf3.d5.Bg5.Bb4	exact	8	8	D30	Queen's Gambit Declined: Vienna Variation
E.Ind.e6.Nf3.d5.e3.Bb7	exact	10	10	E14	Queen's Indian Defense, with e3
E.Ind.e6.Nf3.d5.e3.Bd6	exact	11	11	E14	Queen's Indian Defense, with e3
E.Ind.e6.Nf3.d5.e3.O-O	exact	14	14	E14	Queen's Indian Defense, with e3
E.Ind.e6.Nf3.d5.e3.exd5	exact	12	12	D35	Queen's Gambit Declined: Exchange Variation
E.Gru.Exc.SeV.Bc4.Lrs	exact	16	16	D86	Grünfeld Defense: Exchange Variation, Larsen Variation
E.Gru.Exc.SeV.Bc4.Sim	exact	16	16	D86	Grünfeld Defense: Exchange Variation, Simagin's Improved Variation
E.Gru.Exc.SeV.Bc4.Lsr	exact	16	16	D86	Grünfeld Defense: Exchange Variation, Simagin's Lesser Variation
E.Gru.Exc.SeV.Bc4.Lb6	exact	18	18	D86	Grünfeld Defense: Exchange Variation, Larsen Variation
E.Gru.Rus.Hng.e4.O-O-O	exact	21	21	D98	Grünfeld Defense: Russian Variation, Keres Variation
E.Gru.Rus.Hng.e4.c5	exact	18	18	D99	Grünfeld Defense: Russian Variation, Yugoslav Variation
E.Nim.Rub.Res.MLn.O-O.Brn	exact	14	14	E56	Nimzo-Indian Defense: Normal Variation, Gligoric System, Bernstein Defense
E.Nim.Rub.Res.MLn.O-O.Exc	exact	17	17	E58	Nimzo-Indian Defense: Normal Variation, Bernstein Defense, Exchange Line
E.Nim.Rub.Res.MLn.O-O.Cap	exact	18	18	E57	Nimzo-Indian Defense: Normal Variation, Gligoric System, Bernstein Defense
E.Nim.Rub.Res.MLn.O-O.ML2	exact	19	19	E59	Nimzo-Indian Defense: Normal Variation, Bernstein Defense
E.Nim.Rub.Res.MLn.O-O.Smy	exact	16	16	E54	Nimzo-Indian Defense: Normal Variation, Gligoric System, Smyslov Variation
E.Nim.Rub.Res.MLn.O-O.Bro	exact	16	16	E55	Nimzo-Indian Defense: Normal Variation, Gligoric System, Bronstein Variation
E.KID.Fch.MLn.O-O.Ben	exact	14	14	E61	King's Indian Defense: Fianchetto Variation, Benjamin Defense
E.KID.Fch.MLn.O-O.Kav	exact	14	14	E62	King's Indian Defense: Fianchetto Variation, Kavalek Defense
E.KID.Fch.MLn.O-O.Lrs	exact	14	14	E62	King's Indian Defense: Fianchetto Variation, Larsen Defense
E.KID.Fch.Sim.MLn.Blk	exact	20	20	E63	King's Indian Defense: Fianchetto Variation, Panno Variation, Blockade Line
E.KID.Fch.Sim.MLn.Don	exact	26	26	E63	King's Indian Defense: Fianchetto Variation, Panno Variation, Donner Line
E.KID.Fch.Kav.Nc3.e5.a5	exact	22	22	E68	King's Indian Defense: Fianchetto Variation, Long Variation
E.KID.Fch.Kav.Nc3.e5.h3	exact	17	17	E69	King's Indian Defense: Fianchetto Variation, Classical Main Line
E.KID.Cls.Old.e5.Re1	prefix	11	15	E91	King's Indian Defense: Orthodox Variation
E.KID.Cls.Old.e5.c6	prefix	11	18	E91	King's Indian Defense: Orthodox Variation
E.Ben.Mod.Cls.MLn.Re8.Tal	exact	19	19	A77	Benoni Defense: Classical Variation, Czerniak Defense, Tal Line
E.Ben.Mod.Cls.MLn.Re8.Na6	exact	20	20	A78	Benoni Defense: Classical Variation, Czerniak Defense
E.Ben.Mod.Cls.MLn.Re8.f3L	exact	21	21	A79	Benoni Defense: Classical Variation, Czerniak Defense
E.Gru.Neo.MLn.cxd5.O-O	exact	13	13	D74	Neo-Grünfeld Defense: Delayed Exchange Variation
E.Gru.Neo.MLn.cxd5.dxc5	prefix	13	15	D74	Neo-Grünfeld Defense: Delayed Exchange Variation
E.Gru.Neo.MLn.cxd5.Nb6	exact	14	14	D76	Neo-Grünfeld Defense: Delayed Exchange Variation
E.Ind.WIn.Nf3.Bg7.g3.d5	exact	12	12	D78	Neo-Grünfeld Defense: Classical Variation, Original Defense
E.Ind.WIn.Nf3.Bg7.g3.cxd5	exact	14	14	D79	Neo-Grünfeld Defense: Ultra-Delayed Exchange Variation
E.Ind.Cat.d5.Bg2.dxc4.Bb4	exact	12	12	E04	Catalan Opening: Open Defense, Modern Sharp Variation
E.Ind.Cat.d5.Bg2.dxc4.Be7	exact	10	10	E05	Catalan Opening: Open Defense, Classical Line
E.Nim.Spl.Rom.Nf3.Ne4.Crl	exact	14	14	E23	Nimzo-Indian Defense: Spielmann Variation, Carlsbad Variation
E.Nim.Spl.Rom.Nf3.Ne4.Sta	exact	14	14	E23	Nimzo-Indian Defense: Spielmann Variation, Stahlberg Variation
E.Nim.Spl.Rom.Nf3.Ne4.StM	exact	17	17	E23	Nimzo-Indian Defense: Spielmann Variation, Stahlberg Variation
E.KID.Cls.e5	exact	12	12	E92	King's Indian Defense: Orthodox Variation
E.KID.Cls.e5.O-O	exact	13	13	E94	King's Indian Defense: Orthodox Variation
E.KID.Cls.e5.O-O.c6	exact	14	14	E94	King's Indian Defense: Orthodox Variation, Donner Defense
E.KID.Cls.e5.O-O.Na6	exact	14	14	E94	King's Indian Defense: Orthodox Variation, Glek Defense
E.KID.Cls.e5.O-O.Nbd7	prefix	13	14	E94	King's Indian Defense: Orthodox Variation
E.KID.Cls.e5.O-O.Nbd7.Re1	exact	15	15	E95	King's Indian Defense: Orthodox Variation
E.KID.Cls.e5.O-O.Nbd7.c6	exact	18	18	E96	King's Indian Defense: Orthodox Variation, Positional Defense, Main Line
E.KID.Cls.Nrm	exact	8	8	E70	King's Indian Defense: Normal Variation
E.KID.Cls.Nrm.Bg5	exact	9	9	E70	King's Indian Defense: Accelerated Averbakh Variation
E.KID.Cls.Nrm.Nge2	exact	9	9	E70	King's Indian Defense: Kramer Variation
E.KID.Cls.Nrm.g3	exact	9	9	E72	King's Indian Defense: Normal Variation, Deferred Fianchetto
E.KID.Cls.Nrm.Be2	exact	9	9	E73	King's Indian Defense: Normal Variation, Standard Development
E.Nim.Rub.c5	exact	8	8	E41	Nimzo-Indian Defense: Rubinstein System
E.Nim.Rub.c5.Ne2	exact	9	9	E42	Nimzo-Indian Defense: Rubinstein System, Rubinstein Variation
E.Nim.Rub.c5.Ne2.a3	exact	13	13	E42	Nimzo-Indian Defense: Rubinstein System, Rubinstein Variation, Main Line
E.Nim.Rub.c5.Ne2.c5	exact	13	13	E42	Nimzo-Indian Defense: Rubinstein System, Rubinstein Variation, Sherbakov Attack
E.Nim.Rub.O-O	exact	8	8	E46	Nimzo-Indian Defense: Normal Variation
E.Nim.Rub.O-O.Ne2	exact	9	9	E46	Nimzo-Indian Defense: Reshevsky Variation
A.And.Hip	exact	13	13	A00	Formation: Hippopotamus Attack
A.And.Bat	exact	3	3	A00	Van Geet Opening: Battambang Variation
A.Ama.Par.Gen	exact	11	11	A00	Amar Opening: Paris Gambit, Gent Gambit
A.Hng.Par	prefix	1	5	A00	Hungarian Opening
A.Hng.Par.Gen	exact	9	9	A00	Hungarian Opening: Paris Gambit
A.Hng.ReA.Brk	prefix	3	5	A00	Hungarian Opening: Reversed Alekhine
A.Hng.ReA.Brk.Bnk	exact	7	7	A00	Hungarian Opening: Reversed Brooklyn Defense, Brooklyn Benko Gambit
A.Hng.ReA.Nor	exact	5	5	A00	Hungarian Opening: Reversed Norwegian Defense
A.Lar.Mod.c4	exact	6	6	A01	Nimzo-Larsen Attack: Modern Variation
A.Lar.Mod.f4	exact	5	5	A01	Nimzo-Larsen Attack: Pachman Gambit
A.Eng.Agi.Nf3.d5	exact	4	4	A13	English Opening: Agincourt Defense
A.Eng.Agi.Nf3.d5.b3	exact	10	10	A13	English Opening: Agincourt Defense
A.Eng.Agi.Nf3.d5.b3.d4	exact	11	11	A13	English Opening: Agincourt Defense
A.Tor.Bre	exact	10	10	A46	Queen's Pawn Game: Torre Attack, Breyer Variation
A.Tor.Wag	exact	7	7	A46	Torre Attack: Wagner Gambit
A.PQI.Sch	exact	6	6	A47	Indian Defense: Schnepper Gambit
A.PQI.e3	exact	12	12	A47	Pseudo Queen's Indian Defense
A.Hol.Rap.d5	exact	4	4	A80	Queen's Pawn Game: Veresov Attack, Dutch System
A.Hol.Rap.d5.e4	exact	5	5	A80	Dutch Defense: Kingfisher Gambit
A.Hor.Fch.MLn.Nf3.Nbd	exact	8	8	D37	Queen's Gambit Declined: Barmen Variation
A.Hor.Fch.MLn.Nf3.Nbd.Bf4	exact	11	11	D35	Queen's Gambit Declined: Exchange Variation, Sämisch Variation
A.Hor.Fch.MLn.Nf3.Nbd.Bg5	exact	12	12	D37	Queen's Gambit Declined: Knight Defense, Alekhine Gambit
A.Hor.Fch.MLn.Bg5.Be7.Ne4	exact	10	10	D53	Queen's Gambit Declined: Lasker Defense
A.Hor.Fch.MLn.Bg5.Be7.Neo	exact	11	11	D54	Queen's Gambit Declined: Neo-Orthodox Variation
A.Egl.dxe5.Nc6.Nf3.Bc5	exact	6	6	A40	Englund Gambit: Felbecker Gambit
A.Egl.dxe5.Nc6.Nf3.f6	exact	6	6	A40	Englund Gambit: Soller Gambit Deferred
A.Egl.dxe5.Nc6.Nf3.Nge7	exact	6	6	A40	Englund Gambit: Zilbermints Gambit
A.Clm.Glb	exact	3	3	A00	Global Opening
A.Gro.Lon	exact	4	4	A00	Grob Opening: London Defense
A.Gro.Dbl.Coc	exact	3	3	A00	Grob Opening: Double Grob, Coca-Cola Gambit
A.Gro.Gbt.MLn.d4.Bxb7	prefix	6	7	A00	Grob Opening: Romford Countergambit
A.Gro.Gbt.MLn.d4.Bxb7.Nd7	prefix	6	8	A00	Grob Opening: Romford Countergambit
A.Mie.Mye	exact	3	3	A00	Mieses Opening: Myers Spike Attack
A.Mie.ReR.Val	exact	3	3	A00	Valencia Opening
A.Sod.e5.d3	prefix	1	3	A00	Sodium Attack
A.Sod.e5.d3.Bxa3	exact	9	9	A00	Sodium Attack: Celadon Variation
A.Sod.e5.Nc4	prefix	1	3	A00	Sodium Attack
A.Sod.e5.Nc4.Nc6	prefix	1	4	A00	Sodium Attack
A.Sod.e5.Nc4.Nc6.e4	prefix	1	5	A00	Sodium Attack
A.Sod.e5.Nc4.Nc6.e4.f5	exact	6	6	A00	Sodium Attack: Durkin Gambit
A.Van.ReN.Gla	exact	7	7	A00	Van Geet Opening: Gladbacher Gambit
A.Van.c5.Rb1	exact	3	3	A00	Van Geet Opening: Twyble Attack
A.Van.c5.d4	prefix	1	3	A00	Van Geet Opening
A.Van.c5.d4.cxd4	prefix	1	4	A00	Van Geet Opening
A.Van.c5.d4.cxd4.Qxd4	prefix	1	5	A00	Van Geet Opening
A.Van.c5.d4.cxd4.Qxd4.Nc6	prefix	1	6	A00	Van Geet Opening
A.Bir.Fro.Nc3.Nwk	exact	5	5	A00	Van Geet Opening: Nowokunski Gambit
A.Ret.Nf6.g3.g6.Bg2	prefix	4	5	A05	King's Indian Attack: Symmetrical Defense
A.Ret.Nf6.g3.g6.Bg2.Bg7	prefix	4	6	A05	King's Indian Attack: Symmetrical Defense
A.Ret.d5.g3.g6.Bg2	prefix	4	5	A07	King's Indian Attack: Double Fianchetto
A.Ret.d5.g3.g6.Bg2.Bg7	prefix	4	6	A07	King's Indian Attack: Double Fianchetto
A.Ret.d5.g3.Bg4.Bg2	prefix	4	5	A07	King's Indian Attack: Keres Variation
A.Ret.d5.g3.Bg4.Bg2.Nd7	exact	6	6	A07	King's Indian Attack: Keres Variation
A.Ret.Nim.Nor	exact	7	7	A06	Nimzo-Larsen Attack: Norfolk Gambit
A.Ret.Nim.Ble	exact	8	8	A12	Réti Opening: Anglo-Slav Variation, Bled Variation
A.EID.Fch.NGr	exact	11	11	D77	Neo-Grünfeld Defense: Classical Variation
A.EID.Fch.NGr.dxc4	exact	12	12	D77	Neo-Grünfeld Defense: Classical Variation, Modern Defense
A.EID.Fch.NGr.Nc6	exact	12	12	D77	Neo-Grünfeld Defense: Classical Variation, Polgar Variation
A.Kan.MLn.e3.c5.Ne2.cxd4	prefix	9	10	E42	Nimzo-Indian Defense: Rubinstein System, Rubinstein Variation
A.Col.Bd6.O-O.O-O	prefix	7	10	D05	Queen's Pawn Game: Colle System
A.Col.Bd6.O-O.O-O.b3	prefix	7	11	D05	Queen's Pawn Game: Colle System
A.Col.Bd6.O-O.O-O.b3.Nbd7	prefix	7	12	D05	Queen's Pawn Game: Colle System
A.Lon.Job.e6	exact	6	6	D01	Rapport-Jobava System
A.Lon.Job.g6	exact	6	6	D01	Rapport-Jobava System
D.QGD.Bal.Nc3.Nf3.Bal	exact	8	8	D02	Queen's Gambit Declined: Baltic Defense, Pseudo-Slav
D.Chi.Chi	exact	5	5	D07	Queen's Gambit Declined: Chigorin Defense
D.Sla.E01	exact	5	5	D10	Slav Defense: Exchange Variation
D.Sla.Qui.MLn.Qui	exact	10	10	D12	Slav Defense: Quiet Variation, Schallopp Defense
D.Sla.Nf3.Nf6.Exc	exact	8	8	D13	Slav Defense: Exchange Variation
D.Sla.Ala.MLn.Gel	exact	11	11	D15	Slav Defense: Geller Gambit
D.Sla.Nf3.Nf6.Nc3.Sch	exact	8	8	D15	Slav Defense: Schlechter Variation
D.Sla.Nf3.Nf6.Nc3.Suc	exact	8	8	D15	Slav Defense: Süchting Variation
D.Sla.Cls.MLn.O-O.Cze	exact	17	17	D19	Slav Defense: Czech Variation, Classical System, Main Line
D.Sla.Cls.MLn.O-O.Dut	exact	19	19	D19	Slav Defense: Czech Variation, Dutch Variation, Sämisch Variation
D.QGA.Nf3.God	exact	6	6	D21	Queen's Gambit Accepted: Godes Variation
D.QGD.Vie.Sxx	exact	9	9	D24	Queen's Gambit Accepted
D.QGA.Nf3.Nf6.Nc3.Bog	exact	9	9	D24	Queen's Gambit Accepted: Bogoljubow Defense
D.QGA.Nf3.Nf6.Nc3.Gun	exact	13	13	D24	Queen's Gambit Accepted: Gunsberg Defense, Prianishenmo Gambit
D.QGA.Cls.Ale.MLn.Flo	exact	26	26	D28	Queen's Gambit Accepted: Classical, Flohr Variation
D.QGA.Cls.Ale.MLn.Ale	exact	16	16	D29	Queen's Gambit Accepted: Classical Defense, Alekhine System, Main Line
D.QGA.Cls.Ale.MLn.Smy	exact	20	20	D29	Queen's Gambit Accepted: Classical Defense, Alekhine System, Smyslov Variation
D.Tar.Exd.Nf3.Nc6.Gru	exact	14	14	D32	Tarrasch Defense: Grünfeld Gambit
D.Tar.HSc.MLn.Qd1.Von	exact	14	14	D32	Tarrasch Defense: von Hennig Gambit
D.Tar.Cls.Bg5.Be6.Sto	exact	20	20	D34	Queen's Gambit Declined: Tarrasch Defense, Stoltz Variation
D.Tar.Cls.Bg5.Be6.Bog	exact	20	20	D34	Tarrasch Defense: Classical Variation, Bogoljubow Variation
D.Tar.Cls.MLn.Cla	exact	18	18	D34	Tarrasch Defense: Classical Variation, Classical Tarrasch Gambit
D.Tar.Cls.MLn.Ret	exact	19	19	D34	Tarrasch Defense: Classical Variation, Réti Variation
D.QGD.Har.Har	exact	9	9	D37	Queen's Gambit Declined: Harrwitz Attack
D.QGD.Rag.Bg5.Wes	exact	12	12	D38	Queen's Gambit Declined: Westphalian Variation
D.Sem.AMe.Sto	exact	11	11	D45	Semi-Slav Defense: Stoltz Variation
D.Sem.Mer.Bd3.Bd6.Chi	exact	19	19	D46	Semi-Slav Defense: Chigorin Defense
D.Sem.Mer.Bd3.Bd6.C01	exact	21	21	D46	Semi-Slav Defense: Chigorin Defense
D.Sem.Mer.Lun.MLn.Mer	exact	25	25	D47	Semi-Slav Defense: Meran Variation, Wade Variation, Kaidanov Gambit
D.Sem.Mer.Lun.MLn.Wad	exact	22	22	D47	Semi-Slav Defense: Meran Variation, Wade Variation, Larsen Variation
D.STa.Pil.MLn.Pse	exact	11	11	D50	Queen's Gambit Declined: Pseudo-Tarrasch Variation, Primitive Pillsbury Variation
D.QGD.Cls.MLn.Ant	exact	13	13	D55	Queen's Gambit Declined: Anti-Tartakower Variation
D.QGD.Tar.MLn.Bd3.Bb7.Pil	exact	17	17	D55	Queen's Gambit Declined: Pillsbury Attack
D.QGD.Ort.Cap.MLn.Fia	exact	18	18	D66	Queen's Gambit Declined: Orthodox Defense, Fianchetto Variation
D.QGD.Ort.Hne.Jan	exact	19	19	D67	Queen's Gambit Declined: Orthodox Defense, Janowski Variation
D.Sla.Sch.MLn.Bd3.O-O.Flo	exact	14	14	D94	Grünfeld Defense: Flohr Defense
D.Sla.Sch.MLn.Bd3.O-O.Smy	exact	14	14	D94	Grünfeld Defense: Smyslov Defense
D.Cat.O01	exact	10	10	E04	Catalan Opening: Open Defense
D.Cat.Fch.Ope	exact	12	12	E05	Catalan Opening: Open Defense, Classical Line
D.Cat.Fch.Clo	exact	18	18	E06	Catalan Opening: Closed
D.Cat.Cls.Qc2.Btr.C01	exact	16	16	E08	Catalan Opening: Closed
D.Cat.Fch.C01	exact	17	17	E08	Catalan Opening: Closed
D.Cat.Cls.Qc2.Btr.Spa	exact	20	20	E08	Catalan Opening: Closed, Spassky Gambit
D.Cat.Fch.Mai	exact	18	18	E09	Catalan Opening: Closed, Main Line
B.Sca.Nc3.Dgh	prefix	2	5	B01	Scandinavian Defense
B.Sca.Nc3.DPe	prefix	2	5	B01	Scandinavian Defense
B.Sca.Nc3.Hec	prefix	2	5	B01	Scandinavian Defense
B.Sic.McD.d5	prefix	3	4	B21	Sicilian Defense: McDonnell Attack
B.Sic.McD.Bat	exact	6	6	B21	Bird Opening: Dutch Variation, Batavo Gambit
B.Sic.McD.Maf	exact	4	4	C30	King's Gambit Declined: Mafia Defense
B.Fre.Rub.Nxe4	prefix	6	7	C10	French Defense: Rubinstein Variation
B.Fre.Rub.Ell	exact	8	8	C10	French Defense: Rubinstein Variation, Ellis Gambit
B.Fre.Rub.Mar	exact	8	8	C10	French Defense: Rubinstein Variation, Maric Variation
B.Fre.Mac.Adv	exact	9	9	C12	French Defense: McCutcheon Variation, Advance Variation
B.Fre.Mac.MLn.Bd2.Bxc3.Kf8	prefix	12	17	C12	French Defense: McCutcheon Variation, Lasker Variation
B.Fre.Mac.MLn.Bd2.Bxc3.g6	exact	16	16	C12	French Defense: McCutcheon Variation, Lasker Variation
B.Sic.Cls.Rch.Lip.e5	prefix	17	18	B64	Sicilian Defense: Richter-Rauzer Variation, Classical Variation
B.Sic.Cls.Rch.Lip.Nxd4	exact	18	18	B65	Sicilian Defense: Richter-Rauzer Variation, Rauzer Attack
B.Sic.Cls.Rch.Lip.Nxd4.Qxd4	exact	19	19	B65	Sicilian Defense: Richter-Rauzer Variation, Classical Variation
B.Sic.Dra.Cls.Nrm.f4	prefix	11	19	B70	Sicilian Defense: Dragon Variation, Classical Variation
B.Sic.Dra.Cls.Nrm.f4.Na5	prefix	11	20	B70	Sicilian Defense: Dragon Variation, Classical Variation
B.Sic.Dra.Cls.Nrm.f4.Qc8	prefix	11	20	B70	Sicilian Defense: Dragon Variation, Classical Variation
B.Sic.Dra.Yug.Nc6.Bc4.a5	exact	18	18	B77	Sicilian Defense: Dragon Variation, Yugoslav Attack, Byrne Variation
B.Sic.Dra.Yug.Nc6.Bc4.Nxd4	exact	20	20	B77	Sicilian Defense: Dragon Variation, Yugoslav Attack, Czerniak Variation
B.Sic.Dra.Yug.Nc6.Bc4.Nd7	exact	18	18	B77	Sicilian Defense: Dragon Variation, Yugoslav Attack, Sosonko Variation
B.Sic.Dra.Yug.Bd7.O-O-O.Rb8	exact	20	20	B78	Sicilian Defense: Dragon Variation, Yugoslav Attack, Chinese Dragon
B.Sic.Dra.Yug.Bd7.O-O-O.Qa5	prefix	19	20	B78	Sicilian Defense: Dragon Variation, Yugoslav Attack
B.Sic.Dra.Be3.Bg7.Be2.Nc6	exact	14	14	B72	Sicilian Defense: Dragon Variation, Classical Variation
B.Fre.Tar.Ope.exd5.Qxd5	exact	8	8	C07	French Defense: Tarrasch Variation, Chistyakov Defense
B.Fre.Tar.Ope.exd5.Nf6	exact	8	8	C07	French Defense: Tarrasch Variation, Open System, Shaposhnikov Gambit
B.Fre.Tar.Ope.exd5.Qxd5.Qd6	exact	20	20	C07	French Defense: Tarrasch Variation, Chistyakov Defense, Modern Line
B.Fre.Tar.Ope.exd5.Qxd5.Qd8	exact	12	12	C07	French Defense: Tarrasch Variation, Eliskases Variation
B.Fre.Tar.Ope.exd5.exd5.c4	exact	10	10	C08	French Defense: Tarrasch Variation, Open System, Advance Line
B.Fre.Tar.Ope.exd5.exd5.Nc6	exact	10	10	C09	French Defense: Tarrasch Variation, Open System, Main Line
B.Sic.Tay.Nc3.Qc7.Be2.O-O	prefix	10	13	B47	Sicilian Defense: Taimanov Variation, Bastrikov Variation
B.Sic.Tay.Nc3.Qc7.Be2.Kh1	prefix	10	15	B47	Sicilian Defense: Taimanov Variation, Bastrikov Variation
B.Sic.Kan.Nc3.b5.Bd3	prefix	10	11	B43	Sicilian Defense: Kan Variation, Wing Attack
B.Sic.Kan.Nc3.b5.Bd3.Qb6	prefix	10	12	B43	Sicilian Defense: Kan Variation, Wing Attack
B.Sic.Ros.Cls.MLn.c3.e5	exact	11	11	B31	Sicilian Defense: Nyezhmetdinov-Rossolimo Attack, Fianchetto Variation, Gufeld Gambit
B.Sic.Ros.Cls.MLn.c3.Nf6	exact	11	11	B31	Sicilian Defense: Nyezhmetdinov-Rossolimo Attack, Fianchetto Variation, Lutikov Gambit
B.Sic.Ros.Cls.MLn.c3.Qa4	exact	11	11	B31	Sicilian Defense: Nyezhmetdinov-Rossolimo Attack, Fianchetto Variation, Totsky Attack
B.Pir.Cls.Bg7.MLn.O-O.Nc6	exact	12	12	B08	Pirc Defense: Classical Variation, Quiet System, Chigorin Line
B.Pir.Cls.Bg7.MLn.O-O.c6	exact	12	12	B08	Pirc Defense: Classical Variation, Quiet System, Czech Defense
B.Pir.Cls.Bg7.MLn.O-O.Bg4	exact	12	12	B08	Pirc Defense: Classical Variation, Quiet System, Parma Defense
B.Pir.Pre.d4.Nf6.Nc3.f4	exact	7	7	B07	Lion Defense: Anti-Philidor
B.Pir.Pre.d4.Nf6.Nc3.e5	exact	8	8	B07	Lion Defense: Anti-Philidor, Lion's Cave
B.Pir.Pre.d4.Nf6.Nc3.d5	exact	14	14	B07	Lion Defense: Anti-Philidor, Lion's Cave, Lion Claw Gambit
B.Pir.Pre.d4.Nf6.Nc3.g4	exact	7	7	B07	Lion Defense: Bayonet Attack
B.Fre.Cls.MLn.e5.Nfd7.Nb5	exact	13	13	C14	French Defense: Classical Variation, Alapin Variation
B.Fre.Cls.MLn.e5.Nfd7.c4	exact	20	20	C14	French Defense: Classical Variation, Stahlberg Variation
B.Sic.Naj.Bg5.e6.f4.Qf3	prefix	14	15	B98	Sicilian Defense: Najdorf Variation
B.Sic.Naj.Bg5.e6.f4.Qc7	exact	16	16	B98	Sicilian Defense: Najdorf Variation, Traditional Line
B.Sic.Naj.Bg5.e6.f4.Bh4	exact	18	18	B98	Sicilian Defense: Najdorf Variation, Browne Variation
B.Sic.Naj.Bg5.e6.f4.g5	exact	18	18	B98	Sicilian Defense: Najdorf Variation, Goteborg Variation
B.Sic.Naj.Bg5.e6.f4.Nbd7	exact	18	18	B99	Sicilian Defense: Najdorf Variation, Main Line
B.Sic.Cls.Rch.e6.Qd2.Bd7	exact	16	16	B67	Sicilian Defense: Richter-Rauzer Variation, Neo-Modern Variation
B.Sic.Cls.Rch.e6.Qd2.f4	prefix	16	17	B67	Sicilian Defense: Richter-Rauzer Variation, Neo-Modern Variation
B.Sic.Cls.Rch.e6.Qd2.O-O-O	exact	18	18	B68	Sicilian Defense: Richter-Rauzer Variation, Neo-Modern Variation
B.Sic.Cls.Rch.e6.Qd2.Bxf6	exact	21	21	B69	Sicilian Defense: Richter-Rauzer Variation, Neo-Modern Variation, Nyezhmetdinov Attack
B.Sic.OKn.Nf6.Nc3.g6.Bg7	prefix	11	12	B70	Sicilian Defense: Dragon Variation, Classical Variation
B.Sic.OKn.Nf6.Nc3.g6.O-O	prefix	11	13	B70	Sicilian Defense: Dragon Variation, Classical Variation
B.Sic.OKn.Nf6.Nc3.g6.Qd2	exact	17	17	B73	Sicilian Defense: Dragon Variation, Classical Variation, Battery Variation
B.Sic.OKn.Nf6.Nc3.g6.Nc6	prefix	11	16	B70	Sicilian Defense: Dragon Variation, Classical Variation
B.Sic.OKn.Nf6.Nc3.g6.Nb3	exact	17	17	B74	Sicilian Defense: Dragon Variation, Classical Variation, Normal Line
B.Sic.Dra.Be3.Bg7.Be2.Nb3	exact	15	15	B72	Sicilian Defense: Dragon Variation, Classical Variation
B.Sic.Dra.Be3.Bg7.Be2.Ams	exact	15	15	B72	Sicilian Defense: Dragon Variation, Classical Variation, Amsterdam Variation
B.Sic.Dra.Be3.Bg7.Be2.Gri	exact	17	17	B72	Sicilian Defense: Dragon Variation, Classical Variation, Grigoriev Variation
B.Sic.Dra.Cls.Nrm.f4.d5	exact	26	26	B74	Sicilian Defense: Dragon Variation, Classical Variation, Bernard Defense
B.Sic.Dra.Cls.Nrm.f4.Bd3	exact	23	23	B74	Sicilian Defense: Dragon Variation, Classical Variation, Spielmann Variation
B.Sic.Dra.Cls.Nrm.f4.g4	exact	27	27	B74	Sicilian Defense: Dragon Variation, Classical Variation, Stockholm Attack
B.Fre.Adv.c5.c3.Nc6.Bd7	exact	10	10	C02	French Defense: Advance Variation, Euwe Variation
B.Fre.Adv.c5.c3.Nc6.Qb6	exact	11	11	C02	French Defense: Advance Variation, Main Line
B.Fre.Adv.c5.c3.Nc6.Nh6	exact	12	12	C02	French Defense: Advance Variation, Lputian Variation
B.Fre.Adv.c5.c3.Nc6.Be3	exact	9	9	C02	French Defense: Advance Variation, Kupreichik Variation
B.Fre.Adv.c5.Nf3.cxd4.Bd3	exact	9	9	C02	French Defense: Advance Variation, Ruisdonk Gambit
B.Fre.Tar.Cls.MLn.Bd3.b6	exact	12	12	C05	French Defense: Tarrasch Variation, Botvinnik Variation
B.Fre.Tar.Cls.MLn.Bd3.Nc6	exact	12	12	C05	French Defense: Tarrasch Variation, Closed Variation
B.Fre.Tar.Cls.MLn.Bd3.MLn	exact	15	15	C06	French Defense: Tarrasch Variation, Closed Variation, Main Line
B.Fre.Tar.Cls.MLn.Bd3.Len	exact	16	16	C06	French Defense: Tarrasch Variation, Leningrad Variation
B.Fre.Stn.MLn.f4.c5.Nc6	exact	12	12	C11	French Defense: Steinitz Variation
B.Fre.Stn.MLn.f4.c5.Qg4	exact	13	13	C11	French Defense: Steinitz Variation, Bradford Attack Variation
B.Fre.Stn.MLn.f4.c5.f6	exact	18	18	C11	French Defense: Steinitz Variation, Brodsky-Jones Variation
B.Fre.Stn.MLn.f4.c5.Be3	exact	13	13	C11	French Defense: Steinitz Variation, Boleslavsky Variation
B.Fre.Cls.exd5.exd5.Bg5.Nc6	exact	10	10	C01	French Defense: Exchange Variation, Bogoljubow Variation
B.Fre.Win.Adv.MLn.Ne7.Qc7	exact	14	14	C18	French Defense: Winawer Variation, Advance Variation, with Bd3
B.Fre.Win.Adv.MLn.Ne7.Nbc6	exact	15	15	C19	French Defense: Winawer Variation, Positional Variation
B.Fre.Win.Adv.Pos.Qa5.c4	exact	18	18	C19	French Defense: Winawer Variation, Positional Variation
B.Fre.Win.Psn.MLn.Ne2	exact	19	19	C18	French Defense: Winawer Variation, Poisoned Pawn Variation, Main Line
B.Nim.ScD.Nc3.dxe4.d5.Ne5	exact	8	8	B00	Nimzowitsch Defense: Scandinavian Variation, Bogoljubow Variation, Nimzowitsch Gambit
B.Nim.ScD.Nc3.dxe4.d5.Nb8	exact	9	9	B00	Nimzowitsch Defense: Scandinavian Variation, Bogoljubow Variation, Richter Gambit
B.Sic.Win.cxb4.a3.d5.Qxd5	prefix	5	8	B20	Sicilian Defense: Wing Gambit, Marshall Variation
B.Ale.Chs.Nd5.Bc4.e6	prefix	7	10	B02	Alekhine Defense: Two Pawns Attack, Lasker Variation
B.Ale.Chs.Nd5.Bc4.e6.Nc3	exact	11	11	B02	Alekhine Defense: Hunt Variation, Lasker Simul Gambit
B.CaK.Cls.Spd.Nd7.h5	exact	15	15	B19	Caro-Kann Defense: Classical Variation, Spassky Variation
B.CaK.Cls.Spd.Nd7.h5.Bd3	prefix	15	17	B19	Caro-Kann Defense: Classical Variation, Spassky Variation
B.Fre.Adv.Mil.MLn.O-O	exact	13	13	C02	French Defense: Advance Variation, Milner-Barry Gambit, Hector Variation
B.Fre.Adv.Mil.MLn.Bd7	exact	15	15	C02	French Defense: Advance Variation, Milner-Barry Gambit, Main Line
B.Fre.Adv.Mil.MLn.Sor	exact	17	17	C02	French Defense: Advance Variation, Milner-Barry Gambit, Sørensen Variation
B.Fre.Cls.MLn.e5.Ng8	exact	10	10	C13	French Defense: Classical Variation, Vistaneckis Variation
B.Fre.Cls.MLn.e5.Ne4	exact	10	10	C13	French Defense: Classical Variation, Tartakower Variation
B.Fre.Cls.MLn.e5.Ng8.Be3	exact	12	12	C13	French Defense: Classical Variation, Frankfurt Variation
B.Fre.Win.Psn.MLn.Bd3	exact	15	15	C18	French Defense: Winawer Variation, Poisoned Pawn Variation Declined
B.Fre.Win.Adv.MLn.Nc6	exact	14	14	C19	French Defense: Winawer Variation, Positional Variation
B.Fre.Win.Adv.MLn.Nc6.Qa5	exact	16	16	C19	French Defense: Winawer Variation, Positional Variation
C.RyL.Mor.Opn.MLn.Opn	exact	17	17	C82	Ruy Lopez: Open
C.RyL.Mor.Opn.MLn.Ber	exact	18	18	C82	Ruy Lopez: Open, Berlin Variation
C.RyL.Mor.Opn.MLn.Brn	exact	17	17	C80	Ruy Lopez: Open, Bernstein Variation
C.RyL.Mor.Opn.MLn.Lut	exact	19	19	C80	Ruy Lopez: Open, Bernstein Variation, Luther Line
C.RyL.Mor.Opn.MLn.Brs	exact	22	22	C83	Ruy Lopez: Open, Breslau Variation
C.RyL.Mor.Opn.MLn.Cls	exact	18	18	C83	Ruy Lopez: Open, Classical Defense
C.RyL.Mor.Opn.MLn.Ita	exact	18	18	C82	Ruy Lopez: Open, Italian Variation
C.RyL.Mor.Opn.MLn.Krp	exact	21	21	C80	Ruy Lopez: Open, Karpov Gambit
C.RyL.Mor.Opn.MLn.Mlk	exact	21	21	C83	Ruy Lopez: Open, Malkin Variation
C.RyL.Mor.Opn.MLn.Mot	exact	19	19	C82	Ruy Lopez: Open, Motzko Attack
C.RyL.Mor.Opn.MLn.Nen	exact	20	20	C82	Ruy Lopez: Open, Motzko Attack, Nenarokov Variation
C.RyL.Mor.Opn.MLn.StP	exact	19	19	C82	Ruy Lopez: Open, St. Petersburg Variation
C.RyL.Mor.Opn.MLn.Tar	exact	25	25	C83	Ruy Lopez: Open, Tarrasch Trap
C.RyL.Mor.Ba4.Nf6.O-O.Cls	exact	13	13	C88	Ruy Lopez: Closed
C.RyL.Mor.Ba4.Nf6.O-O.Avb	exact	12	12	C87	Ruy Lopez: Closed, Averbakh Variation
C.RyL.Mor.Ba4.Nf6.O-O.Bas	exact	15	15	C84	Ruy Lopez: Closed, Basque Gambit
C.RyL.Mor.Ba4.Nf6.O-O.Cen	exact	11	11	C84	Ruy Lopez: Closed, Center Attack
C.RyL.Mor.Ba4.Nf6.O-O.Ba2	exact	16	16	C84	Ruy Lopez: Closed, Center Attack, Basque Gambit
C.RyL.Mor.Ba4.Nf6.O-O.DEx	exact	11	11	C85	Ruy Lopez: Closed, Delayed Exchange
C.RyL.Mor.Ba4.Nf6.O-O.Mrt	exact	11	11	C84	Ruy Lopez: Closed, Martinez Variation
C.RyL.Mor.Ba4.Nf6.O-O.Mor	exact	11	11	C84	Ruy Lopez: Closed, Morphy Attack
C.RyL.Mor.Ba4.Nf6.O-O.Trj	exact	14	14	C88	Ruy Lopez: Closed, Trajkovic Counterattack
C.RyL.Mor.Ba4.Nf6.O-O.Wor	exact	11	11	C86	Ruy Lopez: Closed, Worrall Attack
C.RyL.Mor.Ba4.Nf6.O-O.Cst	exact	14	14	C86	Ruy Lopez: Closed, Worrall Attack, Castling Line
C.RyL.Mor.Ba4.Nf6.O-O.Dly	exact	14	14	C86	Ruy Lopez: Closed, Worrall Attack, Delayed Castling Line
C.KGm.Acc.Nf3.KKn.Bc4.Aus	exact	9	9	C37	King's Gambit Accepted: Australian Gambit
C.KGm.Acc.Nf3.KKn.Bc4.GKG	exact	9	9	C37	King's Gambit Accepted: Ghulam-Kassim Gambit
C.KGm.Acc.Nf3.KKn.Bc4.Ktv	exact	11	11	C37	King's Gambit Accepted: Kotov Gambit
C.KGm.Acc.Nf3.KKn.Bc4.Lol	exact	9	9	C37	King's Gambit Accepted: Lolli Gambit
C.KGm.Acc.Nf3.KKn.Bc4.Yng	exact	19	19	C37	King's Gambit Accepted: Lolli Gambit, Young Variation
C.KGm.Acc.Nf3.KKn.Bc4.McD	exact	9	9	C37	King's Gambit Accepted: McDonnell Gambit
C.KGm.Acc.Nf3.KKn.Bc4.Slv	exact	9	9	C37	King's Gambit Accepted: Salvio Gambit
C.KGm.Acc.Nf3.KKn.Bc4.And	exact	14	14	C37	King's Gambit Accepted: Salvio Gambit, Anderssen Counterattack
C.KGm.Acc.Nf3.KKn.Bc4.Coc	exact	12	12	C37	King's Gambit Accepted: Salvio Gambit, Cochrane Gambit
C.KGm.Acc.Nf3.KKn.Bc4.SMa	exact	12	12	C37	King's Gambit Accepted: Salvio Gambit, Santa Maria Defense
C.KGm.Acc.Nf3.KKn.Bc4.Sil	exact	12	12	C37	King's Gambit Accepted: Salvio Gambit, Silberschmidt Defense
C.KGm.Acc.Nf3.KKn.Bc4.Vns	exact	12	12	C37	King's Gambit Accepted: Salvio Gambit, Viennese Variation
C.KGm.Acc.Nf3.KKn.Bc4.Slb	exact	14	14	C37	King's Gambit Accepted: Silberschmidt Gambit
C.Ita.Evn.Acc.Fra	exact	19	19	C51	Italian Game: Evans Gambit, Fraser Attack
C.Ita.Evn.Acc.FrM	exact	25	25	C51	Italian Game: Evans Gambit, Fraser-Mortimer Attack
C.Ita.Evn.Acc.Gor	exact	19	19	C51	Italian Game: Evans Gambit, Göring Attack
C.Ita.Evn.Acc.Hrd	exact	15	15	C51	Italian Game: Evans Gambit, Harding Variation
C.Ita.Evn.Acc.Mcd	exact	16	16	C51	Italian Game: Evans Gambit, McDonnell Defense, Main Line
C.Ita.Evn.Acc.Mrt	exact	26	26	C51	Italian Game: Evans Gambit, Mortimer-Evans Gambit
C.Ita.Evn.Acc.Pau	exact	20	20	C51	Italian Game: Evans Gambit, Paulsen Variation
C.Ita.Evn.Acc.St2	exact	21	21	C51	Italian Game: Evans Gambit, Steinitz Variation
C.Ita.Evn.Acc.Ulv	exact	19	19	C51	Italian Game: Evans Gambit, Ulvestad Variation
C.Ita.Two.Ng5.Pol.Bb5.Two	exact	15	15	C58	Italian Game: Two Knights Defense
C.Ita.Two.Ng5.Pol.Bb5.Blk	exact	16	16	C58	Italian Game: Two Knights Defense, Blackburne Variation
C.Ita.Two.Ng5.Pol.Bb5.Col	exact	16	16	C58	Italian Game: Two Knights Defense, Colman Variation
C.Ita.Two.Ng5.Pol.Bb5.Kno	exact	23	23	C59	Italian Game: Two Knights Defense, Knorre Variation
C.Ita.Two.Ng5.Pol.Bb5.Pao	exact	17	17	C58	Italian Game: Two Knights Defense, Paoli Variation
C.Ita.Two.Ng5.Pol.Bb5.Bog	exact	15	15	C58	Italian Game: Two Knights Defense, Polerio Defense, Bogoljubow Variation
C.Ita.Two.Ng5.Pol.Bb5.Grn	exact	20	20	C59	Italian Game: Two Knights Defense, Polerio Defense, Göring Variation
C.Ita.Two.Ng5.Pol.Bb5.Suh	exact	16	16	C59	Italian Game: Two Knights Defense, Polerio Defense, Suhle Defense
C.Ita.Two.Ng5.Pol.Bb5.Stn	exact	17	17	C59	Italian Game: Two Knights Defense, Steinitz Variation
C.Vie.Nc6.HAg	exact	11	11	C25	Vienna Gambit, with Max Lange Defense: Hamppe-Allgaier Gambit
C.Vie.Nc6.Alp	exact	12	12	C25	Vienna Gambit, with Max Lange Defense: Hamppe-Allgaier Gambit, Alapin Variation
C.Vie.Nc6.Thr	exact	15	15	C25	Vienna Gambit, with Max Lange Defense: Hamppe-Allgaier Gambit, Thorold Variation
C.Vie.Nc6.HMz	exact	12	12	C25	Vienna Gambit, with Max Lange Defense: Hamppe-Muzio Gambit
C.Vie.Nc6.Prc	exact	9	9	C25	Vienna Gambit, with Max Lange Defense: Pierce Gambit
C.Vie.Nc6.HM2	exact	11	11	C25	Vienna Game: Hamppe-Muzio Gambit
C.Vie.Nc6.Dub	exact	16	16	C25	Vienna Game: Hamppe-Muzio, Dubois Variation
C.Vie.Nc6.Rus	exact	17	17	C25	Vienna Game: Pierce Gambit, Rushmere Attack
C.KGm.Dec.Fal.MLn.Alp	exact	17	17	C32	King's Gambit Declined: Falkbeer Countergambit, Alapin Variation
C.KGm.Dec.Fal.MLn.Cha	exact	11	11	C32	King's Gambit Declined: Falkbeer Countergambit, Charousek Gambit
C.KGm.Dec.Fal.MLn.Chr	exact	9	9	C32	King's Gambit Declined: Falkbeer Countergambit, Charousek Gambit Accepted
C.KGm.Dec.Fal.MLn.Ker	exact	9	9	C32	King's Gambit Declined: Falkbeer Countergambit, Charousek Gambit, Keres Variation
C.KGm.Dec.Fal.MLn.Ch2	exact	14	14	C32	King's Gambit Declined: Falkbeer Countergambit, Charousek Gambit, Main Line
C.KGm.Dec.Fal.MLn.Old	exact	9	9	C32	King's Gambit Declined: Falkbeer Countergambit, Charousek Gambit, Old Line
C.KGm.Dec.Fal.MLn.ChV	exact	15	15	C32	King's Gambit Declined: Falkbeer Countergambit, Charousek Variation
C.KGm.Dec.Fal.MLn.Tar	exact	16	16	C32	King's Gambit Declined: Falkbeer Countergambit, Tarrasch Variation
C.Ita.Giu.Mol.MLn.Grc	exact	16	16	C54	Italian Game: Classical Variation, Greco Gambit, Greco Variation
C.Ita.Giu.Mol.MLn.Gr2	exact	16	16	C54	Italian Game: Classical Variation, Greco Gambit, Main Line
C.Ita.Giu.Mol.MLn.Mll	exact	23	23	C54	Italian Game: Classical Variation, Greco Gambit, Moeller-Bayonet Attack
C.Ita.Giu.Mol.MLn.Ml2	exact	17	17	C54	Italian Game: Classical Variation, Greco Gambit, Moeller-Therkatz Attack
C.Ita.Giu.Mol.MLn.Atk	exact	19	19	C54	Italian Game: Giuoco Piano, Aitken Variation
C.Ita.Giu.Mol.MLn.Brn	exact	20	20	C54	Italian Game: Giuoco Piano, Bernstein Variation
C.Ita.Giu.Mol.MLn.Stn	exact	19	19	C54	Italian Game: Giuoco Piano, Steinitz Variation
C.Ita.Giu.Mol.MLn.Thr	exact	27	27	C54	Italian Game: Giuoco Piano, Therkatz-Herzog Variation
C.Pet.Cls.Bd3.Nc6.O-O.Brg	exact	19	19	C42	Petrov's Defense: Classical Attack, Berger Variation
C.Pet.Cls.Bd3.Nc6.O-O.Chg	exact	15	15	C42	Petrov's Defense: Classical Attack, Chigorin Variation
C.Pet.Cls.Bd3.Nc6.O-O.Brw	exact	17	17	C42	Petrov's Defense: Classical Attack, Chigorin Variation, Browne Attack
C.Pet.Cls.Bd3.Nc6.O-O.Ch2	exact	17	17	C42	Petrov's Defense: Classical Attack, Chigorin Variation, Main Line
C.Pet.Cls.Bd3.Nc6.O-O.Jae	exact	15	15	C42	Petrov's Defense: Classical Attack, Jaenisch Variation
C.Pet.Cls.Bd3.Nc6.O-O.Kra	exact	19	19	C42	Petrov's Defense: Classical Attack, Krause Variation
C.Pet.Cls.Bd3.Nc6.O-O.Mrc	exact	20	20	C42	Petrov's Defense: Classical Attack, Maróczy Variation
C.Fou.Spa.Dbl.MLn.Sym	exact	13	13	C49	Four Knights Game: Spanish Variation, Symmetrical Variation
C.Fou.Spa.Dbl.MLn.Blk	exact	20	20	C49	Four Knights Game: Spanish Variation, Symmetrical Variation, Blake Variation
C.Fou.Spa.Dbl.MLn.Met	exact	16	16	C49	Four Knights Game: Spanish Variation, Symmetrical Variation, Metger Unpin
C.Fou.Spa.Dbl.MLn.Tar	exact	14	14	C49	Four Knights Game: Spanish Variation, Symmetrical Variation, Tarrasch Variation
C.KGm.Acc.Muz.MLn.Dbl	exact	15	15	C37	King's Gambit Accepted: Double Muzio Gambit
C.KGm.Acc.Muz.MLn.Bld	exact	17	17	C37	King's Gambit Accepted: Double Muzio Gambit, Baldwin Gambit
C.KGm.Acc.Muz.MLn.Bll	exact	13	13	C37	King's Gambit Accepted: Double Muzio Gambit, Bello Gambit
C.KGm.Acc.Muz.MLn.Pls	exact	21	21	C37	King's Gambit Accepted: Double Muzio Gambit, Paulsen Defense
C.KGm.Acc.Muz.MLn.Yng	exact	20	20	C37	King's Gambit Accepted: Double Muzio Gambit, Young Gambit
C.KGm.Acc.All.MLn.Thr	exact	13	13	C39	King's Gambit Accepted: Allgaier Gambit, Thorold Attack
C.KGm.Acc.All.MLn.Urs	exact	13	13	C39	King's Gambit Accepted: Allgaier Gambit, Urusov Attack
C.KGm.Acc.All.MLn.Blc	exact	13	13	C39	King's Gambit Accepted: Allgaier, Blackburne Gambit
C.KGm.Acc.All.MLn.Coo	exact	19	19	C39	King's Gambit Accepted: Allgaier, Cook Variation
C.KGm.Acc.All.MLn.Hrn	exact	16	16	C39	King's Gambit Accepted: Allgaier, Horny Defense
C.KGm.Acc.All.MLn.Ur2	exact	17	17	C39	King's Gambit Accepted: Allgaier, Urusov Attack
C.Ita.Two.Opn.MLn.O-O.And	exact	15	15	C56	Italian Game: Scotch Gambit, Anderssen Attack
C.Ita.Two.Opn.MLn.O-O.An2	exact	21	21	C56	Italian Game: Scotch Gambit, Anderssen Attack, Main Line
C.Ita.Two.Opn.MLn.O-O.Cnl	exact	13	13	C56	Italian Game: Scotch Gambit, Canal Variation
C.Ita.Two.Opn.MLn.O-O.Nkh	exact	11	11	C56	Italian Game: Scotch Gambit, Nakhmanson Gambit
C.Ita.Two.Opn.MLn.O-O.Yrd	exact	25	25	C56	Italian Game: Two Knights Defense, Yurdansky Attack
C.Vie.Nc6.Frs	exact	10	10	C25	Vienna Gambit, with Max Lange Defense: Steinitz Gambit, Fraser-Minckwitz Defense
C.Vie.Nc6.Pls	exact	10	10	C25	Vienna Gambit, with Max Lange Defense: Steinitz Gambit, Paulsen Defense
C.Vie.Nc6.Srn	exact	10	10	C25	Vienna Gambit, with Max Lange Defense: Steinitz Gambit, Sörensen Defense
C.Vie.Nc6.Zkr	exact	10	10	C25	Vienna Gambit, with Max Lange Defense: Steinitz Gambit, Zukertort Defense
C.KGm.Acc.Kie.MLn.Bc4.And	exact	14	14	C39	King's Gambit Accepted: Kieseritzky Gambit, Anderssen Defense
C.KGm.Acc.Kie.MLn.Bc4.An2	exact	18	18	C39	King's Gambit Accepted: Kieseritzky Gambit, Anderssen-Cordel Gambit
C.KGm.Acc.Kie.MLn.Bc4.Pls	exact	14	14	C39	King's Gambit Accepted: Kieseritzky Gambit, Paulsen Defense Deferred
C.KGm.Acc.Kie.MLn.Bc4.Ric	exact	16	16	C39	King's Gambit Accepted: Kieseritzky Gambit, Rice Gambit
C.KGm.Acc.Kie.MLn.Bc4.Ri2	exact	15	15	C39	King's Gambit Accepted: Kieseritzky, Rice Gambit
C.Ita.Evn.Dec.Hck	exact	17	17	C51	Italian Game: Evans Gambit Declined, Hicken Variation
C.Ita.Evn.Dec.Hrs	exact	12	12	C51	Italian Game: Evans Gambit Declined, Hirschbach Variation
C.Ita.Evn.Dec.Lng	exact	12	12	C51	Italian Game: Evans Gambit Declined, Lange Variation
C.Ita.Evn.Dec.Pvl	exact	23	23	C51	Italian Game: Evans Gambit Declined, Pavlov Variation
D.Sla.Sem	exact	12	12	D30	Queen's Gambit Declined: Semmering Variation
D.Sla.Spl	exact	10	10	D30	Queen's Gambit Declined: Spielmann Variation
D.Sla.Stw	exact	12	12	D30	Queen's Gambit Declined: Stonewall Variation
D.Sem.Qui	exact	9	9	D30	Semi-Slav Defense: Quiet Variation
D.Sem.Qui.Nbd7	exact	10	10	D30	Semi-Slav Defense: Quiet Variation
D.Sem.Bg5.Bot.Alt	exact	18	18	D44	Semi-Slav Defense: Botvinnik Variation, Alatortsev System
D.Sem.Bg5.Bot.Lil	exact	21	21	D44	Semi-Slav Defense: Botvinnik Variation, Lilienthal Variation
D.Sem.Bg5.Bot.Sza	exact	21	21	D44	Semi-Slav Defense: Botvinnik Variation, Szabo Variation
D.Sem.Mer.Blu	exact	21	21	D49	Semi-Slav Defense: Meran Variation, Blumenfeld Variation
D.Sem.Mer.Rab.Ng4	exact	22	22	D49	Semi-Slav Defense: Meran Variation, Rabinovich Variation
D.Sem.Mer.Soz	exact	22	22	D49	Semi-Slav Defense: Meran Variation, Sozin Variation
D.Sem.Mer.Soz.O-O	exact	25	25	D49	Semi-Slav Defense: Meran Variation, Sozin Variation
D.Sem.Mer.Rls	exact	29	29	D49	Semi-Slav Defense: Meran Variation, Rellstab Attack
D.Sem.Mer.Sta	exact	25	25	D49	Semi-Slav Defense: Meran Variation, Stahlberg Variation
D.QGD.Ort.Cls	exact	24	24	D68	Queen's Gambit Declined: Orthodox Defense, Classical Variation
D.QGD.Ort.Cls.Qb1	exact	25	25	D68	Queen's Gambit Declined: Orthodox Defense, Classical Variation
D.QGD.Ort.Cls.Qc2	exact	25	25	D68	Queen's Gambit Declined: Orthodox Defense, Classical Variation
D.QGD.Ort.Cls.dxe5	exact	28	28	D69	Queen's Gambit Declined: Orthodox Defense, Classical Variation
D.Cat.Cls.Qc2.Bf4	prefix	4	15	D30	Queen's Gambit Declined
D.Cat.Cls.Qc2.Bf4.Bb7	exact	19	19	E08	Catalan Opening: Closed
D.Cat.Cls.Qc2.Bf4.MLn	exact	23	23	E09	Catalan Opening: Closed, Main Line
D.Cat.Cls.Qc2.Bf4.Ret	exact	19	19	E11	Bogo-Indian Defense: Retreat Variation
D.Cat.Cls.Qc2.Bf4.Ba6	exact	20	20	E11	Bogo-Indian Defense: Retreat Variation
D.Bgm.Acc.Tei.Cie	exact	15	15	D00	Blackmar-Diemer Gambit Accepted: Teichmann Defense, Ciesielski Variation
D.Bgm.Acc.Tei.Cls	exact	15	15	D00	Blackmar-Diemer Gambit Accepted: Teichmann Defense, Classical Variation
D.Bgm.Acc.Tei.Sei	exact	15	15	D00	Blackmar-Diemer Gambit Accepted: Teichmann Defense, Seidel-Hall Attack
D.QPG.Zuk.Nf6.e3.Bf5	exact	6	6	D04	Queen's Pawn Game: Colle System, Anti-Colle
D.QPG.Zuk.Nf6.e3.g6	exact	8	8	D04	Queen's Pawn Game: Colle System, Grünfeld Formation
D.Sla.Sou	exact	10	10	D16	Slav Defense: Soultanbeieff Variation
D.Sla.TSt	exact	10	10	D16	Slav Defense: Steiner Variation
D.Sla.Not.Abr	prefix	8	12	D31	Semi-Slav Defense: Noteboom Variation
D.Sla.Not.Abr.a5	exact	14	14	D31	Queen's Gambit Declined: Semi-Slav, Abrahams Variation
D.Sla.Not.Jun	exact	14	14	D31	Queen's Gambit Declined: Semi-Slav, Junge Variation
D.Sla.Not.Koo	exact	14	14	D31	Queen's Gambit Declined: Semi-Slav, Koomen Variation
D.Tar.Cls.Cha	exact	24	24	D34	Tarrasch Defense: Classical Variation, Chandler Variation
D.Tar.Cls.Spa	exact	22	22	D34	Tarrasch Defense: Classical Variation, Spassky Variation
D.Tar.Cls.Bg5.MLn	exact	22	22	D34	Tarrasch Defense: Classical Variation, Main Line
D.QGD.Har.Qc2	prefix	14	15	D37	Queen's Gambit Declined: Harrwitz Attack, Main Line
D.QGD.Har.Qc2.Rd1	exact	19	19	D37	Queen's Gambit Declined: Harrwitz Attack
D.QGD.Har.Qc2.O-O-O	exact	19	19	D37	Queen's Gambit Declined: Harrwitz Attack
D.Sem.AMe.Sto.Bb2	exact	15	15	D45	Semi-Slav Defense: Stoltz Variation
D.Sem.AMe.Chi	exact	17	17	D46	Semi-Slav Defense: Chigorin Defense
D.Sem.AMe.Chi.Qe7	exact	17	17	D46	Semi-Slav Defense: Chigorin Defense
D.QGD.Lsk.Ber	exact	22	22	D57	Queen's Gambit Declined: Lasker Defense, Bernstein Variation
D.QGD.Lsk.Ber.MdP	exact	24	24	D57	Queen's Gambit Declined: Lasker Defense, Bernstein Variation, Mar del Plata Gambit
D.QGD.Lsk.Mai	exact	19	19	D57	Queen's Gambit Declined: Lasker Defense, Main Line
D.QGD.Tar.Exc	exact	16	16	D58	Queen's Gambit Declined: Tartakower Defense, Exchange Variation
D.QGD.Tar.Exc.Nxd5	exact	16	16	D59	Queen's Gambit Declined: Tartakower Defense, Makogonov Exchange Variation
D.QGD.Tar.Exc.Mak	exact	22	22	D59	Queen's Gambit Declined: Tartakower Defense
D.QGD.Ort.Rau	exact	13	13	D60	Queen's Gambit Declined: Orthodox Defense, Rauzer Variation
D.QGD.Ort.Rub.Flo	exact	15	15	D62	Queen's Gambit Declined: Orthodox Defense, Rubinstein Variation, Flohr Line
D.QGD.Ort.Hne.Sws	exact	15	15	D63	Queen's Gambit Declined: Orthodox Defense, Swiss, Carlsbad Variation
D.QGD.Ort.Rc1	exact	13	13	D63	Queen's Gambit Declined: Orthodox Defense, Main Line
D.QGD.Ort.Rc1.b6	exact	17	17	D63	Queen's Gambit Declined: Orthodox Defense, Capablanca Variation
D.QGD.Ort.Rc1.Pil	exact	17	17	D63	Queen's Gambit Declined: Orthodox Defense, Pillsbury Variation
D.QGD.Ort.Rc1.c6	exact	14	14	D63	Queen's Gambit Declined: Orthodox Defense, Main Line
D.QGD.Ort.Rc1.c6.a3	exact	17	17	D64	Queen's Gambit Declined: Orthodox Defense, Rubinstein Attack
D.QGD.Ort.Rc1.c6.Bd3	exact	15	15	D66	Queen's Gambit Declined: Orthodox Defense, Bd3 Line
D.Cat.Cls.Qc2.Trd	exact	16	16	E09	Catalan Opening: Closed Variation, Traditional Variation
D.Cat.Cls.Qc2.Sok	exact	20	20	E09	Catalan Opening: Closed, Sokolsky Variation
C.KPO.Prt.Mig	exact	5	5	C20	Portuguese Opening: Miguel Gambit
C.KPO.Prt.Por	exact	5	5	C20	Portuguese Opening: Portuguese Gambit
C.Bsh.Lew.Wal	exact	9	9	C23	Bishop's Opening: Lewis Countergambit, Walker Variation
C.Vie.Gbt.Fal.Mor	exact	12	12	C31	King's Gambit Declined: Falkbeer Countergambit, Charousek Gambit, Morphy Defense
C.Vie.Gbt.Fal.Ste	exact	7	7	C29	Vienna Game: Vienna Gambit, Steinitz Variation
C.Vie.Gbt.Fal.MLn.Nf3.Kau	exact	11	11	C29	Vienna Game: Vienna Gambit, Kaufmann Variation
C.Ele.Mar	exact	6	6	C40	Elephant Gambit: Maróczy Gambit
C.Ele.Was	exact	8	8	C40	Elephant Gambit: Wasp Variation
C.Pon.Rom	exact	6	6	C44	Ponziani Opening: Romanishin Variation
C.Pon.Ret	exact	6	6	C44	Ponziani Opening: Réti Variation
C.Pon.Ste.Spa	exact	7	7	C44	Ponziani Opening: Spanish Variation
C.Pon.Ste.Nik	exact	11	11	C44	Ponziani Opening: Spanish Variation, Harrwitz Attack, Nikitin Gambit
C.Pon.CGm.MLn.Sch	exact	9	9	C44	Ponziani Opening: Ponziani Countergambit, Schmidt Attack
C.Pon.Ste.MLn.Car	exact	8	8	C44	Ponziani Opening: Caro Gambit
C.Pon.Ste.MLn.Leo	exact	8	8	C44	Ponziani Opening: Leonhardt Variation
C.Thr.Sch	exact	8	8	C46	Three Knights Opening: Schlechter Variation
C.Thr.Stn.Ste	exact	9	9	C46	Three Knights Opening: Steinitz-Rosenthal Variation
C.Ita.Pia.Dub	exact	10	10	C50	Italian Game: Giuoco Pianissimo, Dubois Variation
C.Ita.Pia.Luc	exact	8	8	C50	Italian Game: Giuoco Pianissimo, Lucchini Gambit
C.Ita.Pia.Nf6.Can	exact	11	11	C50	Italian Game: Giuoco Pianissimo, Canal Variation
C.Ita.Pia.Nf6.Ita	exact	9	9	C50	Italian Game: Giuoco Pianissimo, Italian Four Knights Variation
C.Ita.Pia.Nf6.MLn.Mai	exact	17	17	C54	Italian Game: Classical Variation, Giuoco Pianissimo, Main Line
C.Ita.Pia.Nf6.MLn.A4A	exact	14	14	C54	Italian Game: Classical Variation, Giuoco Pianissimo, with a4 a5
C.Ita.Evn.Acc.Mcd.Mor	exact	17	17	C51	Italian Game: Evans Gambit, Morphy Attack
C.Ita.Evn.Dec.Hrs.Vas	exact	15	15	C51	Italian Game: Evans Gambit Declined, Vasquez Variation
C.Ita.Two.Ng5.Lol.Pin	exact	12	12	C57	Italian Game: Two Knights Defense, Pincus Variation
C.RyL.Ber.Nyh	exact	9	9	C65	Ruy Lopez: Berlin Defense, Nyholm Attack
C.RyL.Ber.Hal	exact	7	7	C65	Ruy Lopez: Halloween Attack
C.RyL.Ber.Wal.End.Ber	exact	18	18	C67	Ruy Lopez: Berlin Defense, Berlin Wall
C.RyL.Mor.Opn.Hwl.How	exact	19	19	C81	Ruy Lopez: Open, Howell Attack
C.RyL.Mor.Opn.Hwl.Eks	exact	24	24	C81	Ruy Lopez: Open, Howell Attack, Ekstrom Variation
C.KGm.Acc.Kie.Qe7.Coz	exact	13	13	C39	King's Gambit Accepted: Kieseritzky, Salvio Defense, Cozio Variation
C.KGm.Acc.Nf3.Mac.Bla	exact	8	8	C37	King's Gambit Accepted: Blachly Gambit
C.KGm.Dec.Fal.MLn.And	exact	7	7	C31	King's Gambit Declined: Falkbeer Countergambit, Anderssen Attack
C.KGm.Dec.Fal.MLn.Rub	exact	9	9	C31	King's Gambit Declined: Falkbeer Countergambit, Rubinstein Variation
C.KGm.Acc.Bsh.Nf6.Nc3.Pau	exact	9	9	C33	King's Gambit Accepted: Bishop's Gambit, Paulsen Attack
C.KGm.Acc.Nf3.Cun.Ber.Ber	exact	13	13	C35	King's Gambit Accepted: Cunningham Defense, Bertin Gambit
C.KGm.Acc.Nf3.Fis.Gre.Gre	exact	19	19	C38	King's Gambit Accepted: Greco Gambit
C.KGm.Acc.Nf3.Fis.Gre.Sch	exact	13	13	C38	King's Gambit Accepted: Philidor Gambit, Schultz Variation
C.PhD.Han.Shi	exact	9	9	C41	Philidor Defense: Lion Variation, Shirov Gambit
C.PhD.Lio.Del	exact	13	13	C41	Philidor Defense: Lion Variation, Delayed Bishop Sacrifice
C.PhD.Lio.MLn.LCl	exact	12	12	C41	Philidor Defense: Lion Variation, Lion's Claw, with Bc4 and h6
C.PhD.Han.MLn.O-O.Lc6	exact	12	12	C41	Philidor Defense: Lion Variation, Lion's Claw, with Be2 and c6
C.PhD.Lio.MLn.O-O.Soz	exact	16	16	C41	Philidor Defense: Lion Variation, Sozin Variation
C.PhD.Exc.MLn.Be7.O-O.Ber	exact	19	19	C41	Philidor Defense: Berger Variation
C.Bsh.Urs.Pan	exact	12	12	C24	Bishop's Opening: Urusov Gambit, Panov Variation
C.Bsh.Nc6.Nc3.Sve	exact	16	16	C30	King's Gambit Declined: Classical, Svenonius Variation
C.Bsh.Urs.Kei.Kei	exact	9	9	C43	Bishop's Opening: Urusov Gambit, Keidansky Gambit
C.Vie.Nc6.Bc4.Nf6.Hro	exact	9	9	C28	Bishop's Opening: Vienna Hybrid, Hromádka Variation
C.RyL.ClD.Zai	exact	9	9	C64	Ruy Lopez: Classical Defense, Zaitsev Variation
C.RyL.Coz.Pau	exact	8	8	C60	Ruy Lopez: Cozio Defense, Paulsen Variation
C.RyL.Mor.Wor.MLn.Gru	exact	16	16	C77	Ruy Lopez: Wormald Attack, Grünfeld Variation
C.RyL.Mor.Opn.MLn.Brn.Cla	exact	20	20	C83	Ruy Lopez: Open, Classical Defense
C.Ita.Be7.Ben	exact	8	8	C44	Scotch Game: Benima Defense
C.Ita.Giu.Ita	exact	8	8	C50	Four Knights Game: Italian Variation
C.Ita.Giu.Grc.Ghu	exact	17	17	C54	Italian Game: Classical Variation, Ghulam-Kassim Variation
C.Ita.Giu.Mol.Cra	exact	13	13	C54	Italian Game: Giuoco Piano, Cracow Variation
C.Ita.Giu.Cls.MLn.Kra	exact	23	23	C54	Italian Game: Giuoco Piano, Krause Variation
C.Ita.Giu.Grc.MLn.And	exact	16	16	C54	Italian Game: Classical Variation, Greco Gambit, Anderssen Variation
C.Sco.Gor.Nc3.Sea	exact	19	19	C44	Scotch Game: Sea-Cadet Mate
C.Sco.Mie.Ste.Mai	exact	17	17	C47	Four Knights Game: Scotch Variation Accepted, Main Line
C.Fou.Glk.MLn.Gle	exact	13	13	C47	Four Knights Game: Glek System
C.Fou.Spa.Cls.MLn.Bar	exact	18	18	C48	Four Knights Game: Spanish Variation, Bardeleben Variation
C.Fou.Spa.Rub.MLn.Mar	exact	12	12	C48	Four Knights Game: Spanish Variation, Rubinstein Variation, Marshall Gambit
C.Fou.Spa.Dbl.MLn.Met.Sym	exact	20	20	C49	Four Knights Game: Spanish Variation, Symmetrical Variation
C.Cen.Pau.MLn.Bb4.Bd2.Kup	exact	17	17	C22	Center Game: Kupreichik Variation
C.Dam.Dam	exact	11	11	C40	King's Pawn Game: Damiano Defense, Damiano Gambit
C.Dam.Nim.MLn.Chi	exact	8	8	C40	King's Pawn Game: Damiano Defense, Damiano Gambit, Chigorin Gambit
C.KPO.Kgt.MLn.Be2.Nf6.Inv	exact	9	9	C44	King's Pawn Game: Tayler Opening, Inverted Hanham
A.Hol.c4.Nf6.g3.e6.Bb4	exact	8	8	A90	Dutch Defense: Nimzo-Dutch Variation
A.Hol.c4.Nf6.g3.e6.Bd2	exact	10	10	A90	Dutch Defense: Nimzo-Dutch Variation, Alekhine Variation
A.Hol.Cls.c4	exact	8	8	A91	Dutch Defense: Classical Variation
A.Hol.Cls.c4.Nh3	exact	9	9	A91	Dutch Defense: Classical Variation, Blackburne Attack
A.Hol.Cls.c4.Nf3	prefix	8	9	A91	Dutch Defense: Classical Variation
A.Hol.Cls.c4.Nf3.O-O	exact	10	10	A92	Dutch Defense: Classical Variation
A.Hol.Cls.c4.Nf3.Ne4	exact	12	12	A92	Dutch Defense: Alekhine Variation
A.Hol.Cls.c4.Nf3.d6	exact	12	12	A96	Dutch Defense: Classical Variation
A.Hol.Cls.c4.Nf3.d6.Nc3	prefix	12	13	A96	Dutch Defense: Classical Variation
A.Hol.Cls.c4.Nf3.d6.a5	exact	14	14	A96	Dutch Defense: Classical Variation, Buenos Aires Variation
A.Hol.Cls.c4.Nf3.d6.Ne4	exact	14	14	A96	Dutch Defense: Classical Variation, Huisl Variation
A.Hol.Sto.c4	exact	12	12	A92	Dutch Defense: Stonewall Variation
A.Hol.Sto.c4.Nc3	exact	13	13	A92	Dutch Defense: Stonewall Variation
A.Hol.Sto.c4.Nc3.c6	exact	14	14	A95	Dutch Defense: Stonewall Variation
A.Hol.Sto.c4.Nc3.Bg5	exact	17	17	A95	Dutch Defense: Stonewall Variation, Chekhover Variation
A.Eng.Sym.Nc3.Nc6.g3.Bg2	prefix	5	8	A36	English Opening: Symmetrical Variation, Two Knights, Fianchetto Variation
A.Eng.Sym.Nc3.Nc6.g3.e3	exact	10	10	A36	English Opening: Symmetrical Variation, Botvinnik System Reversed, with e3
A.Eng.Sym.Nc3.Nc6.g3.Nf3	exact	9	9	A37	English Opening: Symmetrical Variation, Three Knights, Fianchetto Variation
A.Eng.Sym.Nc3.Nc6.g3.d6	exact	12	12	A37	English Opening: Symmetrical Variation, Botvinnik System Reversed, with Nf3
A.Eng.Sym.Nc3.Nc6.g3.Nge7	exact	12	12	A37	English Opening: Symmetrical Variation, Botvinnik System Reversed, with Nf3
A.Eng.Sym.Nc3.Nc6.g3.a3	exact	13	13	A37	English Opening: Symmetrical Variation, Botvinnik System Reversed, with Nf3
A.Eng.Sym.Nc3.Nc6.g3.d3	exact	13	13	A37	English Opening: Symmetrical Variation, Botvinnik System Reversed, with Nf3
A.Eng.Sym.Nc3.Nc6.g3.b3	exact	13	13	A38	English Opening: Symmetrical Variation, Double Fianchetto
A.Eng.Rev.Nc3.Nc6.g3.Bg2	exact	8	8	A25	English Opening: King's English Variation, Taimanov Variation
A.Eng.Rev.Nc3.Nc6.g3.Rb1	exact	9	9	A25	English Opening: King's English Variation, Hungarian Attack
A.Eng.Rev.Nc3.Nc6.g3.e3	exact	12	12	A25	English Opening: Closed, Taimanov Variation
A.Eng.Rev.Nc3.Nc6.g3.Be6	exact	12	12	A25	English Opening: King's English Variation, Bremen-Hort Variation
A.Eng.Rev.Nc3.Nc6.g3.d3	exact	9	9	A25	English Opening: King's English Variation, Closed System
A.Eng.Rev.Nc3.Nc6.g3.Nge2	prefix	8	11	A25	English Opening: King's English Variation, Taimanov Variation
A.Eng.Rev.Nc3.Nc6.g3.Bg7	exact	10	10	A26	English Opening: King's English Variation, Closed System, Full Symmetry
A.Eng.Rev.Nc3.Nc6.g3.e4	exact	11	11	A26	English Opening: King's English Variation, Botvinnik System
A.KIA.Bg2.c6.O-O.Bf5.h6	exact	10	10	A07	King's Indian Attack, with Bf5
A.KIA.Bg2.c6.O-O.Bf5.c4	exact	12	12	A07	King's Indian Attack, with Bf5
A.KIA.Bg2.c6.O-O.Bf5.e6	prefix	8	10	A07	King's Indian Attack, with Bf5
A.KIA.Bg2.c6.O-O.Bf5.Nbd2	exact	11	11	A07	King's Indian Attack, with Bf5
A.KIA.Bg2.c6.O-O.Bf5.Nh4	exact	11	11	A07	King's Indian Attack, with Bf5
A.Ret.Eng.Be7.O-O.O-O.c5	prefix	2	12	A05	Zukertort Opening
A.Ret.Eng.Be7.O-O.O-O.e3	prefix	2	13	A05	Zukertort Opening
A.Ret.Eng.Be7.O-O.O-O.d4	prefix	2	14	A05	Zukertort Opening
A.Ret.Eng.Be7.O-O.O-O.Nc6	prefix	2	14	A05	Zukertort Opening
A.Ret.Eng.Be7.O-O.O-O.c6	prefix	2	13	A05	Zukertort Opening
A.Eng.Sym.Nf3.Nf6.Nc3.d4	exact	10	10	A34	English Opening: Symmetrical Variation
A.Eng.Sym.Nf3.Nf6.Nc3.g3	exact	10	10	A38	English Opening: Symmetrical Variation, Full Symmetry Line
A.Eng.Sym.Nf3.Nf6.Nc3.O-O	exact	13	13	A39	English Opening: Symmetrical Variation, Mecking Variation
A.Eng.AIn.Nc3.d5.cxd5.g6	exact	8	8	A16	English Opening: Anglo-Indian Defense, Anglo-Grünfeld Variation
A.Eng.AIn.Nc3.d5.cxd5.e5	exact	12	12	A16	English Opening: Anglo-Grünfeld Defense, Korchnoi Variation
A.Eng.AIn.Nc3.d5.cxd5.e6	exact	10	10	A17	English Opening: Anglo-Indian Defense
A.Eng.Rev.Fou.g3.Bc5.d6	exact	11	11	A29	English Opening: King's English Variation, Four Knights Variation, Fianchetto Line, with .. d6
A.Eng.Rev.Fou.g3.Bc5.a6	exact	12	12	A29	English Opening: King's English Variation, Four Knights Variation, Fianchetto Line, with .. d6, a6
A.Eng.Rev.Fou.g3.Bc5.h6	exact	12	12	A29	English Opening: King's English Variation, Four Knights Variation, Fianchetto Line, with .. d6, h6
A.Eng.Rev.Fou.g3.Bc5.O-O	exact	13	13	A29	English Opening: King's English Variation, Four Knights Variation, Fianchetto Line, with .. d6
A.Ret.Ang.g3.Nf6.Bg2.O-O	prefix	3	11	A09	Réti Opening
A.Ret.Ang.MLn.Nf6.Nc3.Qc2	prefix	3	9	A09	Réti Opening
A.Ret.Ang.MLn.Nf6.Nc3.b3	prefix	3	10	A09	Réti Opening
E.Ind.Cat.d5.Bg2.Be7.Nf3	exact	9	9	E06	Catalan Opening: Closed
E.QID.Euw.MLn.Bxd2.Ng5	exact	19	19	E11	Bogo-Indian Defense: Monticelli Trap
E.Nim.Kas.b6.Bg5	exact	12	12	E13	Queen's Indian Defense: Kasparov Variation
E.QID.Mod.Trd.Cap	exact	10	10	E16	Queen's Indian Defense: Capablanca Variation
E.QID.Euw.MLn.Riu	exact	12	12	E16	Queen's Indian Defense: Riumin Variation
E.Bog.WSm.MLn.Yat	exact	12	12	E16	Queen's Indian Defense: Yates Variation
E.QID.Mod.Fch.Euw	exact	13	13	E17	Queen's Indian Defense: Euwe Variation
E.QID.Mod.Fch.MLn.Trd	exact	17	17	E19	Queen's Indian Defense: Classical Variation, Traditional Variation, Main Line
E.Nim.Kas.c5.g3.O-O.Bg2	exact	11	11	E20	Nimzo-Indian Defense: Romanishin Variation
E.Nim.Sml.Bot.MLn.Nxd5	exact	16	16	E24	Nimzo-Indian Defense: Sämisch Variation, Botvinnik Variation
E.Nim.Cls.O-O.a3.b5	exact	12	12	E32	Nimzo-Indian Defense: Classical Variation, Vitolins-Adorjan Gambit
E.Nim.Cls.d5.cxd5.e5	exact	14	14	E34	Nimzo-Indian Defense: Classical Variation, Belyavsky Gambit
E.Nim.Cls.Bot.Mac	exact	14	14	E39	Nimzo-Indian Defense: Classical Variation, Berlin Variation, Macieja System
E.Nim.Rub.O-O.Ne2.Sim	exact	12	12	E46	Nimzo-Indian Defense: Simagin Variation
E.KID.Fch.Pan.MLn.Kor	exact	19	19	E63	King's Indian Defense: Fianchetto Variation, Panno Variation, Korchnoi Line
E.KID.Fch.Kav.Nc3.e5.b3	exact	15	15	E64	King's Indian Defense: Fianchetto Variation, Double Fianchetto Attack
E.KID.Fch.Kav.Nc3.Hng	exact	14	14	E64	King's Indian Defense: Fianchetto Variation, Hungarian Variation
E.KID.Fch.Yug.MLn.dxc5	exact	16	16	E65	King's Indian Defense: Fianchetto Variation, Yugoslav Variation, Exchange Line
E.KID.Cls.Nrm.g3.Nge2	exact	13	13	E72	King's Indian Defense: Pomar System
E.KID.Avk.Cst.Bg5.Na6.Brg	exact	14	14	E73	King's Indian Defense: Averbakh Variation, Modern Defense, Burgess Line
E.KID.Avk.Cst.Bg5.a6	exact	12	12	E73	King's Indian Defense: Averbakh Variation, Spanish Defense
E.KID.Avk.Cst.Be3	exact	11	11	E73	King's Indian Defense: Semi-Averbakh System
E.KID.Avk.Ben.MLn.e6	exact	14	14	E75	King's Indian Defense: Averbakh Variation, Main Line
E.KID.Fou.Dyn.MLn.Flo	exact	17	17	E77	King's Indian Defense: Four Pawns Attack, Florentine Gambit
E.KID.Fou.O-O.Be2.c5.h4	exact	19	19	E77	King's Indian Defense: Six Pawns Attack
E.KID.Sml.Cst.Be3.c5.Bxc5	exact	17	17	E81	King's Indian Defense: Sämisch Variation, Sämisch Gambit Accepted
E.KID.Sml.Pan.MLn.Rb8	exact	16	16	E84	King's Indian Defense: Sämisch Variation, Panno Main Line
E.KID.Sml.Ort.MLn.cxd5	exact	16	16	E89	King's Indian Defense: Sämisch Variation, Closed Variation, Main Line
E.KID.Cls.e5.O-O.Nbd7.O-O	exact	14	14	E94	King's Indian Defense: Orthodox Variation, Positional Defense
E.KID.Cls.Mar.MLn.Koz	exact	27	27	E98	King's Indian Defense: Orthodox Variation, Classical System, Kozul Gambit
E.KID.Cls.Mar.MLn.Neo	exact	19	19	E98	King's Indian Defense: Orthodox Variation, Classical System, Neo-Classical Line
E.Ind.Cat.d5.Bg2.Be7.O-O	prefix	9	11	E06	Catalan Opening: Closed
E.Ind.Cat.d5.Bg2.Be7.Qc2	exact	13	13	E08	Catalan Opening: Closed
E.Nim.Rub.O-O.Nf3	exact	9	9	E50	Nimzo-Indian Defense
E.Nim.Rub.O-O.Nf3.d5	exact	10	10	E51	Nimzo-Indian Defense: Normal Variation, Ragozin Variation
E.Nim.Rub.O-O.Nf3.d5.a3	exact	11	11	E51	Nimzo-Indian Defense: Normal Variation, Sämisch Deferred
E.KID.Cls.Lrs	exact	11	11	E90	King's Indian Defense: Larsen Variation
E.KID.Cls.Zin	exact	11	11	E90	King's Indian Defense: Zinnowitz Variation
E.KID.Cls.Oth	exact	11	11	E91	King's Indian Defense: Orthodox Variation
E.KID.Cls.Oth.Na6	exact	12	12	E91	King's Indian Defense: Kazakh Variation
C.Ita.Two.Max.MLn.Acc	exact	17	17	C56	Italian Game: Scotch Gambit, Max Lange Attack Accepted
C.Ita.Two.Max.MLn.Lng	exact	21	21	C56	Italian Game: Scotch Gambit, Max Lange Attack, Long Variation
C.Ita.Two.Max.MLn.Ber	exact	26	26	C56	Italian Game: Two Knights Defense, Max Lange Attack, Berger Variation
C.Ita.Two.Max.MLn.Lom	exact	18	18	C56	Italian Game: Two Knights Defense, Max Lange Attack, Loman Defense
C.Ita.Two.Max.MLn.Rub	exact	22	22	C56	Italian Game: Two Knights Defense, Max Lange Attack, Rubinstein Variation
C.RyL.Ber.Rio.Qe2.Nd6.Cor	exact	16	16	C67	Ruy Lopez: Berlin Defense, Cordel Variation
C.RyL.Ber.Rio.Qe2.Nd6.Pil	exact	17	17	C67	Ruy Lopez: Berlin Defense, Pillsbury Variation
C.RyL.Ber.Rio.Qe2.Nd6.MLn	exact	26	26	C67	Ruy Lopez: Berlin Defense, Rio de Janeiro Variation
C.RyL.Ber.Rio.Qe2.Nd6.Win	exact	17	17	C67	Ruy Lopez: Berlin Defense, Winawer Attack
C.RyL.Ber.Rio.Qe2.Nd6.Zuk	exact	17	17	C67	Ruy Lopez: Berlin Defense, Zukertort Variation
C.Vie.Fal.MLn.Qh5.Nd6.Ada	exact	11	11	C27	Vienna Game: Adams' Gambit
C.Vie.Fal.MLn.Qh5.Nd6.Alk	exact	13	13	C27	Vienna Game: Stanley Variation, Alekhine Variation
C.Vie.Fal.MLn.Qh5.Nd6.FrD	exact	20	20	C27	Vienna Game: Stanley Variation, Frankenstein-Dracula Variation
C.Vie.Fal.MLn.Qh5.Nd6.Mon	exact	10	10	C27	Vienna Game: Stanley Variation, Monster Declined
C.KGm.Acc.Bsh.Ble.Nc3.Fra	exact	13	13	C33	King's Gambit Accepted: Bishop's Gambit, Fraser Variation
C.KGm.Acc.Bsh.Ble.Nc3.Gri	exact	13	13	C33	King's Gambit Accepted: Bishop's Gambit, Grimm Attack
C.KGm.Acc.Bsh.Ble.Nc3.McD	exact	13	13	C33	King's Gambit Accepted: Bishop's Gambit, McDonnell Attack
C.KGm.Acc.Bsh.Ble.Nc3.Gtr	exact	11	11	C33	King's Gambit Accepted: Bishop's Gambit, McDonnell Attack
C.KGm.Acc.Nf3.KKn.Bir	exact	11	11	C37	King's Gambit Accepted: Rosentreter Gambit, Bird Gambit
C.KGm.Acc.Nf3.KKn.RSo	exact	9	9	C37	King's Gambit Accepted: Rosentreter Gambit, Sörensen Gambit
C.KGm.Acc.Nf3.KKn.Tes	exact	9	9	C37	King's Gambit Accepted: Rosentreter Gambit, Testa Variation
C.KGm.Acc.Nf3.KKn.Sor	exact	9	9	C37	King's Gambit Accepted: Sörensen Gambit
C.KGm.Acc.Nf3.KKn.Bc4.Han	exact	9	9	C38	King's Gambit Accepted: Hanstein Gambit
C.KGm.Acc.Nf3.KKn.Bc4.May	exact	11	11	C38	King's Gambit Accepted: Mayet Gambit
C.KGm.Acc.Nf3.KKn.Bc4.Phi	exact	9	9	C38	King's Gambit Accepted: Philidor Gambit
C.Pet.Cls.Bd3.Bd6.O-O.Mar	exact	20	20	C42	Petrov's Defense: Classical Attack, Marshall Trap
C.Pet.Cls.Bd3.Bd6.O-O.Chi	exact	18	18	C42	Petrov's Defense: Classical Attack, Marshall Variation, Chinese Gambit
C.Pet.Cls.Bd3.Bd6.O-O.Sta	exact	16	16	C42	Petrov's Defense: Classical Attack, Staunton Variation
C.Pet.Cls.Bd3.Bd6.O-O.Tar	exact	16	16	C42	Petrov's Defense: Classical Attack, Tarrasch Variation
C.Ita.Evn.Acc.Stn.O-O.AlS	exact	14	14	C52	Italian Game: Evans Gambit, Alapin-Steinitz Variation
C.Ita.Evn.Acc.Stn.O-O.Las	exact	14	14	C52	Italian Game: Evans Gambit, Lasker Defense
C.Ita.Evn.Acc.Stn.O-O.SaA	exact	14	14	C52	Italian Game: Evans Gambit, Sanders-Alapin Variation
C.Ita.Evn.Acc.Stn.Lev	exact	21	21	C52	Italian Game: Evans Gambit, Levenfish Variation
C.Ita.Evn.Acc.Stn.Sok	exact	13	13	C52	Italian Game: Evans Gambit, Sokolsky Variation
C.Ita.Evn.Acc.Stn.Ttk	exact	13	13	C52	Italian Game: Evans Gambit, Tartakower Attack
C.Ita.Giu.Eis	exact	13	13	C53	Italian Game: Classical Variation, Eisinger Variation
C.Ita.Giu.Mes	exact	11	11	C53	Italian Game: Classical Variation, Mestel Variation
C.Ita.Giu.Tar	exact	17	17	C53	Italian Game: Classical Variation, Tarrasch Variation
C.Ita.Giu.GNd	exact	13	13	C54	Italian Game: Classical Variation, Giuoco Pianissimo
C.Ita.Giu.Alb	exact	11	11	C54	Italian Game: Classical Variation, Giuoco Pianissimo, Albin Variation
C.Ita.Giu.Ga6	exact	12	12	C54	Italian Game: Classical Variation, Giuoco Pianissimo, with a6
C.RyL.Ber.O-O.Ben	exact	13	13	C66	Ruy Lopez: Berlin Defense, Closed Bernstein Variation
C.RyL.Ber.O-O.Shw	exact	13	13	C66	Ruy Lopez: Berlin Defense, Closed Showalter Variation
C.RyL.Ber.O-O.Wlf	exact	12	12	C66	Ruy Lopez: Berlin Defense, Closed Wolf Variation
C.RyL.Ber.O-O.Hdg	exact	12	12	C66	Ruy Lopez: Berlin Defense, Hedgehog Variation
C.RyL.Ber.O-O.Wes	exact	14	14	C67	Ruy Lopez: Berlin Defense, l'Hermet Variation, Westerinen Line
C.RyL.Ber.O-O.Sho	exact	11	11	C67	Ruy Lopez: Open Berlin Defense, Showalter Variation
C.RyL.Ber.O-O.LHe	exact	11	11	C67	Ruy Lopez: Open Berlin Defense, l'Hermet Variation
C.RyL.Mor.Ba4.Nf6.O-O.StD	exact	14	14	C79	Ruy Lopez: Morphy Defense, Steinitz Deferred
C.RyL.Mor.Ba4.Nf6.O-O.Bol	exact	19	19	C79	Ruy Lopez: Steinitz Defense Deferred, Boleslavsky Variation
C.RyL.Mor.Ba4.Nf6.O-O.Lip	exact	14	14	C79	Ruy Lopez: Steinitz Defense Deferred, Lipnitsky Variation
C.KGm.PPS	exact	11	11	C30	King's Gambit Declined: Panteldakis Countergambit, Pawn Sacrifice Line
C.KGm.Shi	exact	8	8	C30	King's Gambit Declined: Panteldakis Countergambit, Shirazi Line
C.KGm.Sym	exact	11	11	C30	King's Gambit Declined: Panteldakis Countergambit, Symmetrical Variation
C.LtO.Gre.BrA	exact	11	11	C40	Latvian Gambit Accepted: Bronstein Attack
C.LtO.Gre.BrG	exact	13	13	C40	Latvian Gambit Accepted: Bronstein Gambit
C.LtO.Gre.Nim	exact	11	11	C40	Latvian Gambit Accepted: Nimzowitsch Attack
C.Sco.Hor	exact	11	11	C45	Scotch Game
C.Sco.Blk	exact	17	17	C45	Scotch Game: Horwitz Attack, Blackburne Variation
C.Sco.Ros	exact	18	18	C45	Scotch Game: Rosenthal Variation
C.Fou.Spa.Dbl.MLn.Jan	exact	15	15	C49	Four Knights Game: Spanish Variation, Janowski Variation
C.Fou.Spa.Dbl.MLn.Svn	exact	14	14	C49	Four Knights Game: Spanish Variation, Svenonius Variation
C.Ita.Evn.Acc.Mor.MLn	exact	21	21	C52	Italian Game: Evans Gambit, Compromised Defense, Main Line
C.Ita.Evn.Acc.Mor.Pot	exact	21	21	C52	Italian Game: Evans Gambit, Compromised Defense, Potter Variation
C.Ita.Two.O-O.Bc5.Hol	exact	19	19	C54	Italian Game: Giuoco Piano, Holzhausen Attack
C.Ita.Two.O-O.Bc5.Ros	exact	17	17	C54	Italian Game: Giuoco Piano, Rosentreter Variation
C.Ita.Two.O-O.Bc5.Bg5	exact	14	14	C55	Italian Game: Two Knights Defense
C.Ita.Two.Ng5.Pol.Mar	exact	18	18	C58	Italian Game: Two Knights Defense, Maróczy Variation
C.Ita.Two.Ng5.Pol.Yan	exact	19	19	C58	Italian Game: Two Knights Defense, Polerio Defense, Yankovich Variation
C.RyL.Cls.Lut	exact	17	17	C90	Ruy Lopez: Closed, Lutikov Variation
C.RyL.Cls.Sue	exact	17	17	C90	Ruy Lopez: Closed, Suetin Variation
C.Ita.Pia.Nf6.MLn.Ba7	exact	14	14	C54	Italian Game: Classical Variation, Giuoco Pianissimo
C.Ita.Pia.Nf6.MLn.A4C	exact	14	14	C54	Italian Game: Classical Variation, Giuoco Pianissimo
C.RyL.Mor.Ba4.Nf6.O-O.B5D	exact	12	12	C78	Ruy Lopez: Morphy Defense
C.RyL.Mor.Ba4.Nf6.O-O.Wng	exact	13	13	C78	Ruy Lopez: Morphy Defense, Wing Attack
C.RyL.Mor.Ba4.Nf6.O-O.Rab	exact	20	20	C78	Ruy Lopez: Rabinovich Variation
C.RyL.Cls.AlG	exact	27	27	C88	Ruy Lopez: Closed, Alekhine Gambit
C.RyL.Cls.Bal	exact	21	21	C88	Ruy Lopez: Closed, Balla Variation
C.RyL.Cls.Leo	exact	26	26	C88	Ruy Lopez: Closed, Leonhardt Variation
C.RyL.Mar.MLn.MML	exact	28	28	C89	Ruy Lopez: Marshall Attack, Modern Main Line
C.RyL.Mar.MLn.Spa	exact	36	36	C89	Ruy Lopez: Marshall Attack, Main Line, Spassky Variation
D.Bgm.Acc.Euw.Zil	exact	17	17	D00	Blackmar-Diemer Gambit Accepted: Euwe Defense, Zilbermints Gambit
D.Bgm.Acc.Gun.Sta	exact	14	14	D00	Blackmar-Diemer Gambit Accepted: Gunderam Defense, Stader Variation
D.Bgm.Cap.Nc3.Nf6.Bg5.Bf5	exact	15	15	D00	Blackmar-Diemer Gambit: von Popiel Gambit, Zilbermints Variation
D.QGD.Exc.Bg5.Be7.e3.O-O	exact	19	19	D35	Queen's Gambit Declined: Exchange Variation, Chameleon Variation
D.QGD.Lsk.Bxe7.Qxe7.Qc2.Rfd1	exact	26	26	D56	Queen's Gambit Declined: Lasker Defense, Russian Variation
D.STa.Exc.MLn.Nxd5.Bb4.O-O	exact	21	21	D41	Queen's Gambit Declined: Semi-Tarrasch Defense, Kmoch Variation
D.STa.Exc.MLn.Nxd5.Bb4.Qa5	exact	18	18	D41	Queen's Gambit Declined: Semi-Tarrasch Defense, San Sebastian Variation
D.STa.Pil.MLn.Nxd4.e5	exact	15	15	D50	Queen's Gambit Declined: Semi-Tarrasch Defense, Krause Variation
D.Tar.Cls.Bg5.cxd4.Nxd4.Re8	exact	20	20	D34	Tarrasch Defense: Classical Variation, Petursson Variation
D.Tar.Prg.MLn.Nxd4.Bc5	exact	16	16	D33	Tarrasch Defense: Dubov Tarrasch
D.Sem.Bg5.Nbd7.e4	exact	11	11	D51	Queen's Gambit Declined: Alekhine Variation
D.Sem.Bg5.Nbd7.Bd2	exact	13	13	D51	Queen's Gambit Declined: Rochlin Variation
D.Sem.AMe.Bd6.e4.dxe4	exact	19	19	D45	Semi-Slav Defense: Stoltz Variation, Center Variation, Mikhalchishin Line
D.Sem.Mar.MLn.Qxd4.Bxb4	exact	18	18	D31	Semi-Slav Defense: Marshall Gambit, Tolush Variation
D.Sla.Nf3.Nf6.g3.dxc4	exact	10	10	D11	Slav Defense: Modern Line
D.Sla.Not.a4.Bb4.e3.Bxc3	exact	16	16	D31	Semi-Slav Defense: Noteboom Variation, Abrahams Variation
D.Sla.Qui.cxd5.cxd5.Nc3.e6	exact	14	14	D12	Slav Defense: Quiet Variation, Amsterdam Variation
D.Sla.Qui.cxd5.cxd5.Qb3.Qc8	exact	15	15	D12	Slav Defense: Quiet Variation, Landau Variation
D.QPG.Ver.c5.Bxf6.gxf6.e4	exact	11	11	D01	Richter-Veresov Attack: Malich Gambit
D.QPG.Zuk.Nf6.c4.b5	exact	6	6	D02	Queen's Pawn Game: Zilbermints Countergambit
D.QPG.Zuk.c5.g3.cxd4	exact	7	7	D02	Queen's Pawn Game: Chandler Gambit
D.QPG.Zuk.c6.Bg5.h6	exact	8	8	D02	Queen's Pawn Game: Levitsky Attack, Euwe Variation, Modern Line
D.QPG.c4.c5.cxd5.Nf6.e4	exact	10	10	D06	Queen's Gambit Declined: Austrian Defense, Haberditz Variation
E.Ben.Old.Adv.Nf6.Nf3.b5	exact	6	6	A43	Indian Defense: Pseudo-Benko
E.Ben.Bnk.Acc.Nc3.axb5.Nb5	exact	13	13	A57	Benko Gambit: Zaitsev Variation, Nescafe Frappe Attack
E.Ben.Bnk.Acc.Nc3.axb5.Bc4	exact	15	15	A57	Benko Gambit: Nescafe Frappe Attack
E.Ben.Bnk.Acc.MLn.Bxa6.g3	exact	15	15	A58	Benko Gambit: Fianchetto Variation
E.Ben.Bnk.Acc.MLn.Bxa6.Nd2	exact	15	15	A58	Benko Gambit: Nd2 Variation
E.Ben.Bnk.Acc.MLn.Bxa6.e4	exact	13	13	A59	Benko Gambit Accepted: Yugoslav
E.Ben.Mod.Fou.Mik	exact	15	15	A66	Benoni Defense: Mikenas Variation
E.Ben.Mod.Fou.MLn.Re8	exact	18	18	A69	Benoni Defense: Four Pawns Attack, Main Line
E.Ben.Mod.Cls.Trd	exact	15	15	A70	Benoni Defense: Classical Variation, Traditional Variation
E.Ben.Mod.Cls.MLn.a6.Bg4	exact	20	20	A75	Benoni Defense: Classical Variation, Argentine Counterattack
E.Gru.Pac	exact	15	15	D95	Grünfeld Defense: Pachman Variation
E.Gru.Bg5.Ne4.Lun	exact	12	12	D80	Grünfeld Defense: Lundin Variation
E.Gru.Thr.e3.O-O.Bd2	exact	11	11	D94	Grünfeld Defense: Opocensky Variation
E.Gru.Thr.e3.O-O.Qb3.e6	exact	12	12	D95	Grünfeld Defense: Botvinnik Variation
E.Gru.Exc.SeV.Bc4.c5.Bxf7	exact	23	23	D87	Grünfeld Defense: Exchange Variation, Seville Variation
E.Gru.Exc.SeV.Bc4.c5.cxd4	exact	21	21	D88	Grünfeld Defense: Exchange Variation, Spassky Variation
E.Gru.Exc.SeV.Bc4.c5.Be6	exact	26	26	D89	Grünfeld Defense: Exchange Variation, Spassky Variation
E.Gru.Exc.SeV.Bc4.c5.d5	exact	27	27	D89	Grünfeld Defense: Exchange Variation, Sokolsky Variation
E.Nim.Rub.StP.MLn.Nf3.Qe7	exact	16	16	E43	Nimzo-Indian Defense: St. Petersburg Variation
E.Nim.Kas.b6.e3.Ne4.O-O	exact	17	17	E43	Nimzo-Indian Defense: St. Petersburg Variation
E.Nim.Rub.Cls.Nf3.Nc6.dxc4	exact	14	14	E51	Nimzo-Indian Defense: Ragozin Variation
E.KID.Fou.O-O.Nf3.c5.Be3	exact	17	17	E79	King's Indian Defense: Four Pawns Attack, Exchange Variation
E.KID.Sml.Ort.d5.Nh5.Ke2	exact	23	23	E87	King's Indian Defense: Sämisch Variation, Bronstein Defense
E.KID.Sml.Ort.d5.Nh5.Nxc4	exact	24	24	E87	King's Indian Defense: Sämisch Variation, Orthodox Variation, Bronstein Variation
E.KID.Cls.Mar.MLn.f3.g4	exact	21	21	E99	King's Indian Defense: Orthodox Variation, Classical System, Benko Attack
A.And.Shy	exact	13	13	A00	Formation: Shy Attack
A.Hng.e5.a3.d5.d3	exact	9	9	A00	Hungarian Opening: Burk Gambit
A.Van.ReN.e3	prefix	2	3	A00	Van Geet Opening: Reversed Nimzowitsch
A.Van.ReN.e3.d5	prefix	2	4	A00	Van Geet Opening: Reversed Nimzowitsch
A.Van.ReN.e3.d5.Be6	exact	6	6	A00	Van Geet Opening: Hulsemann Gambit
A.Van.ReN.e3.d5.Nf6	exact	6	6	A00	Van Geet Opening: Liebig Gambit
A.Van.d5.e3	prefix	1	3	A00	Van Geet Opening
A.Van.d5.e3.e5	prefix	1	4	A00	Van Geet Opening
A.Van.d5.e3.e5.d4	prefix	1	5	A00	Van Geet Opening
A.Van.d5.e3.e5.d4.Bb4	exact	6	6	A00	Van Geet Opening: Sleipnir Gambit
A.Pol.Nf6.Bb2.g6.d4	exact	11	11	A00	Polish Opening: King's Indian Variation, Sokolsky Attack
A.Eng.Agi.Spl	exact	8	8	A32	English Opening: Symmetrical Variation, Anti-Benoni Variation, Spielmann Defense
A.Eng.Agi.Nf3.Nf6.Nc3.b6	exact	6	6	A17	English Opening: Anglo-Indian Defense, Queen's Indian Formation
A.Eng.Agi.Nf3.Nf6.Nc3.Bd3	exact	9	9	A17	English Opening: Anglo-Indian Defense, Queen's Indian Variation
A.Eng.AIn.Nc3.e6.Nf3.g4	exact	7	7	A17	English Opening: Anglo-Indian Defense, Zvjaginsev-Krasenkow Attack
A.Eng.Rev.Nc3.d6.Nf3.Bg4	exact	6	6	A21	English Opening: King's English Variation, Smyslov Defense
A.Eng.Rev.Nc3.Nf6.Nf3.c6	exact	8	8	A22	English Opening: King's English Variation, Adhiban Gambit
A.Eng.Rev.Nc3.Nf6.Nf3.b5	exact	8	8	A22	English Opening: King's English Variation, Bellon Gambit
A.Eng.Rev.Nc3.Nf6.Nf3.Ng4	exact	8	8	A22	English Opening: King's English, Erbenheimer Gambit
A.Eng.Rev.Nc3.Nf6.f4	exact	5	5	A22	English Opening: King's English, Mazedonisch
A.Eng.Rev.g3.Nf6.Bg2.Nc6	exact	10	10	A29	English Opening: King's English Variation, Four Knights Variation, Fianchetto Line
A.Eng.Rev.g3.Nf6.Bg2.d3	exact	11	11	A29	English Opening: King's English Variation, Four Knights Variation, Fianchetto Line
A.Eng.Rev.g3.Nf6.Bg2.O-O	exact	14	14	A29	English Opening: King's English Variation, Four Knights Variation, Fianchetto Line
A.Eng.Sym.Hdg.Nbd7	exact	20	20	A30	English Opening: Symmetrical, Hedgehog, Flexible Formation
A.Eng.Sym.Nc3.Nf6.g3	exact	5	5	A34	English Opening: Symmetrical Variation, Fianchetto Variation
A.Eng.Sym.Nc3.Nf6.Nc7	exact	10	10	A34	English Opening: Symmetrical Variation, Rubinstein Variation
A.QPO.g5	exact	2	2	A40	Borg Defense: Borg Gambit
A.PoD.Bb7	prefix	2	4	A40	Polish Defense
A.PoD.Bb7.Bxb5	exact	5	5	A40	Polish Defense: Spassky Gambit Accepted
A.EID.g3	exact	5	5	A49	Indian Defense: Przepiorka Variation
A.EID.Bf4.Bg7.e3.d6.O-O	exact	10	10	A48	London System, with Be2
A.EID.Nc3.d5.Bf4.Bg7.Qd2	exact	9	9	A48	Queen's Pawn Game: Barry Attack, Tarzan Attack
A.QPO.c6.Nf3	prefix	1	3	A40	Queen's Pawn Game
A.QPO.c6.Nf3.Nf6	prefix	1	4	A40	Queen's Pawn Game
A.QPO.c6.Nf3.Nf6.c4	prefix	1	5	A40	Queen's Pawn Game
A.QPO.c6.Nf3.Nf6.c4.b5	exact	6	6	A40	Slav Indian: Kudischewitsch Gambit
A.Ret.Eng.Be7.O-O.Ker	exact	14	14	A14	English Opening: Agincourt Defense, Keres Defense
A.Ret.Eng.Be7.O-O.NCD	exact	9	9	A14	English Opening: Agincourt Defense, Neo-Catalan Declined
B.Fre.Nrm.d5.Nc3.a6.Nfd7	exact	10	10	C11	French Defense: Steinitz Variation
B.Fre.Nrm.d5.Nc3.a6.a3	exact	11	11	C11	French Defense: Steinitz Variation
B.Fre.Nrm.d5.Nc3.a6.Ne2	exact	11	11	C11	French Defense: Steinitz Variation
B.Fre.Nrm.d5.Nc3.a6.Bg5	exact	11	11	C14	French Defense: Classical Variation
B.Sca.Mod.Mie.Bf5	exact	10	10	B01	Scandinavian Defense: Classical Variation
B.Sca.Mod.Mie.Bg4	exact	11	11	B01	Scandinavian Defense: Lasker Variation
B.Ale.Chs.Nd5.Bc4.e6.d6	exact	12	12	B02	Alekhine Defense: Two Pawns Attack, Mikenas Variation
B.Ale.Chs.Nd5.Bc4.e6.Bxd5	exact	15	15	B02	Alekhine Defense: Hunt Variation, Mikenas Gambit
B.Mod.Std.Nc3.C5S.d5	prefix	6	7	B06	Modern Defense: Modern Pterodactyl
B.Mod.Std.Nc3.C5S.d5.Qa5	prefix	6	8	B06	Modern Defense: Modern Pterodactyl
B.Mod.Std.Nf3.C5S	prefix	4	6	B06	Modern Defense
B.Mod.Std.Nf3.C5S.Be3	exact	8	8	B06	Pterodactyl Defense: Western, Anhanguera
B.Mod.Std.Nf3.C5S.Bc4	exact	10	10	B06	Pterodactyl Defense: Western, Siroccopteryx
B.Sic.HAc.d4.Bg7.dxc5.Bxc3	exact	11	11	B27	Pterodactyl Defense: Sicilian, Pteranodon
B.Sic.HAc.d4.Bg7.dxc5.Qxc3	exact	12	12	B27	Sicilian Defense: Hyperaccelerated Pterodactyl, Exchange Variation
B.Sic.SmM.Acc.Sib.Bd6	exact	16	16	B21	Sicilian Defense: Smith-Morra Gambit Accepted, Larsen Defense
B.Sic.SmM.Acc.Sib.Ng4	exact	16	16	B21	Sicilian Defense: Smith-Morra Gambit Accepted, Siberian Variation, Siberian Trap
B.Sic.Clo.Fch.Bot.e5	exact	12	12	B25	Sicilian Defense: Closed, Botvinnik Defense, with f4
B.Sic.Clo.Fch.Bot.Nge7	exact	14	14	B25	Sicilian Defense: Closed, Botvinnik Defense, Edge Variation
B.Sic.Cls.Be2.e5.Nxc6	exact	13	13	B58	Sicilian Defense: Boleslavsky Variation, Louma Variation
B.Sic.Cls.Be2.e5.Nb3	exact	13	13	B59	Sicilian Defense: Boleslavsky Variation
B.Sic.Dra.Yug.Nc6.O-O-O	exact	17	17	B76	Sicilian Defense: Dragon Variation, Yugoslav Attack, Modern Line
B.Sic.Dra.Yug.Nc6.g4	exact	17	17	B76	Sicilian Defense: Dragon Variation, Yugoslav Attack, Panov Variation
B.Sic.Dra.Yug.Nc6.Bc4.Bb3	exact	19	19	B77	Sicilian Defense: Dragon Variation, Yugoslav Attack, Main Line
B.Sic.Dra.Yug.Nc6.Bc4.h4	exact	23	23	B79	Sicilian Defense: Dragon Variation, Yugoslav Attack
B.Sic.Win.cxb4.a3.d5.Bb2	exact	9	9	B20	Sicilian Defense: Wing Gambit, Marienbad Variation
B.Sic.Win.cxb4.a3.d5.Bd3	exact	13	13	B20	Sicilian Defense: Wing Gambit, Nanu Gambit
B.Sic.Win.cxb4.a3.d5.Qe6	exact	14	14	B20	Sicilian Defense: Wing Gambit, Romanian Defense
B.Car.Zil	exact	4	4	B00	Carr Defense: Zilbermints Gambit
B.Gld.Pic	exact	4	4	B00	Goldsmith Defense: Picklepuss Defense
B.War.Sna	exact	4	4	B00	Ware Defense: Snagglepuss Defense
B.Mod.Mas	exact	10	10	B06	Modern Defense: Masur Gambit
B.Sca.MLn.Qd8.d4.Nf6.c6	exact	10	10	B01	Scandinavian Defense: Valencian Variation, Ilundain Variation
B.Sca.MLn.Qd8.d4.Nf6.Bg4	exact	10	10	B01	Scandinavian Defense: Valencian Variation, Main Line
B.Fre.Cls.MLn.e5.Qxe7	exact	12	12	C14	French Defense: Classical Variation
B.Fre.Cls.MLn.e5.Qxe7.Qg4	exact	13	13	C14	French Defense: Classical Variation, Pollock Variation
B.Fre.Cls.MLn.e5.Qxe7.Qd2	exact	13	13	C14	French Defense: Classical Variation, Rubinstein Variation
B.Fre.Cls.MLn.e5.Qxe7.f4	exact	13	13	C14	French Defense: Classical Variation, Steinitz Variation
B.Fre.Cls.MLn.e5.Qxe7.Bd3	exact	13	13	C14	French Defense: Classical Variation, Tarrasch Variation
B.Fre.Win.Adv.MLn.Nf3	exact	13	13	C19	French Defense: Winawer Variation, Positional Variation
B.Fre.Win.Adv.MLn.Nf3.Qc7	exact	14	14	C19	French Defense: Winawer Variation, Positional Variation
B.Fre.Win.Adv.MLn.Nf3.h4	exact	15	15	C19	French Defense: Winawer Variation, Positional Variation
B.Fre.Nrm.d5.exd5	exact	5	5	C01	French Defense: Exchange Variation
B.Fre.Mac.Exc	exact	9	9	C12	French Defense: McCutcheon Variation, Exchange Variation
B.Ale.Nrm.Dpn.d6.Nb6	prefix	7	8	B03	Alekhine Defense
B.Ale.Nrm.Dpn.d6.Nb6.c5	exact	9	9	B03	Alekhine Defense: Hunt Variation
B.Ale.Nrm.Dpn.d6.Nb6.Be2	exact	11	11	B03	Alekhine Defense: Modern Variation, Alekhine Gambit
B.CaK.Kar.Bc4.Ngf6.Qe2	prefix	8	13	B17	Caro-Kann Defense: Karpov Variation
B.CaK.Kar.Bc4.Ngf6.Qe2.Nb6	exact	14	14	B17	Caro-Kann Defense: Karpov Variation, Smyslov Variation
B.CaK.Kar.Bc4.Ngf6.Qe2.Bb3	exact	15	15	B17	Caro-Kann Defense: Karpov Variation, Smyslov Variation, Main Line
B.Sca.Mod.Mie.Bf5.Ne5	prefix	10	11	B01	Scandinavian Defense: Classical Variation
B.Sca.Mod.Mie.Bf5.Ne5.g4	exact	13	13	B01	Scandinavian Defense: Grünfeld Variation
B.Pir.Aus.Drg.e5	exact	11	11	B09	Pirc Defense: Austrian Attack, Unzicker Attack
B.Mod.Std.Nc3.StD.f4	exact	7	7	B06	Modern Defense: Pseudo-Austrian Attack
B.Mod.Std.Ctr.e5	prefix	4	6	B06	Modern Defense
B.Mod.Std.Ctr.d6	prefix	4	6	B06	Modern Defense
B.Mod.Std.Ctr.d6.Be3	prefix	4	8	B06	Modern Defense
B.Mod.Std.Ctr.d6.Be3.f3	prefix	4	9	B06	Modern Defense
B.Mod.Pte.Nc3	prefix	4	9	B06	Modern Defense
B.Mod.Pte.Nc3.d6	prefix	4	10	B06	Modern Defense
B.Sic.StC.Nc6	prefix	3	4	B20	Sicilian Defense: Staunton-Cochrane Variation
B.Sic.StC.Nc6.Nc3	prefix	3	5	B20	Sicilian Defense: Staunton-Cochrane Variation
B.Sic.StC.Nc6.Nc3.g6	prefix	3	7	B20	Sicilian Defense: Staunton-Cochrane Variation
B.Sic.StC.Nc6.Nc3.g6.Bg2	prefix	3	9	B20	Sicilian Defense: Staunton-Cochrane Variation
B.Sic.Fre.Nc3	prefix	4	5	B40	Sicilian Defense: French Variation
B.Sic.Fre.Nc3.a6	prefix	4	6	B40	Sicilian Defense: French Variation
B.Sic.Fre.Nc3.a6.g3	prefix	4	7	B40	Sicilian Defense: French Variation
B.Sic.Fre.Nc3.a6.g3.b5	prefix	4	8	B40	Sicilian Defense: French Variation
B.Sic.SmM.Acc.Sib.Qe2	prefix	12	13	B21	Sicilian Defense: Smith-Morra Gambit Accepted, Siberian Variation
A.OID.Wad.Chi	exact	8	8	A41	Zukertort Opening: Wade Defense, Chigorin Plan
A.Van.d5.d3	exact	5	5	A00	Van Geet Opening: Venezolana Variation
A.QPO.c6.c4	exact	4	4	A40	Queen's Pawn Game: Anglo-Slav Opening
A.EID.Col.KID	exact	8	8	A48	Indian Defense: Colle System, King's Indian Variation
A.Mod.Nc3.d6	exact	6	6	A41	Modern Defense
A.Sod.g6.g4	exact	3	3	A00	Sodium Attack: Chenoboskion Variation
A.Tro.Psn.Nc3	exact	7	7	A45	Trompowsky Attack: Poisoned Pawn Variation
A.Eng.Rev.e3.c4	exact	8	8	A00	Amsterdam Attack
A.Ret.d6.d4.g6	exact	8	8	A41	Robatsch Defense
A.OID.Mod.MLn.Bog	exact	10	10	A42	Pterodactyl Defense: Central, Bogolubovia
A.Tro.Rap.Bh4.c6.Nd2	exact	13	13	A45	Trompowsky Attack: Edge Variation, Hergert Gambit
A.Hng.Nc6.Nc3.d5.d4	exact	10	10	A00	Hungarian Opening: Asten Gambit
A.Hol.c4.Nf6.g3.d6	exact	10	10	A86	Dutch Defense: Hort-Antoshin System
A.Mod.Nc3.c5.d5.d6	exact	12	12	A40	Pterodactyl Defense: Central, Benoni Beefeater Pterodactyl
A.Tro.Rap.Bh4.d5.f3	exact	11	11	A45	Trompowsky Attack: Edge Variation, Hergert Gambit
A.Bir.Fro.d4.exd4.Nf3	exact	7	7	A02	Bird Opening: Siegener Gambit
A.Hol.c4.Nf6.Nc3.d6	exact	8	8	A84	Dutch Defense: Krause Variation
A.Hng.d5.Bg2.e5.c4	exact	7	7	A00	Hungarian Opening: Winterberg Gambit
A.QPO.Nf6.e4.Nxe4.Bd3	exact	7	7	A45	Indian Defense: Omega Gambit, Arafat Gambit
A.QPO.Nf6.Nf3.e6.Nc3	exact	7	7	A46	Queen's Pawn Game: Veresov Attack, Classical Defense
A.Van.c5.Nf3.Nc6.d4	exact	7	7	A00	Van Geet Opening: Sicilian Two Knights
A.Eng.Rev.Nc3.d6.g3	exact	6	6	A21	English Opening: King's English Variation, Keres Defense
A.Ret.Fch.MLn.Bg2.d6	exact	11	11	A05	Zukertort Opening: Double Fianchetto Attack
A.Hol.Sto.Bot.MLn.Ba3	exact	15	15	A94	Dutch Defense: Stonewall Variation
A.Lar.Nf6.Bb2.g6.g4	exact	5	5	A01	Nimzo-Larsen Attack: Spike Variation
A.Pol.e5.Bb2.f6.e4	exact	5	5	A00	Polish Opening: Tartakower Gambit
A.EID.Bg5.Bg7.Nbd2.c5	exact	8	8	A48	Torre Attack: Fianchetto Defense, Euwe Variation
A.Pol.e6.Bb2.Nf6.b5.a4	exact	11	11	A00	Polish Opening: Rooks Swap Line
A.Van.d5.f4.d4.Ne4.Nf3	exact	7	7	A00	Van Geet Opening: Pfeiffer Gambit, Sleipnir Countergambit
A.Ret.Ang.MLn.Nf6.Nc3.Bd6	exact	10	10	A11	Réti Opening: Anglo-Slav Variation, Gurevich System
A.Ret.Ang.MLn.Nf6.Nc3.Bb2	exact	14	14	D45	Semi-Slav Defense: Normal Variation
A.Col.Bd6.O-O.O-O.b3.Bb2	exact	13	13	D05	Rubinstein Opening: Semi-Slav Defense
A.Col.Bd6.O-O.O-O.b3.c6	exact	14	14	D05	Rubinstein Opening: Semi-Slav Defense
A.Col.Bd6.O-O.O-O.b3.Nbd2	exact	15	15	D05	Rubinstein Opening: Semi-Slav Defense
A.Hor.Fch.MLn.Bg5.Be7.Qc2	exact	11	11	D37	Queen's Gambit Declined: Miles Variation
A.Hor.Fch.MLn.Bg5.Be7.h6	exact	14	14	D53	Queen's Gambit Declined: Uhlmann Variation
A.Hor.Fch.MLn.Bg5.Nbd7.c6	exact	10	10	D51	Queen's Gambit Declined: Modern Variation, Knight Defense
A.Hor.Fch.MLn.Bg5.Nbd7.Bb4	exact	10	10	D51	Queen's Gambit Declined: Manhattan Variation
A.Hor.Fch.MLn.Bg5.Nbd7.a3	exact	11	11	D51	Queen's Gambit Declined: Capablanca Variation, Anti-Cambridge Springs Variation
A.PQI.e3.Bb7	exact	12	12	A47	Pseudo Queen's Indian Defense
C.Cen.exd4.Nf3.Bc5.c3	exact	7	7	C21	Center Game: Lanc-Arnold Gambit
C.Cen.exd4.Nf3.c5.Bc4	exact	7	7	C21	Center Game: Kieseritzky Variation
C.Bsh.Lew.Bxd5	exact	8	8	C23	Bishop's Opening: Lewis Countergambit
C.Bsh.Ber.d3.c6	exact	6	6	C24	Bishop's Opening: Paulsen Defense
C.Bsh.Bc5.b4.Bxb4.f4.exf4	exact	17	17	C23	Bishop's Opening: Four Pawns Gambit
C.Vie.Mie.Bc5.Bg2.Nc6.d5	exact	10	10	C25	Vienna Game: Paulsen Variation
C.Vie.Gbt.Fal.MLn.Qf3.d4	exact	11	11	C29	Vienna Game: Heyde Variation
C.KGm.Nc6.Nf3.g5.fxg5	exact	8	8	C30	King's Gambit Declined: Hobbs-Zilbermints Gambit
C.KGm.Acc.Nf3.Mod.exd5.Nd5	exact	14	14	C36	King's Gambit Accepted: Abbazia Defense, Main Line
C.KGm.Acc.Nf3.KKn.Bc4.Qxf3	exact	11	11	C37	King's Gambit Accepted: Ghulam-Kassim Gambit
C.KGm.Acc.Kie.d5.d4.Bxf4	exact	13	13	C39	King's Gambit Accepted: Kieseritzky Gambit, Brentano Defense
C.KGm.Acc.Kie.h5.Bc4	exact	15	15	C39	King's Gambit Accepted: Kieseritzky, Long Whip Defense, Jaenisch Variation
C.LtO.Bc4.fxe4.Nf6.Nxf7	exact	12	12	C40	Latvian Gambit: Corkscrew Gambit
C.PhD.d4.Nd7.Bc4.c6.Be7	exact	11	11	C41	Philidor Defense: Hanham Variation, Steiner Variation
C.PhD.Lio.Ng5.O-O.Bxf7.Ne6	exact	15	15	C41	Philidor Defense: Lion Variation, Forcing Line
C.PhD.d4.Nf6.dxe5.Nxe4.Qd5	exact	9	9	C41	Philidor Defense: Nimzowitsch Variation, Rellstab Variation
C.PhD.d4.f5.dxe5.fxe4.e6	exact	11	11	C41	Philidor Defense: Philidor Countergambit, del Rio Attack
C.Pet.Nxe5.d6.Nf3.Nxe4.Nf6	exact	10	10	C42	Petrov's Defense: Classical Attack, Closed Variation
C.Thr.Bb4	exact	6	6	C46	Three Knights Opening
C.Ita.Two.Nc3.Nxe4.Bxf7	exact	9	9	C47	Four Knights Game: Italian Variation, Noa Gambit
C.Ita.Evn.Acc.c3.Be7.d4	exact	12	12	C51	Italian Game: Evans Gambit, Anderssen Variation, Cordel Line
C.Ita.Evn.Dec.a4.a6	exact	11	11	C51	Italian Game: Evans Gambit Declined, Showalter Variation
C.Ita.Giu.c3.Nf6.b4	exact	9	9	C53	Italian Game: Bird's Attack
C.Ita.Giu.c3.Nf6.d3.a6	exact	10	10	C54	Italian Game: Classical Variation, Giuoco Pianissimo, with a6
C.Ita.Pia.Wai.MLn.Re1.Ba7	exact	14	14	C54	Italian Game: Classical Variation, Giuoco Pianissimo
C.Ita.Giu.O-O.Nf6.d3.d5	exact	12	12	C54	Italian Game: Classical Variation, Giuoco Pianissimo
C.Ita.Giu.c3.Nf6.d4.b4	exact	11	11	C54	Italian Game: Classical Variation, Greco Gambit, Dubov Italian
C.Ita.Two.Opn.MLn.e5.Ne4	exact	12	12	C56	Italian Game: Scotch Gambit, Max Lange Attack
C.RyL.SCG.Nxe5.O-O	exact	9	9	C60	Ruy Lopez: Spanish Countergambit, Harding Countergambit, Fricke Gambit
C.RyL.Shl.Jae.fxe4.Nxe4.Qg5	exact	14	14	C63	Ruy Lopez: Schliemann Defense, Classical Variation
C.RyL.Ber.O-O.Bc5.c3.Bb6	exact	12	12	C64	Ruy Lopez: Classical Defense, Benelux Variation
C.RyL.Ber.O-O.Hdg.Re1	exact	14	14	C66	Ruy Lopez: Berlin Defense, Tarrasch Trap
C.RyL.Mor.Ba4.b5.Bb3.Bc5	exact	10	10	C70	Ruy Lopez: Morphy Defense, Graz Variation
C.RyL.Mor.Ba4.d6.Bxc6.d4	exact	11	11	C73	Ruy Lopez: Morphy Defense, Modern Steinitz Defense
C.RyL.Mor.Ba4.d6.c3.Nge7	exact	12	12	C75	Ruy Lopez: Morphy Defense, Modern Steinitz Defense
C.RyL.Mor.Ba4.Nf6.O-O.Qe2	exact	11	11	C80	Ruy Lopez: Morphy Defense, Tartakower Variation
C.RyL.Mor.Opn.d4.Be7	exact	19	19	C83	Ruy Lopez: Open, Classical Defense, Main Line
C.RyL.Mor.Opn.MLn.a4.Nc3	exact	19	19	C80	Ruy Lopez: Open, Berger Variation
C.RyL.Cls.d4.Nxd4	exact	20	20	C88	Ruy Lopez: Noah's Ark Trap
C.RyL.Mar.MLn.Rxe5.c6.Bxd5	exact	27	27	C89	Ruy Lopez: Marshall Attack, Re3 Variation
C.RyL.Cha.MLn.d4.Qc7.Nc6	exact	24	24	C98	Ruy Lopez: Closed, Chigorin Defense
C.KPO.Kgt.MLn.Be2.Nf6.e5	exact	9	9	C44	King's Pawn Game: Tayler Opening, Basman Gambit
C.Fou.Spa.Dbl.MLn.d3.Ne7	exact	14	14	C49	Four Knights Game: Spanish Variation, Symmetrical Variation
C.Ita.Evn.Acc.Stn.O-O.Nxe5	exact	15	15	C52	Italian Game: Evans Gambit, Richardson Attack
D.QGD.QKn	exact	5	5	D31	Queen's Gambit Declined: Queen's Knight Variation
D.QGD.QKn.Nrm	exact	6	6	D35	Queen's Gambit Declined: Normal Defense
D.QGD.Ala	exact	6	6	D31	Queen's Gambit Declined: Alapin Variation
D.Sem.Bg5.Acc	exact	10	10	D44	Semi-Slav Defense Accepted
D.QPG.Ver.Ric	exact	5	5	D01	Richter-Veresov Attack
D.QPG.Ver.Ric.Bf5	exact	6	6	D01	Richter-Veresov Attack
D.QPG.Ver.Ric.Bf5.Bxf6	exact	7	7	D01	Richter-Veresov Attack: Veresov Variation
D.Bgm.Acc.Bog.MLn.Klo	exact	15	15	D00	Blackmar-Diemer Gambit Accepted: Bogoljubow Defense, Kloss Attack
D.Bgm.Acc.Bog.MLn.Stu	exact	15	15	D00	Blackmar-Diemer Gambit Accepted: Bogoljubow Defense, Studier Attack
D.Bgm.Cap.Sol	exact	9	9	D00	Blackmar-Diemer Gambit: Zeller Defense, Soller Attack
D.Sla.Cze.Kra.Car	exact	16	16	D17	Slav Defense: Czech Variation, Carlsbad Variation
D.Sla.Cze.Kra.Mor	exact	22	22	D17	Slav Defense: Czech Variation, Carlsbad Variation, Morozevich Variation
D.QGD.Exc.Bg5.c6.Qc2.Bd3	exact	15	15	D36	Queen's Gambit Declined: Exchange Variation, Reshevsky Variation
D.Sem.Mer.MLn.Old	exact	19	19	D48	Semi-Slav Defense: Meran Variation, Old Variation
D.Sem.AMe.Sto.b6	exact	15	15	D46	Semi-Slav Defense: Chigorin Defense
D.Sem.AMe.Sto.MLn	exact	19	19	D46	Semi-Slav Defense: Main Line
E.Ben.Old.Adv.Nf6.Nc3.Qa5	exact	6	6	A43	Benoni Defense: Woozle
E.Ben.Old.Adv.e5.e4.d6	exact	6	6	A44	Benoni Defense: Semi-Benoni
E.Ben.Czk.MLn.g6	exact	10	10	A56	Benoni Defense: King's Indian System
E.Ben.Mod.Fch.MLn.O-O.Re8	exact	22	22	A64	Benoni Defense: Fianchetto Variation, Hastings Defense, Main Line
E.KID.Sml.Cst.Nge2.c5.cxd5	exact	17	17	A65	Benoni Defense: King's Pawn Line, with Nge2
E.Gru.Hng.MLn.Bxc7	exact	15	15	D84	Grünfeld Defense: Brinckmann Attack, Grünfeld Gambit Accepted
E.Gru.Rus.Hng.e4.Na6	exact	14	14	D97	Grünfeld Defense: Russian Variation, Prins Variation
E.Gru.Rus.Hng.e4.Bg4.Qb3	exact	17	17	D99	Grünfeld Defense: Russian Variation, Smyslov Variation
E.Ben.Mod.Cls.O-O	exact	16	16	A72	Benoni Defense: Classical Variation
E.Ind.e6.Nf3.c5.Bg5	exact	15	15	A71	Benoni Defense: Classical Variation, Averbakh-Grivas Attack
E.Ind.WIn.g3.Bg7.Bg2.Nxd5	exact	10	10	D71	Neo-Grünfeld Defense: Exchange Variation
E.Ind.Cat.d5.Bg2.dxc4.Qxc4	exact	11	11	E03	Catalan Opening: Open Defense
E.Ind.Cat.d5.Bg2.dxc4.Qc2	exact	13	13	E03	Catalan Opening: Open Defense, Alekhine Variation
E.Ind.Cat.Bb4.Bd2.Be7.O-O	exact	12	12	E11	Bogo-Indian Defense: Retreat Variation
E.QID.Euw.Bd3.c5.O-O.Nxd4	exact	17	17	E14	Queen's Indian Defense: Averbakh Variation
E.Nim.Rub.Res.MLn.O-O.Qc2	exact	21	21	E59	Nimzo-Indian Defense: Normal Variation, Bernstein Defense
E.Ben.Bnk.Acc.Nc3.axb5.e4	prefix	9	11	A57	Benko Gambit: Zaitsev System
E.Ben.Bnk.Acc.Nc3.axb5.a4	prefix	9	11	A57	Benko Gambit: Zaitsev System
E.Ben.Bnk.Acc.MLn.Bxa6.Nf3	prefix	9	11	A58	Benko Gambit Accepted: Fully Accepted Variation
E.Ben.Mod.Cls.MLn.a6.Nd2	prefix	17	19	A73	Benoni Defense: Classical Variation, Main Line
E.Ben.Mod.Cls.MLn.a6.Bg5	prefix	17	19	A73	Benoni Defense: Classical Variation, Main Line
E.Ben.Mod.Fou.MLn.h3	prefix	16	17	A68	Benoni Defense: Four Pawns Attack
E.Ben.Mod.Fou.MLn.e5	prefix	16	17	A68	Benoni Defense: Four Pawns Attack
E.Gru.Exc.SeV.Bc4.c5.Nc6	prefix	13	16	D86	Grünfeld Defense: Exchange Variation, Classical Variation
C.Cen.exd4.Nf3.Bc5.c3.dxc3	prefix	7	8	C21	Center Game: Lanc-Arnold Gambit
C.Bsh.Ber.d3.Be7	prefix	4	6	C24	Bishop's Opening: Berlin Defense
C.Bsh.Ber.d3.Nc6.Nc3	exact	7	7	C24	Bishop's Opening: Vienna Hybrid
C.Vie.Mie.MLn.exd5.c6	exact	8	8	C26	Vienna Game: Mieses Variation, Erben Gambit
C.KGm.Dec.Cls.c3.Bg4.fxe5	prefix	7	9	C30	King's Gambit Declined: Classical Variation
C.KGm.Acc.Bsh.d5.Bxd5.Qh4	prefix	6	8	C33	King's Gambit Accepted: Bishop's Gambit, Bledow Variation
C.PhD.d4.f5.Bc4.exd4	prefix	6	8	C41	Philidor Defense: Philidor Countergambit
C.PhD.d4.Nf6.dxe5.Nxe4.Nbd2	exact	9	9	C41	Philidor Defense: Nimzowitsch Variation, Sokolsky Variation
C.PhD.d4.exd4.Nxd4.d5.exd5	exact	9	9	C41	Philidor Defense: Paulsen Attack
C.KPO.Kgt.MLn.Nxe5.Nxe5.d4	exact	7	7	C44	King's Pawn Game: Schulze-Müller Gambit
C.KPO.Kgt.MLn.d3.f5.exf5	exact	7	7	C44	Latvian Gambit: Clam Gambit
C.Sco.Gbt.Max.MLn.c3.Bg4	exact	12	12	C44	Scotch Game: Scotch Gambit, Cochrane-Anderssen Variation
C.Sco.Cls.Sch.Qd2.d5.Nb5	prefix	13	15	C45	Scotch Game: Classical Variation, Blackburne Attack
C.Fou.Spa.Rub.Nxe5.Qe7.f4	prefix	8	11	C48	Four Knights Game: Spanish Variation, Rubinstein Variation
C.Fou.Spa.Rub.Nxe5.Bc5.O-O	prefix	8	11	C48	Four Knights Game: Spanish Variation, Rubinstein Variation
C.Ita.Two.O-O.Bc5.Nc3	prefix	6	9	C55	Italian Game: Two Knights Defense
C.Ita.Two.O-O.Bc5.Nc3.d6	prefix	6	10	C55	Italian Game: Two Knights Defense
C.Ita.Evn.Acc.Mcd.Mor.Bg4	exact	18	18	C51	Italian Game: Evans Gambit
C.Ita.Evn.Acc.Mor.d6.Qb3	exact	15	15	C52	Italian Game: Evans Gambit, Waller Attack
C.Ita.Giu.c3.d6.d4.exd4	prefix	7	10	C53	Italian Game: Classical Variation
C.Ita.Two.Nc3.Nxe4.Nxe4	prefix	7	9	C47	Four Knights Game: Italian Variation
C.Ita.Two.Nc3.Nxe4.Nxe4.d5	exact	10	10	C55	Italian Game: Two Knights Defense
C.RyL.SCG.Nxe5.Nxc6	exact	9	9	C60	Ruy Lopez: Spanish Countergambit, Harding Gambit
C.RyL.Stn.d4.Bd7.Nc3.Bxc6	exact	11	11	C62	Ruy Lopez: Steinitz Defense, Nimzowitsch Attack
C.RyL.Mor.Ba4.b5.Bb3.d6	prefix	8	10	C70	Ruy Lopez: Morphy Defense, Caro Variation
C.RyL.Fia.c3.a6	prefix	6	8	C60	Ruy Lopez: Fianchetto Defense
C.RyL.Fia.c3.a6.Ba4	prefix	6	9	C60	Ruy Lopez: Fianchetto Defense
C.RyL.Fia.c3.a6.Ba4.d6	prefix	6	10	C60	Ruy Lopez: Fianchetto Defense
B.Fre.Adv.Mil.MLn.O-O.Bd7	prefix	13	14	C02	French Defense: Advance Variation, Milner-Barry Gambit, Hector Variation
B.Fre.Adv.NwG.cxd4	prefix	7	8	C02	French Defense: Advance Variation, Nimzowitsch Attack
B.Fre.Adv.NwG.cxd4.Nf3	exact	9	9	C02	French Defense: Advance Variation, Nimzowitsch Gambit
B.Fre.Stn.MLn.Nce2	exact	9	9	C11	French Defense: Classical Variation, Shirov-Anand Variation
B.Fre.Stn.MLn.Qg4	exact	9	9	C11	French Defense: Steinitz Variation, Gledhill Attack
B.Fre.Win.Adv.Smy.Qc7	exact	14	14	C19	French Defense: Winawer Variation, Advance Variation, Smyslov Variation
B.Sic.Clo.Nc6.d3	prefix	4	5	B23	Sicilian Defense: Closed, Traditional
B.Sic.Clo.Nc6.d3.g6	prefix	4	6	B23	Sicilian Defense: Closed, Traditional
B.Sic.Clo.Nc6.d3.g6.g4	exact	7	7	B23	Sicilian Defense: Closed, Portland Attack
B.Sic.Fre.d4.cxd4.c3	exact	7	7	B40	Sicilian Defense: Smith-Morra Gambit Deferred
B.Sic.Fre.d4.cxd4.Nxd4.Qb6	exact	8	8	B40	Sicilian Defense: Kveinis Variation
B.Sic.Fre.d4.cxd4.Nxd4.Bc5	exact	8	8	B40	Sicilian Defense: Paulsen-Basman Defense
B.Sic.Kan.Tal.MLn.Nc6	exact	14	14	B41	Sicilian Defense: Kan Variation, Maróczy Bind, Bronstein Variation
B.Sic.Kan.Tal.MLn.Nc6.Bc2	exact	15	15	B41	Sicilian Defense: Kan Variation, Maróczy Bind, Bronstein Variation
B.Sic.Nf3.f5.exf5	prefix	4	5	B27	Sicilian Defense: Brussels Gambit
B.Sic.Nf3.f5.exf5.Nh6	exact	6	6	B27	Sicilian Defense: Double-Dutch Gambit
B.Sic.Old.Nc3.Bc4.d6.Nd2	prefix	10	11	B30	Sicilian Defense: Closed, Anti-Sveshnikov Variation, with d6
B.Sic.Sve.Bxf6.Nd5.f5.Bxb5	exact	21	21	B33	Sicilian Defense: Lasker-Pelikan Variation, Sveshnikov Variation, Peresypkin's Sacrifice
B.Sic.Tay.Nc3.d6	prefix	9	10	B45	Sicilian Defense: Taimanov Variation
B.Sic.Tay.Nc3.d6.Be2	prefix	9	11	B45	Sicilian Defense: Taimanov Variation
B.Sic.Tay.Nc3.d6.Be2.Nf6	exact	12	12	B83	Sicilian Defense: Scheveningen Variation, Modern Variation
B.Sic.Tay.Nc3.Qc7.Be3.a6	prefix	11	12	B48	Sicilian Defense: Taimanov Variation, Bastrikov Variation, English Attack
B.Sic.SmM.Acc.Nxc3.Nc6.Bc4	prefix	6	9	B21	Sicilian Defense: Smith-Morra Gambit Accepted
B.Sic.SmM.Acc.Pau.O-O	prefix	12	13	B21	Sicilian Defense: Smith-Morra Gambit Accepted, Paulsen Formation
B.Sic.SmM.Acc.Pau.O-O.b5	prefix	12	14	B21	Sicilian Defense: Smith-Morra Gambit Accepted, Paulsen Formation
B.Sic.SmM.d3.c4	exact	7	7	B21	Sicilian Defense: Smith-Morra Gambit Declined, Dubois Variation
A.Ret.Ang.MLn.Nf6.Nc3.Be2	exact	15	15	D45	Semi-Slav Defense: Normal Variation
A.Ret.Ang.MLn.Nf6.Nc3.Bd3	exact	15	15	D46	Semi-Slav Defense: Chigorin Defense
A.Hng.ReM.Nf3.Nc6.d4.O-O	exact	9	9	A08	Zukertort Opening: Reversed Grünfeld
A.Eng.Agi.Nf3.d5.Nbd2	prefix	5	13	E10	Indian Defense: Anti-Nimzo-Indian
A.Eng.AIn.Nc3.d5.cxd5.Nb6	exact	10	10	A16	English Opening: Anglo-Indian Defense, Anglo-Grünfeld Variation
A.Eng.AIn.Nc3.d5.cxd5.Nxc3	exact	10	10	A16	English Opening: Anglo-Indian Defense, Anglo-Grünfeld Variation
A.Eng.Rev.Nc3.Nf6.g3.O-O	prefix	6	8	A22	English Opening: King's English Variation, Two Knights Variation, Smyslov System
A.Eng.Rev.Fou.e3.Bb4.Bxc3	exact	10	10	A28	English Opening: King's English Variation, Four Knights Variation, Quiet Line
A.Eng.Rev.Fou.e3.Bb4.Qf5	exact	13	13	A28	English Opening: King's English Variation, Four Knights Variation, Quiet Line
A.Eng.Sym.Nc3.Nc6.g3.e5	exact	10	10	A37	English Opening: Symmetrical Variation, Botvinnik System Reversed, with Nf3
A.QPO.g6.Nf3.Bg7.e3.Qa5	exact	8	8	A40	Colle System: Pterodactyl Variation
A.QPO.g6.Nf3.Bg7.e3.Nxd4	prefix	2	9	A40	Queen's Pawn Game: Modern Defense
A.Mod.Nc3.c5.d5.Bxc3.f5	exact	10	10	A40	Modern Defense: Beefeater Variation
A.Mod.Nc3.c5.d5.Bxc3.Qa5	exact	10	10	A40	Pterodactyl Defense: Fianchetto, Queen Pteranodon
A.QPO.Nf6.Nc3.d5.e4	exact	5	5	D00	Queen's Pawn Game: Hübsch Gambit
A.PQI.e3.Bb7.Bb2	prefix	5	13	A46	Yusupov-Rubinstein System
A.Hol.Sta.fxe4.Nc3.Nf6.f3	exact	7	7	A82	Dutch Defense: Blackmar's Second Gambit
A.Hol.Sta.fxe4.Nc3.Nf6.g4	exact	7	7	A82	Dutch Defense: Staunton Gambit, Tartakower Variation
A.Hor.Fch.Nc3.c6.g4	exact	9	9	D31	Semi-Slav Defense: Anti-Noteboom, Stonewall Variation, Portisch Gambit
A.Hor.Fch.MLn.Bg5.c5.Qb6	exact	10	10	D50	Queen's Gambit Declined: Pseudo-Tarrasch Variation, Canal Variation
E.Gru.Neo.Del	exact	15	15	D75	Neo-Grünfeld Defense: Delayed Exchange Variation
E.QID.Pet.KPe	exact	9	9	E12	Queen's Indian Defense: Kasparov-Petrosian Variation
C.Vie.Mie.Bc5.Bg2.Nc6.Pol	exact	11	11	C26	Vienna Game: Paulsen Variation, Pollock Gambit
C.KGm.Acc.Kie.d5.d4.Nbd2	exact	15	15	C39	King's Gambit Accepted: Kieseritzky Gambit, Brentano Defense, Caro Variation
C.PhD.d4.f5.dxe5.fxe4.Nc3	exact	13	13	C41	Philidor Defense: Philidor Countergambit, Berger Variation
C.Ita.Two.Opn.MLn.e5.Qh4	exact	18	18	C56	Italian Game: Two Knights Defense, Keidansky Variation
C.RyL.Ber.O-O.Bc5.c3.Bg5	exact	13	13	C64	Ruy Lopez: Classical Variation, Modern Main Line
C.RyL.Mor.Ba4.d6.Bxc6.f6	exact	12	12	C73	Ruy Lopez: Morphy Defense, Modern Steinitz Defense
C.RyL.Mor.Ba4.Nf6.O-O.d3	exact	17	17	C86	Ruy Lopez: Closed, Worrall Attack, Castling Line
C.RyL.Cha.MLn.d4.Qc7.dxc5	exact	25	25	C98	Ruy Lopez: Closed, Chigorin Defense
C.RyL.Ber.O-O.Nxe4.d4.a6	exact	10	10	C67	Ruy Lopez: Berlin Defense, Rosenthal Variation
C.Bsh.Ber.d3.Be7.O-O	exact	8	8	C24	Bishop's Opening: Kitchener Folly
C.LtO.Bc4.fxe4.Nxh8	prefix	5	13	C40	Latvian Gambit: Mayet Attack
C.PhD.d4.f5.Bc4.exd4.Nxh7	exact	11	11	C41	Philidor Defense: Lopez Countergambit, Jaenisch Variation
A.Hol.c4.Nf6.g3.e6.d5	exact	9	9	A90	Dutch Defense: Classical Variation
A.Hor.Fch.MLn.Nf3.Be7.b3	prefix	12	17	E14	Queen's Indian Defense, with e3
A.QPO.Nf6.Nf3.e6.e3.c5	exact	16	16	D05	Queen's Pawn Game: Colle System
A.QPO.Nf6.Nf3.e6.e3.Be7	exact	13	13	E14	Queen's Indian Defense, with e3
A.Kan.MLn.e3.c5.Bd3.O-O	exact	14	14	E29	Nimzo-Indian Defense: Sämisch Variation
A.Kan.MLn.e3.c5.Bd3.Ne8	exact	18	18	E29	Nimzo-Indian Defense: Sämisch Variation, Capablanca Variation
A.KIA.Car.g6	exact	15	15	B10	Caro-Kann Defense: Breyer Variation, Stein Attack
A.KIA.Fre.Nc6	exact	9	9	C00	French Defense: Reversed Philidor Formation
B.Sic.Alp.Cen.MLn.cxd4.cxd4	prefix	6	9	B22	Sicilian Defense: Alapin Variation, Barmen Defense
B.Sic.Alp.Dd6.MLn.Nc6	prefix	5	8	B50	Sicilian Defense: Delayed Alapin Variation, with d6
B.Sic.Alp.Dd6.MLn.Nc6.d4	prefix	5	9	B50	Sicilian Defense: Delayed Alapin Variation, with d6
B.Sic.Mor.Bd7.MLn.O-O	prefix	6	9	B52	Sicilian Defense: Moscow Variation, Main Line
B.Sic.Mor.Bd7.MLn.c4	exact	9	9	B52	Sicilian Defense: Moscow Variation, Sokolsky Variation
B.Sic.Mor.Bd7.MLn.O-O.Nc6	prefix	6	10	B52	Sicilian Defense: Moscow Variation, Main Line
B.Fre.Rub.MLn.Nf6.Nxf6	prefix	8	11	C10	French Defense: Rubinstein Variation, Blackburne Defense
B.Fre.Rub.MLn.Nf6.Nxf6.Nxf6	prefix	8	12	C10	French Defense: Rubinstein Variation, Blackburne Defense
B.Sic.OKn.Nf6.f3.e5	prefix	9	10	B54	Sicilian Defense: Prins Variation
B.Sic.OKn.Nf6.f3.e5.Bb5	exact	11	11	B55	Sicilian Defense: Prins Variation, Venice Attack
B.Sic.Naj.Sch.O-O.Nbd7	exact	14	14	B84	Sicilian Defense: Najdorf Variation, Scheveningen Variation
B.Sic.Naj.Sch.O-O.Qc7	exact	14	14	B84	Sicilian Defense: Scheveningen Variation, Classical Variation
B.Sic.Cls.Soz.e6.Be3.Be7	prefix	11	14	B57	Sicilian Defense: Classical Variation, Sozin Attack
B.CaK.Cls.Spd.Nd7.Lob	exact	24	24	B19	Caro-Kann Defense: Classical Variation, Lobron System
B.CaK.Cls.Spd.Nd7.Sei	exact	24	24	B19	Caro-Kann Defense: Classical Variation, Seirawan Variation
B.Sic.SmM.Acc.Soz	exact	16	16	B21	Sicilian Defense: Smith-Morra Gambit Accepted, Sozin Formation
B.Sic.SmM.Acc.Chi	exact	18	18	B21	Sicilian Defense: Smith-Morra Gambit Accepted, Chicago Defense
B.Sic.SmM.Acc.Kan	exact	10	10	B21	Sicilian Defense: Smith-Morra Gambit Accepted, Kan Formation
B.Sic.SmM.Acc.Fng	exact	16	16	B21	Sicilian Defense: Smith-Morra Gambit Accepted, Finegold Defense
B.Sic.Clo.Fch.Smy	exact	13	13	B24	Sicilian Defense: Closed, Smyslov Variation
B.Sic.Sve.Brd	exact	16	16	B33	Sicilian Defense: Lasker-Pelikan Variation, Bird Variation
B.Sic.Sve.MLn	exact	16	16	B33	Sicilian Defense: Lasker-Pelikan Variation, Sveshnikov Variation
B.Sic.Kan.Nc3.Chr	exact	15	15	B43	Sicilian Defense: Kan Variation, Wing Attack, Christiansen's Dream
B.Sic.Kan.Nc3.Spr	exact	13	13	B43	Sicilian Defense: Kan Variation, Wing Attack, Spraggett Attack
B.Sic.Alp.Dd6.MLn.Nc6.BPg	exact	12	12	B50	Sicilian Defense: Delayed Alapin Variation, Basman-Palatnik Gambit
B.Sic.Alp.Dd6.MLn.Nc6.BPD	exact	17	17	B50	Sicilian Defense: Delayed Alapin Variation, Basman-Palatnik Double Gambit
B.Sic.Fre.Gaw	exact	10	10	B40	Sicilian Defense: Gaw-Paw Variation
B.Sic.Sch.Be2.Be7.Bd7	exact	19	19	B83	Sicilian Defense: Scheveningen Variation, Modern Variation
B.Sic.Naj.Be2.Mod	exact	16	16	B92	Sicilian Defense: Najdorf Variation, Opocensky Variation, Modern Line
B.Sic.Naj.Be2.Trd	exact	16	16	B92	Sicilian Defense: Najdorf Variation, Opocensky Variation, Traditional Line
A.Bir.Fro.fxe5.d6.exd6.Nf6	exact	6	6	A02	Bird Opening: From's Gambit, Langheld Gambit
A.Eng.Rev.Fou.MLn.Bg2.Bc5	exact	12	12	A29	English Opening: King's English Variation, Four Knights Variation, Fianchetto Line, with Bc5
A.Hor.Fch.Nf3.c5.cxd5.Bg5	prefix	2	9	A40	Horwitz Defense
A.Owe.Eng.e4.Bb7.Bd3.Nc6	prefix	2	8	A40	English Defense
A.EID.Bg5.Bg7.Nbd2.d5.O-O	exact	10	10	A48	Queen's Pawn Game: Torre Attack, Grünfeld Variation, Main Line
A.Eng.Rev.e3.Nf6.f4.Nf3	exact	7	7	A20	English Opening: King's English Variation, Kahiko-Hula Gambit
A.Kan.MLn.e3.O-O.a3.bxc3	prefix	5	11	A40	Kangaroo Defense: Keres Defense, Transpositional Variation
A.KIA.Sic.MLn.g3.Nf6.Re1	prefix	4	15	B40	Sicilian Defense: French Variation
D.QGD.Mod	exact	7	7	D50	Queen's Gambit Declined: Modern Variation
D.QGD.Mod.BKo	exact	8	8	D50	Queen's Gambit Declined: Been-Koomen Variation
D.QGD.Mod.PTr	exact	9	9	D50	Queen's Gambit Declined: Pseudo-Tarrasch Variation
D.QGD.Mod.PTr.Can	exact	10	10	D50	Queen's Gambit Declined: Pseudo-Tarrasch Variation, Canal Variation
D.QGD.Mod.KDf	exact	8	8	D51	Queen's Gambit Declined: Modern Variation, Knight Defense
D.QGD.Mod.KDf.Man	exact	10	10	D51	Queen's Gambit Declined: Manhattan Variation
D.QGD.Mod.KDf.ACS	exact	11	11	D51	Queen's Gambit Declined: Capablanca Variation, Anti-Cambridge Springs Variation
C.LtO.Bc4.fxe4.Nxh8.Nf6	exact	14	14	C40	Latvian Gambit: Behting Variation
C.KPO.Kgt.MLn.c4.Nf6.Nxe5	exact	7	7	C44	Dresden Opening: The Goblin
B.Ale.Mod.MLn.Be2.c6	exact	10	10	B05	Alekhine Defense: Modern Variation, Flohr Variation
B.Sic.Alp.Nf6.MLn.cxd4	exact	8	8	B22	Sicilian Defense: Alapin Variation, Smith-Morra Declined
B.Sic.Tay.Nc3.Nf6.Ndb5.d6	exact	12	12	B45	Sicilian Defense: Four Knights Variation, Sveshnikov Transfer
B.Sic.OKn.Nf6.Nc3.e5.Bb5	exact	11	11	B56	Sicilian Defense: Venice Attack
B.Sic.Naj.Pst.MLn.Qxb2	prefix	14	16	B97	Sicilian Defense: Najdorf Variation, Poisoned Pawn Variation
B.Sic.Naj.Pst.MLn.Qxb2.Rb1	prefix	14	17	B97	Sicilian Defense: Najdorf Variation, Poisoned Pawn Variation
A.Van.d5.e4	prefix	1	3	A00	Van Geet Opening
A.Van.d5.e4.dxe4	prefix	1	4	A00	Van Geet Opening
A.Van.d5.e4.dxe4.f3	exact	5	5	A00	Van Geet Opening: Dougherty Gambit
A.Van.d5.e4.dxe4.d3	exact	5	5	A00	Van Geet Opening: Dunst-Perrenet Gambit
A.Van.d5.e4.dxe4.Bc4	exact	5	5	A00	Van Geet Opening: Hector Gambit
A.Eng.CKa.Nf3	prefix	2	3	A11	English Opening: Caro-Kann Defensive System
A.Eng.CKa.Nf3.d5	prefix	2	4	A11	English Opening: Caro-Kann Defensive System
A.Mod.e4	prefix	2	5	A40	Queen's Pawn Game: Modern Defense
A.Mod.e4.e5	exact	6	6	A41	Modern Defense: Neo-Modern Defense
A.Mod.e4.c5	prefix	2	6	A40	Queen's Pawn Game: Modern Defense
A.Mod.e4.c5.d5	prefix	2	7	A40	Queen's Pawn Game: Modern Defense
A.Mod.e4.c5.d5.Qa5	exact	8	8	A40	Pterodactyl Defense: Central, Benoni Pterodactyl
A.Mod.Avk.Nc6	exact	8	8	A42	Modern Defense: Kotov Variation
B.Sic.Fre.d4.a6	exact	6	6	B40	Sicilian Defense: Drazic Variation
B.Ale.Fou.Trd.MLn.IlZ	exact	17	17	B03	Alekhine Defense: Four Pawns Attack, Ilyin-Zhenevsky Variation
B.CaK.Adv.Bf5.VdW	exact	13	13	B12	Caro-Kann Defense: Advance Variation, Van der Wiel Attack
B.Sic.Alp.Cen.MLn.Nf6.Bg4	exact	10	10	B22	Sicilian Defense: Alapin Variation, Barmen Defense, Modern Line
B.Sic.Ros.Cls.MLn.Gur	exact	11	11	B31	Sicilian Defense: Nyezhmetdinov-Rossolimo Attack, Gurgenidze Variation
B.Sic.Naj.Pol.MLn.Sim	exact	19	19	B96	Sicilian Defense: Najdorf Variation, Polugaevsky Variation, Simagin Line
A.VtK.e5.Nc3.Nc6.f4.exf4	prefix	1	6	A00	Van't Kruijs Opening
A.VtK.e5.Nc3.d5.f4.exf4	prefix	1	6	A00	Van't Kruijs Opening
A.KIA.Bg2.e6.O-O	prefix	6	7	A07	King's Indian Attack, with e6
A.KIA.Fre.c5	prefix	3	8	C00	French Defense: King's Indian Attack
A.Eng.AIn.g3	prefix	2	3	A15	English Opening: Anglo-Indian Defense
A.Eng.AIn.g3.c6	prefix	2	4	A15	English Opening: Anglo-Indian Defense
A.Eng.Sym.Nf3.Nf6.Nc3.d5	prefix	3	6	A30	English Opening: Symmetrical Variation
A.Eng.AIn.Nf3.g6.g3.Bg7	prefix	4	6	A15	English Opening: Anglo-Indian Defense, King's Indian Formation
E.Nim.Rub.StN	exact	14	14	E43	Nimzo-Indian Defense: St. Petersburg Variation
A.Eng.CKa.Nf3.d5.g3	prefix	2	5	A11	English Opening: Caro-Kann Defensive System
A.Eng.CKa.Nf3.d5.g3.Bg2	exact	7	7	A11	Réti Opening: Anglo-Slav Variation, with g3
A.Eng.Agi.Nc3	prefix	2	3	A13	English Opening: Agincourt Defense
B.Sic.Clo.Fch.MLn.Nge2.e5	exact	12	12	B25	Sicilian Defense: Closed, Botvinnik Defense, with Nge2
B.Sic.SmM.Acc.Cls.O-O	prefix	6	13	B21	Sicilian Defense: Smith-Morra Gambit Accepted
B.Sic.SmM.Acc.Cls.O-O.Nf6	exact	14	14	B21	Sicilian Defense: Smith-Morra Gambit Accepted, Classical Formation
B.Sic.Cls.Soz.e6.Bb3.Be7	prefix	11	14	B57	Sicilian Defense: Classical Variation, Sozin Attack
D.QGD.QKn.Acc	exact	6	6	D31	Semi-Slav Defense: Accelerated Move Order
D.QGD.QKn.Nrm.Har	exact	7	7	D35	Queen's Gambit Declined: Harrwitz Attack
D.QGD.Ort.Rc1.a6	exact	14	14	D63	Queen's Gambit Declined: Orthodox Defense, Henneberger Variation
C.Pet.Thr.Fou.Gun	exact	14	14	C49	Four Knights Game: Spanish Variation, Gunsberg Counterattack
B.Sca.Nf6.Mar.Gip	exact	8	8	B01	Scandinavian Defense: Modern Variation, Gipslis Variation
D.QPG.Zuk.Nf6.Bf4	exact	5	5	D02	Queen's Pawn Game: London System
D.QGD.PTr	exact	6	6	D30	Queen's Gambit Declined: Tarrasch Defense, Pseudo-Tarrasch
D.Sla.Nf3.Nf6.Exc.Trf	exact	16	16	D14	Slav Defense: Exchange Variation, Trifunovic Variation
D.QGD.Har.Har.MLn	exact	14	14	D37	Queen's Gambit Declined: Harrwitz Attack, Main Line
B.CaK.Adv.Bf5.c3.e6	prefix	5	8	B12	Caro-Kann Defense: Advance Variation
B.CaK.Adv.Bf5.c3.e6.Be2	exact	9	9	B12	Caro-Kann Defense: Advance, Short Variation
C.Fou.Gun	exact	7	7	C47	Four Knights Game: Gunsberg Variation
A.Eng.Rev.Fou.BBV	exact	8	8	A28	English Opening: King's English Variation, Four Knights Variation, Bradley Beach Variation
A.Owe.Eng.e4.Bb7.f3.Nh6	prefix	2	10	A40	English Defense
B.Sic.OKn.g6	exact	8	8	B54	Sicilian Defense: Dragon Variation, Accelerated Dragon
D.QGA.Jan.e3.b5	exact	8	8	D22	Queen's Gambit Accepted: Alekhine Defense, Haberditz Variation
D.QPG.Zuk.Col.Bd3	exact	7	7	D05	Queen's Pawn Game: Colle System
B.Sic.Clo.GPr.MLn.Sch	exact	11	11	B23	Sicilian Defense: Grand Prix Attack, Schofman Variation
B.Sic.Alp.Cen.MLn.Nc6.Mil	exact	15	15	B22	Sicilian Defense: Alapin Variation, Barmen Defense, Milner-Barry Attack
A.Ret.Eng.c5.b3.Nc6.Be7	prefix	2	12	A05	Zukertort Opening
E.Nim.Rub.O-O.Sml	exact	11	11	E28	Nimzo-Indian Defense: Sämisch Variation
B.Sic.Dra.Yug.Chn.Bb3.Top	exact	23	23	B78	Sicilian Defense: Dragon Variation, Yugoslav Attack, Topalov Variation
