ocn1	masters_games	masters_white	masters_draws	masters_black	lichess_games	top_player	top_player_elo	top_game_year_earliest	top_game_year_latest	retrieved
A.Eng	199442	67094	87549	44799	68387873	Carlsen, M.	2882	2019	2020	2026-07-29
A.Eng.Sym	22207	7551	10010	4646	8324823	Carlsen, M.	2872	2013	2019	2026-07-29
A.Eng.Rev	50059	14558	23917	11584	17243696	Carlsen, M.	2876	2019	2020	2026-07-29
A.Hol	28398	10297	11502	6599	10747881	Carlsen, M.	2876	2013	2015	2026-07-29
A.Hol.Lng	7689	2651	3501	1537	148421	Carlsen, M.	2847	2012	2021	2026-07-29
A.Hol.Sto	1926	610	879	437	327685	Carlsen, Magnus	2835	2012	2021	2026-07-29
A.Hol.Cls	1198	509	448	241	178996	Kasparov, Garry	2735	1987	2019	2026-07-29
E.Ben	37736	15243	12660	9833	8352119	Carlsen, M.	2881	2014	2019	2026-07-29
E.Ben.Mod	6089	2738	1811	1540	1101083	Topalov, Veselin	2780	1996	2021	2026-07-29
E.Ben.Bnk	16663	6596	5805	4262	3680920	Carlsen, M.	2872	2003	2014	2026-07-29
E.Ben.Czk	3030	1348	943	739	351228	Aronian, L.	2826	2012	2019	2026-07-29
A.Tro	23278	7925	8730	6623	5950649	Carlsen, Magnus	2864	2013	2023	2026-07-29
A.Lon	8812	2370	4340	2102	7945895	Carlsen, Magnus	2863	2019	2023	2026-07-29
A.Bir	6697	1872	2537	2288	18500273	Carlsen, M.	2832	2015	2018	2026-07-29
A.Lar	11235	3694	4246	3295	16823963	Carlsen, M.	2853	2016	2025	2026-07-29
A.Ret	292958	97528	130394	65036	65903065	Carlsen, M.	2876	2014	2022	2026-07-29
A.Owe	987	434	296	257	6057601	Nakamura, Hi	2781	2013	2018	2026-07-29
A.Pol	2210	511	1041	658	7077679	Carlsen, M..	2847	2018	2021	2026-07-29
B.Sic	601092	188770	257675	154647	239143042	Carlsen, M.	2882	2019	2020	2026-07-29
B.Sic.Naj	126636	34117	64986	27533	13599896	Carlsen, M.	2876	2015	2020	2026-07-29
B.Sic.Naj.Eng	42984	10584	25155	7245	2624821	Carlsen, Magnus	2863	2019	2020	2026-07-29
B.Sic.Naj.Sch	5636	1893	2070	1673	585735	Kasparov, Garry	2849	2001	2017	2026-07-29
B.Sic.Naj.Adm	11255	2746	6442	2067	596200	Carlsen, M.	2870	2017	2020	2026-07-29
B.Sic.Naj.Pol	476	200	124	152	47581	Nakamura, Hikaru	2778	1980	2012	2026-07-29
B.Sic.Naj.Pst	7723	1659	4839	1225	164357	Kasparov, Garry	2849	2001	2021	2026-07-29
B.Sic.Sve	27969	6845	16199	4925	3001468	Carlsen, M.	2835	2018	2018	2026-07-29
B.Sic.Sve.Nd5	14445	3270	9052	2123	929390	Carlsen, M.	2882	2015	2021	2026-07-29
B.Sic.Sve.Nd5.Be7	13995	3067	8868	2060	867154	Carlsen, M.	2882	2015	2021	2026-07-29
B.Sic.Sve.Nd5.Be7.Bxf6	13373	2886	8588	1899	697510	Carlsen, M.	2882	2015	2021	2026-07-29
B.Sic.Sve.Nd5.Qa5	517	208	215	94	46455	Ivanchuk, Vassily	2711	2004	2008	2026-07-29
B.Sic.Sve.Bxf6	10735	2842	5582	2311	399660	Carlsen, M.	2861	2000	2019	2026-07-29
B.Sic.Sve.Bxf6.Nd5	10715	2833	5580	2302	394465	Carlsen, M.	2861	2000	2019	2026-07-29
B.Sic.Sve.Bxf6.Nd5.Bg7	2998	1029	1272	697	167594	Carlsen, Magnus	2863	2004	2020	2026-07-29
B.Sic.Sve.Bxf6.Nd5.f5	7664	1771	4300	1593	183786	Kasparov, Garry	2851	1998	2003	2026-07-29
B.Sic.Dra	19845	7798	7443	4604	4825243	Carlsen, M.	2881	2010	2021	2026-07-29
B.Sic.Dra.Yug	5973	2471	2126	1376	857977	Carlsen, M.	2881	2008	2014	2026-07-29
B.Sic.Sch	15072	5608	5310	4154	1314722	Carlsen, Magnus	2881	2013	2020	2026-07-29
B.Sic.Sch.Krs	4568	1971	1567	1030	125152	Carlsen, Magnus	2881	1998	2020	2026-07-29
B.Sic.Tay	35024	11484	14007	9533	6543765	Carlsen, M.	2865	2016	2024	2026-07-29
B.Sic.Kan	33001	11420	11572	10009	5805201	Carlsen, M.	2872	2001	2016	2026-07-29
B.Sic.Cls	43490	14905	15943	12642	3682277	Carlsen, M.	2855	2018	2024	2026-07-29
B.Sic.Ros	38641	13267	16742	8632	8159889	Carlsen, M.	2882	2019	2020	2026-07-29
B.Sic.Mor	28424	7798	13407	7219	3758060	Carlsen, M.	2872	2015	2020	2026-07-29
B.Sic.Alp	37894	10785	16607	10502	14780303	Carlsen, M..	2862	2020	2025	2026-07-29
B.Sic.SmM	2804	696	1084	1024	10753726	Nakamura, Hi	2788	1992	2023	2026-07-29
B.Sic.Cls.Rch	24985	9056	9419	6510	772823	Carlsen, M..	2847	2018	2024	2026-07-29
B.Sic.OKn	172422	51272	81632	39518	26067083	Carlsen, M.	2876	2015	2020	2026-07-29
B.CaK	106295	34474	45898	25923	82785055	Carlsen, Magnus	2863	2017	2021	2026-07-29
B.CaK.Adv	33422	11576	14405	7441	15249045	Carlsen, M..	2862	2016	2021	2026-07-29
B.CaK.Cls	16525	4409	8323	3793	4401078	Carlsen, Magnus	2870	2003	2021	2026-07-29
B.CaK.Pmv	11363	3454	5168	2741	4322098	Carlsen, M.	2856	2009	2023	2026-07-29
B.CaK.Two	9142	2932	3740	2470	5182160	Carlsen, M.	2864	2017	2022	2026-07-29
B.Fre	153056	53695	62726	36635	105652458	Carlsen, M.	2882	2017	2019	2026-07-29
B.Fre.Win	31837	11935	12192	7710	4254595	Carlsen, M.	2872	2012	2020	2026-07-29
B.Fre.Tar	43739	15622	18398	9719	7686813	Carlsen, M.	2881	2012	2017	2026-07-29
B.Fre.Adv	15866	5771	5527	4568	15198288	Carlsen, M.	2864	2021	2022	2026-07-29
B.Fre.Cls	31262	10418	14234	6610	6625310	Carlsen, M.	2882	2012	2023	2026-07-29
B.Fre.Exc	8173	1618	4531	2024	14757260	Carlsen, M..	2847	2018	2024	2026-07-29
B.Pir	19974	7593	7462	4919	7443549	Carlsen, M.	2882	2018	2019	2026-07-29
B.Mod	35038	12747	11489	10802	27592961	Carlsen, M.	2875	2017	2022	2026-07-29
B.Sca	24305	9361	9001	5943	73370792	Carlsen, M.	2877	2014	2019	2026-07-29
B.Ale	21351	7898	7960	5493	20234190	Carlsen, Magnus	2863	2016	2020	2026-07-29
B.OwM	1940	882	564	494	13440710	Carlsen, M..	2847	2019	2021	2026-07-29
C.RyL	162034	46418	85714	29902	33316174	Carlsen, M.	2882	2019	2020	2026-07-29
C.RyL.Ber	32767	6867	21420	4480	5472868	Carlsen, M.	2876	2015	2020	2026-07-29
C.RyL.Ber.Wal.End	8758	1502	6188	1068	198112	Carlsen, M.	2881	2014	2015	2026-07-29
C.RyL.Mar	5538	765	4195	578	593284	Carlsen, M.	2870	2015	2019	2026-07-29
C.RyL.AntM	22683	5223	14361	3099	1273003	Carlsen, M.	2870	2003	2019	2026-07-29
C.RyL.Cls	28465	9223	14172	5070	819678	Carlsen, Magnus	2868	2010	2013	2026-07-29
C.RyL.Brk	7947	2278	4334	1335	131632	Carlsen, Magnus	2868	2010	2021	2026-07-29
C.RyL.Zai	7180	1850	4432	898	44265	Carlsen, M.	2881	2008	2016	2026-07-29
C.RyL.Cha	9881	3537	4685	1659	329063	Kasparov, Garry	2838	2002	2015	2026-07-29
C.RyL.Exc	10137	2674	5362	2101	2968033	Carlsen, Magnus	2862	2012	2024	2026-07-29
C.Ita	48726	14453	22863	11410	50006921	Carlsen, M.	2882	2016	2020	2026-07-29
C.Ita.Two	21405	6727	9408	5270	18270155	Carlsen, M.	2855	2016	2021	2026-07-29
C.Ita.Evn	1708	465	748	495	2331776	Caruana, Fabiano	2835	2017	2024	2026-07-29
C.Ita.Pia	4206	1242	1964	1000	2978551	Carlsen, M..	2847	2017	2024	2026-07-29
C.KGm	4925	1449	1766	1710	25256906	Carlsen, M.	2876	2015	2020	2026-07-29
C.KGm.Acc	3315	873	1243	1199	11177823	Carlsen, M.	2876	2015	2020	2026-07-29
C.KGm.Dec	518	181	155	182	1149390	Short, Nigel D	2682	2000	2018	2026-07-29
C.Pet	34244	9244	20876	4124	18975195	Carlsen, Magnus	2863	2018	2020	2026-07-29
C.Sco	22456	6632	10287	5537	22372782	Carlsen, M.	2881	2011	2017	2026-07-29
C.Sco.Mie	8802	2318	4554	1930	2378820	Carlsen, M.	2837	2010	2017	2026-07-29
C.Vie	8194	2484	3573	2137	15796065	Carlsen, M.	2882	2013	2019	2026-07-29
C.PhD	6486	2632	2237	1617	22740253	Carlsen, Magnus	2863	2012	2020	2026-07-29
C.LtO	365	247	63	55	2307041	Sokolov, Ivan	2630	1979	1993	2026-07-29
D.QGD	76577	25618	36121	14838	31984689	Carlsen, M.	2876	2015	2019	2026-07-29
D.QGD.Ort	690	237	344	109	286534	Kramnik, Vladimir	2812	2014	2022	2026-07-29
D.QGD.Tar	620	217	283	120	441230	Roiz, Michael	2644	2006	2015	2026-07-29
D.QGD.Lsk	1790	433	1151	206	111106	Carlsen, M.	2877	2010	2016	2026-07-29
D.QGD.Cmb	2998	958	1529	511	531622	Carlsen, M.	2881	2013	2020	2026-07-29
D.QGD.Exc	17230	6114	8237	2879	4811813	Carlsen, M.	2865	2015	2021	2026-07-29
D.QGA	24225	7874	11582	4769	10327712	Kasparov, Garry	2847	2001	2003	2026-07-29
D.Sla	104915	32072	54933	17910	25667515	Carlsen, M.	2881	2014	2022	2026-07-29
D.Sem	55233	13295	32946	8992	6944704	Carlsen, M.	2882	2015	2022	2026-07-29
D.Sem.Mer	9709	2606	5003	2100	290720	Kasparov, Garry	2815	1998	2013	2026-07-29
D.Sem.Bg5	26218	6288	16328	3602	4136035	Carlsen, M.	2876	2015	2022	2026-07-29
D.Sem.Bg5.Mos	6513	1175	4405	933	93137	Carlsen, M.	2876	2012	2015	2026-07-29
D.Sem.Bg5.AMo	10031	1837	7151	1043	200268	Carlsen, Magnus	2863	2016	2021	2026-07-29
D.Sem.Bg5.Bot	3917	1295	1898	724	186829	Aronian, L.	2801	2012	2014	2026-07-29
D.Sla.Exc	8680	1948	5241	1491	3518570	Carlsen, M.	2881	2014	2021	2026-07-29
D.Sla.Cls	14106	4820	6638	2648	587772	Kasparov, Garry	2851	2000	2020	2026-07-29
D.Cat	42083	11567	22863	7653	3349189	Carlsen, M.	2875	2019	2022	2026-07-29
D.Cat.Ope	13127	3557	6881	2689	460490	Carlsen, M.	2865	2020	2022	2026-07-29
D.Cat.Cls	1830	726	797	307	183240	Giri, A.	2760	2017	2025	2026-07-29
D.Tar	5184	1924	2272	988	1278673	Carlsen, M.	2870	2019	2022	2026-07-29
D.STa	5405	1538	3132	735	1433487	Carlsen, M.	2872	2017	2020	2026-07-29
D.QGD.Vie	6547	1781	3270	1496	956489	Carlsen, M.	2882	2019	2020	2026-07-29
D.QGD.Rag	18247	4323	10768	3156	2802998	Carlsen, M.	2882	2014	2019	2026-07-29
D.Alb	1459	631	473	355	3554001	Mamedyarov, S.	2809	2012	2018	2026-07-29
D.Bgm	301	71	108	122	4811994	Volkov, Sergey	2620	2004	2008	2026-07-29
E.KID	80289	30316	30749	19224	12881479	Carlsen, M.	2881	2013	2020	2026-07-29
E.KID.Sml	15419	5896	5722	3801	2256741	Carlsen, M.	2881	2014	2022	2026-07-29
E.KID.Cls	42649	15782	17513	9354	5473839	Carlsen, M.	2872	2013	2020	2026-07-29
E.KID.Cls.Mar	18751	6797	7931	4023	818658	Kasparov, Garry	2815	1998	2016	2026-07-29
E.KID.Fch	3090	1151	1107	832	713674	Carlsen, M.	2855	2012	2021	2026-07-29
E.KID.Avk	6212	2458	2266	1488	379535	Carlsen, Magnus	2861	2013	2024	2026-07-29
E.KID.Fou	3929	1523	1352	1054	1859422	Kasparov, Garry	2805	1994	2009	2026-07-29
E.Nim	87990	25562	41262	21166	8964832	Carlsen, M.	2882	2019	2020	2026-07-29
E.Nim.Rub	36178	10739	16254	9185	1544730	Carlsen, M.	2864	2013	2022	2026-07-29
E.Nim.Cls	29537	8209	14898	6430	2028632	Carlsen, M.	2881	2013	2020	2026-07-29
E.Nim.Sml	1882	584	665	633	711828	Carlsen, M.	2882	2019	2021	2026-07-29
E.Nim.Lng	2095	612	843	640	1128880	Kramnik, Vladimir	2784	1995	2016	2026-07-29
E.QID	57205	16135	29911	11159	1928878	Carlsen, M.	2881	2012	2014	2026-07-29
E.QID.Pet	11217	3535	5178	2504	253058	Carlsen, M.	2881	2001	2016	2026-07-29
E.QID.Mod	11853	3553	6311	1989	684335	Carlsen, M.	2853	2012	2016	2026-07-29
E.Bog	23239	7997	10329	4913	1689822	Carlsen, Magnus	2872	2013	2017	2026-07-29
E.OldI	10384	4016	3651	2717	5058164	Carlsen, M.	2832	1995	2024	2026-07-29
E.Gru	42555	12532	21533	8490	5100150	Carlsen, M.	2882	2014	2019	2026-07-29
E.Gru.Exc	18950	5316	10297	3337	1872654	Carlsen, M.	2882	2019	2020	2026-07-29
E.Gru.Rus	5347	1529	2897	921	188277	Carlsen, M.	2882	2014	2020	2026-07-29
E.Gru.Fch	154	40	50	64	147396	Carlsen, M.	2838	1987	2017	2026-07-29
A.KIA	24941	8670	11220	5051	2571269	Carlsen, M.	2872	2013	2022	2026-07-29
A.KIA.Fre	2821	991	967	863	622694	Carlsen, Magnus	2843	2012	2021	2026-07-29
A.Ret.Acc	1066	377	456	233	908913	Caruana, F.	2828	2010	2022	2026-07-29
A.Ret.Adv	4096	1048	1799	1249	1003172	Carlsen, M.	2872	2016	2019	2026-07-29
A.Ret.Fch	5270	2050	2163	1057	296457	Carlsen, M.	2837	2017	2024	2026-07-29
A.Eng.Rev.Fou	18243	4565	10368	3310	1345699	Carlsen, M.	2882	2014	2019	2026-07-29
A.Hng	20366	7222	8018	5126	15342973	Carlsen, Magnus	2868	2013	2022	2026-07-29
A.Gro	181	55	40	86	4060789	Mamedyarov, S.	2817	2019	2019	2026-07-29
A.Van	3988	1126	1625	1237	6453443	Kasparov, Garry	2851	2000	2025	2026-07-29
A.Bir.Fro	406	156	139	111	2196323	Ganguly, S.	2658	2010	2019	2026-07-29
A.Tor	6997	2067	2851	2079	1633268	Carlsen, M.	2853	2016	2019	2026-07-29
A.Ver	4018	1102	1466	1450	1617063	Kramnik, Vladimir	2803	2011	2018	2026-07-29
A.Col	2245	707	1058	480	2076893	Carlsen, M.	2853	2016	2017	2026-07-29
A.Lon.Job	3957	1191	1672	1094	3600328	Carlsen, M.	2839	2017	2025	2026-07-29
B.Nim	6319	2422	2097	1800	13088710	Carlsen, Magnus	2863	2020	2021	2026-07-29
B.Nim.Ken	649	247	202	200	4443423	Carlsen, M.	2855	2018	2021	2026-07-29
B.Sca.Mod	7775	2999	2924	1852	10360294	Carlsen, M.	2876	2015	2021	2026-07-29
B.Sca.Por	1126	473	359	294	1058122	Carlsen, M.	2834	1996	2018	2026-07-29
B.Sca.Ice	411	139	139	133	1475463	Onischuk, Alexander	2657	1988	2019	2026-07-29
B.Ale.Fou	1415	551	504	360	1422352	Carlsen, Magnus	2863	2020	2024	2026-07-29
B.Ale.Exc	3915	1519	1406	990	2093440	Carlsen, Magnus	2863	2007	2020	2026-07-29
B.Pir.Aus	5043	1865	1928	1250	1509056	Carlsen, Magnus	2848	2011	2018	2026-07-29
B.Pir.Cls	5640	1837	2459	1344	2940581	Carlsen, M.	2882	2013	2019	2026-07-29
B.Pir.Fch	1554	560	595	399	110115	Vachier Lagrave, M.	2796	2009	2017	2026-07-29
B.Mod.Avk	9259	3596	3188	2475	3191527	Carlsen, M.	2837	2016	2025	2026-07-29
B.Fre.Rub	5832	2102	2903	827	3323769	Kasparov, Garry	2851	2000	2017	2026-07-29
B.Fre.Bur	6463	1839	3200	1424	701523	Kasparov, Garry	2851	2000	2017	2026-07-29
B.Fre.Mac	4145	1353	1789	1003	467097	Anand, Viswanathan	2817	2007	2011	2026-07-29
B.CaK.Exc	16805	4947	7437	4421	14447476	Carlsen, Magnus	2863	2017	2020	2026-07-29
B.CaK.Kar	6823	2183	3226	1414	1490611	Carlsen, Magnus	2864	1998	2023	2026-07-29
C.Fou	17100	4553	8614	3933	9668261	Carlsen, M.	2872	2014	2025	2026-07-29
C.Fou.Glk	1911	663	796	452	176395	Kramnik, Vladimir	2803	2008	2022	2026-07-29
C.Fou.Sco	6294	1298	3551	1445	2696214	Carlsen, M.	2872	2014	2021	2026-07-29
C.Fou.Spa	7618	2154	3820	1644	2826645	Carlsen, M.	2843	2010	2025	2026-07-29
C.Fou.Spa.Rub	2720	674	1538	508	401952	Carlsen, M..	2862	2010	2020	2026-07-29
C.Fou.Hal	16	6	1	9	419427	Ragger, M.	2651	2007	2025	2026-07-29
C.Bsh	9323	3196	4036	2091	20917408	Carlsen, M.	2877	2014	2022	2026-07-29
C.Bsh.Urs	424	105	232	87	484661	Carlsen, M.	2875	2015	2021	2026-07-29
C.Pon	1576	503	593	480	3842339	Carlsen, Magnus	2861	2013	2017	2026-07-29
C.Pon.Jae	909	297	350	262	1741480	Carlsen, Magnus	2861	2013	2016	2026-07-29
C.Pon.CGm	57	28	11	18	119584	Nakamura, Hikaru	2658	1976	2011	2026-07-29
C.Cen	1866	568	666	632	15884299	Carlsen, M.	2832	2010	2019	2026-07-29
C.Cen.Dsh	200	33	87	80	5871887	Demchenko, A.	2654	2007	2025	2026-07-29
C.Cen.Pau	901	278	299	324	1375766	Carlsen, M.	2832	2017	2019	2026-07-29
C.Ita.Giu	25559	7012	12839	5708	20615918	Carlsen, M.	2882	2016	2020	2026-07-29
C.Ita.Two.Ng5	3454	1136	1473	845	5010740	Carlsen, M..	2862	2019	2024	2026-07-29
C.Ita.Two.Ng5.Trx	130	57	45	28	692599	Karpov, Anatoly	2710	1983	2011	2026-07-29
C.Pet.Coc	178	54	50	74	255215	Carlsen, M.	2882	1999	2019	2026-07-29
C.Pet.Mod	6417	1926	3749	742	1748523	Carlsen, M.	2855	2020	2024	2026-07-29
C.Sco.Gbt	2843	722	1226	895	6832249	Carlsen, M.	2853	2012	2023	2026-07-29
C.Vie.Gbt	1210	351	491	368	2404591	Nakamura, Hi	2802	2009	2024	2026-07-29
C.PhD.Han	11567	4366	4205	2996	1232520	Carlsen, M.	2881	2013	2025	2026-07-29
D.QGA.Cls	9294	2771	5183	1340	282950	Kasparov, Garry	2838	2001	2019	2026-07-29
D.Sla.Che	10297	3619	4645	2033	770028	Carlsen, Magnus	2862	2001	2018	2026-07-29
D.Sem.AMe	21216	5265	12406	3545	238299	Carlsen, M.	2882	2019	2022	2026-07-29
D.QGD.Har	11581	3708	6500	1373	1213448	Carlsen, M.	2882	2014	2019	2026-07-29
D.Cat.Fch	17831	5719	9454	2658	1244227	Carlsen, M.	2875	2013	2019	2026-07-29
E.KID.Cls.Pet	4815	1829	1773	1213	437637	Kasparov, Garry	2795	1995	2025	2026-07-29
E.KID.Cls.Byn	7842	2726	3702	1414	268356	Kasparov, Garry	2815	1998	2022	2026-07-29
E.KID.Mak	6295	2675	2210	1410	853429	Carlsen, M.	2856	2013	2022	2026-07-29
E.Nim.Rub.Hub	977	290	387	300	6204	Fischer, Robert James	2785	1972	2023	2026-07-29
E.Bog.Nim	6254	2090	2885	1279	350000	Mamedyarov, S.	2817	2011	2019	2026-07-29
E.Bog.WSm	3401	1072	1484	845	181256	Carlsen, M.	2838	2011	2017	2026-07-29
E.QID.Cls	9139	2679	5087	1373	308207	Carlsen, M.	2853	2012	2016	2026-07-29
E.Gru.Sml	65	20	20	25	58051	Tukmakov, Vladimir B	2600	1993	2017	2026-07-29
E.Gru.Brn	3076	917	1500	659	301897	Carlsen, Magnus	2872	2011	2017	2026-07-29
E.OldI.Ukr	1840	679	655	506	335897	Caruana, Fabiano	2770	2012	2019	2026-07-29
B.Sic.Clo	45580	14257	18155	13168	24081334	Carlsen, M.	2877	2011	2021	2026-07-29
B.Sic.Clo.GPr	4305	1195	1541	1569	3024936	Kasparov, Garry	2815	1994	2024	2026-07-29
B.Sic.Clo.Fch	7822	2087	2984	2751	2071302	Carlsen, M.	2864	2013	2022	2026-07-29
B.Sic.Win	688	187	220	281	3194351	Anand, Viswanathan	2788	2009	2024	2026-07-29
B.Sic.Bow	162	48	44	70	13143780	Fedoseev, Vl3	2718	2003	2019	2026-07-29
B.CaK.Fan	2515	942	809	764	1896750	Carlsen, M.	2864	2009	2023	2026-07-29
B.CaK.Brn	1902	788	677	437	438808	Li Chao2	2755	2007	2016	2026-07-29
B.CaK.Sml	357	150	100	107	1031593	Carlsen, M.	2835	2011	2023	2026-07-29
B.Fre.Stn	16347	5628	7527	3192	3271007	Carlsen, M.	2882	2012	2023	2026-07-29
B.Fre.FKn	2959	1131	1326	502	516815	Carlsen, M.	2832	2009	2019	2026-07-29
B.Pir.Byr	1958	850	630	478	1070280	Carlsen, M.	2851	2011	2016	2026-07-29
B.Pir.150	4295	1840	1525	930	984203	Caruana, F.	2822	2018	2019	2026-07-29
C.RyL.Coz	2378	868	889	621	1457943	Carlsen, M..	2862	2020	2025	2026-07-29
C.RyL.Shl	4363	1697	1787	879	1315122	Carlsen, M.	2882	2008	2019	2026-07-29
C.RyL.Mor	115755	34458	58962	22335	12559824	Carlsen, M.	2882	2019	2020	2026-07-29
C.RyL.Mor.Opn	7720	2207	4282	1231	370838	Carlsen, M.	2875	2018	2019	2026-07-29
C.RyL.Mor.StD	6364	2311	2481	1572	757865	Carlsen, M.	2872	2017	2025	2026-07-29
C.RyL.Mor.Ark	4797	1452	2437	908	113791	Carlsen, M..	2862	2015	2021	2026-07-29
C.RyL.Mor.NeA	2191	602	1097	492	337074	Carlsen, M.	2872	2001	2021	2026-07-29
C.RyL.Mor.Nor	623	242	207	174	86178	Nakamura, Hi	2810	2007	2025	2026-07-29
C.RyL.Mor.Wor	2276	801	836	639	187455	Anand, Viswanathan	2817	2006	2011	2026-07-29
C.Ita.Giu.Cls	1180	204	616	360	1537433	Nakamura, Hi	2799	2012	2021	2026-07-29
C.Ita.Giu.Mol	1180	204	616	360	1421720	Nakamura, Hi	2799	2012	2021	2026-07-29
C.Ita.Two.Opn	1712	495	683	534	1806695	Carlsen, M.	2864	2018	2024	2026-07-29
C.Ita.Two.Max	204	84	55	65	759218	Dominguez Perez, L.	2757	2010	2015	2026-07-29
C.Ita.Two.Ng5.Feg	63	20	37	6	429110	Carlsen, M.	2832	2014	2024	2026-07-29
C.Ita.Two.Ng5.Ulv	242	96	64	82	385748	Carlsen, M.	2830	2006	2025	2026-07-29
C.Ita.Two.Ng5.Pol	2858	890	1295	673	2552268	Carlsen, M..	2862	2019	2023	2026-07-29
C.Sco.Gor	736	229	277	230	1824583	Grischuk, A.	2766	1975	2023	2026-07-29
C.Sco.Cls	7306	2350	3208	1748	4286577	Carlsen, M.	2881	2012	2014	2026-07-29
C.Vie.Mie	2303	717	1073	513	407194	Kramnik, Vladimir	2801	2016	2025	2026-07-29
C.Vie.Fal	6551	1912	2953	1686	6765389	Carlsen, M..	2847	2015	2021	2026-07-29
C.Pet.Cls	11853	2828	7897	1128	863828	Carlsen, M.	2864	2000	2022	2026-07-29
C.Pet.Stf	12	6	4	2	2197715	Dubov, Daniil	2714	2008	2021	2026-07-29
C.PhD.Lio	9342	3497	3506	2339	499416	Carlsen, M.	2881	2013	2025	2026-07-29
D.QGA.Jan	2087	591	1055	441	97200	Carlsen, M.	2855	1999	2016	2026-07-29
D.QGA.Man	766	267	326	173	50702	Carlsen, M.	2861	2021	2025	2026-07-29
D.Sla.Not	2682	809	1028	845	740147	Caruana, Fabiano	2781	2007	2015	2026-07-29
D.Sla.Ala	888	342	255	291	347347	Carlsen, M.	2875	2007	2019	2026-07-29
D.Tar.Rub	3453	1296	1562	595	157547	Nakamura, Hi	2794	2021	2025	2026-07-29
D.STa.Exc	3021	913	1644	464	209685	Carlsen, Magnus	2863	2015	2020	2026-07-29
D.Cat.Ope.Qa4	1355	270	697	388	47381	Mamedyarov, Shakhriyar	2761	1974	2023	2026-07-29
D.Cat.Cls.Qc2	1481	636	638	207	72557	Giri, A.	2760	2017	2025	2026-07-29
E.KID.Fch.Pan	7431	2773	3138	1520	263197	Caruana, Fabiano	2842	2010	2020	2026-07-29
E.KID.Sml.Pan	1967	800	700	467	60832	Aronian, L.	2805	2009	2023	2026-07-29
E.KID.Cls.Glg	6283	2533	2452	1298	210980	Carlsen, Magnus	2835	2012	2024	2026-07-29
E.KID.Cls.Exc	2383	495	1370	518	229417	Carlsen, M..	2862	2020	2022	2026-07-29
E.Nim.Kas	8075	2563	3644	1868	1651301	Carlsen, M.	2882	2014	2019	2026-07-29
E.Nim.Fou	8050	2236	3999	1815	560509	Carlsen, M.	2881	2014	2020	2026-07-29
E.QID.Nim	21671	5177	12767	3727	244176	Carlsen, M.	2881	2011	2016	2026-07-29
E.QID.Fch	35446	9214	20148	6084	873289	Carlsen, M.	2881	2012	2014	2026-07-29
E.Gru.Exc.Cla	9986	2588	5786	1612	686073	Carlsen, M.	2875	2001	2020	2026-07-29
E.Gru.Exc.Sev	15	3	9	3	5287	Grigoryan, Avetik	2600	1977	2012	2026-07-29
A.Eng.Sym.Hdg	6729	2128	3336	1265	105822	Carlsen, M.	2861	2012	2019	2026-07-29
A.Eng.Rev.Bot	813	263	328	222	56088	Grischuk, A.	2792	2007	2014	2026-07-29
A.Eng.Mik	3550	1425	1459	666	1074455	Carlsen, M.	2861	2017	2021	2026-07-29
A.Ret.Ang	12033	4433	5173	2427	1893517	Carlsen, M.	2855	2010	2016	2026-07-29
A.Ret.QGI	13445	4740	5550	3155	1723621	Carlsen, Magnus	2837	2012	2017	2026-07-29
A.Hol.Fch	11680	4131	5256	2293	496206	Carlsen, M.	2876	2015	2017	2026-07-29
A.Hol.Sta	905	303	299	303	761837	Nakamura, Hi	2745	2006	2019	2026-07-29
A.Hol.Sto.Bot	340	140	130	70	11314	Giri, A.	2777	1983	2021	2026-07-29
A.Hol.Cls.IZh	606	271	210	125	53667	Karjakin, Sergey	2769	2012	2018	2026-07-29
E.Ben.Old	8772	3683	2744	2345	18353762	Caruana, F.	2822	2010	2018	2026-07-29
E.Ben.Mod.Fch	3269	1000	1339	930	92450	Kramnik, Vladimir	2810	2010	2019	2026-07-29
E.Ben.Mod.Fou	2323	1083	649	591	278066	Grischuk, A..	2777	2002	2024	2026-07-29
E.Ben.Mod.Cls	1099	416	357	326	132187	Caruana, Fabiano	2835	1994	2020	2026-07-29
D.Chi	3788	1671	1279	838	1888794	Carlsen, Magnus	2802	2001	2010	2026-07-29
D.QGA.Cen	6212	2181	2801	1230	1951051	Carlsen, M.	2872	1999	2019	2026-07-29
D.Sla.Sml	511	214	171	126	15028	Carlsen, M.	2877	1996	2014	2026-07-29
D.Sem.AMe.Shr	2426	788	1090	548	43908	Anand, Viswanathan	2791	2007	2013	2026-07-29
D.Cat.Ope.Qa4.Ale	17	3	7	7	491	Spassky, Boris V	2625	1975	2008	2026-07-29
D.Cat.Cls.Bot	411	178	153	80	42742	Wang Hao	2756	2009	2022	2026-07-29
D.Cat.Cls.Rab	94	39	39	16	3998	Vajda, Le	2594	1979	2013	2026-07-29
D.QGD.Alt	8718	3063	4152	1503	482330	Carlsen, M.	2853	2012	2020	2026-07-29
E.Bog.Exc	1400	399	833	168	287606	Carlsen, Magnus	2872	2013	2022	2026-07-29
E.Bog.Ret	278	90	126	62	107256	Caruana, F.	2828	2014	2025	2026-07-29
E.Bog.Hai	0	0	0	0	12864					2026-07-29
E.QID.Kas	6692	2181	2953	1558	698700	Kasparov, Garry	2838	2001	2011	2026-07-29
E.QID.Sps	2981	893	1323	765	190663	Carlsen, M.	2853	2001	2025	2026-07-29
E.QID.Mod.Trd	13090	4069	6835	2186	722488	Carlsen, M.	2853	2012	2016	2026-07-29
E.Nim.Rom	1955	625	836	494	133423	Carlsen, M.	2861	2018	2025	2026-07-29
E.Nim.Spl	469	151	190	128	323199	Karpov, Anatoly	2725	1993	2016	2026-07-29
E.Nim.Mik	9	1	5	3	19919	Ponkratov, P.	2630	2000	2019	2026-07-29
E.Nim.Cls.Ker	6771	1621	3907	1243	46621	Kasparov, Garry	2849	1998	2000	2026-07-29
E.Nim.Sml.Bot	2681	677	1528	476	58422	Carlsen, M.	2870	2013	2024	2026-07-29
E.Gru.Thr	19236	5589	9428	4219	2270350	Carlsen, M.	2882	2014	2019	2026-07-29
E.Gru.Hng	1292	391	623	278	171227	Vachier Lagrave, M.	2796	2014	2019	2026-07-29
E.Gru.Exc.Sps	2438	744	1211	483	307047	Carlsen, M.	2872	2010	2020	2026-07-29
E.KID.Fch.Yug	1390	557	554	279	288054	Carlsen, M.	2842	2013	2019	2026-07-29
E.KID.Fch.Uhl	2168	865	867	436	420617	Carlsen, Magnus	2863	2016	2021	2026-07-29
E.KID.Sml.Byr	157	52	63	42	21402	Kasparov, Garry	2800	1990	2018	2026-07-29
E.KID.Sml.Ort	2169	935	694	540	459936	Kasparov, Garry	2805	1990	2012	2026-07-29
E.KID.Fou.Dyn	2614	1013	882	719	693668	Grischuk, Alexander	2777	1995	2020	2026-07-29
E.KID.Avk.Ben	2057	833	796	428	91196	Carlsen, Magnus	2861	2012	2024	2026-07-29
A.Ret.Lis	331	123	96	112	152774	Bu, Xiangzhi	2714	1988	2008	2026-07-29
A.Hol.Hop	2632	1027	1026	579	625990	Carlsen, Magnus	2837	2011	2023	2026-07-29
E.QID.Mil	936	351	357	228	39041	Aronian, Levon	2815	2012	2025	2026-07-29
B.Sic.Acc	13873	4767	5911	3195	6262664	Carlsen, M.	2877	2013	2025	2026-07-29
B.Sic.Acc.Mar	10128	3653	4626	1849	1187710	Carlsen, M.	2877	2014	2025	2026-07-29
B.Sic.HAc	10910	4052	4209	2649	7333734	Carlsen, M..	2847	2021	2025	2026-07-29
B.Sic.Kal	9255	3050	3902	2303	7173478	Carlsen, M.	2861	2012	2019	2026-07-29
B.Sic.Loe	1215	476	513	226	934292	Carlsen, Magnus	2837	2012	2021	2026-07-29
B.Sic.OKe	4942	1744	1724	1474	3202262	Carlsen, M.	2830	2004	2023	2026-07-29
B.Sic.Nim	3570	1332	1354	884	1076145	Carlsen, M.	2856	2018	2021	2026-07-29
B.Sic.Pin	521	250	144	127	711160	Aronian, L.	2803	2013	2024	2026-07-29
B.Sic.Dra.Cls	235	73	91	71	9184	Topalov, Veselin	2650	1991	2021	2026-07-29
B.Sic.Dra.Lev	351	114	103	134	236148	Topalov, Veselin	2700	1978	2005	2026-07-29
B.Sic.Sch.Eng	2765	1096	878	791	282125	Carlsen, Magnus	2863	2013	2020	2026-07-29
B.Sic.Tay.Eng	1447	446	540	461	822392	Anand, Viswanathan	2798	2005	2018	2026-07-29
B.Sic.Kan.Mar	4382	1546	1545	1291	1203587	Carlsen, M.	2863	2001	2024	2026-07-29
B.Fre.Adv.Mil	779	312	216	251	1619164	Giri, A.	2780	2018	2021	2026-07-29
B.Fre.Win.Psn	7102	2718	3025	1359	312541	Carlsen, Magnus	2843	2009	2018	2026-07-29
B.Fre.Tar.Ope	15657	4551	7943	3163	1885649	Carlsen, M.	2881	2014	2017	2026-07-29
B.Fre.Tar.Cls	13304	5540	4655	3109	3027229	Carlsen, Magnus	2802	2010	2016	2026-07-29
B.CaK.Adv.Sht	12654	4106	6250	2298	916037	Carlsen, M..	2862	2016	2020	2026-07-29
B.CaK.Adv.Tal	5055	1884	1814	1357	1678522	Carlsen, Magnus	2863	2020	2024	2026-07-29
B.CaK.Tar	4116	1250	1786	1080	2701275	Carlsen, Magnus	2863	2018	2024	2026-07-29
B.CaK.Gur	2026	768	722	536	275126	Kamsky, Gata	2763	2008	2013	2026-07-29
B.Ale.Mod	9805	3806	3812	2187	1311206	Anand, Viswanathan	2799	2008	2016	2026-07-29
B.Ale.Chs	616	187	214	215	688069	Krasenkow, Michal	2655	1994	2015	2026-07-29
B.Ale.Bal	404	148	133	123	212404	Giri, Anish	2722	2007	2025	2026-07-29
B.Pir.Cze	3923	1643	1177	1103	1831512	Carlsen, Magnus	2837	2012	2014	2026-07-29
B.Mod.Tig	1593	590	464	539	132852	Caruana, F.	2829	2014	2018	2026-07-29
B.Mod.Pte	459	141	202	116	4370	Morozevich, Alexander	2758	2010	2018	2026-07-29
C.RyL.Ber.Rio	590	180	313	97	22067	Carlsen, M.	2832	2005	2017	2026-07-29
C.RyL.Exc.Alk	36	4	26	6	15562	Karpov, Anatoly	2660	1973	1989	2026-07-29
C.RyL.Mor.Opn.Dil	462	102	265	95	8362	Carlsen, M.	2855	2018	2025	2026-07-29
C.RyL.Mor.Opn.Hwl	667	218	349	100	11941	Carlsen, Magnus	2863	2016	2020	2026-07-29
C.RyL.Mor.Opn.Rig	111	44	41	26	33556	Efimenko, Zahar	2689	1996	2020	2026-07-29
C.RyL.Mor.StD.Sie	519	168	226	125	33683	Caruana, F.	2828	1994	2020	2026-07-29
C.RyL.Mor.ClD	878	298	330	250	440925	Carlsen, M.	2830	2024	2024	2026-07-29
C.RyL.Mor.Fch	652	228	226	198	29435	Carlsen, M.	2851	2016	2024	2026-07-29
C.RyL.Mor.Car	1124	394	487	243	1443326	Nakamura, Hi	2810	2007	2025	2026-07-29
C.Ita.Giu.Grc	1751	488	906	357	772008	Carlsen, M..	2862	2020	2021	2026-07-29
C.Ita.Two.Ng5.Frt	145	67	29	49	507555	Georgiev, Kiril	2685	1996	2025	2026-07-29
C.Ita.Two.Ng5.Lol	9	3	3	3	37905	Sulskis, S.	2529	1999	2019	2026-07-29
C.KGm.Acc.Kie	421	100	178	143	309100	Anand, Viswanathan	2790	1997	2001	2026-07-29
C.KGm.Acc.Muz	44	15	7	22	274515	Nakamura, Hikaru	2741	2002	2019	2026-07-29
C.KGm.Acc.Bsh	803	215	290	298	1032352	Kasparov, Garry	2812	2011	2021	2026-07-29
C.KGm.Acc.All	21	9	3	9	162067	Doric, Darko	2468	1988	2009	2026-07-29
C.KGm.Dec.Fal	864	310	295	259	4100655	Carlsen, Magnus	2813	2010	2022	2026-07-29
C.Sco.Pot	2728	818	1250	660	1254757	Carlsen, Magnus	2835	2012	2016	2026-07-29
C.Sco.Gor.Dbl	151	48	49	54	921690	Eljanov, P.	2697	2002	2023	2026-07-29
C.Vie.Gbt.Fal	1177	330	484	363	867924	Nakamura, Hi	2802	2009	2024	2026-07-29
C.Vie.Gbt.Hmp	0	0	0	0	273					2026-07-29
C.Vie.Cls	2047	585	889	573	3136800	Carlsen, M..	2847	2015	2021	2026-07-29
C.Fou.Sco.Bel	484	109	217	158	175097	Morozevich, Alexander	2707	1979	2021	2026-07-29
C.Fou.Spa.Dbl	2857	853	1423	581	501593	Carlsen, M.	2865	2015	2025	2026-07-29
C.Fou.Spa.Cls	574	182	257	135	845912	Aronian, L.	2805	2016	2017	2026-07-29
D.QGD.Jan	1866	638	768	460	438015	Carlsen, M.	2855	2016	2021	2026-07-29
A.Kad	53	18	18	17	710826	Carlsen, M.	2864	2014	2022	2026-07-29
A.War	29	8	16	5	498184	Carlsen, Magnus	2837	2012	2024	2026-07-29
A.VtK	918	285	318	315	13901990	Carlsen, M.	2864	2018	2022	2026-07-29
A.Mie	800	261	260	279	6691427	Carlsen, M.	2864	2016	2022	2026-07-29
A.And	838	240	350	248	1123718	Carlsen, M.	2864	2010	2024	2026-07-29
A.Clm	132	36	46	50	538115	Carlsen, M.	2834	2018	2023	2026-07-29
A.Ama	29	9	12	8	280651	Carlsen, M.	2834	2018	2023	2026-07-29
A.Sod	18	7	7	4	108231	Carlsen, M.	2834	2014	2019	2026-07-29
A.Eng.Org	11	3	5	3	39346	Drazic, Sinisa	2464	1984	2015	2026-07-29
A.Owe.Eng	4653	1485	1662	1506	1371161	Kasparov, Garry	2851	2000	2019	2026-07-29
A.Mik	1680	735	506	439	2693431	Caruana, F.	2822	2018	2020	2026-07-29
A.Hor	41667	14364	17012	10291	37082474	Carlsen, M.	2881	2014	2019	2026-07-29
A.Kan	3711	1206	1589	916	299844	Carlsen, Magnus	2837	2012	2019	2026-07-29
A.Egl	115	70	26	19	15305328	Dubov, Daniil	2699	2016	2019	2026-07-29
A.Egl.Dec	1	0	0	1	1551334	Dmitrenko, Viktor	2362	2007	2007	2026-07-29
D.QPG	265860	84934	129217	51709	155932622	Carlsen, M.	2881	2014	2015	2026-07-29
D.QPG.Ama	0	0	0	0	68058					2026-07-29
D.QPG.Lev	2791	976	1071	744	3327052	Caruana, F.	2822	2001	2019	2026-07-29
D.Bgm.Acc	240	47	92	101	1410105	Haugen, Arild	2556	2007	2008	2026-07-29
D.Bgm.Dec	5	2	1	2	48715	Sandipan, C.	2572	1993	2016	2026-07-29
D.Rub	1393	427	637	329	330837	Carlsen, M.	2853	2016	2021	2026-07-29
D.Chi.Jan	864	414	287	163	585774	Carlsen, Magnus	2801	2000	2009	2026-07-29
C.Thr	14600	4012	7014	3574	9642343	Carlsen, M.	2872	2014	2025	2026-07-29
C.Thr.Stn	552	221	163	168	95169	Mamedyarov, Shakhriyar	2753	2013	2022	2026-07-29
C.Ele	268	120	60	88	4503128	Movsesian, Sergei	2721	2010	2021	2026-07-29
C.Dam	5	5	0	0	293446	Demchenko, Anton	2465	1994	2016	2026-07-29
C.Cen.Dsh.Acc	57	8	28	21	3817583	Nakamura, Hikaru	2647	1985	2025	2026-07-29
C.LtO.Acc	29	17	6	6	642519	Abdusattorov, Nodirbek	2594	1990	2023	2026-07-29
C.KPO	314452	91760	159451	63241	252832154	Carlsen, M.	2882	2019	2020	2026-07-29
C.KPO.Nap	16	9	3	4	492651	Vachier Lagrave, M.	2780	2008	2020	2026-07-29
C.KPO.Prt	62	20	20	22	162706	Almasi, Z.	2690	1992	2014	2026-07-29
C.KPO.Kgt	289898	83975	149331	56592	166525373	Carlsen, M.	2882	2019	2020	2026-07-29
B.Brg	42	23	7	12	589279	Shirov, A..	2662	1980	2021	2026-07-29
B.StG	463	222	111	130	1969904	Vachier Lagrave, M.	2795	2017	2017	2026-07-29
B.Lio	2065	854	705	506	544894	Caruana, Fabiano	2779	2013	2019	2026-07-29
B.Rat	46	20	15	11	3002766	Mamedyarov, S.	2801	2004	2024	2026-07-29
B.Car	22	8	7	7	324107	Howell, D.	2689	2018	2025	2026-07-29
B.Gld	8	4	1	3	388058	Vachier Lagrave, M.	2774	2015	2019	2026-07-29
B.Hip	7	2	2	3	88643	Kroeze, Frank M	2400	1995	2013	2026-07-29
B.War	3	1	1	1	416848	Larsen, Bent	2461	2008	2025	2026-07-29
B.OwM.Eng	2216	1024	638	554	7637426	Carlsen, M..	2847	2018	2021	2026-07-29
E.Blf	2254	924	702	628	112399	Ivanchuk, Vassily	2787	2007	2021	2026-07-29
E.Blf.Acc	871	388	236	247	36868	Aronian, Levon	2786	2007	2021	2026-07-29
E.Gru.Neo	280	97	134	49	75353	Kasparov, Garry	2812	2009	2015	2026-07-29
E.Ben.Bnk.Acc	12635	4905	4536	3194	2169323	Carlsen, M.	2872	2003	2014	2026-07-29
E.Ben.Bnk.Dec	98	39	30	29	25623	Ivanisevic, Ivan	2648	1988	2011	2026-07-29
E.Gru.Brn.Nad	0	0	0	0	2141					2026-07-29
D.QGA.Old	1284	417	609	258	516965	Aronian, L.	2815	2010	2022	2026-07-29
D.QGA.Ale	1553	606	612	335	109605	Carlsen, M.	2872	2017	2019	2026-07-29
D.QGA.Flo	161	78	35	48	11374	Carlsen, Magnus	2801	1993	2009	2026-07-29
D.QGA.Bog	187	58	80	49	18961	Abdusattorov, Nodirbek	2767	2007	2025	2026-07-29
D.Sla.Sch	2000	830	886	284	231294	Anand, Viswanathan	2817	2008	2013	2026-07-29
D.Sla.Qui	10892	2975	5884	2033	602627	Carlsen, M.	2881	2011	2017	2026-07-29
D.Sla.Cze	6184	1934	3032	1218	309264	Caruana, Fabiano	2835	2008	2020	2026-07-29
D.Sla.Stn	809	309	359	141	781912	Carlsen, Magnus	2863	2015	2023	2026-07-29
D.Sem.Not	31	17	11	3	79677	Kasparov, Garry	2827	1978	2012	2026-07-29
D.Sem.Mer.Rab	2431	773	1062	596	91853	Ding Liren	2812	1999	2019	2026-07-29
D.Sem.Mer.Lun	1311	350	689	272	20502	Topalov, Veselin	2813	2006	2022	2026-07-29
D.Sem.Bg5.Mos.Qxf6	6745	1234	4510	1001	93917	Carlsen, M.	2876	2012	2015	2026-07-29
D.QGD.Ort.Rub	13	4	7	2	34411	Timman, Jan H	2650	1979	2017	2026-07-29
D.QGD.Ort.Cap	717	238	421	58	67379	Topalov, Veselin	2750	1984	2004	2026-07-29
D.QGD.Exc.Car	5140	1880	2469	791	683997	Ding Liren	2813	2009	2025	2026-07-29
D.QGD.Exc.Min	1731	680	803	248	382429	Nepomniachtchi, I..	2784	2009	2020	2026-07-29
D.Cat.Ope.Yug	3950	926	2306	718	36184	Carlsen, M.	2864	2017	2025	2026-07-29
D.Cat.Ope.Bb4	1703	431	950	322	51135	Carlsen, M.	2865	2010	2022	2026-07-29
D.Cat.Cls.Kor	1014	457	375	182	392641	Carlsen, Magnus	2863	2009	2021	2026-07-29
D.Tar.HSc	862	355	274	233	181528	Carlsen, M.	2865	2021	2022	2026-07-29
D.STa.Kmo	2659	773	1493	393	188929	Carlsen, M.	2861	2015	2019	2026-07-29
E.KID.Cls.Bol	70	18	33	19	9303	Glek, Igor V	2670	1993	2002	2026-07-29
E.KID.Cls.Ort	20115	7269	8543	4303	954005	Carlsen, M.	2872	1998	2019	2026-07-29
E.KID.Cls.Arb	1041	386	441	214	60808	Kasparov, Garry	2800	1990	2014	2026-07-29
E.KID.Sml.Bob	184	81	56	47	2156	Polugaevsky, Lev	2645	1974	1980	2026-07-29
E.KID.Sml.Krs	0	0	0	0	6097					2026-07-29
E.KID.Fch.Sim	2168	865	867	436	420617	Carlsen, Magnus	2863	2016	2021	2026-07-29
E.KID.Fch.Kav	11422	4443	4232	2747	580865	Carlsen, M.	2865	2013	2024	2026-07-29
E.KID.Avk.Fle	983	441	316	226	88298	Ivanchuk, Vassily	2769	2006	2012	2026-07-29
E.Nim.Rub.Flo	1156	373	456	327	13194	Caruana, F.	2805	2022	2025	2026-07-29
E.Nim.Rub.Res	14482	3932	7355	3195	311002	Carlsen, M.	2861	2017	2021	2026-07-29
E.Nim.Rub.Kmo	139	45	59	35	24940	Nakamura, Hi	2775	1995	2022	2026-07-29
E.Nim.Cls.Noa	1798	483	967	348	55331	Carlsen, M..	2862	1998	2021	2026-07-29
E.Nim.Cls.Bot	1585	507	737	341	11729	Kasparov, Garry	2838	1997	2021	2026-07-29
E.Nim.Cls.Mil	152	95	35	22	116930	Gelfand, B.	2720	2003	2016	2026-07-29
E.Nim.Sml.Kmo	2681	677	1528	476	58422	Carlsen, M.	2870	2013	2024	2026-07-29
E.QID.Pet.Kas	362	141	106	115	3671	Karpov, Anatoly	2770	1992	2014	2026-07-29
E.QID.Mod.Fch	8666	2518	4810	1338	420486	Carlsen, M.	2853	2012	2016	2026-07-29
E.QID.Euw	2528	728	1157	643	73996	Kasparov, Garry	2838	2001	2025	2026-07-29
E.Bog.Rom	116	41	61	14	8300	Narayanan, SL.	2695	1971	2024	2026-07-29
E.Bog.Ret.Fch	153	21	101	31	40118	So, W.	2788	2008	2020	2026-07-29
E.OldI.Cls	4189	1824	1439	926	362532	Aronian, L.	2785	2002	2022	2026-07-29
E.OldI.Jan	637	264	209	164	167310	Caruana, F.	2776	2013	2022	2026-07-29
E.Gru.Rus.Prz	5027	1410	2778	839	124090	Carlsen, M.	2882	2014	2020	2026-07-29
E.Gru.Rus.Szs	64	33	24	7	11363	Vidit, S.	2723	1995	2022	2026-07-29
E.Gru.Exc.SeV	18397	5103	10064	3230	1668198	Carlsen, M.	2882	2019	2020	2026-07-29
E.Gru.Exc.Mod	3839	1083	2086	670	449517	Carlsen, M.	2875	2014	2020	2026-07-29
E.Gru.Fch.Pac	965	288	535	142	258710	Carlsen, M.	2839	1998	2018	2026-07-29
E.Blf.Dec	1133	431	396	306	16854	Erigaisi, Arjun	2801	2007	2025	2026-07-29
A.Pol.Cen	389	94	157	138	1366022	Carlsen, M..	2847	2013	2023	2026-07-29
A.Pol.Bhm	5	3	1	1	140886	Vasiukov, Evgeni	2469	2004	2010	2026-07-29
A.Pol.Cze	119	37	41	41	836501	Li Chao2	2751	2003	2019	2026-07-29
A.Gro.Gbt	69	15	15	39	1594793	Mamedyarov, S.	2817	2013	2019	2026-07-29
A.Gro.Zil	0	0	0	0	2600					2026-07-29
A.Hng.Cat	108	56	35	17	1051781	Vachier Lagrave, M.	2779	2017	2020	2026-07-29
A.Hng.Sic	2181	730	876	575	1159891	Carlsen, M.	2864	2009	2022	2026-07-29
A.Van.ReN	312	130	118	64	928985	Mamedyarov, S.	2801	1998	2024	2026-07-29
A.Van.ReS	3	3	0	0	35304	Sturua, Z.	2556	2000	2016	2026-07-29
A.Van.Tub	4	1	0	3	32896	Meister, Jakob	2490	2005	2018	2026-07-29
A.Bir.Dut	3556	904	1464	1188	6801579	Carlsen, M.	2832	2017	2025	2026-07-29
A.Bir.Fro.Lsk	135	60	43	32	332344	Ganguly, S.	2658	1993	2019	2026-07-29
D.QPG.Lon	7082	2220	3177	1685	23710019	Carlsen, M.	2855	2016	2017	2026-07-29
D.QPG.Chi	3087	893	1314	880	7765889	Carlsen, M.	2837	2013	2025	2026-07-29
D.QPG.Mas	24	5	8	11	1804868	Lodde, Martin	2500	1995	2011	2026-07-29
D.QPG.Sto	215	59	80	76	1744367	Kamsky, G.	2648	2008	2016	2026-07-29
D.QPG.Zuk	73783	22165	35956	15662	38432057	Carlsen, M.	2881	2014	2020	2026-07-29
D.QPG.Tor	1972	573	848	551	2164132	Kramnik, Vladimir	2812	2016	2016	2026-07-29
D.Bgm.Acc.Bog	81	7	30	44	79680	Haugen, Arild	2556	2007	2025	2026-07-29
D.Bgm.Acc.Euw	41	14	13	14	349143	Rogers, Ian	2605	1998	2006	2026-07-29
D.Bgm.Acc.Tei	68	17	26	25	434597	Korneev, Oleg	2619	1988	2008	2026-07-29
D.Chi.Exc	943	387	336	220	424974	Kasparov, Garry	2805	1995	2016	2026-07-29
D.Chi.Laz	205	94	71	40	83470	Grandelius, N.	2643	2004	2016	2026-07-29
D.Chi.MLn	1945	818	681	446	463440	Carlsen, Magnus	2814	2000	2013	2026-07-29
D.Sla.Dim	6	1	3	2	250186	Sergienko, Sergey	2455	2003	2020	2026-07-29
D.Sla.Win	350	157	121	72	141637	Kasparov, Garry	2780	1992	2012	2026-07-29
D.Sla.Exc.Boo	92	21	56	15	106107	Ivanisevic, I.	2611	2016	2017	2026-07-29
D.Sla.Che.Adv	3171	1127	1385	659	101382	Kasparov, Garry	2831	2004	2024	2026-07-29
D.Sla.Cls.Bld	1299	551	496	252	22773	Carlsen, Magnus	2801	2000	2024	2026-07-29
D.Tar.Mar	37	18	8	11	6551	Erigaisi, Arjun	2775	2007	2025	2026-07-29
D.Tar.Prg	3975	1422	1910	643	236260	Carlsen, M.	2872	2019	2021	2026-07-29
D.Tar.Cls	6382	2496	2874	1012	276317	Mamedyarov, S.	2801	2011	2019	2026-07-29
D.STa.Pil	40	9	23	8	414312	So, Wesley	2770	2020	2024	2026-07-29
D.STa.Sym	3	2	0	1	10443	Kharitonov, Alexandr	2524	1975	2015	2026-07-29
E.Bog.NEn	4	0	2	2	1438	Dzindzichashvili, Roman	2542	1996	2003	2026-07-29
E.QID.Pet.And	674	211	314	149	21928	Erigaisi, Arjun	2773	2014	2025	2026-07-29
E.QID.Pet.Hdg	789	249	305	235	9779	Mamedyarov, S.	2817	1996	2019	2026-07-29
E.Nim.Kas.Kor	51	15	14	22	46239	Duda, J.	2729	1984	2022	2026-07-29
E.Nim.Spl.Rom	177	48	84	45	15624	Bu Xiangzhi	2723	2016	2024	2026-07-29
E.Nim.Lng.Avg	124	43	41	40	2063	Moiseenko, Alexander	2711	1973	2013	2026-07-29
E.Nim.Cls.Zur	1097	400	435	262	99228	Ivanchuk, Vassily	2779	2006	2014	2026-07-29
E.Nim.Rub.Tai	292	109	105	78	15131	Ivanchuk, Vassily	2776	1995	2016	2026-07-29
E.Nim.Rub.StP	5188	1747	1970	1471	244488	Carlsen, Magnus	2848	2001	2024	2026-07-29
E.QID.Mod.Sms	841	278	374	189	82934	Carlsen, M.	2872	2011	2019	2026-07-29
E.Gru.Fch.Euw	147	44	47	56	142571	Topalov, Veselin	2750	1996	2019	2026-07-29
E.Blf.Spl	222	70	94	58	1152	Erigaisi, Arjun	2801	2006	2025	2026-07-29
C.Ita.Evn.Acc	1470	392	672	406	1914235	Caruana, Fabiano	2835	2014	2024	2026-07-29
C.Ita.Evn.Dec	220	67	69	84	281784	Carlsen, M.	2832	1995	2017	2026-07-29
C.RyL.Shl.Jae	2210	907	942	361	241311	Aronian, Levon	2801	2010	2025	2026-07-29
C.Pet.Thr	4889	1462	2508	919	8080993	Carlsen, M.	2850	2010	2023	2026-07-29
A.Gro.Dbl	1	0	0	1	19674	Vachier Lagrave, M.	2774	2019	2019	2026-07-29
A.Gro.Als	0	0	0	0	14076					2026-07-29
A.Gro.Kee	39	8	5	26	103880	Giri, A.	2768	1981	2014	2026-07-29
A.Gro.Spk	10	4	1	5	110768	Lagarde, Max	2586	2003	2018	2026-07-29
A.Hng.Sym	3207	1163	1273	771	1082958	Carlsen, Magnus	2868	2013	2016	2026-07-29
A.Hng.Sla	1417	458	561	398	1746275	Carlsen, M.	2857	2009	2016	2026-07-29
A.Hng.ReM	247	86	86	75	593858	Caruana, Fabiano	2796	2006	2020	2026-07-29
A.Hng.ReA	62	21	22	19	115210	Nakamura, Hi	2786	2015	2025	2026-07-29
A.Pol.Dut	14	9	4	1	90487	Telljohann, S.	2407	1998	2017	2026-07-29
A.Pol.Bug	30	13	10	7	98664	Morovic Fernandez, Ivan	2560	1994	2013	2026-07-29
A.Pol.Bal	25	7	10	8	151894	Larsen, Bent	2630	1974	2013	2026-07-29
A.Bir.Hob	5	3	1	1	61515	Nielsen, Peter Heine	2628	1990	2009	2026-07-29
A.Bir.Hor	41	18	9	14	44678	Vachier Lagrave, M.	2793	2018	2022	2026-07-29
A.Bir.Muj	7	1	4	2	23011	Evdokimov, Alexander A	2553	2011	2025	2026-07-29
A.Bir.Wil	1	1	0	0	276699	Taylor, Terry J	2329	2013	2013	2026-07-29
D.QPG.Lev.Wel	3	1	1	1	22528	Skripchenko, Almira	2456	1996	2020	2026-07-29
D.QPG.Lon.Stn	2084	482	1051	551	2078902	Carlsen, M.	2832	2016	2017	2026-07-29
D.QPG.Chi.Alb	264	77	99	88	583845	Aronian, L.	2785	2014	2022	2026-07-29
D.QPG.Chi.Iri	75	21	31	23	300264	Duda, J.	2760	2016	2022	2026-07-29
D.QPG.Zur	1	1	0	0	8532	Mamedyarov, Shakhriyar	2542	2002	2002	2026-07-29
D.QPG.Tor.Gos	1050	251	456	343	420508	Kramnik, Vladimir	2812	2016	2018	2026-07-29
D.Bgm.Acc.Gun	23	6	8	9	70757	Duliba, Dr. Edward P	2516	1997	2014	2026-07-29
D.Bgm.Acc.Zie	29	4	16	9	232401	Gareev, T.	2617	2007	2017	2026-07-29
D.Bgm.Dec.Elb	3	0	1	2	48375	Mellado Trivino, J.	2410	2004	2017	2026-07-29
D.Bgm.Dec.Lam	1	1	0	0	46483	Meszaros, Gyula	2305	1998	1998	2026-07-29
D.Chi.Tar	112	62	25	25	76738	Sargissian, Gabriel	2660	1996	2017	2026-07-29
D.Chi.Jan.Mod	699	320	240	139	164892	Carlsen, Magnus	2801	2000	2019	2026-07-29
D.Sla.Qui.Pin	4408	1337	2256	815	740066	Carlsen, M.	2864	2015	2022	2026-07-29
D.Sla.Exc.Sym	3079	410	2312	357	233644	Carlsen, M.	2851	2016	2020	2026-07-29
D.Sla.Che.Bf5	1488	518	691	279	104448	Carlsen, M.	2881	2011	2017	2026-07-29
D.Sem.Not.Abr	24	12	7	5	15859	Ivanchuk, Vassily	2715	2004	2010	2026-07-29
D.Sem.Bg5.Mos.Hst	609	180	320	109	4070	Aronian, L.	2805	2014	2017	2026-07-29
B.Sca.MLn	15038	5676	5772	3590	24188070	Carlsen, M.	2877	2014	2019	2026-07-29
B.Sca.Mod.Mie	6036	2328	2318	1390	4313200	Carlsen, M.	2847	2019	2024	2026-07-29
B.Sca.Nf6	6939	2848	2393	1698	17841577	Carlsen, M.	2840	2010	2019	2026-07-29
B.Sca.Nf6.Mar	2497	1018	874	605	2365306	Leko, Peter	2749	1994	2012	2026-07-29
B.Fre.Win.Arm	1766	646	700	420	135865	Mamedyarov, S.	2809	2018	2018	2026-07-29
B.Fre.Tar.Gui	3043	1270	999	774	380300	Kasparov, Garry	2825	1998	2014	2026-07-29
B.Fre.Adv.Nim	1783	649	627	507	400688	Vachier Lagrave, M.	2781	2004	2022	2026-07-29
B.CaK.Adv.Bot	7015	2392	3180	1443	3699873	Carlsen, M..	2862	2017	2023	2026-07-29
B.Pir.Aus.Drg	4809	1761	1750	1298	1070989	Aronian, Levon	2813	2010	2013	2026-07-29
C.Ita.Evn.Acc.Stn	889	190	480	219	892931	Carlsen, M.	2830	2014	2024	2026-07-29
C.Bsh.Ber	7755	2586	3458	1711	7477516	Carlsen, M.	2877	2014	2022	2026-07-29
C.Bsh.Cal	12	6	3	3	280177	Bologan, Viktor	2665	2008	2011	2026-07-29
C.Pet.Thr.Fou	17100	4553	8614	3933	9668261	Carlsen, M.	2872	2014	2025	2026-07-29
E.QID.Nim.NAt	2635	682	1407	546	24996	Carlsen, Magnus	2826	2008	2021	2026-07-29
E.QID.Nim.Qui	12404	2615	7796	1993	94525	Carlsen, M.	2881	2008	2014	2026-07-29
E.QID.Cls.Krm	2151	753	1103	295	22686	Carlsen, M.	2853	2008	2019	2026-07-29
E.Gru.Neo.Exc	208	77	100	31	18629	Kasparov, Garry	2812	2009	2015	2026-07-29
E.Bog.Grn	9098	3450	3732	1916	356866	Carlsen, M.	2882	2016	2019	2026-07-29
A.Ama.Par	1	0	0	1	6113	Laurusas, T.	2541	2025	2025	2026-07-29
A.And.Pol	0	0	0	0	2538					2026-07-29
A.Clm.Spk	0	0	0	0	720					2026-07-29
A.Kad.Beg	0	0	0	0	6023					2026-07-29
A.Kad.Koo	0	0	0	0	8650					2026-07-29
A.Kad.Sch	0	0	0	0	1224					2026-07-29
A.Mie.ReR	122	36	36	50	1141939	So, W.	2780	2012	2019	2026-07-29
A.Mie.Ven	0	0	0	0	1465					2026-07-29
A.Lar.Mod	4022	1221	1641	1160	2777062	Carlsen, M..	2847	2016	2024	2026-07-29
A.Lon.Psn	136	41	54	41	47616	Carlsen, Magnus	2863	2020	2024	2026-07-29
A.Tor.Nim	2388	629	911	848	165312	Carlsen, M.	2840	2016	2018	2026-07-29
A.Pol.Out	807	111	511	185	604648	Carlsen, M..	2847	2013	2021	2026-07-29
B.Sic.Ros.Cls	19334	6637	8772	3925	2218208	Carlsen, M.	2875	2015	2020	2026-07-29
B.Sic.Ros.Nim	9672	3083	4149	2440	1439160	Carlsen, M.	2882	2013	2020	2026-07-29
B.Sic.Alp.Nf6	16908	4450	7840	4618	2231764	Carlsen, M..	2862	2020	2025	2026-07-29
B.Sic.Alp.Cen	12578	3577	5598	3403	3235084	Carlsen, M..	2862	2020	2024	2026-07-29
B.Sic.SmM.Acc	1528	353	625	550	6513818	Kamsky, Gata	2705	1992	2014	2026-07-29
B.Sic.SmM.Dec	698	173	262	263	927009	Nakamura, Hi	2788	1992	2023	2026-07-29
B.Sic.OKe.MLn	254	52	76	126	532828	Kasparov, Garry	2795	1989	2016	2026-07-29
B.CaK.Pmv.Fch	2076	653	891	532	315672	Carlsen, Magnus	2863	2002	2023	2026-07-29
B.CaK.Pmv.Nc6	4023	1124	1969	930	1144622	Carlsen, M.	2856	2008	2023	2026-07-29
B.Ale.Fou.Trd	665	256	257	152	553993	Grischuk, Alexander	2748	2002	2012	2026-07-29
B.Pir.Aus.Unz	6	2	3	1	117219	Bakhmatov, Eduard	2368	1974	2005	2026-07-29
B.Fre.Exc.Mon	1367	453	563	351	2749341	Vitiugov, Nikita	2734	2013	2017	2026-07-29
C.RyL.Ber.Cls	192	71	95	26	172655	Ivanchuk, Vassily	2700	1994	2000	2026-07-29
C.RyL.Mor.Ark.Ctr	640	225	259	156	24137	Etaoin Shrdlu	2727	1992	2020	2026-07-29
C.Ita.Pia.Nf6	11900	3506	5752	2642	4906725	Carlsen, M..	2862	2021	2025	2026-07-29
C.Ita.Pia.Wai	16	3	10	3	26706	Firouzja, Alireza	2763	1988	2024	2026-07-29
C.Sco.Cls.Sch	2456	728	1153	575	927374	Carlsen, Magnus	2835	2012	2016	2026-07-29
C.Sco.Mie.Ste	6187	1180	3792	1215	1563478	Carlsen, M.	2872	2014	2021	2026-07-29
C.Pet.Mod.Stn	453	187	217	49	132202	Kasparov, Garry	2800	1990	2019	2026-07-29
C.PhD.Exc	3451	1334	1227	890	4671232	Carlsen, Magnus	2863	2012	2020	2026-07-29
C.Bsh.Urs.Kei	90	24	47	19	114999	Webb, Simon	2682	1997	2014	2026-07-29
C.KGm.Dec.Cls	461	165	137	159	753072	Short, Nigel D	2682	2000	2018	2026-07-29
D.QGA.Cen.McD	2565	780	1401	384	491427	Kasparov, Garry	2812	1999	2022	2026-07-29
D.QGA.Cen.Gre	492	152	233	107	277585	Aronian, L.	2785	2014	2022	2026-07-29
D.QGA.Cen.Mod	914	362	313	239	201562	Anand, V.	2785	2014	2024	2026-07-29
D.QGA.Cls.Rub	2091	603	1073	415	78340	Carlsen, M.	2856	1999	2021	2026-07-29
D.QGA.Cls.Ale	1276	384	570	322	25415	Mamedyarov, S.	2791	2017	2022	2026-07-29
D.Sem.Mar	2452	844	1085	523	896518	Carlsen, Magnus	2870	2013	2022	2026-07-29
D.Sem.Mar.MLn	1589	538	722	329	68552	Carlsen, M.	2864	2012	2024	2026-07-29
D.Sem.Bg5.Bot.MLn	3771	1229	1880	662	149019	Aronian, L.	2801	2012	2014	2026-07-29
D.STa.End	506	46	444	16	3312	Carlsen, M.	2864	2020	2023	2026-07-29
D.QGD.Rag.Bg5	7126	1414	4670	1042	1278671	Carlsen, M.	2882	2014	2020	2026-07-29
E.Nim.Kas.Euw	9	1	4	4	3199	Sokolov, Andrei	2595	1971	2003	2026-07-29
E.Nim.Sml.OKe	143	31	54	58	11898	Firouzja, Alireza	2759	2021	2025	2026-07-29
E.QID.Mod.Brg	59	24	27	8	669	Topalov, Veselin	2768	2011	2013	2026-07-29
E.QID.Cls.Tiv	444	121	198	125	7384	Carlsen, M.	2853	2007	2019	2026-07-29
E.KID.Cls.Kor	7088	2562	2894	1632	366122	Nakamura, Hi	2814	2010	2017	2026-07-29
E.OldI.Fch	999	410	323	266	45468	Aronian, L.	2785	2013	2023	2026-07-29
E.Ben.Old.Adv	6695	3046	1971	1678	7737237	Caruana, F.	2822	2010	2018	2026-07-29
E.Ben.Old.Sch	53	17	20	16	64375	Melkumyan, H.	2625	1979	2014	2026-07-29
E.Ben.Old.Sna	0	0	0	0	4910					2026-07-29
E.Ben.Old.Zil	0	0	0	0	971					2026-07-29
E.Ben.Mod.Snk	631	244	177	210	82064	Gashimov, Vugar	2758	2009	2016	2026-07-29
E.Ben.Mod.Tai	1950	942	543	465	125736	Grischuk, A..	2777	2002	2024	2026-07-29
A.Hol.Rap	3278	1284	1128	866	914297	Carlsen, M.	2855	2013	2020	2026-07-29
A.Hol.Kre	132	44	32	56	111136	Malaniuk, Vladimir P	2585	1985	2018	2026-07-29
A.Hol.Alp	137	48	40	49	46068	Navara, D.	2720	2008	2018	2026-07-29
A.Eng.Sym.Rub	4613	1329	2316	968	279105	Carlsen, Magnus	2872	2013	2018	2026-07-29
B.Sic.Dra.Yug.Sol	3604	1442	1340	822	401718	Kasparov, Garry	2795	1995	2008	2026-07-29
B.Sic.Dra.Yug.Chn	1869	722	753	394	223057	Ivanchuk, Vassily	2781	2008	2009	2026-07-29
B.Sic.Cls.Soz	8387	2761	2799	2827	719932	Kasparov, Garry	2795	1995	2020	2026-07-29
B.Sic.Cls.Bol	2531	733	961	837	146633	Carlsen, M.	2853	1994	2023	2026-07-29
B.Sic.Kan.Tal	1305	460	524	321	147583	Carlsen, M.	2863	2014	2018	2026-07-29
B.Sic.Kan.Koc	1922	658	762	502	104559	Topalov, Veselin	2796	1997	2009	2026-07-29
B.CaK.Cls.Spd	10206	2798	5134	2274	1184492	Carlsen, Magnus	2870	2003	2021	2026-07-29
B.CaK.Kar.Sml	2231	551	1249	431	780149	Carlsen, M.	2853	1997	2023	2026-07-29
B.Ale.Mod.KID	2363	939	939	485	270541	Fischer, Robert James	2785	1972	2020	2026-07-29
B.Pir.150.Arg	2580	1134	840	606	191457	Carlsen, M.	2861	2003	2022	2026-07-29
C.RyL.Ber.Wal	8879	1518	6263	1098	224369	Carlsen, M.	2881	2014	2015	2026-07-29
C.RyL.Mor.Ark.Qe2	26	9	10	7	1212	Panchanathan, Magesh Chandran	2578	1985	2019	2026-07-29
C.RyL.Mor.NeA.Ctr	1772	505	914	353	224636	Carlsen, M.	2872	2001	2021	2026-07-29
C.Ita.Evn.Acc.Mor	209	39	110	60	369900	Vachier Lagrave, M.	2774	2000	2019	2026-07-29
C.Ita.Two.Ng5.Nxd	72	23	40	9	583485	Carlsen, M.	2832	2014	2024	2026-07-29
C.Sco.Gor.Nc3	115	29	46	40	526728	Smejkal, Jan	2575	1977	2024	2026-07-29
C.Sco.Gbt.Max	122	31	29	62	367125	Kramnik, V.	2808	1997	2021	2026-07-29
C.Vie.Gbt.Pie	52	7	32	13	434931	Ragger, M.	2687	1974	2021	2026-07-29
C.Pet.Coc.Kin	130	47	37	46	118905	Carlsen, M.	2882	2002	2019	2026-07-29
C.KGm.Acc.Muz.Dbl	41	13	7	21	263101	Nakamura, Hikaru	2741	2002	2019	2026-07-29
D.QGA.Jan.Fur	102	38	38	26	9569	Salov, Valery	2665	1993	2019	2026-07-29
D.QGA.Man.MLn	212	86	81	45	6795	Carlsen, M.	2839	2018	2025	2026-07-29
D.QGD.Cmb.Yug	176	69	78	29	30183	Carlsen, M.	2832	2017	2025	2026-07-29
D.QGD.Lsk.MLn	0	0	0	0	233					2026-07-29
D.QGD.Tar.Mak	67	24	34	9	66696	Lenic, L.	2630	1971	2013	2026-07-29
D.Sem.AMe.Bd3	0	0	0	0	34					2026-07-29
D.Sem.Not.Ant	0	0	0	0	588					2026-07-29
D.Sla.Cze.Kra	6632	2349	3119	1164	158640	Kasparov, Garry	2851	2000	2020	2026-07-29
D.Cat.Cls.Qc2.Btr	870	366	368	136	31122	Anand, Viswanathan	2762	2000	2022	2026-07-29
D.Cat.Ope.Bb4.Mod	10	6	4	0	16000	Nakamura, Hikaru	2647	1973	2007	2026-07-29
E.Nim.Cls.Zur.Mil	1154	413	455	286	45780	Ivanchuk, Vassily	2779	2006	2014	2026-07-29
E.Nim.Rub.Hub.MLn	1067	317	419	331	14074	Fischer, Robert James	2785	1972	2023	2026-07-29
E.Nim.Sml.Bot.MLn	139	45	59	35	24940	Nakamura, Hi	2775	1995	2022	2026-07-29
E.QID.Nim.Tim	904	287	450	167	3285	Kramnik, Vladimir	2809	2002	2014	2026-07-29
E.QID.Nim.Int	8978	1698	6037	1243	61425	Aronian, Levon	2816	2008	2014	2026-07-29
E.KID.Mak.Krs	7	3	1	3	12987	Ilincic, Zlatko	2565	1995	2019	2026-07-29
E.KID.Cls.Byn.Nd2	34	15	9	10	1511	Anand, Viswanathan	2765	1975	1997	2026-07-29
E.KID.Fou.MLn	2140	791	746	603	405880	Grischuk, Alexander	2777	1989	2020	2026-07-29
E.Blf.Acc.MLn	594	272	157	165	28387	Mamedyarov, S..	2770	2006	2021	2026-07-29
E.OldI.Cls.Cze	1727	764	602	361	102997	Giri, A.	2776	2003	2021	2026-07-29
A.OID	6499	1961	2296	2242	6517004	Aronian, L.	2815	2014	2017	2026-07-29
A.OID.Wad	4889	1781	1831	1277	331963	Carlsen, M.	2881	1992	2016	2026-07-29
A.OID.Nf6	10384	4016	3651	2717	5058164	Carlsen, M.	2832	1995	2024	2026-07-29
A.Mod	11522	4389	3794	3339	7149868	Carlsen, M.	2862	2015	2021	2026-07-29
A.Mod.Avk	9259	3596	3188	2475	3191527	Carlsen, M.	2837	2016	2025	2026-07-29
A.Mod.Ran	52	23	19	10	48744	Gurevich, Mikhail	2641	1980	2002	2026-07-29
A.Mod.Pte	0	0	0	0	6875					2026-07-29
A.PQI	3063	926	1188	949	730737	Carlsen, M.	2877	2014	2021	2026-07-29
A.PQI.Bf4	439	102	143	194	259909	Carlsen, M.	2832	2017	2018	2026-07-29
A.PQI.Fch	837	212	362	263	188904	Mamedyarov, S.	2799	2016	2019	2026-07-29
A.PQI.Tor	310	91	124	95	71541	Mamedyarov, S.	2804	1997	2019	2026-07-29
A.EID	54756	18463	22155	14138	10971983	Carlsen, M.	2881	2014	2020	2026-07-29
A.EID.Fch	11356	3688	4746	2922	1655360	Carlsen, M.	2881	2014	2017	2026-07-29
A.EID.Prz	9558	3313	3771	2474	1716974	Kasparov, G.	2812	2017	2018	2026-07-29
A.EID.Col	127	32	32	63	590851	Wojtkiewicz, Aleksander	2570	1986	2023	2026-07-29
E.Ind	456632	145209	211685	99738	64669332	Carlsen, M.	2882	2019	2020	2026-07-29
E.Ind.Tgo	2041	788	673	580	489496	Caruana, F.	2817	2012	2017	2026-07-29
E.Ind.Tgo.Nf3	1820	712	622	486	291217	Caruana, F.	2817	2012	2017	2026-07-29
E.Ind.QID	1822	654	568	600	539953	Carlsen, M.	2882	2014	2023	2026-07-29
E.Bud	3396	1503	1205	688	5554433	Aronian, Levon	2809	2008	2018	2026-07-29
E.Bud.Faj	430	225	137	68	471832	Kasimdzhanov, Rustam	2690	1994	2003	2026-07-29
E.Bud.Faj.Bns	32	22	8	2	16842	Romero Holmes, Alfonso	2544	1991	2023	2026-07-29
E.Bud.Faj.Ste	23	9	5	9	12047	Vaisser, Anatoli	2565	1987	2004	2026-07-29
E.Bud.Adl	942	382	330	230	1538295	Aronian, Levon	2809	2008	2018	2026-07-29
E.Bud.Rub	1351	586	545	220	716075	Mamedyarov, S.	2767	2008	2022	2026-07-29
E.Bud.Alk	231	108	67	56	249752	Shirov, Alexei	2751	2000	2024	2026-07-29
D.QGD.Mar	357	172	148	37	10767520	Ivanchuk, Vassily	2771	1991	2022	2026-07-29
D.QGD.Mar.Exc	120	75	37	8	1987121	Schön, Wolfram	2663	1973	2009	2026-07-29
D.QGD.Mar.e4	78	51	22	5	1379884	Schön, Wolfram	2663	1997	2009	2026-07-29
D.QGD.Bal	1072	470	396	206	1934396	Vitiugov, Nikita	2734	1993	2018	2026-07-29
D.QGD.Bal.Que	59	27	19	13	67794	Sokolov, Andrei	2605	1989	1996	2026-07-29
D.QGD.Bal.Nc3	406	158	153	95	775684	Vitiugov, Nikita	2734	1991	2013	2026-07-29
A.Tro.Cls	5696	1896	2088	1712	1589476	Carlsen, M.	2864	2011	2022	2026-07-29
A.Tro.Rap	6810	2572	2370	1868	1528596	Grischuk, A.	2783	2013	2020	2026-07-29
A.Tro.Psn	396	175	90	131	64106	Nakamura, Hi	2746	2010	2018	2026-07-29
A.Tor.ClD	568	206	226	136	537996	Dominguez Perez, L.	2758	1983	2019	2026-07-29
A.Tor.Yus	2303	661	998	644	149385	Carlsen, M.	2853	2005	2016	2026-07-29
A.Col.Kol	688	134	349	205	604794	Carlsen, M.	2840	2017	2024	2026-07-29
A.Col.Zuk	1393	427	637	329	330837	Carlsen, M.	2853	2016	2021	2026-07-29
A.Col.Phn	69	3	51	15	17562	Carlsen, M.	2840	2009	2024	2026-07-29
A.Lon.Cls	3815	1260	1740	815	7011040	Carlsen, M.	2882	2017	2021	2026-07-29
A.Lon.Msn	5128	1327	2547	1254	1650871	Carlsen, Magnus	2863	2019	2023	2026-07-29
A.Lon.Job.Nc6	0	0	0	0	290999					2026-07-29
A.Ret.KIA	5340	2186	2141	1013	594008	Carlsen, Magnus	2863	2016	2020	2026-07-29
A.Ret.Nim	2878	953	1228	697	678740	Carlsen, M.	2857	2016	2025	2026-07-29
A.Ret.Eng	18780	6487	8548	3745	1228217	Carlsen, M.	2882	2013	2019	2026-07-29
A.KIA.Sic	2170	724	730	716	508983	Ivanchuk, V.	2747	2001	2023	2026-07-29
A.KIA.Car	2222	715	864	643	985565	Carlsen, M.	2832	2008	2017	2026-07-29
D.QPG.Zuk.Col	3051	946	1444	661	3656240	Carlsen, M.	2853	2016	2017	2026-07-29
D.QPG.Ver	4018	1102	1466	1450	1617063	Kramnik, Vladimir	2803	2011	2018	2026-07-29
C.RyL.Cls.Smy	767	254	366	147	56123	Caruana, F.	2792	2002	2021	2026-07-29
C.RyL.Cls.Kho	990	353	432	205	7129	Kasparov, Garry	2800	1990	1990	2026-07-29
C.RyL.Cls.Cen	4050	1407	1752	891	185542	Carlsen, M..	2847	2015	2021	2026-07-29
C.RyL.Brk.Qui	355	108	180	67	11358	Carlsen, M.	2832	2016	2024	2026-07-29
C.RyL.Brk.MLn	623	151	376	96	6380	Caruana, F.	2828	2003	2019	2026-07-29
C.RyL.Brk.Nh4	24	9	13	2	462	Spassky, Boris V	2690	1971	2015	2026-07-29
C.RyL.Brk.ZHy	10	4	6	0	2385	Maiorov, Nikita	2495	2000	2020	2026-07-29
C.RyL.Zai.MLn	5952	1521	3754	677	25254	Carlsen, M.	2881	2008	2016	2026-07-29
C.RyL.Zai.Flo	374	119	197	58	3096	Ivanchuk, Vassily	2787	2007	2010	2026-07-29
C.RyL.Zai.SmB	1648	356	1153	139	2686	Carlsen, M.	2881	2009	2015	2026-07-29
C.RyL.Cha.MLn	9589	3431	4568	1590	336730	Kasparov, Garry	2838	2002	2015	2026-07-29
C.RyL.Cha.Gaj	282	103	111	68	3071	Leko, Peter	2755	2007	2008	2026-07-29
C.RyL.Cha.Ker	1921	647	863	411	21975	Kasparov, Garry	2838	2002	2012	2026-07-29
C.RyL.Cha.Ros	7	1	5	1	800	Lombardy, William James	2555	1972	1984	2026-07-29
C.RyL.Cha.Pan	3493	1204	1817	472	33899	Anand, Viswanathan	2817	2004	2011	2026-07-29
C.RyL.Cha.Yug	7	2	4	1	130	Hjartarson, J.	2566	1985	2015	2026-07-29
B.Sic.Cls.Rch.MLn	2832	1067	1119	646	40983	Carlsen, M..	2847	1995	2021	2026-07-29
B.Sic.Cls.Rch.Lip	1730	635	764	331	24799	Carlsen, M..	2847	1995	2021	2026-07-29
B.Sic.Cls.Rch.Psn	686	251	265	170	3642	Anand, Viswanathan	2769	1999	2022	2026-07-29
B.Sic.Cls.Rch.Drg	260	103	97	60	65634	Firouzja, Alireza	2804	2021	2023	2026-07-29
B.Sic.Cls.Rch.Bc4	16	4	5	7	58281	Aryan, C.	2629	1974	2022	2026-07-29
B.Sic.Cls.Soz.Vel	1305	492	378	435	21111	Kasparov, Garry	2825	1998	2018	2026-07-29
B.Sic.Cls.Soz.Fis	2	1	1	0	2786	Hausner, Ivan	2400	1985	1997	2026-07-29
B.Sic.Cls.Bol.MLn	670	143	251	276	33110	Duda, J.	2758	2019	2023	2026-07-29
B.Sic.Dra.Cls.Nrm	720	195	272	253	29852	Alekseev, Evgeny	2715	1976	2013	2026-07-29
B.Sic.Dra.Cls.Ams	73	18	30	25	8807	Nakamura, Hikaru	2760	1997	2012	2026-07-29
E.Ben.Mod.Cls.MLn	1273	470	422	381	138834	Caruana, Fabiano	2835	1994	2020	2026-07-29
E.Ben.Mod.Cls.Nd2	1526	686	493	347	56461	Carlsen, M.	2864	2001	2022	2026-07-29
E.Ben.Mod.Cls.Bg5	61	28	16	17	22933	Ding Liren	2749	2015	2022	2026-07-29
E.Ben.Mod.Cls.Rb1	0	0	0	0	119					2026-07-29
E.Ben.Mod.Cls.h3	24	10	6	8	33059	Alburt, Lev O	2565	1990	2017	2026-07-29
E.Ben.Mod.Fch.MLn	5115	1641	1954	1520	171193	Kramnik, Vladimir	2810	2010	2014	2026-07-29
E.Ben.Mod.Fch.Nd2	57	17	21	19	3841	Ragger, M.	2658	2007	2015	2026-07-29
E.Ben.Mod.Fch.Bf4	18	3	12	3	1196	Keevil, Paul	2471	2023	2025	2026-07-29
E.Ben.Mod.Fou.MLn	273	85	86	102	112614	Radjabov, Teimour	2757	2009	2012	2026-07-29
D.QGD.Vie.Fur	2655	730	1515	410	176156	Carlsen, M.	2882	2019	2019	2026-07-29
D.QGD.Vie.Que	201	80	80	41	4117	Kasparov, Garry	2815	1993	2022	2026-07-29
D.QGD.Vie.MLn	2945	678	1797	470	86132	Carlsen, M.	2882	2019	2019	2026-07-29
D.QGD.Vie.Qa4	0	0	0	0	344					2026-07-29
D.QGD.Ort.MLn	324	134	163	27	355409	Gelfand, Boris	2741	1995	2010	2026-07-29
D.QGD.Ort.Pil	0	0	0	0	2598					2026-07-29
D.QGD.Ort.Te7	206	71	106	29	49501	Mamedyarov, Shakhriyar	2752	2002	2016	2026-07-29
D.QGD.Ort.Hne	611	193	373	45	21403	Topalov, Veselin	2750	1984	2004	2026-07-29
D.Sla.Cls.MLn	5504	1693	2731	1080	234042	Caruana, Fabiano	2835	2008	2020	2026-07-29
D.Sem.Mer.MLn	1883	622	816	445	23598	Ding Liren	2812	1999	2019	2026-07-29
E.KID.Sml.Ort.MLn	703	294	233	176	27744	Kasparov, Garry	2805	1992	1996	2026-07-29
E.KID.Sml.Ort.d5	1309	570	424	315	280979	Kasparov, Garry	2800	1990	2012	2026-07-29
E.KID.Sml.Ort.Exc	24	1	13	10	14937	Kotronias, Vasilios	2590	1976	1998	2026-07-29
E.KID.Fch.Yug.MLn	2230	781	975	474	230098	Carlsen, M.	2853	2013	2025	2026-07-29
E.KID.Fch.Yug.Exc	245	113	88	44	223893	Grandelius, N.	2691	1982	2021	2026-07-29
A.Hol.Lng.MLn	7220	2348	3289	1583	259961	Caruana, Fabiano	2835	2012	2020	2026-07-29
A.Hol.Lng.War	4041	1091	2099	851	191142	Caruana, Fabiano	2835	2012	2020	2026-07-29
A.Hol.Lng.Mat	1852	723	624	505	124414	Aronian, Levon	2808	2011	2017	2026-07-29
A.Hol.Cls.IZh.Win	175	69	66	40	15535	Harikrishna, P.	2726	2014	2019	2026-07-29
A.Hol.Cls.IZh.Ala	124	50	43	31	11830	Malakhov, Vladimir	2690	2005	2016	2026-07-29
A.Ver.Cls	423	142	157	124	637407	Rapport, R.	2735	1995	2019	2026-07-29
A.Ver.Ric	551	188	177	186	246803	Nakamura, Hikaru	2784	1982	2013	2026-07-29
A.Mik.Eng	266	104	72	90	522168	Harikrishna, P.	2743	1999	2015	2026-07-29
A.Hor.Ker	23239	7997	10329	4913	1689822	Carlsen, Magnus	2872	2013	2017	2026-07-29
A.Egl.Cha	14	10	3	1	2763930	Goganov, A.	2564	1985	2019	2026-07-29
B.Fre.Tar.Cls.MLn	12028	5022	4185	2821	2520029	Carlsen, Magnus	2802	2010	2016	2026-07-29
B.Fre.Tar.Cls.Be7	67	40	10	17	42312	Nakamura, Hikaru	2741	1995	2020	2026-07-29
B.Fre.Tar.Cls.c5	1881	796	563	522	405346	Ivanchuk, Vassily	2755	2007	2014	2026-07-29
B.Fre.Tar.Cls.Kor	722	312	254	156	404267	Rublevsky, Sergei	2650	1997	2010	2026-07-29
B.Sic.Clo.Fch.MLn	6484	1659	2616	2209	592313	Carlsen, M.	2877	1999	2014	2026-07-29
B.Sic.Clo.Fch.Bot	2698	712	1070	916	195508	Kasparov, Garry	2827	2001	2025	2026-07-29
B.Sic.Clo.Fch.Eng	2928	776	1130	1022	270757	Carlsen, M.	2877	1999	2014	2026-07-29
B.Nim.Col	150	65	42	43	669898	Movsesian, Sergei	2723	2010	2015	2026-07-29
B.OwM.Mat	8	6	1	1	73256	Svidler, Peter	2713	1985	2006	2026-07-29
B.Pir.Aus.Byr	184	60	61	63	283212	Gurevich, Mikhail	2640	1974	1994	2026-07-29
C.KGm.Acc.Kie.Lon	138	34	67	37	86709	Anand, Viswanathan	2790	1997	2001	2026-07-29
C.KGm.Acc.Bsh.Ble	2	1	0	1	13827	Bartel, Mateusz	2453	2003	2009	2026-07-29
C.LtO.Gre	193	142	30	21	336819	Sokolov, Ivan	2630	1988	1999	2026-07-29
C.Ele.Pau	69	30	16	23	1883261	Movsesian, Sergei	2721	2010	2021	2026-07-29
C.Pon.Ste	507	139	193	175	524490	Karjakin, Sergey	2783	2012	2019	2026-07-29
C.Cen.Ber	631	181	220	230	494405	Ding Liren	2811	2017	2019	2026-07-29
C.Thr.Win	18	11	3	4	259702	Ninov, Nikolai	2506	1981	2016	2026-07-29
C.PhD.Nim	7362	2742	2799	1821	231428	Carlsen, Magnus	2868	2013	2025	2026-07-29
C.Bsh.Lew	1	0	1	0	972	Markovich, Mikhail Zinovievich	2323	2012	2012	2026-07-29
C.Sco.Mie.Pot	0	0	0	0	15584					2026-07-29
D.Alb.Las	2	0	0	2	122589	Raetsky, Alexander	2510	1973	1995	2026-07-29
D.Alb.Nrm	1187	522	381	284	1203957	Mamedyarov, S.	2809	2012	2018	2026-07-29
D.Bgm.Acc.Ryd	4	0	1	3	461868	Kireev, Sergey	2355	1999	2020	2026-07-29
D.Rub.Col	67	31	24	12	20597	Anand, Viswanathan	2803	2006	2025	2026-07-29
D.QGD.Rag.Vie	1273	243	776	254	98569	Carlsen, M.	2882	2019	2021	2026-07-29
D.QGD.Tar.MLn	148	59	59	30	107663	Bacrot, E.	2696	2007	2020	2026-07-29
D.QGD.Lsk.Te7	0	0	0	0	1895					2026-07-29
D.Sla.Exc.MLn	4260	1104	2433	723	481680	Carlsen, M.	2881	2012	2022	2026-07-29
D.Sla.Che.MLn	3486	1160	1635	691	85094	Aronian, L.	2805	2009	2014	2026-07-29
D.Sem.Bg5.Bot.Ekf	196	70	67	59	20862	Anand, Viswanathan	2715	1994	2013	2026-07-29
E.Gru.Rus.Hng	4813	1319	2705	789	109351	Carlsen, M.	2882	2014	2020	2026-07-29
E.Gru.Rus.Leo	194	83	73	38	24155	Mamedyarov, Shakhriyar	2760	2008	2022	2026-07-29
E.Gru.Fch.MLn	368	126	129	113	561016	Carlsen, M.	2864	2022	2024	2026-07-29
E.Gru.Neo.Kem	17	8	8	1	1300	Areshchenko, Alexander	2664	1999	2012	2026-07-29
E.Nim.Lng.MLn	459	123	195	141	6484	Ponomariov, Ruslan	2764	2005	2012	2026-07-29
E.Nim.Rub.Hub.Rau	400	113	167	120	1899	Fischer, Robert James	2785	1972	2023	2026-07-29
E.KID.Cls.Mar.MLn	6120	2142	2587	1391	192103	Nakamura, Hi	2814	2010	2017	2026-07-29
E.KID.Cls.Pet.MLn	3656	1319	1395	942	226146	Kasparov, Garry	2815	1994	2025	2026-07-29
E.KID.Fch.Pan.MLn	1286	431	526	329	32595	Aronian, L.	2812	2004	2014	2026-07-29
E.KID.Avk.Fle.MLn	453	242	123	88	40252	Yu Yangyi	2765	1975	2018	2026-07-29
A.Lar.Cls	776	273	304	199	859574	Carlsen, M.	2864	2014	2022	2026-07-29
A.Lar.Fch	1788	520	791	477	548442	Caruana, F.	2823	2016	2017	2026-07-29
A.Owe.Fch	552	154	176	222	1613825	Caruana, F.	2828	1998	2019	2026-07-29
A.War.Mad	0	0	0	0	19154					2026-07-29
A.VtK.FrD	30	6	17	7	1012186	Fier, A.	2589	1971	2022	2026-07-29
A.VtK.Sic	80	27	24	29	1325378	Fridman, Daniel	2661	2007	2011	2026-07-29
A.Sod.Dur	1	0	0	1	3236	Barlov, D.	2425	2017	2017	2026-07-29
A.Mik.Ker	211	75	60	76	352604	Harikrishna, P.	2743	1999	2015	2026-07-29
A.Hor.Fch	76577	25618	36121	14838	31984689	Carlsen, M.	2876	2015	2019	2026-07-29
A.Kan.MLn	763	234	283	246	150575	Praggnanandhaa, R.	2779	1994	2025	2026-07-29
A.Kan.Nf3	8075	2563	3644	1868	1651301	Carlsen, M.	2882	2014	2019	2026-07-29
A.Egl.Har	57	33	14	10	2755939	Dubov, Daniil	2699	2008	2019	2026-07-29
A.OID.Mod	1337	498	449	390	1332925	Caruana, F.	2773	1998	2023	2026-07-29
A.OID.Nf6.e4	49	15	19	15	22276	Demchenko, A.	2654	2022	2022	2026-07-29
A.Ver.Hub	227	69	62	96	158757	Sakaev, Konstantin	2677	2005	2018	2026-07-29
B.Brg.Gro	13	9	2	2	183325	Petrienko, Vladimir	2450	1986	1996	2026-07-29
B.StG.Bas	380	190	90	100	838207	Vachier Lagrave, M.	2795	1994	2019	2026-07-29
B.Lio.Han	716	306	276	134	77934	Rapport, R.	2762	1997	2022	2026-07-29
B.Rat.Sma	4	2	1	1	413801	Smith, Ax	2433	2002	2024	2026-07-29
B.Car.Ham	33	17	9	7	128882	Howell, D.	2689	2010	2020	2026-07-29
B.Gld.Pck	4	3	0	1	84329	Lugovskoy, M.	2474	1999	2018	2026-07-29
B.Hip.Ama	6	2	2	2	49039	Lerch, Patrice	2391	1989	2013	2026-07-29
B.War.Mat	0	0	0	0	47943					2026-07-29
B.Nim.ScD	1081	414	357	310	2048545	Carlsen, Magnus	2863	2018	2023	2026-07-29
B.OwM.Smi	1082	508	310	264	2006220	Carlsen, M..	2847	2015	2021	2026-07-29
C.Dam.Nim	3	3	0	0	15666	Demchenko, Anton	2465	1994	2020	2026-07-29
C.Dam.Ger	0	0	0	0	30260					2026-07-29
C.Ele.Nor	52	29	12	11	867811	Movsesian, Sergei	2721	2010	2021	2026-07-29
C.LtO.Bil	33	27	5	1	225884	Ruggeri Laderchi, Giorgio	2488	2025	2025	2026-07-29
C.Thr.Stn.MLn	498	198	161	139	51320	Mamedyarov, Shakhriyar	2753	2013	2022	2026-07-29
C.KGm.Dec.Fal.MLn	193	89	55	49	1275679	Rapport, R.	2736	1971	2019	2026-07-29
C.KGm.Acc.All.MLn	8	4	1	3	81409	Illescas Cordoba, Miguel	2475	1984	2021	2026-07-29
C.KGm.Acc.Muz.Coc	0	0	0	0	1155					2026-07-29
C.LtO.Acc.MLn	21	12	6	3	409348	Abdusattorov, Nodirbek	2594	1990	2023	2026-07-29
C.Ele.Pau.MLn	0	0	0	0	4520					2026-07-29
D.Alb.Las.MLn	2	0	0	2	111990	Raetsky, Alexander	2510	1973	1995	2026-07-29
D.Alb.Nrm.MLn	417	173	149	95	450475	Mamedyarov, S.	2809	2005	2018	2026-07-29
D.Bgm.Acc.Ryd.MLn	2	0	1	1	57467	Kireev, Sergey	2355	2006	2020	2026-07-29
D.Bgm.Dec.Lam.MLn	0	0	0	0	1563					2026-07-29
D.Rub.Col.MLn	44	21	12	11	19643	Rakhmanov, Ale	2676	2007	2025	2026-07-29
D.QGD.Jan.MLn	2109	674	931	504	520165	Carlsen, Magnus	2863	2017	2020	2026-07-29
D.QGD.Bal.MLn	308	103	123	82	578192	Ding Liren	2811	2012	2019	2026-07-29
D.Sla.Qui.MLn	9453	2634	5111	1708	1015446	Carlsen, M.	2881	2014	2020	2026-07-29
D.Sla.Sch.MLn	4814	1959	2175	680	544966	Carlsen, M.	2863	2008	2015	2026-07-29
D.QGD.Mar.MLn	50	37	11	2	731131	Schön, Wolfram	2663	1997	2007	2026-07-29
E.Ind.QID.MLn	787	247	291	249	301781	Carlsen, M.	2853	2014	2023	2026-07-29
E.Ind.Tgo.MLn	5	4	1	0	16937	Nyback, Tomi	2587	1993	2006	2026-07-29
E.Gru.Brn.MLn	1058	309	469	280	361804	Carlsen, Magnus	2872	2008	2020	2026-07-29
E.Nim.Rom.MLn	842	263	356	223	56432	Carlsen, M.	2861	2018	2025	2026-07-29
E.KID.Mak.MLn	8106	3207	3161	1738	1165010	Carlsen, Magnus	2863	2012	2020	2026-07-29
A.Eng.Sym.Hdg.MLn	157	21	89	47	14788	Ivanchuk, Vassily	2741	1992	2018	2026-07-29
A.Eng.Sym.Rub.MLn	63	14	38	11	15780	Kramnik, Vladimir	2775	1996	2019	2026-07-29
A.Eng.Rev.Fou.MLn	4169	796	2802	571	145608	Carlsen, M.	2875	2014	2019	2026-07-29
A.Eng.Rev.Bot.MLn	221	88	90	43	13906	Kasparov, Garry	2800	1990	2010	2026-07-29
A.Eng.Mik.MLn	1417	556	632	229	123655	Carlsen, M.	2861	2014	2021	2026-07-29
A.Ret.KIA.MLn	1187	560	392	235	234267	Carlsen, Magnus	2863	2017	2020	2026-07-29
A.Ret.Nim.MLn	403	143	174	86	335629	Nakamura, Hi	2802	2014	2024	2026-07-29
A.Lon.Cls.MLn	4191	1305	1879	1007	1359155	Carlsen, M.	2850	2015	2017	2026-07-29
A.Col.Kol.MLn	406	95	200	111	161325	Grachev, Boris	2693	1994	2012	2026-07-29
A.Pol.Cen.MLn	0	0	0	0	3568					2026-07-29
B.Sic.Naj.Eng.MLn	22119	4268	14965	2886	678133	Carlsen, Magnus	2863	2015	2020	2026-07-29
B.Sic.Naj.Pol.MLn	396	171	105	120	16287	Nakamura, Hikaru	2778	1980	2012	2026-07-29
B.Sic.Dra.Yug.Sol.MLn	2	2	0	0	7492	Kotronias, Vasilios	2599	2004	2007	2026-07-29
B.Sic.Dra.Cls.Nrm.MLn	0	0	0	0	37					2026-07-29
B.Sic.Acc.Mar.MLn	3785	1195	2007	583	120374	Carlsen, M..	2847	2007	2025	2026-07-29
B.Sic.Sch.Eng.MLn	6131	2077	2673	1381	627414	Carlsen, Magnus	2863	2000	2020	2026-07-29
B.Sic.Kan.Tal.MLn	450	150	178	122	70474	Kramnik, Vladimir	2777	2004	2007	2026-07-29
B.Sic.Ros.Nim.MLn	1660	542	729	389	122469	Carlsen, M..	2862	2002	2021	2026-07-29
B.Fre.Win.Psn.MLn	2414	953	967	494	172467	Carlsen, M.	2830	2009	2024	2026-07-29
B.CaK.Adv.Sht.MLn	712	256	311	145	99541	Carlsen, Magnus	2863	1999	2020	2026-07-29
C.RyL.Mar.MLn	5093	660	3923	510	370614	Carlsen, M.	2870	2015	2019	2026-07-29
C.RyL.Ber.Wal.End.MLn	0	0	0	0	392					2026-07-29
C.RyL.Mor.Opn.Rig.MLn	1	1	0	0	4478	Nygren, Kim	2295	2009	2009	2026-07-29
C.RyL.Exc.Alk.MLn	2	0	2	0	3628	Petrov, N.	2509	1971	2016	2026-07-29
C.Ita.Giu.Cls.MLn	710	103	416	191	551359	Aronian, L.	2812	2012	2021	2026-07-29
C.Ita.Evn.Dec.MLn	0	0	0	0	8903					2026-07-29
C.Ita.Pia.Nf6.MLn	9376	2248	5472	1656	887792	Carlsen, Magnus	2863	2016	2020	2026-07-29
C.Pet.Cls.MLn	2657	705	1692	260	131174	Kasparov, Garry	2838	2002	2022	2026-07-29
C.Pet.Mod.Stn.MLn	1	0	0	1	3033	Sygulski, Artur	2200	1981	1981	2026-07-29
C.Sco.Mie.Pot.MLn	0	0	0	0	0					2026-07-29
D.QGD.Ort.Rub.MLn	8	4	2	2	19890	Timman, Jan H	2650	1974	1984	2026-07-29
D.QGD.Ort.Cap.MLn	724	240	426	58	72702	Topalov, Veselin	2750	1984	2004	2026-07-29
D.QGD.Tar.Mak.MLn	1	1	0	0	2602	Lehnert, Ronald	2223	2005	2005	2026-07-29
D.QGD.Lsk.Te7.MLn	0	0	0	0	34					2026-07-29
D.Sla.Exc.MLn.e3	5257	1338	3036	883	494781	Carlsen, M.	2881	2011	2014	2026-07-29
D.Sla.Che.MLn.a4	0	0	0	0	155					2026-07-29
D.Sem.Mer.Rab.MLn	41	29	5	7	11765	Mamedyarov, Shakhriyar	2761	2000	2010	2026-07-29
D.Sem.Bg5.AMo.MLn	907	178	650	79	1792	Anand, Viswanathan	2817	2007	2011	2026-07-29
D.QGA.Cls.Rub.MLn	1864	540	946	378	59099	Kasparov, Garry	2849	1999	2008	2026-07-29
D.Cat.Ope.Yug.MLn	1	0	1	0	359	Rivas Maceda, Juan	2294	2017	2017	2026-07-29
E.Bog.Nim.MLn	571	167	268	136	62328	Karpov, Anatoly	2765	1995	2019	2026-07-29
E.Bog.WSm.MLn	2113	653	957	503	80601	Ivanchuk, Vassily	2775	2011	2022	2026-07-29
E.Bud.Adl.MLn	863	361	399	103	544039	Aronian, Levon	2809	1992	2014	2026-07-29
E.Bud.Rub.MLn	863	361	399	103	544039	Aronian, Levon	2809	1992	2014	2026-07-29
E.OldI.Cls.MLn	1452	644	507	301	72399	Giri, A.	2776	2003	2021	2026-07-29
E.OldI.Fch.MLn	541	221	199	121	25926	Grischuk, Alexander	2779	1991	2014	2026-07-29
E.Blf.Dec.MLn	0	0	0	0	0					2026-07-29
E.Blf.Spl.MLn	196	63	84	49	585	Erigaisi, Arjun	2801	2006	2025	2026-07-29
E.Nim.Rub.Tai.MLn	8	3	3	2	1490	Lalith, Babu MR	2565	2011	2013	2026-07-29
E.QID.Pet.Kas.MLn	627	244	204	179	2029	Kasparov, Garry	2795	1992	2001	2026-07-29
A.War.Cre	0	0	0	0	4715					2026-07-29
A.War.Mad.MLn	0	0	0	0	6564					2026-07-29
A.And.Cre	25	8	5	12	66812	Oll, Lembit	2615	1990	1994	2026-07-29
A.Clm.Glo	42	12	10	20	70616	Giri, A.	2768	1981	2021	2026-07-29
A.Ama.Par.MLn	0	0	0	0	552					2026-07-29
A.Sod.Dur.MLn	0	0	0	0	298					2026-07-29
A.Mie.ReR.MLn	125	34	46	45	289275	Nakamura, Hi	2786	2002	2018	2026-07-29
A.Mie.Ven.MLn	0	0	0	0	597					2026-07-29
A.Mik.Ker.MLn	141	42	37	62	1117340	Sadler, Matthew	2665	1987	2004	2026-07-29
A.Kan.MLn.e3	36178	10739	16254	9185	1544730	Carlsen, M.	2864	2013	2022	2026-07-29
B.Brg.Gro.MLn	4	4	0	0	98769	Vlassov, Nikolai	2466	1992	2021	2026-07-29
B.StG.Bas.MLn	168	81	44	43	457944	Carlsen, M.	2834	1980	2018	2026-07-29
B.Lio.Han.MLn	140	77	36	27	11007	Wojtaszek, R.	2734	1997	2015	2026-07-29
B.Rat.Sma.MLn	0	0	0	0	29469					2026-07-29
B.Car.Ham.MLn	4	3	0	1	29015	Garcia, Gildardo	2495	1996	2020	2026-07-29
B.Gld.Pck.MLn	0	0	0	0	8712					2026-07-29
B.Hip.Ama.MLn	1	0	0	1	15556	Eid, Fadi	2367	2013	2013	2026-07-29
B.War.Mat.MLn	0	0	0	0	2336					2026-07-29
B.Mod.Avk.MLn	1785	794	552	439	704474	Vachier Lagrave, M.	2779	2008	2018	2026-07-29
B.OwM.Smi.MLn	171	91	36	44	540061	Nakamura, Hi	2781	2018	2023	2026-07-29
C.Dam.Nim.MLn	3	3	0	0	8857	Demchenko, Anton	2465	1994	2020	2026-07-29
C.Dam.Ger.MLn	0	0	0	0	22672					2026-07-29
C.Pon.Jae.MLn	234	73	79	82	673251	Carlsen, Magnus	2861	2013	2018	2026-07-29
C.Pon.Ste.MLn	399	112	147	140	147493	Karjakin, Sergey	2783	2012	2019	2026-07-29
C.Thr.Win.MLn	13	6	3	4	62199	Ninov, Nikolai	2506	1981	2012	2026-07-29
C.Ele.Nor.MLn	45	24	11	10	607989	Movsesian, Sergei	2721	2010	2021	2026-07-29
C.Cen.Dsh.Acc.MLn	36	5	17	14	2988686	Nakamura, Hikaru	2647	1985	2025	2026-07-29
C.Bsh.Urs.Kei.MLn	1	0	1	0	19000	Maksimenko, Andrei	2502	2001	2001	2026-07-29
C.PhD.Nim.MLn	4177	1508	1655	1014	82949	Kasparov, Garry	2830	2003	2016	2026-07-29
C.Vie.Gbt.Fal.MLn	1081	304	450	327	681300	Nakamura, Hi	2802	2010	2024	2026-07-29
D.QGD.Ort.Hne.Cap	0	0	0	0	90					2026-07-29
D.QGD.Tar.MLn.Bd3	103	41	40	22	84008	Bacrot, E.	2696	2007	2020	2026-07-29
D.Sla.Cls.MLn.e4	0	0	0	0	3					2026-07-29
D.Sla.Qui.MLn.Bd3	784	138	444	202	321280	Ivanchuk, Vassily	2787	1995	2023	2026-07-29
D.Sem.Bg5.Bot.Ekf.MLn	11	5	3	3	1824	Shirov, A.	2695	1999	2015	2026-07-29
D.Sem.Mer.Lun.MLn	1280	327	683	270	11643	Topalov, Veselin	2813	2006	2022	2026-07-29
D.QGA.Cen.Mod.MLn	511	219	166	126	92562	Anand, V.	2785	2014	2024	2026-07-29
D.Cat.Cls.Kor.MLn	390	163	150	77	18993	Wang Hao	2756	2009	2022	2026-07-29
D.QPG.Zuk.Col.MLn	490	111	232	147	470864	Hou Yifan	2673	2009	2014	2026-07-29
D.Bgm.Acc.Ryd.MLn.Be3	1	0	1	0	53145	Kireev, Sergey	2355	2006	2006	2026-07-29
E.Bog.Nim.MLn.Be2	7	1	2	4	1215	Bauer, Ch	2644	1980	2016	2026-07-29
E.Bud.Adl.MLn.e3	0	0	0	0	1507					2026-07-29
E.OldI.Cls.MLn.Re1	151	74	55	22	7566	Giri, Anish	2737	2013	2022	2026-07-29
E.Blf.Dec.MLn.e3	0	0	0	0	0					2026-07-29
E.Nim.Rub.Tai.MLn.Qc2	8	4	4	0	194	Ivanisevic, I.	2653	2005	2015	2026-07-29
E.QID.Pet.Kas.MLn.e4	0	0	0	0	29					2026-07-29
E.KID.Mak.MLn.Be2	42	13	8	21	94480	Vallejo Pons, F.	2702	1980	2022	2026-07-29
E.Gru.Brn.MLn.Be2	42	13	10	19	47001	Timofeev, Artyom	2664	2008	2017	2026-07-29
E.Nim.Rom.MLn.Nf3	981	338	406	237	105058	Caruana, F.	2822	2008	2018	2026-07-29
E.Ind.Tgo.MLn.Nc3	769	236	332	201	196542	Carlsen, M.	2835	1996	2023	2026-07-29
A.Owe.Fch.MLn	699	197	215	287	950101	Caruana, F.	2828	1998	2019	2026-07-29
A.VtK.FrD.MLn	4838	1072	2598	1168	14660281	Carlsen, M..	2847	2017	2024	2026-07-29
A.VtK.Sic.MLn	802	244	328	230	12750415	Carlsen, M.	2840	2016	2018	2026-07-29
A.Hor.Ker.MLn	3453	1262	1404	787	138688	Carlsen, M.	2882	2016	2019	2026-07-29
A.Hor.Fch.MLn	34287	11595	16909	5783	20085761	Carlsen, M.	2855	2016	2017	2026-07-29
A.And.Pol.MLn	0	0	0	0	76					2026-07-29
A.Clm.Spk.MLn	0	0	0	0	33					2026-07-29
A.Egl.Har.MLn	16	9	5	2	589205	Riazantsev, A.	2645	2008	2019	2026-07-29
A.OID.Mod.MLn	9259	3596	3188	2475	3191527	Carlsen, M.	2837	2016	2025	2026-07-29
A.Ret.KIA.MLn.e4	842	416	243	183	166049	So, W.	2815	2015	2017	2026-07-29
B.Nim.Ken.MLn	200	80	53	67	2496572	Wang Hao	2730	1998	2025	2026-07-29
B.Nim.ScD.MLn	397	144	137	116	1083675	Carlsen, Magnus	2863	2018	2023	2026-07-29
B.Nim.Col.MLn	135	61	38	36	358997	Bologan, Viktor	2695	2010	2021	2026-07-29
B.Mod.Tig.MLn	1227	460	373	394	91112	Caruana, F.	2829	2014	2018	2026-07-29
B.Mod.Pte.MLn	158	38	86	34	1103	Vaganian, Rafael A	2670	1980	2017	2026-07-29
B.OwM.Mat.MLn	5	3	1	1	21863	Belov, Igor	2424	1985	2008	2026-07-29
B.OwM.Eng.MLn	316	104	103	109	1442630	Carlsen, M.	2827	2012	2024	2026-07-29
B.Sca.Mod.Mie.MLn	2037	742	851	444	810113	Carlsen, M.	2876	1995	2020	2026-07-29
B.Ale.Mod.KID.MLn	166	57	63	46	39043	Efimenko, Z.	2643	1998	2014	2026-07-29
B.Pir.150.Arg.MLn	798	374	235	189	40319	Nepomniachtchi, I.	2751	2000	2017	2026-07-29
C.KPO.Kgt.MLn	249218	71923	126403	50892	115868275	Carlsen, M.	2882	2019	2020	2026-07-29
C.KPO.Nap.MLn	10	5	2	3	479935	Vachier Lagrave, M.	2780	2006	2020	2026-07-29
C.KPO.Prt.MLn	6	2	2	2	27791	Chernyshov, Konstantin	2567	1990	2007	2026-07-29
C.Fou.Glk.MLn	663	246	256	161	34920	Kramnik, Vladimir	2803	2008	2016	2026-07-29
C.Fou.Sco.Bel.MLn	51	15	22	14	36746	Korneev, Oleg	2619	1978	2021	2026-07-29
C.Fou.Spa.Rub.MLn	842	250	382	210	58269	Kasparov, G.	2812	2013	2019	2026-07-29
C.Sco.Gor.Nc3.MLn	67	18	28	21	245724	Turov, Maxim	2572	1978	2024	2026-07-29
C.Sco.Gbt.Max.MLn	96	18	26	52	203924	Kramnik, V.	2808	1997	2021	2026-07-29
C.KGm.Dec.Cls.MLn	103	41	30	32	80167	Kobalia, M.	2620	1988	2024	2026-07-29
C.KGm.Acc.Muz.Dbl.MLn	41	13	7	21	243279	Nakamura, Hikaru	2741	2002	2019	2026-07-29
D.Chi.MLn.e3	192	63	74	55	237036	Morozevich, A.	2711	2007	2018	2026-07-29
D.Chi.Exc.MLn	1	0	0	1	28542	Arzumanian, Georgy	2474	2007	2007	2026-07-29
D.Tar.Cls.MLn	1951	763	894	294	88424	Vidit, S.	2737	2002	2023	2026-07-29
D.Tar.Prg.MLn	558	136	346	76	91951	Carlsen, M.	2872	2019	2021	2026-07-29
D.STa.Exc.MLn	2104	612	1191	301	117761	Carlsen, Magnus	2863	2015	2020	2026-07-29
D.STa.Pil.MLn	32	8	18	6	143533	So, Wesley	2770	2020	2024	2026-07-29
D.QGA.Old.MLn	1028	350	515	163	386381	Aronian, L.	2815	2009	2017	2026-07-29
D.QGA.Ale.MLn	1213	470	474	269	31952	Carlsen, M.	2872	2017	2019	2026-07-29
D.Cat.Ope.Qa4.MLn	193	65	89	39	23804	Harikrishna, P.	2725	1999	2021	2026-07-29
D.Bgm.Dec.Lam.MLn.Qd2	0	0	0	0	13					2026-07-29
E.KID.Cls.Mar.MLn.Nd3	2146	783	834	529	63106	Carlsen, Magnus	2813	2010	2021	2026-07-29
E.KID.Cls.Pet.MLn.c5	0	0	0	0	125					2026-07-29
E.KID.Fch.Pan.MLn.b3	13	2	2	9	1464	Efimenko, Zahar	2695	1975	2012	2026-07-29
E.KID.Fou.MLn.Cap	419	151	156	112	73721	Ponomariov, Ruslan	2726	1982	2012	2026-07-29
E.Gru.Exc.Cla.MLn	285	77	134	74	70977	Nepomniachtchi, I.	2773	2018	2020	2026-07-29
E.Gru.Rus.Hng.Be2	1117	189	830	98	13190	Carlsen, M.	2881	2000	2015	2026-07-29
E.QID.Mod.Fch.MLn	6314	1603	3689	1022	388273	Carlsen, Magnus	2843	2012	2019	2026-07-29
E.QID.Nim.Tim.MLn	26	13	10	3	310	Leko, Peter	2749	2003	2007	2026-07-29
E.Bog.Ret.Fch.MLn	132	25	94	13	19444	Rapport, R.	2736	1995	2019	2026-07-29
E.Ind.QID.MLn.e3	89	27	33	29	84334	Vachier Lagrave, M.	2780	2015	2019	2026-07-29
A.Ama.Par.MLn.Nf6	0	0	0	0	205					2026-07-29
A.Sod.Dur.MLn.Nc6	0	0	0	0	6					2026-07-29
A.Owe.Fch.MLn.Ne2	6	2	3	1	11364	Bluebaum, M.	2660	2004	2025	2026-07-29
A.VtK.FrD.MLn.Bd6	1501	369	743	389	2895663	Carlsen, M..	2847	2021	2025	2026-07-29
A.VtK.Sic.MLn.Nf6	481	150	195	136	4033357	Carlsen, M.	2881	2008	2022	2026-07-29
A.Hor.Ker.MLn.a3	2861	1073	1143	645	73185	Carlsen, M.	2882	2016	2019	2026-07-29
A.Hor.Fch.MLn.Nf3	78777	20657	44989	13131	11693025	Carlsen, M.	2882	2019	2020	2026-07-29
A.And.Pol.MLn.e5	0	0	0	0	0					2026-07-29
A.Clm.Spk.MLn.d5	0	0	0	0	0					2026-07-29
A.Ret.KIA.MLn.e4.c5	18	10	5	3	25756	Vallejo Pons, F.	2710	1979	2023	2026-07-29
B.Nim.Ken.MLn.Nf3	72	29	25	18	554761	Miles, Anthony J	2600	1993	2000	2026-07-29
B.Nim.ScD.MLn.Nf3	86	32	26	28	269790	Carlsen, M.	2830	2018	2023	2026-07-29
B.Nim.Col.MLn.d4	60	21	20	19	175458	Bologan, Viktor	2695	2001	2015	2026-07-29
B.Mod.Tig.MLn.e5	26	12	7	7	8013	Robson, Ray	2673	2013	2020	2026-07-29
B.Mod.Pte.MLn.Bc3	148	35	82	31	985	Vaganian, Rafael A	2670	1980	2017	2026-07-29
B.OwM.Mat.MLn.c3	0	0	0	0	0					2026-07-29
B.OwM.Eng.MLn.Bd3	321	107	105	109	1177086	Carlsen, M.	2827	2012	2024	2026-07-29
B.Sca.Mod.Mie.MLn.Bc4	1612	614	632	366	427788	Carlsen, M.	2876	2015	2024	2026-07-29
B.Ale.Mod.KID.MLn.cxd6	257	82	92	83	350916	Nakamura, Hi	2749	1998	2019	2026-07-29
B.Pir.150.Arg.MLn.Lng	0	0	0	0	2917					2026-07-29
C.KPO.Kgt.MLn.a3	16	4	6	6	177095	Issler, Dr. Christian	2587	1987	2009	2026-07-29
C.KPO.Nap.MLn.Nf6	16	9	3	4	494550	Caruana, F.	2798	2006	2024	2026-07-29
C.KPO.Prt.MLn.c6	4	1	1	2	8104	Jovanovic, Zoran2	2539	1990	2007	2026-07-29
C.Fou.Glk.MLn.Bg2	0	0	0	0	1394					2026-07-29
C.Fou.Sco.Bel.MLn.Nxd4	0	0	0	0	1639					2026-07-29
C.Fou.Spa.Rub.MLn.b5	1	1	0	0	1424	Langner, Ladislav	2380	1991	1991	2026-07-29
C.Sco.Gor.Nc3.MLn.Bd3	0	0	0	0	5712					2026-07-29
C.Sco.Gbt.Max.MLn.c3	74	16	19	39	147760	Amin, B.	2707	1994	2021	2026-07-29
C.KGm.Dec.Cls.MLn.d4	74	31	19	24	49840	Kobalia, M.	2620	1988	2021	2026-07-29
C.KGm.Acc.Muz.Dbl.MLn.Nf6	0	0	0	0	2916					2026-07-29
D.Chi.MLn.e3.Nf6	10	5	5	0	148798	Lalith, B.	2529	2003	2022	2026-07-29
D.Chi.Exc.MLn.e3	0	0	0	0	823					2026-07-29
D.Tar.Cls.MLn.Re8	0	0	0	0	79					2026-07-29
D.Tar.Prg.MLn.Nxd4	579	146	356	77	119922	Carlsen, M.	2872	2019	2021	2026-07-29
D.STa.Exc.MLn.Nxc3	2071	602	1171	298	101032	Carlsen, Magnus	2863	2015	2020	2026-07-29
D.STa.Pil.MLn.Nxd4	55	15	31	9	132320	Caruana, F.	2794	2020	2024	2026-07-29
D.QGA.Old.MLn.exd4	986	344	494	148	589542	Aronian, L.	2815	2009	2017	2026-07-29
D.QGA.Ale.MLn.Bb3	518	185	218	115	21220	Carlsen, M.	2872	2012	2019	2026-07-29
D.Cat.Ope.Qa4.MLn.c5	34	11	17	6	2644	Harikrishna, P.	2725	1984	2021	2026-07-29
D.Bgm.Dec.Lam.MLn.Qd2.e6	1	0	0	1	347	Epifantsev, Igor	2257	2011	2011	2026-07-29
E.QID.Nim.Tim.MLn.Nc3	12	6	3	3	75	Leko, Peter	2749	2003	2007	2026-07-29
E.Bog.Ret.Fch.MLn.O-O	10	1	8	1	1242	Csiba, Tibor	2458	2018	2021	2026-07-29
E.Ind.QID.MLn.e3.Be7	0	0	0	0	1429					2026-07-29
E.KID.Cls.Mar.MLn.Nd3.f5	2129	777	827	525	59556	Carlsen, Magnus	2813	2010	2021	2026-07-29
E.KID.Cls.Pet.MLn.c5.Na6	0	0	0	0	50					2026-07-29
E.KID.Fch.Pan.MLn.b3.Bd7	16	7	4	5	443	Markowski, Tomasz	2605	1991	2009	2026-07-29
E.KID.Fou.MLn.Cap.fxe6	291	84	119	88	36943	Ponomariov, Ruslan	2726	1982	2016	2026-07-29
E.Gru.Exc.Cla.MLn.O-O	588	251	239	98	107250	Mamedyarov, S.	2767	2015	2022	2026-07-29
E.Gru.Rus.Hng.Be2.Nc6	0	0	0	0	245					2026-07-29
E.QID.Mod.Fch.MLn.d5	904	365	382	157	253433	Nakamura, Hi	2750	1977	2022	2026-07-29
A.Ama.Par.MLn.Nf6.d4.Nc6	0	0	0	0	22					2026-07-29
A.Sod.Dur.MLn.Nc6.g3.Nf6	0	0	0	0	0					2026-07-29
A.Owe.Fch.MLn.Ne2.a6.Bd3	0	0	0	0	0					2026-07-29
A.VtK.FrD.MLn.Bd6.Bd3.Nf6	1033	171	767	95	2530319	Carlsen, M.	2853	2017	2023	2026-07-29
A.VtK.Sic.MLn.Nf6.Bg5.Be7	2	2	0	0	25939	Djubek, Boris	2265	1994	2003	2026-07-29
A.Hor.Ker.MLn.a3.Bd6.e3	0	0	0	0	5					2026-07-29
A.Hor.Fch.MLn.Nf3.Be7.e3	1240	333	638	269	1340135	Mamedyarov, S.	2799	2017	2023	2026-07-29
A.And.Pol.MLn.e5.Bb2.Nf6	0	0	0	0	9					2026-07-29
A.Clm.Spk.MLn.d5.Bg2.Nf6	0	0	0	0	0					2026-07-29
A.Ret.KIA.MLn.e4.c5.b6	0	0	0	0	1835					2026-07-29
B.Nim.Ken.MLn.Nf3.d6.Nc3	4	2	1	1	68384	Ivanov, Alexander	2525	1991	2014	2026-07-29
B.Nim.ScD.MLn.Nf3.e6.Be2	27	14	7	6	13773	Feller, Sebastien	2666	2000	2025	2026-07-29
B.Nim.Col.MLn.d4.Bxf5.Bd3	21	5	8	8	79994	Onischuk, V.	2612	2001	2015	2026-07-29
B.Mod.Tig.MLn.e5.Nd7.Bd3	447	172	149	126	7189	Caruana, F.	2829	2014	2018	2026-07-29
B.Mod.Pte.MLn.Bc3.cxd4.Nxd4	12	4	4	4	207	Christiansen, Larry Mark	2630	1981	2005	2026-07-29
B.OwM.Mat.MLn.c3.Nf6.Bg5	0	0	0	0	0					2026-07-29
B.OwM.Eng.MLn.Bd3.Nf6.O-O	1	0	0	1	65928	Takacs, Balazs	2352	2009	2009	2026-07-29
B.Sca.Mod.Mie.MLn.Bc4.e6	15	5	8	2	46462	Vajda, Levente	2557	1999	2009	2026-07-29
B.Ale.Mod.KID.MLn.cxd6.Be2	69	23	18	28	61335	Nakamura, Hi	2745	1974	2019	2026-07-29
B.Pir.150.Arg.MLn.Lng.Nbd7	11	5	1	5	3679	Carlsen, M.	2861	2003	2025	2026-07-29
C.KPO.Nap.MLn.Nf6.Nc3.Bc5	0	0	0	0	45217					2026-07-29
C.KPO.Prt.MLn.c6.Ba4.d6	3	1	1	1	1318	Jovanovic, Zoran2	2539	1995	2025	2026-07-29
C.Fou.Glk.MLn.Bg2.dxe4.Nxe4	0	0	0	0	24					2026-07-29
C.Fou.Sco.Bel.MLn.Nxd4.d6	1	0	1	0	1125	Passerotti, Pierluigi	2380	1977	1977	2026-07-29
C.Fou.Spa.Rub.MLn.b5.Nxb5	1	1	0	0	678	Langner, Ladislav	2380	1991	1991	2026-07-29
C.Sco.Gor.Nc3.MLn.Bd3.d6	0	0	0	0	1543					2026-07-29
C.Sco.Gbt.Max.MLn.c3.dxc3	20	7	7	6	88226	Adams, Michael	2745	2002	2010	2026-07-29
C.KGm.Dec.Cls.MLn.d4.Bb6	17	5	8	4	4731	Murey, Jacob	2535	1988	2021	2026-07-29
C.KGm.Acc.Muz.Coc.exd5.Nf6	0	0	0	0	36					2026-07-29
D.Chi.MLn.e3.Nf6.Nc3	6	2	4	0	124191	Chuchelov, Vladimir	2490	1992	2004	2026-07-29
D.Chi.Exc.MLn.e3.Qd8.Nf3	0	0	0	0	0					2026-07-29
D.Tar.Cls.MLn.Re8.Re1	0	0	0	0	82					2026-07-29
D.Tar.Prg.MLn.Nxd4.Qb6	9	3	6	0	2612	Hellers, Ferdinand	2592	1997	2020	2026-07-29
D.STa.Exc.MLn.Nxc3.Qb3	0	0	0	0	0					2026-07-29
D.STa.Pil.MLn.Nxd4.a6	0	0	0	0	537					2026-07-29
D.QGA.Old.MLn.exd4.Be7	0	0	0	0	3790					2026-07-29
D.QGA.Ale.MLn.Bb3.e6	3	3	0	0	4319	Rozentalis, Eduardas	2582	2008	2018	2026-07-29
D.Cat.Ope.Qa4.MLn.c5.dxc5	15	5	7	3	1106	Harikrishna, P.	2725	1984	2021	2026-07-29
D.Bgm.Acc.Ryd.MLn.Be3.Qd6	0	0	0	0	1010					2026-07-29
E.QID.Nim.Tim.MLn.Nc3.d5	3	2	0	1	14	Martinez Alcantara, Jose Eduardo	2601	2009	2025	2026-07-29
E.Bog.Ret.Fch.MLn.O-O.Nc3	67	23	31	13	12733	Li Chao2	2751	2016	2022	2026-07-29
E.Ind.QID.MLn.e3.Be7.Be2	0	0	0	0	766					2026-07-29
E.KID.Cls.Mar.MLn.Nd3.c5	4	1	1	2	338	Ragger, M.	2687	1991	2015	2026-07-29
E.KID.Fch.Pan.MLn.b3.Re8	0	0	0	0	32					2026-07-29
E.KID.Fou.MLn.Cap.fxe6.Be3	0	0	0	0	394					2026-07-29
E.Gru.Exc.Cla.MLn.O-O.Qc2	0	0	0	0	72					2026-07-29
E.Gru.Rus.Hng.Be2.Nc6.h3	0	0	0	0	34					2026-07-29
E.QID.Mod.Fch.MLn.d5.Ne5	699	283	291	125	158601	Mamedyarov, S.	2746	1977	2025	2026-07-29
E.Nim.Rub.Tai.MLn.Qc2.c5	0	0	0	0	0					2026-07-29
A.Ama.Par.MLn.Nf6.d4	0	0	0	0	47					2026-07-29
A.Sod.Dur.MLn.Nc6.g3	0	0	0	0	0					2026-07-29
A.Owe.Fch.MLn.Ne2.a6	0	0	0	0	82					2026-07-29
A.VtK.FrD.MLn.Bd6.Bd3	713	87	474	152	1740852	So, W.	2792	2014	2021	2026-07-29
A.VtK.Sic.MLn.Nf6.Bg5	5	0	1	4	150615	Portisch, Lajos	2573	1995	2010	2026-07-29
A.Hor.Ker.MLn.a3.Bd6	0	0	0	0	65					2026-07-29
A.Hor.Fch.MLn.Nf3.Be7	28092	8716	15349	4027	4051480	Carlsen, M.	2882	2014	2019	2026-07-29
A.And.Pol.MLn.e5.Bb2	0	0	0	0	3264					2026-07-29
A.Clm.Spk.MLn.d5.Bg2	0	0	0	0	1365					2026-07-29
A.Ret.KIA.MLn.e4.c5.Nc6	54	28	16	10	79167	Vallejo Pons, F.	2710	1995	2017	2026-07-29
B.Nim.Ken.MLn.Nf3.d6	25	13	6	6	349958	Nepomniachtchi, I.	2729	1978	2017	2026-07-29
B.Nim.ScD.MLn.Nf3.e6	72	26	22	24	184542	Carlsen, M.	2830	2018	2023	2026-07-29
B.Nim.Col.MLn.d4.Bxf5	60	21	20	19	174950	Bologan, Viktor	2695	2001	2015	2026-07-29
B.Mod.Tig.MLn.e5.Nd7	16	6	6	4	2027	Nyback, Tomi	2554	2005	2018	2026-07-29
B.Mod.Pte.MLn.Bc3.cxd4	77	16	49	12	346	Vaganian, Rafael A	2670	1973	2005	2026-07-29
B.OwM.Mat.MLn.c3.Nf6	0	0	0	0	1					2026-07-29
B.OwM.Eng.MLn.Bd3.Nf6	336	118	111	107	1064319	Carlsen, M.	2827	2012	2024	2026-07-29
B.Sca.Mod.Mie.MLn.Bc4.Bg4	268	118	77	73	272591	Carlsen, M.	2876	1998	2020	2026-07-29
B.Ale.Mod.KID.MLn.cxd6.Bg7	150	44	56	50	341881	Nakamura, Hi	2749	2007	2019	2026-07-29
B.Pir.150.Arg.MLn.Lng.a5	0	0	0	0	110					2026-07-29
C.KPO.Kgt.MLn.a3.Nf6	13	3	6	4	85197	Issler, Dr. Christian	2587	1987	2012	2026-07-29
C.KPO.Nap.MLn.Nf6.Nc3	0	0	0	0	56243					2026-07-29
C.KPO.Prt.MLn.c6.Ba4	13	3	5	5	17649	Jovanovic, Zoran2	2539	1990	2015	2026-07-29
C.Fou.Glk.MLn.Bg2.dxe4	0	0	0	0	881					2026-07-29
C.Fou.Sco.Bel.MLn.Nxd4.Bc5	0	0	0	0	790					2026-07-29
C.Fou.Spa.Rub.MLn.b5.Bb3	0	0	0	0	499					2026-07-29
C.Sco.Gor.Nc3.MLn.Bd3.Nf6	0	0	0	0	4088					2026-07-29
C.Sco.Gbt.Max.MLn.c3.Nf6	26	8	10	8	421016	Vajda, Levente	2564	1998	2010	2026-07-29
C.KGm.Dec.Cls.MLn.d4.exd4	58	27	11	20	46110	Kobalia, M.	2620	1998	2018	2026-07-29
C.KGm.Acc.Muz.Coc.exd5	0	0	0	0	4438					2026-07-29
D.Chi.MLn.e3.Nf6.Be2	3	2	1	0	35217	Lalith, B.	2529	1993	2017	2026-07-29
D.Chi.Exc.MLn.e3.Qd8	0	0	0	0	3					2026-07-29
D.Tar.Cls.MLn.Re8.Be3	0	0	0	0	77					2026-07-29
D.Tar.Prg.MLn.Nxd4.Be6	1	0	1	0	7278	Rujevic, Mirko	2295	2003	2003	2026-07-29
D.STa.Exc.MLn.Nxc3.bxc3	2696	791	1507	398	249319	Carlsen, M.	2861	2015	2019	2026-07-29
D.STa.Pil.MLn.Nxd4.Be7	13	3	8	2	54703	Caruana, F.	2794	2020	2024	2026-07-29
D.QGA.Old.MLn.exd4.Nf6	477	190	216	71	353994	Carlsen, Magnus	2801	1998	2017	2026-07-29
D.QGA.Ale.MLn.Bb3.Nc6	445	159	195	91	10924	Ding Liren	2801	2002	2019	2026-07-29
D.Cat.Ope.Qa4.MLn.c5.O-O	999	341	520	138	42124	Carlsen, M.	2861	2018	2023	2026-07-29
D.Bgm.Acc.Ryd.MLn.Be3.Nc6	0	0	0	0	2					2026-07-29
E.QID.Nim.Tim.MLn.Nc3.O-O	3	2	0	1	47	Leko, Peter	2749	2003	2007	2026-07-29
E.Bog.Ret.Fch.MLn.O-O.d5	7753	1274	5517	962	72525	Carlsen, Magnus	2863	2010	2020	2026-07-29
E.Ind.QID.MLn.e3.Be7.Bd3	2	2	0	0	550	Ernst, S.	2566	2014	2018	2026-07-29
E.KID.Cls.Mar.MLn.Nd3.h6	1	1	0	0	602	Barlov, Dragan	2550	1986	1986	2026-07-29
E.KID.Cls.Pet.MLn.c5.c6	0	0	0	0	0					2026-07-29
E.KID.Fch.Pan.MLn.b3.b5	12	2	2	8	979	Efimenko, Zahar	2695	1975	2012	2026-07-29
E.KID.Fou.MLn.Cap.fxe6.Be2	48	14	22	12	5974	Dubov, Daniil	2660	1992	2016	2026-07-29
E.Gru.Exc.Cla.MLn.O-O.e5	1	0	0	1	7673	Danielian, Elina	2489	2009	2009	2026-07-29
E.Gru.Rus.Hng.Be2.Nc6.O-O	0	0	0	0	113					2026-07-29
E.QID.Mod.Fch.MLn.d5.cxd5	365	148	159	58	65559	Nakamura, Hi	2750	1977	2022	2026-07-29
E.Ben.Mod.Cls.MLn.Re1	0	0	0	0	426					2026-07-29
E.Ben.Mod.Cls.MLn.h3	0	0	0	0	2317					2026-07-29
E.Ben.Mod.Fch.MLn.O-O	5936	1906	2268	1762	222594	So, W.	2812	2010	2019	2026-07-29
E.Ben.Mod.Fch.MLn.h3	4	2	1	1	2093	Spraggett, Kevin	2531	1999	2025	2026-07-29
E.Ben.Mod.Fou.MLn.Be3	0	0	0	0	3573					2026-07-29
E.Ben.Mod.Fou.MLn.Bd3	62	21	17	24	180572	Li, Chao B	2646	2011	2019	2026-07-29
A.Eng.Sym.Hdg.MLn.b3	11	4	5	2	88	Kortschnoj, Viktor	2650	1978	2010	2026-07-29
A.Eng.Sym.Hdg.MLn.Qa4	0	0	0	0	2					2026-07-29
A.Eng.Sym.Rub.MLn.Be2	1	0	1	0	1083	Nyback, T.	2566	2023	2023	2026-07-29
A.Eng.Rev.Fou.MLn.Bg2	4167	792	2819	556	139903	Carlsen, M.	2875	2014	2019	2026-07-29
B.Sic.Cls.Rch.MLn.Kb1	17	3	5	9	3403	Ljubojevic, Ljubomir	2645	1983	2011	2026-07-29
B.Sic.Cls.Bol.MLn.Be3	295	55	125	115	27128	Firouzja, Alireza	2682	2016	2023	2026-07-29
B.Fre.Tar.Cls.MLn.Ngf3	284	138	84	62	271432	Fedorchuk, Sergey A	2655	2009	2017	2026-07-29
B.Sic.Clo.Fch.MLn.Nge2	792	171	368	253	240893	Nakamura, Hi	2786	2007	2025	2026-07-29
B.Sic.Naj.Eng.MLn.f3	20723	3716	14449	2558	703240	Carlsen, M.	2870	2015	2019	2026-07-29
B.Sic.Naj.Pol.MLn.Qf3	0	0	0	0	17					2026-07-29
B.Sic.Dra.Yug.Sol.MLn.Bb3	0	0	0	0	2343					2026-07-29
B.Sic.Dra.Cls.Nrm.MLn.Qd2	0	0	0	0	1					2026-07-29
B.Sic.Acc.Mar.MLn.Be3	2367	755	1252	360	71662	Carlsen, M.	2839	2007	2025	2026-07-29
B.Fre.Win.Psn.MLn.Nf3	3	1	2	0	2610	Vuckovic, Bojan	2572	2009	2023	2026-07-29
C.RyL.Mor.Opn.Rig.MLn.Re1	1	0	0	1	1540	Nyback, Tomi	2644	2009	2009	2026-07-29
C.RyL.Exc.Alk.MLn.Nc3	2	0	2	0	655	Petrov, N.	2509	1990	2016	2026-07-29
C.Ita.Giu.Cls.MLn.Nc3	0	0	0	0	657					2026-07-29
C.Ita.Evn.Dec.MLn.O-O	0	0	0	0	265					2026-07-29
C.Ita.Pia.Nf6.MLn.Re1	588	175	284	129	67276	Carlsen, Magnus	2863	2020	2021	2026-07-29
C.Pet.Mod.Stn.MLn.Re1	0	0	0	0	2					2026-07-29
C.Sco.Mie.Pot.MLn.Kb1	0	0	0	0	0					2026-07-29
C.Cen.Dsh.Acc.MLn.Nxc3	0	0	0	0	18012					2026-07-29
C.Bsh.Urs.Kei.MLn.Re1	0	0	0	0	46					2026-07-29
C.Vie.Gbt.Fal.MLn.Nf3	564	158	231	175	215120	Kramnik, Vladimir	2791	1994	2013	2026-07-29
D.QGD.Ort.Rub.MLn.Re1	0	0	0	0	219					2026-07-29
D.QGD.Ort.Cap.MLn.O-O	0	0	0	0	6					2026-07-29
D.QGD.Tar.Mak.MLn.Re1	0	0	0	0	127					2026-07-29
D.QGD.Lsk.Te7.MLn.O-O	0	0	0	0	0					2026-07-29
D.Sla.Exc.MLn.e3.Nf3	1980	269	1401	310	391409	Carlsen, M.	2837	2017	2025	2026-07-29
D.Sem.Mer.Rab.MLn.O-O	1496	292	879	325	26762	Anand, V.	2797	1996	2015	2026-07-29
D.Sem.Bg5.AMo.MLn.Be2	1	0	1	0	48	Akobian, Varuzhan	2611	2011	2011	2026-07-29
D.QGA.Cls.Rub.MLn.Qe2	1458	444	724	290	18437	Kasparov, Garry	2849	1999	2008	2026-07-29
D.Cat.Ope.Yug.MLn.Qxc4	6	0	4	2	1887	Kevlishvili, Robby	2529	2010	2024	2026-07-29
D.QPG.Zuk.Col.MLn.O-O	186	41	80	65	176239	Aronian, L.	2784	2004	2017	2026-07-29
E.Nim.Rub.Hub.MLn.O-O	597	175	232	190	13885	Ivanchuk, Vassily	2764	1994	2012	2026-07-29
E.Nim.Sml.Bot.MLn.Bd3	23	7	7	9	9566	Pigusov, Evgeny	2580	1993	2024	2026-07-29
E.KID.Sml.Ort.MLn.Qd2	623	263	209	151	28890	Kasparov, Garry	2805	1992	1996	2026-07-29
E.KID.Sml.Ort.d5.Nge2	0	0	0	0	209					2026-07-29
E.KID.Fch.Yug.MLn.d5	1073	411	411	251	104465	Carlsen, Magnus	2863	1994	2020	2026-07-29
E.KID.Cls.Mar.MLn.f3	1185	371	614	200	29753	Nakamura, Hi	2814	2015	2018	2026-07-29
E.KID.Cls.Pet.MLn.Ne1	15	5	4	6	11245	Nevednichy, Vladislav	2580	1988	2013	2026-07-29
E.KID.Fch.Pan.MLn.e4	710	248	315	147	17254	Aronian, L.	2812	2004	2014	2026-07-29
E.QID.Pet.Kas.MLn.Nc3	0	0	0	0	0					2026-07-29
E.Bud.Adl.MLn.e3.Be2	0	0	0	0	12					2026-07-29
E.Ben.Mod.Cls.MLn.Re1.Nbd7	0	0	0	0	218					2026-07-29
E.Ben.Mod.Cls.MLn.h3.Re8	0	0	0	0	771					2026-07-29
E.Ben.Mod.Fch.MLn.O-O.Nbd7	437	123	192	122	12982	Wang, Yue	2752	2009	2016	2026-07-29
E.Ben.Mod.Fch.MLn.h3.Re8	1	1	0	0	880	Balbuena Fuentes, Mario	2328	2025	2025	2026-07-29
E.Ben.Mod.Fou.MLn.Be3.Re8	0	0	0	0	2244					2026-07-29
E.Ben.Mod.Fou.MLn.Bd3.Na6	5	2	2	1	3943	Lodhi, Mahmood	2475	1983	2004	2026-07-29
A.Eng.Sym.Hdg.MLn.b3.O-O	1	0	0	1	9	Stempin, Pawel	2350	1982	1982	2026-07-29
A.Eng.Sym.Hdg.MLn.Qa4.O-O	0	0	0	0	0					2026-07-29
A.Eng.Sym.Rub.MLn.Be2.O-O	6	1	4	1	1052	Psakhis, Lev	2605	1991	1998	2026-07-29
A.Eng.Rev.Fou.MLn.Bg2.Nb6	7137	1618	4247	1272	172482	Carlsen, M.	2872	2014	2018	2026-07-29
B.Sic.Cls.Rch.MLn.Kb1.Bd7	0	0	0	0	406					2026-07-29
B.Sic.Cls.Bol.MLn.Be3.Be6	163	36	64	63	29343	Hou Yifan	2673	2004	2023	2026-07-29
B.Fre.Tar.Cls.MLn.Ngf3.c5	660	287	227	146	289770	Kasparov, Garry	2849	2001	2016	2026-07-29
B.Sic.Clo.Fch.MLn.Nge2.e6	364	77	171	116	78226	Jobava, Baadur	2730	1986	2017	2026-07-29
B.Sic.Naj.Eng.MLn.f3.Nbd7	2917	944	1412	561	176888	Carlsen, M.	2870	2015	2019	2026-07-29
B.Sic.Naj.Pol.MLn.Qf3.Bb7	0	0	0	0	0					2026-07-29
B.Sic.Dra.Yug.Sol.MLn.h4	0	0	0	0	604					2026-07-29
B.Sic.Dra.Cls.Nrm.MLn.h4	0	0	0	0	0					2026-07-29
B.Sic.Acc.Mar.MLn.Be3.Be6	44	14	25	5	833	Anand, V.	2754	1997	2023	2026-07-29
B.Fre.Win.Psn.MLn.Nf3.Nbc6	2	1	1	0	1672	Hebden, Mark	2510	1982	1992	2026-07-29
C.RyL.Mor.Opn.Rig.MLn.c3	0	0	0	0	1041					2026-07-29
C.Ita.Evn.Dec.MLn.O-O.d6	1	1	0	0	7250	Capellades Subirana, Marc	2332	2013	2013	2026-07-29
C.Ita.Pia.Nf6.MLn.Re1.a6	94	17	58	19	10705	Carlsen, Magnus	2863	2016	2024	2026-07-29
C.Pet.Mod.Stn.MLn.Re1.Be7	0	0	0	0	0					2026-07-29
C.Sco.Mie.Pot.MLn.Kb1.Re8	0	0	0	0	0					2026-07-29
C.Cen.Dsh.Acc.MLn.Nxc3.Nf6	0	0	0	0	2299					2026-07-29
C.Bsh.Urs.Kei.MLn.Re1.Be7	0	0	0	0	2					2026-07-29
C.Vie.Gbt.Fal.MLn.Nf3.Be7	287	72	127	88	29564	Anand, Viswanathan	2720	1994	2013	2026-07-29
D.QGD.Ort.Rub.MLn.Re1.cxd4	0	0	0	0	29					2026-07-29
D.QGD.Ort.Cap.MLn.O-O.b5	0	0	0	0	1					2026-07-29
D.QGD.Tar.Mak.MLn.Re1.Nbd7	0	0	0	0	433					2026-07-29
D.QGD.Lsk.Te7.MLn.O-O.Bg4	0	0	0	0	23					2026-07-29
D.Sla.Exc.MLn.e3.Nf3.e6	262	67	164	31	149486	Kramnik, Vladimir	2785	2007	2017	2026-07-29
D.Sem.Mer.Rab.MLn.O-O.c5	1473	281	869	323	27611	Anand, V.	2797	1996	2015	2026-07-29
D.Sem.Bg5.AMo.MLn.Be2.Nbd7	50	1	48	1	12	Zhak, Boris Mikhailovich	2614	2011	2022	2026-07-29
D.QGA.Cls.Rub.MLn.Qe2.Be7	149	56	63	30	4732	Anand, Viswanathan	2755	2002	2019	2026-07-29
D.Cat.Ope.Yug.MLn.Qxc4.b5	3	0	2	1	760	Fauland, Alexander	2436	1998	2010	2026-07-29
D.QPG.Zuk.Col.MLn.O-O.Bd6	142	34	62	46	77374	Aronian, L.	2784	2004	2017	2026-07-29
E.Nim.Rub.Hub.MLn.O-O.O-O	308	94	126	88	17567	Grischuk, Alexander	2763	1994	2013	2026-07-29
E.Nim.Sml.Bot.MLn.Bd3.Nc6	11	3	5	3	5187	Vazquez Igarza, Renier	2460	1991	2014	2026-07-29
E.KID.Sml.Ort.MLn.Qd2.exd4	50	22	19	9	4111	Smirin, I.	2665	2007	2016	2026-07-29
E.KID.Sml.Ort.d5.Nge2.a5	0	0	0	0	66					2026-07-29
E.KID.Fch.Yug.MLn.d5.Ne5	5	5	0	0	10760	Maze, Sebastien	2571	2009	2016	2026-07-29
E.KID.Cls.Mar.MLn.f3.f5	1180	367	613	200	28506	Nakamura, Hi	2814	2015	2018	2026-07-29
E.KID.Fch.Pan.MLn.e4.e5	70	27	31	12	6528	Korobov, A.	2708	2002	2015	2026-07-29
E.Bud.Adl.MLn.e3.Be2.Re8	0	0	0	0	9					2026-07-29
B.Sic.Sve.Nd5.Qa5.Bd2	508	206	209	93	27000	Ivanchuk, Vassily	2711	2004	2008	2026-07-29
C.Ita.Two.Ng5.Trx.Bxf7	88	38	32	18	324638	Karpov, Anatoly	2710	1983	2011	2026-07-29
C.Ita.Two.Ng5.Feg.Kxf7	63	20	37	6	407718	Carlsen, M.	2832	2014	2024	2026-07-29
C.Ita.Two.Ng5.Ulv.Bxb5	29	4	9	16	189823	Fressinet, Laurent	2670	2006	2017	2026-07-29
C.Ita.Two.Ng5.Pol.Bb5	2788	862	1275	651	2254058	Carlsen, M..	2862	2019	2023	2026-07-29
D.Cat.Ope.Qa4.Ale.Be7	0	0	0	0	6					2026-07-29
C.RyL.Mor.Opn.Dil.Rxf2	462	102	265	95	8528	Carlsen, M.	2855	2018	2025	2026-07-29
C.RyL.Mor.Opn.Hwl.Nc5	103	30	50	23	2262	Carlsen, M.	2832	2015	2024	2026-07-29
C.RyL.Mor.StD.Sie.exf5	435	147	200	88	13630	Caruana, F.	2828	1994	2020	2026-07-29
C.Ita.Two.Ng5.Frt.c3	136	65	29	42	310124	Georgiev, Kiril	2685	1996	2025	2026-07-29
C.Ita.Two.Ng5.Lol.exd4	1	1	0	0	66732	Trifonas, Spyridon	2260	1996	1996	2026-07-29
C.Ita.Evn.Acc.Stn.O-O	34	11	12	11	121114	Carlsen, M.	2830	1996	2024	2026-07-29
C.RyL.Mor.Ark.Ctr.Nxe4	516	164	217	135	10062	Ivanchuk, Vassily	2720	1992	2020	2026-07-29
B.Sic.Dra.Yug.Chn.Bb3	2266	887	877	502	287187	Anand, Viswanathan	2798	2008	2008	2026-07-29
C.RyL.Mor.Ark.Qe2.d6	1	1	0	0	203	Zapolskis, Antanas	2400	1992	1992	2026-07-29
C.RyL.Mor.NeA.Ctr.d6	2	2	0	0	59730	Leyva, Hector	2410	1999	2009	2026-07-29
C.Ita.Evn.Acc.Mor.d6	20	4	5	11	94065	Abdusattorov, Nodirbek	2627	1994	2021	2026-07-29
C.Ita.Two.Ng5.Nxd.d3	2	0	1	1	39645	Cubas, Jose Fernando	2451	1993	2005	2026-07-29
D.Cat.Cls.Qc2.Btr.Bb7	0	0	0	0	22					2026-07-29
D.Cat.Ope.Bb4.Mod.O-O	2	1	1	0	17919	Lipka, J.	2421	2006	2017	2026-07-29
E.Nim.Cls.Zur.Mil.e3	36	15	11	10	6125	Grischuk, Alexander	2710	2005	2014	2026-07-29
E.KID.Cls.Byn.Nd2.a5	0	0	0	0	11					2026-07-29
B.Sic.Cls.Rch.Lip.Bd7	7	1	6	0	1821	Lutz, Christopher	2643	2000	2012	2026-07-29
B.Sic.Cls.Rch.Psn.O-O-O	167	47	82	38	966	Kasparov, Garry	2838	2002	2011	2026-07-29
B.Sic.Cls.Rch.Drg.O-O-O	1	1	0	0	21974	Grafl, Florian	2408	2004	2004	2026-07-29
B.Sic.Cls.Rch.Bc4.Be7	9	3	3	3	53482	Aryan, C.	2629	1974	2022	2026-07-29
B.Sic.Cls.Soz.Vel.O-O	497	189	140	168	12141	Aronian, Levon	2752	1996	2019	2026-07-29
B.Sic.Cls.Soz.Fis.O-O	4	2	1	1	2426	Fernandez Cardoso, Alexey	2418	1985	2010	2026-07-29
B.Sic.Dra.Cls.Ams.Be6	11	5	4	2	1602	Timman, Jan H	2585	1978	2011	2026-07-29
E.Ben.Mod.Cls.Nd2.Re8	684	310	235	139	24324	Caruana, F.	2804	2001	2023	2026-07-29
E.Ben.Mod.Cls.Bg5.h6	35	14	10	11	3343	Ding Liren	2749	2015	2022	2026-07-29
E.Ben.Mod.Cls.Rb1.a6	0	0	0	0	24					2026-07-29
E.Ben.Mod.Cls.h3.Na6	2	1	1	0	1390	Kubacsny, Laszlo	2335	1996	1998	2026-07-29
E.Ben.Mod.Fch.Nd2.Re8	8	5	3	0	1153	Gheorghiu, Florin	2550	1974	2010	2026-07-29
E.Ben.Mod.Fch.Bf4.Re8	13	1	10	2	300	Keevil, Paul	2471	2023	2025	2026-07-29
E.KID.Sml.Ort.Exc.dxe5	24	1	13	10	14885	Kotronias, Vasilios	2590	1976	1998	2026-07-29
E.KID.Fch.Yug.Exc.Nc6	573	233	233	107	140853	Svidler, P.	2763	1997	2017	2026-07-29
A.Hol.Cls.IZh.Win.Ne4	47	20	15	12	4821	Harikrishna, P.	2726	2014	2019	2026-07-29
A.Hol.Cls.IZh.Ala.Ne4	0	0	0	0	48					2026-07-29
B.Fre.Tar.Cls.Be7.Ngf3	947	394	309	244	40067	Karjakin, Sergey	2779	2007	2012	2026-07-29
B.Fre.Tar.Cls.c5.c3	2248	959	678	611	392422	Shirov, Alexei	2741	1986	2008	2026-07-29
B.Fre.Tar.Cls.Kor.O-O	27	17	6	4	23862	Kryvoruchko, Yuriy	2627	1987	2015	2026-07-29
B.Sic.Clo.Fch.Bot.Nf6	355	96	136	123	130449	Kasparov, Garry	2827	2001	2011	2026-07-29
B.Sic.Clo.Fch.Eng.Nf6	394	97	146	151	148840	Kasparov, Garry	2812	1999	2018	2026-07-29
C.KGm.Acc.Kie.Lon.Nxg4	138	34	67	37	83396	Anand, Viswanathan	2790	1997	2001	2026-07-29
C.KGm.Acc.Bsh.Ble.Nf3	0	0	0	0	10031					2026-07-29
E.Nim.Rub.Hub.Rau.O-O	5	2	2	1	723	Potapov, Alexander1	2461	1986	2022	2026-07-29
E.KID.Avk.Fle.MLn.Nf3	5	3	0	2	2062	Graf, Juergen	2405	1980	1997	2026-07-29
C.KGm.Dec.Fal.MLn.d3	165	82	44	39	460399	Karjakin, Sergey	2727	1976	2008	2026-07-29
C.KGm.Acc.All.MLn.Nxf7	8	4	1	3	80403	Illescas Cordoba, Miguel	2475	1984	2021	2026-07-29
B.Sic.Sve.Nd5.Be7.Bxf6.g3	56	14	26	16	10810	Illescas Cordoba, Miguel	2625	1981	2019	2026-07-29
B.Sic.Sve.Bxf6.Nd5.Bg7.c3	1115	385	459	271	75338	Carlsen, M.	2861	2000	2019	2026-07-29
B.Sic.Sve.Bxf6.Nd5.f5.c3	2037	504	1158	375	29710	Kasparov, Garry	2851	1998	2025	2026-07-29
A.Eng.Rev.Bot.MLn.Nd5	0	0	0	0	6					2026-07-29
B.Sic.Sch.Eng.MLn.Qd2	3583	1139	1629	815	120926	Kasparov, Garry	2851	2000	2014	2026-07-29
B.Sic.Kan.Tal.MLn.O-O	2	0	1	1	4182	Shirazi, Kamran G	2438	2003	2005	2026-07-29
B.Sic.Ros.Nim.MLn.d4	0	0	0	0	118					2026-07-29
B.CaK.Adv.Sht.MLn.c3	920	294	470	156	136083	Carlsen, Magnus	2863	2009	2020	2026-07-29
C.RyL.Ber.Wal.End.MLn.Re1	0	0	0	0	14					2026-07-29
D.Sla.Che.MLn.a4.axb5	0	0	0	0	46					2026-07-29
D.QGD.Ort.Hne.Cap.O-O	0	0	0	0	0					2026-07-29
D.QGD.Tar.MLn.Bd3.O-O	0	0	0	0	1122					2026-07-29
D.Sla.Cls.MLn.e4.Qe2	0	0	0	0	3					2026-07-29
D.Sla.Qui.MLn.Bd3.O-O	4	0	2	2	2697	Kuzubov, Y.	2624	1987	2021	2026-07-29
D.Sem.Bg5.Bot.Ekf.MLn.hxg5	0	0	0	0	35					2026-07-29
D.Sem.Mer.Lun.MLn.O-O	0	0	0	0	7					2026-07-29
D.QGA.Cen.Mod.MLn.Be3	70	22	18	30	31437	Timofeev, Artyom	2681	2011	2021	2026-07-29
D.Cat.Cls.Kor.MLn.Bf4	1	0	1	0	478	Delchev, Aleksander	2661	2006	2006	2026-07-29
E.Bog.Nim.MLn.Be2.O-O	1	1	0	0	243	Sahovic, Dragutin	2485	1980	1980	2026-07-29
E.OldI.Cls.MLn.Re1.Be3	20	11	7	2	978	Wojtaszek, R.	2711	2001	2018	2026-07-29
E.Blf.Dec.MLn.e3.Be2	0	0	0	0	0					2026-07-29
E.QID.Pet.Kas.MLn.e4.O-O	0	0	0	0	2					2026-07-29
E.KID.Mak.MLn.Be2.Re8	0	0	0	0	8559					2026-07-29
E.Gru.Brn.MLn.Be2.Nc6	12	4	3	5	16703	Kurnosov, Igor	2527	1984	2007	2026-07-29
E.Nim.Rom.MLn.Nf3.dxc4	932	275	411	246	44083	Caruana, F.	2822	2008	2018	2026-07-29
E.Ind.Tgo.MLn.Nc3.exd4	698	218	305	175	156003	Carlsen, M.	2835	1996	2023	2026-07-29
D.Chi.MLn.e3.Nf6.Nc3.e6	81	28	39	14	100622	Rapport, R.	2731	1997	2019	2026-07-29
D.Tar.Cls.MLn.Re8.Re1.Bf8	0	0	0	0	0					2026-07-29
D.Tar.Prg.MLn.Nxd4.Qb6.Be3	0	0	0	0	97					2026-07-29
D.STa.Exc.MLn.Nxc3.Qb3.cxd4	0	0	0	0	0					2026-07-29
D.STa.Pil.MLn.Nxd4.a6.e3	0	0	0	0	441					2026-07-29
D.QGA.Old.MLn.exd4.Be7.Nf3	0	0	0	0	3569					2026-07-29
D.QGA.Ale.MLn.Bb3.e6.Nf3	2	1	1	0	4041	Rozentalis, Eduardas	2582	1997	2008	2026-07-29
D.Chi.MLn.e3.Nf6.Be2.e6	11	5	4	2	28135	Jankovic, A.	2591	2000	2017	2026-07-29
D.Tar.Cls.MLn.Re8.Be3.Bf8	0	0	0	0	16					2026-07-29
D.Tar.Prg.MLn.Nxd4.Be6.O-O	5	3	2	0	22156	Schlosser, Philipp	2520	1993	2015	2026-07-29
D.STa.Exc.MLn.Nxc3.bxc3.Nc6	5	3	1	1	38756	Xu, Jun	2508	1991	2010	2026-07-29
D.STa.Pil.MLn.Nxd4.Be7.e3	3	1	2	0	63471	Caruana, F.	2794	2008	2023	2026-07-29
D.QGA.Old.MLn.exd4.Nf6.Nf3	380	146	178	56	301483	Carlsen, Magnus	2801	1991	2017	2026-07-29
D.QGA.Ale.MLn.Bb3.Nc6.Nf3	115	25	69	21	4952	Karpov, Anatoly	2710	1985	1999	2026-07-29
B.Sic.Sve.Nd5.Qa5.Bd2.Rb8	0	0	0	0	0					2026-07-29
C.Ita.Two.Ng5.Trx.Bxf7.Ke7	88	38	32	18	229053	Karpov, Anatoly	2710	1983	2011	2026-07-29
C.Ita.Two.Ng5.Feg.Kxf7.Qf3	63	20	37	6	403014	Carlsen, M.	2832	2014	2024	2026-07-29
C.Ita.Two.Ng5.Ulv.Bxb5.Qxd5	29	4	9	16	189011	Fressinet, Laurent	2670	2006	2017	2026-07-29
C.Ita.Two.Ng5.Pol.Bb5.c6	2508	768	1158	582	2002454	Carlsen, M..	2862	2019	2023	2026-07-29
D.Cat.Ope.Qa4.Ale.Be7.Bg2	25	11	11	3	165	Vidit, S.	2673	2000	2017	2026-07-29
C.RyL.Mor.Opn.Hwl.Nc5.Rd1	91	27	46	18	1809	Carlsen, M.	2832	2015	2024	2026-07-29
C.RyL.Mor.StD.Sie.exf5.Bxf5	434	147	199	88	13375	Caruana, F.	2828	1994	2020	2026-07-29
C.Ita.Two.Ng5.Frt.c3.b5	123	57	26	40	166290	Georgiev, Kiril	2685	1996	2014	2026-07-29
C.Ita.Two.Ng5.Lol.exd4.O-O	2	2	0	0	35300	Mingachev, Mansur	2337	1978	2004	2026-07-29
B.Sic.Naj.Sch.MLn	3699	1230	1391	1078	273685	Kasparov, Garry	2849	1995	2017	2026-07-29
B.Sic.Naj.Adm.MLn	6406	1324	4090	992	304492	Carlsen, M.	2870	2015	2020	2026-07-29
B.Sic.Naj.Pst.MLn	5355	1139	3528	688	85221	Caruana, F..	2842	2013	2021	2026-07-29
B.Sic.Sch.Krs.MLn	2944	1161	1123	660	53787	Carlsen, M.	2840	1998	2018	2026-07-29
D.Sem.Bg5.Mos.Qxf6.g3	226	63	120	43	1061	Kramnik, Vladimir	2793	2000	2016	2026-07-29
D.Sem.Bg5.AMo.dxc4	9271	1617	6683	971	92911	Carlsen, M.	2876	2018	2020	2026-07-29
B.Sic.Clo.GPr.MLn	3115	793	1174	1148	1143277	Nepomniachtchi, I.	2776	1996	2020	2026-07-29
C.RyL.Mor.Nor.MLn	19	7	4	8	11711	Vachier Lagrave, M.	2789	1980	2019	2026-07-29
C.RyL.Mor.Wor.MLn	1459	523	539	397	128138	Anand, Viswanathan	2792	2006	2010	2026-07-29
C.Ita.Giu.Mol.MLn	214	42	70	102	827701	Aronian, L.	2782	1988	2024	2026-07-29
C.Ita.Two.Opn.MLn	3824	1038	1606	1180	3679312	Carlsen, M.	2875	2019	2023	2026-07-29
C.Ita.Two.Max.MLn	196	80	53	63	407458	Dominguez Perez, L.	2757	2010	2015	2026-07-29
E.KID.Sml.Pan.MLn	2270	913	814	543	68735	Aronian, L.	2805	2009	2023	2026-07-29
E.KID.Cls.Glg.MLn	365	204	86	75	142016	Kovalenko, I.	2657	1970	2021	2026-07-29
E.KID.Cls.Exc.MLn	2383	495	1370	518	228483	Carlsen, M..	2862	2020	2022	2026-07-29
E.Gru.Exc.Sev.MLn	0	0	0	0	1507					2026-07-29
A.Hol.Sto.Bot.MLn	282	124	105	53	35958	Kasparov, Garry	2690	1983	2011	2026-07-29
D.Sem.AMe.Shr.MLn	1031	254	535	242	16643	Topalov, Veselin	2780	2008	2024	2026-07-29
D.Cat.Cls.Bot.MLn	0	0	0	0	128					2026-07-29
D.Cat.Cls.Rab.MLn	76	22	39	15	2458	Hort, Vlastimil	2605	1972	2014	2026-07-29
E.QID.Mod.Trd.MLn	8973	2656	4925	1392	490310	Carlsen, M.	2853	2012	2016	2026-07-29
E.Nim.Cls.Ker.MLn	893	241	457	195	17909	Kasparov, Garry	2825	1998	2006	2026-07-29
E.Gru.Exc.Sps.MLn	2029	631	1007	391	191282	Caruana, Fabiano	2842	2008	2022	2026-07-29
E.KID.Fch.Uhl.MLn	1132	467	426	239	174726	Carlsen, Magnus	2863	2016	2020	2026-07-29
E.KID.Sml.Byr.MLn	100	24	44	32	11231	Matlakov, Maksim	2665	1972	2017	2026-07-29
E.KID.Fou.Dyn.MLn	1746	648	602	496	213209	Grischuk, Alexander	2777	1989	2020	2026-07-29
E.KID.Avk.Ben.MLn	2034	831	784	419	93903	Carlsen, Magnus	2861	2012	2024	2026-07-29
B.Sic.Dra.Lev.MLn	400	111	140	149	103469	Anand, Viswanathan	2715	1994	2008	2026-07-29
B.Sic.Tay.Eng.MLn	916	245	376	295	317160	Anand, Viswanathan	2798	2005	2018	2026-07-29
B.Sic.Kan.Mar.MLn	3827	1337	1365	1125	359516	Carlsen, M.	2863	2001	2024	2026-07-29
B.Fre.Adv.Mil.MLn	554	204	168	182	588184	Giri, A.	2780	2018	2021	2026-07-29
B.Fre.Tar.Ope.MLn	3565	875	2010	680	425985	Carlsen, M.	2881	2007	2017	2026-07-29
B.CaK.Adv.Tal.MLn	3534	1366	1341	827	975233	Carlsen, Magnus	2863	2020	2020	2026-07-29
C.RyL.Ber.Rio.MLn	119	36	61	22	8580	Malakhov, Vladimir	2722	2010	2014	2026-07-29
C.RyL.Mor.ClD.MLn	456	166	172	118	325772	Carlsen, M.	2830	2024	2024	2026-07-29
C.RyL.Mor.Fch.MLn	180	77	53	50	3477	Nepomniachtchi, I..	2789	2010	2021	2026-07-29
C.RyL.Mor.Car.MLn	1124	394	487	243	1443048	Nakamura, Hi	2810	2007	2025	2026-07-29
C.Ita.Giu.Grc.MLn	1745	487	901	357	465933	Carlsen, M..	2862	2020	2021	2026-07-29
C.Sco.Gor.Dbl.MLn	44	13	17	14	231076	Graf, Alexander	2624	1988	2023	2026-07-29
C.Vie.Gbt.Hmp.MLn	0	0	0	0	214					2026-07-29
C.Fou.Spa.Dbl.MLn	2691	808	1336	547	221388	Carlsen, M.	2865	2015	2025	2026-07-29
C.Fou.Spa.Cls.MLn	392	118	188	86	397724	Caruana, F.	2795	2016	2018	2026-07-29
E.Ben.Bnk.Acc.MLn	6936	2650	2695	1591	1078458	Carlsen, M.	2872	2003	2014	2026-07-29
E.Ben.Bnk.Dec.MLn	63	23	19	21	8659	Ivanisevic, Ivan	2648	1988	2011	2026-07-29
E.Gru.Brn.Nad.MLn	0	0	0	0	825					2026-07-29
D.QGD.Exc.Car.MLn	3874	1413	1880	581	528557	Ding Liren	2813	2009	2025	2026-07-29
D.QGD.Exc.Min.MLn	17	9	4	4	7659	Keymer, Vincent	2776	2016	2025	2026-07-29
E.KID.Cls.Bol.MLn	6	1	4	1	697	Komarov, Dimitri	2582	1999	2017	2026-07-29
E.KID.Cls.Ort.MLn	18752	6799	7930	4023	833871	Kasparov, Garry	2815	1998	2016	2026-07-29
E.Bud.Faj.MLn	74	35	24	15	38984	Kasimdzhanov, Rustam	2690	1976	2001	2026-07-29
E.Bud.Faj.MLn.e3	8	3	5	0	13570	Hoffman, Alejandro	2524	1980	2011	2026-07-29
E.Bud.Faj.MLn.e3.Be2	0	0	0	0	27					2026-07-29
E.Bud.Faj.MLn.e3.Be2.O-O	0	0	0	0	3					2026-07-29
E.Bud.Faj.Bns.MLn	21	16	5	0	8373	Romero Holmes, Alfonso	2544	2003	2023	2026-07-29
E.Bud.Faj.Ste.MLn	14	5	4	5	5497	Hertneck, Gerald	2555	1987	1991	2026-07-29
E.Bud.Rub.MLn.e3	0	0	0	0	1507					2026-07-29
E.Bud.Rub.MLn.e3.Be2	0	0	0	0	12					2026-07-29
E.Bud.Alk.MLn	0	0	0	0	4745					2026-07-29
E.Bud.Alk.MLn.Nf3	2	0	0	2	25204	Solomon, Stephen J	2468	2008	2021	2026-07-29
E.Gru.Thr.MLn	5231	1478	2715	1038	679803	Carlsen, M.	2875	2014	2020	2026-07-29
E.Gru.Thr.MLn.Qb3	218	70	88	60	26846	Wang, Yue	2702	1976	2015	2026-07-29
E.Gru.Neo.MLn	2616	928	1156	532	245290	Carlsen, M.	2832	1999	2019	2026-07-29
E.Gru.Neo.MLn.cxd5	1818	659	803	356	70238	Carlsen, M.	2832	2007	2025	2026-07-29
E.Gru.Neo.MLn.cxd5.Nxd5	2483	886	1107	490	104164	Carlsen, M.	2832	2013	2019	2026-07-29
E.Gru.Rus.Prz.MLn	779	223	426	130	21575	Carlsen, M.	2882	2015	2019	2026-07-29
E.Gru.Rus.Szs.MLn	58	32	20	6	9625	Vidit, S.	2723	1995	2022	2026-07-29
E.Gru.Fch.Pac.MLn	384	108	123	153	222364	Carlsen, M.	2864	2022	2024	2026-07-29
E.Gru.Fch.Euw.MLn	15	7	5	3	74540	Smirnov, P.	2544	1994	2024	2026-07-29
E.Gru.Exc.Mod.MLn	0	0	0	0	129					2026-07-29
E.Nim.Spl.MLn	384	116	165	103	140228	Karpov, Anatoly	2725	1992	2016	2026-07-29
E.Nim.Spl.MLn.e3	20	8	8	4	33059	Fridman, D.	2647	1989	2023	2026-07-29
E.Nim.Cls.Noa.MLn	1090	205	762	123	37499	Carlsen, M..	2862	2017	2020	2026-07-29
E.Nim.Cls.Bot.MLn	39	8	21	10	1891	Kasparov, Garry	2760	1988	2025	2026-07-29
E.Nim.Cls.Mil.MLn	0	0	0	0	4005					2026-07-29
E.Nim.Rub.Res.MLn	7481	1838	4206	1437	129827	Carlsen, M.	2864	2000	2022	2026-07-29
E.Nim.Rub.Flo.MLn	479	139	220	120	26471	Carlsen, M.	2856	2022	2025	2026-07-29
E.Nim.Rub.StP.MLn	1391	446	526	419	77126	Carlsen, Magnus	2848	2007	2024	2026-07-29
E.Nim.Sml.Kmo.MLn	739	215	276	248	86792	Carlsen, Magnus	2863	2016	2020	2026-07-29
E.Nim.Kas.Euw.MLn	256	123	90	43	93641	Caruana, F.	2804	2006	2022	2026-07-29
E.QID.Sps.MLn	1	0	1	0	158	Maksimovic, Branimir	2410	2010	2010	2026-07-29
E.QID.Euw.MLn	2444	856	1158	430	147194	Carlsen, M..	2862	2006	2021	2026-07-29
E.QID.Kas.MLn	1321	415	580	326	264045	Carlsen, M.	2853	2010	2017	2026-07-29
E.QID.Cls.MLn	887	335	378	174	48458	Mamedyarov, S.	2782	2007	2021	2026-07-29
E.KID.Cls.Arb.MLn	0	0	0	0	238					2026-07-29
E.KID.Sml.Bob.MLn	145	69	44	32	2030	Polugaevsky, Lev	2645	1974	2016	2026-07-29
E.KID.Sml.Krs.MLn	0	0	0	0	6769					2026-07-29
E.KID.Fch.Sim.MLn	7431	2773	3138	1520	263197	Caruana, Fabiano	2842	2010	2020	2026-07-29
E.KID.Fch.Kav.MLn	0	0	0	0	71					2026-07-29
D.Sla.Sml.MLn	206	73	79	54	5650	Carlsen, M.	2877	1996	2014	2026-07-29
D.Sla.Ala.MLn	883	342	250	291	280546	Carlsen, M.	2875	2007	2019	2026-07-29
D.Sla.Cze.Kra.MLn	6632	2349	3119	1164	158640	Kasparov, Garry	2851	2000	2020	2026-07-29
D.Sla.Not.MLn	513	146	192	175	86916	Morozevich, Alexander	2762	2007	2023	2026-07-29
D.Sla.Stn.MLn	112	28	37	47	199651	Timofeev, Artyom	2646	1989	2006	2026-07-29
D.QGA.Bog.MLn	1732	607	749	376	118114	Ding, Liren	2791	2008	2023	2026-07-29
D.QGA.Flo.MLn	380	105	251	24	20223	Aronian, Levon	2809	2009	2021	2026-07-29
D.QGA.Jan.MLn	4445	1398	2193	854	187653	Carlsen, M.	2865	2001	2022	2026-07-29
D.QGD.Har.MLn	10315	3156	5946	1213	835175	Carlsen, M.	2882	2014	2019	2026-07-29
D.QGD.Alt.MLn	10910	3407	6204	1299	823612	Carlsen, M.	2882	2014	2019	2026-07-29
D.QGD.Cls	7877	2442	4252	1183	2469854	Carlsen, M..	2847	2001	2021	2026-07-29
D.QGD.Cls.MLn	4160	1188	2360	612	618752	Kasparov, Garry	2838	1996	2011	2026-07-29
D.QGD.Cls.MLn.Bh4	8442	2096	5096	1250	835904	Carlsen, M.	2877	2001	2015	2026-07-29
D.QGD.Cls.Bd3	1554	389	937	228	72273	Nakamura, Hi	2798	2001	2015	2026-07-29
D.QGD.Cls.Nf3	7877	2442	4252	1183	2469854	Carlsen, M..	2847	2001	2021	2026-07-29
D.QGD.Cls.Nf3.c5	11	6	5	0	227084	Ikonnikov, Vyacheslav	2550	1981	2010	2026-07-29
D.QGA.Cls.MLn	10386	2931	5922	1533	176794	Kasparov, Garry	2847	2001	2019	2026-07-29
D.QGA.Cls.MLn.a4	0	0	0	0	4					2026-07-29
D.QGA.Cls.Ale.MLn	1011	281	464	266	16351	Mamedyarov, S.	2791	2017	2022	2026-07-29
D.Sla.Cls.MLn.Nh4	11	3	6	2	1232	Epishin, Vladimir	2667	1988	2011	2026-07-29
D.Sla.Cls.MLn.Qe2	10	3	6	1	2613	Efendiyev, Enver Mikhailovich	2568	2000	2015	2026-07-29
D.Sla.Dim.MLn	5	1	3	1	166687	BioWaffen, Rybka 2.3.1 mp 32-b	2403	1976	2020	2026-07-29
D.Sla.Win.MLn	177	78	66	33	45956	Kasparov, Garry	2780	1992	2012	2026-07-29
D.Tar.Rub.MLn	3667	1358	1701	608	128761	Vachier Lagrave, M.	2775	2002	2019	2026-07-29
D.Tar.Rub.MLn.O-O	5826	2294	2619	913	232607	Mamedyarov, S.	2801	1998	2019	2026-07-29
D.Tar.HSc.MLn	271	83	98	90	115752	Grischuk, A..	2776	2021	2024	2026-07-29
D.Tar.Mar.MLn	18	6	4	8	9644	Bronstein, David I	2570	1975	1994	2026-07-29
D.STa.Kmo.MLn	2659	773	1493	393	187048	Carlsen, M.	2861	2015	2019	2026-07-29
D.STa.Sym.MLn	1	0	1	0	1927	Roeder, Mathias	2460	1997	1997	2026-07-29
D.STa.End.MLn	506	46	444	16	3310	Carlsen, M.	2864	2020	2023	2026-07-29
D.Chi.Laz.MLn	0	0	0	0	289					2026-07-29
D.Chi.Tar.MLn	2	2	0	0	3311	Karsa, Laszlo	2425	1986	2008	2026-07-29
D.QPG.Ver.MLn	14667	4741	6590	3336	2904322	Kasparov, Garry	2851	2000	2017	2026-07-29
D.QPG.Ama.MLn	16	11	3	2	46653	Sivokho, Sergey	2486	1995	2008	2026-07-29
D.QPG.Mas.MLn	18	4	7	7	499358	Georgiev, Vladimir	2581	2000	2017	2026-07-29
D.QPG.Sto.MLn	11	5	3	3	435579	Tosic, Miroslav	2503	2000	2021	2026-07-29
D.QPG.Zur.MLn	0	0	0	0	4938					2026-07-29
E.Ben.Czk.MLn	2921	1315	913	693	444411	Aronian, L.	2826	2012	2019	2026-07-29
E.Ben.Czk.MLn.Be7	1977	901	607	469	306193	Ivanchuk, Vassily	2768	2006	2011	2026-07-29
E.Gru.Sml.MLn	38	14	17	7	32417	Tukmakov, Vladimir B	2600	1993	2017	2026-07-29
E.Gru.Sml.MLn.c5	0	0	0	0	365					2026-07-29
E.OldI.Ukr.MLn	3711	1524	1307	880	251120	Svidler, Peter	2747	2002	2014	2026-07-29
E.OldI.Jan.MLn	40	26	11	3	23860	Fedoseev, Vl3	2704	1981	2021	2026-07-29
E.Nim.Fou.MLn	3981	1140	2008	833	307071	Carlsen, M.	2872	2013	2024	2026-07-29
E.Nim.Fou.MLn.e4	0	0	0	0	7033					2026-07-29
E.Nim.Mik.MLn	6	0	5	1	5672	Ponkratov, P.	2630	2000	2019	2026-07-29
E.Nim.Mik.MLn.Nf3	0	0	0	0	1245					2026-07-29
E.Bog.Exc.MLn	550	155	340	55	46232	Kramnik, V.	2753	2016	2024	2026-07-29
E.Bog.Hai.MLn	87	30	30	27	25980	Le, Quang Liem	2739	2012	2024	2026-07-29
E.Bog.Rom.MLn	116	45	53	18	7531	Narayanan, SL.	2695	1971	2024	2026-07-29
E.Bog.NEn.MLn	1	0	1	0	493	Volodin, Alexey	2311	2003	2003	2026-07-29
E.Bog.Grn.MLn	1249	500	470	279	63461	So, W.	2760	2022	2023	2026-07-29
E.KID.Fch.MLn	15368	5982	6058	3328	1375130	Carlsen, Magnus	2863	2018	2020	2026-07-29
E.KID.Fch.MLn.O-O	6419	2374	2477	1568	871671	Carlsen, Magnus	2863	2017	2020	2026-07-29
E.KID.Fou.Bg5	44	19	13	12	91377	Adhiban, Baskaran	2683	2002	2019	2026-07-29
E.KID.Fou.Be2	18	8	6	4	5694	Romanov, Evgeny	2623	1996	2012	2026-07-29
E.KID.Cls.Old	3285	1198	1048	1039	817642	Carlsen, Magnus	2863	2020	2025	2026-07-29
E.KID.Cls.Old.e5	6754	2549	2369	1836	510279	Carlsen, Magnus	2863	2018	2022	2026-07-29
E.Nim.Rub.Cls	10671	2743	5641	2287	196812	Carlsen, M.	2861	2000	2019	2026-07-29
E.Nim.Rub.Cls.cxd5	1390	452	561	377	28783	Carlsen, M.	2861	2017	2020	2026-07-29
B.Fre.Adv.NwG	141	46	32	63	395297	Aronian, L.	2789	1974	2017	2026-07-29
B.Fre.Cls.MLn	3928	1512	1535	881	1687151	Kasparov, Garry	2827	2000	2012	2026-07-29
B.Fre.Stn.MLn	16253	5572	7498	3183	3364233	Carlsen, M.	2882	2012	2023	2026-07-29
B.Fre.Mac.MLn	3548	1145	1559	844	379416	Anand, Viswanathan	2817	2007	2011	2026-07-29
B.Fre.Exc.Uhl	347	74	167	106	345763	Erigaisi, Arjun	2801	2024	2025	2026-07-29
B.Fre.Exc.Bg4	351	93	152	106	925719	Caruana, F.	2808	1991	2017	2026-07-29
B.Fre.Exc.Nc6	948	192	459	297	968761	Caruana, F..	2823	1991	2024	2026-07-29
A.KIA.Fre.MLn	95	43	29	23	74989	So, W.	2767	2007	2020	2026-07-29
A.KIA.Fre.Bar	1426	561	492	373	214036	Caruana, F.	2818	2012	2024	2026-07-29
B.Sic.Alp.Dd6	7480	2461	2809	2210	2912082	Carlsen, Magnus	2868	2000	2016	2026-07-29
B.Sic.Ros.a6	238	116	77	45	767631	Piorun, K.	2676	2006	2016	2026-07-29
A.Tro.Bxf6	630	244	247	139	252144	Aronian, L.	2815	2013	2020	2026-07-29
B.CaK.Cls.Spd.Nd7	8428	2247	4449	1732	780953	Kasparov, Garry	2847	2003	2021	2026-07-29
B.Fre.Rub.MLn	5615	1934	2943	738	1627927	Kasparov, Garry	2851	2000	2016	2026-07-29
B.Fre.Mac.exd5	331	108	134	89	12271	Firouzja, Alireza	2751	1996	2024	2026-07-29
B.Fre.Cls.MLn.ACh	1345	544	482	319	554776	Kasparov, Garry	2827	2001	2015	2026-07-29
B.Sic.Mor.Bd7	13062	3435	7010	2617	2160871	Carlsen, M.	2870	2016	2021	2026-07-29
B.Sic.Mor.Nd7	12159	3382	5161	3616	1071084	Carlsen, M.	2872	2013	2020	2026-07-29
B.Fre.RPa	589	200	210	179	572539	Duda, J.	2717	2017	2024	2026-07-29
B.Fre.Kor	511	175	138	198	840106	Vitiugov, N.	2747	2009	2020	2026-07-29
B.CaK.Exc.MLn	1741	495	675	571	234097	Carlsen, M.	2857	2016	2019	2026-07-29
B.CaK.Fan.MLn	65	21	23	21	19073	Le, Quang Liem	2709	2008	2021	2026-07-29
B.CaK.Brn.c3	89	29	43	17	4460	Ponomariov, Ruslan	2717	2004	2012	2026-07-29
B.Pir.Cls.Bg7	8765	2859	3730	2176	4352447	Carlsen, M.	2882	2013	2019	2026-07-29
B.Sic.Kal.MLn	7634	2467	3228	1939	2239376	Carlsen, M.	2861	2013	2019	2026-07-29
B.Sic.Loe.MLn	1177	460	504	213	787960	Carlsen, Magnus	2837	2012	2021	2026-07-29
B.Sic.Nim.e5	2036	801	780	455	405020	Carlsen, M.	2856	2018	2021	2026-07-29
B.Sca.Por.Bnk	83	28	25	30	161368	Carlsen, M.	2834	1997	2018	2026-07-29
B.Sca.Por.Bnk.MLn	64	22	18	24	97303	Carlsen, M.	2834	1997	2018	2026-07-29
B.Sca.Por.Jad	187	72	59	56	17046	Oparin, G.	2626	2003	2016	2026-07-29
B.Sca.Por.Mel	49	23	18	8	10497	Petrosian, Tigran L	2616	1996	2008	2026-07-29
B.Sca.Por.Cor	73	49	13	11	47833	Popov, Iv RUS	2622	2008	2019	2026-07-29
B.Sca.Por.Wus	287	101	109	77	440254	Leko, P.	2707	1996	2019	2026-07-29
B.Sca.Por.Lus	53	27	16	10	10943	Muzychuk, Anna	2540	2000	2019	2026-07-29
B.Sca.Por.Elb	15	10	4	1	15678	Fressinet, Laurent	2675	1996	2019	2026-07-29
B.Sca.Por.Cls	310	130	99	81	272086	Carlsen, Magnus	2810	2004	2018	2026-07-29
B.Sca.Pan	846	300	358	188	1767654	Ivanchuk, Vassily	2740	1997	2018	2026-07-29
B.Sca.Nf6.Nf3	108	47	40	21	434000	Wei Yi	2740	2004	2021	2026-07-29
B.Sca.Nf6.Nf3.Gou	0	0	0	0	771					2026-07-29
B.Sca.Nf6.Nf3.Cel	126	61	45	20	823539	Tiviakov, Sergei	2700	2004	2005	2026-07-29
B.Sca.Nf6.Nf3.Cha	27	13	10	4	4001	Demchenko, Anton	2632	2000	2020	2026-07-29
B.Sca.Nf6.Chk	1041	424	368	249	964137	Caruana, F.	2795	2002	2025	2026-07-29
B.Sca.Nf6.Chk.Bd7	864	354	300	210	586590	Caruana, F.	2795	2002	2016	2026-07-29
B.Sca.Nf6.Chk.Nbd	166	62	66	38	164426	Wei Yi	2758	1993	2025	2026-07-29
B.CaK.Two.Nf6	2330	773	994	563	1628203	Carlsen, M.	2840	2016	2024	2026-07-29
B.CaK.Two.Bf5	92	45	29	18	517733	Ivanchuk, Vassily	2764	2010	2016	2026-07-29
B.CaK.Tar.Be3	299	120	109	70	139911	Nepomniachtchi, I.	2792	2021	2023	2026-07-29
C.RyL.AntM.a4	4991	1276	2918	797	178172	Carlsen, M.	2865	2013	2022	2026-07-29
C.RyL.AntM.h3	5131	1212	3265	654	169579	Carlsen, M.	2855	2003	2021	2026-07-29
C.RyL.AntM.d3	1198	386	581	231	88939	Carlsen, M.	2839	2012	2025	2026-07-29
A.Tro.Cls.MLn	3145	1043	1113	989	690515	Carlsen, M.	2864	2011	2022	2026-07-29
A.Tro.Cls.MLn.e3	627	210	251	166	290741	Rapport, R.	2735	2011	2023	2026-07-29
A.Tro.Rap.MLn	699	269	235	195	266155	Mamedyarov, S.	2738	2011	2024	2026-07-29
A.Tro.Rap.MLn.e6	0	0	0	0	60					2026-07-29
A.Tro.Rap.MLn.f6	2	1	1	0	2654	Nestorovic, N.	2452	1996	2015	2026-07-29
A.Tro.Bxf6.e3	630	244	247	139	252144	Aronian, L.	2815	2013	2020	2026-07-29
A.Tor.ClD.MLn	180	64	68	48	285711	Dominguez Perez, L.	2758	1983	2019	2026-07-29
A.Tor.ClD.MLn.c3	20	11	8	1	148725	Rapport, R.	2735	2008	2019	2026-07-29
A.Tor.Nim.MLn	1501	399	600	502	121347	Carlsen, M.	2840	2016	2018	2026-07-29
A.Tor.Yus.MLn	330	131	132	67	15010	Karpov, Anatoly	2755	1989	2017	2026-07-29
B.Ale.Fou.MLn	1025	395	385	245	931405	Carlsen, Magnus	2863	2002	2024	2026-07-29
B.Ale.Fou.MLn.Nf3	0	0	0	0	1762					2026-07-29
B.Ale.Fou.MLn.Be3	0	0	0	0	188					2026-07-29
B.Ale.Fou.Trd.MLn	14	5	3	6	275332	Bu, Xiangzhi	2670	1988	2018	2026-07-29
B.Ale.Mod.MLn	3335	1399	1182	754	556931	Fischer, Robert James	2785	1972	2018	2026-07-29
B.Ale.Chs.MLn	329	100	122	107	236280	Khenkin, Igor	2655	1994	2015	2026-07-29
B.Pir.Cls.Bg7.MLn	6967	2157	3118	1692	545972	Carlsen, M.	2882	2013	2022	2026-07-29
B.Pir.Cls.Bg7.MLn.O-O	6531	2000	2954	1577	455709	Carlsen, M.	2882	2013	2022	2026-07-29
B.Pir.Aus.Drg.MLn	3227	1158	1259	810	484271	Aronian, Levon	2813	2010	2013	2026-07-29
B.Pir.Aus.Unz.MLn	1	0	0	1	48028	Gipslis, Aivars	2465	1992	1992	2026-07-29
B.Pir.150.MLn	1349	550	546	253	587227	Caruana, F.	2819	2008	2019	2026-07-29
B.Pir.150.MLn.O-O-O	78	40	24	14	86258	Najer, E.	2664	1991	2016	2026-07-29
B.Pir.Byr.MLn	763	338	250	175	309932	Grischuk, Alexander	2777	1999	2020	2026-07-29
C.PhD.Han.MLn	311	99	103	109	54558	Movsesian, Sergei	2721	2010	2013	2026-07-29
C.PhD.Han.MLn.O-O	196	61	61	74	33835	Bjerre, Jonas Buhl	2654	2007	2025	2026-07-29
C.PhD.Exc.MLn	3749	1425	1357	967	2023455	Carlsen, Magnus	2863	2012	2020	2026-07-29
C.PhD.Lio.MLn	8073	3033	3053	1987	299788	Carlsen, M.	2881	2013	2025	2026-07-29
C.Pon.CGm.MLn	50	25	10	15	30758	Nakamura, Hikaru	2658	1976	2011	2026-07-29
C.Pon.CGm.MLn.exf5	0	0	0	0	2063					2026-07-29
C.Pon.Jae.MLn.e5	231	73	79	79	553710	Carlsen, Magnus	2861	2013	2018	2026-07-29
C.Pon.Ste.MLn.f6	170	35	77	58	32738	So, W.	2822	2012	2017	2026-07-29
C.Vie.Cls.MLn	660	215	267	178	849238	Carlsen, M..	2847	2015	2021	2026-07-29
C.Vie.Cls.MLn.Nf3	40	13	16	11	191169	Carlsen, M.	2865	2022	2024	2026-07-29
C.Vie.Mie.MLn	1101	312	544	245	102153	Mamedyarov, S.	2801	2001	2019	2026-07-29
C.Vie.Fal.MLn	466	138	200	128	390989	Nakamura, Hi	2802	2016	2024	2026-07-29
C.Vie.Gbt.Pie.MLn	1	0	0	1	94416	Lang, Zalan Andreas	2222	2004	2004	2026-07-29
B.Sic.Alp.Nf6.MLn	9315	2361	4110	2844	1339226	Aronian, L.	2785	2008	2022	2026-07-29
B.Sic.Alp.Cen.MLn	11426	3206	5155	3065	1698953	Carlsen, M..	2862	2020	2024	2026-07-29
B.Sic.Alp.Dd6.MLn	3376	1085	1286	1005	761177	Carlsen, Magnus	2868	2000	2020	2026-07-29
B.Sic.Ros.Cls.MLn	10389	3415	4770	2204	900167	Carlsen, M.	2870	2018	2022	2026-07-29
B.Sic.Ros.Cls.MLn.c3	4165	1469	1714	982	491918	Carlsen, M.	2865	2020	2023	2026-07-29
B.Sic.Ros.a6.Bxc6	238	116	77	45	723228	Piorun, K.	2676	2006	2016	2026-07-29
B.Sic.Mor.Bd7.MLn	8858	2289	4966	1603	849838	Carlsen, M..	2862	2012	2021	2026-07-29
B.Sic.Mor.Nd7.O-O	4064	1142	1638	1284	453131	Carlsen, M.	2872	2013	2021	2026-07-29
B.Fre.Rub.MLn.Nf6	4575	1531	2451	593	1141457	Kasparov, Garry	2851	2000	2016	2026-07-29
B.Fre.Rub.MLn.Bd3	990	355	494	141	434281	Kasparov, Garry	2851	2000	2012	2026-07-29
B.Fre.Mac.MLn.Bd3	0	0	0	0	181					2026-07-29
B.Fre.Mac.MLn.Bh4	117	43	47	27	32140	Nakamura, Hi	2816	2015	2022	2026-07-29
B.CaK.Two.Nf6.MLn	619	188	286	145	587089	Carlsen, M.	2840	2016	2019	2026-07-29
B.CaK.Two.Bf5.MLn	88	42	28	18	444366	Ivanchuk, Vassily	2764	2010	2016	2026-07-29
D.Bgm.Acc.Bog.MLn	52	5	18	29	45915	Muck, Christian	2547	1994	2007	2026-07-29
D.Bgm.Acc.Euw.MLn	11	2	3	6	208623	Gurevich, Dmitry	2543	1984	2024	2026-07-29
D.Bgm.Acc.Tei.MLn	57	16	21	20	243092	Korneev, Oleg	2619	1988	2008	2026-07-29
D.Bgm.Acc.Gun.MLn	1	0	1	0	8767	Santos, Luis M	2376	1999	1999	2026-07-29
D.Bgm.Acc.Zie.MLn	14	2	11	1	63005	Gysi, Adolf	2454	2005	2014	2026-07-29
D.Bgm.Dec.Elb.MLn	3	0	1	2	22536	Mellado Trivino, J.	2410	2004	2017	2026-07-29
D.Chi.Jan.Mod.e3	116	60	39	17	46154	Morozevich, Alexander	2758	1994	2010	2026-07-29
D.Chi.Laz.MLn.Ne5	0	0	0	0	301					2026-07-29
D.Chi.Tar.MLn.Nb5	0	0	0	0	97					2026-07-29
D.Sla.Sml.MLn.Bg4	181	65	69	47	4327	Carlsen, M.	2877	1996	2014	2026-07-29
D.Sla.Ala.MLn.a4	16	4	8	4	63574	Shankland, S.	2698	2019	2024	2026-07-29
D.Sla.Not.MLn.a4	544	159	201	184	73530	Morozevich, Alexander	2762	2007	2023	2026-07-29
D.Sla.Stn.MLn.e4	13	3	0	10	63647	Rasmussen, Karsten	2430	1992	2011	2026-07-29
D.QGA.Bog.MLn.O-O	320	87	156	77	40226	Ivanchuk, Vassily	2781	1984	2024	2026-07-29
D.QGA.Flo.MLn.a4	379	105	251	23	18298	Aronian, Levon	2809	2013	2021	2026-07-29
D.QGA.Jan.MLn.O-O	3529	1098	1780	651	115568	Carlsen, M.	2865	2001	2022	2026-07-29
D.QGA.Man.MLn.e4	0	0	0	0	4					2026-07-29
D.Tar.HSc.MLn.Qd1	229	77	82	70	67424	Grischuk, A..	2776	2021	2024	2026-07-29
D.Tar.Mar.MLn.Bd6	0	0	0	0	253					2026-07-29
D.STa.Kmo.MLn.Be7	9	8	1	0	5971	Milos, Gilberto	2574	1986	2002	2026-07-29
D.STa.Sym.MLn.b6	0	0	0	0	622					2026-07-29
D.STa.End.MLn.Bc4	0	0	0	0	0					2026-07-29
D.QPG.Ver.MLn.Be7	3928	1512	1535	881	1687151	Kasparov, Garry	2827	2000	2012	2026-07-29
D.QPG.Ama.MLn.c6	2	2	0	0	18424	Vokac, Marek	2485	1997	2010	2026-07-29
D.QPG.Mas.MLn.e6	1	1	0	0	292535	Masternak, Grzegorz	2360	1990	1990	2026-07-29
D.QPG.Sto.MLn.c5	7	3	2	2	217386	Kuzubov, Y.	2632	1990	2017	2026-07-29
D.QPG.Zur.MLn.h3	0	0	0	0	567					2026-07-29
E.OldI.Ukr.MLn.Be7	1846	814	642	390	165864	Giri, A.	2776	2003	2021	2026-07-29
E.OldI.Jan.MLn.e3	1	0	0	1	7349	Milanovic, Danilo	2443	2004	2004	2026-07-29
E.Bog.Exc.MLn.Nc3	329	80	206	43	39686	Vitiugov, N.	2726	2016	2022	2026-07-29
E.Bog.Hai.MLn.O-O	59	20	21	18	13841	Le, Quang Liem	2739	2012	2024	2026-07-29
E.Bog.Rom.MLn.O-O	96	30	48	18	9093	Kovalev, Vl	2683	1993	2019	2026-07-29
E.Bog.NEn.MLn.g3	1	0	1	0	70	Volodin, Alexey	2311	2003	2003	2026-07-29
E.Bog.Grn.MLn.e3	319	109	122	88	55300	Gukesh, D.	2758	2008	2023	2026-07-29
E.QID.Sps.MLn.O-O	0	0	0	0	0					2026-07-29
E.QID.Euw.MLn.Bxd2	671	227	349	95	52223	Kasparov, Garry	2825	1998	2023	2026-07-29
E.QID.Kas.MLn.Bd2	409	104	170	135	158815	Caruana, F.	2793	2016	2024	2026-07-29
E.QID.Pet.KPe.Be7	514	280	135	99	99693	Radjabov, T.	2763	2016	2025	2026-07-29
E.QID.Cls.MLn.exd5	754	289	327	138	36406	Mamedyarov, S.	2782	2006	2021	2026-07-29
E.QID.Cls.MLn.exd5.Nh4	719	274	312	133	33605	Mamedyarov, S.	2782	2006	2021	2026-07-29
E.QID.Cls.MLn.exd5.Nd4	35	14	16	5	2336	Maghsoodloo, Parham	2719	1980	2023	2026-07-29
E.Gru.Hng.MLn	300	72	178	50	17653	Vachier Lagrave, Maxime	2804	2016	2017	2026-07-29
E.Gru.Sml.MLn.c5.dxc5	0	0	0	0	33					2026-07-29
E.Gru.Thr.MLn.Qb3.Nxc3	134	32	58	44	15245	Sutovsky, Emil	2697	1991	2021	2026-07-29
E.Gru.Neo.MLn.cxd5.Nxd5.e4	29	6	12	11	13534	Shimanov, A.	2578	1977	2024	2026-07-29
E.Gru.Exc.Mod.MLn.Be2	0	0	0	0	10					2026-07-29
E.KID.Fou.Bg5.Be2	49	18	16	15	66275	Adhiban, Baskaran	2683	1998	2019	2026-07-29
E.KID.Fou.Be2.O-O	4	1	1	2	3534	Stocek, Jiri	2582	1999	2017	2026-07-29
E.KID.Cls.Old.e5.d5	585	185	187	213	252157	Kasimdzhanov, R.	2712	2011	2016	2026-07-29
E.KID.Cls.Arb.MLn.Nxd4	0	0	0	0	230					2026-07-29
E.KID.Sml.Bob.MLn.b5	0	0	0	0	1					2026-07-29
E.KID.Sml.Krs.MLn.c5	0	0	0	0	1684					2026-07-29
E.Ben.Czk.MLn.Be7.Nf3	415	172	131	112	64794	Kasparov, Garry	2720	1986	2014	2026-07-29
E.Ben.Bnk.Acc.MLn.Bxa6	1934	812	715	407	632762	Karpov, Anatoly	2770	1995	1998	2026-07-29
E.Ben.Bnk.Dec.MLn.Bxe7	0	0	0	0	1					2026-07-29
A.Eng.Org.MLn	3	2	0	1	11084	Bazant, Petr Jr	2282	1989	2007	2026-07-29
A.Eng.Org.MLn.Bb2	0	0	0	0	4463					2026-07-29
A.Eng.Org.MLn.Bb2.Bxb4	0	0	0	0	2965					2026-07-29
A.Eng.Mik.MLn.Ne4	0	0	0	0	60					2026-07-29
A.Eng.Mik.MLn.Ne4.Nfd7	0	0	0	0	1					2026-07-29
A.Eng.Rev.Bot.MLn.Qd7	168	64	72	32	9560	Kasparov, Garry	2800	1979	2010	2026-07-29
A.Eng.Rev.Bot.MLn.Qd7.f4	0	0	0	0	413					2026-07-29
A.Eng.Sym.Hdg.MLn.Bxg2	153	21	87	45	14035	Ivanchuk, Vassily	2741	1992	2018	2026-07-29
A.Eng.Sym.Hdg.MLn.Bxg2.Kxg2	179	29	97	53	18228	Ivanchuk, Vassily	2741	1992	2018	2026-07-29
A.Eng.Sym.Rub.MLn.O-O	37	10	22	5	9722	Kramnik, Vladimir	2775	1996	2019	2026-07-29
A.Eng.Sym.Rub.MLn.O-O.Be2	32	8	20	4	5486	Kramnik, Vladimir	2775	1996	2019	2026-07-29
A.Eng.Rev.Fou.MLn.e3	0	0	0	0	589					2026-07-29
A.Eng.Rev.Fou.MLn.e3.Be7	0	0	0	0	107					2026-07-29
A.Ret.Acc.MLn	531	179	248	104	367484	Kramnik, Vladimir	2791	2010	2022	2026-07-29
A.Ret.Acc.MLn.Be6	70	18	39	13	24474	Malakhov, Vladimir	2690	2002	2008	2026-07-29
A.Ret.Acc.MLn.Be6.Bxc4	0	0	0	0	724					2026-07-29
A.Ret.Adv.MLn	1302	356	554	392	135431	Anand, V.	2797	1999	2016	2026-07-29
A.Ret.Adv.MLn.Nc6	861	249	354	258	38287	Anand, Viswanathan	2803	2008	2016	2026-07-29
A.Ret.Adv.MLn.Nc6.Bg2	771	223	329	219	32906	Anand, Viswanathan	2803	2008	2016	2026-07-29
A.Ret.Ang.MLn	5640	2181	2442	1017	600430	Aronian, Levon	2807	2010	2024	2026-07-29
A.Ret.Ang.MLn.Nf6	6584	2553	2836	1195	517914	Carlsen, M.	2872	2010	2019	2026-07-29
A.Ret.QGI.MLn	6321	2248	2606	1467	600602	Carlsen, M.	2837	2010	2025	2026-07-29
A.Ret.QGI.MLn.Nf6	16698	5481	7970	3247	759716	Carlsen, M.	2872	2013	2020	2026-07-29
A.Ret.Fch.MLn	3141	1294	1247	600	226806	Carlsen, M.	2837	2015	2017	2026-07-29
A.Ret.Fch.MLn.Bg2	3156	1311	1250	595	261087	Carlsen, M.	2837	2017	2018	2026-07-29
A.KIA.Sic.MLn	1920	632	663	625	417723	Ivanchuk, V.	2747	2001	2023	2026-07-29
A.KIA.Sic.MLn.g3	2993	971	1029	993	426913	Aronian, L.	2797	2001	2022	2026-07-29
A.KIA.Sic.MLn.g3.Nf6	1579	598	492	489	424925	So, W.	2810	2000	2017	2026-07-29
A.KIA.Car.MLn	1225	382	485	358	303498	Carlsen, M.	2832	2008	2017	2026-07-29
A.KIA.Car.MLn.Ngf3	1173	367	467	339	235237	Carlsen, M.	2832	2008	2017	2026-07-29
A.Hol.Fch.MLn	6280	2068	2967	1245	162575	Caruana, Fabiano	2835	2012	2020	2026-07-29
A.Hol.Fch.MLn.c4	5818	1869	2735	1214	184513	Caruana, Fabiano	2835	2012	2020	2026-07-29
A.Hol.Sta.MLn	769	259	272	238	351568	Nakamura, Hi	2745	2006	2019	2026-07-29
A.Hol.Sta.MLn.d5	13	10	1	2	76468	Kobalia, M.	2628	1998	2022	2026-07-29
A.Hol.Hop.MLn	32	9	10	13	7176	Sargsyan, Shant	2666	1984	2025	2026-07-29
A.Hol.Kre.MLn	44	15	10	19	22337	Palatnik, Semon	2500	1988	2020	2026-07-29
A.Hol.Alp.MLn	6	1	1	4	224	Psakhis, Lev	2525	1983	1998	2026-07-29
A.Hol.Lng.MLn.b3	256	80	89	87	21335	Nakamura, Hi	2766	2010	2022	2026-07-29
A.Hol.Lng.MLn.b3.Nc6	25	8	7	10	4865	Piorun, K.	2655	1995	2018	2026-07-29
A.Hol.Sto.Bot.MLn.c5	0	0	0	0	120					2026-07-29
A.Lon.Msn.MLn	1776	530	751	495	1910577	Carlsen, M.	2850	2015	2018	2026-07-29
A.Lon.Msn.MLn.Nbd2	4191	1305	1879	1007	1359155	Carlsen, M.	2850	2015	2017	2026-07-29
A.Lon.Job.Nc6.MLn	0	0	0	0	55172					2026-07-29
A.Lon.Job.Nc6.MLn.Nb5	0	0	0	0	24965					2026-07-29
A.Lon.Psn.Qxb2	0	0	0	0	9189					2026-07-29
A.Lon.Psn.Qxb2.Nb5	0	0	0	0	9324					2026-07-29
A.Col.Zuk.MLn	391	126	170	95	193071	Carlsen, M..	2847	2016	2022	2026-07-29
A.Col.Zuk.MLn.Be7	74	25	30	19	53267	Anton Guijarro, D.	2694	2009	2022	2026-07-29
A.Col.Phn.MLn	92	20	47	25	27141	Yu Yangyi	2720	1996	2025	2026-07-29
A.Tor.Yus.MLn.c3	102	23	49	30	20060	Akopian, Vl	2667	1991	2014	2026-07-29
A.Tor.Yus.MLn.c3.Bb7	100	23	49	28	17095	Akopian, Vl	2667	1991	2017	2026-07-29
A.Ver.Cls.MLn	14667	4741	6590	3336	2904322	Kasparov, Garry	2851	2000	2017	2026-07-29
A.Ver.Cls.MLn.Be7	3928	1512	1535	881	1687151	Kasparov, Garry	2827	2000	2012	2026-07-29
A.Lar.Cls.MLn	403	143	174	86	335629	Nakamura, Hi	2802	2014	2024	2026-07-29
A.Lar.Cls.MLn.Be2	78	14	40	24	104943	Aravindh, Chithambaram VR.	2646	1978	2023	2026-07-29
A.Pol.Bhm.MLn	5	3	1	1	31482	Vasiukov, Evgeni	2469	2004	2010	2026-07-29
A.Pol.Bhm.MLn.Bb2	0	0	0	0	26430					2026-07-29
A.Gro.Gbt.MLn	11	2	3	6	684589	Mamedyarov, S.	2817	1995	2019	2026-07-29
A.Gro.Gbt.MLn.d4	1	0	0	1	6924	Duda, J.	2738	2018	2018	2026-07-29
A.Mod.Avk.MLn	54589	20203	22177	12209	6367943	Carlsen, Magnus	2863	2013	2020	2026-07-29
A.Mod.Avk.MLn.Be2	54510	19967	22093	12450	4441349	Carlsen, M.	2872	2019	2022	2026-07-29
A.PQI.Bf4.MLn	1637	497	673	467	848274	Carlsen, M..	2847	2016	2021	2026-07-29
A.PQI.Fch.MLn	984	326	424	234	258891	Mamedyarov, S.	2764	2011	2019	2026-07-29
A.EID.Fch.MLn	9558	3313	3771	2474	1716974	Kasparov, G.	2812	2017	2018	2026-07-29
A.EID.Col.MLn	69	15	22	32	202652	Smejkal, Jan	2550	1986	2009	2026-07-29
C.RyL.AntM.a4.Bb7	1873	622	880	371	69111	Carlsen, M.	2855	2017	2021	2026-07-29
C.RyL.AntM.a4.Bb7.d3	2158	711	1077	370	36027	Carlsen, M.	2855	2017	2021	2026-07-29
C.RyL.AntM.a4.Bb7.d3.d6	1899	624	963	312	28560	Carlsen, M.	2855	2001	2021	2026-07-29
C.RyL.AntM.h3.Bb7	3916	767	2702	447	34588	Carlsen, M.	2853	2003	2016	2026-07-29
C.RyL.AntM.h3.Bb7.d3	3773	740	2657	376	13586	Carlsen, M.	2853	2003	2016	2026-07-29
C.RyL.AntM.h3.Bb7.d3.d5	1617	150	1357	110	6365	Carlsen, M.	2853	2014	2020	2026-07-29
C.RyL.AntM.d3.d6	1084	335	546	203	67649	Carlsen, M.	2839	2012	2025	2026-07-29
C.RyL.AntM.d3.d6.c3	1718	576	772	370	136754	Carlsen, M.	2876	2015	2025	2026-07-29
C.RyL.AntM.d3.d6.c3.Na5	1394	437	653	304	61448	Carlsen, M.	2876	2015	2020	2026-07-29
C.RyL.Cls.Cen.exd4	69	41	19	9	33628	Kamsky, Gata	2671	2006	2019	2026-07-29
C.RyL.Cls.Cen.exd4.cxd4	69	41	19	9	39686	Kamsky, Gata	2671	2006	2019	2026-07-29
C.RyL.Cls.Cen.exd4.cxd4.Bg4	58	36	13	9	24329	Kamsky, Gata	2671	2006	2019	2026-07-29
C.PhD.Han.MLn.O-O.O-O	174	56	55	63	23130	Bjerre, Jonas Buhl	2654	2007	2025	2026-07-29
C.PhD.Han.MLn.O-O.O-O.Re1	89	32	28	29	4458	Bocharov, Dmitry	2614	1988	2025	2026-07-29
C.PhD.Exc.MLn.Be7	3501	1322	1280	899	2030293	Carlsen, Magnus	2863	2012	2020	2026-07-29
C.PhD.Exc.MLn.Be7.O-O	871	269	336	266	167342	Anand, Viswanathan	2792	2004	2011	2026-07-29
C.PhD.Lio.MLn.O-O	7362	2742	2799	1821	231428	Carlsen, Magnus	2868	2013	2025	2026-07-29
C.PhD.Lio.MLn.O-O.Re1	4177	1508	1655	1014	82949	Kasparov, Garry	2830	2003	2016	2026-07-29
C.Pon.Jae.MLn.e5.Ne4	76	32	22	22	125337	Nepomniachtchi, I.	2719	2001	2021	2026-07-29
C.Pon.Jae.MLn.e5.Ne4.cxd4	10	5	2	3	83045	Nepomniachtchi, I.	2719	1981	2019	2026-07-29
C.Pon.CGm.MLn.exf5.Nf6	0	0	0	0	2191					2026-07-29
C.Pon.CGm.MLn.exf5.Nf6.Bd3	0	0	0	0	99					2026-07-29
C.Pon.Ste.MLn.f6.exd5	7	1	2	4	10573	Krejci, Jan	2529	1992	2014	2026-07-29
C.Pon.Ste.MLn.f6.exd5.Qxd5	7	1	2	4	10630	Krejci, Jan	2529	1973	2014	2026-07-29
C.Cen.Pau.MLn	462	156	124	182	379045	Ding Liren	2811	2017	2019	2026-07-29
C.Cen.Pau.MLn.Bb4	425	144	113	168	288795	Carlsen, M.	2832	2017	2019	2026-07-29
C.Cen.Pau.MLn.Bb4.Bd2	472	159	128	185	282134	Carlsen, M.	2832	2017	2019	2026-07-29
C.Ita.Pia.Wai.MLn	5	3	2	0	10030	Gareev, T.	2569	1994	2019	2026-07-29
C.Ita.Pia.Wai.MLn.Re1	365	91	224	50	10968	Carlsen, Magnus	2863	2017	2020	2026-07-29
C.Ita.Giu.Mol.MLn.d5	4	3	1	0	60476	Saraci, Nderim	2424	1990	2021	2026-07-29
C.Ita.Giu.Mol.MLn.d5.exd5	4	3	1	0	57438	Saraci, Nderim	2424	1990	2021	2026-07-29
C.Ita.Evn.Acc.Mor.d6.cxd4	9	2	5	2	48353	Abdusattorov, Nodirbek	2627	2008	2021	2026-07-29
C.KGm.Acc.Kie.MLn	237	51	95	91	34489	Ivanchuk, Vassily	2717	1999	2015	2026-07-29
C.KGm.Acc.Kie.MLn.d4	80	25	25	30	3141	Ivanchuk, Vassily	2717	1999	2001	2026-07-29
C.KGm.Acc.Muz.MLn	41	13	7	21	263101	Nakamura, Hikaru	2741	2002	2019	2026-07-29
C.KGm.Acc.Muz.MLn.Qxf3	41	13	7	21	243279	Nakamura, Hikaru	2741	2002	2019	2026-07-29
C.KGm.Acc.Bsh.MLn	321	86	121	114	86278	Kasparov, Garry	2812	2011	2021	2026-07-29
C.KGm.Dec.Fal.MLn.d3.Nf6	134	64	35	35	237591	Karjakin, Sergey	2727	1976	2008	2026-07-29
C.Pet.Stf.MLn	10	6	3	1	1830212	Van Foreest, Lucas	2531	2008	2021	2026-07-29
C.Pet.Stf.MLn.d3	5	3	2	0	971041	Van Foreest, Lucas	2531	2019	2024	2026-07-29
C.Pet.Stf.MLn.d3.Bc5	5	3	2	0	972576	Van Foreest, Lucas	2531	2019	2024	2026-07-29
C.Sco.Cls.Sch.MLn	43	8	18	17	236422	Shirov, Alexei	2720	1999	2016	2026-07-29
C.Sco.Cls.Sch.MLn.O-O	13	1	6	6	92112	Huebner, Robert	2605	1998	2013	2026-07-29
C.Vie.Mie.MLn.exd5	1099	312	542	245	78243	Mamedyarov, S.	2801	2001	2019	2026-07-29
C.Vie.Mie.MLn.exd5.Nxd5	1067	298	534	235	75968	Mamedyarov, S.	2801	2001	2019	2026-07-29
C.Vie.Fal.MLn.Nxe4	7	0	2	5	105645	Ivanchuk, Vassily	2754	2004	2013	2026-07-29
C.Vie.Fal.MLn.Nxe4.d5	7	0	2	5	105367	Ivanchuk, Vassily	2754	2004	2013	2026-07-29
C.Fou.Spa.Dbl.MLn.d3	2141	661	1039	441	87023	Carlsen, M.	2865	2015	2017	2026-07-29
C.Fou.Spa.Dbl.MLn.d3.d6	1490	459	728	303	66250	Carlsen, M.	2865	2010	2019	2026-07-29
C.Fou.Spa.Cls.MLn.d3	94	23	47	24	66000	Yu Yangyi	2753	2004	2019	2026-07-29
C.Fou.Spa.Cls.MLn.d3.d6	59	14	30	15	55029	Topalov, Veselin	2813	2004	2024	2026-07-29
B.Sic.Naj.Eng.e5	30470	6644	19209	4617	1379683	Carlsen, Magnus	2863	2015	2020	2026-07-29
B.Sic.Naj.Eng.e5.Nb3	26132	5416	16979	3737	1052122	Carlsen, Magnus	2863	2015	2020	2026-07-29
B.Sic.Naj.Sch.O-O	3699	1230	1391	1078	273685	Kasparov, Garry	2849	1995	2017	2026-07-29
B.Sic.Naj.Sch.O-O.Be7	2900	951	1130	819	224537	Kasparov, Garry	2849	1995	2017	2026-07-29
B.Sic.Dra.Yug.Bd7	5394	2206	1904	1284	560240	Carlsen, M.	2881	2008	2014	2026-07-29
B.Sic.Dra.Yug.Bd7.O-O-O	3604	1442	1340	822	401718	Kasparov, Garry	2795	1995	2008	2026-07-29
B.Sic.Sch.Krs.h6	2944	1161	1123	660	53787	Carlsen, M.	2840	1998	2018	2026-07-29
B.Sic.Sch.Krs.h6.h4	1353	558	515	280	24298	Anand, Viswanathan	2790	1994	2021	2026-07-29
B.Sic.Sch.Krs.h6.h4.Nc6	958	393	370	195	14665	Anand, Viswanathan	2790	2010	2021	2026-07-29
B.Sic.Acc.Mar.Nf6	5051	1663	2559	829	252735	Carlsen, M.	2877	2012	2025	2026-07-29
B.Sic.Acc.Mar.Nf6.Nc3	6505	2302	3180	1023	356587	Carlsen, M.	2877	2012	2025	2026-07-29
B.Sic.Acc.Mar.Nf6.Nc3.Nxd4	1646	589	797	260	81825	Carlsen, Magnus	2837	2012	2020	2026-07-29
B.Sic.Ros.Nim.O-O	6441	1967	2991	1483	555617	Carlsen, M.	2865	2020	2022	2026-07-29
B.Sic.Ros.Nim.O-O.Nge7	6323	1913	2954	1456	283056	Carlsen, Magnus	2863	2020	2021	2026-07-29
B.CaK.Adv.Sht.O-O	712	256	311	145	99541	Carlsen, Magnus	2863	1999	2020	2026-07-29
B.CaK.Adv.Sht.O-O.Nc6	669	232	303	134	81656	Carlsen, Magnus	2863	1999	2020	2026-07-29
B.CaK.Adv.Tal.h5	3534	1366	1341	827	975233	Carlsen, Magnus	2863	2020	2020	2026-07-29
B.CaK.Adv.Tal.h5.Bd3	1891	684	788	419	486978	Carlsen, Magnus	2863	2020	2020	2026-07-29
B.CaK.Pmv.Nc6.Nf3	2129	520	1121	488	1154857	Carlsen, M.	2856	2015	2023	2026-07-29
B.CaK.Pmv.Nc6.Nf3.Bg4	1302	320	763	219	727996	Carlsen, Magnus	2863	2005	2020	2026-07-29
B.CaK.Two.Bf5.MLn.d3	0	0	0	0	21154					2026-07-29
B.CaK.Two.Bf5.MLn.d3.Nd7	0	0	0	0	6364					2026-07-29
B.Fre.Cls.MLn.e5	3777	1463	1488	826	1354769	Kasparov, Garry	2827	2000	2012	2026-07-29
B.Fre.Cls.MLn.e5.Nfd7	3542	1361	1389	792	1255622	Kasparov, Garry	2827	2000	2012	2026-07-29
B.Fre.Stn.MLn.f4	14665	4981	6960	2724	1943094	Carlsen, M.	2882	2012	2023	2026-07-29
B.Fre.Stn.MLn.f4.c5	14652	4976	6946	2730	1750608	Carlsen, M.	2882	2012	2023	2026-07-29
B.Fre.Win.Psn.Kd1	72	29	21	22	6557	Short, Nigel D	2697	1999	2017	2026-07-29
B.Fre.Win.Psn.Kd1.dxc3	35	10	14	11	2193	Short, Nigel D	2697	1999	2017	2026-07-29
B.Fre.Tar.Ope.exd5	8652	2325	4514	1813	749065	So, W.	2812	2017	2024	2026-07-29
B.Fre.Tar.Ope.exd5.exd5	3565	875	2010	680	425985	Carlsen, M.	2881	2007	2017	2026-07-29
B.Pir.150.MLn.f3	292	136	81	75	757741	Gurevich, Mikhail	2635	2007	2015	2026-07-29
B.Pir.150.MLn.f3.c6	131	68	33	30	155289	Tabatabaei, M.	2681	1996	2025	2026-07-29
B.Pir.Aus.Drg.MLn.Nc6	1363	421	632	310	112556	Mamedyarov, S.	2797	2012	2019	2026-07-29
B.Ale.Mod.MLn.Be2	3153	1338	1123	692	335682	Fischer, Robert James	2785	1972	2018	2026-07-29
B.Ale.Mod.MLn.Be2.e6	1868	803	682	383	173919	Fischer, Robert James	2785	1972	2018	2026-07-29
B.Sca.Mod.Mie.Nf3	3527	1361	1401	765	1296887	Carlsen, M.	2876	2015	2021	2026-07-29
B.Sca.Por.Cls.MLn	594	259	219	116	609507	Carlsen, M.	2840	1994	2017	2026-07-29
B.Sca.Por.Cls.MLn.Be2	346	138	133	75	392389	Kamsky, Gata	2735	1994	2021	2026-07-29
B.Sca.Nf6.Nf3.MLn	22	9	4	9	236494	Bologan, V.	2640	1998	2016	2026-07-29
B.Sca.Nf6.Nf3.MLn.Nxd5	8	3	1	4	117806	Saric, A.	2556	2003	2019	2026-07-29
B.CaK.Exc.MLn.Nf6	23	6	11	6	20222	Navara, D.	2740	2009	2021	2026-07-29
B.CaK.Exc.MLn.Nf6.O-O	8	2	4	2	14779	Kunin, Vitaly L	2525	2008	2021	2026-07-29
D.QGD.Cls.MLn.Bh4.b6	6157	1536	3650	971	305046	Kasparov, Garry	2838	2001	2015	2026-07-29
D.QGD.Cls.MLn.Bh4.b6.cxd5	951	196	566	189	122945	Carlsen, Magnus	2823	2011	2022	2026-07-29
D.QGD.Ort.MLn.dxc4	168	66	94	8	87374	Grischuk, Alexander	2728	2001	2024	2026-07-29
D.QGD.Ort.MLn.dxc4.Bxc4	201	74	114	13	140336	Grischuk, Alexander	2728	2001	2024	2026-07-29
D.QGD.Ort.MLn.dxc4.Bxc4.Nd5	123	50	65	8	40436	Grischuk, Alexander	2728	2001	2008	2026-07-29
D.QGD.Tar.MLn.Bd3.Bb7	71	24	28	19	72778	Bacrot, E.	2696	2007	2020	2026-07-29
D.QGD.Tar.MLn.Bd3.Bb7.O-O	38	13	15	10	50224	Fedoseev, Vl3	2733	1999	2017	2026-07-29
D.QGD.Rag.Bg5.h6	4518	763	3232	523	350214	Carlsen, M.	2881	2014	2020	2026-07-29
D.QGD.Rag.Bg5.h6.Bh4	215	66	73	76	183458	Mamedyarov, S.	2817	2017	2019	2026-07-29
D.QGD.Rag.Bg5.h6.Bh4.dxc4	152	39	54	59	19858	Mamedyarov, S.	2817	2017	2019	2026-07-29
D.QGD.Vie.MLn.e5	0	0	0	0	56					2026-07-29
D.QGD.Vie.MLn.e5.Bxc4	0	0	0	0	14					2026-07-29
D.QGD.Bal.MLn.e3	85	27	34	24	336985	Giri, A.	2798	2016	2025	2026-07-29
D.QGD.Bal.MLn.e3.Be7	4	1	2	1	40351	Sjugirov, S.	2662	2009	2019	2026-07-29
D.Sla.Cls.MLn.O-O	5376	1652	2668	1056	205139	Caruana, Fabiano	2835	2008	2020	2026-07-29
D.Sla.Cls.MLn.O-O.Nbd7	2911	879	1460	572	75181	Topalov, Veselin	2813	2006	2014	2026-07-29
D.Sla.Che.MLn.c5	823	325	345	153	12218	Aronian, L.	2805	2007	2014	2026-07-29
D.Sla.Che.MLn.c5.g6	387	125	179	83	1819	Aronian, L.	2805	2008	2014	2026-07-29
D.Sla.Exc.MLn.e3.Bf5	1741	400	1083	258	150204	Carlsen, M.	2881	2011	2020	2026-07-29
D.Sla.Exc.MLn.e3.Bf5.Nf3	3212	441	2393	378	221480	Carlsen, M.	2851	2008	2020	2026-07-29
D.Sla.Sch.MLn.Bd3	1383	548	640	195	164462	Aronian, Levon	2807	2008	2013	2026-07-29
D.Sla.Sch.MLn.Bd3.O-O	1329	524	617	188	166580	Aronian, Levon	2807	2008	2013	2026-07-29
D.Sla.Qui.MLn.Be2	281	84	109	88	196192	Radjabov, Teimour	2788	2012	2023	2026-07-29
D.Sla.Qui.MLn.Be2.Nbd7	122	36	42	44	54181	Mamedyarov, Shakhriyar	2753	2013	2020	2026-07-29
D.Sem.Mer.MLn.O-O	16	4	4	8	5872	Akopian, Vladimir	2703	2003	2018	2026-07-29
D.Sem.Mer.MLn.O-O.cxd4	14	2	4	8	4260	Akopian, Vladimir	2703	2003	2018	2026-07-29
D.Sem.AMe.Bd3.O-O	7232	1311	5141	780	41173	Carlsen, M.	2864	1998	2022	2026-07-29
D.Sem.AMe.Bd3.O-O.O-O	7249	1329	5149	771	47099	Carlsen, M.	2864	1998	2022	2026-07-29
D.Sem.Bg5.Mos.e3	5458	870	3821	767	70695	Carlsen, M.	2876	2012	2015	2026-07-29
D.Sem.Bg5.Mos.e3.Nd7	4265	687	3005	573	34627	Carlsen, M.	2876	2011	2015	2026-07-29
D.Sem.Bg5.AMo.e4	9185	1602	6649	934	57272	Carlsen, M.	2876	2018	2020	2026-07-29
D.Sem.Bg5.AMo.e4.g5	8995	1547	6548	900	48946	Carlsen, M.	2876	2018	2020	2026-07-29
D.Sem.Bg5.Bot.e5	3646	1196	1806	644	164795	Aronian, L.	2801	2012	2014	2026-07-29
D.Sem.Bg5.Bot.e5.h6	3644	1195	1805	644	163226	Aronian, L.	2801	2012	2014	2026-07-29
D.Cat.Ope.Qa4.Bd7	189	63	88	38	18783	Harikrishna, P.	2725	1999	2021	2026-07-29
D.Cat.Cls.Qc2.c6	2719	1100	1173	446	252188	So, Wesley	2765	2017	2022	2026-07-29
D.Cat.Cls.Qc2.c6.Rd1	532	229	217	86	53535	Wojtaszek, R.	2738	1997	2020	2026-07-29
D.Tar.Cls.MLn.Be3	0	0	0	0	77					2026-07-29
D.Tar.Cls.MLn.Be3.Bxc5	0	0	0	0	1					2026-07-29
D.STa.Exc.MLn.Nxd5	2659	773	1493	393	187048	Carlsen, M.	2861	2015	2019	2026-07-29
D.STa.Exc.MLn.Nxd5.Bb4	2401	690	1356	355	150595	Carlsen, M.	2861	2015	2019	2026-07-29
D.QGA.Cls.MLn.Bd3	7	3	2	2	277	Gukesh, D.	2725	1998	2022	2026-07-29
D.QGA.Cls.MLn.Bd3.Bb7	5	2	2	1	1028	Edouard, R.	2653	1998	2022	2026-07-29
D.Alb.Nrm.MLn.b4	0	0	0	0	133					2026-07-29
D.Alb.Nrm.MLn.b4.Qd7	0	0	0	0	0					2026-07-29
D.QPG.Ver.MLn.Be7.Nf3	0	0	0	0	38701					2026-07-29
D.QPG.Ver.MLn.Be7.Nf3.O-O	0	0	0	0	6334					2026-07-29
C.Bsh.Ber.d3	6701	2255	2987	1459	2940111	Carlsen, M.	2877	2014	2022	2026-07-29
C.Bsh.Ber.d3.Nc6	2988	1030	1240	718	1075503	Carlsen, M.	2865	2016	2022	2026-07-29
C.Bsh.Cal.d3	8	4	2	2	52006	Magem Badals, Jordi	2534	2008	2019	2026-07-29
C.Bsh.Cal.d3.Nf6	8	4	2	2	46799	Magem Badals, Jordi	2534	2008	2019	2026-07-29
C.Bsh.Cal.d3.Nf6.Nf3	7	4	2	1	12215	Magem Badals, Jordi	2534	2008	2019	2026-07-29
C.Bsh.Cal.d3.Nf6.Nf3.Nc6	8	3	3	2	241036	Spasov, Vasil	2598	2008	2019	2026-07-29
C.RyL.Coz.d4	167	48	68	51	127436	Giri, A.	2768	2017	2024	2026-07-29
C.RyL.Coz.d4.exd4	144	44	54	46	106402	Harikrishna, P.	2716	2017	2024	2026-07-29
C.RyL.Coz.d4.exd4.Nxd4	133	40	51	42	95048	Harikrishna, P.	2716	2017	2024	2026-07-29
C.RyL.Coz.d4.exd4.Nxd4.Nxd4	50	18	18	14	40435	Harikrishna, P.	2716	2000	2024	2026-07-29
C.RyL.Ber.Cls.Re1	136	52	63	21	105142	Ivanchuk, Vassily	2700	1994	2000	2026-07-29
C.RyL.Ber.Cls.Re1.O-O	3	3	0	0	26905	Matyukhin, Sergey Konstantinov	2495	2006	2020	2026-07-29
C.RyL.Ber.Cls.Re1.O-O.Nc3	0	0	0	0	1691					2026-07-29
C.Pet.Cls.MLn.O-O	308	109	169	30	86998	Carlsen, M.	2827	2017	2019	2026-07-29
C.Pet.Cls.MLn.O-O.Re1	105	39	51	15	32759	Anand, V.	2767	2018	2021	2026-07-29
C.Pet.Cls.MLn.O-O.Re1.c6	0	0	0	0	235					2026-07-29
C.Ita.Two.Opn.MLn.O-O	1024	232	459	333	1413624	So, W..	2770	2010	2021	2026-07-29
C.Ita.Two.Opn.MLn.O-O.Bc5	231	91	60	80	890094	Dominguez Perez, L.	2757	2010	2015	2026-07-29
C.Ita.Two.Max.MLn.exf6	161	66	44	51	354750	Dominguez Perez, L.	2757	2010	2015	2026-07-29
C.Ita.Two.Max.MLn.exf6.Qxf6	0	0	0	0	1585					2026-07-29
C.Ita.Giu.Grc.MLn.exd6	0	0	0	0	13737					2026-07-29
C.Ita.Giu.Grc.MLn.exd6.Qxd6	0	0	0	0	10530					2026-07-29
C.KGm.Acc.Bsh.MLn.d6	14	7	3	4	33178	Jovanovic, Zo CRO	2520	1993	2015	2026-07-29
C.KGm.Acc.Bsh.MLn.d6.Nf3	7	2	3	2	116071	Jovanovic, Zo CRO	2520	1990	2015	2026-07-29
C.KGm.Acc.Kie.MLn.d4.d6	79	25	24	30	2650	Ivanchuk, Vassily	2717	1999	2001	2026-07-29
C.KGm.Acc.Muz.MLn.Qxf3.d5	0	0	0	0	6679					2026-07-29
C.Pet.Stf.MLn.d3.Bc5.Be2	5	3	2	0	576169	Van Foreest, Lucas	2531	2019	2024	2026-07-29
C.Sco.Mie.Ste.Nf3	0	0	0	0	5928					2026-07-29
C.Vie.Cls.MLn.Nf3.O-O	20	4	10	6	76249	Kramnik, Vladimir	2772	2009	2023	2026-07-29
C.Vie.Cls.MLn.Nf3.O-O.O-O	4	3	1	0	46111	Rapport, R.	2752	1997	2023	2026-07-29
C.Vie.Mie.MLn.exd5.Nxd5.Bg2	1037	294	518	225	70373	Mamedyarov, S.	2801	2001	2019	2026-07-29
C.Cen.Pau.MLn.Bb4.Bd2.Qe7	16	8	4	4	22748	Sambuev, B.	2526	2010	2017	2026-07-29
C.PhD.Lio.MLn.O-O.Re1.Nb6	50	18	24	8	1944	Efimenko, Zahar	2632	2002	2012	2026-07-29
C.Ele.Nor.MLn.Nc3	21	12	4	5	251708	Movsesian, Sergei	2721	2010	2021	2026-07-29
C.Ele.Nor.MLn.Nc3.Be7	20	11	4	5	167509	Movsesian, Sergei	2721	2010	2021	2026-07-29
C.KPO.Prt.MLn.Nc6	3	2	1	0	4053	Cvetkovic, Srdjan	2470	1994	2002	2026-07-29
C.KPO.Prt.MLn.Nc6.Nf3	12424	2885	7857	1682	1412604	Carlsen, M.	2881	2013	2020	2026-07-29
C.KPO.Prt.MLn.Nc6.Nf3.Be7	3	1	1	1	46956	Marinovic, Bozidar	2408	2008	2020	2026-07-29
C.LtO.Acc.MLn.Nh4	0	0	0	0	505					2026-07-29
C.LtO.Acc.MLn.Nh4.Nf6	0	0	0	0	197					2026-07-29
C.LtO.Acc.MLn.Nh4.Nf6.Nc3	0	0	0	0	553					2026-07-29
A.Hol.Rap.Nf6	1912	729	668	515	688385	Carlsen, M.	2855	2013	2020	2026-07-29
A.Hol.Alp.MLn.c5	0	0	0	0	9					2026-07-29
A.Hol.Hop.MLn.Nf6	1	0	0	1	3193	Georgiev, Ves	2375	2014	2014	2026-07-29
A.Hol.Kre.MLn.Nf6	0	0	0	0	1315					2026-07-29
A.Hol.Lng.Mat.d5	1643	678	539	426	61831	Aronian, Levon	2808	2011	2017	2026-07-29
A.Hol.Lng.War.d5	1515	432	769	314	51504	Caruana, Fabiano	2835	2011	2020	2026-07-29
A.Hol.Rap.Nf6.Nf3	50	19	14	17	164224	Delgado Ramirez, Neuris	2557	1990	2019	2026-07-29
A.Hol.Alp.MLn.c5.Nf3	0	0	0	0	1					2026-07-29
A.Hol.Lng.Mat.d5.e6	0	0	0	0	10					2026-07-29
A.Hol.Lng.War.d5.c5	8	5	1	2	3970	Seres, Lajos	2496	2002	2025	2026-07-29
A.Hol.Sta.MLn.d5.Nf3	0	0	0	0	11					2026-07-29
A.Hol.Hop.MLn.Nf6.Nf3	2	1	1	0	1588	Elorta, David	2405	2000	2008	2026-07-29
A.Eng.Mik.MLn.Ne4.Nfd7.Nf3	0	0	0	0	179					2026-07-29
A.Eng.Org.MLn.Bb2.Bxb4.Nf3	0	0	0	0	1655					2026-07-29
A.Ret.Eng.d4	1860	500	916	444	41444	Carlsen, M.	2831	2014	2025	2026-07-29
A.Ret.Lis.Nf6	0	0	0	0	11106					2026-07-29
A.Ret.Eng.d4.c5	0	0	0	0	7					2026-07-29
A.Ret.Lis.Nf6.d4	0	0	0	0	1478					2026-07-29
A.Ret.Nim.MLn.d4	149	58	61	30	159490	Nakamura, Hi	2786	2013	2020	2026-07-29
A.Ret.Eng.d4.c5.g6	0	0	0	0	0					2026-07-29
A.Ret.Lis.Nf6.d4.d5	0	0	0	0	29					2026-07-29
A.Ret.Nim.MLn.d4.c5	23	7	8	8	37343	Caruana, F.	2802	1989	2024	2026-07-29
A.KIA.Fre.Bar.Nf6	559	224	181	154	64137	Caruana, F.	2818	2011	2024	2026-07-29
A.KIA.Fre.MLn.d4	0	0	0	0	472					2026-07-29
A.KIA.Fre.MLn.d4.c4	0	0	0	0	0					2026-07-29
A.KIA.Fre.Bar.Nf6.Nf3	509	206	170	133	40915	Nakamura, Hi	2802	2011	2024	2026-07-29
A.KIA.Car.MLn.Ngf3.Nf6	0	0	0	0	5678					2026-07-29
A.KIA.Fre.MLn.d4.c4.c5	0	0	0	0	4					2026-07-29
A.OID.Wad.d5	0	0	0	0	533					2026-07-29
A.OID.Nf6.e4.d5	0	0	0	0	21					2026-07-29
A.OID.Wad.d5.Nf6	0	0	0	0	483					2026-07-29
A.OID.Mod.MLn.Nf6	75508	28716	29109	17683	10857787	Carlsen, M.	2881	2013	2020	2026-07-29
A.OID.Nf6.e4.d5.Nf3	0	0	0	0	1					2026-07-29
A.EID.Prz.d5	18	2	6	10	8799	Markovic, Miroslav	2520	1980	2019	2026-07-29
A.EID.Prz.d5.c5	3	0	1	2	1607	Nicevski, Risto	2410	1980	2008	2026-07-29
A.EID.Col.MLn.d5	0	0	0	0	13					2026-07-29
A.EID.Fch.MLn.d5	18	2	6	10	8799	Markovic, Miroslav	2520	1980	2019	2026-07-29
A.Mod.Pte.Nf3	0	0	0	0	314					2026-07-29
A.Mod.Ran.Nf3	54	23	18	13	28100	Vidit, S.	2707	2006	2019	2026-07-29
A.Mod.Pte.Nf3.Nf6	1	0	1	0	1718	Mrdja, Milan	2425	1985	1985	2026-07-29
A.Mod.Ran.Nf3.Nf6	7	4	2	1	10250	Lagarde, Max	2601	1988	2018	2026-07-29
A.Lon.Cls.MLn.c4	3	0	2	1	76195	Tabatabaei, M.	2677	2020	2024	2026-07-29
A.Lon.Cls.MLn.c4.g3	0	0	0	0	274					2026-07-29
A.Lon.Msn.MLn.Nbd2.c4	3	0	2	1	76195	Tabatabaei, M.	2677	2020	2024	2026-07-29
A.Lon.Psn.Qxb2.Nb5.c4	0	0	0	0	28					2026-07-29
A.Lon.Cls.MLn.c4.g3.g6	0	0	0	0	0					2026-07-29
A.Tro.Psn.Nf3	0	0	0	0	202					2026-07-29
A.Tro.Bxf6.e3.d5	295	107	100	88	50183	Aronian, L.	2815	2014	2018	2026-07-29
A.Tro.Psn.Nf3.c4	0	0	0	0	9					2026-07-29
A.Tro.Bxf6.e3.d5.Nf3	37	14	15	8	19136	Tomashevsky, E.	2758	2009	2024	2026-07-29
A.Tor.Nim.MLn.d5	45	21	17	7	36858	Carlsen, M.	2840	2016	2023	2026-07-29
A.Tor.ClD.MLn.c3.c5	64	17	34	13	56773	Vachier Lagrave, M.	2789	1983	2018	2026-07-29
A.Tor.Nim.MLn.d5.c4	137	36	43	58	42189	Abdusattorov, Nodirbek	2783	2008	2024	2026-07-29
A.Tor.ClD.MLn.c3.c5.c4	0	0	0	0	233					2026-07-29
A.Col.Kol.MLn.c4	0	0	0	0	33					2026-07-29
A.Col.Phn.MLn.c4	0	0	0	0	35					2026-07-29
A.Col.Kol.MLn.c4.g6	0	0	0	0	0					2026-07-29
A.Col.Phn.MLn.c4.g6	0	0	0	0	0					2026-07-29
A.Pol.Bal.Nf3	15	7	4	4	37892	Larsen, Bent	2630	1974	2001	2026-07-29
A.Pol.Bug.d5	31	13	10	8	70416	Morovic Fernandez, Ivan	2560	1994	2013	2026-07-29
A.Pol.Cze.Nf3	2	1	0	1	60480	Westerinen, Heikki MJ	2450	1973	1988	2026-07-29
A.Pol.Dut.Nf3	50	25	17	8	5634	Carlsen, M.	2861	2003	2022	2026-07-29
A.Pol.Out.Nf3	0	0	0	0	537					2026-07-29
A.Gro.Als.Nf3	0	0	0	0	1752					2026-07-29
A.Gro.Dbl.Nf3	0	0	0	0	482					2026-07-29
A.Gro.Kee.Nf3	0	0	0	0	1521					2026-07-29
A.Gro.Spk.Nf6	0	0	0	0	231					2026-07-29
A.Gro.Zil.Nf6	0	0	0	0	812					2026-07-29
A.Bir.Dut.Nf3	3119	797	1296	1026	4920031	Carlsen, M.	2832	2017	2025	2026-07-29
A.Bir.Hob.Nf3	0	0	0	0	4915					2026-07-29
A.Bir.Hor.Nf3	28	12	7	9	28554	Bernadskiy, V.	2617	2017	2022	2026-07-29
A.Bir.Muj.d5	1	1	0	0	12473	Kaczur, F.	2501	2025	2025	2026-07-29
A.Bir.Wil.Nf6	0	0	0	0	5625					2026-07-29
A.Hng.Cat.Nf3	863	395	310	158	1375834	So, W.	2815	2017	2022	2026-07-29
A.Hng.ReA.Nf6	3	1	1	1	18668	Navara, D.	2717	2006	2019	2026-07-29
A.Hng.ReM.Nf3	2972	1039	1322	611	1523577	Carlsen, M.	2861	2017	2025	2026-07-29
A.Lar.Fch.Nf3	316	69	190	57	98829	Carlsen, M.	2859	2017	2022	2026-07-29
A.Lar.Mod.Nf3	206	67	91	48	288933	Nepomniachtchi, I.	2741	2009	2022	2026-07-29
A.Lar.Fch.Nf3.d5	0	0	0	0	45684					2026-07-29
A.Ver.Hub.c5	14	7	1	6	7759	Drazic, Sinisa	2489	2004	2013	2026-07-29
A.Ver.Ric.Nf3	34	10	12	12	155054	Georgiev, Kiril	2615	1975	2003	2026-07-29
A.Ver.Hub.c5.g3	0	0	0	0	3					2026-07-29
A.Van.ReN.Nf3	255	112	90	53	287311	Anand, Viswanathan	2770	1998	2024	2026-07-29
A.Van.ReS.Nf6	1	1	0	0	22367	Sarakauskas, Gediminas	2381	2000	2000	2026-07-29
A.Owe.Eng.Nf3	990	275	376	339	364284	Aronian, L.	2805	2007	2019	2026-07-29
A.Owe.Eng.Nf3.Nf6	57205	16135	29911	11159	1928878	Carlsen, M.	2881	2012	2014	2026-07-29
A.PQI.Tor.d5	0	0	0	0	38					2026-07-29
A.PQI.Tor.d5.c5	0	0	0	0	0					2026-07-29
A.PQI.Bf4.MLn.d5	0	0	0	0	1					2026-07-29
A.Egl.Cha.Nf3	10	8	2	0	886874	Goganov, A.	2564	1985	2019	2026-07-29
A.Egl.Dec.Nf6	0	0	0	0	205943					2026-07-29
A.Egl.Cha.Nf3.Nf6	0	0	0	0	267					2026-07-29
A.Mie.ReR.MLn.Nf6	14	5	4	5	55679	Vovk, Yuri	2546	1995	2009	2026-07-29
A.Mie.Ven.MLn.Nf3	18	4	7	7	499	Kozul, Zdenko	2611	1994	2001	2026-07-29
A.Mik.Eng.Nf3	126	41	51	34	87063	Keymer, Vincent	2776	2016	2025	2026-07-29
A.Bar	12	3	3	6	1040488	Carlsen, M.	2864	2005	2022	2026-07-29
A.Sar	338	96	134	108	3007799	Carlsen, M.	2864	2018	2025	2026-07-29
A.QPO	1029878	334470	461840	233568	432603535	Carlsen, M.	2882	2019	2020	2026-07-29
A.QPO.c6	1672	545	831	296	15239378	Carlsen, M.	2832	2018	2024	2026-07-29
A.QPO.d6	28388	10005	10300	8083	15611629	Carlsen, M.	2881	2014	2020	2026-07-29
A.QPO.g6	24591	9131	8293	7167	18516130	Carlsen, M.	2876	2015	2019	2026-07-29
A.QPO.Nf6	626798	199853	280830	146115	134024061	Carlsen, M.	2882	2019	2020	2026-07-29
A.QPO.Nf6.Nf3	141324	44893	60043	36388	32121726	Carlsen, M.	2881	2014	2020	2026-07-29
A.QPO.Nf6.Nc3	6798	2036	2456	2306	8399769	Carlsen, M.	2839	2021	2025	2026-07-29
A.QPO.Nf6.f3	104	25	36	43	503149	Benjamin, Joel	2620	1993	2014	2026-07-29
A.QPO.Nf6.g4	31	6	11	14	101352	Vachier Lagrave, M.	2774	2015	2020	2026-07-29
A.Aus	45	16	19	10	44248	Nakamura, Hi	2749	1996	2019	2026-07-29
A.PoD	666	320	187	159	717192	Carlsen, M.	2853	2018	2023	2026-07-29
B.KPG	1309466	419328	573290	316848	873538475	Carlsen, M.	2882	2019	2020	2026-07-29
B.Bar	5	4	0	1	491014	Fedoseev, Vl3	2701	1995	2022	2026-07-29
B.Bar.FrF	0	0	0	0	115654					2026-07-29
B.Dur	3	2	0	1	1388342	Carlsson, Ludvig	2364	2004	2025	2026-07-29
B.Lem	16	3	4	9	71728	Lagarde, Maxime	2655	2006	2020	2026-07-29
B.Pir.Pre	45050	17050	16296	11704	38745205	Carlsen, M.	2882	2013	2025	2026-07-29
B.Pir.Pre.d4	51309	19470	18590	13249	26042279	Carlsen, M.	2881	2014	2025	2026-07-29
B.Pir.Pre.d4.Nf6	42795	16135	15775	10885	14507406	Carlsen, M.	2881	2013	2025	2026-07-29
B.Pir.Pre.d4.Nf6.Nf3	13	4	6	3	309228	Damljanovic, Branko	2555	1989	2013	2026-07-29
B.Pir.Pre.d4.Nf6.Nc3	39358	14749	14533	10076	11272425	Carlsen, M.	2881	2013	2025	2026-07-29
B.Pir.Pre.d4.Nf6.Nc3.Nbd7	2709	1012	868	829	1417746	Caruana, F.	2783	2011	2025	2026-07-29
B.Rat.Bal	29	14	9	6	249211	Perez Candelario, Man	2565	2001	2014	2026-07-29
B.Sic.Nf3	500813	158771	216939	125103	141406031	Carlsen, M.	2882	2019	2020	2026-07-29
B.Sic.Old	134924	42891	59912	32121	55558862	Carlsen, M.	2882	2019	2020	2026-07-29
B.Sic.Fre	115430	39668	43121	32641	27180747	Carlsen, M.	2863	2014	2018	2026-07-29
B.Sic.Mod	231200	69103	106742	55355	47968492	Carlsen, M.	2876	2015	2020	2026-07-29
B.Sic.Ama	0	0	0	0	4663					2026-07-29
B.Sic.Nf3.f5	7	4	1	2	30159	Hovhannisyan, Robert	2560	1989	2015	2026-07-29
B.Sic.Nf3.h6	22	8	6	8	50497	Sonis, Francesco	2577	2008	2023	2026-07-29
B.Sic.Nf3.e5	1	0	0	1	153410	Rabiega, Robert	2522	2004	2004	2026-07-29
B.Sic.Nf3.b6	592	219	173	200	406412	Anand, Viswanathan	2781	2004	2013	2026-07-29
B.Sic.Nf3.Qa5	48	22	13	13	19419	Short, Nigel D	2664	1997	2019	2026-07-29
B.Sic.Nf3.b5	0	0	0	0	12898					2026-07-29
B.Sic.Nf3.Qc7	55	21	21	13	93607	Polgar, Judit	2635	1971	1995	2026-07-29
B.Sic.Cen	3568	942	1399	1227	17944201	Nakamura, Hi	2788	2017	2025	2026-07-29
B.Sic.Cen.Col	0	0	0	0	3827					2026-07-29
B.Sic.Cen.Hal	4	0	1	3	111182	Pecha, Martin	2374	1998	2007	2026-07-29
B.Sic.Cen.MGm	398	117	194	87	2146062	Moiseenko, Alexander	2715	2005	2012	2026-07-29
B.Sic.Cen.MGm.And	50	11	27	12	149589	Rogic, Davor	2571	2005	2024	2026-07-29
B.Sic.McD	2692	755	1025	912	12236950	Carlsen, Magnus	2863	2003	2024	2026-07-29
B.Sic.McD.Tal	475	91	236	148	219650	Kasparov, Garry	2800	1990	2014	2026-07-29
B.Sic.McD.Toi	202	53	74	75	95866	Kerr, Stephen	2650	1993	2005	2026-07-29
B.Sic.Cze	3068	978	1040	1050	1380473	Carlsen, M.	2881	2008	2017	2026-07-29
B.Sic.Cze.QFn	297	102	91	104	17845	Morozevich, A.	2731	2014	2014	2026-07-29
B.Sic.Cze.Euw	1	0	1	0	21291	Grekh, Andrey	2370	2004	2004	2026-07-29
B.Sic.BCl	2	1	1	0	42689	Rasmussen, Allan Stig	2485	1996	2007	2026-07-29
B.Sic.Bri	0	0	0	0	7309					2026-07-29
B.Sic.Glo	3	1	0	2	1152	Rogers, Ian	2510	1985	2019	2026-07-29
B.Sic.Grb	0	0	0	0	21433					2026-07-29
B.Sic.Ker	2879	1069	1068	742	898184	Carlsen, M.	2855	2010	2016	2026-07-29
B.Sic.KDa	0	0	0	0	21170					2026-07-29
B.Sic.Kro	353	138	112	103	61649	Carlsen, M.	2876	2006	2022	2026-07-29
B.Sic.Kro.Nem	0	0	0	0	46					2026-07-29
B.Sic.LDu	1744	544	647	553	1539529	Carlsen, M.	2847	2009	2021	2026-07-29
B.Sic.Men	606	132	262	212	1939838	Carlsen, M.	2855	2017	2021	2026-07-29
B.Sic.Mya	31	14	8	9	57500	Tabatabaei, M.	2714	2023	2025	2026-07-29
B.Sic.Myh	2	1	0	1	31844	Fernandez, Dan SIN	2518	2023	2023	2026-07-29
B.Sic.StC	1389	320	516	553	2858392	Anand, V.	2803	2014	2015	2026-07-29
C.KGm.Acc.Nf3	2381	627	912	842	9877456	Carlsen, M.	2876	2010	2020	2026-07-29
C.KGm.Acc.Bas	3	1	0	2	648	Bartel, Mat	2641	1974	2015	2026-07-29
C.KGm.Acc.Bre	12	2	4	6	19281	Bartel, Mat	2641	2015	2015	2026-07-29
C.KGm.Acc.Car	0	0	0	0	588					2026-07-29
C.KGm.Acc.Dod	0	0	0	0	2521					2026-07-29
C.KGm.Acc.Eis	0	0	0	0	3419					2026-07-29
C.KGm.Acc.Gag	1	0	0	1	3751	Tu, Hoang Thong	2506	2002	2002	2026-07-29
C.KGm.Acc.MKe	83	19	28	36	56897	Carlsen, Magnus	2837	2003	2017	2026-07-29
C.KGm.Acc.Ors	0	0	0	0	154					2026-07-29
C.KGm.Acc.Par	0	0	0	0	787					2026-07-29
C.KGm.Acc.SBb	0	0	0	0	665					2026-07-29
C.KGm.Acc.SBd	0	0	0	0	274					2026-07-29
C.KGm.Acc.Sta	1	0	0	1	12126	Win Zaw, Tun	2503	1999	1999	2026-07-29
C.KGm.Acc.Tar	20	6	6	8	10061	Ernst, Thomas	2485	1982	2011	2026-07-29
C.KGm.Acc.Tar.Wei	0	0	0	0	1					2026-07-29
C.KGm.Acc.Tum	0	0	0	0	1138					2026-07-29
C.KGm.Acc.Vil	11	3	3	5	138547	Ding Liren	2811	2015	2022	2026-07-29
C.KGm.Acc.Nf3.Bec	133	51	29	53	460166	Nepomniachtchi, I.	2792	2000	2022	2026-07-29
C.KGm.Acc.Nf3.Bon	200	49	72	79	306538	Nepomniachtchi, I.	2779	2014	2023	2026-07-29
C.KGm.Acc.Nf3.Fis	451	115	152	184	1999634	Kasparov, Garry	2795	1995	2023	2026-07-29
C.KGm.Acc.Nf3.Fis.Sch	0	0	0	0	85					2026-07-29
C.KGm.Acc.Nf3.Fis.Spa	0	0	0	0	37475					2026-07-29
C.KGm.Acc.Nf3.Gia	4	1	3	0	31736	Kulaots, Kaido	2400	1996	2013	2026-07-29
C.KGm.Acc.Nf3.KKn	876	206	368	302	2585305	Ivanchuk, Vassily	2754	2010	2016	2026-07-29
C.KGm.Acc.Nf3.Mac	10	4	4	2	2108538	Mamedyarov, Shakhriyar	2722	1991	2007	2026-07-29
C.KGm.Acc.Nf3.Scl	205	52	87	66	761773	Carlsen, Magnus	2863	2005	2023	2026-07-29
C.KGm.Acc.Nf3.Scl.Tas	0	0	0	0	289					2026-07-29
C.KGm.Acc.Nf3.Wag	7	2	2	3	15504	Simmelink, Joop	2420	1994	2001	2026-07-29
C.KGm.Acc.Nf3.Cun	170	52	52	66	1412087	Kasparov, Garry	2805	1993	2002	2026-07-29
C.KGm.Acc.Nf3.Cun.Ber	0	0	0	0	240257					2026-07-29
C.KGm.Acc.Nf3.Cun.McC	92	26	28	38	110476	Morozevich, Alexander	2748	1990	2002	2026-07-29
C.KGm.Acc.Nf3.Mod	351	103	151	97	1447602	Carlsen, M.	2876	2011	2019	2026-07-29
C.KGm.Acc.Nf3.Mod.exd5	731	225	298	208	1730283	Carlsen, M.	2876	2010	2015	2026-07-29
C.KGm.Acc.Nf3.Mod.exd5.Nf6	639	180	273	186	735928	Carlsen, M.	2876	2010	2015	2026-07-29
C.KGm.Acc.Nf3.KKn.Bc4	149	40	30	79	1568051	Ivanchuk, Vassily	2754	2010	2015	2026-07-29
C.KGm.Acc.Nf3.KKn.Bc4.g4	48	18	7	23	541061	Nakamura, Hikaru	2741	2002	2019	2026-07-29
C.KGm.Acc.Nf3.KKn.Bc4.Bg7	81	17	17	47	391295	Ivanchuk, Vassily	2754	2010	2021	2026-07-29
C.KGm.Acc.Nf3.KKn.Bc4.d6	9	5	2	2	481475	Vachier Lagrave, M.	2762	2001	2014	2026-07-29
C.KGm.Acc.Nf3.KKn.d4	111	30	40	41	301847	Morozevich, Alexander	2756	1997	2016	2026-07-29
C.KGm.Acc.Nf3.KKn.d4.g4	56	10	26	20	115439	Morozevich, Alexander	2756	1997	2010	2026-07-29
C.KGm.Acc.Nf3.KKn.Nc3	160	25	109	26	67226	Ponomariov, R.	2712	2008	2019	2026-07-29
C.KGm.Acc.Nf3.KKn.h4	455	111	189	155	573827	Anand, Viswanathan	2790	1997	2001	2026-07-29
E.Ind.g5	2	1	1	0	17058	Martinovic, Sa	2563	2020	2024	2026-07-29
E.Ind.b5	5	2	3	0	37563	Adly, Ahmed	2630	1977	2019	2026-07-29
E.Ind.c6	4695	1416	2342	937	1282926	Caruana, F.	2823	2014	2023	2026-07-29
E.Ind.e6	256695	73219	129923	53553	24984280	Carlsen, M.	2882	2019	2020	2026-07-29
E.Ind.e6.Nf3	151117	42533	79201	29383	8463175	Carlsen, M.	2882	2019	2020	2026-07-29
E.Ind.e6.Nf3.a6	888	278	335	275	37085	Carlsen, M..	2862	2017	2023	2026-07-29
E.Ind.e6.Nf3.Ne4	60	22	30	8	11022	Fedoseev, Vl3	2724	2009	2020	2026-07-29
E.Ind.Cat	30916	8428	16250	6238	1317368	Carlsen, M.	2882	2013	2021	2026-07-29
E.Ind.Cat.d5	18945	4818	10751	3376	1054723	Carlsen, M.	2882	2013	2022	2026-07-29
E.Ind.Cat.e5	13	7	5	1	331	Laznicka, Viktor	2638	1990	2010	2026-07-29
E.Ind.Cat.d5.Bg2	10920	2934	6113	1873	884123	Carlsen, M.	2882	2013	2022	2026-07-29
E.Ind.Cat.d5.Bg2.dxc4	3124	856	1642	626	128645	Carlsen, M.	2882	2001	2019	2026-07-29
E.Ind.Cat.d5.Bg2.Be7	4113	1173	2358	582	276875	Carlsen, Magnus	2872	2013	2022	2026-07-29
E.Ind.Qb3	0	0	0	0	3997					2026-07-29
E.Ind.Dev	17	1	7	9	19313	Aronian, L.	2775	2022	2022	2026-07-29
E.Ind.Sei	298	103	119	76	440907	Carlsen, Magnus	2863	2020	2024	2026-07-29
E.Ind.e6.Nf3.d5	105936	27928	59205	18803	11656109	Carlsen, M.	2882	2019	2020	2026-07-29
E.Ind.e6.Nf3.d5.Bg5	4266	1326	2013	927	1341299	Carlsen, M.	2857	2016	2019	2026-07-29
E.Ind.e6.Nf3.d5.e3	5063	1342	2581	1140	2359544	Aronian, L.	2830	2011	2017	2026-07-29
E.Ind.WIn	151105	52230	65575	33300	20403000	Carlsen, M.	2881	2014	2022	2026-07-29
E.Ind.WIn.Nc3	122101	42591	52038	27472	17289387	Carlsen, M.	2882	2013	2019	2026-07-29
E.Ind.WIn.Nf3	37872	13247	15955	8670	5359356	Carlsen, M.	2872	2014	2022	2026-07-29
E.Ind.WIn.g3	13230	4501	6221	2508	632577	Carlsen, M.	2865	2019	2022	2026-07-29
E.Ind.WIn.d5	133	47	49	37	52873	Socko, Bartosz	2660	1977	2017	2026-07-29
E.Ind.WIn.d5.b5	11	4	5	2	226	Abbasov, Farid	2565	1978	2011	2026-07-29
E.Ind.WIn.f3	4232	1409	1891	932	329174	Carlsen, M.	2881	2014	2022	2026-07-29
E.Ind.WIn.f3.e5	63	25	16	22	1909	Kramnik, Vladimir	2780	1998	2004	2026-07-29
E.Ind.WIn.h4	584	174	320	90	65547	Carlsen, M.	2882	2016	2021	2026-07-29
E.Ind.WIn.Qc2	3	1	1	1	4621	L'Ami, Erwin	2550	2006	2025	2026-07-29
E.Ind.WIn.Nf3.Bg7	37916	13184	16035	8697	4966896	Carlsen, M.	2872	2014	2022	2026-07-29
E.Ind.WIn.Nf3.Bg7.g3	18221	6497	7919	3805	1036876	Carlsen, M.	2872	2013	2021	2026-07-29
E.Ind.WIn.Nf3.Bg7.b4	63	23	18	22	10925	Carlsen, M.	2832	2009	2018	2026-07-29
A.Eng.ADu	4679	1742	1769	1168	1648288	Caruana, F..	2820	2010	2021	2026-07-29
A.Eng.ADu.Hic	28	13	8	7	19839	Malaniuk, Vladimir P	2555	1978	2024	2026-07-29
A.Eng.ADu.Wad	5	3	0	2	8595	Markov, M KGZ.	2420	2005	2020	2026-07-29
A.Eng.ADu.Cha	0	0	0	0	227					2026-07-29
A.Eng.ADu.Fer	14	4	3	7	10348	Kobalia, Mihail	2581	1996	2023	2026-07-29
A.Eng.ADu.Por	13	3	3	7	1577	Kazakouski, Valery	2524	1996	2023	2026-07-29
A.Eng.ASc	55	26	21	8	3501273	Aronian, L.	2784	1998	2019	2026-07-29
A.Eng.ASc.Loh	0	0	0	0	100424					2026-07-29
A.Eng.ASc.Mal	7	6	1	0	500585	Aronian, L.	2784	2005	2020	2026-07-29
A.Eng.ASc.Sch	9	2	4	3	489404	Hovhanisian, Mher	2479	2004	2012	2026-07-29
A.Eng.ALi	484	202	154	128	624483	Kasparov, Garry	2800	1990	2018	2026-07-29
A.Eng.GSn	15290	5013	5983	4294	3994205	Carlsen, M.	2872	2013	2022	2026-07-29
A.Eng.GSn.Ado	295	93	136	66	9351	Carlsen, M.	2881	2013	2017	2026-07-29
A.Eng.GSn.Bot	121	40	37	44	5332	Kasparov, Garry	2825	1998	2016	2026-07-29
A.Eng.Mye	38	18	7	13	57153	Edouard, R.	2641	1990	2019	2026-07-29
A.Eng.Mye.d4	10	4	3	3	22104	Hodgson, Julian M	2555	1989	2011	2026-07-29
A.Eng.Mye.Zil	0	0	0	0	322					2026-07-29
A.Eng.Jae	14	5	5	4	223916	Kovalyov, Anton	2598	2001	2012	2026-07-29
A.Eng.CKa	16006	5755	7123	3128	4900335	Carlsen, M.	2840	2010	2019	2026-07-29
A.Eng.Agi	30908	11115	13073	6720	7841462	Carlsen, M.	2882	2013	2019	2026-07-29
A.Eng.Agi.Nf3	12688	4533	5289	2866	1598938	Carlsen, Magnus	2837	2012	2018	2026-07-29
A.Eng.Agi.Nf3.Wim	1106	348	519	239	112633	Carlsen, M..	2862	2016	2021	2026-07-29
A.Eng.Agi.Nf3.Rom	1091	313	462	316	7343	Ding Liren	2812	1996	2019	2026-07-29
A.Eng.AIn	55219	19544	23953	11722	16159558	Carlsen, M.	2882	2013	2019	2026-07-29
A.Eng.AIn.Nf3	90738	30888	42085	17765	4826036	Carlsen, M.	2875	2013	2020	2026-07-29
A.Eng.AIn.Nc3	32709	12214	13705	6790	9961504	Carlsen, M.	2882	2014	2021	2026-07-29
A.Eng.AIn.e4	7	1	2	4	15178	Kuzmin, Gennadi P	2546	1983	2000	2026-07-29
A.Eng.AIn.Nf3.d6	1957	811	696	450	421293	Caruana, F..	2823	1995	2021	2026-07-29
A.Eng.AIn.Nf3.d5	201	104	71	26	615727	Nakamura, Hi	2810	1972	2025	2026-07-29
A.Eng.AIn.Nf3.d5.cxd5	135	82	42	11	304743	Savon, Vladimir A	2595	1972	2018	2026-07-29
A.Eng.AIn.Nf3.b6	6166	1749	3037	1380	139302	Carlsen, M.	2853	2000	2023	2026-07-29
A.Eng.AIn.Nf3.g6	31527	11774	13170	6583	1976717	Carlsen, M.	2875	2019	2021	2026-07-29
A.Eng.AIn.Nf3.g6.g3	8456	3122	3583	1751	506574	Carlsen, M.	2853	2012	2016	2026-07-29
A.Eng.AIn.Nf3.g6.g3.d5	64	24	28	12	17800	Firouzja, Alireza	2723	2007	2023	2026-07-29
A.Eng.AIn.Nf3.g6.g3.b6	879	217	395	267	25373	Kramnik, Vladimir	2797	2012	2021	2026-07-29
A.Eng.AIn.Nf3.g6.g3.c6	387	141	186	60	18037	Grischuk, Alexander	2785	2008	2018	2026-07-29
A.Eng.AIn.Nf3.g6.b4	1128	388	435	305	82565	Vachier Lagrave, M.	2758	2014	2022	2026-07-29
A.Eng.AIn.Nc3.d5	2927	1212	1152	563	730081	Mamedyarov, S.	2800	2007	2017	2026-07-29
A.Eng.AIn.Nc3.d5.cxd5	2719	1130	1071	518	786485	Mamedyarov, S.	2800	2007	2017	2026-07-29
A.Eng.AIn.Nc3.e6	7020	2706	2980	1334	3314829	Carlsen, M.	2862	2015	2021	2026-07-29
A.Eng.AIn.Nc3.e6.Nf3	4133	1440	1856	837	109217	Kramnik, Vladimir	2809	1998	2002	2026-07-29
A.Eng.AIn.Nc3.g6	9472	3908	3490	2074	3678861	Carlsen, M.	2865	2013	2022	2026-07-29
A.Eng.AIn.Nc3.g6.Nf3	9625	3763	3771	2091	436121	Carlsen, M.	2864	2020	2025	2026-07-29
A.Ret.c5	33465	10534	14571	8360	7394379	Carlsen, M.	2876	2012	2020	2026-07-29
A.Ret.c5.e3	876	294	339	243	622192	Carlsen, M.	2850	2015	2017	2026-07-29
A.Ret.c5.e3.d4	35	7	17	11	8694	Dvoirys, Semen I	2551	2002	2023	2026-07-29
A.Ret.c5.c4	2540	994	994	552	199968	Nakamura, Hi	2816	2002	2025	2026-07-29
A.Ret.c5.d4	236	56	77	103	2698209	Zvjaginsev, Vadim	2663	2003	2011	2026-07-29
A.Ret.c5.d4.e3	0	0	0	0	35150					2026-07-29
A.Ret.g6	13477	4520	5092	3865	3230882	Carlsen, M.	2876	2013	2017	2026-07-29
A.Ret.g6.d4	514	206	175	133	39451	Kramnik, Vladimir	2809	1999	2009	2026-07-29
A.Ret.g6.d4.dxc5	15	7	5	3	5115	Kornev, Alexei	2567	1993	2013	2026-07-29
A.Ret.Nh6	2	2	0	0	10889	Hartoch, Robert G	2355	1989	1989	2026-07-29
A.Ret.Nh6.d4	1	0	1	0	7700	Pliester, Leon	2385	1989	1989	2026-07-29
A.Ret.Na6	3	1	1	1	8519	Fomichenko, Eduard	2445	1997	2007	2026-07-29
A.Ret.Na6.e4	4	0	1	3	15050	Lagarde, Maxime	2655	1989	2020	2026-07-29
A.Ret.Na6.e4.c5	2	0	1	1	4785	Fargere, Francois	2459	1989	2009	2026-07-29
A.Ret.Na6.e4.Nh6	2	0	0	2	2638	Lagarde, Maxime	2655	2020	2020	2026-07-29
A.Ret.f6	1	1	0	0	113061	Niemann, Hans Moke	2465	2020	2020	2026-07-29
A.Ret.f6.e4	0	0	0	0	109138					2026-07-29
A.Ret.f6.e4.Nh6	0	0	0	0	4660					2026-07-29
A.Ret.h6	18	8	5	5	71691	Ding Liren	2813	2016	2019	2026-07-29
A.Ret.Nc6	1587	619	603	365	3271398	Kramnik, Vladimir	2790	1998	2016	2026-07-29
A.Ret.f5	6907	2760	2584	1563	1412402	Giri, A.	2797	2015	2021	2026-07-29
A.Ret.f5.d3	175	103	35	37	54101	Ding Liren	2777	2009	2019	2026-07-29
A.Ret.g5	6	4	1	1	97720	Indjic, A.	2589	1997	2023	2026-07-29
A.Ret.d6	6744	2445	2443	1856	3312653	Carlsen, Magnus	2863	2014	2020	2026-07-29
A.Ret.d6.d4	17076	6201	6296	4579	4587328	Carlsen, Magnus	2863	2016	2020	2026-07-29
A.Ret.d6.d4.e5	2	0	1	1	196618	Sindarov, Javokhir	2684	2009	2024	2026-07-29
A.Ret.d6.e4	726	239	262	225	7937901	Caruana, F.	2804	2010	2016	2026-07-29
A.Ret.d6.e4.Bg4	24	9	8	7	223950	Nevednichy, Vladislav	2589	1987	2000	2026-07-29
A.Ret.b5	465	176	166	123	115748	Carlsen, M.	2834	2011	2018	2026-07-29
A.Ret.e6	4298	1695	1716	887	4575628	Carlsen, M.	2855	2016	2017	2026-07-29
A.Ret.b6	1220	401	487	332	1406556	Carlsen, M.	2827	2006	2019	2026-07-29
A.Ret.e5	13	7	2	4	957224	Adly, A.	2582	2009	2023	2026-07-29
A.Ret.e5.Nxe5	1	1	0	0	121089	Siikaluoma, Auno	2551	2009	2009	2026-07-29
A.Ret.c6	343	106	172	65	2752600	Topalov, Veselin	2793	2004	2015	2026-07-29
A.Ret.a6	24	8	7	9	124009	Erigaisi, Arjun	2725	2017	2022	2026-07-29
A.Ret.a5	2	2	0	0	36631	Van Foreest, Jorden	2714	2022	2022	2026-07-29
A.Ret.Nf6	135850	45726	61886	28238	15257513	Carlsen, M.	2872	2014	2020	2026-07-29
A.Ret.Nf6.Nc3	83	23	40	20	643754	Carlsen, M.	2834	1994	2023	2026-07-29
A.Ret.Nf6.Nc3.Nc6	9	2	5	2	93993	Dimitrov, R.	2459	1996	2018	2026-07-29
A.Ret.Nf6.e4	11	1	9	1	700239	Delgado Ramirez, Neuris	2634	2000	2020	2026-07-29
A.Ret.Nf6.e3	1149	374	476	299	586960	Carlsen, M.	2864	2016	2024	2026-07-29
A.Ret.Nf6.b3	4475	1406	1901	1168	975305	Carlsen, M.	2832	2016	2017	2026-07-29
A.Ret.Nf6.b4	219	61	101	57	59915	Ma Qun	2627	2009	2019	2026-07-29
A.Ret.Nf6.a4	0	0	0	0	213					2026-07-29
A.Ret.Nf6.g3	36849	12733	15836	8280	4707749	Carlsen, M.	2872	2014	2020	2026-07-29
A.Ret.Nf6.g3.g6	15395	5486	6548	3361	2324686	Carlsen, Magnus	2863	2016	2020	2026-07-29
A.Ret.Nf6.g3.g6.b4	318	109	118	91	26420	Caruana, F.	2805	2007	2023	2026-07-29
A.Ret.Nf6.g3.b5	2503	790	995	718	75932	Carlsen, M.	2863	2015	2020	2026-07-29
A.Ret.d5	88532	28513	40657	19362	21648756	Carlsen, Magnus	2868	2013	2022	2026-07-29
A.Ret.d5.b3	3859	1216	1622	1021	1238250	Carlsen, M.	2872	2013	2023	2026-07-29
A.Ret.d5.b3.c5	16	6	6	4	15012	Carlsen, M.	2872	2014	2021	2026-07-29
A.Ret.d5.b3.c4	0	0	0	0	7					2026-07-29
A.Ret.d5.Rg1	2	1	0	1	2582	Stork, Oliver	2351	1999	2023	2026-07-29
A.Ret.d5.d3	413	138	147	128	1138365	Caruana, F.	2819	2017	2020	2026-07-29
A.Ret.d5.e3	5361	1957	2249	1155	1449017	Carlsen, M.	2872	2017	2019	2026-07-29
A.Ret.d5.e3.c5	0	0	0	0	20					2026-07-29
A.Ret.d5.Nc3	84	21	27	36	343100	Mamedyarov, S.	2801	2017	2024	2026-07-29
A.Ret.d5.a4	3	0	1	2	13341	Ward, Christopher	2467	1979	2013	2026-07-29
A.Ret.d5.g3	37683	12883	16500	8300	5889972	Carlsen, Magnus	2870	2013	2022	2026-07-29
A.Ret.d5.g3.g6	5127	1446	2483	1198	185173	Carlsen, Magnus	2870	2013	2020	2026-07-29
A.Ret.d5.g3.Bg4	4221	1436	1771	1014	273119	Carlsen, M.	2882	2013	2022	2026-07-29
A.Ret.d5.g3.e5	0	0	0	0	62193					2026-07-29
A.Ret.d5.g3.c5	3089	1073	1387	629	1525044	Carlsen, M.	2861	2017	2025	2026-07-29
A.Ret.d5.c4	17535	5945	7408	4182	4391706	Carlsen, M.	2872	2016	2019	2026-07-29
A.Ret.d5.c4.b5	0	0	0	0	151					2026-07-29
B.Fre.Nrm	141447	49407	59336	32704	65346891	Carlsen, M.	2881	2014	2019	2026-07-29
B.Fre.Nrm.d5	139742	48705	58780	32257	52899808	Carlsen, M.	2881	2014	2019	2026-07-29
B.Fre.Nrm.d5.Be3	30	8	12	10	181640	Priyadharshan, K.	2460	1997	2015	2026-07-29
B.Fre.Nrm.d5.Nf3	12	3	6	3	329879	Guseinov, G.	2654	2016	2021	2026-07-29
B.Fre.Nrm.d5.Nf3.dxe4	6	0	5	1	56936	Csiba, Tibor	2441	2018	2024	2026-07-29
B.Fre.Nrm.d5.c4	10	2	3	5	331374	Kostic, Vladimir G	2439	2002	2024	2026-07-29
B.Fre.Nrm.d5.c4.dxe4	10	2	3	5	261759	Kostic, Vladimir G	2439	2002	2024	2026-07-29
B.Fre.Nrm.d5.Qe2	2	0	2	0	6651	Zvjaginsev, Vadim	2664	2003	2010	2026-07-29
B.Fre.Nrm.d5.Qe2.e5	1	0	0	1	55	Arribas Lopez, Angel	2467	2012	2012	2026-07-29
B.Fre.Nrm.d5.Nh3	0	0	0	0	345					2026-07-29
B.Fre.Nrm.d5.Bd3	1280	469	445	366	1374833	Carlsen, Magnus	2837	2012	2018	2026-07-29
B.Fre.Nrm.b5	4	2	0	2	23574	Moser, Eva	2438	1985	2013	2026-07-29
B.Fre.Nrm.f5	2	2	0	0	169456	Ljubojevic, Ljubomir	2625	1990	1990	2026-07-29
B.Fre.Nrm.f5.exf5	2	2	0	0	96096	Ljubojevic, Ljubomir	2625	1990	1990	2026-07-29
B.Fre.Nrm.c5	975	367	351	257	3818891	Ivanchuk, Vassily	2709	1995	2019	2026-07-29
B.Fre.Nrm.c5.d5	488	197	188	103	1455073	Ivanchuk, Vassily	2709	1995	2015	2026-07-29
B.Fre.Nrm.Nf6	20	11	6	3	720286	Volkov, Sergey	2630	2001	2020	2026-07-29
B.Fre.Nrm.a6	254	79	92	83	402343	Carlsen, M.	2839	1999	2023	2026-07-29
B.Fre.Nrm.a6.c4	49	16	15	18	125212	Bauer, Christian	2681	2004	2015	2026-07-29
B.Fre.Nrm.a6.c4.b5	16	6	6	4	21858	Chandler, Murray G	2525	1979	1997	2026-07-29
B.Fre.Nrm.a6.Nf3	103	50	27	26	20460	Carlsen, M.	2834	1983	2018	2026-07-29
B.Fre.b4	0	0	0	0	10564					2026-07-29
B.Fre.b4.Bxb4	0	0	0	0	32					2026-07-29
B.Fre.Bb5	15	4	6	5	85023	Vaisser, Anatoli	2530	1988	2010	2026-07-29
B.Fre.Qe2	2130	827	687	616	883171	Carlsen, Magnus	2863	2011	2020	2026-07-29
B.Fre.b3	721	248	252	221	954626	Duda, J.	2717	2017	2024	2026-07-29
B.Fre.d3	8825	3192	3012	2621	3805760	Carlsen, Magnus	2843	1998	2019	2026-07-29
B.Fre.d3.f5	3	1	2	0	10685	Chigaev, M.	2494	2001	2014	2026-07-29
B.Fre.Nf3	2609	849	925	835	22048143	Carlsen, M.	2857	2014	2024	2026-07-29
B.Fre.Nf3.f5	1	1	0	0	49753	Zherebukh, Y.	2611	2013	2013	2026-07-29
B.Fre.Nf3.d5	2410	785	857	768	15864337	Carlsen, M.	2857	2014	2024	2026-07-29
B.Fre.Nf3.d5.Nc3	1791	600	636	555	2418063	Sindarov, Javokhir	2726	2018	2025	2026-07-29
B.Fre.f4	319	114	123	82	5185458	Carlsen, M.	2882	2019	2019	2026-07-29
B.Fre.f4.d5	8	1	3	4	81590	Kund, Wolfgang	2557	2002	2007	2026-07-29
B.Fre.c4	999	353	395	251	2827401	Caruana, F.	2804	2012	2024	2026-07-29
B.Fre.c4.d5	11	4	0	7	273658	Riazantsev, Alexander	2572	1985	2004	2026-07-29
B.Fre.Nc3	1108	356	432	320	5190416	Nakamura, Hi	2787	2005	2019	2026-07-29
B.Fre.Nc3.d5	54	14	24	16	340398	Tiviakov, Sergei	2634	1993	2011	2026-07-29
B.Fre.g3	87	29	30	28	376325	Carlsen, M.	2881	2009	2017	2026-07-29
B.Fre.e5	57	21	14	22	989664	Sedlak, N.	2605	1996	2019	2026-07-29
B.Fre.Nrm.d5.Nc3	71339	25451	30175	15713	15231328	Carlsen, M.	2882	2017	2019	2026-07-29
B.Fre.Nrm.d5.Nc3.Nc6	1710	693	596	421	266268	Caruana, F.	2791	2013	2022	2026-07-29
B.Fre.Nrm.d5.Nc3.c5	10	6	1	3	844180	Matei, Cornel	2476	2011	2017	2026-07-29
B.Fre.Nrm.d5.Nc3.a6	178	73	53	52	90893	Cheparinov, I.	2705	2015	2025	2026-07-29
B.CaK.Nc3	7819	2469	3228	2122	6262262	Carlsen, M.	2855	2012	2018	2026-07-29
B.CaK.Nc3.d5	7795	2432	3238	2125	5834717	Carlsen, M.	2855	2012	2018	2026-07-29
B.CaK.Nc3.Gld	354	98	146	110	299780	Vachier Lagrave, M.	2793	2018	2019	2026-07-29
B.CaK.Nc3.ScH	0	0	0	0	2538					2026-07-29
B.CaK.Nc3.StP	1	0	0	1	7863	Quinn, M.	2386	2019	2019	2026-07-29
B.CaK.APn	8149	2968	3410	1771	2878596	Topalov, Veselin	2793	2008	2013	2026-07-29
B.CaK.APn.d5	6610	2297	2876	1437	2358567	Anand, Viswanathan	2791	2008	2009	2026-07-29
B.CaK.APn.Mod	4101	1405	1751	945	887094	Topalov, Veselin	2791	2007	2012	2026-07-29
B.CaK.APn.Opn	1174	504	418	252	147991	Topalov, Veselin	2793	2003	2022	2026-07-29
B.CaK.APn.PSc	0	0	0	0	225					2026-07-29
B.CaK.APn.VWe	0	0	0	0	14057					2026-07-29
B.CaK.APn.Toi	13	2	3	8	39993	Short, N.	2683	2013	2022	2026-07-29
B.CaK.Nf3	5287	1854	2088	1345	18187459	Carlsen, M.	2864	2017	2022	2026-07-29
B.CaK.Nf3.d5	5195	1818	2056	1321	16857012	Carlsen, M.	2864	2017	2022	2026-07-29
B.CaK.Nf3.d5.exd5	538	151	226	161	208143	Ding Liren	2811	2018	2020	2026-07-29
B.CaK.Nf3.d5.d3	1553	609	586	358	898030	Carlsen, M.	2864	2019	2022	2026-07-29
B.CaK.Nf3.d5.d3.dxe4	653	266	294	93	221302	Giri, A.	2779	2019	2021	2026-07-29
B.CaK.Bry	2648	881	1019	748	2138065	Carlsen, M.	2832	2008	2019	2026-07-29
B.CaK.Euw	68	20	19	29	279344	Karpov, Anatoly	2740	1988	2016	2026-07-29
B.CaK.Hil	19	3	8	8	2675452	Carlsen, M.	2850	2011	2018	2026-07-29
B.CaK.Hil.Sch	13	2	5	6	115142	Carlsen, M.	2850	2011	2015	2026-07-29
B.CaK.Lab	5	2	1	2	20288	Jansen, Joop	2412	1993	2006	2026-07-29
B.CaK.Lab.Dbl	0	0	0	0	989					2026-07-29
B.CaK.Lab.Pol	3	2	0	1	348	Jansen, Joop	2412	1998	2006	2026-07-29
B.CaK.Spk	0	0	0	0	9856					2026-07-29
B.CaK.Spk.ScG	0	0	0	0	335					2026-07-29
B.CaK.Dpn	85908	27648	37791	20469	47724824	Carlsen, Magnus	2863	2017	2021	2026-07-29
B.CaK.Dpn.d5	83833	26769	37144	19920	44703998	Carlsen, Magnus	2863	2017	2021	2026-07-29
B.CaK.Dpn.d5.exd5	16786	4941	7431	4414	14181427	Carlsen, Magnus	2863	2017	2020	2026-07-29
B.CaK.Dpn.DBr	215	90	70	55	36339	Carlsen, M.	2832	1996	2019	2026-07-29
B.CaK.Dpn.DBr.Nc3	78	31	27	20	6603	Carlsen, M.	2832	2000	2021	2026-07-29
B.CaK.Dpn.Mas	21	11	5	5	78711	Antoniewski, Rafal	2497	1993	2012	2026-07-29
B.CaK.Dpn.Mss	1	0	1	0	5246	Emms, John M	2305	1989	1989	2026-07-29
B.CaK.Dpn.Mdn	11388	3633	5213	2542	2605523	Kasparov, Garry	2847	1998	2020	2026-07-29
B.CaK.Dpn.Mdn.Edn	38	15	17	6	5373	Svidler, Peter	2734	2007	2016	2026-07-29
B.CaK.Dpn.Mdn.MLn	29824	8789	14181	6854	11123665	Carlsen, Magnus	2870	2013	2020	2026-07-29
B.CaK.Dpn.Mdn.MLn.h6	87	35	32	20	33701	Grischuk, Alexander	2717	2004	2007	2026-07-29
B.CaK.Dpn.Mie	0	0	0	0	37832					2026-07-29
B.CaK.Dpn.Lnd	0	0	0	0	1684					2026-07-29
B.CaK.Dpn.Nf3	7	0	4	3	295954	Urban, Milos	2399	2020	2025	2026-07-29
B.CaK.Dpn.Nf3.Uly	4	0	3	1	146681	Urban, Milos	2399	2013	2025	2026-07-29
B.CaK.Dpn.Nc3	20520	5923	9694	4903	11617834	Carlsen, Magnus	2870	2013	2021	2026-07-29
B.CaK.Dpn.Nc3.dxe4	19167	5436	9228	4503	9773815	Carlsen, Magnus	2870	2013	2021	2026-07-29
B.CaK.Dpn.Nc3.Alk	19	9	6	4	196206	Mamedov, Rau	2656	2007	2024	2026-07-29
B.CaK.Dpn.Nc3.Ali	0	0	0	0	132885					2026-07-29
B.CaK.Dpn.Nc3.Cmp	9	5	2	2	635364	Bobras, Piotr	2563	1999	2011	2026-07-29
B.CaK.Dpn.Nc3.Gur	109	41	35	33	72635	Khismatullin, Denis	2656	1997	2016	2026-07-29
B.CaK.Dpn.Nc3.Rsa	24	4	9	11	590898	Shimanov, A.	2642	2002	2017	2026-07-29
B.CaK.Dpn.Nc3.VHg	23	4	4	15	250588	Bareev, Evgeny	2709	2000	2020	2026-07-29
B.Fre.Win.Ale	2412	807	936	669	264782	Vachier Lagrave, Maxime	2788	2005	2022	2026-07-29
B.Fre.Win.Ale.Wlf	258	85	91	82	31399	Ivanchuk, Vassily	2711	2002	2025	2026-07-29
B.Fre.Win.Ale.Acc	686	223	302	161	88606	Caruana, F.	2798	2005	2025	2026-07-29
B.Fre.Win.Ale.Kan	653	202	298	153	28979	Caruana, F.	2798	2006	2025	2026-07-29
B.Fre.Win.Ale.Ala	8	0	6	2	20	Eingorn, Vereslav S	2590	1992	2010	2026-07-29
B.Fre.Win.DEx	2828	890	1216	722	667827	Caruana, Fabiano	2835	2016	2020	2026-07-29
B.Fre.Win.DEx.Cnl	149	63	56	30	6404	Yu Yangyi	2739	2015	2024	2026-07-29
B.Fre.Win.Fsl	235	68	86	81	162460	Ivanchuk, Vassily	2762	1986	2022	2026-07-29
B.Fre.Win.Fsl.Kun	78	22	33	23	2238	Short, N.	2633	1984	2022	2026-07-29
B.Fre.Win.Fsl.MLn	64	22	21	21	10767	Kornev, Alexei	2566	2003	2014	2026-07-29
B.Fre.Win.Fsl.Sch	1	0	0	1	2	Zugic, Igor	2370	1999	1999	2026-07-29
B.Fre.Win.Knd	46	17	17	12	1284	Istratescu, Andrei	2641	2000	2015	2026-07-29
B.Fre.Win.WRg	101	17	49	35	36481	Kovalenko, I.	2680	1996	2018	2026-07-29
B.Fre.Win.Adv	24645	9559	9336	5750	2406619	Carlsen, M.	2872	2012	2020	2026-07-29
B.Fre.Win.Adv.Qd7	1106	513	331	262	76170	Carlsen, M.	2872	2017	2019	2026-07-29
B.Fre.Win.Adv.c5	16979	6464	6696	3819	1784784	Carlsen, M.	2853	2012	2023	2026-07-29
B.Fre.Win.Adv.Msc	305	115	95	95	71923	Carlsen, Magnus	2815	2004	2024	2026-07-29
B.Fre.Win.Adv.Bgl	1503	512	579	412	190221	Aronian, L.	2782	2016	2025	2026-07-29
B.Fre.Win.Adv.Bgl.Ice	109	40	46	23	6972	Kolev, Atanas	2582	1988	2000	2026-07-29
B.Fre.Win.Adv.a3	14940	5748	5947	3245	1339812	Carlsen, M.	2853	2012	2023	2026-07-29
B.Fre.Win.Adv.MWl	97	48	37	12	190880	Neumann, Joachim	2712	1990	2006	2026-07-29
B.Fre.Win.Adv.MWl.Nf3	42	20	15	7	17402	Neumann, Joachim	2712	1990	2006	2026-07-29
B.Fre.Win.Adv.MLn	13075	5053	5209	2813	976875	Carlsen, M.	2853	2012	2023	2026-07-29
B.Fre.Win.Adv.MLn.Ne7	11223	4274	4572	2377	587016	Carlsen, Magnus	2843	2012	2020	2026-07-29
B.Fre.Win.Adv.MLn.Ne7.Bd3	54	19	18	17	28426	Navara, David	2708	1999	2010	2026-07-29
B.Fre.Win.Adv.MLn.Ne7.h4	1254	493	487	274	49422	Caruana, Fabiano	2835	2017	2020	2026-07-29
B.Fre.Win.Adv.MLn.Ne7.Nf3	2123	778	781	564	121518	Carlsen, Magnus	2863	1997	2020	2026-07-29
B.Fre.Win.Adv.MLn.Qc7	1847	789	576	482	183937	Caruana, F.	2792	2011	2022	2026-07-29
B.Fre.Win.Adv.MLn.Qa5	2261	829	957	475	140612	Karjakin, Sergey	2779	2016	2022	2026-07-29
B.Fre.Win.Adv.Smy	771	287	286	198	36651	Giri, A.	2782	2016	2023	2026-07-29
B.Fre.Win.Adv.Pos	463	174	169	120	19551	Fischer, Robert James	2760	1971	2018	2026-07-29
B.Fre.Win.Adv.Pos.Qa5	392	138	155	99	9968	Harikrishna, P.	2725	1991	2018	2026-07-29
B.Fre.Win.Adv.Pos.Qa5.Bd2	530	188	208	134	10727	So, W.	2753	1974	2023	2026-07-29
B.Fre.Win.Adv.Pos.Qa5.Qd2	234	77	99	58	7537	Timman, Jan H	2675	1974	2013	2026-07-29
B.Mod.Dpn	41486	15494	13739	12253	18949272	Carlsen, M.	2876	2015	2019	2026-07-29
B.Mod.Std	36882	13778	12126	10978	17084507	Carlsen, M.	2876	2015	2022	2026-07-29
B.Mod.Std.Nc3	24140	9080	7779	7281	5056514	Carlsen, M.	2865	2013	2018	2026-07-29
B.Mod.Std.Bc4	159	54	53	52	528083	Carlsen, M.	2876	2006	2015	2026-07-29
B.Mod.Std.Bc4.b5	1	0	1	0	402	Klauser, Markus	2380	1997	1997	2026-07-29
B.Mod.Std.Bc4.Mky	6	0	2	4	1971	Vadasz, Laszlo	2490	1977	1993	2026-07-29
B.Mod.Std.ThP	407	133	123	151	1827483	Bologan, Viktor	2688	1992	2014	2026-07-29
B.Mod.Std.ThP.PtW	0	0	0	0	539					2026-07-29
B.Mod.Std.ThP.PtP	1	0	0	1	3472	Petran, Pe	2306	2017	2017	2026-07-29
B.Mod.Std.Nf3	10749	3945	3834	2970	8137322	Carlsen, M.	2876	2012	2022	2026-07-29
B.Mod.Std.Nf3.b6	21	8	8	5	529624	Leko, Peter	2751	2007	2023	2026-07-29
B.Mod.Std.Nf3.d6	2310	808	916	586	974512	Aronian, L.	2784	2016	2022	2026-07-29
B.Mod.Std.Bd2	0	0	0	0	8849					2026-07-29
B.Mod.Std.Bd3	2	1	0	1	48921	Levin, Evgeny A	2505	2004	2013	2026-07-29
B.Mod.Std.Fia	183	53	57	73	43205	Malakhov, V.	2717	2002	2015	2026-07-29
B.Mod.Std.Fia.PtK	0	0	0	0	11					2026-07-29
B.Mod.Std.Fia.PtR	11	3	3	5	588	Gavrikov, Viktor	2580	1973	2014	2026-07-29
B.Mod.Std.Ctr	6867	2700	2370	1797	2168373	Carlsen, M.	2862	2015	2025	2026-07-29
B.Mod.Std.Ctr.Dun	0	0	0	0	223					2026-07-29
B.Mod.Std.Ctr.PtC	980	388	309	283	323207	Jakovenko, Dmitrij	2713	2007	2017	2026-07-29
B.Mod.Std.Ctr.PtC.AnH	3	0	2	1	697	Li, Di	2556	2006	2023	2026-07-29
B.Mod.Std.Ctr.PtC.Ben	0	0	0	0	5066					2026-07-29
B.Mod.Std.Ctr.PtC.Qtz	0	0	0	0	2089					2026-07-29
B.Mod.Std.Nc3.StD	19985	7520	6462	6003	4303148	Carlsen, M.	2843	2014	2018	2026-07-29
B.Mod.Std.Nc3.StD.Nf3	5543	1828	2105	1610	2674340	Carlsen, Magnus	2863	2015	2022	2026-07-29
B.Mod.Std.Nc3.StD.Tal	7	4	3	0	671	Bartel, Mateusz	2624	1996	2013	2026-07-29
B.Mod.Std.Nc3.StD.Rat	1117	354	439	324	266041	Carlsen, M.	2847	2021	2024	2026-07-29
B.Mod.Std.Nc3.C6S	7565	2870	2473	2222	660992	Kramnik, Vladimir	2810	2013	2020	2026-07-29
B.Mod.Std.Nc3.C6S.AMo	20	15	2	3	1748	Hodgson, Julian M	2640	1977	2001	2026-07-29
B.Mod.Std.Nc3.C6S.Grg	726	306	223	197	33913	Nakamura, Hi	2760	2004	2022	2026-07-29
B.Mod.Std.Nc3.C6S.Sut	2289	772	855	662	467220	Aronian, L.	2815	2014	2019	2026-07-29
B.Mod.Std.Nc3.d5	497	202	187	108	83144	Vachier Lagrave, M.	2780	2018	2021	2026-07-29
B.Mod.Std.Nc3.C5S	889	405	256	228	673711	Mamedyarov, S..	2770	2001	2021	2026-07-29
B.Mod.Std.Nc3.C5S.AnH	87	37	24	26	209069	Harikrishna, P.	2730	1999	2019	2026-07-29
B.Mod.Std.Nc3.C5S.Rha	357	178	103	76	160774	Saric, Iv	2669	2013	2017	2026-07-29
B.Mod.Std.Nc3.C5S.Pte	194	102	54	38	62908	Guseinov, G.	2614	1977	2015	2026-07-29
B.Mod.Std.Nc3.C5S.Ptn	111	52	36	23	38863	Saric, Iv	2669	2004	2023	2026-07-29
B.Mod.Std.Nc3.C5S.Ben	2	2	0	0	2683	Loeffler, Stefan	2416	2004	2009	2026-07-29
B.Mod.Std.Nc3.C5S.Sic	174	59	58	57	22767	Bologan, Viktor	2650	1983	2008	2026-07-29
B.Mod.Std.Nc3.C5S.Sic.Qtz	2	2	0	0	67	Li, Shilong	2522	1981	2004	2026-07-29
B.Mod.Std.Nc3.C5S.Sic.Sir	2	0	0	2	3254	Day, Lawrence A	2380	1995	2003	2026-07-29
B.Mod.Dpn.Nf6	243	107	57	79	369969	Carlsen, M.	2875	2010	2019	2026-07-29
B.Mod.Dpn.Nf6.Nor	53	19	15	19	20260	Carlsen, M.	2875	2010	2019	2026-07-29
B.Mod.Fia	0	0	0	0	17136					2026-07-29
B.Ale.Nrm	17974	6817	6726	4431	11153373	Carlsen, Magnus	2863	2016	2024	2026-07-29
B.Ale.Brk	132	65	30	37	296152	Carlsen, M.	2881	2014	2018	2026-07-29
B.Ale.Brk.Eve	0	0	0	0	101					2026-07-29
B.Ale.Kre	22	9	2	11	226382	Hellers, F.	2592	1983	2023	2026-07-29
B.Ale.Kre.Gmb	15	4	2	9	56208	Hellers, F.	2592	1998	2023	2026-07-29
B.Ale.Mar	492	158	151	183	1345300	Nakamura, Hi	2781	2000	2020	2026-07-29
B.Ale.Mok	14	6	6	2	187797	Sermek, Drazen	2603	2002	2025	2026-07-29
B.Ale.Mok.Mod	1	0	1	0	2497	Rausis, Igors	2470	1990	1990	2026-07-29
B.Ale.Mok.Vav	2	2	0	0	75366	Vavra, Pavel	2365	1994	2018	2026-07-29
B.Ale.Nrm.Na3	1	1	0	0	2463	Neckar, Lubomir	2340	1999	1999	2026-07-29
B.Ale.Nrm.Bc4	95	35	27	33	480594	Mamedyarov, Shakhriyar	2657	1993	2009	2026-07-29
B.Ale.Nrm.Bc4.Kmo	15	4	7	4	27459	Mamedyarov, Shakhriyar	2657	1995	2011	2026-07-29
B.Ale.Nrm.Nc3	702	218	269	215	578055	Zvjaginsev, Vadim	2674	2007	2022	2026-07-29
B.Ale.Nrm.Two	1685	565	590	530	3888051	Carlsen, Magnus	2863	2019	2024	2026-07-29
B.Ale.Nrm.Two.Tat	42	18	10	14	201810	Bu, Xiangzhi	2668	2001	2019	2026-07-29
B.Ale.Nrm.Two.Stn	46	16	13	17	46215	Hansen, Curt	2505	1976	1999	2026-07-29
B.Ale.Nrm.Two.Sqr	0	0	0	0	28887					2026-07-29
B.Ale.Nrm.b3	7	1	4	2	14947	Santo Roman, Marc	2495	1976	2007	2026-07-29
B.Ale.Nrm.Dpn	15150	5889	5712	3549	5146112	Carlsen, Magnus	2863	2016	2024	2026-07-29
B.Ale.Nrm.Dpn.d6	14885	5776	5634	3475	4109981	Carlsen, Magnus	2863	2016	2024	2026-07-29
B.Ale.Nrm.Dpn.d6.c4	4447	1743	1607	1097	1732266	Carlsen, Magnus	2863	2007	2024	2026-07-29
B.Ale.Nrm.Dpn.d6.c4.Nb6	5449	2101	1962	1386	4055560	Carlsen, Magnus	2863	2020	2024	2026-07-29
B.Ale.Nrm.Dpn.Osg	0	0	0	0	109808					2026-07-29
B.Ale.Nc3	2054	667	796	591	3517365	Mamedyarov, S.	2767	2014	2022	2026-07-29
B.Ale.Nc3.Ges	0	0	0	0	674980					2026-07-29
B.Ale.Nc3.Mye	3	1	2	0	30009	Neckar, Lubomir	2360	1992	2017	2026-07-29
B.Ale.Nc3.Spl	62	28	9	25	52286	Ivanchuk, V.	2733	1996	2016	2026-07-29
B.Nim.Dpn	1965	752	609	604	5439510	Carlsen, Magnus	2863	2020	2023	2026-07-29
B.Nim.Nf3	4009	1556	1366	1087	5223636	Carlsen, Magnus	2863	2006	2020	2026-07-29
B.Nim.Nc3	635	249	201	185	1021067	Mamedyarov, S.	2767	2018	2020	2026-07-29
B.Nim.Nf3.Nf6	162	76	40	46	289475	Ni, Hua	2710	2004	2019	2026-07-29
B.Nim.Nf3.Nf6.ElC	62	35	10	17	33972	Ni, Hua	2710	2007	2012	2026-07-29
B.Nim.Nf3.Nf6.ElC.Gmb	3	2	0	1	407	Vandevoort, Pascal	2409	1995	2009	2026-07-29
B.Nim.Nf3.Nf6.ElC.Exc	11	7	1	3	2163	Gonzalez Vidal, Yuri	2503	1994	2012	2026-07-29
B.Nim.Nf3.Nf6.ElC.Pin	16	9	5	2	3061	Ni, Hua	2710	1980	2008	2026-07-29
B.Nim.Nf3.e6	145	75	43	27	452970	Svidler, Peter	2765	2006	2014	2026-07-29
B.Nim.Nf3.d6	2166	842	722	602	860085	Carlsen, M.	2837	2017	2017	2026-07-29
B.Nim.Nc3.Nf6	14	6	5	3	49193	Arnaudov, Petar G	2477	1998	2023	2026-07-29
B.Nim.Nc3.e6	132	57	31	44	163759	Fedorov, Alexei	2646	1996	2019	2026-07-29
B.Nim.Nc3.g6	26	9	10	7	40898	Hoi, Carsten	2460	1989	2008	2026-07-29
B.Nim.Dpn.d6	293	116	67	110	600201	Dubov, Daniil	2709	2003	2020	2026-07-29
B.Nim.Dpn.f6	0	0	0	0	7886					2026-07-29
B.Nim.Dpn.a6	0	0	0	0	19731					2026-07-29
B.Nim.Bb5	50	23	16	11	150472	Vitiugov, Nikita	2638	2005	2019	2026-07-29
B.Nim.b4	0	0	0	0	6399					2026-07-29
B.Sca.Ten	23	4	6	13	4924282	Potkin, Vladimir	2647	2013	2022	2026-07-29
B.Sca.Ten.Brg	0	0	0	0	115750					2026-07-29
B.Sca.b3	1	0	1	0	31519	Lugovskoy, M.	2466	2019	2019	2026-07-29
B.Sca.Zil	0	0	0	0	1702					2026-07-29
B.Sca.Cap	23546	9145	8740	5661	58081612	Carlsen, M.	2877	2014	2019	2026-07-29
B.Sca.Cap.Qxd5	16569	6271	6343	3955	35367846	Carlsen, M.	2877	2014	2019	2026-07-29
B.Sca.Cap.BKg	32	24	2	6	3136970	Adams, Mi	2661	2023	2025	2026-07-29
B.Sca.Cap.BKg.Nxc6	22	17	2	3	1165228	Adams, Mi	2661	2023	2025	2026-07-29
B.Sca.Cap.BKg.e5	0	0	0	0	573745					2026-07-29
B.Sca.Cap.Boe	0	0	0	0	885846					2026-07-29
B.Sca.Nc3	1713	506	630	577	3837594	Mamedyarov, S.	2801	2007	2018	2026-07-29
B.Sca.Nc3.VGt	53	23	18	12	135704	Harikrishna, P.	2739	2015	2018	2026-07-29
B.Sic.Naj.g4	4	2	0	2	8885	Mekhitarian, Krikor Sevag	2511	2008	2021	2026-07-29
B.Sic.Naj.Rg1	932	298	374	260	153898	Carlsen, M.	2864	2020	2022	2026-07-29
B.Sic.Naj.Bc4	7689	2390	2680	2619	1847546	Carlsen, Magnus	2863	2001	2021	2026-07-29
B.Sic.Naj.Bc4.Bb3	2689	802	918	969	156568	Carlsen, Magnus	2863	2001	2020	2026-07-29
B.Sic.Naj.g3	3921	1195	1670	1056	232562	Carlsen, M.	2876	2011	2016	2026-07-29
B.Sic.Naj.Be2	16301	4675	7507	4119	1755547	Carlsen, M.	2847	2017	2021	2026-07-29
B.Sic.Naj.Be2.e5	11384	3026	5683	2675	975417	Carlsen, M.	2847	2017	2021	2026-07-29
B.Sic.Naj.Be2.e5.Nb3	10611	2778	5366	2467	759394	Carlsen, M.	2853	2000	2017	2026-07-29
B.Sic.Naj.Be2.e5.Nb3.Be6	603	202	262	139	352361	Caruana, F.	2828	2019	2025	2026-07-29
B.Sic.Naj.f4	4469	1446	1697	1326	320534	Kasparov, Garry	2812	1994	2020	2026-07-29
B.Sic.Naj.f4.e6	1446	520	488	438	138244	Kasparov, Garry	2805	1992	2009	2026-07-29
B.Sic.Naj.Bg5	25518	7029	12666	5823	3319151	Carlsen, M.	2872	2017	2020	2026-07-29
B.Sic.Naj.Bg5.Nbd7	4914	1248	2378	1288	478865	Carlsen, M.	2842	2018	2019	2026-07-29
B.Sic.Naj.Bg5.e6	20008	5608	10044	4356	2414794	Carlsen, M.	2872	2017	2020	2026-07-29
B.Sic.Naj.Bg5.e6.f4	17726	4959	9072	3695	1470345	Caruana, F..	2842	2016	2021	2026-07-29
B.Sic.Naj.Bg5.e6.f4.Nc6	423	148	163	112	38010	Anand, Viswanathan	2765	1997	2010	2026-07-29
B.Sic.Naj.Bg5.e6.f4.Be7	3332	1275	1293	764	888407	Topalov, Veselin	2812	2001	2023	2026-07-29
B.Sic.OKe.Be2	38	15	11	12	40045	Carlsen, M.	2830	2015	2023	2026-07-29
B.Sic.OKe.b3	49	11	16	22	38886	Vitiugov, N.	2726	2013	2020	2026-07-29
B.Sic.OKe.c4	1410	482	506	422	226585	Carlsen, M.	2830	2004	2023	2026-07-29
B.Sic.OKe.c4.e6	844	259	303	282	217307	Anand, Viswanathan	2781	2003	2019	2026-07-29
B.Sic.OKe.c4.d6	300	112	100	88	45029	Anand, V.	2756	1990	2022	2026-07-29
B.Sic.OKe.d4	418	104	124	190	1658445	Kasparov, Garry	2795	1997	2016	2026-07-29
B.Sic.OKe.d4.cxd4	431	108	128	195	1617308	Kasparov, Garry	2795	1997	2016	2026-07-29
B.Sic.OKe.d4.cxd4.Bc4	4	2	1	1	22983	Rajlich, Iweta	2453	1995	2005	2026-07-29
B.Sic.OKe.d4.cxd4.c3	19	9	3	7	109824	Bruzon Batista, Lazaro	2668	2009	2011	2026-07-29
B.Sic.OKe.d4.cxd4.Nxd4	56	21	19	16	282517	Bogner, S.	2602	1999	2014	2026-07-29
B.Sic.OKe.d4.cxd4.Qxd4	4	2	0	2	50676	Polgar, Judit	2595	1993	2024	2026-07-29
B.Sic.OKe.d3	72	22	27	23	63800	Eingorn, Vereslav S	2600	1975	1995	2026-07-29
B.Sic.OKe.g3	249	92	74	83	72452	Vitiugov, N.	2736	2015	2025	2026-07-29
B.Sic.OKe.c3	1928	732	721	475	531771	Caruana, F.	2822	2013	2019	2026-07-29
B.Sic.OKe.c3.Nf6	90	41	25	24	39736	Areshchenko, Alexander	2673	2000	2013	2026-07-29
B.Sic.OKe.c3.d5	98	28	46	24	13723	So, W.	2774	2014	2025	2026-07-29
B.Sic.OKe.c3.b5	39	17	8	14	43588	Dolmatov, Sergey	2610	1972	2008	2026-07-29
B.Sic.OKe.c3.d6	162	73	45	44	157868	Macieja, Bartlomiej	2653	2004	2008	2026-07-29
B.Sic.OKe.b4	35	12	6	17	25135	Rapport, R.	2704	2006	2019	2026-07-29
B.Sic.OKe.Nc3	1427	496	533	398	415836	Grischuk, A.	2759	2017	2019	2026-07-29
B.Sic.Tay.Nb5	3403	1014	1378	1011	360619	Kasparov, Garry	2825	1998	2025	2026-07-29
B.Sic.Tay.Nb5.d6	3266	960	1337	969	189020	Kasparov, Garry	2825	1998	2025	2026-07-29
B.Sic.Tay.Nb5.d6.c4	2441	714	989	738	66029	Kramnik, Vladimir	2790	1998	2025	2026-07-29
B.Sic.Tay.Nb5.d6.c4.Be7	1255	356	514	385	16854	Kramnik, Vladimir	2790	1998	2014	2026-07-29
B.Sic.Tay.Nc3	35297	11979	14218	9100	4558903	Carlsen, Magnus	2872	2013	2024	2026-07-29
B.Sic.Tay.Nc3.Nf6	11595	4103	5076	2416	3046158	Carlsen, M..	2847	2020	2021	2026-07-29
B.Sic.Tay.Nc3.Nf6.Ndb5	6319	2094	2872	1353	510007	Caruana, F.	2818	2008	2023	2026-07-29
B.Sic.Tay.Nc3.Nf6.Ndb5.Bb4	29	8	13	8	69843	Sanal, V.	2557	1972	2017	2026-07-29
B.Sic.Tay.Nc3.Nf6.Ndb5.Bc5	868	284	294	290	67695	Caruana, F.	2784	2020	2025	2026-07-29
B.Sic.Tay.Nc3.Nf6.Nxc6	2996	1147	1297	552	551551	Firouzja, Alireza	2804	2021	2022	2026-07-29
B.Sic.Tay.Nc3.a6	6752	2272	2685	1795	1669316	Caruana, F.	2801	2014	2022	2026-07-29
B.Sic.Tay.Nc3.Qc7	25804	8641	10385	6778	970289	Carlsen, Magnus	2872	2013	2024	2026-07-29
B.Sic.Tay.Nc3.Qc7.Ndb5	113	43	26	44	8601	Popov, Ivan1	2656	1999	2013	2026-07-29
B.Sic.Tay.Nc3.Qc7.Be3	12125	4090	4915	3120	461503	Carlsen, Magnus	2872	2013	2024	2026-07-29
B.Sic.Tay.Nc3.Qc7.Be2	6623	2200	2731	1692	117183	Kasparov, Garry	2838	2002	2008	2026-07-29
B.Sic.SmM.Acc.Nxc3	1520	351	623	546	5834387	Kamsky, Gata	2705	1992	2014	2026-07-29
B.Sic.SmM.Acc.Nf3	3	2	1	0	125786	Grigoryan, K2.	2587	1998	2015	2026-07-29
B.Sic.SmM.Acc.Nxc3.Nc6	1118	237	490	391	2612511	Kamsky, Gata	2705	1992	2014	2026-07-29
B.Sic.SmM.Acc.Nxc3.e6	283	71	96	116	1529853	Timman, Jan H	2655	1982	2013	2026-07-29
B.Sic.SmM.Acc.Nxc3.Nc6.Nf3	1121	243	483	395	2565573	Bachmann, Ax	2653	1992	2017	2026-07-29
B.Sic.SmM.Acc.Nxc3.e6.Nf3	325	83	104	138	1401904	Ehlvest, Jaan	2660	1982	2018	2026-07-29
B.Sic.Dra.Be3	14552	5934	5498	3120	2077025	Carlsen, M.	2881	2010	2021	2026-07-29
B.Sic.Dra.Be3.Bg7	13981	5720	5300	2961	2220150	Carlsen, M.	2881	2010	2021	2026-07-29
B.Sic.Dra.Be3.Bg7.f3	13441	5529	5102	2810	1844185	Carlsen, M.	2881	2010	2021	2026-07-29
B.Sic.Dra.Be3.Bg7.Be2	795	248	317	230	464336	Carlsen, M.	2832	2009	2022	2026-07-29
B.Sic.Dra.Be3.Nc6	242	89	95	58	21124	Rapport, R.	2740	2022	2024	2026-07-29
B.Sic.Dra.g3	1025	389	392	244	86111	Ivanchuk, Vassily	2768	2008	2024	2026-07-29
B.Sic.Fre.c3	9096	2831	3761	2504	3806547	Caruana, F..	2842	2018	2025	2026-07-29
B.Sic.Fre.c3.d5	5698	1430	2742	1526	457213	Carlsen, M.	2861	2020	2025	2026-07-29
B.Sic.Fre.c3.Nf6	19	10	2	7	123639	Deviatkin, Andrei	2528	1986	2005	2026-07-29
B.Sic.Fre.d4	83197	28850	31080	23267	16836492	Carlsen, M.	2872	2001	2022	2026-07-29
B.Sic.Fre.d4.cxd4	83087	28795	31045	23247	15189427	Carlsen, M.	2872	2001	2022	2026-07-29
B.Sic.Fre.d4.cxd4.Nxd4	82957	28759	31029	23169	13960952	Carlsen, M.	2872	2001	2022	2026-07-29
B.Sic.Fre.d4.cxd4.Nxd4.Nf6	17953	6619	6766	4568	3040100	Carlsen, Magnus	2863	2020	2021	2026-07-29
B.Sic.Fre.d4.d5	63	33	17	13	869051	Giri, A.	2783	2018	2019	2026-07-29
B.Sic.Fre.b3	4311	1495	1508	1308	464302	Carlsen, M.	2847	2012	2024	2026-07-29
B.Sic.Fre.c4	2464	704	997	763	1063616	Carlsen, M.	2855	1994	2024	2026-07-29
B.Sic.Fre.b4	172	54	36	82	246634	Akopian, Vladimir	2678	2009	2020	2026-07-29
B.Sic.Old.Nc3	4204	1157	2439	608	645106	Carlsen, M.	2875	2018	2021	2026-07-29
B.Sic.Old.Nc3.Bc4	2673	650	1704	319	63217	Carlsen, Magnus	2863	2018	2021	2026-07-29
B.Sic.Old.Nc3.Bc4.d6	2667	721	1617	329	66905	Carlsen, Magnus	2863	2018	2020	2026-07-29
B.Sic.Old.Nc3.Bc4.Nf6	918	218	564	136	57207	Carlsen, M..	2847	2014	2021	2026-07-29
B.Sic.Old.b4	110	46	36	28	591406	Kuzubov, Y.	2699	2015	2022	2026-07-29
B.Sic.Old.d4	78187	23598	35521	19068	28668630	Carlsen, M.	2877	2014	2018	2026-07-29
B.Sic.Old.d4.cxd4	78299	23625	35580	19094	29013698	Carlsen, M.	2877	2014	2018	2026-07-29
B.Sic.Old.d4.cxd4.Nxd4	78452	23685	35652	19115	27035079	Carlsen, M.	2877	2014	2018	2026-07-29
B.Sic.Old.d4.cxd4.Nxd4.Qc7	3190	999	1225	966	178136	Kasparov, Garry	2851	2000	2004	2026-07-29
B.Sic.Old.d4.cxd4.Nxd4.Qb6	3777	1230	1166	1381	504940	Carlsen, Magnus	2863	2001	2020	2026-07-29
B.Sic.Old.d4.e6	4	1	3	0	551405	Vasiliev, Vladimir P	2351	2009	2020	2026-07-29
B.Sic.Mod.c3	7582	2509	2842	2231	4653303	Carlsen, Magnus	2868	2000	2016	2026-07-29
B.Sic.Mod.Bd3	61	27	24	10	47428	Rapport, R.	2776	2006	2022	2026-07-29
B.Sic.Mod.g3	821	273	281	267	441518	Vachier Lagrave, M.	2789	2017	2019	2026-07-29
B.Sic.Mod.g3.b5	0	0	0	0	354					2026-07-29
B.Sic.Mod.d4	186449	55985	86885	43579	29324962	Carlsen, M.	2876	2015	2020	2026-07-29
B.Sic.Mod.d4.cxd4	179436	53644	84299	41493	28945488	Carlsen, M.	2876	2015	2020	2026-07-29
B.Sic.Mod.d4.Nf6	7131	2375	2645	2111	315905	Kasparov, Garry	2850	2000	2017	2026-07-29
B.Sic.Mod.d4.Nf6.dxc5	250	77	124	49	64493	Anand, V.	2786	1998	2017	2026-07-29
B.Sic.Mod.d4.cxd4.c3	63	19	11	33	1142891	Cori, J.	2600	1997	2018	2026-07-29
B.Sic.Mod.d4.cxd4.Qxd4	6957	2365	2653	1939	1596206	Carlsen, M..	2862	2012	2020	2026-07-29
B.Sic.Mod.d4.cxd4.Qxd4.Nc6	116	44	45	27	2469	Tiviakov, Sergei	2663	1998	2013	2026-07-29
B.Sic.Mod.b4	94	22	28	44	221390	Carlsen, M.	2875	2001	2024	2026-07-29
B.Sic.HAc.d4	7070	2576	2808	1686	4333743	Carlsen, M..	2847	2021	2025	2026-07-29
B.Sic.HAc.d4.Bg7	2619	915	964	740	1321135	Carlsen, Magnus	2775	2008	2014	2026-07-29
B.Sic.HAc.d4.Bg7.dxc5	680	251	246	183	207068	Ponomariov, Ruslan	2764	2006	2016	2026-07-29
B.Sic.HAc.d4.f5	0	0	0	0	23					2026-07-29
B.Sic.HAc.c3	46	17	13	16	16223	Ivanchuk, Vassily	2702	1979	2016	2026-07-29
B.Sic.HAc.c4	2	0	2	0	73	Pierrot, Juan Facundo	2423	2002	2013	2026-07-29
B.Sic.Clo.e6	6760	2178	2446	2136	5383379	Carlsen, M..	2847	2018	2021	2026-07-29
B.Sic.Clo.e6.g3	1534	413	588	533	1070784	Caruana, Fabiano	2770	2010	2023	2026-07-29
B.Sic.Clo.e6.g3.d5	833	209	345	279	273073	Vachier Lagrave, Maxime	2721	1999	2016	2026-07-29
B.Sic.Clo.D6L	8214	2559	3437	2218	5221064	Carlsen, M.	2864	2011	2022	2026-07-29
B.Sic.Clo.D6L.Car	662	229	263	170	103318	Carlsen, M.	2864	2018	2022	2026-07-29
B.Sic.Clo.Nc6	26229	8082	10760	7387	10617146	Carlsen, M.	2877	2014	2022	2026-07-29
B.Sic.Clo.Nc6.Nge2	4335	1361	2071	903	375002	Caruana, F.	2822	1996	2018	2026-07-29
B.Sic.Clo.Nc6.g4	15	2	7	6	18841	Hort, Vlastimil	2595	1983	2013	2026-07-29
B.Sic.Sch.g3	994	321	392	281	26468	Rublevsky, Sergei	2695	2010	2014	2026-07-29
B.Sic.Sch.Bb5	53	15	21	17	65482	Sanal, Vahap	2581	1981	2020	2026-07-29
B.Sic.Sch.f4	1289	503	459	327	54987	Kasparov, Garry	2805	1993	2009	2026-07-29
B.Sic.Sch.f4.Nc6	412	209	123	80	5804	Carlsen, Magnus	2863	2006	2020	2026-07-29
B.Sic.Sch.Be2	3961	1211	1563	1187	174446	Nakamura, Hikaru	2775	2009	2012	2026-07-29
B.Sic.Sch.Be2.Be7	2168	626	955	587	41177	Ponomariov, Ruslan	2739	2005	2010	2026-07-29
B.Sic.Sch.Bc4	1011	333	332	346	393925	Svidler, P.	2727	1987	2015	2026-07-29
B.Sic.Cls.Rch.Bd7	3009	1144	1080	785	77321	Karjakin, Sergey	2779	2012	2022	2026-07-29
B.Sic.Cls.Rch.Bd7.Qd2	2182	818	818	546	39439	Carlsen, Magnus	2863	2012	2023	2026-07-29
B.Sic.Cls.Rch.e6	20310	7284	7770	5256	464961	Carlsen, M..	2847	2018	2024	2026-07-29
B.Sic.Cls.Rch.e6.Qd3	807	306	276	225	15993	Ding Liren	2736	2021	2024	2026-07-29
B.Sic.Cls.Rch.e6.Nxc6	10	1	5	4	14263	Ponkratov, P.	2613	2000	2017	2026-07-29
B.Sic.Cls.Rch.e6.Nb3	13	3	4	6	6050	Sulskis, Sarunas	2582	1988	2019	2026-07-29
B.Sic.Cls.Rch.e6.Bb5	555	195	179	181	39155	Vachier Lagrave, M..	2784	1994	2022	2026-07-29
B.Sic.Cls.Rch.e6.Qd2	18694	6731	7219	4744	265305	Carlsen, M..	2847	2018	2024	2026-07-29
B.Sic.Cls.Rch.e6.Qd2.Be7	4560	1720	1782	1058	116065	Carlsen, M..	2847	1996	2021	2026-07-29
B.Sic.Cls.Rch.e6.Qd2.a6	13587	4776	5236	3575	146789	Carlsen, M.	2859	2018	2024	2026-07-29
C.RyL.Alp	122	42	52	28	31992	Carlsen, M.	2881	2009	2018	2026-07-29
C.RyL.Alp.Gmb	1	0	1	0	1113	Hector, Jonny	2465	1990	1990	2026-07-29
C.RyL.Bre	0	0	0	0	3246					2026-07-29
C.RyL.Bul	5	2	2	1	15122	Pechac, Jergus	2611	2005	2023	2026-07-29
C.RyL.Fia	2884	991	1164	729	209274	Carlsen, M.	2877	2014	2018	2026-07-29
C.RyL.Fia.c3	1289	466	530	293	36130	Carlsen, M.	2863	2015	2020	2026-07-29
C.RyL.Fia.c3.f5	0	0	0	0	554					2026-07-29
C.RyL.Fia.d4	6	3	3	0	848	Kritz, L.	2583	1991	2015	2026-07-29
C.RyL.Luc	12	4	6	2	75540	Kokarev, Dm	2608	1980	2023	2026-07-29
C.RyL.Nbg	1	1	0	0	104149	Galego, Luis	2475	1997	1997	2026-07-29
C.RyL.Pol	0	0	0	0	1082					2026-07-29
C.RyL.Ret	1	1	0	0	1954	Wei Yi	2709	2016	2016	2026-07-29
C.RyL.Rot	1	0	1	0	16295	Sosnicki, Michal	2286	1999	1999	2026-07-29
C.RyL.SCG	0	0	0	0	42790					2026-07-29
C.RyL.SCG.Nxe5	0	0	0	0	1681					2026-07-29
C.RyL.Vin	26	14	4	8	54106	Kurnosov, Igor	2617	2006	2019	2026-07-29
C.RyL.Bir	1053	425	376	252	1337791	Carlsen, M.	2877	2002	2014	2026-07-29
C.RyL.Bir.Nxd4	16	8	6	2	6528	Vitiugov, N.	2668	1985	2024	2026-07-29
C.RyL.Stn	668	281	246	141	5648552	Aronian, L.	2797	2012	2014	2026-07-29
C.RyL.Stn.d4	554	222	218	114	1983365	Aronian, L.	2797	2012	2014	2026-07-29
C.RyL.Stn.d4.exd4	1	0	1	0	16195	Postler, Reinhard	2285	2001	2001	2026-07-29
C.RyL.Stn.d4.Bd7	391	149	155	87	464463	Ivanchuk, Vassily	2758	2013	2017	2026-07-29
C.RyL.Stn.d4.Bd7.Nc3	211	91	92	28	95431	Grischuk, Alexander	2756	2006	2010	2026-07-29
C.RyL.Stn.d4.Bd7.c4	4	0	2	2	4276	Vasiukov, Evgeni	2505	1988	2010	2026-07-29
C.RyL.ClD	1972	756	793	423	4306550	Carlsen, Magnus	2863	2010	2020	2026-07-29
C.RyL.ClD.c3	898	391	351	156	1309601	Carlsen, Magnus	2863	2011	2020	2026-07-29
C.RyL.ClD.c3.Qe7	12	9	2	1	26383	Almasi, Zoltan	2595	1997	2025	2026-07-29
C.RyL.ClD.c3.Bb6	50	22	18	10	31669	Beliavsky, Alexander G	2710	1997	2010	2026-07-29
C.RyL.ClD.c3.f5	246	111	91	44	27845	Anand, V.	2776	2007	2017	2026-07-29
C.RyL.ClD.c3.d5	7	3	4	0	9812	Apicella, Manuel	2560	1984	1999	2026-07-29
C.RyL.ClD.b4	2	0	2	0	12517	Santos, Carlos Pereira	2405	1991	2013	2026-07-29
C.Vie.Nc6	1976	644	781	551	6979224	Carlsen, M.	2882	2013	2019	2026-07-29
C.Vie.Nc6.f4	305	97	89	119	1268748	Carlsen, M.	2837	2009	2017	2026-07-29
C.Vie.Nc6.f4.exf4	239	64	69	106	579684	Carlsen, M.	2837	2009	2025	2026-07-29
C.Vie.Nc6.f4.exf4.Nf3	158	48	41	69	529366	Carlsen, M.	2837	2009	2017	2026-07-29
C.Vie.Nc6.f4.exf4.Nf3.g5	166	36	70	60	159568	Vachier Lagrave, Maxime	2819	2008	2016	2026-07-29
C.Vie.Nc6.f4.exf4.d4	79	17	27	35	66800	Christiansen, Johan-Sebastian	2655	2007	2025	2026-07-29
C.Vie.Nc6.f4.exf4.d4.Qh4	72	16	26	30	15499	Christiansen, Johan-Sebastian	2655	1992	2025	2026-07-29
C.Vie.Nc6.f4.Bc5	4	1	1	2	5402	Wen, Yang	2618	1989	2013	2026-07-29
C.Vie.Nc6.d4	0	0	0	0	24351					2026-07-29
C.Vie.Nc6.g3	615	212	244	159	476954	Carlsen, M.	2882	2004	2019	2026-07-29
C.Vie.Nc6.g3.Bc5	8	2	3	3	143	Short, Nigel D	2610	1972	1997	2026-07-29
C.Vie.Nc6.Bc4	1121	374	445	302	3993723	Carlsen, Magnus	2868	2013	2016	2026-07-29
C.Vie.Nc6.Bc4.Bc5	5	3	0	2	199714	Merry, Alan B	2422	1986	2017	2026-07-29
C.Vie.Nc6.Bc4.Nf6	1889	555	817	517	2603250	Carlsen, Magnus	2868	2013	2016	2026-07-29
C.Vie.Nc6.Bc4.Nf6.f4	15	1	7	7	2470	Stocek, Jiri	2559	1998	2009	2026-07-29
C.Vie.Bc5	304	96	119	89	1278656	Tal, Mihail	2705	1980	2024	2026-07-29
C.Vie.Bc5.Qg4	1	0	0	1	13504	Sarkar, J.	2389	2019	2019	2026-07-29
C.Vie.Bc5.Na4	12	0	11	1	6402	Bortnyk, Olexandr	2585	2008	2017	2026-07-29
C.Vie.d6	59	23	14	22	342547	Rapport, R.	2752	2004	2016	2026-07-29
C.Vie.Bb4	1	1	0	0	464	Eng, Holger	2365	1995	1995	2026-07-29
C.PhD.d4	6169	2564	2094	1511	9615752	Carlsen, Magnus	2863	2012	2020	2026-07-29
C.PhD.Bc4	615	247	219	149	9976546	Ivanchuk, Vassily	2787	1996	2017	2026-07-29
C.PhD.Bc4.Be7	351	127	145	79	3294464	Ivanchuk, Vassily	2787	2003	2022	2026-07-29
C.PhD.Bc4.Be7.c3	22	7	9	6	552782	Fridman, Daniel	2592	1993	2004	2026-07-29
C.PhD.Bc4.f5	4	4	0	0	314909	Zagema, Wieb	2395	1995	1998	2026-07-29
C.PhD.d4.Bg4	33	17	11	5	69122	Mareco, Sandro	2591	1994	2023	2026-07-29
C.PhD.d4.exd4	4069	1565	1451	1053	6261981	Carlsen, Magnus	2863	2012	2020	2026-07-29
C.PhD.d4.exd4.Nxd4	3451	1334	1227	890	4671232	Carlsen, Magnus	2863	2012	2020	2026-07-29
C.PhD.d4.exd4.c3	4	1	1	2	284525	Sedlak, Nikola	2508	1996	2008	2026-07-29
C.PhD.d4.exd4.Qxd4	15	9	4	2	27796	Naiditsch, A.	2705	1980	2014	2026-07-29
C.PhD.d4.exd4.Bc4	19	7	5	7	574112	Chernin, Alexander	2605	1985	2010	2026-07-29
C.PhD.d4.Nd7	910	480	244	186	988371	Wei Yi	2736	2008	2022	2026-07-29
C.PhD.d4.Nd7.Bc4	617	348	146	123	307768	Wei Yi	2736	2008	2022	2026-07-29
C.PhD.d4.Nd7.Bc4.c6	455	233	117	105	205113	Wei Yi	2736	1996	2019	2026-07-29
C.PhD.d4.Nd7.Bc4.Nb6	8	4	2	2	2441	Lanka, Zigurds	2540	1993	2009	2026-07-29
C.PhD.d4.Nf6	1116	499	368	249	277590	Jobava, Ba	2705	1971	2016	2026-07-29
C.PhD.d4.Nf6.dxe5	255	124	88	43	182780	Quesada Perez, Yu	2642	1976	2014	2026-07-29
C.PhD.d4.Nf6.dxe5.Nxe4	255	124	88	43	144222	Quesada Perez, Yu	2642	1976	2014	2026-07-29
C.PhD.d4.Nf6.Bc4	14	7	6	1	119660	Sedlak, Nikola	2575	1975	2007	2026-07-29
C.PhD.d4.Nf6.Ng5	0	0	0	0	164					2026-07-29
C.PhD.d4.f5	45	22	12	11	198110	Nakamura, Hikaru	2733	1977	2010	2026-07-29
C.PhD.d4.f5.Nc3	19	7	7	5	78601	Tseshkovsky, Vitaly	2595	1981	2001	2026-07-29
C.PhD.d4.Bd7	0	0	0	0	11534					2026-07-29
C.KPO.Ke2	0	0	0	0	23620					2026-07-29
C.KPO.c4	44	12	9	23	1176316	Antipov, M2.	2616	1984	2018	2026-07-29
C.KPO.c4.d5	0	0	0	0	4611					2026-07-29
C.KPO.Ne2	65	27	19	19	340198	Carlsen, M.	2832	2017	2022	2026-07-29
C.KPO.d3	74	17	25	32	3536204	Caruana, F.	2822	2018	2025	2026-07-29
C.KPO.d3.f5	0	0	0	0	104139					2026-07-29
C.KPO.d3.Nf6	1	0	0	1	11879	Hingst, Stefan	2270	1990	1990	2026-07-29
C.KPO.d3.d5	0	0	0	0	29911					2026-07-29
C.KPO.f3	1	1	0	0	361623	Ratsma, Rosa	2300	2020	2020	2026-07-29
C.KPO.f3.Nf6	1	0	1	0	47333	Carlsen, M.	2864	2022	2022	2026-07-29
C.KPO.c3	19	4	8	7	1470502	Van den Doel, Erik	2593	1999	2008	2026-07-29
C.KPO.c3.f5	1	1	0	0	35137	Handoko, Edhi	2500	1995	1995	2026-07-29
C.KPO.c3.d5	0	0	0	0	50					2026-07-29
C.KPO.a3	54	18	27	9	187916	Gelashvili, Tamaz	2605	1990	2025	2026-07-29
C.KPO.Bd3	0	0	0	0	50080					2026-07-29
C.KPO.Qh5	48	13	20	15	986487	Carlsen, M.	2882	2005	2019	2026-07-29
C.KPO.Qh5.Nf6	0	0	0	0	78055					2026-07-29
C.KPO.Qh5.Nc6	0	0	0	0	3					2026-07-29
C.KPO.b3	4	0	2	2	311140	Dunnington, Angus J	2380	1993	2016	2026-07-29
C.KPO.Qg4	0	0	0	0	387					2026-07-29
C.KPO.Qe2	0	0	0	0	308					2026-07-29
C.Pet.Nxe5	23310	5871	14890	2549	6810553	Carlsen, Magnus	2863	2018	2020	2026-07-29
C.Pet.Nxe5.d6	22835	5714	14640	2481	3326608	Carlsen, Magnus	2863	2018	2020	2026-07-29
C.Pet.Nxe5.d6.Nf3	21869	5408	14196	2265	2880645	Carlsen, Magnus	2863	2017	2020	2026-07-29
C.Pet.Nxe5.d6.Nf3.Nxe4	21866	5404	14197	2265	2835253	Carlsen, Magnus	2863	2017	2020	2026-07-29
C.Pet.Nxe5.d6.Nf3.Nxe4.d4	12279	2983	8124	1172	1054573	Carlsen, M.	2864	2000	2022	2026-07-29
C.Pet.Nxe5.d6.Nf3.Nxe4.Qe2	1835	176	1508	151	447471	Carlsen, M.	2834	2015	2018	2026-07-29
C.Pet.Nxe5.d6.Nf3.Nxe4.d3	804	218	474	112	280080	Carlsen, M.	2853	2017	2023	2026-07-29
C.Pet.Nxe5.d6.Nf3.Nxe4.c4	716	258	357	101	37415	Caruana, F.	2816	2009	2024	2026-07-29
C.Pet.Nxe5.d6.Nf3.Nxe4.Bd3	651	250	316	85	61950	Carlsen, M.	2853	2018	2023	2026-07-29
C.Pet.Nxe5.d6.Nf3.Nxe4.Nc3	5659	1532	3478	649	782579	Carlsen, Magnus	2863	2018	2020	2026-07-29
C.Pet.Nxe5.d6.Nd3	262	74	156	32	57634	Carlsen, M.	2859	2018	2023	2026-07-29
C.Pet.Nxe5.d6.Nc4	526	178	238	110	123810	Carlsen, Magnus	2863	2008	2025	2026-07-29
C.Pet.Nxe5.Nxe4	375	119	210	46	521296	Carlsen, M.	2831	2023	2025	2026-07-29
C.Pet.Nxe5.Nxe4.Qe2	333	103	187	43	242266	Carlsen, M.	2831	2024	2025	2026-07-29
C.Pet.Bc4	177	48	63	66	4310188	Short, N.	2655	2007	2020	2026-07-29
C.Pet.Bc4.Nxe4	106	29	39	38	180698	Bareev, Evgeny	2638	2007	2020	2026-07-29
C.Pet.Qe2	0	0	0	0	1074					2026-07-29
C.Bsh.Bc5	175	73	68	34	2448664	Short, Nigel D	2676	1981	2024	2026-07-29
C.Bsh.Bc5.d4	2	0	2	0	183101	Heilala, Tapio	2325	2016	2021	2026-07-29
C.Bsh.Bc5.Qe2	0	0	0	0	6772					2026-07-29
C.Bsh.Bc5.Qe2.Nf6	0	0	0	0	169					2026-07-29
C.Bsh.Bc5.Qe2.Nc6	0	0	0	0	933					2026-07-29
C.Bsh.Bc5.b4	2	2	0	0	11768	Tishin, Petr	2502	1997	2003	2026-07-29
C.Bsh.Bc5.b4.Bxb4	1	1	0	0	8517	Tishin, Petr	2502	2003	2003	2026-07-29
C.Bsh.Bc5.b4.Bxb4.c3	1	1	0	0	7188	Tishin, Petr	2502	2003	2003	2026-07-29
C.Bsh.Bc5.b4.Bxb4.f4	0	0	0	0	764					2026-07-29
C.Bsh.Bc5.c3	5	1	4	0	126921	Vorobiov, Evgeny E	2516	1998	2012	2026-07-29
C.Bsh.Bc5.c3.Nf6	0	0	0	0	3					2026-07-29
C.Bsh.Bc5.c3.Qg5	0	0	0	0	237					2026-07-29
C.Bsh.Bc5.f4	2	2	0	0	44452	Miroshnichenko, Evgenij	2483	1999	2000	2026-07-29
C.Bsh.b5	0	0	0	0	22137					2026-07-29
C.Bsh.b5.Bxb5	0	0	0	0	15633					2026-07-29
C.Bsh.b5.Bxb5.c6	0	0	0	0	12378					2026-07-29
C.Bsh.b5.Bxb5.f5	0	0	0	0	439					2026-07-29
C.Bsh.d5	0	0	0	0	107253					2026-07-29
C.Bsh.c6	48	16	19	13	622076	Bacrot, Etienne	2714	1997	2012	2026-07-29
C.Bsh.c6.d4	0	0	0	0	741					2026-07-29
C.Bsh.Nc6	1232	470	455	307	7453825	Caruana, F.	2822	2018	2022	2026-07-29
C.Bsh.Nc6.Nc3	326	140	102	84	242619	Carlsen, M..	2847	2016	2021	2026-07-29
C.Sco.exd4	22629	6681	10354	5594	21509325	Carlsen, M.	2881	2012	2017	2026-07-29
C.Sco.exd4.Nxd4	19038	5730	8843	4465	12698759	Carlsen, M.	2881	2012	2017	2026-07-29
C.Sco.exd4.Nxd4.Qh4	275	123	76	76	449078	Vescovi, Giovanni P	2646	1994	2005	2026-07-29
C.Sco.exd4.Nxd4.Qh4.Be3	5	1	3	1	7344	Hector, Jonny	2465	1989	2001	2026-07-29
C.Sco.exd4.Nxd4.Qh4.Nf3	6	2	2	2	7815	Knezevic, Milorad	2490	1980	2008	2026-07-29
C.Sco.exd4.Nxd4.Qh4.Nb5	90	32	37	21	36481	Korneev, Oleg	2590	1992	1996	2026-07-29
C.Sco.exd4.Nxd4.Qh4.Nc3	154	86	31	37	215610	Vescovi, Giovanni P	2646	1991	2005	2026-07-29
C.Sco.exd4.Nxd4.Qh4.Nf5	0	0	0	0	726					2026-07-29
C.Sco.exd4.Nxd4.Nxd4	0	0	0	0	47789					2026-07-29
C.Sco.exd4.Nxd4.Bb4	1154	404	448	302	162840	Carlsen, M.	2832	2013	2021	2026-07-29
C.Sco.Nxd4	13	5	4	4	197315	Hansen, Curt	2616	1995	2007	2026-07-29
C.Sco.Nxd4.Nxd4	9	3	4	2	155049	Hansen, Curt	2616	1995	2007	2026-07-29
C.Sco.Nxd4.Nxd4.Qxd4	110	48	41	21	3135829	Granda Zuniga, Julio E	2659	1996	2013	2026-07-29
C.Sco.Nxd4.Nxd4.Bc4	0	0	0	0	3089					2026-07-29
C.Sco.exd4.Bb5	33	8	15	10	88166	Pavasovic, Dusko	2568	1966	2015	2026-07-29
C.KGm.Qh4	57	24	19	14	290750	Andersson, Ulf	2580	1974	2001	2026-07-29
C.KGm.Qh4.g3	56	24	19	13	288732	Andersson, Ulf	2580	1974	2001	2026-07-29
C.KGm.Qh4.g3.Qe7	56	24	19	13	188487	Andersson, Ulf	2580	1974	2001	2026-07-29
C.KGm.Qf6	9	7	1	1	74098	Piket, Jeroen	2590	1988	1993	2026-07-29
C.KGm.Qf6.Nc3	6	5	1	0	5633	Spassky, Boris V	2565	1988	1993	2026-07-29
C.KGm.Qf6.Nc3.Qxf4	6	5	1	0	1656	Spassky, Boris V	2565	1988	1993	2026-07-29
C.KGm.Qf6.Nc3.Qxf4.Nf3	3	2	0	1	821	Sanchez Almeyra, Jorge	2425	1991	1999	2026-07-29
C.KGm.Qf6.Nc3.Qxf4.d4	4	3	1	0	498	Spassky, Boris V	2565	1985	1993	2026-07-29
C.KGm.Nc6	89	21	28	40	4996746	Nepomniachtchi, I.	2773	2006	2022	2026-07-29
C.KGm.Nc6.Nf3	57	14	20	23	4404214	Nepomniachtchi, I.	2773	2006	2022	2026-07-29
C.KGm.Nc6.Nf3.g5	0	0	0	0	676					2026-07-29
C.KGm.Nc6.Nf3.f5	46	10	19	17	229765	Ivanchuk, Vassily	2754	2005	2022	2026-07-29
C.KGm.f5	1	0	0	1	118254	Shirazi, Kamran G	2438	2003	2003	2026-07-29
C.KGm.f5.exf5	1	0	0	1	59967	Shirazi, Kamran G	2438	2003	2003	2026-07-29
C.KGm.f5.exf5.Qh4	0	0	0	0	4834					2026-07-29
C.KGm.f5.exf5.exf4	0	0	0	0	19627					2026-07-29
C.KGm.f5.exf5.Bc5	0	0	0	0	1349					2026-07-29
C.KGm.Nf6	41	16	18	7	552892	Spassky, Boris V	2650	1974	2001	2026-07-29
C.KGm.f6	2	1	1	0	2644	Kruse, Herbert	2436	2011	2011	2026-07-29
C.KGm.g5	0	0	0	0	1884					2026-07-29
C.LtO.Bc4	9	3	2	4	139687	Hector, Jonny	2485	1988	2006	2026-07-29
C.LtO.Bc4.Nf6	0	0	0	0	43798					2026-07-29
C.LtO.Bc4.fxe4	6	3	0	3	48902	Hector, Jonny	2485	1989	2007	2026-07-29
C.LtO.Bc4.fxe4.Qg5	0	0	0	0	5992					2026-07-29
C.LtO.Bc4.fxe4.d5	5	2	0	3	26224	Hector, Jonny	2485	1989	2007	2026-07-29
C.LtO.Bc4.fxe4.Nf6	0	0	0	0	14358					2026-07-29
C.LtO.Bc4.b5	1	0	0	1	945	Sharif, Mershad	2440	1988	1988	2026-07-29
C.LtO.c4	0	0	0	0	406					2026-07-29
C.LtO.Nxe5	279	203	44	32	785122	Sokolov, Ivan	2630	1988	1999	2026-07-29
C.LtO.Nxe5.Nc6	46	30	8	8	116901	Korneev, O.	2631	1994	2014	2026-07-29
C.LtO.Nxe5.Qe7	6	3	1	2	44634	Van den Doel, Erik	2593	1989	2009	2026-07-29
C.LtO.g4	0	0	0	0	125					2026-07-29
C.LtO.d4	29	16	7	6	206180	Romanishin, Oleg M	2560	1979	2013	2026-07-29
C.LtO.Nc3	11	4	3	4	274304	Jarabinský, Martin	2432	1978	2025	2026-07-29
C.LtO.b4	0	0	0	0	7					2026-07-29
C.Ita.h6	28	13	7	8	3339189	Ponkratov, P.	2631	1992	2022	2026-07-29
C.Ita.Nd4	2	2	0	0	1652297	Galeev, Shamil	2280	1994	2001	2026-07-29
C.Ita.Be7	1043	434	385	224	3208068	Carlsen, M.	2834	2017	2022	2026-07-29
C.Ita.Be7.d4	21	10	6	5	54746	Vysochin, Spartak	2599	1990	2024	2026-07-29
C.Ita.d6	701	261	232	208	3510158	Carlsen, M.	2839	2017	2025	2026-07-29
C.Ita.f5	15	8	6	1	1289469	Spasov, Vasil	2598	2000	2022	2026-07-29
D.Sla.Nc3	25255	8774	11695	4786	14291228	Carlsen, M.	2882	2014	2022	2026-07-29
D.Sla.Nc3.dxc4	1384	500	560	324	1252716	Carlsen, M.	2877	2004	2014	2026-07-29
D.Sla.Nc3.Nf6	25068	8542	11798	4728	11239362	Carlsen, M.	2882	2011	2022	2026-07-29
D.Sla.Nc3.Nf6.e3	13762	5040	6240	2482	2173692	Carlsen, M.	2882	2011	2020	2026-07-29
D.Sla.Nf3	75421	22945	39825	12651	8016421	Carlsen, M.	2877	2014	2022	2026-07-29
D.Sla.Nf3.Nf6	94315	28078	50244	15993	7766333	Carlsen, M.	2877	2014	2022	2026-07-29
D.Sla.Nf3.Nf6.Nc3	62892	19126	32797	10969	9421055	Carlsen, M.	2877	2014	2020	2026-07-29
D.Sla.Nf3.Nf6.Nc3.dxc4	18796	6539	8482	3775	1503160	Carlsen, M.	2877	2014	2020	2026-07-29
D.Sla.Nf3.Nf6.g3	2368	743	1118	507	986179	Caruana, F.	2819	2013	2019	2026-07-29
D.Sla.Nf3.Nf6.Nbd2	1113	402	462	249	136758	Carlsen, M.	2881	2014	2014	2026-07-29
D.Sla.Nf3.Nf6.e3	29404	8560	16115	4729	2023408	Carlsen, M.	2881	2013	2022	2026-07-29
D.Sla.Nf3.Nf6.e3.e6	11811	3394	6896	1521	1320514	Carlsen, M.	2870	1998	2021	2026-07-29
D.Bgm.Cap	225	47	79	99	3491144	Volkov, Sergey	2620	2004	2008	2026-07-29
D.Bgm.Cap.f3	3	0	1	2	643661	Uusitalo, Jarmo	2359	2005	2025	2026-07-29
D.Bgm.Cap.Be3	0	0	0	0	48970					2026-07-29
D.Bgm.Cap.Bc4	0	0	0	0	72205					2026-07-29
D.Bgm.Cap.Nc3	219	47	75	97	2540869	Volkov, Sergey	2620	2004	2008	2026-07-29
D.Bgm.Cap.Nc3.Nf6	261	52	92	117	2321381	Volkov, Sergey	2620	2004	2008	2026-07-29
D.Bgm.Cap.Nc3.Nf6.f3	305	64	114	127	1831488	Volkov, Sergey	2620	2004	2008	2026-07-29
D.Bgm.Cap.Nc3.Nf6.Be3	1	0	0	1	45143	Horvath, Imre	2390	1994	1994	2026-07-29
D.Bgm.Cap.Nc3.Nf6.Bg5	20	2	4	14	450338	Miles, Anthony J	2565	1995	2001	2026-07-29
D.Bgm.Cap.Nc3.e5	30	8	11	11	164580	Megaranto, S.	2540	1996	2014	2026-07-29
D.Bgm.Cap.Nc3.Bf5	11	4	1	6	276506	Ruzele, Darius	2495	1994	2006	2026-07-29
D.Bgm.Cap.Nc3.c5	51	14	22	15	77432	Duda, J.	2760	2022	2022	2026-07-29
D.Bgm.Cap.Nc3.f5	67	16	22	29	284485	Gelfand, Boris	2685	1987	1996	2026-07-29
D.QGA.e3	5015	1636	2441	938	2498306	Carlsen, M.	2861	2017	2022	2026-07-29
D.QGA.Qa4	82	21	30	31	132196	Kurajica, Bojan	2595	1995	2024	2026-07-29
D.QGA.Nf3	12522	3916	6174	2432	1518243	Carlsen, M.	2855	2001	2016	2026-07-29
D.QGA.Nf3.Nf6	14964	4778	7331	2855	1283894	Carlsen, M.	2861	2001	2025	2026-07-29
D.QGA.Nf3.Nf6.Nc3	2114	737	829	548	742188	Kasparov, Garry	2815	1998	2022	2026-07-29
D.QGA.Nf3.Nf6.e3	12051	3769	6187	2095	612544	Kasparov, Garry	2838	2001	2019	2026-07-29
D.QGA.Nf3.e6	1385	410	695	280	684558	Kasparov, Garry	2847	2001	2003	2026-07-29
D.QGA.Nf3.c5	1286	413	627	246	258556	Aronian, Levon	2807	2000	2025	2026-07-29
D.QGA.Nf3.b5	14	8	6	0	74697	Ju Wenjun	2575	1997	2018	2026-07-29
D.QPG.c4	204463	65648	101294	37521	71609266	Carlsen, M.	2877	2014	2022	2026-07-29
D.QPG.c4.c5	385	146	173	66	1213849	Carlsen, M.	2882	2018	2025	2026-07-29
D.QPG.c4.b5	0	0	0	0	3914					2026-07-29
D.QPG.e3	431	115	184	132	10860095	Kramnik, V.	2753	2012	2024	2026-07-29
D.QPG.e3.Nf6	402	95	182	125	5264790	Kramnik, V.	2753	2012	2024	2026-07-29
D.QPG.Zuk.Nf6	73065	20401	37160	15504	21723801	Carlsen, M.	2881	2014	2023	2026-07-29
D.QPG.Zuk.Nf6.e3	5575	1435	2610	1530	5248291	Carlsen, M.	2832	2017	2017	2026-07-29
D.QPG.Zuk.Nf6.g3	4859	1254	2256	1349	2750772	Carlsen, M.	2864	2018	2022	2026-07-29
D.QPG.Zuk.Nf6.c4	51545	14608	27048	9889	6979824	Carlsen, M.	2881	2014	2020	2026-07-29
D.QPG.Zuk.c5	2474	817	1086	571	2567345	Carlsen, M.	2832	2007	2025	2026-07-29
D.QPG.Zuk.c5.g3	186	57	72	57	275411	Sokolov, Ivan	2643	1995	2015	2026-07-29
D.QPG.Zuk.c6	7811	2445	3483	1883	7302136	Carlsen, M.	2832	2007	2018	2026-07-29
D.QPG.Zuk.c6.Bg5	347	118	146	83	589252	Caruana, F.	2822	1998	2019	2026-07-29
D.QPG.Zuk.e6	7268	2490	3227	1551	10947703	Kasparov, Garry	2838	2001	2025	2026-07-29
D.QPG.Zuk.e6.Bf4	836	274	359	203	4711346	Caruana, F.	2803	2022	2025	2026-07-29
D.QPG.Zuk.Bf5	1576	549	674	353	3257030	Carlsen, M.	2832	2014	2019	2026-07-29
D.QPG.Zuk.Nc6	3142	1256	1196	690	5384125	Carlsen, Magnus	2814	1998	2018	2026-07-29
D.QPG.Zuk.Bg4	175	69	60	46	1338278	Eljanov, P.	2753	1987	2024	2026-07-29
D.Tar.Exd	3598	1303	1712	583	476371	Carlsen, M.	2870	2019	2022	2026-07-29
D.Tar.Exd.Nf3	4786	1766	2249	771	468301	Carlsen, M.	2870	2019	2024	2026-07-29
D.Tar.Exd.Nf3.Nc6	4531	1666	2123	742	319355	Ding Liren	2799	2021	2024	2026-07-29
D.Tar.Cls.Bg5	3413	1308	1589	516	111998	Kramnik, Vladimir	2790	1998	2019	2026-07-29
D.Tar.Cls.Bg5.Be6	220	88	109	23	29269	Ljubojevic, Ljubomir	2615	1975	2009	2026-07-29
D.Tar.Cls.Bg5.c4	1208	402	631	175	44194	Ding Liren	2778	2002	2019	2026-07-29
D.Tar.Cls.Bg5.cxd4	1962	805	844	313	36626	Kramnik, Vladimir	2790	1984	2011	2026-07-29
D.Tar.Cls.Bg5.cxd4.Nxd4	2048	841	878	329	75958	Kramnik, Vladimir	2790	1984	2011	2026-07-29
D.Tar.Cls.Bg5.cxd4.Nxd4.h6	1861	757	800	304	42198	Kramnik, Vladimir	2790	1984	2009	2026-07-29
D.QGD.Cls.Nf3.Nbd7	3883	1288	1988	607	690525	Carlsen, Magnus	2868	2013	2021	2026-07-29
D.QGD.Cls.Nf3.Nbd7.Bd3	321	112	153	56	238933	Duda, J.	2732	1976	2024	2026-07-29
D.QGD.Cls.Nf3.Nbd7.Qc2	1218	444	576	198	99965	Carlsen, M..	2847	2007	2024	2026-07-29
D.QGD.Cls.Nf3.Nbd7.Rc1	2112	686	1130	296	153723	Carlsen, Magnus	2868	2013	2025	2026-07-29
D.QGD.Ort.Hne.Bxe7	598	185	369	44	20349	Topalov, Veselin	2750	1984	2004	2026-07-29
D.QGD.Ort.Hne.Bxe7.Qxe7	607	187	374	46	20687	Carlsen, M.	2861	1984	2022	2026-07-29
D.QGD.Ort.Hne.Bxe7.Qxe7.O-O	425	122	266	37	27905	Carlsen, M.	2861	1983	2022	2026-07-29
D.QGD.Ort.Hne.Bxe7.Qxe7.Ne4	212	80	120	12	1061	Topalov, Veselin	2750	1986	2004	2026-07-29
D.Sem.AMe.b6	1028	318	478	232	11419	Carlsen, M.	2865	2009	2022	2026-07-29
D.Sem.AMe.b6.b3	232	59	129	44	3353	Carlsen, M.	2865	2008	2022	2026-07-29
D.Sem.AMe.b6.b3.Bb7	230	59	130	41	3257	Carlsen, M.	2865	2008	2022	2026-07-29
D.Sem.AMe.Bd6	19495	4624	11687	3184	184348	Carlsen, M.	2882	2019	2022	2026-07-29
D.Sem.AMe.Bd6.b3	3447	934	1788	725	45406	Carlsen, Magnus	2863	2017	2021	2026-07-29
D.Sem.AMe.Bd6.b3.O-O	3293	871	1725	697	42763	Carlsen, Magnus	2863	2017	2021	2026-07-29
D.Sem.AMe.Bd6.e4	347	100	154	93	3929	Kramnik, Vladimir	2772	1984	2016	2026-07-29
D.Sem.Mer.MLn.c5	1846	600	806	440	17870	Ding Liren	2812	1999	2019	2026-07-29
D.Sem.Mer.MLn.c5.e5	925	301	429	195	10544	Ding Liren	2812	1999	2019	2026-07-29
D.Sem.Mer.MLn.c5.d5	917	298	376	243	6519	Anand, Viswanathan	2786	1994	2012	2026-07-29
D.Sem.Mer.MLn.c5.e5.cxd4	910	293	426	191	8237	Ding Liren	2812	1999	2019	2026-07-29
D.Sem.Mer.MLn.b4	23	16	6	1	831	Stohl, Igor	2580	1977	2008	2026-07-29
E.Gru.Nf3	13076	3928	6373	2775	1508518	Carlsen, M.	2882	2014	2019	2026-07-29
E.Gru.Bg5	2550	842	1103	605	465914	Carlsen, M.	2855	2009	2021	2026-07-29
E.Gru.Bg5.Ne4	1951	655	817	479	202309	Carlsen, Magnus	2801	2009	2021	2026-07-29
E.Gru.Qb3	539	184	274	81	44632	Nakamura, Hi	2814	2007	2024	2026-07-29
E.Gru.g4	11	2	2	7	2222	Sedlak, N.	2604	1998	2018	2026-07-29
E.Gru.h4	158	56	64	38	27532	Carlsen, M.	2847	2007	2022	2026-07-29
E.Gru.cxd5	22608	6449	12005	4154	2286301	Carlsen, M.	2882	2014	2020	2026-07-29
E.Gru.cxd5.Nxd5	22687	6478	12041	4168	2330828	Carlsen, M.	2882	2014	2020	2026-07-29
E.Gru.cxd5.Nxd5.Na4	316	109	129	78	24817	Caruana, F.	2802	2015	2020	2026-07-29
E.Gru.Thr.Qa4	380	136	147	97	7358	Aronian, Levon	2815	2009	2016	2026-07-29
E.Gru.Thr.Bg5	3881	1107	1710	1064	582268	Carlsen, M.	2881	2012	2016	2026-07-29
E.Gru.Thr.Bf4	1959	611	879	469	369363	Carlsen, Magnus	2872	1998	2015	2026-07-29
E.Gru.Thr.e3	2372	656	1087	629	837388	Carlsen, M.	2864	2018	2022	2026-07-29
E.Gru.Thr.e3.O-O	2377	641	1102	634	773192	Carlsen, M.	2864	2018	2022	2026-07-29
E.Gru.Thr.e3.O-O.Bd3	43	7	13	23	165565	Lima, Darcy	2535	1987	2005	2026-07-29
E.Gru.Thr.e3.O-O.Qb3	450	151	191	108	49266	Caruana, F.	2795	2011	2018	2026-07-29
E.Gru.Thr.e3.O-O.b4	409	125	182	102	12855	Gelfand, Boris	2773	2008	2020	2026-07-29
E.Gru.Exc.SeV.Nf3	10477	2836	5915	1726	943765	Carlsen, M.	2875	2001	2020	2026-07-29
E.Gru.Exc.SeV.Bc4	7089	1866	3983	1240	601149	Carlsen, M.	2872	2019	2020	2026-07-29
E.Gru.Exc.SeV.Bc4.O-O	1500	491	687	322	202340	Topalov, Veselin	2805	2008	2024	2026-07-29
E.Gru.Exc.SeV.Bc4.c5	5703	1423	3354	926	453022	Carlsen, M.	2872	2019	2020	2026-07-29
E.Gru.Exc.SeV.Bc4.c5.Ne2	5620	1401	3311	908	353301	Carlsen, M.	2872	2019	2020	2026-07-29
E.Gru.Rus.Hng.e4	4813	1319	2705	789	109351	Carlsen, M.	2882	2014	2020	2026-07-29
E.Gru.Rus.Hng.e4.a6	2366	486	1567	313	29161	Carlsen, M.	2881	2000	2020	2026-07-29
E.Gru.Rus.Hng.e4.b6	20	13	6	1	5018	Jakovenko, Dmitrij	2736	2009	2022	2026-07-29
E.Gru.Rus.Hng.e4.Bg4	538	185	246	107	9829	Kasparov, Garry	2805	1994	2013	2026-07-29
E.KID.e4	73698	27878	28288	17532	9288652	Carlsen, M.	2881	2013	2020	2026-07-29
E.KID.Nf3	25609	8966	10347	6296	5719809	Carlsen, M.	2864	2013	2022	2026-07-29
E.KID.Nf3.d6	8181	3163	3020	1998	4073074	Carlsen, Magnus	2864	2013	2021	2026-07-29
E.KID.Nf3.d6.Bg5	1059	425	378	256	1027002	Svidler, P.	2756	1998	2023	2026-07-29
E.KID.Nf3.d6.g3	1457	556	532	369	541333	Carlsen, Magnus	2864	2013	2021	2026-07-29
E.KID.Nf3.Cst	15685	5821	5946	3918	2806321	Carlsen, M.	2864	2018	2022	2026-07-29
E.KID.Nf3.Cst.e3	318	66	147	105	637325	Kasparov, Garry	2770	1991	2019	2026-07-29
E.KID.Nf3.Cst.e3.d6	310	75	121	114	1067049	Nepomniachtchi, I..	2789	2007	2021	2026-07-29
E.KID.Nf3.Cst.e3.d6.Be2	504	130	219	155	512459	Carlsen, M.	2843	2013	2018	2026-07-29
E.KID.Sml.Cst	14443	5443	5395	3605	2139971	Carlsen, M.	2881	2014	2025	2026-07-29
E.KID.Sml.Cst.Bg5	2567	1036	863	668	223812	Carlsen, M.	2861	2004	2025	2026-07-29
E.KID.Sml.Cst.Bg5.c5	1350	541	453	356	59878	Carlsen, M.	2861	2008	2025	2026-07-29
E.KID.Sml.Cst.Bg5.c5.d5	1740	693	577	470	70152	Carlsen, M.	2881	2014	2025	2026-07-29
E.KID.Sml.Cst.Be3	10310	3742	3942	2626	1829345	Carlsen, M.	2881	2013	2014	2026-07-29
E.KID.Sml.Cst.Be3.c5	2995	835	1428	732	303339	Radjabov, Teimour	2793	2011	2013	2026-07-29
E.KID.Sml.Cst.Be3.Nc6	2305	904	821	580	388671	Aronian, L.	2805	1990	2016	2026-07-29
E.KID.Sml.Cst.Be3.b6	515	212	176	127	57658	Firouzja, Alireza	2762	1993	2025	2026-07-29
E.KID.Sml.Cst.Nge2	2371	964	883	524	160536	Nakamura, Hi	2814	2010	2019	2026-07-29
E.KID.Sml.Cst.Nge2.c5	1210	448	479	283	49600	Nakamura, Hi	2814	2011	2015	2026-07-29
E.KID.Avk.Cst	17504	6714	6492	4298	1431398	Carlsen, M.	2832	2013	2024	2026-07-29
E.KID.Avk.Cst.Bg5	6212	2458	2266	1488	379535	Carlsen, Magnus	2861	2013	2024	2026-07-29
E.KID.Avk.Cst.Bg5.h6	1026	452	331	243	104673	Ivanchuk, Vassily	2769	2006	2012	2026-07-29
E.KID.Avk.Cst.Bg5.Nbd7	671	259	239	173	69934	Kramnik, Vladimir	2751	1998	2022	2026-07-29
E.KID.Avk.Cst.Bg5.Na6	1915	681	727	507	22525	Aronian, L.	2801	2011	2013	2026-07-29
E.KID.Avk.Cst.Bg5.Nc6	81	40	29	12	35770	Kasparov, Garry	2750	1988	2015	2026-07-29
E.Nim.Cls.O-O	15956	4065	8672	3219	719540	Carlsen, Magnus	2863	2012	2021	2026-07-29
E.Nim.Cls.O-O.a3	10654	2653	5899	2102	194056	Carlsen, Magnus	2863	2012	2021	2026-07-29
E.Nim.Cls.O-O.e3	62	12	29	21	42526	Ganguly, S.	2668	2006	2016	2026-07-29
E.Nim.Cls.O-O.e3.d5	62	13	25	24	84088	Caruana, Fabiano	2835	2019	2021	2026-07-29
E.Nim.Cls.O-O.e3.d5.Nf3	112	27	54	31	123789	Sasikiran, K.	2666	2013	2018	2026-07-29
E.Nim.Cls.d5	5331	1392	2880	1059	436212	Carlsen, M.	2881	2001	2020	2026-07-29
E.Nim.Cls.d5.cxd5	3215	815	1787	613	116849	Carlsen, M.	2875	2001	2019	2026-07-29
E.Nim.Cls.d5.cxd5.exd5	2128	530	1145	453	87783	Carlsen, M..	2847	2012	2021	2026-07-29
E.Nim.Cls.d5.a3	1887	513	1008	366	77555	Carlsen, M..	2862	1998	2021	2026-07-29
E.Nim.Cls.c5	5177	1731	2172	1274	460397	Kasparov, Garry	2838	1997	2022	2026-07-29
E.Nim.Cls.c5.dxc5	5034	1695	2126	1213	196452	Kasparov, Garry	2838	1997	2022	2026-07-29
E.Nim.Cls.c5.dxc5.Bxc3	17	7	7	3	2026	Van Wely, Loek	2629	1999	2008	2026-07-29
E.Nim.Cls.c5.dxc5.O-O	2378	701	1095	582	35182	Kasparov, Garry	2838	1997	2022	2026-07-29
E.Nim.Rub.Res.MLn.O-O	7050	1720	3989	1341	93407	Kasparov, Garry	2849	2000	2021	2026-07-29
E.Nim.Rub.Res.MLn.O-O.Nbd7	61	26	24	11	6629	Gashimov, Vugar	2740	1992	2014	2026-07-29
E.Nim.Rub.Res.MLn.O-O.b6	300	66	198	36	3900	Tomashevsky, E.	2728	2009	2024	2026-07-29
E.Nim.Rub.Res.MLn.O-O.dxc4	2247	485	1355	407	19978	Kasparov, Garry	2849	2000	2021	2026-07-29
E.Ind.Cat.Bb4	6246	1845	3190	1211	306201	Carlsen, M.	2881	2010	2017	2026-07-29
E.Ind.Cat.Bb4.Bd2	5096	1471	2665	960	215397	Carlsen, M.	2881	2010	2017	2026-07-29
E.Ind.Cat.Bb4.Bd2.Be7	1847	340	1260	247	35516	So, W.	2812	2017	2020	2026-07-29
E.Ind.Cat.Bb4.Bd2.Be7.Bg2	1729	331	1168	230	29866	So, W.	2812	2017	2020	2026-07-29
E.Ind.e6.Nf3.c5	12274	4553	4331	3390	1082996	Carlsen, Magnus	2863	2001	2020	2026-07-29
E.Ind.e6.Nf3.c5.d5	9689	3897	3204	2588	650745	Caruana, Fabiano	2835	2016	2020	2026-07-29
E.Ind.e6.Nf3.c5.d5.exd5	5457	2310	1762	1385	443423	Aronian, Levon	2815	2009	2021	2026-07-29
E.Ben.d5	34354	14193	11370	8791	6729725	Carlsen, M.	2875	2014	2019	2026-07-29
E.Ben.d5.d6	1641	697	580	364	1062513	Fischer, Robert James	2785	1971	2021	2026-07-29
E.Ben.d5.e6	9174	4044	2773	2357	1865789	Mamedyarov, S.	2809	2017	2023	2026-07-29
E.Ben.d5.e6.Nc3	11372	5063	3410	2899	2222415	Carlsen, M.	2830	2017	2024	2026-07-29
E.Ben.d5.e6.Nc3.exd5	11123	4941	3333	2849	1836197	Carlsen, M.	2830	2008	2024	2026-07-29
E.Ben.d5.e6.Nc3.exd5.cxd5	11141	4955	3337	2849	1844555	Carlsen, M.	2830	2008	2024	2026-07-29
E.Ben.d5.Ne4	123	65	30	28	56012	Chernin, Alexander	2620	1994	2010	2026-07-29
E.Ben.dxc5	166	41	68	57	245622	Hess, Robert L	2639	1990	2014	2026-07-29
E.Ben.dxc5.e6	102	26	41	35	93679	Hess, Robert L	2639	1990	2014	2026-07-29
E.Ben.Old.Adv.Nf6	1637	688	520	429	1367349	Aronian, Levon	2783	2010	2022	2026-07-29
E.Ben.Old.Adv.Nf6.Nf3	6312	2759	1951	1602	792647	Carlsen, M.	2832	2000	2017	2026-07-29
E.Ben.Old.Adv.Nf6.Nc3	850	350	280	220	609710	Aronian, Levon	2783	2005	2022	2026-07-29
E.Ben.Old.Adv.f5	312	158	84	70	96807	Mamedyarov, Shakhriyar	2765	1994	2011	2026-07-29
E.Ben.Old.Adv.f5.e4	51	25	14	12	8329	Mamedyarov, Shakhriyar	2765	1997	2013	2026-07-29
E.Ben.Old.Adv.e5	2342	1185	630	527	1242366	Caruana, F.	2822	1996	2021	2026-07-29
E.Ben.Old.Adv.e5.e4	1663	893	435	335	332710	Caruana, F.	2822	1994	2021	2026-07-29
E.Ben.Bnk.e4	22	7	5	10	17096	Khalifman, Alexander	2660	1991	1998	2026-07-29
E.Ben.Bnk.Nf3	2633	1091	869	673	182408	Anand, Viswanathan	2788	2002	2020	2026-07-29
E.Ben.Bnk.f3	86	28	22	36	33238	Morozevich, A.	2683	1992	2016	2026-07-29
E.Ben.Bnk.Nd2	511	205	151	155	62358	Kramnik, Vladimir	2790	1998	2020	2026-07-29
E.Ben.Bnk.a4	372	137	114	121	58921	Aronian, L.	2803	1989	2013	2026-07-29
E.Ben.Bnk.g4	2	0	1	1	795	Heinemann, Thies	2380	1993	1996	2026-07-29
E.Ben.Bnk.Acc.f3	1009	378	307	324	68566	Mamedyarov, Shakhriyar	2752	1995	2012	2026-07-29
E.Ben.Bnk.Acc.e3	1931	820	695	416	272768	Nepomniachtchi, I.	2793	2022	2025	2026-07-29
E.Ben.Bnk.Acc.b6	2269	884	723	662	335781	Kasparov, Garry	2815	1994	2012	2026-07-29
E.Ben.Bnk.Acc.Nc3	597	206	142	249	428871	Ponomariov, Ruslan	2739	1994	2009	2026-07-29
E.Ben.Bnk.Acc.Nc3.axb5	503	162	116	225	221165	Ponomariov, Ruslan	2739	1994	2009	2026-07-29
A.Eng.Rev.Nf3	571	164	277	130	454602	Caruana, F.	2792	2008	2021	2026-07-29
A.Eng.Rev.Nf3.e4	271	53	170	48	90783	Caruana, F.	2792	2008	2021	2026-07-29
A.Eng.Rev.e3	575	199	219	157	1318315	Caruana, Fabiano	2835	2017	2020	2026-07-29
A.Eng.Rev.e3.Nf6	432	140	177	115	561100	Caruana, Fabiano	2835	2017	2020	2026-07-29
A.Eng.Rev.e3.Nf6.f4	0	0	0	0	223					2026-07-29
A.Eng.Rev.g3	17905	5385	8449	4071	3229831	Carlsen, Magnus	2863	2020	2020	2026-07-29
A.Eng.Rev.g3.Nf6	11277	3015	5990	2272	1409318	Carlsen, M.	2864	2016	2022	2026-07-29
A.Eng.Rev.g3.Nf6.Bg2	11207	3025	5920	2262	1374261	Carlsen, M.	2864	2016	2022	2026-07-29
A.Eng.Rev.g3.Nf6.Bg2.d5	5310	1318	3051	941	371907	Carlsen, Magnus	2863	2016	2021	2026-07-29
A.Eng.Rev.Nc3	31160	8820	15048	7292	11374455	Carlsen, M.	2876	2019	2020	2026-07-29
A.Eng.Rev.Nc3.d6	2549	884	924	741	1340329	Ding Liren	2812	2008	2019	2026-07-29
A.Eng.Rev.Nc3.d6.Nf3	898	296	337	265	408314	Aronian, L.	2797	2017	2022	2026-07-29
A.Eng.Rev.Nc3.Bb4	3772	1127	1452	1193	634430	Carlsen, M.	2875	2017	2025	2026-07-29
A.Eng.Rev.Nc3.Nf6	25111	6455	13596	5060	5509941	Carlsen, M.	2882	2019	2020	2026-07-29
A.Eng.Rev.Nc3.Nf6.Nf3	17561	4417	9986	3158	1584514	Carlsen, M.	2882	2014	2019	2026-07-29
A.Eng.Rev.Nc3.Nf6.Nf3.e4	265	104	96	65	125766	Ding Liren	2806	2022	2024	2026-07-29
A.Eng.Rev.Nc3.Nf6.g3	6628	1756	3193	1679	2246095	Carlsen, Magnus	2863	2018	2020	2026-07-29
A.Eng.Rev.Nc3.Nc6	7139	2488	2753	1898	2367392	Carlsen, M.	2881	2014	2018	2026-07-29
A.Eng.Rev.Nc3.Nc6.g3	4677	1626	1812	1239	1065322	Carlsen, M.	2857	2012	2018	2026-07-29
A.Eng.Rev.Nc3.Nc6.Nf3	3046	1049	1208	789	926289	Carlsen, M.	2881	2014	2024	2026-07-29
A.Eng.Rev.Fou.e4	2806	549	1835	422	264972	Carlsen, M.	2882	2019	2020	2026-07-29
A.Eng.Rev.Fou.d3	1111	338	538	235	193324	Carlsen, M.	2882	2019	2021	2026-07-29
A.Eng.Rev.Fou.a3	1213	388	582	243	58385	Carlsen, M..	2847	2017	2021	2026-07-29
A.Eng.Rev.Fou.e3	4244	1151	2217	876	387736	Carlsen, M.	2875	2017	2020	2026-07-29
A.Eng.Rev.Fou.e3.Bb4	3189	782	1777	630	148329	Carlsen, M.	2875	2017	2020	2026-07-29
A.Eng.Rev.Fou.g3	8454	1991	5045	1418	485914	Carlsen, M.	2875	2014	2019	2026-07-29
A.Eng.Rev.Fou.g3.Bc5	694	223	285	186	144220	Carlsen, Magnus	2835	1997	2012	2026-07-29
A.Eng.Rev.Fou.g3.Bc5.d3	70	18	32	20	40681	Bareev, Evgeny	2685	1994	2010	2026-07-29
A.Eng.Sym.Nf3	30660	10107	14090	6463	2906268	Carlsen, Magnus	2872	2012	2019	2026-07-29
A.Eng.Sym.Nf3.Nf6	24183	7775	11964	4444	1057665	Carlsen, M.	2881	2011	2019	2026-07-29
A.Eng.Sym.Nf3.Nf6.b4	0	0	0	0	2360					2026-07-29
A.Eng.Sym.Nf3.Nf6.Nc3	19833	6635	9685	3513	873195	Carlsen, M.	2881	2011	2019	2026-07-29
A.Eng.Sym.Nf3.Nf6.Nc3.Nc6	8164	2578	4295	1291	660374	Carlsen, Magnus	2868	2011	2017	2026-07-29
A.Eng.Sym.b4	0	0	0	0	8945					2026-07-29
A.Eng.Sym.Nc3	6277	1967	2766	1544	4932306	Carlsen, Magnus	2863	2017	2021	2026-07-29
A.Eng.Sym.Nc3.Nf6	6461	2337	2712	1412	1340585	Carlsen, M.	2834	2014	2017	2026-07-29
A.Eng.Sym.Nc3.Nf6.Nf3	19833	6635	9685	3513	873195	Carlsen, M.	2881	2011	2019	2026-07-29
A.Eng.Sym.Nc3.Nf6.Nf3.e5	0	0	0	0	7201					2026-07-29
A.Eng.Sym.Nc3.Nc6	3175	1050	1404	721	2791974	Carlsen, Magnus	2863	2017	2020	2026-07-29
A.Eng.Sym.Nc3.Nc6.g3	2169	670	984	515	1284208	So, W.	2778	2015	2023	2026-07-29
A.Eng.Sym.Nc3.Nc6.g3.g6	2091	633	963	495	597317	So, W.	2812	2017	2023	2026-07-29
A.Hol.h3	163	56	55	52	127945	Nakamura, Hikaru	2741	2010	2015	2026-07-29
A.Hol.h3.Nf6	56	15	21	20	87245	Agdestein, S.	2606	1999	2022	2026-07-29
A.Hol.h3.Nf6.g4	44	12	15	17	67799	Agdestein, S.	2606	1999	2015	2026-07-29
A.Hol.Nf3	6023	2209	2315	1499	2233036	Carlsen, Magnus	2862	2012	2020	2026-07-29
A.Hol.Nf3.e5	0	0	0	0	1418					2026-07-29
A.Hol.Bf4	444	165	186	93	1223544	Nakamura, Hi	2775	2009	2023	2026-07-29
A.Hol.Bf4.e6	64	26	19	19	473102	Amin, B.	2699	2012	2019	2026-07-29
A.Hol.Bf4.e6.g4	5	4	0	1	4386	Nabaty, T.	2610	1997	2024	2026-07-29
A.Hol.c4	5183	1851	2036	1296	3891254	Caruana, F.	2820	2012	2015	2026-07-29
A.Hol.c4.Nf6	4583	1644	1777	1162	3010520	Caruana, F.	2820	2012	2015	2026-07-29
A.Hol.c4.Nf6.Nc3	2422	936	844	642	2377666	Aronian, Levon	2813	2012	2013	2026-07-29
A.Hol.c4.Nf6.g3	1667	509	778	380	203853	Caruana, F.	2820	1991	2015	2026-07-29
A.Hol.c4.Nf6.g3.g6	1201	371	553	277	73056	Caruana, F.	2820	2010	2015	2026-07-29
A.Hol.c4.Nf6.g3.g6.Bg2	2586	886	1101	599	101793	Carlsen, M.	2847	2014	2021	2026-07-29
A.Hol.c4.Nf6.g3.e6	3715	1372	1557	786	302936	Carlsen, M.	2870	2015	2019	2026-07-29
A.Hol.c4.Nf6.g3.e6.Bg2	4915	1815	2117	983	351176	Carlsen, M.	2876	2015	2019	2026-07-29
A.Hol.c4.e6	5839	2194	2328	1317	1940520	Carlsen, M.	2870	2015	2019	2026-07-29
A.Hol.c4.e6.e4	5	1	0	4	38429	Ivanov, Oleg V	2461	1993	2009	2026-07-29
A.Hol.c4.g6	334	152	94	88	169071	Cheparinov, I.	2682	1992	2014	2026-07-29
A.Hol.Sta.fxe4	899	301	296	302	587522	Nakamura, Hi	2745	2006	2019	2026-07-29
A.Hol.Sta.fxe4.Nc3	889	296	295	298	447936	Nakamura, Hi	2745	2006	2019	2026-07-29
A.Hol.Sta.fxe4.Nc3.Nf6	891	290	301	300	452273	Nakamura, Hi	2745	2006	2019	2026-07-29
A.Hol.Sta.fxe4.Nd2	0	0	0	0	543					2026-07-29
A.Pol.e5	1172	224	611	337	2403876	Carlsen, M..	2847	2013	2021	2026-07-29
A.Pol.e5.a3	150	43	36	71	235981	Xiong, Jeffery	2679	2016	2019	2026-07-29
A.Pol.e5.Bb2	1019	181	575	263	2064948	Carlsen, M..	2847	2013	2021	2026-07-29
A.Pol.e5.Bb2.f6	73	25	20	28	257316	Morovic Fernandez, Ivan	2560	1994	2016	2026-07-29
A.Pol.e5.Bb2.c5	0	0	0	0	1040					2026-07-29
A.Pol.Nf6	260	60	119	81	986009	Vachier Lagrave, M.	2795	1984	2017	2026-07-29
A.Pol.Nf6.Bb2	242	58	107	77	889820	Vachier Lagrave, M.	2795	1984	2017	2026-07-29
A.Pol.Nf6.Bb2.g6	98	25	32	41	542950	Vachier Lagrave, M.	2795	1984	2019	2026-07-29
A.Pol.Nf6.Bb2.g6.e4	2	2	0	0	40185	Grigoryan, K2.	2608	2019	2022	2026-07-29
A.Pol.e6	83	31	30	22	775552	Nakamura, Hi	2807	1984	2025	2026-07-29
A.Pol.e6.Bb2	79	28	29	22	693399	Nakamura, Hi	2807	1984	2025	2026-07-29
A.Pol.e6.Bb2.Nf6	184	52	81	51	652862	Nakamura, Hi	2807	1984	2025	2026-07-29
A.Pol.e6.Bb2.Nf6.b5	108	24	52	32	307971	Karpov, Anatoly	2765	1984	2002	2026-07-29
A.Pol.Nc6	0	0	0	0	33881					2026-07-29
A.Pol.Nh6	0	0	0	0	1473					2026-07-29
A.Pol.c6	204	59	86	59	313917	Naiditsch, Arkadij	2641	1990	2015	2026-07-29
A.Pol.b5	2	0	1	1	58466	Bets, Anatolij	2405	1994	2002	2026-07-29
A.Van.d5	1801	465	793	543	1855824	Carlsen, M.	2837	2017	2025	2026-07-29
A.Van.d5.f4	10	1	4	5	42350	Tunik, Gennady	2450	1995	2017	2026-07-29
A.Van.d5.f4.d4	2	1	0	1	9540	Tunik, Gennady	2450	2007	2025	2026-07-29
A.Van.d5.f4.e5	0	0	0	0	661					2026-07-29
A.Van.c5	1169	306	441	422	533284	Kasparov, Garry	2851	2000	2017	2026-07-29
A.Van.c5.b4	0	0	0	0	357					2026-07-29
A.Van.c5.Nf3	660	170	252	238	238829	Carlsen, M.	2832	2006	2019	2026-07-29
A.Van.c5.Nf3.Nc6	353	87	137	129	111074	Carlsen, M.	2832	2005	2017	2026-07-29
A.Van.d6	42	11	20	11	218370	Predke, A.	2677	1994	2025	2026-07-29
A.Van.d6.f4	4	4	0	0	7500	Blohberger, Felix	2469	1998	2020	2026-07-29
A.Van.f5	13	2	5	6	107650	Claverie, Raul	2423	2006	2025	2026-07-29
A.Van.f5.e4	11	2	3	6	159295	Niewiadomski, Wieslaw	2395	1992	2025	2026-07-29
A.Van.g6	153	50	53	50	372284	Andreikin, D.	2743	2015	2019	2026-07-29
A.Van.g6.h4	23	8	8	7	22664	Andreikin, D.	2720	2001	2018	2026-07-29
A.Van.b5	0	0	0	0	4801					2026-07-29
A.Hng.d5	7554	2532	3060	1962	5561627	Carlsen, M.	2857	2012	2017	2026-07-29
A.Hng.d5.Bg2	4753	1602	1788	1363	4952401	Carlsen, M.	2857	2013	2018	2026-07-29
A.Hng.d5.Bg2.e5	1806	525	690	591	2491063	Caruana, F.	2804	2013	2017	2026-07-29
A.Hng.d5.Bg2.e5.b4	1	0	1	0	2165	Sorokin, Maxim	2490	1993	1993	2026-07-29
A.Hng.Nf6	3576	1458	1350	768	1540335	Carlsen, M.	2865	2016	2022	2026-07-29
A.Hng.e5	3116	1034	1205	877	2518494	Caruana, F.	2804	2010	2016	2026-07-29
A.Hng.e5.a3	4	1	0	3	9208	Nanu, C.	2520	2002	2023	2026-07-29
A.Hng.e5.a3.d5	6	1	1	4	11446	Pechac, Jergus	2604	2002	2025	2026-07-29
A.Hng.f5	498	201	169	128	224735	Cheparinov, I.	2705	2008	2018	2026-07-29
A.Hng.f5.e4	2	2	0	0	1454	Czebe, Attila	2462	2002	2015	2026-07-29
A.Hng.h5	27	15	3	9	233767	Kasimdzhanov, R.	2700	2004	2021	2026-07-29
A.Hng.h5.Nf3	23	13	3	7	33201	Kasimdzhanov, R.	2700	2004	2019	2026-07-29
A.Hng.g5	2	0	1	1	14366	Julia, Ernesto	2373	1999	2011	2026-07-29
A.Hng.Nc6	26	11	11	4	258411	Rapport, R.	2707	2012	2017	2026-07-29
A.Hng.Nc6.Nc3	1	0	1	0	2661	Stevic, H.	2600	2016	2016	2026-07-29
A.Hng.Nc6.Nc3.d5	0	0	0	0	661					2026-07-29
A.Lar.d5	3062	1018	1124	920	4410021	Carlsen, M.	2855	2021	2025	2026-07-29
A.Lar.d5.Ba3	1	0	0	1	28712	Weinzettl, Ernst	2320	1994	1994	2026-07-29
A.Lar.e5	4987	1554	1979	1454	4545729	Carlsen, M..	2847	2018	2024	2026-07-29
A.Lar.c5	595	217	200	178	1060163	Carlsen, M.	2833	2012	2025	2026-07-29
A.Lar.Nf6	1685	601	609	475	2737830	Carlsen, M.	2853	2016	2018	2026-07-29
A.Lar.Nf6.Bb2	1656	593	595	468	2596769	Carlsen, M.	2853	2016	2018	2026-07-29
A.Lar.Nf6.Bb2.g6	1108	377	409	322	1613241	Carlsen, M.	2853	2016	2018	2026-07-29
A.Lar.f5	85	31	34	20	203699	Hou Yifan	2653	1982	2016	2026-07-29
A.Lar.f5.Bb2	81	30	33	18	190800	Hou Yifan	2653	1982	2016	2026-07-29
A.Lar.b5	18	10	5	3	36487	Larsen, Bent	2625	1972	2019	2026-07-29
A.Lar.b6	244	78	98	68	482319	Carlsen, M.	2855	2014	2021	2026-07-29
A.Egl.Nf3	2	1	1	0	869965	Tang, Andrew	2506	1993	2019	2026-07-29
A.Egl.Nf3.e4	1	1	0	0	544496	Tang, Andrew	2506	2019	2019	2026-07-29
A.Egl.Nf3.e4.Ng1	0	0	0	0	78678					2026-07-29
A.Egl.Nf3.e4.Ne5	1	1	0	0	70588	Tang, Andrew	2506	2019	2019	2026-07-29
A.Egl.e3	38	8	20	10	1795681	Chandler, Murray G	2605	1988	2022	2026-07-29
A.Egl.dxe5	104	65	23	16	9861482	Dubov, Daniil	2699	2016	2019	2026-07-29
A.Egl.dxe5.Nc6	81	48	19	14	4798251	Dubov, Daniil	2699	2016	2019	2026-07-29
A.Egl.dxe5.Nc6.Nf3	75	44	17	14	3645677	Dubov, Daniil	2699	2016	2019	2026-07-29
A.Egl.dxe5.Qh4	0	0	0	0	8871					2026-07-29
A.Egl.dxe5.f6	6	5	0	1	645726	Vaisser, Anatoli	2573	2004	2017	2026-07-29
A.QPO.Nf6.Nf3.Ne4	14	10	3	1	14528	Aseev, Konstantin N	2560	1991	1994	2026-07-29
A.QPO.Nf6.Nf3.c6	455	156	179	120	446570	Carlsen, Magnus	2863	1989	2023	2026-07-29
A.QPO.Nf6.Nf3.a6	67	26	19	22	20153	Erigaisi, Arjun	2725	1987	2024	2026-07-29
A.QPO.Nf6.Nf3.b5	524	210	166	148	61234	Carlsen, M.	2872	2014	2021	2026-07-29
A.QPO.Nf6.Nf3.c5	11186	4116	3786	3284	2910650	Carlsen, M.	2832	2012	2017	2026-07-29
A.QPO.Nf6.Nf3.d6	8599	3056	3170	2373	3570955	Caruana, Fabiano	2835	2016	2020	2026-07-29
A.QPO.Nf6.Nf3.e6	53405	16435	23411	13559	9346408	Carlsen, Magnus	2868	2013	2017	2026-07-29
A.QPO.Nf6.Nf3.e6.Bf4	5380	1662	2292	1426	2878611	Carlsen, M.	2864	2017	2022	2026-07-29
A.QPO.Nf6.Nf3.e6.e3	7564	2366	3056	2142	1959303	Carlsen, Magnus	2868	2013	2017	2026-07-29
A.QPO.Nf6.Nf3.e6.e3.b6	4208	1303	1692	1213	404616	Carlsen, M.	2853	2002	2019	2026-07-29
A.EID.Bf4	5218	1619	2045	1554	2910148	Carlsen, Magnus	2863	2015	2020	2026-07-29
A.EID.Bf4.Bg7	4928	1531	1958	1439	2692540	Carlsen, Magnus	2863	2015	2020	2026-07-29
A.EID.Bf4.Bg7.e3	4536	1401	1838	1297	2684651	Carlsen, Magnus	2863	2015	2020	2026-07-29
A.EID.Bf4.Bg7.e3.d6	1740	512	689	539	2265803	Carlsen, M.	2850	2015	2018	2026-07-29
A.EID.Bg5	7631	2427	3094	2110	1293989	Carlsen, M.	2872	2013	2022	2026-07-29
A.EID.Bg5.Bg7	7312	2288	2977	2047	1204168	Carlsen, M.	2872	2013	2022	2026-07-29
A.EID.Bg5.Bg7.Nbd2	6011	1860	2475	1676	446471	Carlsen, M.	2872	2013	2022	2026-07-29
A.EID.Bg5.Bg7.Nbd2.d5	1906	648	780	478	145818	Caruana, F.	2822	2018	2018	2026-07-29
A.EID.Nc3	2868	1050	1037	781	925036	Caruana, F..	2820	2018	2021	2026-07-29
A.EID.Nc3.d5	2337	816	870	651	350021	Caruana, F..	2820	2018	2021	2026-07-29
A.EID.Nc3.d5.Bf4	2290	823	857	610	255910	Caruana, F..	2820	2018	2021	2026-07-29
A.EID.Nc3.d5.Bf4.Bg7	2105	730	798	577	287059	Caruana, F..	2820	2017	2021	2026-07-29
A.EID.Nc3.d5.Bf4.Bg7.e3	1494	493	591	410	209420	Carlsen, M.	2837	2017	2021	2026-07-29
C.RyL.Mor.Ba4	105566	31775	53572	20219	9520911	Carlsen, M.	2882	2019	2020	2026-07-29
C.RyL.Mor.Ba4.Nf6	94188	27815	49105	17268	6570905	Carlsen, M.	2882	2019	2020	2026-07-29
C.RyL.Mor.Ba4.Nf6.O-O	82416	23937	44202	14277	4573366	Carlsen, M.	2882	2015	2020	2026-07-29
C.RyL.Mor.Ba4.Nf6.O-O.Be7	59848	17005	32852	9991	2017373	Carlsen, M.	2882	2013	2019	2026-07-29
C.RyL.Mor.Ba4.d6	6364	2311	2481	1572	757865	Carlsen, M.	2872	2017	2025	2026-07-29
C.RyL.Mor.Ba4.b5	1124	394	487	243	1443326	Nakamura, Hi	2810	2007	2025	2026-07-29
C.RyL.Mor.Ba4.b5.Bb3	1124	394	487	243	1443048	Nakamura, Hi	2810	2007	2025	2026-07-29
C.RyL.Ber.O-O	18391	3408	12649	2334	2864299	Carlsen, M.	2876	2015	2016	2026-07-29
C.RyL.Ber.O-O.Nxe4	16728	2800	11922	2006	1030089	Carlsen, M.	2876	2015	2021	2026-07-29
C.RyL.Ber.O-O.Nxe4.d4	10898	2091	7293	1514	428740	Carlsen, M.	2881	2014	2015	2026-07-29
C.RyL.Ber.O-O.Nxe4.d4.Nd6	10061	1833	6873	1355	342293	Carlsen, M.	2881	2014	2015	2026-07-29
C.RyL.Mor.Opn.d4	7605	2209	4203	1193	205914	Carlsen, M.	2875	2018	2019	2026-07-29
C.RyL.Mor.Opn.d4.b5	7103	2023	3990	1090	152995	Carlsen, M..	2847	2001	2021	2026-07-29
C.RyL.Mor.Opn.d4.b5.Bb3	7156	2042	4017	1097	184067	Carlsen, M..	2847	2001	2021	2026-07-29
C.RyL.Mor.Opn.MLn	7113	2023	4000	1090	167586	Carlsen, M..	2847	2001	2021	2026-07-29
C.RyL.Mor.Opn.MLn.dxe5	6983	1988	3935	1060	142252	Carlsen, M..	2847	2001	2021	2026-07-29
C.RyL.Mor.Opn.MLn.dxe5.Be6	6978	1985	3934	1059	138644	Carlsen, M..	2847	2001	2021	2026-07-29
C.Ita.Giu.O-O	5098	1434	2469	1195	5444451	Carlsen, M.	2882	2016	2020	2026-07-29
C.Ita.Giu.O-O.Nf6	4587	1276	2236	1075	4357213	Carlsen, M.	2882	2016	2020	2026-07-29
C.Ita.Giu.O-O.Nf6.c3	53	13	18	22	1379540	Georgiev, Kiril	2665	2000	2021	2026-07-29
C.Ita.Giu.O-O.Nf6.d4	443	134	149	160	907747	Radjabov, T.	2767	2008	2019	2026-07-29
C.Ita.Giu.O-O.Nf6.d3	8091	2347	3943	1801	2717863	Carlsen, M.	2882	2016	2020	2026-07-29
C.Ita.Giu.c3	14038	3746	7368	2924	7218894	Carlsen, M.	2865	2017	2022	2026-07-29
C.Ita.Giu.c3.Nf6	13480	3491	7203	2786	4373726	Carlsen, M.	2865	2017	2022	2026-07-29
C.Ita.Giu.c3.Nf6.d4	2846	715	1445	686	2304138	Carlsen, M..	2862	2020	2021	2026-07-29
C.Ita.Giu.c3.Nf6.d4.exd4	3238	797	1633	808	2518434	Carlsen, M..	2862	2020	2021	2026-07-29
C.Ita.Giu.c3.Nf6.d3	15214	3989	8241	2984	2968275	Carlsen, M.	2865	2017	2022	2026-07-29
C.Ita.Giu.c3.Nf6.d3.d6	8135	2037	4629	1469	1361183	Carlsen, M.	2865	2017	2022	2026-07-29
C.Ita.Giu.c3.Nf6.d3.d5	10	6	1	3	114863	Nisipeanu, LD.	2687	2015	2023	2026-07-29
C.Ita.Giu.c3.Qe7	266	129	74	63	135514	Smyslov, Vassily	2605	1975	1998	2026-07-29
C.Ita.Giu.c3.Qe7.d4	59	36	14	9	21818	Smyslov, Vassily	2605	1975	1998	2026-07-29
C.Ita.Giu.c3.d6	170	68	60	42	1976945	Kramnik, Vladimir	2790	1998	2025	2026-07-29
C.Ita.Giu.c3.d6.d4	99	44	32	23	1144644	Kramnik, Vladimir	2790	1998	2025	2026-07-29
C.Ita.Giu.Bxf7	1	1	0	0	94801	Poleshchuk, Nikolay Nikolaevich	2477	2020	2020	2026-07-29
C.Ita.Evn.Acc.c3	1470	392	672	406	1902163	Caruana, Fabiano	2835	2014	2024	2026-07-29
C.Ita.Evn.Acc.c3.Bc5	38	19	8	11	493651	Santos Latasa, J.	2584	1979	2019	2026-07-29
C.Ita.Evn.Acc.c3.Bc5.d4	35	18	7	10	431209	Santos Latasa, J.	2584	1979	2019	2026-07-29
C.Ita.Evn.Acc.c3.Be7	435	145	152	138	442172	Caruana, Fabiano	2835	1995	2022	2026-07-29
C.Ita.Evn.Acc.c3.Bf8	2	0	1	1	8484	Dolezal, Radoslav Jr	2320	1995	1997	2026-07-29
C.Ita.Evn.Acc.c3.Bd6	107	39	31	37	116398	Nakamura, Hikaru	2775	2003	2012	2026-07-29
C.Ita.Evn.Dec.a4	176	51	56	69	76425	Carlsen, M.	2832	1995	2017	2026-07-29
C.Ita.Evn.Dec.Bb2	1	0	1	0	5638	Sahl, Bjarke	2445	1993	1993	2026-07-29
C.Ita.Evn.Dec.b5	22	11	3	8	48288	Aronian, L.	2815	1999	2021	2026-07-29
C.Ita.Evn.Dec.b5.Na5	12	5	1	6	28742	Wojtaszek, R.	2691	2000	2021	2026-07-29
C.Ita.Evn.Dec.b5.Na5.Nxe5	5	2	1	2	12793	Gyimesi, Zoltan	2602	2003	2012	2026-07-29
C.Ita.Two.Nc3	378	66	189	123	5226252	Mamedyarov, S.	2801	2009	2025	2026-07-29
C.Ita.Two.Nc3.Nxe4	243	42	101	100	1452321	Mamedyarov, S.	2801	2009	2025	2026-07-29
C.Ita.Two.O-O	100	23	31	46	2496467	Ni, Hua	2655	1997	2019	2026-07-29
C.Ita.Two.O-O.Bc5	4587	1276	2236	1075	4357213	Carlsen, M.	2882	2016	2020	2026-07-29
C.Ita.Two.O-O.Bc5.d4	443	134	149	160	907747	Radjabov, T.	2767	2008	2019	2026-07-29
C.Ita.Two.O-O.Bc5.d4.Bxd4	349	93	123	133	370248	Radjabov, T.	2767	2008	2019	2026-07-29
C.Cen.d5	10	2	7	1	259926	Kiriakov, Petr	2530	1997	2016	2026-07-29
C.Cen.d6	607	283	206	118	2158512	Mamedyarov, Shakhriyar	2772	2011	2025	2026-07-29
C.Cen.d6.dxe5	142	45	66	31	1302162	Moiseenko, A1.	2707	2013	2016	2026-07-29
C.Cen.d6.dxe5.Bd7	0	0	0	0	1643					2026-07-29
C.Cen.exd4	1780	529	641	610	12514960	Carlsen, M.	2832	2010	2019	2026-07-29
C.Cen.exd4.Qxd4	1064	333	347	384	2696339	Carlsen, M.	2832	2017	2019	2026-07-29
C.Cen.exd4.Qxd4.Nc6	1041	322	338	381	2311400	Carlsen, M.	2832	2017	2019	2026-07-29
C.Cen.exd4.Qxd4.Nc6.Qc4	73	26	23	24	70516	So, W.	2760	2019	2024	2026-07-29
C.Cen.exd4.Nf3	450	142	191	117	2796003	Carlsen, Magnus	2802	2010	2023	2026-07-29
C.Cen.exd4.Nf3.c5	3	1	1	1	493608	Guliyev, N..	2551	1985	2024	2026-07-29
C.Cen.exd4.Nf3.Bc5	22	3	15	4	373872	Kuzubov, Y.	2652	2006	2021	2026-07-29
C.Cen.exd4.f4	21	5	5	11	366364	Koelle, Arthur	2500	1983	2009	2026-07-29
C.Cen.exd4.Bc4	42	15	11	16	654012	Jussupow, Artur	2635	2001	2025	2026-07-29
C.Cen.exd4.Bd3	1	0	0	1	65864	Ernst, T.	2301	2025	2025	2026-07-29
C.KGm.Acc.Bsh.g5	2	2	0	0	121580	Fernandez Guillen, E.	2462	2018	2023	2026-07-29
C.KGm.Acc.Bsh.d5	155	50	37	68	50448	So, W.	2808	2004	2017	2026-07-29
C.KGm.Acc.Bsh.d5.Bxd5	99	36	24	39	39362	So, W.	2808	2002	2017	2026-07-29
C.KGm.Acc.Bsh.d5.Bxd5.c6	0	0	0	0	6105					2026-07-29
C.KGm.Acc.Bsh.d5.Bxd5.Nf6	83	30	20	33	22909	So, W.	2808	2002	2017	2026-07-29
C.KGm.Acc.Bsh.Qh4	98	29	34	35	241677	Kasparov, Garry	2805	1993	2022	2026-07-29
C.KGm.Acc.Bsh.Qh4.Kf1	98	29	34	35	238672	Kasparov, Garry	2805	1993	2022	2026-07-29
C.KGm.Acc.Bsh.Qh4.Kf1.Nc6	3	1	0	2	30548	Kuczynski, Robert	2495	1985	2018	2026-07-29
C.KGm.Acc.Bsh.Qh4.Kf1.Nf6	15	3	10	2	52294	Shirov, Alexei	2670	1993	2023	2026-07-29
C.KGm.Acc.Bsh.Qh4.Kf1.Bc5	0	0	0	0	64397					2026-07-29
C.KGm.Acc.Bsh.Qh4.Kf1.d6	52	14	16	22	40872	Karjakin, Sergey	2757	2004	2022	2026-07-29
C.KGm.Acc.Bsh.Qh4.Kf1.b5	1	1	0	0	1279	Kasparov, Garry	2805	1993	1993	2026-07-29
C.KGm.Acc.Bsh.Qh4.Kf1.Ne7	4	2	1	1	1006	Zatonskih, Anna	2466	1994	2009	2026-07-29
C.KGm.Acc.Bsh.Nf6	337	90	129	118	133037	Kasparov, Garry	2812	2011	2021	2026-07-29
C.KGm.Acc.Bsh.f5	4	1	2	1	4004	Petrovic, Djordje	2590	1978	2008	2026-07-29
C.KGm.Acc.Bsh.b5	2	1	1	0	1443	Lanzani, Mario	2371	2010	2025	2026-07-29
C.KGm.Acc.Bsh.c6	30	7	9	14	40274	Karpov, Anatoly	2699	1997	2013	2026-07-29
C.KGm.Acc.Bsh.Nc6	89	11	48	30	220257	Aravindh, Chithambaram VR.	2718	2012	2024	2026-07-29
C.KGm.Acc.Bsh.Ne7	55	17	18	20	30186	Adams, Michael	2680	1993	2004	2026-07-29
C.KGm.Acc.Kie.d5	2	1	0	1	8401	Amanov, Zhanibek	2411	2011	2013	2026-07-29
C.KGm.Acc.Kie.d5.d4	1	0	0	1	1718	Amanov, Zhanibek	2411	2011	2011	2026-07-29
C.KGm.Acc.Kie.d5.d4.Nf6	2	0	1	1	494	Amanov, Zhanibek	2411	1991	2011	2026-07-29
C.KGm.Acc.Kie.h5	11	6	1	4	135722	Kornev, Alexei	2558	1987	2012	2026-07-29
C.KGm.Acc.Kie.Nc6	5	4	1	0	2182	Piket, Jeroen	2670	1995	2009	2026-07-29
C.KGm.Acc.Kie.Bg7	4	2	1	1	2237	Illescas Cordoba, Miguel	2530	1990	2010	2026-07-29
C.KGm.Acc.Kie.Qe7	24	2	13	9	13652	Gutsche, Dieter	2479	1992	2006	2026-07-29
C.KGm.Acc.Kie.Be7	0	0	0	0	6974					2026-07-29
C.Pet.Cls.Bd3	11808	2822	7863	1123	760910	Carlsen, M.	2864	2000	2022	2026-07-29
C.Pet.Cls.Bd3.Nc6	4902	1109	3404	389	123920	Kasparov, Garry	2851	1998	2001	2026-07-29
C.Pet.Cls.Bd3.Nc6.O-O	4826	1086	3362	378	94838	Kasparov, Garry	2851	1998	2001	2026-07-29
C.Pet.Cls.Bd3.Nc6.O-O.Be7	6482	1476	4476	530	101734	Kasparov, Garry	2851	1998	2001	2026-07-29
C.Pet.Cls.Bd3.Bd6	3628	862	2363	403	318524	Carlsen, M.	2855	2018	2021	2026-07-29
C.Pet.Cls.Bd3.Bd6.O-O	3550	842	2329	379	252047	Carlsen, M.	2855	2018	2021	2026-07-29
C.Pet.Cls.Bd3.Bd6.O-O.O-O	3539	836	2326	377	239661	Carlsen, M.	2855	2018	2021	2026-07-29
C.KPO.Kgt.MLn.Nxe5	1	1	0	0	46351	Chripko, Lubomír	2584	2009	2009	2026-07-29
C.KPO.Kgt.MLn.Nxe5.Nxe5	1	1	0	0	43765	Chripko, Lubomír	2584	2009	2009	2026-07-29
C.KPO.Kgt.MLn.g3	332	128	128	76	276562	Carlsen, M.	2881	2014	2022	2026-07-29
C.KPO.Kgt.MLn.c4	21	6	5	10	224428	Huschenbeth, N.	2610	1983	2022	2026-07-29
C.KPO.Kgt.MLn.c4.Nf6	4	1	2	1	88473	Finegold, B.	2487	2007	2019	2026-07-29
C.KPO.Kgt.MLn.b4	0	0	0	0	5004					2026-07-29
C.KPO.Kgt.MLn.Be2	278	87	108	83	386352	Caruana, F.	2844	2014	2018	2026-07-29
C.KPO.Kgt.MLn.Be2.Nf6	228	67	92	69	184637	Caruana, F.	2844	2014	2018	2026-07-29
C.KPO.Kgt.MLn.Be2.Nf6.d4	4	0	2	2	3359	Hebden, Mark	2480	1984	1986	2026-07-29
C.KPO.Kgt.MLn.d3	266	71	102	93	1089924	Carlsen, M.	2855	2016	2024	2026-07-29
C.KPO.Kgt.MLn.d3.f5	167	61	53	53	169534	Nakamura, Hikaru	2736	2014	2020	2026-07-29
B.Nim.ScD.Be3	0	0	0	0	5067					2026-07-29
B.Nim.ScD.e5	495	185	173	137	1468774	Carlsen, Magnus	2863	2018	2023	2026-07-29
B.Nim.ScD.exd5	133	51	41	41	589661	Short, N.	2660	2001	2015	2026-07-29
B.Nim.ScD.exd5.Qxd5	256	88	84	84	1487276	Fressinet, Laurent	2708	2012	2021	2026-07-29
B.Nim.ScD.exd5.Qxd5.Nc3	1	0	0	1	94898	Rojas, Luis Gabriel	2414	2009	2009	2026-07-29
B.Nim.ScD.exd5.Nb4	1	0	0	1	2920	Brandics, Jozsef	2260	1998	1998	2026-07-29
B.Nim.ScD.Nc3	464	183	147	134	257546	Ponomariov, Ruslan	2743	2002	2015	2026-07-29
B.Nim.ScD.Nc3.dxe4	187	59	64	64	235699	Jobava, Ba	2705	2013	2024	2026-07-29
B.Nim.ScD.Nc3.dxe4.d5	183	58	62	63	137930	Jobava, Ba	2705	2013	2024	2026-07-29
B.Nim.ScD.Nc3.Nf6	208	85	57	66	84358	Nihal, Sarin	2687	2007	2025	2026-07-29
B.Nim.ScD.Nc3.e5	76	37	22	17	16025	Ponomariov, Ruslan	2743	1990	2017	2026-07-29
B.Nim.Ken.d5	202	80	53	69	2812095	Wang Hao	2730	1998	2025	2026-07-29
B.Nim.Ken.d5.Nce7	200	80	53	67	2496572	Wang Hao	2730	1998	2025	2026-07-29
B.Nim.Ken.dxe5	283	115	97	71	778565	Carlsen, M.	2855	2018	2021	2026-07-29
B.Nim.Ken.dxe5.Bc5	1	1	0	0	27490	Bores, Roman	2270	1997	1997	2026-07-29
B.Nim.Ken.dxe5.f6	1	1	0	0	27068	Landa, Konstantin	2550	2004	2004	2026-07-29
B.Nim.Ken.dxe5.Qh4	1	1	0	0	3451	Ulibin, Mikhail	2550	1996	1996	2026-07-29
B.Nim.Ken.dxe5.d6	2	2	0	0	497981	Lomantsov, Evgenij	2350	1994	2008	2026-07-29
B.Nim.Ken.dxe5.Nxe5	279	112	96	71	683942	Carlsen, M.	2855	2018	2021	2026-07-29
B.Nim.Ken.dxe5.Nxe5.Nc3	41	15	13	13	113284	Karjakin, Sergey	2753	1989	2018	2026-07-29
B.Nim.Ken.dxe5.Nxe5.Nf3	159	64	58	37	234246	Carlsen, M.	2855	1984	2021	2026-07-29
B.Nim.Ken.dxe5.Nxe5.f4	72	31	24	17	304200	Bauer, Ch	2644	1984	2018	2026-07-29
B.Nim.Ken.dxe5.Nxe5.f4.Ng6	34	15	12	7	140911	Sambuev, Bator	2608	1990	2010	2026-07-29
B.Nim.Ken.dxe5.Nxe5.f4.Nc6	38	16	12	10	156368	Bauer, Ch	2644	1984	2018	2026-07-29
B.Fre.Adv.c5	15206	5486	5330	4390	13955125	Carlsen, M.	2864	2021	2022	2026-07-29
B.Fre.Adv.c5.c3	15317	5510	5429	4378	11511804	Carlsen, M.	2864	2021	2022	2026-07-29
B.Fre.Adv.c5.c3.Nc6	11144	4001	3983	3160	8456173	Carlsen, M.	2864	2021	2022	2026-07-29
B.Fre.Adv.c5.c3.Nc6.Nf3	11433	4121	4067	3245	7624528	Carlsen, M.	2864	2021	2022	2026-07-29
B.Fre.Adv.c5.c3.Qb6	3230	1156	1133	941	1406040	Caruana, Fabiano	2842	2006	2022	2026-07-29
B.Fre.Adv.c5.Nf3	468	171	149	148	2113676	Rapport, R.	2740	1991	2024	2026-07-29
B.Fre.Adv.c5.Nf3.cxd4	150	44	53	53	498575	Rapport, R.	2740	1991	2022	2026-07-29
B.Fre.Adv.c5.b4	8	2	2	4	16925	Urzica, Aurel	2420	1984	2009	2026-07-29
B.Fre.Adv.c5.dxc5	109	24	32	53	250923	Bareev, Evgeny	2670	1975	2017	2026-07-29
B.Fre.Adv.Bd7	127	45	42	40	135188	Piorun, K.	2656	2004	2025	2026-07-29
B.CaK.Adv.Bf5	25920	8935	11099	5886	10441113	Carlsen, M..	2862	2016	2021	2026-07-29
B.CaK.Adv.Bf5.Nf3	12902	4208	6308	2386	2809953	Carlsen, M..	2862	2016	2020	2026-07-29
B.CaK.Adv.Bf5.Nf3.e6	12863	4192	6291	2380	2558798	Carlsen, M..	2862	2016	2020	2026-07-29
B.CaK.Adv.Bf5.Nc3	2669	927	880	862	713538	Kasparov, Garry	2849	2001	2019	2026-07-29
B.CaK.Adv.Bf5.Nc3.Qb6	336	134	96	106	12521	Shirov, Alexei	2720	1998	2001	2026-07-29
B.CaK.Adv.Bf5.Nc3.e6	1937	665	639	633	650827	Kasparov, Garry	2849	2001	2019	2026-07-29
B.CaK.Adv.Bf5.Ne2	228	69	76	83	340038	Maghsoodloo, Parham	2730	1999	2023	2026-07-29
B.CaK.Adv.Bf5.b4	2	1	0	1	19197	Skorna, Ullrich	2378	2000	2006	2026-07-29
B.CaK.Adv.Bf5.c3	435	163	192	80	741870	Anand, Viswanathan	2769	2000	2001	2026-07-29
B.Sic.Win.cxb4	605	159	192	254	2003471	Anand, Viswanathan	2788	2009	2024	2026-07-29
B.Sic.Win.cxb4.Bb2	24	8	3	13	112090	Miton, K.	2614	1991	2016	2026-07-29
B.Sic.Win.cxb4.a3	478	129	165	184	1187382	Anand, Viswanathan	2788	2009	2025	2026-07-29
B.Sic.Win.cxb4.a3.bxa3	63	21	12	30	598595	Anand, Viswanathan	2788	2008	2020	2026-07-29
B.Sic.Win.cxb4.a3.d5	231	62	83	86	166177	Tregubov, Pavel V	2628	2006	2024	2026-07-29
B.Sic.Win.cxb4.c4	3	0	0	3	2720	Kudrin, Sergey	2570	1983	1989	2026-07-29
B.Sic.OKn.Nf6	171576	50948	81314	39314	22013649	Carlsen, M.	2876	2015	2020	2026-07-29
B.Sic.OKn.Nf6.Nc3	176842	52538	83461	40843	20707034	Carlsen, M.	2876	2015	2020	2026-07-29
B.Sic.OKn.Nf6.Nc3.g6	19845	7798	7443	4604	4825243	Carlsen, M.	2881	2010	2021	2026-07-29
B.Sic.Kan.Bd3	16049	5655	5862	4532	730837	Carlsen, M.	2872	2007	2022	2026-07-29
B.Sic.Kan.Bd3.Nf6	5126	1768	1906	1452	137378	Topalov, Veselin	2796	2007	2012	2026-07-29
B.Sic.Kan.Bd3.Bc5	5746	1896	2199	1651	75107	Carlsen, M.	2872	2007	2022	2026-07-29
B.Sic.Kan.Bd3.g6	1025	366	366	293	10961	Karjakin, Sergey	2779	1996	2018	2026-07-29
B.Sic.Kan.Nc3	14800	4994	4972	4834	3620467	Carlsen, M.	2832	2016	2024	2026-07-29
B.Sic.Kan.Nc3.b5	3942	1215	1310	1417	678354	Carlsen, M.	2832	1998	2024	2026-07-29
B.Sic.Cls.Be2	4558	1281	1721	1556	452133	Carlsen, M.	2853	1997	2023	2026-07-29
B.Sic.Cls.Be2.g6	1321	328	484	509	166809	Erigaisi, Arjun	2801	1997	2025	2026-07-29
B.Sic.Cls.Be2.g6.Be3	479	122	175	182	133013	Erigaisi, Arjun	2801	1997	2025	2026-07-29
B.Sic.Cls.Be2.e5	2531	733	961	837	146633	Carlsen, M.	2853	1994	2023	2026-07-29
B.Sic.Cls.Soz.e6	4209	1452	1337	1420	358282	Fischer, Robert James	2785	1972	2025	2026-07-29
B.Sic.Cls.Soz.e6.Be3	3486	1254	1043	1189	97221	Kasparov, Garry	2825	1998	2025	2026-07-29
B.Sic.Cls.Soz.e6.Bb3	753	253	262	238	68720	Fischer, Robert James	2785	1971	1992	2026-07-29
B.Sic.Acc.Nxc6	110	35	29	46	947255	Beliavsky, Alexander G	2620	1982	2009	2026-07-29
B.Sic.Acc.Nc3	9356	3077	4055	2224	3591711	Carlsen, M.	2877	2013	2020	2026-07-29
B.Sic.Acc.Nc3.Bg7	11035	3629	4655	2751	4708837	Carlsen, M.	2877	2013	2025	2026-07-29
B.Sic.Acc.Nc3.Bg7.Be3	9520	3103	4126	2291	4382296	Carlsen, M.	2877	2013	2025	2026-07-29
B.Sic.Acc.Nc3.Bg7.Be3.Nf6	9395	3009	4080	2306	3553782	Carlsen, M.	2877	2013	2025	2026-07-29
B.Sic.Acc.Be3	258	68	91	99	801198	Caruana, F.	2795	1988	2025	2026-07-29
B.Sic.Acc.Be3.Bg7	151	37	54	60	1053690	Caruana, F.	2795	1988	2025	2026-07-29
B.Sic.Acc.Be3.Bg7.Be2	22	7	8	7	74375	Ohtake, Sakae	2558	1974	2008	2026-07-29
B.Sic.Sve.Ndb5	27552	6776	15992	4784	2154893	Carlsen, M.	2835	2018	2018	2026-07-29
B.Sic.Sve.Ndb5.d6	27450	6705	15986	4759	2011796	Carlsen, M.	2835	2018	2018	2026-07-29
B.Sic.Sve.Ndb5.d6.Bg5	26184	6547	14968	4669	1485181	Carlsen, M.	2882	2015	2021	2026-07-29
B.Sic.Sve.Ndb5.d6.Bg5.a6	26126	6505	14959	4662	1353171	Carlsen, M.	2882	2015	2021	2026-07-29
B.Sic.Sve.Nxc6	59	12	23	24	338188	Johannessen, Leif Erlend	2543	1995	2008	2026-07-29
B.Sic.Sve.Nf3	60	13	20	27	410951	Ikonnikov, Vyacheslav	2578	1999	2009	2026-07-29
B.Sic.Sve.Nb3	200	27	117	56	725330	Ivanchuk, V.	2726	2004	2025	2026-07-29
B.Sic.SmM.e5	26	3	11	12	408748	Svane, Frederik	2600	2007	2023	2026-07-29
B.Sic.SmM.d3	352	100	117	135	1323537	Naiditsch, Arkadij	2704	2007	2019	2026-07-29
B.Sic.SmM.d5	141	54	49	38	670955	Jobava, Ba	2672	2003	2024	2026-07-29
B.Sic.SmM.Qa5	13	2	2	9	19733	Kuzubov, Y.	2606	2008	2024	2026-07-29
B.Sic.SmM.Acc.Cls	241	32	115	94	265614	Le Quang, Liem	2698	2012	2016	2026-07-29
B.Sic.SmM.Acc.Fia	32	10	10	12	388648	Carlsen, M.	2839	1976	2025	2026-07-29
B.Sic.SmM.Acc.Pau	433	88	177	168	757170	Kamsky, Gata	2705	1996	2014	2026-07-29
B.Sic.SmM.Acc.Sib	92	33	19	40	98823	Radulski, Julian	2580	2006	2009	2026-07-29
B.Sic.SmM.Acc.Mor	15	5	2	8	72450	Sergienko, Sergey	2430	1989	1995	2026-07-29
B.Sic.SmM.Acc.Pin	86	10	47	29	426067	Kryvoruchko, Y.	2656	1980	2023	2026-07-29
B.Sic.Dra.Be3.Bg7.f3.Nc6	5269	2152	2003	1114	736615	Carlsen, M.	2881	2008	2014	2026-07-29
B.Sic.Dra.Be3.Bg7.f3.O-O	7712	3177	2984	1551	1397763	Carlsen, Magnus	2826	2010	2018	2026-07-29
B.Sic.Dra.Yug.Nc6	11717	4758	4678	2281	1634692	Carlsen, M.	2881	2010	2015	2026-07-29
B.Sic.Dra.Yug.Nc6.Bc4	5973	2471	2126	1376	857977	Carlsen, M.	2881	2008	2014	2026-07-29
A.Hor.Fch.MLn.Bg5	7914	2562	3977	1375	6221230	Carlsen, M.	2830	2016	2023	2026-07-29
A.Hor.Fch.MLn.Bg5.c5	158	54	59	45	145004	Le Quang Liem	2737	2012	2020	2026-07-29
A.Hor.Fch.MLn.Bg5.c5.cxd5	122	45	46	31	46461	Naiditsch, A.	2684	1977	2016	2026-07-29
A.Hor.Fch.MLn.Bg5.Nbd7	1360	493	589	278	595534	Mamedyarov, S.	2762	2008	2016	2026-07-29
A.Hor.Fch.MLn.Bg5.Nbd7.e3	940	350	409	181	320560	Aronian, L.	2812	2014	2016	2026-07-29
A.Hor.Fch.MLn.Bg5.Be7	5245	1590	2823	832	4002684	Carlsen, M.	2830	2016	2023	2026-07-29
A.Hor.Fch.MLn.Bg5.Be7.Nf3	15030	4413	8315	2302	3088439	Carlsen, M.	2877	2001	2015	2026-07-29
A.Hor.Fch.MLn.Bg5.Be7.Bxf6	4	1	2	1	202764	Emelyanov, Mikhail Nikolaevich	2532	1993	2020	2026-07-29
A.Hor.Fch.MLn.Bf4	184	69	87	28	1173331	Carlsen, M..	2847	2013	2021	2026-07-29
A.Hor.Fch.MLn.cxd5	18404	6564	8777	3063	4283728	Carlsen, M.	2855	2016	2017	2026-07-29
A.Kan.MLn.e3.c5	6801	2207	2854	1740	294823	Carlsen, M.	2859	2022	2024	2026-07-29
A.Kan.MLn.e3.c5.Bd3	3392	1046	1456	890	84352	Carlsen, M.	2856	2021	2023	2026-07-29
A.Kan.MLn.e3.c5.Bd3.Nc6	2049	625	843	581	25389	Karpov, Anatoly	2770	1996	2021	2026-07-29
A.Kan.MLn.e3.c5.Ne2	2696	957	1123	616	88943	Carlsen, M.	2859	2011	2024	2026-07-29
A.Kan.MLn.e3.O-O	22646	6220	10878	5548	650495	Carlsen, M.	2864	2013	2022	2026-07-29
A.Kan.MLn.e3.O-O.a3	579	217	195	167	24194	Nepomniachtchi, I.	2795	2022	2024	2026-07-29
A.Kan.MLn.e3.O-O.Nf3	1078	273	543	262	176871	Carlsen, M.	2864	2015	2022	2026-07-29
A.Kan.MLn.e3.O-O.Nf3.d5	2442	644	1249	549	413432	Carlsen, Magnus	2863	2008	2021	2026-07-29
A.Kan.MLn.e3.O-O.Ne2	5080	1337	2180	1563	172350	Carlsen, Magnus	2864	2013	2020	2026-07-29
A.Kan.MLn.e3.Ne4	75	33	29	13	56231	Aleksandrov, Aleksej	2653	2006	2019	2026-07-29
A.Kan.MLn.e3.Ne4.Qc2	61	28	24	9	31089	Aleksandrov, Aleksej	2653	2006	2019	2026-07-29
A.Ret.Eng.Be7	9696	3497	4373	1826	546611	Carlsen, M.	2872	2013	2019	2026-07-29
A.Ret.Eng.Be7.O-O	9835	3572	4382	1881	584389	Carlsen, M.	2830	2016	2023	2026-07-29
A.Ret.Eng.Be7.O-O.O-O	9738	3521	4358	1859	548787	Carlsen, M.	2830	2016	2023	2026-07-29
A.Ret.Eng.Be7.O-O.O-O.b3	5577	2023	2374	1180	279715	So, W.	2815	2016	2019	2026-07-29
A.Ret.Eng.Be7.b3	1432	506	598	328	48735	Caruana, F.	2807	2015	2025	2026-07-29
A.Ret.Eng.Be7.b3.b6	29	10	13	6	1249	Efimenko, Zahar	2683	1984	2010	2026-07-29
A.Ret.Eng.Be7.b3.c5	127	46	52	29	3232	Caruana, F.	2807	2010	2025	2026-07-29
A.Ret.Eng.dxc4	5378	1665	2581	1132	180456	Carlsen, M.	2882	2014	2021	2026-07-29
A.Ret.Eng.c6	982	451	341	190	541948	Radjabov, Teimour	2784	1994	2024	2026-07-29
A.Ret.Eng.c5	1142	509	462	171	197112	Aronian, L.	2797	2009	2023	2026-07-29
A.Ret.Eng.c5.b3	439	145	169	125	14121	Caruana, F.	2807	2009	2017	2026-07-29
A.Ret.Eng.c5.b3.Nc6	414	131	166	117	13101	Kramnik, Vladimir	2772	2009	2011	2026-07-29
A.Ret.Eng.Bd6	185	80	72	33	42836	Aronian, L.	2747	2023	2025	2026-07-29
A.Ret.Ang.g3	2597	975	1068	554	505613	Aronian, Levon	2801	2010	2016	2026-07-29
A.Ret.Ang.g3.Nf6	3547	1245	1458	844	444579	Radjabov, Teimour	2793	2012	2020	2026-07-29
A.Ret.Ang.g3.Nf6.Bg2	5292	1948	2203	1141	684492	Carlsen, Magnus	2863	2016	2020	2026-07-29
A.Ret.Ang.g3.Nf6.Bg2.dxc4	2050	627	920	503	117907	So, W.	2822	2015	2019	2026-07-29
A.Ret.Ang.g3.Nf6.Bg2.Bf5	1376	591	530	255	229442	Carlsen, Magnus	2863	2012	2024	2026-07-29
A.Ret.Ang.g3.Nf6.b3	863	224	360	279	60439	Morozevich, Alexander	2741	2002	2018	2026-07-29
A.Ret.Ang.b3	1519	445	622	452	258831	Vitiugov, N.	2726	2013	2018	2026-07-29
A.Ret.Ang.b3.Bg4	532	134	229	169	16544	Vitiugov, N.	2726	2013	2018	2026-07-29
A.Ret.Ang.b3.Bf5	239	71	84	84	26041	Van Wely, L.	2656	2007	2020	2026-07-29
A.Ret.Ang.b3.Bf5.Bb2	212	63	78	71	23319	Mamedyarov, S.	2759	2015	2019	2026-07-29
A.Eng.Rev.Nc3.Nf6.g3.d5	2082	605	972	505	523369	Caruana, Fabiano	2835	2015	2020	2026-07-29
A.Eng.Rev.Nc3.Nf6.g3.Bb4	3175	666	1690	819	404084	Carlsen, Magnus	2863	2018	2020	2026-07-29
A.Eng.Rev.Nc3.Nf6.g3.c6	660	203	270	187	439243	Nakamura, Hikaru	2778	2012	2013	2026-07-29
A.Eng.Rev.Nc3.Nf6.g3.Bc5	145	54	56	35	434081	Aronian, L.	2723	2012	2023	2026-07-29
A.Eng.Rev.Nc3.Nf6.g3.g6	128	40	38	50	59291	Wojtaszek, Radoslaw	2683	1993	2013	2026-07-29
A.Eng.Rev.Nc3.Nf6.g3.Nc6	942	361	366	215	631483	Ivanchuk, Vassily	2769	2010	2019	2026-07-29
A.Eng.Rev.Nc3.Nc6.g3.g6	2558	870	1065	623	122134	Ding Liren	2811	2016	2019	2026-07-29
A.Eng.Rev.Nc3.Nc6.g3.d6	489	210	152	127	177836	Vallejo Pons, F.	2716	2011	2022	2026-07-29
A.Bir.Fro.Nc3	1	0	0	1	17484	Lazic, Miroljub	2459	2011	2011	2026-07-29
A.Bir.Fro.fxe5	326	134	105	87	1617616	Ganguly, S.	2658	1998	2019	2026-07-29
A.Bir.Fro.fxe5.d6	299	124	95	80	1273432	Ganguly, S.	2658	1998	2019	2026-07-29
A.Bir.Fro.fxe5.d6.exd6	225	91	79	55	791315	Ganguly, S.	2658	1998	2019	2026-07-29
A.Bir.Fro.fxe5.d6.exd6.Bxd6	223	90	78	55	765278	Ganguly, S.	2658	1998	2019	2026-07-29
A.Bir.Fro.fxe5.f6	2	1	1	0	25537	Kruse, Herbert	2436	2011	2011	2026-07-29
A.Bir.Fro.fxe5.Ne7	0	0	0	0	1428					2026-07-29
A.Bir.Fro.fxe5.Nc6	24	9	8	7	190908	Karlsson, Lars	2538	2004	2012	2026-07-29
A.Bir.Fro.d4	0	0	0	0	40070					2026-07-29
A.Bir.Fro.d4.exd4	0	0	0	0	18127					2026-07-29
A.QPO.Nf6.f4	28	5	8	15	817348	Georgiev, Vladimir	2581	1989	2017	2026-07-29
A.QPO.Nf6.Bf4	8279	2365	3458	2456	17019541	Carlsen, Magnus	2863	2017	2020	2026-07-29
A.QPO.Nf6.Nd2	128	30	62	36	275874	Nabaty, T.	2670	2000	2018	2026-07-29
A.QPO.Nf6.Nd2.e5	1	1	0	0	5296	Drazic, S.	2421	2014	2014	2026-07-29
A.QPO.Nf6.e4	10	2	4	4	463770	Kravtsiv, M.	2654	1988	2025	2026-07-29
A.QPO.Nf6.e4.Nxe4	4	1	3	0	291888	Gonzaga Grego, Luís	2368	1995	2020	2026-07-29
A.QPO.Nf6.d5	5	1	2	2	176036	Megaranto, S..	2550	1995	2021	2026-07-29
A.QPO.Nf6.g3	3650	1314	1407	929	980042	Caruana, F.	2819	2018	2025	2026-07-29
C.RyL.Ber.O-O.Bc5	1213	438	500	275	1110207	Topalov, Veselin	2812	2009	2016	2026-07-29
C.RyL.Ber.O-O.Bc5.c3	745	271	310	164	553036	Topalov, Veselin	2812	2000	2010	2026-07-29
C.RyL.Ber.O-O.Bc5.c3.O-O	698	251	289	158	256636	Topalov, Veselin	2812	2000	2010	2026-07-29
C.RyL.Ber.O-O.Ng4	8	7	1	0	21328	Heß, Jürgen	2389	2012	2013	2026-07-29
C.RyL.Ber.O-O.d6	427	160	194	73	1095214	Anand, Viswanathan	2782	2004	2021	2026-07-29
C.RyL.Ber.O-O.d6.d4	302	106	147	49	280789	Anand, Viswanathan	2782	2004	2021	2026-07-29
C.RyL.Ber.O-O.d6.d4.Bd7	300	111	134	55	83695	Anand, Viswanathan	2782	2004	2009	2026-07-29
C.RyL.Ber.O-O.d6.d4.Nd7	2	2	0	0	313	Gillani, Tunveer MD	2405	1994	2008	2026-07-29
C.RyL.Ber.O-O.d6.Bxc6	8	4	4	0	17171	Dubov, Daniil	2714	2003	2021	2026-07-29
C.RyL.Ber.O-O.d6.Bxc6.bxc6	11	5	6	0	90588	Dubov, Daniil	2714	1999	2021	2026-07-29
C.RyL.Cls.c3	27284	8853	13611	4820	647113	Carlsen, Magnus	2868	2010	2013	2026-07-29
C.RyL.Cls.c3.O-O	31286	9840	16149	5297	668781	Carlsen, Magnus	2868	2010	2021	2026-07-29
C.RyL.Cls.c3.O-O.h3	28549	8894	15051	4604	693923	Carlsen, Magnus	2868	2010	2021	2026-07-29
C.RyL.Cls.c3.O-O.h3.Bb7	6894	1886	4068	940	108077	Carlsen, M.	2881	1998	2014	2026-07-29
C.RyL.Cls.c3.O-O.h3.Be6	355	115	186	54	51583	Caruana, F.	2795	1999	2025	2026-07-29
C.RyL.Cls.c3.O-O.h3.Re8	1418	356	866	196	20324	Vachier Lagrave, Maxime	2819	2015	2019	2026-07-29
C.RyL.Cls.c3.Na5	344	134	143	67	103287	Jakovenko, Dmitrij	2737	2008	2019	2026-07-29
C.RyL.Cls.c3.Na5.Bc2	342	134	142	66	99766	Jakovenko, Dmitrij	2737	2008	2019	2026-07-29
C.RyL.Cls.c3.Na5.Bc2.c5	334	131	138	65	94094	Jakovenko, Dmitrij	2737	2008	2019	2026-07-29
C.RyL.Cls.d4	14	1	8	5	29986	Karpov, Anatoly	2735	1998	2018	2026-07-29
C.RyL.Exc.dxc6	10055	2634	5341	2080	2837925	Carlsen, Magnus	2862	2012	2024	2026-07-29
C.RyL.Exc.dxc6.Nc3	1006	282	508	216	211409	Caruana, F.	2804	2007	2024	2026-07-29
C.RyL.Exc.dxc6.Nc3.f6	604	146	332	126	53589	Caruana, F.	2804	2017	2025	2026-07-29
C.RyL.Exc.dxc6.Nc3.f6.d3	20	6	6	8	14093	Adhiban, Baskaran	2676	1993	2019	2026-07-29
C.RyL.Exc.bxc6	82	40	21	21	123827	Larsen, Bent	2625	1972	2015	2026-07-29
C.RyL.Exc.dxc6.O-O	8319	2242	4374	1703	1395208	Carlsen, Magnus	2862	2012	2024	2026-07-29
C.RyL.Exc.dxc6.O-O.Bg4	1774	482	1008	284	514025	Anand, Viswanathan	2801	2007	2014	2026-07-29
C.RyL.Exc.dxc6.O-O.Bg4.h3	1696	472	957	267	372743	Anand, Viswanathan	2801	2007	2014	2026-07-29
C.RyL.Exc.dxc6.O-O.Qd6	1428	401	646	381	39063	Anand, Viswanathan	2803	2006	2010	2026-07-29
C.RyL.Exc.dxc6.O-O.f6	3036	869	1656	511	271994	Carlsen, Magnus	2862	2008	2018	2026-07-29
C.RyL.Exc.dxc6.O-O.Bd6	678	160	340	178	431291	Carlsen, M.	2851	2006	2016	2026-07-29
C.RyL.Exc.dxc6.d4	558	76	372	110	391167	Karpov, Anatoly	2715	1986	2019	2026-07-29
C.RyL.Exc.dxc6.d4.exd4	556	74	372	110	350762	Karpov, Anatoly	2715	1986	2019	2026-07-29
C.RyL.Exc.dxc6.d4.exd4.Qxd4	551	73	370	108	322118	Karpov, Anatoly	2715	1986	2019	2026-07-29
C.RyL.Mor.Ba4.d6.Nc3	34	15	11	8	27304	Predke, A.	2685	1997	2023	2026-07-29
C.RyL.Mor.Ba4.d6.c4	280	96	112	72	8314	Carlsen, M.	2839	2001	2025	2026-07-29
C.RyL.Mor.Ba4.d6.O-O	2628	1014	1005	609	365442	Carlsen, M.	2872	2017	2025	2026-07-29
C.RyL.Mor.Ba4.d6.O-O.Bd7	1836	690	709	437	93764	Carlsen, M.	2872	2017	2025	2026-07-29
C.RyL.Mor.Ba4.d6.c3	2244	796	916	532	272104	Carlsen, Magnus	2837	2008	2019	2026-07-29
C.RyL.Mor.Ba4.d6.c3.Bd7	1386	505	544	337	69193	Carlsen, Magnus	2837	2007	2017	2026-07-29
C.RyL.Mor.Ba4.d6.Bxc6	847	307	303	237	21687	Kasparov, Garry	2805	1993	2017	2026-07-29
C.RyL.Mor.Ba4.d6.Bxc6.bxc6	847	307	303	237	21682	Kasparov, Garry	2805	1993	2017	2026-07-29
C.RyL.Mor.Ba4.Nf6.O-O.g6	0	0	0	0	1558					2026-07-29
C.RyL.Mor.Ba4.Nf6.O-O.d5	1	1	0	0	2848	Boreika, Vytautas	2273	2020	2020	2026-07-29
C.RyL.Mor.Ba4.Nf6.O-O.b5	11756	3783	5690	2283	1637513	Carlsen, Magnus	2863	2015	2021	2026-07-29
C.RyL.Mor.Ba4.Nf6.O-O.d6	1296	448	510	338	358334	Carlsen, M..	2847	2021	2025	2026-07-29
C.KGm.Dec.Fal.exd5	833	306	279	248	2752403	Carlsen, Magnus	2813	2010	2022	2026-07-29
C.KGm.Dec.Fal.Nf3	23	4	11	8	773366	Vocaturo, D.	2620	2004	2024	2026-07-29
C.KGm.Dec.Fal.d4	4	0	2	2	116119	Banusz, Tamas	2588	1983	2016	2026-07-29
C.KGm.Dec.Fal.Nc3	3	0	2	1	205599	Mastrovasilis, Dimitrios	2583	1993	2025	2026-07-29
C.KGm.Dec.Fal.exd5.Bc5	9	2	3	4	16271	Renet, Olivier	2505	1982	2016	2026-07-29
C.KGm.Dec.Fal.exd5.exf4	438	141	159	138	930096	Carlsen, Magnus	2813	2010	2022	2026-07-29
C.KGm.Dec.Fal.exd5.c6	193	74	62	57	165559	Zvjaginsev, V.	2629	1987	2019	2026-07-29
C.KGm.Dec.Fal.exd5.c6.dxc6	17	4	4	9	91707	Chernyshov, Konstantin	2585	1982	2004	2026-07-29
C.KGm.Dec.Fal.Nc3.dxe4	1	0	0	1	52501	Svatos, Jan	2320	1993	1993	2026-07-29
C.KGm.Dec.Fal.Nc3.dxe4.Nxe4	1	0	0	1	50357	Svatos, Jan	2320	1993	1993	2026-07-29
B.Fre.Mac.MLn.exf6	162	30	86	46	116416	Timman, Jan H	2655	1982	2023	2026-07-29
B.Fre.Mac.MLn.exf6.hxg5	162	30	86	46	114780	Timman, Jan H	2655	1982	2023	2026-07-29
B.Fre.Mac.MLn.exf6.hxg5.fxg7	162	30	86	46	114499	Timman, Jan H	2655	1982	2023	2026-07-29
B.Fre.Mac.MLn.Bc1	361	136	157	68	17736	Topalov, Veselin	2752	2010	2016	2026-07-29
B.Fre.Mac.MLn.Bd2	2257	690	1002	565	168556	Anand, Viswanathan	2817	2007	2011	2026-07-29
B.Fre.Mac.MLn.Bd2.Bxc3	2232	679	994	559	147531	Anand, Viswanathan	2817	2007	2011	2026-07-29
B.Fre.Mac.MLn.Bd2.Nfd7	21	10	7	4	19086	Bezgodov, Alexei	2520	1972	2004	2026-07-29
B.Fre.Mac.MLn.Be3	641	244	263	134	29151	Kasparov, Garry	2851	2000	2011	2026-07-29
D.Sla.Nc3.Nf6.e3.e6	11163	3723	5124	2316	1613303	Carlsen, M.	2882	2019	2022	2026-07-29
D.Alb.Nrm.Nbd2	156	68	56	32	151908	Grischuk, A.	2766	2005	2018	2026-07-29
D.Alb.Nrm.Nbd2.Qe7	8	6	2	0	1813	Grandelius, N.	2643	2008	2016	2026-07-29
D.Alb.Nrm.Nbd2.f6	2	1	0	1	5271	Liascovich, Lucas Agustin	2447	2013	2013	2026-07-29
D.Alb.Nrm.Nbd2.Bg4	32	17	8	7	55581	Grischuk, A.	2766	1982	2018	2026-07-29
D.Alb.Nrm.Nbd2.Bg4.h3	15	9	4	2	19370	Illescas Cordoba, Miguel	2607	2005	2012	2026-07-29
D.Alb.Nrm.Nbd2.Bg4.h3.Bxf3	10	6	3	1	8665	Illescas Cordoba, Miguel	2607	2005	2012	2026-07-29
D.Alb.Nrm.g3	612	282	173	157	319906	Morozevich, Alexander	2770	2004	2012	2026-07-29
D.Alb.Nrm.g3.Be6	141	77	27	37	54135	Tiviakov, Sergei	2618	1975	2010	2026-07-29
D.Alb.Nrm.g3.Bf5	18	9	5	4	21348	Turov, Maxim	2582	2001	2009	2026-07-29
D.Alb.Nrm.g3.Bg4	94	52	15	27	122550	Gurevich, Mikhail	2667	1981	2004	2026-07-29
E.QID.Pet.KPe.d5	7712	2275	3960	1477	117724	Kasparov, Garry	2838	2001	2004	2026-07-29
E.QID.Pet.KPe.d5.cxd5	5303	1586	2721	996	51402	Kasparov, Garry	2838	2001	2004	2026-07-29
E.QID.Pet.KPe.d5.cxd5.exd5	1204	429	562	213	22046	Kasparov, Garry	2838	2000	2016	2026-07-29
E.QID.Pet.KPe.d5.cxd5.Nxd5	4142	1169	2180	793	32729	Carlsen, M.	2881	2001	2014	2026-07-29
D.Sem.e3	37147	9957	20372	6818	3085913	Carlsen, M.	2882	2019	2022	2026-07-29
D.Sem.e3.a6	2528	718	1266	544	127223	Carlsen, M.	2832	2013	2024	2026-07-29
D.Sem.e3.Nbd7	34552	9064	19140	6348	1152783	Carlsen, M.	2882	2019	2022	2026-07-29
D.Sem.e3.Nbd7.Bd3	11345	3290	5710	2345	525765	Kasparov, Garry	2815	1998	2013	2026-07-29
D.Sem.e3.Nbd7.Bd3.Be7	318	131	144	43	143099	Bareev, Evgeny	2734	1993	2019	2026-07-29
D.Sem.e3.Nbd7.Bd3.Bd6	1355	600	555	200	253501	Anand, Viswanathan	2762	1997	2008	2026-07-29
D.Sem.e3.Nbd7.Bd3.Bd6.Qc2	9624	1773	6837	1014	64091	Carlsen, M.	2882	1998	2022	2026-07-29
D.Sem.e3.Nbd7.Bd3.Bb4	137	45	72	20	52405	Kasparov, Garry	2740	1973	1987	2026-07-29
D.Sem.e3.Nbd7.Bd3.dxc4	9709	2626	4993	2090	282182	Kasparov, Garry	2815	1998	2013	2026-07-29
D.Sem.e3.Nbd7.Bd3.dxc4.Bxc4	9795	2645	5034	2116	318950	Kasparov, Garry	2815	1998	2013	2026-07-29
D.Sem.e3.Nbd7.b3	489	146	223	120	68540	Karjakin, Sergey	2762	2008	2022	2026-07-29
D.Sem.e3.Nbd7.b3.Bd6	217	76	88	53	42458	Radjabov, Teimour	2751	2008	2023	2026-07-29
D.Sem.e3.Nbd7.b3.Bd6.Bb2	290	110	115	65	33690	Karjakin, Sergey	2785	2008	2023	2026-07-29
D.Sem.e3.Nbd7.Ne5	49	13	26	10	7588	Anand, Viswanathan	2801	2007	2018	2026-07-29
D.Sem.e3.Ne4	84	36	33	15	31762	Morozevich, Alexander	2747	2006	2024	2026-07-29
D.Sem.e3.Ne4.Bd3	51	25	23	3	12734	Morozevich, Alexander	2747	2006	2023	2026-07-29
D.Sem.e3.Ne4.Bd3.f5	48	23	22	3	17279	Morozevich, Alexander	2747	2006	2023	2026-07-29
D.Sem.e3.Bd6	624	271	242	111	735723	Areshchenko, Alexander	2670	1993	2018	2026-07-29
D.Sem.e3.Bd6.Bd3	416	178	174	64	356791	Areshchenko, Alexander	2670	1992	2006	2026-07-29
D.Sem.e3.Bd6.Bd3.dxc4	65	7	42	16	28979	Areshchenko, Alexander	2670	2006	2024	2026-07-29
D.Sem.e3.Bd6.Bd3.dxc4.Bxc4	67	8	42	17	33172	Yu Yangyi	2760	2006	2024	2026-07-29
A.KIA.Bg2	25900	9124	11622	5154	2743059	Carlsen, M.	2872	2013	2022	2026-07-29
A.KIA.Bg2.c6	11816	3843	5485	2488	1309377	Carlsen, M.	2872	2013	2016	2026-07-29
A.KIA.Bg2.c6.O-O	8465	2703	4036	1726	961831	Carlsen, M.	2872	2013	2016	2026-07-29
A.KIA.Bg2.c6.O-O.Bf5	3045	1093	1284	668	401825	Carlsen, M.	2872	2014	2018	2026-07-29
A.KIA.Bg2.c6.O-O.Bf5.d3	2262	812	951	499	303205	Carlsen, M.	2872	2008	2017	2026-07-29
A.KIA.Bg2.c6.O-O.Bg4	5508	1642	2781	1085	304761	Carlsen, Magnus	2864	2013	2017	2026-07-29
A.KIA.Bg2.e6	8103	3351	3239	1513	1610295	Carlsen, Magnus	2863	2016	2020	2026-07-29
C.KPO.Kgt.Qe7	301	135	93	73	333880	Adams, Michael	2731	2003	2017	2026-07-29
C.KPO.Kgt.Qe7.Bc4	118	55	42	21	179578	Vachier Lagrave, Maxime	2716	2003	2008	2026-07-29
C.KPO.Kgt.Qe7.Bc4.f5	0	0	0	0	643					2026-07-29
C.KPO.Kgt.Bc5	5	4	1	0	2469349	Sengupta, D.	2565	1998	2020	2026-07-29
C.KPO.Kgt.Bc5.Nxe5	3	3	0	0	381040	Tikhiy, Sergey	2427	2000	2020	2026-07-29
C.KPO.Kgt.Bc5.Nxe5.Nc6	0	0	0	0	49373					2026-07-29
C.KPO.Kgt.c6	8	3	4	1	297383	Golubovic, Boris	2450	1995	2011	2026-07-29
C.KPO.Kgt.Qf6	0	0	0	0	1244950					2026-07-29
C.KPO.Kgt.Qf6.Bc4	0	0	0	0	563657					2026-07-29
C.KPO.Kgt.Qf6.Bc4.Qg6	0	0	0	0	2615					2026-07-29
C.KPO.Kgt.Qf6.Bc4.Qg6.O-O	0	0	0	0	1494					2026-07-29
C.LtO.Gre.d4	152	117	20	15	290116	Sokolov, Ivan	2630	1988	1999	2026-07-29
C.LtO.Gre.d4.d6	151	116	20	15	267668	Sokolov, Ivan	2630	1988	1999	2026-07-29
C.LtO.Gre.d4.d6.Nc4	147	113	20	14	194950	Sokolov, Ivan	2630	1988	1999	2026-07-29
C.LtO.Gre.d4.d6.Nc4.fxe4	146	112	20	14	191007	Sokolov, Ivan	2630	1988	1999	2026-07-29
C.LtO.Gre.Nc4	41	25	10	6	31744	Ruggeri Laderchi, Giorgio	2488	1997	2025	2026-07-29
C.LtO.Gre.Nc4.fxe4	40	25	10	5	29374	Ruggeri Laderchi, Giorgio	2488	1997	2025	2026-07-29
C.LtO.Gre.Nc4.fxe4.d3	1	1	0	0	2837	Pacuszka, Tomasz	2260	2000	2000	2026-07-29
C.LtO.Gre.Nc4.fxe4.Nc3	37	23	9	5	15411	Ruggeri Laderchi, Giorgio	2488	1997	2025	2026-07-29
C.Sco.Gbt.Bb4	130	9	101	20	533175	Vidit, S.	2719	2018	2025	2026-07-29
C.Sco.Gbt.Bb4.c3	127	9	101	17	497213	Vidit, S.	2719	2018	2025	2026-07-29
C.Sco.Gbt.Bb4.c3.dxc3	130	10	102	18	564959	Vidit, S.	2719	2018	2025	2026-07-29
C.Sco.Gbt.Bb4.c3.dxc3.O-O	78	7	61	10	208674	Vidit, S.	2719	2018	2025	2026-07-29
C.Sco.Gbt.Bb4.c3.dxc3.bxc3	46	2	36	8	298839	Zilka, S.	2594	2022	2025	2026-07-29
C.Sco.Gbt.Bc5	676	162	277	237	2004599	Kramnik, V.	2808	2012	2018	2026-07-29
C.Sco.Gbt.Bc5.Ng5	103	30	44	29	370991	Kramnik, V.	2792	2018	2022	2026-07-29
C.Sco.Gbt.Bc5.Ng5.Nh6	101	28	44	29	268983	Kramnik, V.	2792	2018	2022	2026-07-29
C.Sco.Gbt.Bc5.Ng5.Nh6.Qh5	1	0	1	0	50473	Toth, Janos	2270	1998	1998	2026-07-29
C.Sco.Gbt.Bc5.Ng5.Nh6.Nxf7	93	25	42	26	161158	Kramnik, V.	2792	2018	2022	2026-07-29
D.Sla.Not.a4	1673	478	662	533	376719	Caruana, Fabiano	2781	1992	2023	2026-07-29
D.Sla.Not.a4.Bb4	1640	469	643	528	313228	Caruana, Fabiano	2781	1992	2023	2026-07-29
D.Sla.Not.a4.Bb4.e3	1200	343	489	368	120426	Andreikin, D.	2737	2011	2023	2026-07-29
D.Sla.Not.g3	177	69	51	57	31743	Ivanchuk, Vassily	2766	1999	2012	2026-07-29
D.Sla.Not.Bg5	187	74	86	27	37267	Ivanchuk, Vassily	2709	1995	2008	2026-07-29
D.Sla.Not.Bg5.f6	57	33	17	7	9432	Miton, Kamil	2655	1987	2010	2026-07-29
D.QGD.Cmb.Nd2	1580	466	848	266	117361	Carlsen, M.	2872	2017	2020	2026-07-29
D.QGD.Cmb.Nd2.Bb4	1042	314	554	174	77967	Carlsen, M.	2872	1998	2019	2026-07-29
D.QGD.Cmb.Nd2.Bb4.Qc2	948	278	515	155	80252	Kasparov, Garry	2825	1998	2021	2026-07-29
D.QGD.Cmb.Nd2.Bb4.Qc2.O-O	675	176	395	104	23318	Kasparov, Garry	2825	1998	2015	2026-07-29
D.QGD.Cmb.Nd2.dxc4	502	135	279	88	31232	Carlsen, Magnus	2863	2017	2020	2026-07-29
D.QGD.Cmb.cxd5	1250	456	608	186	66013	Carlsen, M.	2881	2011	2024	2026-07-29
D.QGD.Cmb.cxd5.Nxd5	1044	359	519	166	36676	Carlsen, M.	2881	2011	2024	2026-07-29
D.QGD.Cmb.cxd5.exd5	331	140	144	47	48361	Carlsen, M.	2832	2015	2025	2026-07-29
A.Bir.Nf6	999	275	374	350	1357271	Mamedyarov, S.	2801	2010	2018	2026-07-29
A.Bir.Nf6.Nf3	901	244	345	312	998958	Mamedyarov, S.	2801	2002	2018	2026-07-29
A.Bir.Nf6.Nf3.g6	542	134	206	202	343745	Mamedyarov, S.	2801	1971	2018	2026-07-29
A.Bir.Nf6.Nf3.g6.b4	11	2	5	4	952	Gleizerov, Evgeny	2562	1992	2006	2026-07-29
A.Bir.f5	44	12	19	13	475335	Vachier Lagrave, M.	2779	2014	2019	2026-07-29
A.Bir.f5.d4	5	1	2	2	150004	Potapov, Pavel	2473	1992	2012	2026-07-29
A.Bir.f5.d4.d5	0	0	0	0	66788					2026-07-29
A.Bir.f5.e4	11	3	5	3	60753	Vachier Lagrave, M.	2774	2000	2022	2026-07-29
A.Bir.f5.e4.fxe4	11	3	5	3	39383	Vachier Lagrave, M.	2774	2000	2022	2026-07-29
A.Bir.f5.e4.fxe4.Nc3	0	0	0	0	3980					2026-07-29
A.Bir.f5.e4.fxe4.Nc3.Nf6	0	0	0	0	3530					2026-07-29
A.Bir.h6	2	0	2	0	19600	Arnold, G. Robert	2268	1996	2011	2026-07-29
A.Bir.h6.Nf3	1	0	1	0	12540	Metello, Marcello Gomes	2230	1996	1996	2026-07-29
A.Bir.h6.Nf3.g5	1	0	1	0	4180	Metello, Marcello Gomes	2230	1996	1996	2026-07-29
A.Bir.b5	21	10	5	6	24223	Shirov, A.	2658	1998	2019	2026-07-29
A.Kad.c5	3	0	2	1	49697	Soos, Arpad	2405	1986	2015	2026-07-29
A.Kad.c5.b4	2	0	2	0	374	Soos, Arpad	2405	1986	1999	2026-07-29
A.Kad.d5	23	10	6	7	244151	Carlsen, M.	2864	2014	2022	2026-07-29
A.Kad.d5.d4	12	6	3	3	89724	Carlsen, M.	2864	2017	2022	2026-07-29
A.Kad.d5.d4.c5	8	4	2	2	12641	Carlsen, M.	2864	1983	2022	2026-07-29
A.Kad.d5.d4.c5.Nf3	4	4	0	0	3309	Dovzik, Juri	2365	1983	1998	2026-07-29
A.Kad.d5.d4.c5.Nf3.cxd4	4	4	0	0	901	Dovzik, Juri	2365	1983	1998	2026-07-29
A.Kad.d5.d4.c5.e4	0	0	0	0	255					2026-07-29
A.Kad.e5	19	4	8	7	188888	Short, N.	2684	2011	2019	2026-07-29
A.Kad.e5.d4	4	1	2	1	15589	Szalanczy, Emil	2384	1999	2007	2026-07-29
A.Kad.e5.d4.exd4	4	1	2	1	10627	Szalanczy, Emil	2384	1999	2007	2026-07-29
A.Kad.e5.d4.exd4.c3	1	0	0	1	761	Nagyajtai, Gabor	2247	2007	2007	2026-07-29
A.Kad.f5	0	0	0	0	5272					2026-07-29
A.Kad.f5.e4	0	0	0	0	316					2026-07-29
A.Kad.f5.e4.fxe4	0	0	0	0	229					2026-07-29
A.Kad.f5.e4.fxe4.d3	0	0	0	0	97					2026-07-29
A.War.a5	1	1	0	0	15915	Noritsyn, Sergey	2282	2025	2025	2026-07-29
A.War.e5	10	4	5	1	138511	Carlsen, Magnus	2837	2012	2024	2026-07-29
A.War.e5.h4	0	0	0	0	28462					2026-07-29
A.War.e5.Ra3	0	0	0	0	10527					2026-07-29
A.War.b6	0	0	0	0	8548					2026-07-29
A.War.b6.d4	1	1	0	0	9088	Fedoseev, Vladimir2	2565	2013	2013	2026-07-29
A.War.b6.d4.d5	0	0	0	0	86					2026-07-29
A.War.b6.d4.d5.Nc3	0	0	0	0	11					2026-07-29
A.War.b6.d4.d5.Nc3.Nd7	0	0	0	0	0					2026-07-29
A.War.b5	0	0	0	0	1033					2026-07-29
A.War.b5.axb5	0	0	0	0	522					2026-07-29
A.War.b5.axb5.Bb7	0	0	0	0	142					2026-07-29
A.Hng.ReM.Nf3.Nc6	2187	823	895	469	1434161	Carlsen, M.	2861	2017	2025	2026-07-29
A.Hng.ReM.Nf3.Nc6.d4	1286	481	582	223	543641	Carlsen, M.	2861	2017	2025	2026-07-29
A.Hng.ReM.Nf3.Nc6.d4.Nf6	704	243	331	130	295189	Caruana, F..	2820	2016	2021	2026-07-29
A.Hng.ReM.Nf3.Nc6.d4.e6	804	312	361	131	300319	Carlsen, M.	2861	2019	2025	2026-07-29
A.Hng.ReM.Nf3.Nf6	3986	1192	2103	691	695111	Carlsen, M.	2864	2017	2024	2026-07-29
A.Hng.ReM.Nf3.Nf6.O-O	3529	1040	1916	573	506973	Carlsen, M.	2864	2017	2024	2026-07-29
A.Hng.ReM.Nf3.Nf6.O-O.e6	2546	729	1419	398	448172	Carlsen, M.	2864	2020	2022	2026-07-29
A.QPO.g6.Nf3	8394	2802	3131	2461	4196620	Carlsen, M.	2875	1998	2019	2026-07-29
A.QPO.g6.Nf3.Bg7	6804	2303	2444	2057	3870086	Carlsen, M.	2875	2017	2019	2026-07-29
A.QPO.g6.Nf3.Bg7.e3	212	57	73	82	816491	Mamedyarov, S.	2743	2000	2021	2026-07-29
A.QPO.g6.Nf3.Bg7.e3.c5	232	71	88	73	139888	Nepomniachtchi, Ian	2730	2011	2025	2026-07-29
A.QPO.g6.Nf3.Bg7.g3	2749	901	997	851	608319	Carlsen, M.	2853	2013	2022	2026-07-29
A.QPO.g6.Nf3.Bg7.g3.c5	814	190	318	306	82288	So, W.	2771	2006	2022	2026-07-29
A.QPO.g6.Nf3.Bg7.Nc3	67	23	14	30	268753	Malakhov, V.	2698	1996	2016	2026-07-29
A.QPO.g6.Nf3.Bg7.Nc3.d5	14	6	5	3	54393	Timofeev, Arty	2588	2004	2019	2026-07-29
A.QPO.g6.Nf3.Bg7.Bf4	401	115	119	167	1141190	Kramnik, Vladimir	2791	2008	2017	2026-07-29
A.QPO.g6.Nf3.Bg7.Bf4.c5	41	20	10	11	127063	Kramnik, Vladimir	2791	2002	2019	2026-07-29
A.QPO.g6.h4	80	34	19	27	203922	Malakhov, V.	2694	2014	2019	2026-07-29
A.QPO.g6.h4.Nf6	43	15	13	15	28342	Malakhov, V.	2694	1991	2019	2026-07-29
A.QPO.g6.h4.Nf6.h5	7	0	2	5	6819	Matlakov, M.	2686	1995	2016	2026-07-29
B.Sca.MLn.Qd6	5698	2052	2258	1388	2891787	Carlsen, M.	2872	2016	2019	2026-07-29
B.Sca.MLn.Qd6.d4	5102	1862	2026	1214	1208933	Carlsen, M.	2872	2009	2019	2026-07-29
B.Sca.MLn.Qd6.d4.Nf6	4503	1617	1819	1067	754047	Carlsen, M.	2872	2009	2019	2026-07-29
B.Sca.MLn.Qd6.d4.Nf6.Nf3	3672	1333	1507	832	693944	Carlsen, M.	2872	2016	2019	2026-07-29
B.Sca.MLn.Qd6.d4.c6	459	188	161	110	227185	Carlsen, M.	2872	2009	2019	2026-07-29
B.Sca.MLn.Qd8	1437	564	552	321	8338019	Carlsen, M.	2877	2014	2024	2026-07-29
B.Sca.MLn.Qd8.d4	1222	471	487	264	3465495	Carlsen, M.	2877	2014	2024	2026-07-29
B.Sca.MLn.Qd8.d4.Nf6	1023	381	417	225	1760005	Carlsen, M.	2877	2014	2024	2026-07-29
B.Sca.MLn.Qd8.d4.Nf6.Nf3	670	258	270	142	1519228	Carlsen, M.	2877	2014	2024	2026-07-29
B.CaK.Kar.Ng5	2375	875	1018	482	117336	Kasparov, Garry	2825	1995	2009	2026-07-29
B.CaK.Kar.Ng5.Ngf6	2057	745	915	397	87303	Kasparov, Garry	2825	1996	2009	2026-07-29
B.CaK.Kar.Ng5.Ndf6	133	56	43	34	10521	Ivanchuk, Vassily	2740	1988	2000	2026-07-29
B.CaK.Kar.Ng5.Ngf6.Bd3	2165	795	960	410	79067	Kasparov, Garry	2825	1996	2009	2026-07-29
B.CaK.Kar.Ng5.Ngf6.Bd3.e6	2012	738	902	372	61567	Kasparov, Garry	2825	1996	1998	2026-07-29
B.CaK.Kar.Bc4	1629	542	711	376	173538	Kasparov, Garry	2800	1994	2001	2026-07-29
B.CaK.Kar.Bc4.Ngf6	1512	490	673	349	120130	Kasparov, Garry	2800	1994	2001	2026-07-29
B.CaK.Kar.Bc4.Ngf6.Ng5	1339	460	552	327	97276	Kasparov, Garry	2800	1992	2001	2026-07-29
B.CaK.Kar.Bc4.Ngf6.Ng5.e6	1289	443	532	314	92978	Kasparov, Garry	2800	1992	2001	2026-07-29
B.CaK.Kar.Bc4.Ngf6.Nxf6	324	86	178	60	13989	Anand, V.	2791	1995	2015	2026-07-29
B.CaK.Kar.Bc4.Ngf6.Nxf6.Nxf6	341	89	187	65	16092	Anand, V.	2791	1995	2015	2026-07-29
C.Bsh.Ber.f4	2	1	0	1	52427	Cruzado Dueñas, Carlos	2463	2007	2008	2026-07-29
C.Bsh.Ber.d4	447	120	233	94	976885	Carlsen, M.	2875	2015	2021	2026-07-29
C.Bsh.Ber.d4.exd4	430	104	233	93	659922	Carlsen, M.	2875	2015	2021	2026-07-29
C.Bsh.Ber.d4.exd4.c3	0	0	0	0	33365					2026-07-29
C.Bsh.Ber.Ne2	0	0	0	0	14649					2026-07-29
C.Bsh.Ber.Ne2.Nxe4	0	0	0	0	4880					2026-07-29
C.Bsh.Ber.Ne2.Nxe4.Nec3	0	0	0	0	16					2026-07-29
C.Bsh.Ber.f3	0	0	0	0	52043					2026-07-29
C.Bsh.Ber.f3.Bc5	0	0	0	0	17662					2026-07-29
C.Bsh.Ber.f3.Bc5.Ne2	0	0	0	0	8868					2026-07-29
C.Bsh.Ber.f3.Bc5.Ne2.Nc6	0	0	0	0	9293					2026-07-29
C.Pet.Mod.exd4	466	195	221	50	697798	Kasparov, Garry	2800	1990	2019	2026-07-29
C.Pet.Mod.Nxe4	5946	1731	3524	691	956010	Carlsen, M.	2855	2020	2024	2026-07-29
C.Pet.Mod.Nxe4.Bd3	5055	1443	3050	562	297909	Carlsen, M.	2855	2020	2024	2026-07-29
C.Pet.Mod.Nxe4.Bd3.Nc6	490	158	263	69	16217	Caruana, Fabiano	2835	2020	2022	2026-07-29
C.Pet.Mod.Nxe4.Bd3.d5	4562	1282	2787	493	269875	Carlsen, M.	2855	2008	2024	2026-07-29
C.Pet.Mod.Nxe4.Bd3.d5.Nxe5	4117	1111	2577	429	315381	Carlsen, M.	2855	2008	2024	2026-07-29
C.Pet.Mod.d5	22	10	8	4	70433	Tari, A.	2650	1988	2024	2026-07-29
C.Pon.Jae.d3	360	143	118	99	567973	Kasparov, Garry	2825	1998	2018	2026-07-29
C.Pon.Jae.d3.d5	266	99	92	75	173733	Caruana, F.	2822	2015	2020	2026-07-29
C.Pon.Jae.d3.d5.Nbd2	240	86	80	74	53411	Caruana, F.	2822	2015	2020	2026-07-29
C.Pon.Jae.Bc4	6	0	3	3	501364	Anand, Viswanathan	2783	2009	2022	2026-07-29
C.Pon.Jae.d4	738	232	289	217	930554	Carlsen, Magnus	2861	2013	2016	2026-07-29
C.Pon.Jae.d4.Nxe4	421	123	181	117	214309	Anand, V.	2779	2007	2016	2026-07-29
C.Pon.Jae.d4.Nxe4.d5	411	120	176	115	155697	Anand, V.	2779	2007	2016	2026-07-29
C.Pon.Jae.d4.Nxe4.d5.Bc5	47	18	7	22	32150	Nepomniachtchi, I.	2730	2014	2022	2026-07-29
C.Fou.Sco.exd4	5710	1153	3303	1254	2267651	Carlsen, M.	2872	2014	2021	2026-07-29
C.Fou.Sco.exd4.Nxd4	6718	1325	4010	1383	3004397	Carlsen, M.	2872	2014	2021	2026-07-29
C.Fou.Sco.exd4.Nxd4.Nxe4	134	31	63	40	60481	Nakamura, Hi	2810	2013	2025	2026-07-29
C.Fou.Sco.Bb4	570	141	239	190	200985	Mamedyarov, S.	2764	2013	2022	2026-07-29
C.Fou.Sco.Bb4.Nxe5	424	117	196	111	35412	Mamedyarov, S.	2764	2006	2022	2026-07-29
C.Fou.Sco.Bb4.Nxe5.Qe7	162	41	75	46	6634	Mamedyarov, S.	2764	2002	2024	2026-07-29
C.Fou.Sco.Bb4.d5	122	22	36	64	56440	Mamedyarov, Shakhriyar	2753	2001	2022	2026-07-29
C.Fou.Sco.Bb4.d5.Nd4	0	0	0	0	7255					2026-07-29
A.Bar.e5	7	3	1	3	268430	Carlsen, M.	2864	1999	2022	2026-07-29
A.Bar.e5.g4	0	0	0	0	8605					2026-07-29
A.Bar.e5.g4.Qh4	0	0	0	0	0					2026-07-29
A.Bar.e5.Kf2	2	1	0	1	71443	Williams, Simon Kim	2421	1999	2003	2026-07-29
A.Bar.d5	4	0	1	3	351330	Van Wely, Loek	2685	1997	2017	2026-07-29
A.Bar.d5.e4	0	0	0	0	225958					2026-07-29
A.Bar.d5.e4.g6	0	0	0	0	1018					2026-07-29
A.Bar.d5.e4.g6.d4	0	0	0	0	2574					2026-07-29
A.Bar.d5.e4.g6.d4.dxe4	0	0	0	0	2349					2026-07-29
A.Bar.f5	0	0	0	0	15617					2026-07-29
A.Bar.f5.e4	0	0	0	0	15961					2026-07-29
A.Bar.f5.e4.fxe4	0	0	0	0	8515					2026-07-29
A.Bar.f5.e4.fxe4.Nc3	0	0	0	0	1946					2026-07-29
A.Gro.Gbt.c6	45	9	8	28	519458	Nakamura, Hi	2749	1997	2019	2026-07-29
A.Gro.Gbt.c6.c4	3	1	0	2	218024	Kulaots, K.	2574	1991	2015	2026-07-29
A.Gro.Gbt.c6.c4.dxc4	3	1	0	2	59159	Kulaots, K.	2574	1991	2015	2026-07-29
A.Gro.Gbt.c6.c4.dxc4.b3	0	0	0	0	5137					2026-07-29
A.Gro.Gbt.h5	0	0	0	0	9497					2026-07-29
A.Gro.Gbt.h5.gxh5	0	0	0	0	3548					2026-07-29
A.Gro.Gbt.e5	7	3	0	4	513919	Gareev, T.	2591	2002	2022	2026-07-29
A.Gro.Gbt.e5.d4	2	1	0	1	55078	Vlassov, Nikolai	2426	2011	2014	2026-07-29
A.Gro.Gbt.e5.d4.exd4	2	1	0	1	3137	Vlassov, Nikolai	2426	2011	2014	2026-07-29
A.Gro.Gbt.e5.d4.exd4.c3	0	0	0	0	23					2026-07-29
A.Pol.Cen.Bb2	332	80	141	111	1237033	Carlsen, M..	2847	2013	2023	2026-07-29
A.Pol.Cen.Bb2.Nf6	175	41	89	45	507308	Carlsen, M..	2847	2013	2023	2026-07-29
A.Pol.Cen.Bb2.Nf6.Nf3	183	41	101	41	116101	Caruana, F.	2773	2010	2023	2026-07-29
A.Pol.Cen.Bb2.Qd6	48	14	13	21	30287	Dyachkov, Sergej	2545	1997	2010	2026-07-29
A.Pol.Cen.Bb2.c6	21	5	8	8	251409	Hort, Vlastimil	2615	1984	2024	2026-07-29
A.Pol.Cen.Bb2.c6.a4	0	0	0	0	19202					2026-07-29
A.Pol.Cen.Nf3	200	44	110	46	75093	Korneev, Oleg	2577	1998	2012	2026-07-29
A.VtK.e5	132	39	52	41	4142254	Caruana, Fabiano	2835	2012	2022	2026-07-29
A.VtK.e5.Bc4	0	0	0	0	76199					2026-07-29
A.VtK.e5.Bc4.b5	0	0	0	0	27					2026-07-29
A.VtK.e5.Bc4.b5.Bb3	0	0	0	0	10					2026-07-29
A.VtK.e5.Nc3	1	0	1	0	222792	Catt, Peter	2352	2010	2010	2026-07-29
A.VtK.e5.Nc3.Nf6	0	0	0	0	56639					2026-07-29
A.VtK.e5.Nc3.Nf6.f4	0	0	0	0	1249					2026-07-29
A.VtK.e5.Nc3.Nf6.f4.exf4	0	0	0	0	841					2026-07-29
A.VtK.e5.Nc3.Nc6	0	0	0	0	34828					2026-07-29
A.VtK.e5.Nc3.Nc6.f4	0	0	0	0	1242					2026-07-29
A.VtK.e5.Nc3.d5	16	4	11	1	153275	Najer, E.	2663	2007	2015	2026-07-29
A.VtK.e5.Nc3.d5.f4	0	0	0	0	3258					2026-07-29
A.Mod.Nc3	6946	2556	2264	2126	5625960	Carlsen, M.	2837	2007	2018	2026-07-29
A.Mod.Nc3.c5	1642	533	509	600	779987	Carlsen, M.	2837	2016	2025	2026-07-29
A.Mod.Nc3.c5.e3	159	50	55	54	194307	Aronian, L.	2803	2007	2025	2026-07-29
A.Mod.Nc3.c5.d5	1466	503	437	526	562992	Carlsen, M.	2837	2016	2025	2026-07-29
A.Mod.Nc3.c5.d5.Bxc3	664	217	187	260	178267	Rapport, R.	2754	2013	2025	2026-07-29
A.Mod.Nc3.c5.d5.Bxc3.bxc3	664	217	187	260	178224	Rapport, R.	2754	2013	2025	2026-07-29
E.Ben.Old.dxc5	331	109	111	111	2508139	Mamedyarov, Shakhriyar	2717	2002	2009	2026-07-29
E.Ben.Old.dxc5.Na6	76	27	24	25	66339	Mamedyarov, Shakhriyar	2674	1997	2005	2026-07-29
E.Ben.Old.dxc5.b6	0	0	0	0	20468					2026-07-29
E.Ben.Old.c4	12	4	5	3	1398852	Vaibhav, S.	2589	2003	2018	2026-07-29
E.Ben.Old.c4.cxd4	6	1	3	2	1148935	Vaibhav, S.	2589	2005	2018	2026-07-29
E.Ben.Old.c4.cxd4.e3	0	0	0	0	51315					2026-07-29
B.Pir.Pre.f4	371	141	126	104	2048243	Nepomniachtchi, I.	2755	2002	2024	2026-07-29
B.Pir.Pre.f4.d5	43	11	18	14	21223	Nepomniachtchi, I.	2755	2002	2024	2026-07-29
B.Pir.Pre.f4.d5.exd5	24	7	12	5	5393	Nepomniachtchi, I.	2755	2002	2024	2026-07-29
B.Pir.Pre.f4.d5.exd5.Nf6	16	5	7	4	2662	Ivanchuk, V.	2728	2002	2016	2026-07-29
B.Pir.Pre.h4	1	0	0	1	12464	Rudd, Jack	2370	2007	2007	2026-07-29
B.Pir.Pre.g4	0	0	0	0	4938					2026-07-29
B.Sca.Nf6.d4	3695	1527	1255	913	4567680	Carlsen, Magnus	2810	1994	2012	2026-07-29
B.Sca.Nf6.d4.g6	5	1	2	2	33230	Santo Roman, Marc	2500	1978	1991	2026-07-29
B.Sca.Nf6.d4.g6.c4	3	0	1	2	30983	Santo Roman, Marc	2500	1978	1991	2026-07-29
B.Sca.Nf6.d4.g6.c4.b5	2	0	1	1	982	Santo Roman, Marc	2500	1991	1991	2026-07-29
B.Sca.Nf6.d4.c6	11	7	3	1	510692	Ivanchuk, Vassily	2714	1992	2007	2026-07-29
B.Sca.Nf6.d4.c6.dxc6	5	5	0	0	319219	Lorentzen, Øystein	2468	1977	2017	2026-07-29
B.Sca.Nf6.d4.c6.dxc6.e5	0	0	0	0	41999					2026-07-29
D.Bgm.Acc.Nxf3	237	47	91	99	991046	Haugen, Arild	2556	2007	2008	2026-07-29
D.Bgm.Acc.Nxf3.Qd6	0	0	0	0	328					2026-07-29
D.Bgm.Acc.Nxf3.c5	0	0	0	0	16778					2026-07-29
D.Bgm.Acc.Nxf3.Nc6	0	0	0	0	46121					2026-07-29
D.Bgm.Acc.Nxf3.b6	0	0	0	0	7213					2026-07-29
D.Bgm.Acc.Nxf3.Nbd7	0	0	0	0	3356					2026-07-29
D.QPG.Chi.e6	338	114	132	92	2414018	Rapport, R.	2707	2015	2022	2026-07-29
D.QPG.Chi.e6.Bf4	123	42	44	37	1395378	Alekseenko, K.	2704	2015	2022	2026-07-29
D.QPG.Chi.Bg4	3	1	2	0	43893	Bortnyk, Olexandr	2533	1994	2015	2026-07-29
D.QPG.Chi.e5	0	0	0	0	57907					2026-07-29
D.QPG.Chi.h5	0	0	0	0	1889					2026-07-29
D.QGD.Exc.Bg5	16918	6037	8070	2811	3198314	Carlsen, M.	2865	2015	2021	2026-07-29
D.QGD.Exc.Bg5.c6	8137	2596	4130	1411	1103641	Carlsen, M.	2865	2014	2021	2026-07-29
D.QGD.Exc.Bg5.c6.Qc2	1791	584	858	349	267308	Carlsen, M.	2865	2014	2021	2026-07-29
D.QGD.Exc.Bg5.Be7	7214	2812	3322	1080	1694706	Carlsen, M.	2859	2020	2025	2026-07-29
D.QGD.Exc.Bg5.Be7.e3	6869	2688	3161	1020	1235482	Carlsen, M.	2859	2020	2025	2026-07-29
D.QGD.Exc.Bg5.Be7.e3.h6	887	276	488	123	106377	Carlsen, M.	2859	2023	2025	2026-07-29
D.QGD.Lsk.Bxe7	1740	416	1131	193	101663	Carlsen, M.	2877	2010	2016	2026-07-29
D.QGD.Lsk.Bxe7.Qxe7	1745	417	1134	194	100201	Carlsen, M.	2877	2010	2016	2026-07-29
D.QGD.Lsk.Bxe7.Qxe7.Qc2	351	70	253	28	12146	Kramnik, Vladimir	2777	2003	2017	2026-07-29
D.QGD.Lsk.Bxe7.Qxe7.cxd5	254	76	149	29	25217	Caruana, F.	2823	2010	2016	2026-07-29
D.QGD.Lsk.Bxe7.Qxe7.cxd5.Nxc3	254	76	149	29	23999	Caruana, F.	2823	2010	2016	2026-07-29
E.Nim.Kas.c5	2552	794	1217	541	317028	Carlsen, M.	2870	2011	2021	2026-07-29
E.Nim.Kas.c5.g3	2616	841	1272	503	39934	Carlsen, M.	2870	2000	2019	2026-07-29
E.Nim.Kas.c5.g3.O-O	379	131	164	84	19573	Carlsen, M.	2877	1999	2014	2026-07-29
E.Nim.Kas.c5.g3.cxd4	1170	380	582	208	12056	Carlsen, M.	2870	2000	2019	2026-07-29
E.Nim.Kas.c5.g3.cxd4.Nxd4	1678	569	815	294	20234	Carlsen, M.	2870	2000	2019	2026-07-29
E.Nim.Kas.b6	5959	1920	2534	1505	564104	Carlsen, M.	2877	2010	2016	2026-07-29
E.Nim.Kas.b6.e3	1410	431	660	319	132164	Carlsen, M.	2850	2010	2015	2026-07-29
E.Nim.Kas.b6.e3.Ne4	192	64	90	38	7551	Caruana, F.	2802	2010	2016	2026-07-29
E.Nim.Kas.b6.e3.Ne4.Qc2	178	59	86	33	4707	Caruana, F.	2802	2010	2016	2026-07-29
E.Nim.Cls.Noa.Ne4	709	238	366	105	14834	Kasparov, Garry	2815	1998	2018	2026-07-29
E.Nim.Cls.Noa.Ne4.Qc2	706	238	365	103	14103	Kasparov, Garry	2815	1998	2018	2026-07-29
E.Nim.Cls.Noa.Ne4.Qc2.c5	527	159	306	62	3682	Carlsen, M.	2830	2018	2023	2026-07-29
E.Nim.Cls.Noa.Ne4.Qc2.Nc6	91	41	31	19	1668	Kasparov, Garry	2813	1994	2012	2026-07-29
E.Nim.Cls.Noa.Nc6	22	7	11	4	2420	Nguyen, Thai Dai Van	2668	2005	2025	2026-07-29
E.Nim.Cls.Noa.c5	194	58	55	81	3587	Carlsen, M..	2847	2006	2021	2026-07-29
E.Nim.Rub.Cls.Nf3	7729	1733	4507	1489	256876	Kasparov, Garry	2849	2000	2021	2026-07-29
E.Nim.Rub.Cls.Nf3.Nc6	209	75	78	56	30819	Ivanchuk, V.	2747	1999	2017	2026-07-29
E.Nim.Rub.Cls.Nf3.Nc6.O-O	198	71	75	52	26611	Ivanchuk, V.	2747	1999	2017	2026-07-29
E.Nim.Rub.Cls.Nf3.b6	1374	340	724	310	30665	Carlsen, M.	2850	2008	2015	2026-07-29
E.Nim.Rub.Cls.a3	2065	652	952	461	27344	Carlsen, M.	2837	2017	2025	2026-07-29
E.Nim.Rub.Cls.a3.Bxc3	1683	546	754	383	21016	Carlsen, M.	2837	2017	2021	2026-07-29
E.Nim.Rub.Cls.a3.Bxc3.bxc3	1719	564	759	396	34792	Carlsen, M.	2837	2017	2021	2026-07-29
A.Ret.Adv.b4	1831	460	898	473	307141	Carlsen, M.	2872	2016	2019	2026-07-29
A.Ret.Adv.b4.c5	649	118	423	108	44613	Carlsen, M.	2872	2019	2024	2026-07-29
A.Ret.Adv.b4.g5	150	38	37	75	8317	Firouzja, Alireza	2763	2011	2024	2026-07-29
A.Ret.Adv.Rg1	0	0	0	0	32					2026-07-29
A.Ret.Adv.e3	766	192	287	287	384820	Anand, V.	2793	2009	2019	2026-07-29
A.Ret.Adv.e3.c5	245	91	77	77	234540	Aronian, Levon	2773	2015	2021	2026-07-29
A.Ret.Adv.e3.c5.b4	417	87	256	74	141461	Ding Liren	2799	2017	2024	2026-07-29
A.Eng.Mik.Nc6	45	20	14	11	44642	Ivanchuk, Vassily	2711	1984	2012	2026-07-29
A.Eng.Mik.d5	2283	945	963	375	452603	Carlsen, M.	2861	2017	2021	2026-07-29
A.Eng.Mik.d5.e5	1685	681	720	284	300006	Carlsen, M.	2861	2014	2021	2026-07-29
A.Eng.Mik.c5	1047	360	434	253	209467	Ding Liren	2811	2012	2025	2026-07-29
A.Eng.Mik.c5.e5	788	254	343	191	79727	Ding Liren	2811	2012	2025	2026-07-29
A.Eng.Mik.c5.e5.Ng8	788	254	343	191	78172	Ding Liren	2811	2012	2025	2026-07-29
A.OID.Nf6.g4	0	0	0	0	356					2026-07-29
A.OID.Nf6.Nc3	7290	2780	2555	1955	4211217	Caruana, Fabiano	2770	2012	2020	2026-07-29
A.OID.Nf6.Nc3.c6	384	163	123	98	696409	Topalov, Veselin	2793	1985	2022	2026-07-29
A.OID.Nf6.Nf3	9597	3785	3475	2337	1901602	Caruana, Fabiano	2835	2016	2024	2026-07-29
A.OID.Nf6.Nf3.c6	686	264	270	152	285623	Firouzja, Alireza	2763	2013	2024	2026-07-29
A.OID.Nf6.Nf3.Bg4	807	333	293	181	104121	Karpov, Anatoly	2765	1994	2014	2026-07-29
A.Hol.Alp.e6	19	7	8	4	12912	Kasimdzhanov, Rustam	2681	2008	2017	2026-07-29
A.Hol.Alp.e6.g4	12	5	5	2	7656	Kasimdzhanov, Rustam	2681	2008	2017	2026-07-29
A.Hol.Alp.g6	3	2	1	0	3954	Bernasek, Jan	2490	1982	2011	2026-07-29
A.Hol.Alp.g6.g4	1	1	0	0	1850	Rosenlund, Thorbjorn	2260	1982	1982	2026-07-29
A.Hol.Alp.d6	13	4	2	7	8281	Bernadskiy, V.	2558	1972	2014	2026-07-29
A.Hol.Alp.d6.g4	7	2	1	4	5679	De Fotis, Gregory	2425	1972	2005	2026-07-29
A.Hol.Alp.d5	98	34	29	35	11768	Navara, D.	2720	2007	2020	2026-07-29
A.Hol.Alp.d5.g4	51	18	14	19	8603	Kamsky, G.	2673	1996	2016	2026-07-29
A.Hol.Sta.MLn.g6	123	43	49	31	85872	Nyzhnyk, I..	2679	2015	2025	2026-07-29
A.Hol.Sta.MLn.g6.h4	43	13	20	10	11315	Nyzhnyk, I..	2679	2015	2024	2026-07-29
A.Hol.Sta.MLn.g6.f3	47	21	13	13	21261	Illescas Cordoba, Miguel	2600	1975	2015	2026-07-29
A.Hol.Sta.MLn.c6	112	44	34	34	32350	Korobov, Anton	2657	1995	2020	2026-07-29
A.Hol.Sta.MLn.b6	14	4	3	7	5921	Iljushin, Alexei	2509	2000	2004	2026-07-29
B.CaK.Two.dxe4	2615	896	1102	617	2822835	Carlsen, M.	2840	2016	2024	2026-07-29
B.CaK.Two.dxe4.Ng5	10	5	5	0	22823	Hansen, Lars Bo	2535	1987	1992	2026-07-29
B.CaK.Two.Bg4	5176	1548	2185	1443	1347598	Carlsen, M.	2864	2012	2022	2026-07-29
B.CaK.Two.Bg4.h3	4687	1408	1970	1309	801048	Carlsen, M.	2864	2012	2022	2026-07-29
B.CaK.Two.Bg4.h3.Bxf3	4149	1227	1790	1132	565629	Carlsen, M.	2864	2012	2022	2026-07-29
B.CaK.Two.Bg4.h3.Bh5	537	181	180	176	227412	Grischuk, Alexander	2764	2001	2022	2026-07-29
B.CaK.Pmv.Nf6	11568	3521	5254	2793	3101792	Carlsen, M.	2856	2009	2023	2026-07-29
B.CaK.Pmv.Nf6.c5	20	4	3	13	116709	Burmakin, Vladimir	2593	1978	2007	2026-07-29
B.CaK.Pmv.Nf6.Nc3	11635	3558	5285	2792	2386040	Carlsen, M.	2856	2009	2023	2026-07-29
B.CaK.Pmv.Nf6.Nc3.e6	5716	1840	2526	1350	1094281	Grischuk, Alexander	2777	1996	2020	2026-07-29
B.CaK.Pmv.Nf6.Nc3.e6.Nf3	6042	1951	2681	1410	1165024	Carlsen, M.	2872	1996	2020	2026-07-29
B.CaK.Cls.Ng3	15658	4141	7919	3598	3907557	Carlsen, Magnus	2870	2003	2021	2026-07-29
B.CaK.Cls.Ng3.Bg6	15644	4137	7911	3596	3850899	Carlsen, Magnus	2870	2003	2021	2026-07-29
B.CaK.Cls.Ng3.Bg6.Nh3	967	285	464	218	108011	Anand, Viswanathan	2799	2008	2015	2026-07-29
B.CaK.Cls.Ng3.Bg6.h4	10215	2803	5137	2275	1332995	Carlsen, Magnus	2870	2003	2021	2026-07-29
B.CaK.Cls.Ng3.Bg6.f4	87	29	29	29	131749	Mamedyarov, Shakhriyar	2719	1998	2009	2026-07-29
B.CaK.Cls.Ng5	4	1	1	2	112325	Grabarczyk, Miroslaw	2505	1996	2017	2026-07-29
B.CaK.Cls.Ng5.Bg6	3	1	1	1	34242	Grabarczyk, Miroslaw	2505	1996	2007	2026-07-29
B.CaK.Cls.Ng5.Bg6.N1f3	1	1	0	0	21630	Gladischev, Oleg	2343	2007	2007	2026-07-29
B.CaK.Cls.Ng5.Bg6.N1f3.h6	0	0	0	0	9839					2026-07-29
B.Fre.Cls.exd5	430	110	194	126	437614	Yu Yangyi	2763	2000	2019	2026-07-29
B.Fre.Cls.exd5.exd5	458	115	210	133	2157631	Yu Yangyi	2763	2000	2019	2026-07-29
B.Fre.Cls.exd5.exd5.Bg5	170	41	79	50	466014	Yu Yangyi	2763	2000	2019	2026-07-29
B.Fre.Cls.Bd3	172	65	57	50	282575	Topalov, Veselin	2702	2000	2022	2026-07-29
B.Fre.Cls.Be3	2	0	1	1	44184	Deschamp, Guy	2369	2000	2004	2026-07-29
C.Sco.Cls.Nb3	2067	713	801	553	644342	Carlsen, M.	2881	2010	2020	2026-07-29
C.Sco.Cls.Nb3.Bb4	303	108	101	94	11805	Grischuk, A.	2772	2011	2025	2026-07-29
C.Sco.Cls.Nxc6	2446	769	1168	509	1402817	Carlsen, M.	2881	2012	2020	2026-07-29
C.Sco.Cls.Nxc6.Qf6	2344	736	1129	479	635634	Carlsen, M.	2881	2012	2020	2026-07-29
C.Sco.Cls.Be3	2701	840	1214	647	1911441	Carlsen, Magnus	2835	2012	2016	2026-07-29
C.Sco.Cls.Be3.Qf6	2857	860	1286	711	1319820	Carlsen, Magnus	2835	2012	2016	2026-07-29
C.Sco.Cls.Be3.Qf6.Nb5	137	43	38	56	129795	Ponomariov, Ruslan	2718	2003	2005	2026-07-29
D.Bgm.Cap.Nc3.e5.dxe5	7	0	4	3	28866	Kallai, Gabor	2490	1996	2015	2026-07-29
D.Bgm.Cap.Nc3.e5.Nxe4	8	3	4	1	21545	Megaranto, S.	2540	2002	2016	2026-07-29
D.Bgm.Cap.Nc3.e5.Nge2	3	0	2	1	5500	Trumpf, Walter	2429	1999	2024	2026-07-29
D.Bgm.Cap.Nc3.e5.Qh5	9	4	1	4	13633	Ginsburg, Gennadij	2470	1998	2011	2026-07-29
D.Bgm.Cap.Nc3.e5.Be3	2	1	0	1	8122	Cueto Chajtur, Johny	2389	2000	2003	2026-07-29
D.Sla.Cze.Kra.MLn.Nbd7	4569	1547	2227	795	86169	Kasparov, Garry	2851	2000	2025	2026-07-29
D.Sla.Cze.Kra.MLn.Nbd7.Nxc4	4566	1547	2226	793	84637	Kasparov, Garry	2851	2000	2025	2026-07-29
D.Sla.Cze.Kra.MLn.Na6	352	134	119	99	10908	Aronian, L.	2805	2007	2017	2026-07-29
D.Sla.Cze.Kra.MLn.Na6.e4	4	3	1	0	98	Sviridov, Va	2569	2010	2025	2026-07-29
D.Sla.Cze.Kra.MLn.e6	1662	649	751	262	58293	Caruana, Fabiano	2842	2010	2020	2026-07-29
D.Sla.Cze.Kra.MLn.e6.f3	1443	572	667	204	30039	Caruana, Fabiano	2842	2010	2020	2026-07-29
A.Eng.Agi.Nf3.Nf6	35758	11531	17572	6655	1340345	Carlsen, M.	2872	2013	2019	2026-07-29
A.Eng.Agi.Nf3.Nf6.g3	18322	6044	8717	3561	584132	Carlsen, M.	2872	2010	2020	2026-07-29
A.Eng.Agi.Nf3.Nf6.g3.b6	3781	1455	1642	684	101387	Carlsen, Magnus	2802	2008	2014	2026-07-29
A.Eng.Agi.Nf3.Nf6.g3.a6	1450	422	616	412	8084	Ding Liren	2812	1996	2019	2026-07-29
A.Eng.Agi.Nf3.Nf6.Nc3	13697	4558	6725	2414	823210	Carlsen, M.	2872	2017	2022	2026-07-29
A.Eng.Agi.Nf3.Nf6.Nc3.c5	7661	2456	3831	1374	287881	Carlsen, M.	2861	2012	2019	2026-07-29
A.Ret.Ang.MLn.Nf6.Qc2	374	171	132	71	20846	Giri, A.	2780	2018	2024	2026-07-29
A.Ret.Ang.MLn.Nf6.Nc3	6368	2534	2757	1077	408813	Carlsen, M.	2872	2010	2024	2026-07-29
A.Ret.Ang.MLn.Nf6.Nc3.Nbd7	289	106	128	55	16855	Aronian, Levon	2801	2010	2019	2026-07-29
A.Ret.Ang.MLn.Nf6.Nc3.e6	3435	1315	1478	642	236831	Ding, Liren	2791	2009	2020	2026-07-29
B.Sca.Mod.Mie.e5	57	29	19	9	98530	Almasi, Zoltan	2610	1994	2017	2026-07-29
B.Sca.Mod.Mie.e5.Nf3	18	9	6	3	23542	Djurhuus, Rune	2505	1995	2007	2026-07-29
B.Sca.Mod.Mie.e5.Nf3.Bg4	13	5	6	2	10238	Klinger, Josef	2510	1992	1999	2026-07-29
B.Sca.Mod.Mie.e5.dxe5	32	16	12	4	57310	Almasi, Zoltan	2610	1987	2011	2026-07-29
B.Sca.Mod.Mie.e5.dxe5.Nc6	12	7	2	3	8612	Almasi, Zoltan	2610	1987	2016	2026-07-29
B.Sca.Mod.Mie.Nf6	4514	1731	1727	1056	1944559	Carlsen, M.	2847	2019	2021	2026-07-29
B.CaK.Pmv.Nc6.Bg5	1944	608	890	446	245064	Anand, Viswanathan	2791	1996	2009	2026-07-29
B.CaK.Pmv.Nc6.Bg5.e6	396	124	187	85	113068	Kasparov, Garry	2775	1996	2010	2026-07-29
B.CaK.Pmv.Nc6.Bg5.Qa5	213	84	104	25	5007	Leko, Peter	2665	1995	2014	2026-07-29
B.CaK.Pmv.Nc6.Bg5.Qb6	22	13	5	4	2372	Liberzon, Vladimir M	2555	1978	2002	2026-07-29
B.CaK.Pmv.Nc6.Bg5.dxc4	569	169	289	111	53330	Anand, Viswanathan	2791	2009	2010	2026-07-29
B.CaK.Pmv.Nc6.Bg5.dxc4.d5	218	73	96	49	24744	Ponomariov, Ruslan	2744	1992	2010	2026-07-29
B.Sic.Acc.Mar.Bg7	7341	2965	2978	1398	1304851	Carlsen, M.	2833	2024	2025	2026-07-29
B.Sic.Acc.Mar.Bg7.Be3	6863	2753	2833	1277	1235098	Carlsen, M.	2833	2024	2025	2026-07-29
B.Sic.Acc.Mar.Bg7.Be3.Nf6	5820	2337	2421	1062	815196	Carlsen, Magnus	2802	2008	2012	2026-07-29
B.Sic.Acc.Mar.Bg7.Nc2	508	225	162	121	78110	Carlsen, Magnus	2802	2010	2020	2026-07-29
B.Sic.Acc.Mar.Bg7.Nc2.d6	216	84	80	52	21100	Aronian, L.	2785	2006	2020	2026-07-29
B.Sic.Naj.Eng.e6	9651	3358	3918	2375	864654	Carlsen, Magnus	2863	2000	2020	2026-07-29
B.Sic.Naj.Eng.e6.Qd2	643	238	184	221	116442	Anand, V.	2776	1986	2016	2026-07-29
B.Sic.Naj.Eng.e6.g4	1491	600	495	396	48092	Kasparov, Garry	2838	1998	2008	2026-07-29
B.Sic.Naj.Eng.e6.g4.e5	508	161	203	144	5124	Anand, Viswanathan	2799	1999	2008	2026-07-29
B.Sic.Naj.Eng.Ng4	4068	999	2410	659	199933	Carlsen, M.	2861	2000	2019	2026-07-29
B.Fre.Tar.Cls.MLn.Bd3	6573	2637	2402	1534	1378118	Caruana, F.	2795	2000	2016	2026-07-29
B.Fre.Tar.Cls.MLn.Bd3.c5	7026	2809	2597	1620	1335714	Caruana, F.	2795	2000	2016	2026-07-29
B.Fre.Tar.Cls.MLn.f4	1897	803	569	525	435198	Ivanchuk, Vassily	2755	2007	2014	2026-07-29
C.Vie.Fal.MLn.Qh5	440	133	195	112	94593	Nakamura, Hi	2802	2016	2024	2026-07-29
C.Vie.Fal.MLn.Qh5.Nd6	440	133	195	112	84219	Nakamura, Hi	2802	2016	2024	2026-07-29
C.Vie.Fal.MLn.Qh5.Nd6.Bb3	295	110	106	79	54339	Nakamura, Hi	2802	2016	2024	2026-07-29
C.Sco.Cls.Sch.Qd2	63	20	28	15	25825	Leko, Peter	2755	2007	2013	2026-07-29
C.Sco.Cls.Sch.Qd2.d5	4	2	0	2	3731	Smerdon, David	2489	1995	2009	2026-07-29
C.Sco.Cls.Sch.Nc2	94	23	43	28	23548	Carlsen, Magnus	2835	2005	2012	2026-07-29
C.Sco.Cls.Sch.Bb5	100	34	43	23	73837	Carlsen, Magnus	2863	2017	2023	2026-07-29
C.Sco.Cls.Sch.Bb5.Nd8	0	0	0	0	15					2026-07-29
C.RyL.Shl.Jae.fxe4	1807	697	837	273	145158	Aronian, Levon	2801	2010	2025	2026-07-29
C.RyL.Shl.Jae.fxe4.Nxe4	1802	696	834	272	140278	Aronian, Levon	2801	2010	2025	2026-07-29
C.RyL.Shl.Jae.fxe4.Nxe4.d5	703	287	299	117	64980	Carlsen, Magnus	2813	2010	2025	2026-07-29
C.RyL.Shl.Jae.fxe4.Nxe4.Be7	8	4	2	2	183	Dvoirys, Semen I	2440	1979	1993	2026-07-29
C.RyL.Shl.Jae.fxe4.Nxe4.Nf6	1086	402	532	152	71285	Aronian, Levon	2801	2007	2011	2026-07-29
C.RyL.Mor.Ba4.Nd4	1	1	0	0	7966	Milicevic, Miodrag	2295	1993	1993	2026-07-29
C.RyL.Mor.Ba4.Bb4	3	1	1	1	2385	Dely, Peter	2480	1973	1997	2026-07-29
C.RyL.Mor.Ba4.Nge7	1784	547	679	558	70699	Caruana, F.	2816	2011	2024	2026-07-29
C.RyL.Mor.Ba4.f5	329	127	97	105	78208	Duda, Jan Krzysztof	2757	1974	2024	2026-07-29
C.RyL.Mor.Ba4.f5.exf5	5	3	1	1	14632	Perez Candelario, Man	2578	2000	2025	2026-07-29
D.QPG.Ver.Ne4	27	11	7	9	117876	Zhang, Pengxiang	2636	1991	2006	2026-07-29
D.QPG.Ver.Nbd7	2023	519	750	754	238190	Mamedyarov, S.	2801	2013	2019	2026-07-29
D.QPG.Ver.Nbd7.Nf3	859	229	349	281	78599	Mamedyarov, S.	2743	2009	2019	2026-07-29
D.QPG.Ver.Nbd7.Nf3.g6	261	63	110	88	12125	Andersson, Ulf	2635	1982	2001	2026-07-29
D.QPG.Ver.c5	384	104	120	160	91736	Nakamura, Hi	2779	2011	2020	2026-07-29
D.QPG.Ver.c5.Bxf6	252	70	79	103	31834	Robson, R.	2656	2000	2015	2026-07-29
D.QPG.Ver.c5.Bxf6.gxf6	237	63	71	103	20561	Rapport, R.	2701	2000	2015	2026-07-29
D.QGA.Cen.Nf6	1679	636	655	388	299330	Carlsen, M.	2872	2017	2019	2026-07-29
D.QGA.Cen.c5	541	240	191	110	113254	Carlsen, Magnus	2801	1992	2014	2026-07-29
D.QGA.Cen.c5.d5	465	218	148	99	83529	Carlsen, Magnus	2801	1993	2014	2026-07-29
D.QGA.Cen.c5.d5.b5	7	4	1	2	11979	Timoscenko, Gennadij	2540	1994	2009	2026-07-29
D.QGA.Cen.f5	0	0	0	0	3439					2026-07-29
D.QGA.Cls.O-O	8467	2489	4766	1212	233699	Kasparov, Garry	2838	2001	2019	2026-07-29
D.QGA.Cls.O-O.Nc6	1097	346	568	183	58140	Caruana, F..	2820	1998	2021	2026-07-29
D.QGA.Cls.O-O.cxd4	202	89	88	25	43990	Aronian, L.	2805	2017	2021	2026-07-29
E.QID.Euw.Bd3	2528	728	1157	643	73996	Kasparov, Garry	2838	2001	2025	2026-07-29
E.QID.Euw.Bd3.d5	1270	322	644	304	24113	Kasparov, Garry	2838	2001	2025	2026-07-29
E.QID.Euw.Bd3.c5	571	204	221	146	15483	Karpov, Anatoly	2725	1980	2015	2026-07-29
E.QID.Euw.Bd3.c5.O-O	1566	611	579	376	22917	Caruana, F.	2818	2015	2019	2026-07-29
E.QID.Euw.Bd3.c5.O-O.Be7	1117	465	416	236	11427	Kramnik, Vladimir	2801	2015	2018	2026-07-29
E.KID.Fch.MLn.Nc6	6364	2444	2583	1337	431103	Carlsen, Magnus	2863	2013	2021	2026-07-29
E.KID.Fch.MLn.Nc6.O-O	12405	4644	5060	2701	940136	Carlsen, Magnus	2863	2013	2021	2026-07-29
E.KID.Fch.MLn.Nc6.O-O.Bg4	810	353	286	171	133491	Nakamura, Hi	2816	2017	2025	2026-07-29
E.KID.Fch.MLn.Nc6.O-O.Bf5	1651	603	595	453	80679	Aronian, L.	2785	2012	2016	2026-07-29
E.KID.Fch.MLn.Nbd7	5387	2200	1969	1218	430037	Carlsen, M.	2865	2013	2024	2026-07-29
E.KID.Fch.MLn.c5	1318	493	582	243	184340	Carlsen, Magnus	2863	2013	2020	2026-07-29
E.KID.Fch.Kav.Nc3	10857	4317	4001	2539	1002261	Carlsen, M.	2865	2013	2024	2026-07-29
E.KID.Fch.Kav.Nc3.e5	11422	4443	4232	2747	580865	Carlsen, M.	2865	2013	2024	2026-07-29
E.KID.Fch.Kav.Nc3.e5.e4	7671	3084	2844	1743	254582	Carlsen, M.	2865	2017	2024	2026-07-29
E.KID.Fou.O-O	3541	1402	1207	932	1582790	Kasparov, Garry	2805	1994	1997	2026-07-29
E.KID.Fou.Na6	12	4	5	3	6338	Dyachkov, Sergej	2545	2003	2019	2026-07-29
E.KID.Fou.O-O.Be2	171	47	74	50	103483	Petrosian, Tigran V	2635	1976	2007	2026-07-29
E.KID.Fou.O-O.Be2.c5	140	38	61	41	49767	Petrosian, Tigran V	2635	1976	2014	2026-07-29
E.KID.Fou.O-O.Nf3	3459	1376	1171	912	1239053	Kasparov, Garry	2805	1994	1997	2026-07-29
E.KID.Fou.O-O.Nf3.c5	2395	960	834	601	565759	Kasparov, Garry	2805	1989	1997	2026-07-29
E.KID.Fou.O-O.Nf3.c5.Be2	151	52	62	37	16945	Petrosian, Tigran V	2635	1976	2012	2026-07-29
E.Ben.Mod.Cls.MLn.a6	335	130	111	94	34048	Anand, Viswanathan	2794	1997	2025	2026-07-29
E.Ben.Mod.Cls.MLn.a6.a4	359	140	121	98	41124	Anand, Viswanathan	2794	1997	2025	2026-07-29
E.Ben.Mod.Cls.MLn.Re8	628	229	208	191	58049	Caruana, Fabiano	2835	1974	2020	2026-07-29
B.Fre.Cls.MLn.e5.Nfd7.Bxe7	2194	817	906	471	660198	Anand, Viswanathan	2799	2000	2012	2026-07-29
B.Fre.Cls.MLn.e5.Nfd7.Qg4	0	0	0	0	300					2026-07-29
B.Fre.Cls.MLn.e5.Nfd7.Qd2	0	0	0	0	540					2026-07-29
B.Fre.Cls.MLn.e5.Nfd7.f4	0	0	0	0	1121					2026-07-29
B.Fre.Cls.MLn.e5.Nfd7.Bd3	0	0	0	0	113					2026-07-29
C.KGm.Dec.Cls.c3	204	78	57	69	249800	Azarov, Sergei	2667	1989	2018	2026-07-29
C.KGm.Dec.Cls.c3.Bg4	21	9	4	8	57200	Azarov, Sergei	2667	1995	2014	2026-07-29
C.KGm.Dec.Cls.c3.f5	6	1	3	2	3572	Gallagher, Joseph G	2495	1990	2000	2026-07-29
C.KGm.Dec.Cls.c3.f5.fxe5	5	0	3	2	329	Gallagher, Joseph G	2495	1990	2000	2026-07-29
C.KGm.Dec.Cls.b4	11	3	2	6	8301	Karpatchev, Aleksandr	2570	1997	2001	2026-07-29
C.KGm.Dec.Cls.Nc3	229	74	78	77	139427	Van Foreest, Jorden	2696	2000	2024	2026-07-29
C.KGm.Dec.Cls.Nc3.Nd7	3	1	1	1	1098	Belotti, Bruno	2405	1997	2004	2026-07-29
C.KGm.Dec.Cls.fxe5	7	2	2	3	73147	Smejkal, Jan	2600	1975	1997	2026-07-29
C.KGm.Acc.Muz.MLn.Qxf3.Qf6	38	11	6	21	156589	Arribas Lopez, A.	2559	1993	2019	2026-07-29
C.KGm.Acc.Muz.MLn.Qxf3.Qe7	2	1	1	0	6305	Derouineau, Jacques	2353	1993	2002	2026-07-29
C.KGm.Acc.Muz.MLn.Qxf3.Nc6	0	0	0	0	3153					2026-07-29
C.KGm.Acc.All.MLn.Nxf7.Kxf7	8	4	1	3	80239	Illescas Cordoba, Miguel	2475	1984	2021	2026-07-29
C.KGm.Acc.Kie.MLn.Bc4	110	21	38	51	12096	Short, Nigel D	2680	2006	2015	2026-07-29
C.KGm.Acc.Kie.MLn.Bc4.d5	108	21	37	50	11458	Short, Nigel D	2680	2006	2015	2026-07-29
C.KGm.Acc.Kie.MLn.Nxg4	47	5	32	10	14358	Fedorov, Alexei	2590	1982	2024	2026-07-29
C.KGm.Acc.Kie.MLn.Nxg4.d5	1	1	0	0	1637	Ninov, Ventsislav	2293	2013	2013	2026-07-29
C.Ita.Giu.Mol.MLn.Nxe4	209	39	68	102	578270	Aronian, L.	2782	1988	2024	2026-07-29
C.Ita.Giu.Mol.MLn.Nxe4.O-O	204	37	68	99	518859	Aronian, L.	2782	1988	2024	2026-07-29
C.Ita.Two.Opn.MLn.O-O.Nxe4	794	157	388	249	601594	So, W..	2770	2010	2021	2026-07-29
C.Ita.Two.Opn.MLn.O-O.d6	81	21	27	33	357710	Vidit, S.	2716	2014	2023	2026-07-29
C.Ita.Two.Opn.MLn.O-O.Be7	47	20	15	12	296704	Sveshnikov, Evgeny	2560	1984	2002	2026-07-29
C.Ita.Evn.Acc.Stn.d4	843	177	465	201	681509	Anand, V.	2793	2014	2019	2026-07-29
C.Ita.Evn.Acc.Stn.d4.d6	453	86	270	97	120589	Anand, V.	2793	2014	2022	2026-07-29
C.Ita.Evn.Acc.Stn.d4.Nf6	1	1	0	0	11226	Golubev, M.	2489	2014	2014	2026-07-29
C.Ita.Evn.Acc.Stn.d4.exd4	356	79	181	96	511276	Kasparov, Garry	2812	2000	2019	2026-07-29
C.Ita.Evn.Acc.Stn.d4.b5	11	2	8	1	6805	Horvath, Dominik	2542	2015	2024	2026-07-29
C.Ita.Evn.Acc.Stn.O-O.d6	16	7	3	6	51431	Plat, V.	2520	1990	2017	2026-07-29
C.Ita.Evn.Acc.Stn.O-O.Nf6	16	3	8	5	105781	Lysyj, I..	2605	1990	2023	2026-07-29
C.Ita.Pia.Nf6.MLn.a6	3963	1100	2095	768	184816	Carlsen, Magnus	2863	2017	2024	2026-07-29
C.Ita.Pia.Nf6.MLn.a6.a4	2181	564	1170	447	84454	Carlsen, M.	2855	2016	2024	2026-07-29
C.Ita.Pia.Nf6.MLn.h6	1177	317	606	254	527132	Carlsen, Magnus	2863	2016	2025	2026-07-29
C.Ita.Pia.Nf6.MLn.h6.Nbd2	223	63	112	48	97956	Carlsen, M..	2862	2020	2025	2026-07-29
A.Hor.Fch.Nf3	38245	13222	17911	7112	9034593	Carlsen, M.	2876	2015	2019	2026-07-29
A.Hor.Fch.Nf3.c5	4375	1792	1920	663	897952	Mamedyarov, S.	2801	2018	2022	2026-07-29
A.Hor.Fch.Nf3.c5.cxd5	3872	1615	1700	557	383596	Mamedyarov, S.	2801	2018	2022	2026-07-29
A.Hor.Fch.Nc3	52051	17499	24180	10372	21084149	Carlsen, M.	2864	2015	2022	2026-07-29
A.Hor.Fch.Nc3.c6	12585	3888	5367	3330	6068027	Carlsen, Magnus	2870	2012	2022	2026-07-29
E.Ben.Bnk.Acc.MLn.g6	4582	1687	1794	1101	362643	Carlsen, M.	2872	2003	2014	2026-07-29
E.Ben.Bnk.Acc.MLn.g6.Nc3	4321	1605	1702	1014	314992	Carlsen, M.	2872	2003	2014	2026-07-29
E.Ben.Bnk.Acc.MLn.Bxa6.Nc3	1750	729	645	376	604105	Karpov, Anatoly	2770	1995	2008	2026-07-29
B.Fre.Cls.MLn.ACh.Bxg5	366	132	157	77	144536	Kasparov, Garry	2827	1991	2007	2026-07-29
B.Fre.Cls.MLn.ACh.Bxg5.hxg5	366	132	157	77	144375	Kasparov, Garry	2827	1991	2007	2026-07-29
B.Fre.Cls.MLn.ACh.c5	219	93	65	61	77143	Morozevich, Alexander	2679	1992	2006	2026-07-29
B.Fre.Cls.MLn.ACh.a6	178	97	44	37	124331	Maghsoodloo, Parham	2676	1997	2021	2026-07-29
B.Fre.Cls.MLn.ACh.O-O	105	44	40	21	28525	So, Wesley	2667	2007	2011	2026-07-29
B.Fre.Cls.MLn.ACh.f6	13	7	4	2	6382	Arnason, Jon L	2535	1992	2009	2026-07-29
C.KGm.Acc.Bsh.Ble.Qf3	0	0	0	0	71					2026-07-29
C.KGm.Acc.Bsh.Ble.Nc3	2	1	0	1	1329	Bartel, Mateusz	2453	2003	2009	2026-07-29
C.KGm.Acc.Bsh.Ble.Nc3.Bg7	1	0	0	1	87	Bartel, Mateusz	2453	2003	2003	2026-07-29
C.Fou.Spa.Rub.Be2	16	5	7	4	10476	Deac, Bogdan-Daniel	2691	2024	2026	2026-07-29
C.Fou.Spa.Rub.Be2.Nxf3	8	0	5	3	1554	Christiansen, Johan-Sebastian	2651	2003	2025	2026-07-29
C.Fou.Spa.Rub.Be2.Nxf3.Bxf3	8	0	5	3	1601	Christiansen, Johan-Sebastian	2651	2003	2025	2026-07-29
C.Fou.Spa.Rub.Nxd4	618	68	479	71	93280	Carlsen, M.	2843	2002	2023	2026-07-29
C.Fou.Spa.Rub.O-O	425	120	232	73	57883	Carlsen, M..	2862	2017	2021	2026-07-29
C.Fou.Spa.Rub.Nxe5	64	23	27	14	59721	Wang Hao	2756	2001	2019	2026-07-29
C.Fou.Spa.Rub.Nxe5.Bc5	8	3	3	2	5253	Chekhov, Valery A	2520	1977	2010	2026-07-29
C.Fou.Spa.Rub.Nxe5.Qe7	50	16	23	11	17324	Wang Hao	2756	2001	2019	2026-07-29
C.RyL.Ber.Rio.Qe2	408	135	213	60	1205	Carlsen, M.	2832	2005	2017	2026-07-29
C.RyL.Ber.Rio.Qe2.Nd6	387	125	204	58	1018	Carlsen, M.	2832	2005	2017	2026-07-29
C.RyL.Ber.Rio.Qe2.Nd6.Bxc6	387	125	204	58	984	Carlsen, M.	2832	2005	2019	2026-07-29
C.RyL.Ber.Rio.Qe2.d5	17	6	9	2	149	Beliavsky, Alexander G	2620	1974	1981	2026-07-29
D.QGD.Har.MLn.c5	3698	1249	1959	490	183480	Carlsen, M.	2875	2014	2019	2026-07-29
D.QGD.Har.MLn.c5.dxc5	3587	1213	1912	462	64645	Carlsen, M.	2875	2014	2019	2026-07-29
D.QGD.Har.MLn.c6	550	291	182	77	354150	Topalov, Veselin	2707	1990	2000	2026-07-29
D.QGD.Har.MLn.b6	1814	611	991	212	200014	Carlsen, M.	2882	2018	2019	2026-07-29
D.QGD.Har.MLn.Nbd7	4006	895	2712	399	134931	Carlsen, M.	2863	2001	2020	2026-07-29
D.QGD.Har.MLn.Nbd7.c5	1988	410	1424	154	30568	Carlsen, M.	2863	2014	2020	2026-07-29
E.Nim.Rub.StP.MLn.Nf3	2265	728	960	577	132352	Carlsen, M.	2853	2010	2017	2026-07-29
E.Nim.Rub.StP.MLn.Nf3.O-O	1484	454	651	379	89120	Carlsen, M.	2853	2010	2017	2026-07-29
E.Nim.Rub.StP.MLn.Nf3.Ne4	682	228	283	171	32872	Gelfand, Boris	2741	2010	2016	2026-07-29
C.Ita.Evn.Acc.Mor.dxc3	11	5	3	3	83150	Dillenburg, Alberto Francisco	2378	2008	2020	2026-07-29
C.Ita.Evn.Acc.Mor.d3	15	5	2	8	10200	Ibragimov, Ildar	2575	1996	2017	2026-07-29
C.Ita.Evn.Acc.Mor.b5	0	0	0	0	151					2026-07-29
C.Ita.Evn.Acc.Mor.Nge7	114	15	68	31	88091	Vachier Lagrave, M.	2774	2000	2019	2026-07-29
C.Ita.Two.Opn.MLn.e5	2675	775	1107	793	1664811	Carlsen, M.	2875	2019	2023	2026-07-29
C.Ita.Two.Opn.MLn.e5.Ng4	274	71	102	101	187288	Carlsen, M.	2851	2009	2018	2026-07-29
C.Ita.Two.Opn.MLn.e5.d5	2046	631	834	581	1190556	Carlsen, M.	2875	2019	2024	2026-07-29
C.Ita.Two.Opn.MLn.Ng5	115	31	35	49	273574	Smeets, Jan	2647	1991	2017	2026-07-29
A.QPO.Nf6.g4.Nxg4	25	4	10	11	58322	Shankland, S.	2661	2015	2020	2026-07-29
A.QPO.Nf6.g4.Nxg4.f3	0	0	0	0	4891					2026-07-29
A.QPO.Nf6.g4.Nxg4.f3.Nf6	0	0	0	0	4445					2026-07-29
A.QPO.Nf6.g4.Nxg4.e4	25	4	10	11	51257	Shankland, S.	2661	2015	2020	2026-07-29
A.QPO.Nf6.g4.Nxg4.e4.d6	15	2	8	5	11242	Shankland, S.	2661	2015	2020	2026-07-29
A.QPO.Nf6.g4.e5	0	0	0	0	500					2026-07-29
C.Vie.Gbt.Fal.MLn.Qf3	312	88	142	82	315731	Nakamura, Hi	2802	2023	2024	2026-07-29
C.Vie.Gbt.Fal.MLn.Qf3.f5	78	19	43	16	51203	Rapport, R.	2740	2002	2024	2026-07-29
C.Vie.Gbt.Fal.MLn.d3	191	52	73	66	75093	Mamedyarov, Shakhriyar	2646	1986	2010	2026-07-29
C.Vie.Gbt.Fal.MLn.d3.Qh4	5	3	0	2	19825	Van der Sterren, Paul	2530	1973	2006	2026-07-29
C.RyL.Mor.Ba4.Nf6.d3	6428	2139	2729	1560	1543305	Carlsen, M.	2882	2012	2019	2026-07-29
C.RyL.Mor.Ba4.Nf6.d3.d6	2963	950	1200	813	251064	Carlsen, M.	2882	2016	2019	2026-07-29
C.RyL.Mor.Ba4.Nf6.Bxc6	624	169	272	183	54698	Carlsen, Magnus	2810	2010	2022	2026-07-29
C.RyL.Mor.Ba4.Nf6.c3	3	0	2	1	63648	Hort, Vlastimil	2585	1983	2012	2026-07-29
C.RyL.Mor.Ba4.Nf6.d4	1570	441	673	456	165612	Kramnik, Vladimir	2777	2003	2022	2026-07-29
C.RyL.Mor.Ba4.Nf6.Nc3	997	381	434	182	261630	Carlsen, M.	2835	2019	2024	2026-07-29
C.RyL.Mar.MLn.Rxe5	5093	660	3923	510	369946	Carlsen, M.	2870	2015	2019	2026-07-29
C.RyL.Mar.MLn.Rxe5.c6	4890	606	3810	474	286103	Carlsen, M.	2870	2015	2019	2026-07-29
C.RyL.Mar.MLn.Rxe5.c6.d4	2619	341	1979	299	197020	Carlsen, M.	2832	2008	2017	2026-07-29
C.RyL.Mar.MLn.Rxe5.Nf6	41	18	11	12	71882	Sjugirov, Sanan	2627	1983	2011	2026-07-29
C.RyL.Cha.MLn.d4	9401	3368	4472	1561	279586	Kasparov, Garry	2838	2002	2015	2026-07-29
C.RyL.Cha.MLn.d4.Nc6	207	89	86	32	26240	Bologan, Viktor	2676	1985	2004	2026-07-29
C.RyL.Cha.MLn.d4.Qc7	6410	2289	3139	982	169633	Carlsen, M.	2834	2009	2015	2026-07-29
C.RyL.Cha.MLn.d4.Qc7.Nbd2	5243	1821	2599	823	97228	Carlsen, M.	2834	2005	2015	2026-07-29
D.Sem.Bg5.Bot.MLn.g5	3770	1228	1880	662	148746	Aronian, L.	2801	2012	2014	2026-07-29
D.Sem.Bg5.Bot.MLn.g5.Nxg5	3346	1060	1734	552	120269	Aronian, L.	2801	2012	2014	2026-07-29
D.Sem.Bg5.Bot.MLn.g5.exf6	313	124	108	81	17016	Grischuk, Alexander	2715	2005	2008	2026-07-29
D.Cat.Cls.Qc2.c6.Nbd2	1701	691	735	275	249052	So, Wesley	2765	2006	2020	2026-07-29
D.Cat.Cls.Qc2.c6.Bf4	3493	521	2550	422	34646	Ding Liren	2816	2018	2020	2026-07-29
D.Cat.Cls.Qc2.c6.Bf4.b6	2897	327	2339	231	19515	Ding Liren	2816	2018	2020	2026-07-29
A.OID.Mod.MLn.Nf6.Bg5	680	285	217	178	404429	Carlsen, Magnus	2813	2008	2014	2026-07-29
A.OID.Mod.MLn.Nf6.Nge2	1778	704	577	497	195202	Carlsen, M.	2881	2011	2025	2026-07-29
A.OID.Mod.MLn.Nf6.g3	125	34	48	43	77344	Adhiban, Baskaran	2660	2008	2021	2026-07-29
A.OID.Mod.MLn.Nf6.Be2	17097	6580	6358	4159	1400848	Carlsen, M.	2832	2013	2024	2026-07-29
A.Mod.Avk.MLn.Be2.Na6	3222	1121	1147	954	197220	Carlsen, Magnus	2863	2010	2025	2026-07-29
A.Mod.Avk.MLn.Be2.e5	42423	15413	17841	9169	1788422	Carlsen, M.	2872	2019	2022	2026-07-29
A.Mod.Avk.MLn.Be2.e5.O-O	29040	10594	12295	6151	909857	Carlsen, M.	2872	2019	2025	2026-07-29
E.QID.Kas.Bb7	4612	1442	2112	1058	830813	Carlsen, M.	2882	2001	2019	2026-07-29
E.QID.Kas.Bb7.Bg5	1368	406	578	384	355113	Anand, Viswanathan	2817	2006	2013	2026-07-29
E.QID.Kas.Bb7.Bg5.h6	531	144	224	163	48256	Anand, Viswanathan	2817	2006	2011	2026-07-29
E.QID.Kas.Bb7.Bg5.h6.Bh4	521	139	219	163	39186	Anand, Viswanathan	2817	2006	2011	2026-07-29
E.QID.Pet.Ba6	3000	945	1277	778	27321	Caruana, F.	2804	2002	2021	2026-07-29
E.QID.Pet.Ba6.Qc2	2255	734	944	577	13112	Caruana, F.	2804	2002	2021	2026-07-29
E.QID.Pet.Ba6.Qc2.Bb7	1816	557	811	448	5014	Caruana, F.	2804	2002	2021	2026-07-29
E.QID.Sps.Bb7	2921	864	1304	753	290397	Carlsen, M.	2853	2001	2025	2026-07-29
E.QID.Euw.Bd3.c5.Nc3	136	51	50	35	18264	Karpov, Anatoly	2740	1994	2002	2026-07-29
E.QID.Euw.Bd3.c5.Nc3.cxd4	42	17	13	12	5084	Karpov, Anatoly	2740	1993	1995	2026-07-29
E.QID.Euw.Bd3.c5.O-O.g6	209	68	78	63	499	Kramnik, Vladimir	2810	1998	2016	2026-07-29
E.QID.Nim.Qui.Bb4	8986	1699	6040	1247	65495	Aronian, Levon	2816	2008	2014	2026-07-29
E.QID.Nim.Int.Be7	8741	1627	5905	1209	54935	Aronian, Levon	2816	2008	2014	2026-07-29
E.QID.Nim.Int.Qe7	31	10	13	8	2513	Carlsen, Torben Erik	2609	2006	2022	2026-07-29
E.QID.Cls.Nc3	2374	819	1172	383	81956	Carlsen, M.	2853	2003	2023	2026-07-29
E.QID.Cls.Nc3.Ne4	1425	486	721	218	7014	Carlsen, M.	2853	2003	2023	2026-07-29
E.QID.Cls.Nc3.Ne4.Bd2	1174	421	580	173	1153	Carlsen, M.	2853	2003	2023	2026-07-29
E.QID.Mod.Sms.d5	602	226	248	128	23600	Carlsen, M.	2872	2011	2019	2026-07-29
E.QID.Mod.Sms.d5.exd5	584	216	243	125	20876	Carlsen, M.	2872	2011	2019	2026-07-29
E.QID.Mod.Sms.d5.exd5.Nh4	425	141	177	107	15696	Ponomariov, Ruslan	2764	2011	2012	2026-07-29
E.Bog.Vit	2337	703	1103	531	91032	Mamedyarov, S.	2817	2007	2018	2026-07-29
E.Ind.Cat.d5.Bg2.dxc4.Qa4	513	130	280	103	22113	Carlsen, M.	2882	2018	2020	2026-07-29
E.Ind.Cat.d5.Bg2.dxc4.Nf3	14347	4005	7531	2811	475234	Carlsen, M.	2865	2020	2022	2026-07-29
E.Ind.e6.Nf3.d5.e3.b6	741	176	370	195	103992	Aronian, L.	2830	2014	2025	2026-07-29
E.Ind.e6.Nf3.d5.e3.Be7	1621	395	897	329	678150	Caruana, Fabiano	2835	2015	2020	2026-07-29
E.Ben.Old.Adv.Nf6.Nf3.c4	24	9	9	6	3473	Dautov, Rustem	2625	1992	2001	2026-07-29
A.Eng.AIn.Nc3.d5.cxd5.Nf3	804	309	328	167	214328	Mamedyarov, Shakhriyar	2772	2007	2018	2026-07-29
A.Eng.AIn.Nc3.d5.cxd5.g3	1724	762	664	298	279463	Aronian, L.	2803	2010	2017	2026-07-29
A.Ret.Ang.g3.Nf6.b3.g6	104	29	56	19	11972	Grischuk, A.	2771	2008	2018	2026-07-29
A.Ret.Ang.g3.Nf6.b3.Bf5	309	83	126	100	22093	Cheparinov, Ivan	2660	1971	2010	2026-07-29
A.Ret.Ang.g3.Nf6.b3.Bg4	372	96	164	112	11952	Vachier Lagrave, M.	2789	1979	2018	2026-07-29
A.Ret.Ang.g3.Nf6.b3.dxc4	53	12	11	30	2053	Sutovsky, Emil	2656	1989	2011	2026-07-29
A.EID.Bf4.Bg7.e3.d6.Bd3	14	2	5	7	426304	Socko, Bartosz	2630	2005	2017	2026-07-29
A.EID.Bf4.Bg7.e3.d6.Be2	398	120	168	110	516023	Carlsen, M.	2832	2011	2017	2026-07-29
A.EID.Bf4.Bg7.e3.d6.h3	1461	434	572	455	871273	Carlsen, M.	2850	2014	2018	2026-07-29
A.Eng.Rev.a3	304	107	119	78	181160	Carlsen, Magnus	2802	2010	2022	2026-07-29
A.Eng.Rev.a3.Nf6	191	65	85	41	80513	Carlsen, Magnus	2802	2010	2022	2026-07-29
A.Eng.Rev.a3.d6	21	6	6	9	16134	Markowski, Tomasz	2605	1997	2025	2026-07-29
A.Eng.Rev.d3	741	295	289	157	440781	Caruana, Fabiano	2835	2017	2020	2026-07-29
A.Eng.Rev.d3.Nf6	364	145	146	73	191581	Caruana, Fabiano	2835	2017	2020	2026-07-29
A.Eng.Rev.d3.Nf6.a3	100	46	32	22	18423	Nakamura, Hi	2804	2019	2025	2026-07-29
A.Eng.Rev.d3.d6	28	20	5	3	49090	Kramnik, V.	2753	2018	2022	2026-07-29
A.Eng.Rev.d3.d6.a3	2	0	1	1	1753	Isajevsky, Anton	2368	2002	2025	2026-07-29
B.Sic.OKn.Nf6.Nc3.g6.Be2	2374	785	905	684	486935	Carlsen, Magnus	2813	2009	2011	2026-07-29
A.Lar.Mod.e3	3012	887	1263	862	1937696	Carlsen, M.	2831	2016	2024	2026-07-29
A.Lar.Mod.e3.d5	578	170	236	172	1646351	Nakamura, Hi	2777	2010	2018	2026-07-29
A.Lar.Mod.e3.d5.Bb5	532	154	224	154	1086693	Nakamura, Hi	2777	2010	2018	2026-07-29
A.Lar.Mod.e3.d5.Bb5.Ne7	30	9	10	11	41325	So, W.	2769	2016	2024	2026-07-29
B.Fre.Stn.MLn.f4.c5.dxc5	62	23	16	23	38778	Caruana, F.	2796	2010	2025	2026-07-29
B.Fre.Stn.MLn.f4.c5.Nf3	14477	4910	6884	2683	1556616	Carlsen, M.	2882	2012	2023	2026-07-29
C.PhD.d4.Nd7.Bc4.c6.c3	25	12	7	6	30977	Topalov, Veselin	2645	1993	2012	2026-07-29
C.PhD.d4.Nd7.Bc4.c6.O-O	258	140	63	55	63313	Ivanchuk, Vassily	2735	1996	2013	2026-07-29
C.PhD.d4.Nd7.Bc4.c6.Nc3	113	60	34	19	92032	Rogers, Ian	2570	1994	2006	2026-07-29
C.PhD.d4.Nd7.Bc4.c6.Ng5	13	8	2	3	15407	Oll, Lembit	2630	1997	2006	2026-07-29
C.Fou.Spa.Dbl.MLn.d3.Bxc3	668	200	329	139	22329	Carlsen, M.	2850	2010	2017	2026-07-29
C.Fou.Spa.Dbl.MLn.d3.Qe7	0	0	0	0	332					2026-07-29
C.Ita.Two.Max.MLn.exf6.dxc4	161	66	44	51	353053	Dominguez Perez, L.	2757	2010	2015	2026-07-29
D.Bgm.Cap.Nc3.Nf6.f3.a6	0	0	0	0	1765					2026-07-29
D.Bgm.Cap.Nc3.Nf6.f3.e3	21	5	9	7	84591	Ziatdinov, Raset	2536	1994	2008	2026-07-29
D.Bgm.Cap.Nc3.Nf6.f3.c6	19	6	5	8	190359	Filippov, Valerij	2593	2000	2015	2026-07-29
D.Bgm.Cap.Nc3.Nf6.f3.Bf5	28	11	10	7	204687	Krivoshey, Sergei	2455	2001	2020	2026-07-29
D.Bgm.Cap.Nc3.Nf6.f3.e6	3	0	0	3	138116	Videki, Sandor	2441	1978	2015	2026-07-29
D.Sla.Nf3.Nf6.Nc3.dxc4.e3	577	186	246	145	148383	Kasparov, Garry	2815	1994	2022	2026-07-29
D.Sla.Nf3.Nf6.Nc3.dxc4.a4	17148	5929	7932	3287	876362	Carlsen, M.	2877	2014	2020	2026-07-29
C.RyL.Ber.d3	12424	2885	7857	1682	1412604	Carlsen, M.	2881	2013	2020	2026-07-29
C.RyL.Ber.d3.d6	2393	839	1066	488	458552	Carlsen, Magnus	2868	2010	2013	2026-07-29
C.RyL.Ber.d3.d6.Bxc6	4	0	2	2	15675	Khanin, S..	2511	2014	2021	2026-07-29
C.RyL.Ber.d3.d6.c4	96	35	33	28	4154	Firouzja, Alireza	2723	1993	2019	2026-07-29
C.RyL.Ber.d3.Bc5	9819	1953	6707	1159	697821	Carlsen, M.	2881	2012	2020	2026-07-29
C.RyL.Ber.d3.Bc5.Be3	31	9	15	7	16518	Carlsen, Magnus	2823	2011	2023	2026-07-29
C.RyL.Ber.d3.Ne7	153	63	63	27	69288	Carlsen, M.	2855	2021	2025	2026-07-29
C.RyL.Ber.d3.Ne7.Nxe5	0	0	0	0	21691					2026-07-29
C.RyL.Ber.d3.Ne7.Nxe5.c6	0	0	0	0	21490					2026-07-29
A.Pol.e6.Bb2.Nf6.b5.b6	17	7	4	6	39119	Miles, Anthony J	2610	1984	2008	2026-07-29
A.Pol.e6.Bb2.Nf6.b5.a6	30	3	18	9	53762	Karpov, Anatoly	2765	1994	2008	2026-07-29
A.Pol.e6.Bb2.Nf6.b5.d5	45	9	22	14	159050	Akopian, Vladimir	2660	1995	2020	2026-07-29
A.Van.d5.f4.d4.Ne4	2	1	0	1	8735	Tunik, Gennady	2450	2007	2025	2026-07-29
A.Van.d5.f4.d4.Ne4.f5	0	0	0	0	2974					2026-07-29
A.Van.d5.f4.d4.Ne4.c5	0	0	0	0	551					2026-07-29
A.Van.d5.f4.d4.Ne4.e5	0	0	0	0	155					2026-07-29
B.Mod.Std.Nc3.C5S.Sic.Be3	101	36	37	28	15996	Vallejo Pons, F.	2714	1992	2018	2026-07-29
B.Mod.Std.Nc3.C5S.Sic.d5	11	5	4	2	2034	Keene, Raymond	2490	1964	2011	2026-07-29
B.Mod.Std.Nc3.C5S.Sic.Bd2	9	2	2	5	3869	Zapata, Alonso	2535	1984	2010	2026-07-29
B.Sic.HAc.d4.Bg7.dxc5.Nc3	168	59	53	56	61513	Zvjaginsev, Vadim	2659	1977	2006	2026-07-29
B.Sic.Old.d4.cxd4.Nxd4.d5	169	62	70	37	186022	Ivanchuk, Vassily	2710	1993	2016	2026-07-29
B.Sic.Old.d4.cxd4.Nxd4.a6	67	31	24	12	923077	Karpov, Anatoly	2690	1977	2005	2026-07-29
B.Sic.Old.d4.cxd4.Nxd4.Nf6	45291	12806	22335	10150	6681679	Carlsen, M.	2835	2018	2018	2026-07-29
A.Sod.e5	5	1	2	2	36448	Lagarde, Max	2604	2014	2019	2026-07-29
A.Sod.g6	2	1	0	1	6006	Gonzalez, Ren	2451	2000	2018	2026-07-29
A.Bir.Dut.g4	0	0	0	0	10813					2026-07-29
A.Bir.Dut.c4	6	1	3	2	86892	Skrobek, Ryszard	2410	1983	2006	2026-07-29
A.Bir.Dut.b3	193	54	69	70	122443	Gather, Juergen	2742	1982	1996	2026-07-29
A.Owe.Eng.e4	1462	514	478	470	873358	Kramnik, Vladimir	2809	2002	2019	2026-07-29
A.Owe.Eng.e4.Bb7	1190	436	368	386	824640	Kramnik, Vladimir	2809	2002	2015	2026-07-29
A.Owe.Eng.e4.Bb7.Bd3	909	368	272	269	410590	Kramnik, Vladimir	2809	2002	2015	2026-07-29
A.Owe.Eng.e4.Bb7.f3	61	18	18	25	157568	Short, Nigel D	2698	1995	2018	2026-07-29
A.OID.e5	4324	1169	1562	1593	1211714	Aronian, L.	2815	1992	2017	2026-07-29
A.OID.e5.dxe5	479	44	194	241	568183	Krasenkow, Michal	2661	1993	2001	2026-07-29
A.OID.e5.dxe5.Nc6	5	3	0	2	123226	Aung, Aung	2495	1992	2000	2026-07-29
A.OID.e5.dxe5.Be6	0	0	0	0	2560					2026-07-29
A.QPO.Nf6.f3.d5	86	21	30	35	292099	Filippov, Valerij	2593	2000	2014	2026-07-29
A.QPO.Nf6.f3.d5.g4	2	1	0	1	6434	Shirazi, K.	2363	2011	2014	2026-07-29
A.QPO.Nf6.f3.d5.e4	77	16	29	32	118557	Filippov, Valerij	2593	2000	2014	2026-07-29
A.QPO.Nf6.f3.d5.Nc3	27	6	7	14	249082	Mamedyarov, S.	2767	2002	2019	2026-07-29
A.QPO.Nf6.Nc3.e5	1	1	0	0	77443	Geißler, Walter	2323	2006	2006	2026-07-29
A.QPO.Nf6.Nc3.c5	351	139	113	99	550875	Grandelius, N.	2643	1972	2022	2026-07-29
A.QPO.Nf6.Nc3.d5	7900	2244	3096	2560	6700714	Carlsen, M.	2839	2017	2025	2026-07-29
A.Tro.Rap.Bf4	5386	2041	1933	1412	789359	Mamedyarov, S.	2799	2013	2020	2026-07-29
A.Tro.Rap.Bh4	699	258	190	251	412998	Morozevich, Alexander	2760	2009	2020	2026-07-29
A.Tro.Rap.Bh4.c6	53	14	22	17	7917	Vaganian, Rafael A	2667	2000	2004	2026-07-29
A.Tro.Rap.Bh4.d5	182	81	47	54	129445	Morozevich, Alexander	2760	2007	2014	2026-07-29
A.Hol.Fch.Nf6	10731	3714	4894	2123	400293	Carlsen, M.	2865	2015	2020	2026-07-29
A.Hol.Fch.g6	646	294	231	121	21333	Grischuk, A.	2766	1987	2018	2026-07-29
A.Hol.Fch.c6	12	6	4	2	2972	Adianto, Utut	2585	1989	1995	2026-07-29
B.Ale.Chs.Nd5	617	187	214	216	679867	Krasenkow, Michal	2655	1994	2015	2026-07-29
B.Ale.Chs.Nd5.Bc4	255	77	80	98	340658	Fridman, Daniel	2665	1971	2009	2026-07-29
B.Ale.Fou.g5	17	6	4	7	37451	Teske, Henrik	2545	2006	2023	2026-07-29
B.Ale.Fou.g6	171	72	48	51	243808	Carlsen, Magnus	2863	2020	2022	2026-07-29
B.Ale.Fou.Bf5	201	76	67	58	156742	Carlsen, M.	2832	2012	2024	2026-07-29
B.Ale.Mod.dxe5	2628	919	1169	540	265812	Anand, Viswanathan	2799	2008	2012	2026-07-29
B.Ale.Mod.Nc6	401	166	121	114	171181	Nakamura, Hi	2786	2002	2018	2026-07-29
B.Ale.Mod.Nb6	701	233	251	217	156616	Carlsen, M.	2853	2007	2019	2026-07-29
B.Pir.Be2	661	244	206	211	237509	Grischuk, A.	2792	2014	2016	2026-07-29
B.Pir.Bc4	273	93	93	87	505272	Nakamura, Hi	2745	1994	2019	2026-07-29
B.CaK.Exc.Bf4	606	130	291	185	392312	Giri, A..	2780	2003	2021	2026-07-29
B.CaK.Exc.g4	0	0	0	0	760					2026-07-29
B.CaK.Exc.Bd3	5993	1755	2574	1664	4217559	Carlsen, Magnus	2863	2017	2020	2026-07-29
B.CaK.Exc.Bd3.Nc6	5133	1512	2196	1425	2286581	Carlsen, Magnus	2863	2017	2020	2026-07-29
B.CaK.Exc.Bd3.Nc6.c3	5183	1534	2217	1432	1903105	Carlsen, Magnus	2863	2017	2020	2026-07-29
B.CaK.Exc.Bd3.Nc6.c3.Nf6	2887	882	1320	685	1699640	Carlsen, Magnus	2863	2017	2020	2026-07-29
B.Sic.Alp.Cen.MLn.cxd4	486	174	213	99	817132	Topalov, Veselin	2803	1981	2023	2026-07-29
B.Sic.Alp.Cen.MLn.Nf6	6301	1638	2986	1677	544610	Carlsen, M.	2861	2019	2024	2026-07-29
B.Sic.Alp.Cen.MLn.Nc6	2013	689	816	508	431453	Nepomniachtchi, I..	2789	1995	2025	2026-07-29
B.Sic.Clo.Fch.g6	7345	1930	2838	2577	1034826	Nakamura, Hi	2786	1999	2020	2026-07-29
B.Sic.Clo.Fch.g6.Bg2	7018	1834	2721	2463	1002183	Nakamura, Hi	2786	1999	2020	2026-07-29
B.Sic.Clo.Fch.g6.Bg2.Bg7	7400	1946	2869	2585	1201855	Nakamura, Hi	2786	1999	2020	2026-07-29
B.Sic.OKn.Nf6.Bc4	38	11	13	14	149324	Carlsen, Magnus	2863	2020	2024	2026-07-29
B.Sic.OKn.Nf6.f3	3321	1091	1477	753	703030	Carlsen, M.	2853	2016	2016	2026-07-29
B.Sic.OKn.Nf6.Nc3.Bd7	1307	413	468	426	57897	Carlsen, M.	2882	2017	2019	2026-07-29
B.Sic.OKn.Nf6.Nc3.e5	397	160	169	68	328705	Caruana, F.	2803	2010	2024	2026-07-29
C.Cen.Dsh.Acc.MLn.Qe7	0	0	0	0	66245					2026-07-29
C.Cen.Dsh.Acc.MLn.Nf6	4	0	4	0	173958	Brodda, Wolfgang	2581	2022	2025	2026-07-29
C.Cen.Dsh.Acc.MLn.Bb4	0	0	0	0	491471					2026-07-29
C.Cen.Dsh.Acc.MLn.d5	14	2	10	2	186841	Kaczur, F.	2497	1996	2025	2026-07-29
C.Vie.Cls.b5	0	0	0	0	2664					2026-07-29
C.Vie.Cls.Bb4	127	35	48	44	378995	Mamedyarov, S.	2801	1972	2024	2026-07-29
C.Vie.Cls.Bc5	468	136	206	126	1249289	Carlsen, M..	2847	2015	2024	2026-07-29
C.PhD.d4.exd4.Nxd4.Nf6	2984	1107	1090	787	2007854	Carlsen, Magnus	2863	2012	2020	2026-07-29
C.PhD.d4.exd4.Nxd4.g6	418	202	120	96	172713	Vachier Lagrave, Maxime	2711	1977	2013	2026-07-29
C.PhD.d4.exd4.Nxd4.d5	3	2	1	0	5238	Shabalov, Alexander	2601	1992	2003	2026-07-29
C.PhD.Lio.Bxf7	27	1	3	23	37049	Narciso Dublan, Marc	2536	2010	2012	2026-07-29
C.PhD.Lio.Ng5	70	26	16	28	16434	Mchedlishvili, Mikheil	2626	2000	2025	2026-07-29
C.PhD.Lio.Ng5.O-O	69	25	16	28	16332	Mchedlishvili, Mikheil	2626	2000	2025	2026-07-29
C.PhD.Lio.Ng5.O-O.Bxf7	63	24	14	25	11149	Mchedlishvili, Mikheil	2626	2000	2025	2026-07-29
C.PhD.d4.f5.Bc4	8	5	1	2	43263	Adorjan, Andras	2530	1977	2021	2026-07-29
C.PhD.d4.f5.dxe5	14	8	3	3	117102	Sax, Gyula	2600	1990	2013	2026-07-29
C.PhD.d4.f5.dxe5.fxe4	14	8	3	3	108153	Sax, Gyula	2600	1990	2013	2026-07-29
C.PhD.d4.f5.dxe5.fxe4.Ng5	12	7	3	2	74032	Sax, Gyula	2600	1990	2013	2026-07-29
C.Pet.Mod.Stn.Qe2	6	5	1	0	1272	Hector, Jonny	2533	1978	2025	2026-07-29
C.Pet.Mod.Stn.Qe2.Nc5	2	2	0	0	527	Hector, Jonny	2533	1994	2008	2026-07-29
C.Pet.Mod.Stn.Qe2.Nc5.Nxd4	2	2	0	0	474	Hector, Jonny	2533	1994	2008	2026-07-29
C.Pet.Mod.Stn.Qxd4	429	172	213	44	98066	Kasparov, Garry	2800	1990	2019	2026-07-29
C.Pet.Mod.Stn.Bb5	13	8	2	3	194	Smyslov, Vassily	2620	1971	2004	2026-07-29
C.Sco.exd4.Nxd4.Qh4.Nb5.Bb4	36	10	18	8	5731	Sveshnikov, Evgeny	2585	1976	1997	2026-07-29
C.Sco.Mie.e5	2	0	1	1	8428	Pirs, Matjaz	2467	2012	2024	2026-07-29
C.Sco.Mie.Nxc6	7295	2034	3624	1637	1315376	Carlsen, M.	2837	2010	2017	2026-07-29
C.Sco.Mie.Nxc6.bxc6	7274	2024	3615	1635	1235721	Carlsen, M.	2837	2010	2017	2026-07-29
C.Sco.Mie.Nxc6.bxc6.e5	5803	1643	2866	1294	516717	Carlsen, M.	2837	2010	2017	2026-07-29
C.Sco.Mie.Nxc6.bxc6.Nd2	233	68	119	46	12957	Ding, Liren	2791	2020	2025	2026-07-29
C.Ita.Giu.c3.Qe7.d4.Bb6	105	63	24	18	44421	Carlsen, M.	2847	1975	2021	2026-07-29
C.Ita.Giu.O-O.Nf6.d3.h6	242	90	104	48	943409	Carlsen, M..	2847	2021	2025	2026-07-29
C.Ita.Giu.O-O.Nf6.d3.O-O	2178	710	973	495	820766	Carlsen, M.	2882	2016	2019	2026-07-29
C.Ita.Giu.O-O.Nf6.d3.a5	35	4	26	5	5958	Murzin, Volodar	2678	2021	2025	2026-07-29
C.Ita.Two.Ng5.d5	3320	1076	1428	816	4071512	Carlsen, M..	2862	2019	2024	2026-07-29
C.Ita.Two.Ng5.Nb4	0	0	0	0	38					2026-07-29
C.Ita.Two.Ng5.Nxe4	1	1	0	0	195031	Kuegel, T.	2419	2024	2024	2026-07-29
C.RyL.Shl.Bxc6	197	88	72	37	248473	Carlsen, M.	2881	2007	2014	2026-07-29
C.RyL.Shl.exf5	38	5	25	8	228078	Megaranto, Susanto	2544	1987	2011	2026-07-29
C.RyL.Shl.d4	174	58	56	60	101380	Ivanchuk, Vassily	2725	1995	2023	2026-07-29
D.Bgm.Acc.Bog.MLn.O-O	46	5	15	26	32827	Muck, Christian	2547	1994	2007	2026-07-29
D.Bgm.Acc.Bog.MLn.O-O.O-O	45	5	14	26	31198	Muck, Christian	2547	1994	2007	2026-07-29
D.Bgm.Acc.Bog.MLn.h4	1	0	0	1	1130	Zoubkov, Alexander	2308	2008	2008	2026-07-29
D.Bgm.Acc.Bog.MLn.Ne5	2	0	1	1	3792	Bester, Ben	2426	2005	2009	2026-07-29
D.QPG.Lon.Stn.dxc5	27	8	10	9	84396	Ding Liren	2764	2016	2021	2026-07-29
D.QPG.Lon.Stn.e4	74	21	25	28	26786	Ponomariov, Ruslan	2719	2005	2019	2026-07-29
D.QPG.Lon.Stn.e4.dxe4	48	16	14	18	17909	Ponomariov, Ruslan	2719	2005	2019	2026-07-29
A.Col.Bd6	218	94	91	33	462189	Carlsen, M.	2832	2017	2020	2026-07-29
A.Col.Bd6.O-O	96	38	41	17	167792	Duda, Jan Krzysztof	2753	2018	2020	2026-07-29
D.QPG.c4.c5.dxc5	20	6	8	6	277542	Li Chao2	2703	2003	2020	2026-07-29
D.QPG.c4.c5.dxc5.d4	15	6	5	4	145711	Van Wely, Loek	2675	2003	2020	2026-07-29
D.QPG.c4.c5.cxd5	281	103	137	41	390902	Carlsen, M.	2882	2018	2025	2026-07-29
D.QPG.c4.c5.cxd5.Nf6	105	32	54	19	36613	Nakamura, Hi	2802	2024	2025	2026-07-29
D.Sla.Qui.cxd5	803	232	390	181	62051	Carlsen, Magnus	2837	2009	2013	2026-07-29
D.Sla.Qui.cxd5.cxd5	764	215	371	178	64161	Carlsen, Magnus	2837	2009	2013	2026-07-29
D.Sla.Qui.cxd5.cxd5.Nc3	218	64	91	63	101246	Shirov, Alexei	2735	2003	2007	2026-07-29
D.Sla.Qui.cxd5.cxd5.Qb3	536	146	278	112	14920	Carlsen, Magnus	2837	2009	2013	2026-07-29
D.QGA.Old.MLn.Qb3	4	1	1	2	20773	Petran, Pal	2485	1993	2022	2026-07-29
D.QGA.Old.MLn.Qb3.Qe7	4	1	1	2	11792	Petran, Pal	2485	1993	2022	2026-07-29
D.QGA.Old.MLn.Qb3.Qe7.a3	3	1	0	2	2210	Vlachos, Anatole	2433	1997	2022	2026-07-29
D.QGA.Old.MLn.Qb3.Qe7.Nf3	1	0	1	0	7909	Petran, Pal	2485	1993	1993	2026-07-29
D.QGA.Old.MLn.Qb3.Qe7.Kf1	0	0	0	0	56					2026-07-29
D.QGA.Old.MLn.Qb3.Qe7.Nd2	0	0	0	0	29					2026-07-29
D.QGA.Nf3.Nf6.e3.Bg4	1829	643	793	393	136139	Ding, Liren	2791	2008	2023	2026-07-29
D.QGA.Nf3.Nf6.e3.g6	292	115	115	62	27628	Kramnik, Vladimir	2775	1974	2009	2026-07-29
D.QGA.Nf3.Nf6.e3.e6	9024	2737	4892	1395	472940	Kasparov, Garry	2838	2001	2019	2026-07-29
D.Sem.Mer.Bd3	8105	2175	4165	1765	214846	Aronian, Levon	2802	2007	2015	2026-07-29
D.Sem.Mer.Bd3.Bb7	4038	947	2278	813	89598	Aronian, L.	2803	2007	2015	2026-07-29
D.Sem.Mer.Bd3.Bd6	1108	287	545	276	28125	Aronian, Levon	2802	2008	2013	2026-07-29
D.Sem.Mer.Bd3.b4	578	174	309	95	7660	Karpov, Anatoly	2770	1996	2024	2026-07-29
D.QGD.Ort.Te7.a6	58	14	33	11	9880	Mamedyarov, S.	2747	1995	2016	2026-07-29
D.QGD.Ort.Te7.Ne4	20	8	8	4	189	Timman, Jan H	2650	1981	1985	2026-07-29
D.QGD.Ort.Te7.a6.cxd5	16	0	10	6	1640	Mamedyarov, S.	2747	1997	2016	2026-07-29
E.Nim.Spl.Rom.Nf3	149	38	66	45	11432	Alekseenko, K.	2687	1992	2024	2026-07-29
E.Nim.Spl.Rom.Nf3.Ne4	113	28	52	33	4800	Alekseenko, K.	2687	1992	2024	2026-07-29
E.Nim.Spl.Rom.Nf3.Ne4.Bd2	112	28	52	32	3563	Alekseenko, K.	2687	1992	2024	2026-07-29
E.Nim.Rub.StP.Ne2	3259	1112	1267	880	76561	Kasparov, Garry	2838	2001	2025	2026-07-29
E.Nim.Rub.StP.Ne2.Ne4	729	238	299	192	7014	Nepomniachtchi, I.	2773	2009	2024	2026-07-29
E.Nim.Rub.StP.Ne2.c5	1261	407	494	360	14282	Carlsen, M.	2861	2010	2022	2026-07-29
E.Nim.Rub.StP.Ne2.c5.a3	1243	399	489	355	13470	Carlsen, M.	2861	2010	2022	2026-07-29
E.KID.Sml.Ort.d5.c6	684	293	232	159	80277	Kasparov, Garry	2780	1988	2012	2026-07-29
E.KID.Sml.Ort.d5.Nh5	527	218	167	142	47385	Carlsen, Magnus	2861	1990	2013	2026-07-29
E.KID.Sml.Ort.d5.Nh5.Qd2	480	197	152	131	25079	Carlsen, Magnus	2861	1990	2013	2026-07-29
E.Ind.WIn.Nf3.Bg7.g3.c5	1369	436	598	335	68988	Carlsen, M..	2847	2012	2021	2026-07-29
C.Ita.Two.Ng5.d5.exd5	3319	1076	1428	815	4052124	Carlsen, M..	2862	2019	2024	2026-07-29
C.Ita.Two.Ng5.d5.exd5.Nb4	2	0	0	2	7859	Radulski, Julian	2515	2006	2006	2026-07-29
C.Cen.Dsh.Ne7	3	0	1	2	6701	Hector, Jonny	2515	2000	2019	2026-07-29
C.Cen.Dsh.d5	97	13	44	40	693630	Demchenko, A.	2654	1977	2022	2026-07-29
C.Cen.Pau.Cha	1	1	0	0	1154	Ladron de Guevara Pinto, P.	2427	2018	2018	2026-07-29
C.Cen.Pau.LHe	1	1	0	0	941	Jakubiec, Artur	2501	2001	2001	2026-07-29
C.Cen.exd4.f4.Bc5	2	1	1	0	25920	Muttoni, Guillermo	2380	1998	2000	2026-07-29
C.Cen.exd4.f4.Bc5.Nf3	2	1	1	0	18332	Muttoni, Guillermo	2380	1998	2000	2026-07-29
C.Cen.exd4.f4.Bc5.Nf3.Nc6	7	1	1	5	64260	Muttoni, Guillermo	2380	1998	2011	2026-07-29
C.Sco.Gor.d5	314	81	145	88	276695	Grischuk, A.	2766	1975	2022	2026-07-29
C.Sco.Gor.Dbl.Nf6	23	11	6	6	168254	Ljubojevic, Ljubomir	2565	1972	2010	2026-07-29
C.Sco.Gor.Dbl.Nf6.Nxc3	24	10	8	6	129759	Ljubojevic, Ljubomir	2565	1973	2010	2026-07-29
C.Sco.Gor.Dbl.Nf6.Nxc3.Bb4	22	9	9	4	147038	Ljubojevic, Ljubomir	2565	1972	2022	2026-07-29
C.Sco.Pot.Qg6	193	59	72	62	34255	Ivanchuk, Vassily	2695	1994	2005	2026-07-29
C.Vie.Fal.a3	86	29	41	16	98815	Firouzja, Alireza	2762	2010	2025	2026-07-29
C.Vie.Mie.Bc5	763	240	372	151	122412	Kramnik, V.	2812	2016	2025	2026-07-29
C.Vie.Mie.Bc5.Bg2	768	244	372	152	119704	Kramnik, V.	2812	2016	2025	2026-07-29
C.Vie.Mie.Bc5.Bg2.Nc6	663	234	272	157	241017	Nakamura, Hi	2780	2000	2020	2026-07-29
C.Vie.Mie.Bc5.Bg2.Nc6.Nge2	336	131	125	80	168789	Caruana, F.	2822	2014	2020	2026-07-29
C.Vie.Nc6.g3.Nf6	359	143	131	85	292282	Nakamura, Hi	2780	2014	2019	2026-07-29
C.Vie.Nc6.g3.Nf6.Bg2	386	154	143	89	303810	Nakamura, Hi	2780	2014	2019	2026-07-29
C.Vie.Nc6.f4.exf4.Nf3.Be7	8	2	2	4	47787	Motwani, Paul	2500	1989	1996	2026-07-29
C.Vie.Nc6.d4.f5	0	0	0	0	1408					2026-07-29
C.Vie.Cls.Bc5.Nge2	16	5	10	1	56953	Ding Liren	2762	2024	2025	2026-07-29
C.Vie.Cls.Bc5.Nge2.b5	0	0	0	0	120					2026-07-29
C.KGm.Dec.Qh5	18	5	4	9	5344	Schlindwein, Rolf	2425	1987	1995	2026-07-29
C.KGm.Dec.Sen	0	0	0	0	137					2026-07-29
C.KGm.Acc.Nf3.Fis.Gre	31	9	8	14	45262	Ivanchuk, Vassily	2754	1986	2021	2026-07-29
C.KGm.Acc.Muz.KHw	3	2	0	1	573	Friedman, Edward	2345	1989	1999	2026-07-29
C.KGm.Acc.All.Nf6	3	1	0	2	5624	Doric, Darko	2468	1992	2009	2026-07-29
C.KGm.Acc.Bsh.Nf6.Nc3	321	86	121	114	86278	Kasparov, Garry	2812	2011	2021	2026-07-29
C.KGm.Acc.Bsh.Nf6.Nc3.c6	261	67	106	88	34063	Kasparov, Garry	2812	2011	2021	2026-07-29
C.KGm.Acc.Bsh.Qh4.Kf1.d5	15	6	4	5	14976	Guliev, Sarhan	2490	1993	2010	2026-07-29
C.KGm.Acc.Bsh.f5.Qe2	2	0	1	1	59	Petrovic, Djordje	2590	2000	2008	2026-07-29
C.KGm.Acc.Bsh.f5.Qe2.Qh4	1	0	0	1	29	Zenker, Othmar	2374	2000	2000	2026-07-29
C.KGm.Acc.Bsh.b5.Bxb5	2	1	1	0	922	Lanzani, Mario	2371	2010	2025	2026-07-29
C.Ita.Evn.b5	0	0	0	0	530					2026-07-29
C.Ita.Evn.d5	8	4	2	2	5832	Nabaty, T.	2579	2000	2015	2026-07-29
C.Ita.Giu.d4	99	17	65	17	738248	Karthik, V4.	2563	2005	2023	2026-07-29
C.Ita.Two.d3	17766	5693	7889	4184	6590636	Carlsen, M.	2855	2016	2021	2026-07-29
C.Ita.Two.d3.Be7	6854	2365	2925	1564	1768729	Carlsen, M.	2864	2016	2022	2026-07-29
C.Ita.Two.Opn.d6	85	21	33	31	161880	Aronian, L.	2782	2021	2025	2026-07-29
C.Ita.Two.Max.Ng4	9	4	2	3	226423	Krysa, L.	2517	1997	2017	2026-07-29
C.Ita.Two.Max.Ng4.c3	1	0	0	1	21368	Budnikov, Oleg	2442	2011	2011	2026-07-29
C.Ita.Two.Ng5.Pol.d3	68	27	20	21	162478	Vidit, S.	2707	2007	2024	2026-07-29
C.Ita.Two.Ng5.Ulv.Bf1	202	88	51	63	82825	Carlsen, M.	2830	2006	2025	2026-07-29
C.Ita.Two.Ng5.Ulv.Bf1.h6	54	28	9	17	3453	Istratescu, A.	2671	1995	2014	2026-07-29
C.Ita.Two.Ng5.Trx.Nxf7	27	13	6	8	279518	Tahirov, Farhad	2571	2002	2010	2026-07-29
C.Ita.Two.Ng5.Trx.Nxf7.Bxf2	27	13	6	8	254552	Tahirov, Farhad	2571	2002	2010	2026-07-29
C.RyL.Mor.Opn.Nc3	0	0	0	0	114					2026-07-29
C.RyL.Mor.Opn.Re1	248	53	125	70	153115	Sevian, Samuel	2701	2021	2025	2026-07-29
C.RyL.Mor.Opn.Re1.d5	0	0	0	0	12275					2026-07-29
C.RyL.Mor.Opn.d4.b5.Nxe5	5	4	1	0	115	Chekhov, Valery A	2468	1981	2009	2026-07-29
C.RyL.Mor.Opn.d4.b5.d5	7	2	1	4	1392	Sorokin, Maxim	2560	1997	2006	2026-07-29
C.RyL.Mor.Opn.MLn.c4	3	1	1	1	35	Vitolinsh, Alvis	2430	1979	2006	2026-07-29
C.RyL.Mor.Opn.MLn.a4	19	6	9	4	827	Shirov, A.	2684	1989	2024	2026-07-29
C.RyL.Mor.Opn.MLn.a4.Nxd4	8	2	5	1	81	Giaccio, Alfredo Gustavo	2505	1998	2024	2026-07-29
C.RyL.Mor.Opn.MLn.dxe5.Ne7	2	2	0	0	127	Ostojic, Predrag	2440	1973	1978	2026-07-29
C.RyL.Mar.Ste	35	21	6	8	42315	Nakamura, Hikaru	2741	1991	2010	2026-07-29
C.RyL.Cls.Cen.Bg4	3865	1314	1684	867	121974	Carlsen, M..	2847	2015	2021	2026-07-29
C.RyL.Cls.Cen.Bg4.a4	54	13	19	22	1354	Ivanchuk, Vassily	2786	1994	2008	2026-07-29
C.RyL.Brk.d4	7505	2155	4097	1253	118082	Carlsen, Magnus	2868	2010	2021	2026-07-29
C.RyL.Brk.d4.Nbd7	7498	2150	4096	1252	116205	Carlsen, Magnus	2868	2010	2021	2026-07-29
C.RyL.Brk.d4.Nbd7.Nbd2	6521	1842	3577	1102	84113	Carlsen, Magnus	2868	2010	2021	2026-07-29
C.RyL.Brk.d4.Nbd7.Nbd2.Bb7	6196	1750	3420	1026	72627	Carlsen, Magnus	2868	2010	2021	2026-07-29
C.RyL.Cha.Bc2	9881	3537	4685	1659	331087	Kasparov, Garry	2838	2002	2015	2026-07-29
C.Fou.Nd5	98	26	51	21	16937	Carlsen, M.	2839	2023	2025	2026-07-29
C.Fou.Hal.Old	0	0	0	0	64					2026-07-29
C.Fou.Hal.Pls	0	0	0	0	488					2026-07-29
C.Fou.Sco.Bel.MLn.Qe2	27	8	12	7	22010	Timman, Jan H	2585	1978	2006	2026-07-29
C.Fou.Sco.Bel.MLn.Qe2.f5	27	8	12	7	19387	Timman, Jan H	2585	1978	2006	2026-07-29
C.Fou.Spa.Ran	38	13	19	6	154007	Movsesian, Sergei	2659	1995	2010	2026-07-29
C.Fou.Spa.Spl	8	1	6	1	2201	Grau Ribas, José María	2462	1996	2023	2026-07-29
C.Fou.Spa.Dbl.MLn.Bxc6	365	77	215	73	24077	Carlsen, M.	2837	2022	2025	2026-07-29
C.Fou.Spa.Dbl.MLn.Nd5	36	10	18	8	6910	Jussupow, Artur	2630	1973	2019	2026-07-29
C.Fou.Spa.Dbl.MLn.Nd5.Nxd5	31	8	17	6	2984	Jussupow, Artur	2630	1973	2019	2026-07-29
C.Pet.Bc4.Nxe4.d5	1	1	0	0	8381	Neborak, Yury Trofimovich	2319	2022	2022	2026-07-29
C.Pet.Coc.Bc4	2	0	0	2	85619	Reinderman, Dimitri	2440	1995	2006	2026-07-29
E.OldI.Jan.Fch	188	91	66	31	9621	Caruana, F.	2776	1996	2022	2026-07-29
E.OldI.Jan.Grn	5	1	2	2	4352	Fedorowicz, John P	2520	1987	2007	2026-07-29
E.OldI.Jan.f3	235	81	77	77	53411	Karjakin, Sergey	2752	2001	2020	2026-07-29
E.Ben.Mod.KPL	484	206	173	105	57290	Carlsen, M.	2864	2018	2022	2026-07-29
E.Ben.Mod.KPL.Be3	49	18	16	15	19347	Erigaisi, Arjun	2797	2013	2024	2026-07-29
E.Ben.Mod.KPL.Bg5	350	134	144	72	21375	Carlsen, M.	2864	2016	2024	2026-07-29
E.Ben.Mod.KPL.Nge2	293	81	160	52	9609	Carlsen, M.	2835	2016	2019	2026-07-29
E.Gru.Exc.Cla.Rb1	5405	1392	3216	797	138596	Carlsen, Magnus	2863	1998	2020	2026-07-29
E.Gru.Exc.Cla.h3	444	141	232	71	34337	Carlsen, M..	2862	2000	2021	2026-07-29
E.Gru.Exc.Cla.Rb1.O-O	5413	1368	3234	811	119925	Carlsen, Magnus	2863	1998	2020	2026-07-29
E.Gru.Exc.Cla.Rb1.O-O.Be2	5589	1459	3303	827	124724	Carlsen, Magnus	2863	1998	2020	2026-07-29
E.Gru.Exc.Cla.Pwn	188	76	66	46	22740	Ivanchuk, Vassily	2740	1995	2015	2026-07-29
E.Ben.Nf3	5190	1764	2031	1395	1353232	Carlsen, M.	2881	1998	2014	2026-07-29
E.Ben.e3	1111	325	434	352	758826	Grischuk, A.	2810	2014	2018	2026-07-29
E.Ben.e3.g6	723	186	287	250	239608	Grischuk, A.	2810	2014	2018	2026-07-29
E.Ben.e3.g6.Nc3	455	130	189	136	129260	Carlsen, Magnus	2863	2014	2021	2026-07-29
E.Ben.e3.g6.Nc3.Bg7	540	153	210	177	146997	Grischuk, A.	2810	2007	2018	2026-07-29
E.Ben.e3.g6.Nc3.Bg7.Nf3	1505	421	610	474	311290	Carlsen, M.	2865	2013	2022	2026-07-29
E.Bud.Ng4	2874	1243	1045	586	3030893	Aronian, Levon	2809	2008	2018	2026-07-29
E.Bud.Alk.Nxe5	224	103	66	55	202334	Shirov, Alexei	2751	2000	2024	2026-07-29
E.Bud.Alk.Nxe5.f4	197	94	55	48	148591	Shirov, Alexei	2751	2000	2024	2026-07-29
E.Bud.Alk.Nxe5.f4.Nec6	133	62	40	31	67711	Shirov, Alexei	2751	1993	2024	2026-07-29
E.Bud.Alk.d6	1	1	0	0	23803	Cori, J.	2613	2024	2024	2026-07-29
E.Bud.Faj.Qc2	32	10	8	14	25199	Vaisser, Anatoli	2565	1987	2004	2026-07-29
E.Bud.Rub.Nc6	784	328	363	93	429196	Karpov, Anatoly	2725	1992	2014	2026-07-29
E.Bud.Rub.Nc6.Nf3	879	371	402	106	685861	Aronian, Levon	2809	1992	2014	2026-07-29
E.Bud.Adl.Nc6	228	101	87	40	733255	Aronian, Levon	2809	1999	2016	2026-07-29
E.OldI.Ukr.e3	97	34	29	34	69852	Karpov, Anatoly	2740	1994	2020	2026-07-29
E.OldI.Ukr.e3.Nbd7	93	25	32	36	46428	Karpov, Anatoly	2740	1994	2003	2026-07-29
E.OldI.Ukr.e3.Nbd7.Bd3	16	4	6	6	8764	Sokolov, Ivan	2665	1986	2023	2026-07-29
E.OldI.Ukr.Nf3	1618	675	554	389	199379	Aronian, L.	2785	2012	2022	2026-07-29
E.Ind.WIn.f3.d5	1329	499	563	267	71005	Carlsen, M.	2881	2012	2019	2026-07-29
E.Ind.WIn.f3.c5	719	168	402	149	19296	Caruana, F.	2844	2014	2017	2026-07-29
E.Ind.WIn.f3.c5.d5	703	166	391	146	19979	Kasparov, G.	2812	2016	2019	2026-07-29
E.Ind.WIn.f3.c5.d5.d6	385	71	245	69	8656	Ding Liren	2812	2016	2019	2026-07-29
E.Ind.WIn.KPL	275	81	96	98	45755	Erigaisi, Arjun	2797	2013	2024	2026-07-29
E.Ind.WIn.g3.Bg7	10267	3731	4519	2017	535201	Carlsen, Magnus	2863	2017	2020	2026-07-29
E.Ind.WIn.g3.Bg7.Bg2	10411	3805	4546	2060	603523	Carlsen, Magnus	2863	2017	2020	2026-07-29
E.Ind.WIn.g3.Bg7.Bg2.d5	2543	795	1270	478	73781	Topalov, Veselin	2813	2009	2013	2026-07-29
E.Ind.WIn.Nf3.d5	281	130	105	46	629168	Le Quang Liem	2739	1978	2017	2026-07-29
E.Gru.Hng.Rc1	815	260	368	187	25530	Grischuk, A.	2795	2014	2021	2026-07-29
E.Gru.Hng.Rc1.c5	276	98	115	63	12918	Vachier Lagrave, M.	2757	2009	2025	2026-07-29
E.Gru.Hng.Rc1.c5.dxc5	273	97	114	62	11993	Vachier Lagrave, M.	2757	2009	2025	2026-07-29
E.Gru.Hng.Rc1.c5.dxc5.Be6	163	46	77	40	1307	Wojtaszek, R.	2736	2009	2017	2026-07-29
E.Gru.Brn.Res	93	43	33	17	7568	Vachier Lagrave, M.	2757	2002	2025	2026-07-29
E.Gru.Sml.c5	26	6	8	12	5928	Greenfeld, Alon	2574	1994	2002	2026-07-29
E.Gru.Sml.c5.cxd5	9	1	5	3	2286	Greenfeld, Alon	2574	2002	2021	2026-07-29
E.Gru.Sml.c5.cxd5.Nxd5	9	1	5	3	1783	Greenfeld, Alon	2574	2002	2021	2026-07-29
E.Gru.Sml.c5.cxd5.Nxd5.Na4	6	0	4	2	20	Greenfeld, Alon	2574	2002	2019	2026-07-29
E.Bog.Grn.b6	3579	1372	1521	686	70878	Carlsen, M.	2865	2015	2019	2026-07-29
E.Bog.Grn.b6.e3	625	224	280	121	12838	Carlsen, M.	2865	1995	2015	2026-07-29
E.Bog.Grn.b6.e3.Bb7	556	202	248	106	18265	Carlsen, M.	2865	1995	2015	2026-07-29
E.Bog.Grn.b6.a3	2522	1002	1057	463	36337	Carlsen, M.	2865	2013	2019	2026-07-29
E.Bog.Grn.b6.a3.Bxd2	2494	982	1051	461	27769	Carlsen, M.	2865	2013	2019	2026-07-29
E.Bog.Grn.b6.a3.Bxd2.Qxd2	1553	658	645	250	12482	Carlsen, M.	2865	2013	2019	2026-07-29
E.Nim.e4	4	1	0	3	76974	Carlsen, Torben Erik	2641	1981	2023	2026-07-29
E.Nim.Sml.Bxc3	1882	584	665	633	692730	Carlsen, M.	2882	2019	2021	2026-07-29
E.Nim.Sml.Bxc3.bxc3	1882	584	665	633	693159	Carlsen, M.	2882	2019	2021	2026-07-29
E.Nim.Sml.Bxc3.bxc3.O-O	259	103	74	82	178922	Carlsen, M.	2882	2019	2025	2026-07-29
E.Nim.Sml.Bot.cxd5	2545	638	1469	438	42192	Carlsen, M.	2870	2013	2024	2026-07-29
E.Nim.Sml.Bot.cxd5.Nxd5	1886	415	1161	310	19947	Carlsen, Magnus	2863	2008	2024	2026-07-29
E.Nim.Sml.Bot.cxd5.Nxd5.dxc5	1681	381	1073	227	13195	Carlsen, Magnus	2863	2008	2024	2026-07-29
E.Nim.Sml.Bot.Rom	405	88	252	65	2750	Mamedyarov, S.	2799	2008	2017	2026-07-29
E.Nim.Kas.Bxc3	131	54	42	35	185199	Carlsen, M.	2830	2008	2023	2026-07-29
E.Nim.Kas.Bxc3.bxc3	131	54	42	35	188773	Carlsen, M.	2830	2008	2023	2026-07-29
E.Nim.Kas.Bxc3.bxc3.b6	39	17	12	10	51310	Gelfand, Boris	2758	2007	2019	2026-07-29
E.Nim.Kas.Bxc3.bxc3.b6.e3	27	11	10	6	27447	Korobov, A.	2650	2011	2024	2026-07-29
E.Nim.Kas.Kor.b5	4	1	1	2	1881	Zhao, Xue	2579	1992	2018	2026-07-29
E.KID.Cls.Pet.Nbd7	513	221	170	122	109477	Kasparov, Garry	2805	1994	2024	2026-07-29
E.KID.Cls.Pet.Nbd7.Bg5	293	123	90	80	44422	Kasparov, Garry	2805	1994	2015	2026-07-29
E.KID.Cls.Pet.Nbd7.Bg5.h6	271	111	88	72	27742	Kasparov, Garry	2805	1994	2015	2026-07-29
E.KID.Cls.Byn.Nh5	4696	1544	2443	709	61695	Kramnik, Vladimir	2801	1997	2015	2026-07-29
E.KID.Cls.Byn.Nh5.Re1	3586	1136	1961	489	33741	Kasparov, Garry	2795	1996	2008	2026-07-29
E.KID.Cls.Byn.Nh5.Qc2	57	28	20	9	229	Epishin, Vladimir	2658	2000	2005	2026-07-29
E.KID.Cls.Mar.Bd2	228	83	79	66	4897	Aronian, L.	2809	1995	2018	2026-07-29
E.KID.Cls.Mar.Nd2	2428	981	825	622	42305	Kramnik, Vladimir	2799	1989	2013	2026-07-29
E.KID.Mak.O-O	5776	2482	2020	1274	783118	Caruana, Fabiano	2835	2013	2020	2026-07-29
E.KID.Mak.O-O.Be3	2779	1198	998	583	303734	Caruana, F.	2832	2010	2025	2026-07-29
E.KID.Avk.Ben.dxc5	220	80	89	51	6491	Georgiev, Kiril	2670	1997	2010	2026-07-29
E.KID.Fch.Yug.Nc3	1874	711	772	391	378608	Carlsen, Magnus	2863	2013	2025	2026-07-29
E.Ben.Old.Adv.d6	834	335	267	232	2978087	Malakhov, Vladimir	2732	2010	2013	2026-07-29
E.Ind.Tgo.d5	49	11	17	21	85695	Yermolinsky, Alex	2615	1993	2016	2026-07-29
E.Ind.Tgo.d5.Ne5	48	11	17	20	82842	Yermolinsky, Alex	2615	1993	2016	2026-07-29
E.Ind.Tgo.d5.Ne5.f4	1	1	0	0	8734	Orlov, Georgi	2480	1995	1995	2026-07-29
D.Alb.dxe5	1328	569	430	329	2087889	Mamedyarov, S.	2809	2012	2018	2026-07-29
D.Alb.dxe5.d4	1266	547	406	313	1990542	Mamedyarov, S.	2809	2012	2018	2026-07-29
D.Alb.dxe5.d4.Nf3	1166	514	373	279	1420768	Mamedyarov, S.	2809	2012	2018	2026-07-29
D.Alb.dxe5.d4.Nf3.c5	3	3	0	0	163631	Gonzalez Vidal, Yuri	2523	1978	2016	2026-07-29
D.Alb.dxe5.d4.e4	29	9	6	14	73417	Mamedyarov, S.	2733	2005	2024	2026-07-29
D.Alb.Las.MLn.dxe3	2	0	0	2	107935	Raetsky, Alexander	2510	1973	1995	2026-07-29
D.Sla.Nc3.dxc4.e4	653	242	274	137	370383	Anand, Viswanathan	2817	2004	2011	2026-07-29
D.Sla.Win.e4	0	0	0	0	1834					2026-07-29
D.Sla.Nf3.Nf6.Bg5	20	1	10	9	226709	Volkov, Sergey	2629	2001	2018	2026-07-29
D.Sla.Cze.Na6	27	17	1	9	4386	Li, Chao B	2669	1987	2015	2026-07-29
D.QGA.Cen.McD.Bxc4	3	1	2	0	26254	Afromeev, Vladimir	2547	1997	2024	2026-07-29
D.QGA.Jan.e3	1689	472	897	320	35777	Carlsen, M.	2855	1999	2016	2026-07-29
D.QGA.Jan.e3.Bg4	364	126	128	110	6863	Carlsen, M.	2855	2016	2022	2026-07-29
D.QGA.Jan.e3.Bg4.Bxc4	349	118	125	106	6604	Carlsen, M.	2855	2016	2022	2026-07-29
D.QGA.Jan.e3.Bg4.Bxc4.e6	351	118	125	108	6548	Carlsen, M.	2855	2016	2022	2026-07-29
D.QGA.Cls.Qe2	663	272	299	92	3882	Kasparov, Garry	2847	2002	2023	2026-07-29
D.QGA.Cls.Qe2.a6	787	304	365	118	3752	Kasparov, Garry	2847	2002	2023	2026-07-29
D.QGA.Cls.Qe2.a6.dxc5	711	280	325	106	1928	Kasparov, Garry	2847	2002	2023	2026-07-29
D.QGA.Cls.Qe2.a6.dxc5.Bxc5	718	283	329	106	1934	Kasparov, Garry	2847	2002	2023	2026-07-29
D.QGA.Cls.MLn.e4	254	97	113	44	2417	Grischuk, Alexander	2777	2020	2022	2026-07-29
D.QGA.Cls.MLn.dxc5	2378	482	1689	207	31576	Kasparov, Garry	2849	2000	2017	2026-07-29
D.QGA.Cls.MLn.dxc5.Bxc5	1205	233	851	121	14076	Kasparov, Garry	2838	2001	2017	2026-07-29
D.QGD.Alt.e4	12	2	4	6	25708	Panchenko, Alexandar G	2485	1985	2023	2026-07-29
D.QGD.Alt.e4.dxe4	12	2	4	6	22239	Panchenko, Alexandar G	2485	1985	2023	2026-07-29
D.QGD.Alt.e4.dxe4.f3	0	0	0	0	1320					2026-07-29
D.QGD.Rag.Qa4	3542	883	1996	663	187371	Carlsen, Magnus	2863	2016	2020	2026-07-29
D.QGD.Vie.e3	2299	518	1088	693	268267	Carlsen, Magnus	2863	2001	2021	2026-07-29
D.QGD.Cmb.Bxf6	115	25	56	34	157825	Grischuk, A.	2810	2004	2015	2026-07-29
D.QGD.Exc.Min.h6	346	116	179	51	221960	Oparin, G.	2681	2016	2023	2026-07-29
D.QGD.Exc.Min.h6.Bh4	1147	288	673	186	273710	Carlsen, M.	2856	2017	2023	2026-07-29
D.Tar.e3	686	257	287	142	363553	Carlsen, M.	2864	2019	2023	2026-07-29
D.Tar.e3.Nf6	737	274	294	169	599034	Carlsen, M.	2864	2018	2023	2026-07-29
D.Tar.e3.Nf6.Nf3	3457	1129	1565	763	1151097	Carlsen, M.	2864	2016	2022	2026-07-29
D.Tar.e3.Nf6.Nf3.Nc6	3590	1186	1739	665	857706	Carlsen, Magnus	2868	2011	2018	2026-07-29
D.Tar.Exd.dxc5	77	26	37	14	123089	Carlsen, M.	2847	1995	2023	2026-07-29
D.Tar.Exd.dxc5.d4	70	24	33	13	63744	Carlsen, M.	2847	1995	2021	2026-07-29
D.Tar.Exd.dxc5.d4.Na4	47	19	19	9	5486	Carlsen, M.	2847	1988	2021	2026-07-29
D.Tar.Exd.dxc5.d4.Na4.b5	24	9	8	7	1825	Carlsen, M.	2847	1990	2024	2026-07-29
D.Tar.Rub.c4	297	112	112	73	11709	Lautier, Joel	2658	1998	2010	2026-07-29
D.Tar.Rub.c4.e4	1	0	1	0	194	Calvo Minguez, Ricardo	2455	1978	1978	2026-07-29
D.Tar.Prg.Bg2	4356	1557	2087	712	334487	Carlsen, M.	2872	2019	2021	2026-07-29
D.Tar.Prg.Bg2.Bg4	44	19	19	6	21134	Polgar, Judit	2685	2002	2011	2026-07-29
D.STa.cxd5	4600	1270	2717	613	509591	Carlsen, M.	2872	2019	2022	2026-07-29
D.STa.cxd5.Nxd5	3021	913	1644	464	209685	Carlsen, Magnus	2863	2015	2020	2026-07-29
D.STa.cxd5.Nxd5.e3	836	306	371	159	70448	Carlsen, M.	2855	2013	2021	2026-07-29
D.STa.cxd5.Nxd5.e3.Nc6	824	317	369	138	108700	Carlsen, M.	2870	2013	2019	2026-07-29
D.STa.cxd5.Nxd5.e3.Nc6.Bd3	586	224	274	88	12483	Carlsen, M.	2870	2013	2019	2026-07-29
D.STa.Sym.Qe2	0	0	0	0	737					2026-07-29
D.STa.Sym.Qe2.Qe7	0	0	0	0	65					2026-07-29
D.STa.Sym.Qe2.Qe7.dxc5	0	0	0	0	5					2026-07-29
D.STa.Sym.Qe2.Qe7.dxc5.Bxc5	0	0	0	0	30					2026-07-29
D.Sem.Bg5.dxc4	4452	1494	2110	848	386264	Aronian, L.	2801	2012	2014	2026-07-29
D.Sem.Bg5.dxc4.e4	3937	1307	1905	725	219193	Aronian, L.	2801	2012	2014	2026-07-29
D.Sem.Bg5.Nbd7	4985	1680	2464	841	1163653	Carlsen, M.	2881	2013	2020	2026-07-29
D.Sem.Bg5.Nbd7.e3	3851	1290	1909	652	1236944	Carlsen, M.	2881	2013	2020	2026-07-29
D.Sem.Mar.dxe4	2118	717	975	426	473383	Carlsen, Magnus	2870	2013	2022	2026-07-29
D.Sem.Mar.dxe4.Nxe4	2114	714	974	426	460161	Carlsen, Magnus	2870	2013	2022	2026-07-29
D.Sem.Mar.dxe4.Nxe4.Bb4	1989	648	928	413	120331	Carlsen, Magnus	2870	2013	2024	2026-07-29
D.Sem.Mar.dxe4.Nxe4.Bb4.Nc3	406	112	207	87	51347	Carlsen, Magnus	2870	2013	2020	2026-07-29
D.Sem.Mar.dxe4.f3	2	1	0	1	17537	Wehmeier, Stefan	2395	1997	2021	2026-07-29
D.Sem.Mar.MLn.Qxd4	1552	520	709	323	58857	Carlsen, M.	2864	2012	2024	2026-07-29
D.Chi.Exc.e3	834	353	300	181	141123	Kasparov, Garry	2805	1995	2016	2026-07-29
D.Chi.Exc.e3.e5	906	385	326	195	178288	Kasparov, Garry	2805	1995	2016	2026-07-29
D.Chi.Exc.e3.e5.Nc3	903	385	324	194	163701	Kasparov, Garry	2805	1995	2016	2026-07-29
D.Chi.Exc.e3.e5.Nc3.Bb4	889	378	318	193	159822	Kasparov, Garry	2805	1995	2016	2026-07-29
D.Chi.MLn.Qa4	71	36	18	17	3215	Georgiev, Kiril	2660	1971	2000	2026-07-29
D.Chi.Jan.Nf3	532	262	178	92	319274	Carlsen, Magnus	2801	1995	2009	2026-07-29
D.Rub.Nc6	963	275	449	239	230403	Carlsen, M..	2862	2017	2021	2026-07-29
D.Rub.Nc6.O-O	933	280	419	234	75824	Carlsen, M..	2862	2017	2021	2026-07-29
D.Rub.Nc6.O-O.Bd6	493	152	215	126	26552	Caruana, F.	2792	2005	2022	2026-07-29
D.Rub.Nc6.O-O.Bd6.Bb2	537	173	223	141	40880	Caruana, F.	2792	2016	2022	2026-07-29
D.Rub.Nc6.O-O.Bd6.Bb2.O-O	435	138	183	114	37237	Anand, Viswanathan	2803	2006	2022	2026-07-29
D.Rub.Nc6.O-O.Be7	209	63	99	47	19620	Mamedyarov, S.	2808	2016	2022	2026-07-29
D.Rub.Nc6.O-O.Be7.Bb2	241	71	119	51	39216	Mamedyarov, S.	2808	2017	2022	2026-07-29
D.Rub.Nc6.O-O.Be7.Bb2.O-O	243	72	124	47	48529	Mamedyarov, S.	2808	2013	2018	2026-07-29
D.QGD.Bal.cxd5	518	248	189	81	309322	Shirov, Alexei	2685	1993	2010	2026-07-29
D.QGD.Bal.cxd5.Bxb1	511	244	188	79	110843	Shirov, Alexei	2685	1993	2010	2026-07-29
D.QGD.Bal.cxd5.Bxb1.Qa4	431	205	168	58	30969	Shirov, Alexei	2685	1993	2010	2026-07-29
D.QGD.Bal.cxd5.Bxb1.Qa4.c6	358	169	140	49	23626	Shirov, Alexei	2685	1993	1995	2026-07-29
D.QGD.Bal.Nc3.Nf3	1178	435	494	249	598769	Ding Liren	2811	2014	2020	2026-07-29
D.QGD.Bal.Nc3.Nf3.Nc6	273	107	105	61	118101	Nepomniachtchi, I..	2784	2020	2020	2026-07-29
D.QGD.Bal.Nc3.Qb3	12	2	3	7	70855	Lesiege, Alexandre	2480	1995	2017	2026-07-29
D.QGD.Mar.cxd5	222	122	88	12	2752762	Dubov, Daniil	2702	2005	2022	2026-07-29
D.QGD.Mar.cxd5.c6	45	13	29	3	128169	Zvjaginsev, Vadim	2646	2006	2025	2026-07-29
D.QPG.Tor.g6	112	40	49	23	100432	Kramnik, Vladimir	2808	2015	2016	2026-07-29
D.QPG.Zuk.c5.e3	612	176	263	173	1079111	Nepomniachtchi, I.	2792	2019	2022	2026-07-29
D.QPG.Zuk.c5.e3.Nf6	2177	487	1015	675	993851	Carlsen, M.	2832	2017	2018	2026-07-29
D.QPG.Zuk.c5.e3.Nf6.Nbd2	333	80	159	94	61823	Carlsen, M.	2832	2017	2023	2026-07-29
A.Eng.Rev.g3.h5	160	53	39	68	19262	Giri, A.	2733	2018	2024	2026-07-29
A.Eng.Agi.Nf3.Sha	1	0	0	1	176	Janjgava, Lasha	2425	1988	1988	2026-07-29
A.Eng.AIn.Nf3.Cap	371	100	169	102	27949	Karjakin, Sergey	2748	1975	2019	2026-07-29
A.Eng.AIn.Nf3.NYS	372	136	148	88	66906	Mamedyarov, S.	2759	2000	2018	2026-07-29
A.Ret.QGI.MLn.Cat	24	5	15	4	11701	Jobava, Baadur	2702	2013	2024	2026-07-29
A.Ret.QGI.MLn.Sic	440	194	149	97	68117	Fedoseev, Vl3	2712	2007	2024	2026-07-29
A.Ret.QGI.MLn.Kur	388	145	161	82	156538	Gelfand, Boris	2690	1993	2008	2026-07-29
A.Ret.d5.g3.c6	2523	847	1081	595	90047	Carlsen, M.	2832	2016	2017	2026-07-29
A.Ret.d5.g3.g5	0	0	0	0	1058					2026-07-29
A.Ret.Nf6.b4.g6	53	16	23	14	22851	Ma Qun	2627	1968	2019	2026-07-29
A.Ret.Nf6.b4.g6.Bb2	73	20	32	21	87277	Eljanov, P.	2694	1972	2023	2026-07-29
A.Ret.c5.c4.Qb6	283	70	134	79	4109	Giri, A.	2771	1997	2017	2026-07-29
A.Ret.c5.d4.b4	0	0	0	0	713					2026-07-29
A.Ret.c5.d4.b4.e5	0	0	0	0	109					2026-07-29
A.Ret.f5.d3.e4	175	103	35	37	54101	Ding Liren	2777	2009	2019	2026-07-29
A.Ret.Eng.c6.b3	96	48	31	17	77837	Mamedyarov, S.	2733	2007	2024	2026-07-29
A.Hol.Kre.MLn.Tat	2	0	1	1	1334	Lugovskoy, M.	2466	2017	2020	2026-07-29
A.Hol.Rap.Nf6.g4	6	1	1	4	4203	Marin, Mi	2522	2007	2019	2026-07-29
A.Hol.Fch.Nf6.Blb	225	80	91	54	31585	Karpov, Anatoly	2730	1991	2008	2026-07-29
A.Hol.Fch.g6.Nh3	49	27	13	9	2138	Epishin, Vladimir	2640	1993	2012	2026-07-29
A.Hol.Fch.c6.Nf3	7	3	3	1	158	Geet, Dr. Dick Daniël van	2629	1989	2010	2026-07-29
A.Hol.c4.g6.Nc3	0	0	0	0	5962					2026-07-29
A.Hol.c4.e6.Nc3	1011	415	350	246	1275117	Ivanchuk, Vassily	2786	2008	2021	2026-07-29
A.Hol.c4.e6.Nf3	3316	1083	1511	722	323069	Carlsen, M.	2865	2012	2020	2026-07-29
A.Hol.Cls.IZh.b3	244	121	81	42	8927	Frey, Kenneth	2700	1994	2019	2026-07-29
A.Hol.Kre.Hev	0	0	0	0	149					2026-07-29
A.Gro.Gbt.e5.c4	6	2	1	3	315532	Gareev, T.	2591	2002	2022	2026-07-29
A.Gro.Zil.Sch	0	0	0	0	159					2026-07-29
A.Gro.Zil.ZHG	0	0	0	0	182					2026-07-29
A.Gro.Kee.MLn	10	0	1	9	1701	Keene, Raymond	2475	1981	2014	2026-07-29
A.Hng.f5.e4.fxe4	0	0	0	0	91					2026-07-29
A.Hng.h5.Nf3.h4	2	1	0	1	9255	Azmaiparashvili, Zurab	2672	2004	2004	2026-07-29
A.Van.ReN.Nf3.Bc5	1	1	0	0	4138	Mestrovic, Zvonimir	2466	1999	1999	2026-07-29
A.Van.ReN.Nf3.Nc6	239	105	85	49	240374	Anand, Viswanathan	2770	1998	2024	2026-07-29
A.Van.ReN.Nf3.Nc6.d4	222	98	78	46	157911	Anand, Viswanathan	2770	1998	2024	2026-07-29
A.Van.d6.f4.e5	1	1	0	0	3423	Swicarz, Maciej	2273	2006	2006	2026-07-29
A.Van.d6.f4.e5.fxe5	0	0	0	0	1191					2026-07-29
A.Van.f5.e4.fxe4	9	1	3	5	93375	Niewiadomski, Wieslaw	2395	1992	2025	2026-07-29
A.Van.f5.e4.fxe4.d3	8	1	2	5	17444	Niewiadomski, Wieslaw	2395	1992	2025	2026-07-29
A.Van.d5.f4.g5	0	0	0	0	41					2026-07-29
A.Bir.Dut.Nf3.Nf6	107	23	57	27	261744	Fedoseev, Vl3	2701	2010	2022	2026-07-29
A.Bir.Dut.b3.Nf6	102	29	38	35	38458	Rogers, Ian	2570	1995	2019	2026-07-29
A.Bir.Dut.b3.Nf6.Bb2	89	27	26	36	61620	Bu Xiangzhi	2730	2003	2019	2026-07-29
A.Bir.Dut.b3.Nf6.Bb2.d4	2	0	2	0	1399	Vavra, Pavel	2340	2000	2010	2026-07-29
A.Bir.Wil.Acc	0	0	0	0	16692					2026-07-29
A.Bir.Wil.WZG	0	0	0	0	10588					2026-07-29
A.Lar.f5.Bb2.e6	17	8	5	4	85245	Pilavov, Georgy	2621	2010	2023	2026-07-29
A.Lar.f5.Bb2.e6.e4	13	7	4	2	7077	Pilavov, Georgy	2621	2010	2023	2026-07-29
A.War.Mad.MLn.f5	0	0	0	0	485					2026-07-29
A.War.Mad.MLn.f5.a6	0	0	0	0	103					2026-07-29
A.Pol.c6.Bb2	88	24	41	23	260096	Smeets, J.	2600	1990	2016	2026-07-29
A.Pol.c6.Bb2.a5	46	9	23	14	28634	Smeets, J.	2600	1994	2024	2026-07-29
A.Pol.c6.Bb2.a5.b5	14	4	8	2	817	Smeets, J.	2600	1993	2016	2026-07-29
A.Egl.Dec.Die	0	0	0	0	11630					2026-07-29
A.Egl.Har.Sto	10	8	1	1	373241	Grigore, George Gabriel	2486	1990	2002	2026-07-29
A.Hor.Zil	0	0	0	0	2635					2026-07-29
A.Hor.FrS	20	8	4	8	9321	Kamsky, Gata	2713	2002	2015	2026-07-29
A.Mik.Eng.Can	2	2	0	0	16047	Niemela, Antti	2240	1994	1997	2026-07-29
A.Mik.Eng.Poz	1	1	0	0	4882	Bozinovic, Bogdan	2255	1997	1997	2026-07-29
A.Mik.Mon	20	7	9	4	45188	Moranda, W.	2593	1999	2025	2026-07-29
A.Mik.Zai	0	0	0	0	2355					2026-07-29
A.Owe.Eas	1	0	1	0	6068	Basman, Michael J	2370	1991	1991	2026-07-29
A.Owe.Fch.HGA	0	0	0	0	626					2026-07-29
A.Owe.Fch.HGD	0	0	0	0	1704					2026-07-29
A.PQI.Fch.Mar	332	70	146	116	19286	Vachier Lagrave, M.	2778	1988	2019	2026-07-29
A.PQI.Fch.Ber	74	16	31	27	2038	Mamedyarov, S.	2747	1972	2016	2026-07-29
A.Tor.Yus.MLn.d5	147	79	50	18	1380	Karpov, Anatoly	2755	1989	2017	2026-07-29
A.Tro.Rap.Bf4.g5	16	8	3	5	100770	Nepomniachtchi, I.	2776	2004	2019	2026-07-29
A.Tro.Rap.MLn.Nxg5	19	10	5	4	75326	Miladinovic, Igor	2526	2003	2020	2026-07-29
A.Tro.Rap.MLn.Nxg5.hxg5	19	10	5	4	75237	Miladinovic, Igor	2526	2003	2020	2026-07-29
A.Tro.Rap.MLn.Nxg5.hxg5.e5	2	1	0	1	14255	Shtyrenkov, Veniamen	2449	1996	2004	2026-07-29
B.Fre.Tar.Hab	39	21	9	9	85993	Sjugirov, Sanan	2643	1988	2022	2026-07-29
B.Fre.Tar.Mod	2189	703	940	546	116171	Carlsen, Magnus	2835	1999	2024	2026-07-29
B.Fre.Tar.Mor	4819	1763	1801	1255	202417	So, W.	2810	2008	2017	2026-07-29
B.Fre.Tar.Gui.Thb	1	0	0	1	2071	Filippov, Anton	2613	2011	2011	2026-07-29
B.Fre.Tar.Gui.MLn	2739	1160	888	691	172030	Nakamura, Hikaru	2775	2006	2014	2026-07-29
B.Fre.Tar.Ope.EuK	6679	2136	3307	1236	524142	Carlsen, M.	2881	2001	2023	2026-07-29
B.Fre.Tar.Ope.Suc	193	54	71	68	503462	Vallejo Pons, F.	2689	2003	2016	2026-07-29
B.Fre.Bur.Be7	4323	1278	1983	1062	1011829	Kasparov, Garry	2851	2000	2017	2026-07-29
B.Fre.Bur.MLn	630	207	298	125	178803	Anand, Viswanathan	2766	2000	2004	2026-07-29
B.Fre.Bur.Mrz	2579	776	1136	667	131410	Kasparov, Garry	2851	2000	2017	2026-07-29
B.Fre.Win.Arm.b4	1392	502	565	325	43698	Mamedyarov, S.	2809	2018	2018	2026-07-29
B.Fre.Win.Psn.Ein	687	256	250	181	23663	So, W.	2810	2008	2017	2026-07-29
B.Fre.Win.Psn.Qxg7	699	205	406	88	19384	Carlsen, M.	2834	2011	2020	2026-07-29
B.Fre.Win.Psn.Qxg7.Nbc6	50	21	14	15	16728	Negi, Parimarjan	2529	1997	2007	2026-07-29
B.Fre.Win.Psn.O-O	3003	1203	1269	531	67114	Carlsen, Magnus	2843	1994	2012	2026-07-29
B.Fre.Cls.MLn.Bxf6	97	34	24	39	205176	Ljubojevic, Ljubomir	2615	1977	2019	2026-07-29
B.Fre.Cls.MLn.Bxf6.Qg4	20	6	5	9	31562	Moskalenko, Viktor	2490	1985	2010	2026-07-29
B.CaK.Fan.Mrc	67	43	14	10	167987	Perunovic, Mil	2631	1994	2014	2026-07-29
B.CaK.Pmv.Fch.Gmb	627	235	225	167	76026	Vitiugov, Nikita	2734	2006	2018	2026-07-29
B.CaK.Tar.For	579	138	321	120	334112	Abdusattorov, Nodirbek	2769	1978	2024	2026-07-29
B.CaK.Tar.Prl	93	35	28	30	34983	Sutovsky, Emil	2692	2011	2016	2026-07-29
B.CaK.Kar.Sml.Kas	816	266	375	175	311029	Karpov, Anatoly	2780	1988	2016	2026-07-29
B.Pir.Pre.d4.Nd7	293	140	86	67	1544195	Fressinet, Laurent	2638	2000	2015	2026-07-29
B.Pir.150.Arg.Qd2	1263	554	402	307	68988	Carlsen, M.	2861	2002	2022	2026-07-29
B.Pir.150.Arg.Qd2.Bg4	0	0	0	0	19					2026-07-29
B.Pir.150.Arg.h3	768	356	262	150	17586	Mamedyarov, Shakhriyar	2760	2004	2009	2026-07-29
B.Pir.Be2.h4	411	167	108	136	111987	Grischuk, A.	2792	2014	2016	2026-07-29
B.Pir.Be2.g4	88	29	24	35	56258	Mamedyarov, Shakhriyar	2754	1980	2013	2026-07-29
B.Pir.Cls.Bg7.h3	2124	722	825	577	707416	Carlsen, M.	2861	2008	2019	2026-07-29
B.Pir.Aus.c5	1913	706	820	387	227289	Carlsen, M.	2843	2008	2018	2026-07-29
B.Pir.Aus.Lju	26	11	12	3	72751	Zaichik, Gennadi	2602	1972	1994	2026-07-29
B.Pir.Aus.Drg.Kur	653	257	187	209	110042	Kramnik, Vladimir	2754	1988	2005	2026-07-29
B.Pir.Aus.Drg.Brn	145	59	37	49	31141	Ivanchuk, Vassily	2768	2005	2014	2026-07-29
B.Mod.Std.Nc3.Mon	26	13	4	9	241507	Carlsen, Magnus	2714	2005	2019	2026-07-29
B.Mod.GPt	0	0	0	0	421					2026-07-29
B.Ale.Chs.MLn.Mat	1	0	0	1	2509	Popescu, D.	2365	1998	1998	2026-07-29
B.Ale.Exc.Kar	34	18	11	5	1515	Vaganian, Rafael A	2640	1982	2002	2026-07-29
B.Ale.Exc.Vor	843	322	317	204	106198	Ivanchuk, Vassily	2750	2007	2016	2026-07-29
B.Ale.Fou.MLn.Kor	7	2	5	0	754	Fier, Alexandr	2596	2012	2023	2026-07-29
B.Ale.Fou.Trd.Be3	650	252	254	144	281794	Grischuk, Alexander	2748	2002	2012	2026-07-29
B.Ale.Fou.Trd.Tar	4	2	2	0	1627	Fedorov, Alexei	2589	2002	2017	2026-07-29
B.Ale.Mod.KID.Ker	268	114	116	38	3920	Ding Liren	2778	1995	2016	2026-07-29
B.Ale.Mod.MLn.c4	47	18	16	13	40261	Kaidanov, Gregory S	2640	1993	2013	2026-07-29
B.Ale.Mod.MLn.h3	85	30	22	33	45642	Maghsoodloo, Parham	2688	2003	2018	2026-07-29
B.Ale.Mod.MLn.c4.d5	9	2	3	4	1713	Kaidanov, Gregory S	2640	1981	1993	2026-07-29
B.Sca.Nf6.Mar.Kie	19	10	5	4	221188	Popov, Valerij	2570	1997	2009	2026-07-29
B.Sca.Mod.Leo	34	10	7	17	619551	Nakamura, Hikaru	2736	2007	2022	2026-07-29
B.Sca.Nf6.Mar.Nf3	1131	487	406	238	262694	Wang, Hao	2739	1996	2012	2026-07-29
B.Sic.Cls.g3	1288	376	518	394	50705	Caruana, F.	2828	1995	2019	2026-07-29
B.Sic.Cls.Nde2	40	14	12	14	5343	Wei Yi	2736	2019	2020	2026-07-29
B.Sic.Cls.Bd3	1	0	1	0	8629	Lanc, Alois	2445	1993	1993	2026-07-29
B.Sic.Cls.Soz.Qb6	3289	1055	1113	1121	91815	Kasparov, Garry	2805	1994	1998	2026-07-29
B.Sic.Cls.Soz.MST	44	19	16	9	30851	Felgaer, Ruben	2587	1983	2004	2026-07-29
B.Sic.Cls.Be2.Drg	72	16	34	22	7113	Galkin, Alexander	2565	1995	2007	2026-07-29
B.Sic.Ros.Brt	3	2	1	0	19927	Bach, Adrian	2340	1994	2010	2026-07-29
B.Sic.Ros.SFr	6	1	2	3	1422	Fominyh, Alexander	2520	1995	2017	2026-07-29
B.Sic.Alp.Cen.AAG	352	122	94	136	175740	Carlsen, M.	2864	2022	2023	2026-07-29
B.Sic.Alp.Cen.Brm	12122	3428	5469	3225	2329217	Carlsen, M..	2862	2020	2024	2026-07-29
B.Sic.Alp.Nf6.Stz	2239	659	1137	443	116324	Carlsen, M.	2882	2016	2020	2026-07-29
B.Sic.Alp.Nf6.Stz.Ivn	489	156	210	123	4039	Morozevich, Alexander	2750	2002	2011	2026-07-29
B.Sic.Alp.Nf6.Hei	85	24	34	27	2232	Baklan, Vladimir	2647	1999	2018	2026-07-29
B.Sic.Kan.Mar.Hdg	12	7	2	3	10988	Gurel, Ediz	2648	1996	2025	2026-07-29
B.Sic.Kan.Koc.Gip	274	99	120	55	1184	Naiditsch, Arkadij	2712	1976	2018	2026-07-29
B.Sic.Mor.Dfg	1	1	0	0	117	Dorfman, Josif D	2550	1978	1978	2026-07-29
B.Sic.Mor.Gmb	377	113	130	134	3020	Vachier Lagrave, M..	2784	2002	2021	2026-07-29
B.Sic.Pin.Jaf	19	8	6	5	19677	Ibarra Jerez, JC.	2559	1980	2025	2026-07-29
B.Sic.Pin.Koc	429	212	118	99	125594	Aronian, L.	2803	2013	2024	2026-07-29
B.Sic.Nim.Cls	1453	504	555	394	443445	Caruana, F.	2816	2017	2018	2026-07-29
B.Sic.Nim.e5.Nxc3	608	218	243	147	28280	Carlsen, M.	2856	2016	2021	2026-07-29
B.Sic.Nim.e5.Nc6	467	189	193	85	20312	Mamedyarov, S.	2808	2018	2021	2026-07-29
B.Nim.Col.Acc	136	62	38	36	380337	Bologan, Viktor	2695	2010	2021	2026-07-29
B.Nim.ScD.Nc3.Bra	14	5	7	2	1258	Motylev, A.	2640	1989	2019	2026-07-29
B.Nim.ScD.Nc3.Erb	0	0	0	0	580					2026-07-29
B.OwM.Gua	2	0	2	0	112263	Morin, Stephane	2391	1993	2001	2026-07-29
B.OwM.Hek	0	0	0	0	797					2026-07-29
B.OwM.Mat.MLn.Gmb	5	3	1	1	21349	Belov, Igor	2424	1985	2008	2026-07-29
B.OwM.Eng.Nas	3	2	0	1	10789	Krizsany, Laszlo	2455	2008	2012	2026-07-29
B.OwM.Eng.Smi	3	1	1	1	252957	Shyam, N.	2424	2010	2017	2026-07-29
B.OwM.Eng.Wnd	1	1	0	0	5226	Starostits, Ilmars	2500	2009	2009	2026-07-29
B.StG.Bas.MLn.Pol	199	103	48	48	207825	Carlsen, M.	2834	2011	2018	2026-07-29
B.StG.Bas.MLn.SJr	2	1	1	0	15335	Popov, Iv RUS	2596	2004	2016	2026-07-29
B.StG.Zil	0	0	0	0	3180					2026-07-29
B.Brg.Trn	8	5	1	2	5321	Shirov, A..	2662	1986	2021	2026-07-29
B.Brg.Zil	0	0	0	0	6436					2026-07-29
B.Bar.Uni	0	0	0	0	1397					2026-07-29
E.Ind.Cat.Bb4.Bd2.Be7.D5N	13460	2432	8945	2083	171293	Carlsen, M.	2864	2016	2022	2026-07-29
E.Ind.Cat.Bb4.Bd2.Be7.D5C	9594	1784	6409	1401	117829	Carlsen, Magnus	2863	2016	2020	2026-07-29
E.Ind.Cat.Bb4.Bd2.Be7.Qc2	7767	1117	5682	968	59594	Carlsen, Magnus	2863	2010	2020	2026-07-29
E.Ind.Cat.Bb4.Bd2.Be7.Nbd	5726	949	3911	866	49154	Carlsen, M.	2851	2016	2019	2026-07-29
E.Ind.Cat.Bb4.Bd2.Be7.Btr	308	68	160	80	6695	Aronian, L.	2745	2017	2023	2026-07-29
E.Ind.Cat.Bb4.Bd2.Be7.Rc1	335	49	247	39	1397	Ding Liren	2805	2018	2019	2026-07-29
E.Ind.Cat.Bb4.Bd2.Be7.Rd1	1495	312	887	296	13425	Carlsen, M.	2832	2015	2017	2026-07-29
E.Ind.Cat.Bb4.Bd2.Be7.H6R	34	7	16	11	358	Gukesh, D.	2776	2023	2025	2026-07-29
E.QID.Pet.KPe.d5.cxd5.Qc2	2286	617	1262	407	15056	Kasparov, Garry	2831	2004	2017	2026-07-29
E.QID.Pet.KPe.d5.cxd5.e3	1189	381	567	241	10983	Carlsen, M.	2881	2001	2014	2026-07-29
E.QID.Pet.KPe.d5.cxd5.e4	22	7	9	6	1799	Beliavsky, Alexander G	2620	1983	1992	2026-07-29
E.QID.Pet.KPe.d5.cxd5.Qa4	102	19	49	34	338	Karjakin, Sergey	2779	2002	2012	2026-07-29
E.QID.Pet.KPe.d5.cxd5.Bd2	505	139	266	100	2030	Karpov, Anatoly	2780	1995	2012	2026-07-29
E.Ben.Bnk.Acc.MLn.g6.f4	123	34	41	48	6579	Alburt, Lev O	2560	1983	1989	2026-07-29
E.Ben.Bnk.Acc.MLn.g6.g3	1897	777	699	421	159923	Aronian, Levon	2759	2007	2012	2026-07-29
E.Ben.Bnk.Acc.MLn.g6.Kxf1	765	302	317	146	127484	Carlsen, Magnus	2837	1995	2012	2026-07-29
E.Ben.Bnk.Acc.MLn.g6.Kg2	1371	549	568	254	173447	Carlsen, Magnus	2837	2012	2021	2026-07-29
E.Ben.Bnk.Acc.MLn.g6.Ne2	75	27	26	22	26512	Van Wely, Loek	2730	2005	2009	2026-07-29
E.Ben.Bnk.Acc.MLn.Bxa6.f4	123	34	41	48	6579	Alburt, Lev O	2560	1983	1989	2026-07-29
E.KID.Sml.Cst.Bg5.c5.exd5	1	0	0	1	400	Larsson, Per	2355	1994	1994	2026-07-29
E.KID.Sml.Cst.Bg5.c5.Bf4	43	19	16	8	367	Shirov, Alexei	2740	1994	2006	2026-07-29
E.KID.Sml.Cst.Bg5.c5.Nxd5	102	37	41	24	2416	Morozevich, A.	2731	1992	2014	2026-07-29
E.KID.Sml.Cst.Bg5.c5.Bxh6	14	4	7	3	157	Grischuk, A.	2810	1993	2014	2026-07-29
E.Ind.e6.Nf3.c5.d5.g6	10264	4257	3368	2639	566706	Caruana, Fabiano	2835	2016	2020	2026-07-29
E.Ind.e6.Nf3.c5.d5.g3	1838	618	667	553	86158	Aronian, Levon	2783	2009	2010	2026-07-29
E.Ind.e6.Nf3.c5.d5.Nd2	2223	1007	701	515	79799	Caruana, F.	2804	2001	2016	2026-07-29
E.Ind.e6.Nf3.c5.d5.Bg5	437	183	129	125	84356	Karpov, Anatoly	2715	1988	2022	2026-07-29
E.Ind.e6.Nf3.c5.d5.e4	3500	1345	1180	975	435174	Caruana, Fabiano	2835	2016	2021	2026-07-29
E.Ind.e6.Nf3.c5.d5.h3	2289	986	848	455	176733	Carlsen, M.	2830	2008	2024	2026-07-29
E.Nim.Rub.StP.MLn.Nf3.Cst	1411	434	619	358	76055	Carlsen, M.	2853	2011	2017	2026-07-29
E.Nim.Rub.StP.MLn.Nf3.c5	983	287	441	255	17484	Carlsen, M.	2853	2011	2017	2026-07-29
E.Nim.Rub.StP.MLn.Nf3.Ca4	128	36	62	30	180	Erigaisi, Arjun	2799	1992	2025	2026-07-29
E.Nim.Rub.StP.MLn.Nf3.Sch	1237	333	585	319	35794	Caruana, F.	2807	2008	2017	2026-07-29
E.KID.Nf3.Cst.e3.d6.c6	44	11	16	17	65358	Van Wely, Loek	2679	1998	2014	2026-07-29
E.KID.Nf3.Cst.e3.d6.Nc6	30	8	8	14	118990	Carlsen, M.	2843	2016	2021	2026-07-29
E.KID.Nf3.Cst.e3.d6.dxe5	16	6	4	6	28861	Zaichik, Gennadi	2525	1977	2006	2026-07-29
E.KID.Nf3.Cst.e3.d6.b4	144	41	47	56	11073	Nepomniachtchi, I.	2773	1994	2023	2026-07-29
E.Ind.e6.Nf3.d5.Bg5.h6	694	194	305	195	60021	Carlsen, M.	2857	2008	2018	2026-07-29
E.Ind.e6.Nf3.d5.Bg5.c6	93	36	44	13	14336	Vitiugov, N.	2719	1988	2015	2026-07-29
E.Ind.e6.Nf3.d5.Bg5.Bb4	530	175	224	131	82731	Carlsen, M.	2842	2008	2018	2026-07-29
E.Ind.e6.Nf3.d5.e3.Bb7	467	122	219	126	175621	Aronian, L.	2830	1995	2025	2026-07-29
E.Ind.e6.Nf3.d5.e3.Bd6	69	12	37	20	3548	Caruana, F.	2776	2019	2023	2026-07-29
E.Ind.e6.Nf3.d5.e3.O-O	333	80	164	89	5600	Ivanchuk, Vassily	2730	1996	2019	2026-07-29
E.Ind.e6.Nf3.d5.e3.exd5	40	13	14	13	5053	Nakamura, Hi	2768	2012	2023	2026-07-29
E.Gru.Exc.SeV.Bc4.Lrs	85	39	27	19	686	Kramnik, Vladimir	2751	1988	2005	2026-07-29
E.Gru.Exc.SeV.Bc4.Sim	382	123	161	98	8157	Caruana, F.	2804	1998	2024	2026-07-29
E.Gru.Exc.SeV.Bc4.Lsr	124	47	51	26	3844	Azmaiparashvili, Zurab	2679	1977	2007	2026-07-29
E.Gru.Exc.SeV.Bc4.Lb6	67	31	20	16	442	Kramnik, Vladimir	2751	1988	2005	2026-07-29
E.Gru.Rus.Hng.e4.O-O-O	2	0	1	1	194	Pashikian, Arman	2621	2005	2009	2026-07-29
E.Gru.Rus.Hng.e4.c5	37	14	16	7	6	Kasparov, Garry	2805	1994	2011	2026-07-29
E.Nim.Rub.Res.MLn.O-O.Brn	3236	898	1682	656	42982	Anand, Viswanathan	2800	1997	2011	2026-07-29
E.Nim.Rub.Res.MLn.O-O.Exc	2614	719	1355	540	27158	Carlsen, M..	2862	1997	2021	2026-07-29
E.Nim.Rub.Res.MLn.O-O.Cap	11	6	5	0	2657	Fedoseev, Vl3	2665	2001	2016	2026-07-29
E.Nim.Rub.Res.MLn.O-O.ML2	1209	359	571	279	18687	Anand, Viswanathan	2800	1997	2022	2026-07-29
E.Nim.Rub.Res.MLn.O-O.Smy	60	15	27	18	192	Kasimdzhanov, Rustam	2672	2003	2011	2026-07-29
E.Nim.Rub.Res.MLn.O-O.Bro	1113	236	664	213	5827	Kasparov, Garry	2849	2000	2008	2026-07-29
E.KID.Fch.MLn.O-O.Ben	663	231	256	176	15800	Ivanchuk, Vassily	2787	1996	2022	2026-07-29
E.KID.Fch.MLn.O-O.Kav	2735	1043	1012	680	104113	Ivanchuk, Vassily	2779	2000	2012	2026-07-29
E.KID.Fch.MLn.O-O.Lrs	1675	498	759	418	82386	Carlsen, Magnus	2863	2017	2020	2026-07-29
E.KID.Fch.Sim.MLn.Blk	51	18	21	12	269	Tukmakov, Vladimir B	2570	1978	1996	2026-07-29
E.KID.Fch.Sim.MLn.Don	238	94	88	56	1299	Khalifman, Alexander	2690	1978	2002	2026-07-29
E.KID.Fch.Kav.Nc3.e5.a5	768	378	257	133	24364	Aronian, L.	2785	2012	2022	2026-07-29
E.KID.Fch.Kav.Nc3.e5.h3	3514	1485	1293	736	136890	Karpov, Anatoly	2780	1995	2012	2026-07-29
E.KID.Cls.Old.e5.Re1	1885	662	705	518	58800	Grischuk, Alexander	2785	2009	2018	2026-07-29
E.KID.Cls.Old.e5.c6	354	123	160	71	2380	Ivanchuk, Vassily	2764	2009	2011	2026-07-29
E.Ben.Mod.Cls.MLn.Re8.Tal	1275	531	431	313	50218	Caruana, Fabiano	2835	2001	2020	2026-07-29
E.Ben.Mod.Cls.MLn.Re8.Na6	557	227	205	125	11238	Carlsen, M.	2864	2001	2022	2026-07-29
E.Ben.Mod.Cls.MLn.Re8.f3L	360	155	132	73	3753	Carlsen, M.	2864	2001	2022	2026-07-29
E.Gru.Neo.MLn.cxd5.O-O	2905	1031	1301	573	100633	Carlsen, M.	2832	2017	2019	2026-07-29
E.Gru.Neo.MLn.cxd5.dxc5	136	33	79	24	14316	Vachier Lagrave, M.	2779	1999	2025	2026-07-29
E.Gru.Neo.MLn.cxd5.Nb6	1925	652	885	388	17270	Carlsen, M.	2855	2016	2019	2026-07-29
E.Ind.WIn.Nf3.Bg7.g3.d5	5208	1464	2876	868	868008	Carlsen, M.	2864	2010	2022	2026-07-29
E.Ind.WIn.Nf3.Bg7.g3.cxd5	2353	457	1529	367	250910	Carlsen, Magnus	2863	1998	2021	2026-07-29
E.Ind.Cat.d5.Bg2.dxc4.Bb4	1813	485	1049	279	14668	Kasparov, Garry	2849	2001	2025	2026-07-29
E.Ind.Cat.d5.Bg2.dxc4.Be7	540	202	269	69	98077	Anand, Viswanathan	2788	1977	2019	2026-07-29
E.Nim.Spl.Rom.Nf3.Ne4.Crl	103	23	50	30	2880	Alekseenko, K.	2687	1992	2024	2026-07-29
E.Nim.Spl.Rom.Nf3.Ne4.Sta	9	5	2	2	608	Levitt, Jonathan	2495	1989	2011	2026-07-29
E.Nim.Spl.Rom.Nf3.Ne4.StM	0	0	0	0	6					2026-07-29
E.KID.Cls.e5	42423	15413	17841	9169	1788422	Carlsen, M.	2872	2019	2022	2026-07-29
E.KID.Cls.e5.O-O	29040	10594	12295	6151	909857	Carlsen, M.	2872	2019	2025	2026-07-29
E.KID.Cls.e5.O-O.c6	706	231	287	188	15493	Grischuk, A.	2771	2009	2018	2026-07-29
E.KID.Cls.e5.O-O.Na6	5473	1973	2101	1399	144461	Carlsen, Magnus	2863	2006	2020	2026-07-29
E.KID.Cls.e5.O-O.Nbd7	6754	2549	2369	1836	510279	Carlsen, Magnus	2863	2018	2022	2026-07-29
E.KID.Cls.e5.O-O.Nbd7.Re1	1885	662	705	518	58800	Grischuk, Alexander	2785	2009	2018	2026-07-29
E.KID.Cls.e5.O-O.Nbd7.c6	354	123	160	71	2380	Ivanchuk, Vassily	2764	2009	2011	2026-07-29
E.KID.Cls.Nrm	75508	28716	29109	17683	10857787	Carlsen, M.	2881	2013	2020	2026-07-29
E.KID.Cls.Nrm.Bg5	680	285	217	178	404429	Carlsen, Magnus	2813	2008	2014	2026-07-29
E.KID.Cls.Nrm.Nge2	1778	704	577	497	195202	Carlsen, M.	2881	2011	2025	2026-07-29
E.KID.Cls.Nrm.g3	125	34	48	43	77344	Adhiban, Baskaran	2660	2008	2021	2026-07-29
E.KID.Cls.Nrm.Be2	17097	6580	6358	4159	1400848	Carlsen, M.	2832	2013	2024	2026-07-29
E.Nim.Rub.c5	6801	2207	2854	1740	294823	Carlsen, M.	2859	2022	2024	2026-07-29
E.Nim.Rub.c5.Ne2	2696	957	1123	616	88943	Carlsen, M.	2859	2011	2024	2026-07-29
E.Nim.Rub.c5.Ne2.a3	743	263	305	175	12711	Kramnik, Vladimir	2770	2000	2013	2026-07-29
E.Nim.Rub.c5.Ne2.c5	15	6	5	4	16	Sadler, Matthew	2630	1999	2001	2026-07-29
E.Nim.Rub.O-O	22646	6220	10878	5548	650495	Carlsen, M.	2864	2013	2022	2026-07-29
E.Nim.Rub.O-O.Ne2	5080	1337	2180	1563	172350	Carlsen, Magnus	2864	2013	2020	2026-07-29
A.And.Hip	0	0	0	0	351					2026-07-29
A.And.Bat	12	1	8	3	30019	Carlsen, M.	2832	2010	2024	2026-07-29
A.Ama.Par.Gen	0	0	0	0	162					2026-07-29
A.Hng.Par	1	0	0	1	6113	Laurusas, T.	2541	2025	2025	2026-07-29
A.Hng.Par.Gen	0	0	0	0	528					2026-07-29
A.Hng.ReA.Brk	0	0	0	0	13557					2026-07-29
A.Hng.ReA.Brk.Bnk	0	0	0	0	1					2026-07-29
A.Hng.ReA.Nor	11	5	4	2	3119	Rapport, R.	2709	2015	2025	2026-07-29
A.Lar.Mod.c4	517	195	178	144	144211	Carlsen, M..	2847	2016	2021	2026-07-29
A.Lar.Mod.f4	0	0	0	0	12455					2026-07-29
A.Eng.Agi.Nf3.d5	13445	4740	5550	3155	1723621	Carlsen, Magnus	2837	2012	2017	2026-07-29
A.Eng.Agi.Nf3.d5.b3	1221	485	516	220	139056	Carlsen, M.	2834	2018	2024	2026-07-29
A.Eng.Agi.Nf3.d5.b3.d4	383	108	212	63	51889	Caruana, Fabiano	2835	2014	2020	2026-07-29
A.Tor.Bre	50	16	20	14	10533	Kovalev, Vladislav	2648	1995	2022	2026-07-29
A.Tor.Wag	31	11	4	16	19087	Matlakov, M.	2674	2000	2022	2026-07-29
A.PQI.Sch	0	0	0	0	6					2026-07-29
A.PQI.e3	18	2	8	8	5218	Martinez Alcantara, Jose Eduardo	2606	2008	2022	2026-07-29
A.Hol.Rap.d5	1322	529	451	342	136075	Nakamura, Hikaru	2784	2010	2014	2026-07-29
A.Hol.Rap.d5.e4	69	18	22	29	9452	Gelfand, Boris	2685	1987	1996	2026-07-29
A.Hor.Fch.MLn.Nf3.Nbd	5986	1895	2768	1323	567554	Carlsen, M.	2881	2013	2019	2026-07-29
A.Hor.Fch.MLn.Nf3.Nbd.Bf4	767	269	325	173	17198	Ding Liren	2799	2007	2021	2026-07-29
A.Hor.Fch.MLn.Nf3.Nbd.Bg5	55	16	21	18	1140	Sokolov, Ivan	2699	1996	2012	2026-07-29
A.Hor.Fch.MLn.Bg5.Be7.Ne4	12	6	5	1	38689	Kortschnoj, Viktor	2650	1973	2006	2026-07-29
A.Hor.Fch.MLn.Bg5.Be7.Neo	250	103	116	31	27982	Ivanchuk, V.	2710	2012	2017	2026-07-29
A.Egl.dxe5.Nc6.Nf3.Bc5	0	0	0	0	353218					2026-07-29
A.Egl.dxe5.Nc6.Nf3.f6	6	2	2	2	166875	Adnani, M.	2448	2009	2017	2026-07-29
A.Egl.dxe5.Nc6.Nf3.Nge7	6	6	0	0	197249	Afanasiev, Nikita	2569	1999	2022	2026-07-29
A.Clm.Glb	16	6	4	6	52776	Oll, Lembit	2615	1990	1996	2026-07-29
A.Gro.Lon	3	0	2	1	5477	McNab, Colin Anderson	2415	1986	1991	2026-07-29
A.Gro.Dbl.Coc	0	0	0	0	170					2026-07-29
A.Gro.Gbt.MLn.d4.Bxb7	1	0	0	1	5775	Duda, J.	2738	2018	2018	2026-07-29
A.Gro.Gbt.MLn.d4.Bxb7.Nd7	1	0	0	1	4996	Duda, J.	2738	2018	2018	2026-07-29
A.Mie.Mye	1	0	1	0	1230	Vuckovic, Aleksandar	2300	2002	2002	2026-07-29
A.Mie.ReR.Val	6	0	2	4	118087	Hammer, Jon Ludvig	2610	2011	2017	2026-07-29
A.Sod.e5.d3	0	0	0	0	426					2026-07-29
A.Sod.e5.d3.Bxa3	0	0	0	0	1					2026-07-29
A.Sod.e5.Nc4	2	0	2	0	9551	Johannessen, LE.	2528	2014	2018	2026-07-29
A.Sod.e5.Nc4.Nc6	2	0	2	0	6773	Johannessen, LE.	2528	2014	2018	2026-07-29
A.Sod.e5.Nc4.Nc6.e4	2	0	2	0	5021	Johannessen, LE.	2528	2014	2018	2026-07-29
A.Sod.e5.Nc4.Nc6.e4.f5	0	0	0	0	204					2026-07-29
A.Van.ReN.Gla	0	0	0	0	55					2026-07-29
A.Van.c5.Rb1	1	0	1	0	169	De la Villa Garcia, Jesus Maria	2430	1989	1989	2026-07-29
A.Van.c5.d4	45	7	22	16	253957	Kasparov, Garry	2851	1995	2024	2026-07-29
A.Van.c5.d4.cxd4	41	7	20	14	214029	Kasparov, Garry	2851	1995	2024	2026-07-29
A.Van.c5.d4.cxd4.Qxd4	41	7	20	14	209296	Kasparov, Garry	2851	1995	2024	2026-07-29
A.Van.c5.d4.cxd4.Qxd4.Nc6	37	7	17	13	175066	Kasparov, Garry	2851	1995	2024	2026-07-29
A.Bir.Fro.Nc3.Nwk	0	0	0	0	318					2026-07-29
A.Ret.Nf6.g3.g6.Bg2	9872	3304	4281	2287	2226999	Carlsen, Magnus	2863	2015	2020	2026-07-29
A.Ret.Nf6.g3.g6.Bg2.Bg7	10140	3391	4390	2359	2432999	Carlsen, Magnus	2863	2015	2020	2026-07-29
A.Ret.d5.g3.g6.Bg2	4271	1158	2085	1028	180055	Carlsen, Magnus	2870	2013	2020	2026-07-29
A.Ret.d5.g3.g6.Bg2.Bg7	4312	1170	2091	1051	249467	Carlsen, Magnus	2870	2013	2020	2026-07-29
A.Ret.d5.g3.Bg4.Bg2	4083	1388	1718	977	252154	Carlsen, M.	2882	2013	2022	2026-07-29
A.Ret.d5.g3.Bg4.Bg2.Nd7	2512	851	1046	615	52345	Caruana, Fabiano	2835	2003	2020	2026-07-29
A.Ret.Nim.Nor	0	0	0	0	355					2026-07-29
A.Ret.Nim.Ble	182	90	52	40	30427	Mamedyarov, S.	2757	2014	2022	2026-07-29
A.EID.Fch.NGr	4955	1445	2484	1026	733873	Carlsen, M.	2864	2017	2022	2026-07-29
A.EID.Fch.NGr.dxc4	2456	741	1121	594	205213	Caruana, F.	2822	2016	2019	2026-07-29
A.EID.Fch.NGr.Nc6	419	132	186	101	38415	Ding Liren	2811	2013	2019	2026-07-29
A.Kan.MLn.e3.c5.Ne2.cxd4	1561	569	645	347	25390	Kramnik, Vladimir	2770	2001	2021	2026-07-29
A.Col.Bd6.O-O.O-O	66	26	26	14	103907	Duda, Jan Krzysztof	2753	2018	2020	2026-07-29
A.Col.Bd6.O-O.O-O.b3	55	25	19	11	37000	Carlsen, M.	2832	2017	2018	2026-07-29
A.Col.Bd6.O-O.O-O.b3.Nbd7	8	5	1	2	9937	Starostits, I.	2479	2006	2019	2026-07-29
A.Lon.Job.e6	1336	332	679	325	1642672	Carlsen, Magnus	2863	2015	2023	2026-07-29
A.Lon.Job.g6	1315	475	451	389	558670	Carlsen, M.	2837	2017	2021	2026-07-29
D.QGD.Bal.Nc3.Nf3.Bal	614	242	257	115	776381	Kramnik, Vladimir	2790	1994	2005	2026-07-29
D.Chi.Chi	1444	701	463	280	760909	Carlsen, Magnus	2801	2001	2016	2026-07-29
D.Sla.E01	8611	1927	5215	1469	3266022	Carlsen, M.	2881	2014	2021	2026-07-29
D.Sla.Qui.MLn.Qui	8974	2473	4845	1656	1161879	Carlsen, Magnus	2863	2017	2020	2026-07-29
D.Sla.Nf3.Nf6.Exc	4791	900	3128	763	874181	Carlsen, M.	2851	2008	2016	2026-07-29
D.Sla.Ala.MLn.Gel	588	218	154	216	121370	Carlsen, Magnus	2776	2007	2016	2026-07-29
D.Sla.Nf3.Nf6.Nc3.Sch	1288	594	529	165	812524	Aronian, L.	2784	2012	2016	2026-07-29
D.Sla.Nf3.Nf6.Nc3.Suc	195	87	79	29	36237	Mamedyarov, Shakhriyar	2760	2007	2024	2026-07-29
D.Sla.Cls.MLn.O-O.Cze	1699	492	870	337	54896	Caruana, Fabiano	2835	1994	2020	2026-07-29
D.Sla.Cls.MLn.O-O.Dut	3	0	2	1	7	Sargissian, Gabriel	2667	2005	2011	2026-07-29
D.QGA.Nf3.God	46	29	13	4	18732	Mamedyarov, S.	2801	1983	2022	2026-07-29
D.QGD.Vie.Sxx	3593	1053	1911	629	423854	Carlsen, M.	2882	2019	2019	2026-07-29
D.QGA.Nf3.Nf6.Nc3.Bog	695	270	268	157	31108	Kasparov, Garry	2815	1998	2022	2026-07-29
D.QGA.Nf3.Nf6.Nc3.Gun	313	128	129	56	10584	Bareev, Evgeny	2739	1988	2003	2026-07-29
D.QGA.Cls.Ale.MLn.Flo	0	0	0	0	0					2026-07-29
D.QGA.Cls.Ale.MLn.Ale	647	170	277	200	10480	Anand, Viswanathan	2765	1993	2017	2026-07-29
D.QGA.Cls.Ale.MLn.Smy	42	10	18	14	708	Tal, Mihail	2630	1988	1992	2026-07-29
D.Tar.Exd.Nf3.Nc6.Gru	32	19	8	5	1603	Lupulescu, C.	2592	1995	2023	2026-07-29
D.Tar.HSc.MLn.Qd1.Von	19	7	9	3	21867	Nakamura, Hikaru	2640	1994	2013	2026-07-29
D.Tar.Cls.Bg5.Be6.Sto	4	0	1	3	778	Andres Gonzalez, Alberto	2435	1983	2010	2026-07-29
D.Tar.Cls.Bg5.Be6.Bog	31	13	12	6	3019	Korobov, A.	2699	1973	2025	2026-07-29
D.Tar.Cls.MLn.Cla	169	74	46	49	8255	Sokolov, Ivan	2690	2009	2018	2026-07-29
D.Tar.Cls.MLn.Ret	586	232	277	77	21078	Vidit, S.	2737	2019	2023	2026-07-29
D.QGD.Har.Har	11581	3708	6500	1373	1213448	Carlsen, M.	2882	2014	2019	2026-07-29
D.QGD.Rag.Bg5.Wes	570	175	224	171	44235	Carlsen, M.	2840	2006	2025	2026-07-29
D.Sem.AMe.Sto	21216	5265	12406	3545	238299	Carlsen, M.	2882	2019	2022	2026-07-29
D.Sem.Mer.Bd3.Bd6.Chi	2630	356	2044	230	9523	Kasparov, Garry	2815	1998	2016	2026-07-29
D.Sem.Mer.Bd3.Bd6.C01	1913	225	1555	133	2481	Kasparov, Garry	2815	1998	2013	2026-07-29
D.Sem.Mer.Lun.MLn.Mer	191	61	86	44	630	Giri, A.	2772	2008	2022	2026-07-29
D.Sem.Mer.Lun.MLn.Wad	1227	313	666	248	6414	Topalov, Veselin	2813	2006	2022	2026-07-29
D.STa.Pil.MLn.Pse	10	2	4	4	32074	Mamedyarov, Shakhriyar	2722	2006	2012	2026-07-29
D.QGD.Cls.MLn.Ant	967	319	485	163	93028	Carlsen, Magnus	2823	1997	2022	2026-07-29
D.QGD.Tar.MLn.Bd3.Bb7.Pil	5	2	2	1	5729	Popov, Iv RUS	2592	1988	2018	2026-07-29
D.QGD.Ort.Cap.MLn.Fia	66	30	29	7	37969	Krasenkow, Michal	2609	2003	2022	2026-07-29
D.QGD.Ort.Hne.Jan	11	7	3	1	474	Lerner, Konstantin Z	2560	1985	1997	2026-07-29
D.Sla.Sch.MLn.Bd3.O-O.Flo	82	35	35	12	3962	Aleksandrov, Aleksej	2601	2001	2010	2026-07-29
D.Sla.Sch.MLn.Bd3.O-O.Smy	654	234	336	84	56748	Aronian, Levon	2807	2008	2013	2026-07-29
D.Cat.O01	907	276	380	251	222760	Carlsen, M.	2859	2009	2022	2026-07-29
D.Cat.Fch.Ope	14659	4168	8388	2103	672179	Carlsen, M.	2875	2013	2022	2026-07-29
D.Cat.Fch.Clo	355	105	155	95	12820	Carlsen, Magnus	2863	2013	2020	2026-07-29
D.Cat.Cls.Qc2.Btr.C01	789	311	352	126	15588	Harikrishna, P.	2752	2016	2023	2026-07-29
D.Cat.Fch.C01	3347	355	2741	251	14203	Ding Liren	2813	2010	2019	2026-07-29
D.Cat.Cls.Qc2.Btr.Spa	11	6	4	1	8	Spassky, Boris V	2690	1971	2020	2026-07-29
D.Cat.Fch.Mai	725	297	300	128	26382	Giri, A.	2771	2006	2022	2026-07-29
B.Sca.Nc3.Dgh	1	0	0	1	27562	Westerinen, Heikki MJ	2371	2005	2005	2026-07-29
B.Sca.Nc3.DPe	2	1	0	1	248411	Fossan, E.	2345	2017	2018	2026-07-29
B.Sca.Nc3.Hec	1	0	1	0	12998	Eilertsen, Jens B	2280	1990	1990	2026-07-29
B.Sic.McD.d5	1006	229	437	340	1873562	Nakamura, Hi	2802	2006	2024	2026-07-29
B.Sic.McD.Bat	45	7	23	15	166048	Grigoriants, S RUS	2550	2005	2025	2026-07-29
B.Sic.McD.Maf	6	1	1	4	244056	Pham, Minh Hoang	2479	1989	2007	2026-07-29
B.Fre.Rub.Nxe4	9401	3475	4560	1366	4709403	Kasparov, Garry	2851	2000	2017	2026-07-29
B.Fre.Rub.Ell	1	0	1	0	6582	Plenkovic, Zdenko	2292	2003	2003	2026-07-29
B.Fre.Rub.Mar	139	71	41	27	27381	Rozentalis, Eduardas	2605	1972	2006	2026-07-29
B.Fre.Mac.Adv	3552	1148	1560	844	391044	Anand, Viswanathan	2817	2007	2011	2026-07-29
B.Fre.Mac.MLn.Bd2.Bxc3.Kf8	21	5	14	2	1498	Iordachescu, Viorel	2626	2007	2020	2026-07-29
B.Fre.Mac.MLn.Bd2.Bxc3.g6	1129	349	515	265	23009	Anand, Viswanathan	2817	2007	2011	2026-07-29
B.Sic.Cls.Rch.Lip.e5	16	7	6	3	633	Timman, Jan H	2630	1987	2015	2026-07-29
B.Sic.Cls.Rch.Lip.Nxd4	979	350	463	166	8375	Carlsen, M..	2847	1994	2021	2026-07-29
B.Sic.Cls.Rch.Lip.Nxd4.Qxd4	1605	590	729	286	13748	Carlsen, M..	2847	1996	2021	2026-07-29
B.Sic.Dra.Cls.Nrm.f4	734	209	273	252	22073	Rublevsky, Sergei	2697	1988	2013	2026-07-29
B.Sic.Dra.Cls.Nrm.f4.Na5	163	50	67	46	5091	Rublevsky, Sergei	2697	1988	2009	2026-07-29
B.Sic.Dra.Cls.Nrm.f4.Qc8	319	104	119	96	3763	Alekseev, Evgeny	2715	1976	2008	2026-07-29
B.Sic.Dra.Yug.Nc6.Bc4.a5	37	11	16	10	4741	Karpov, Anatoly	2630	1972	2007	2026-07-29
B.Sic.Dra.Yug.Nc6.Bc4.Nxd4	204	67	108	29	49652	Nakamura, Hikaru	2783	2012	2024	2026-07-29
B.Sic.Dra.Yug.Nc6.Bc4.Nd7	257	129	72	56	29721	Shirov, Alexei	2723	1993	2007	2026-07-29
B.Sic.Dra.Yug.Bd7.O-O-O.Rb8	623	196	279	148	39094	Nakamura, Hi	2787	2008	2018	2026-07-29
B.Sic.Dra.Yug.Bd7.O-O-O.Qa5	412	201	113	98	45520	Ivanchuk, Vassily	2710	1994	2005	2026-07-29
B.Sic.Dra.Be3.Bg7.Be2.Nc6	953	265	366	322	369988	Carlsen, M.	2832	1997	2025	2026-07-29
B.Fre.Tar.Ope.exd5.Qxd5	5080	1447	2502	1131	287354	So, W.	2812	2017	2024	2026-07-29
B.Fre.Tar.Ope.exd5.Nf6	1	0	1	0	1288	Johannsson, Ingi Randver	2400	1974	1974	2026-07-29
B.Fre.Tar.Ope.exd5.Qxd5.Qd6	2038	600	1065	373	24894	Caruana, F.	2808	2012	2018	2026-07-29
B.Fre.Tar.Ope.exd5.Qxd5.Qd8	447	121	237	89	39773	Harikrishna, P.	2737	2017	2019	2026-07-29
B.Fre.Tar.Ope.exd5.exd5.c4	97	29	43	25	13598	Adams, Michael	2744	1988	2002	2026-07-29
B.Fre.Tar.Ope.exd5.exd5.Nc6	2425	702	1320	403	183753	Kasparov, Garry	2849	1999	2023	2026-07-29
B.Sic.Tay.Nc3.Qc7.Be2.O-O	5399	1824	2258	1317	149858	Kasparov, Garry	2838	2002	2008	2026-07-29
B.Sic.Tay.Nc3.Qc7.Be2.Kh1	1799	614	712	473	23049	Anand, Viswanathan	2782	1994	2013	2026-07-29
B.Sic.Kan.Nc3.b5.Bd3	3193	1025	1097	1071	119946	Carlsen, M.	2832	1998	2024	2026-07-29
B.Sic.Kan.Nc3.b5.Bd3.Qb6	1603	516	518	569	13766	Kasparov, Garry	2825	1998	2016	2026-07-29
B.Sic.Ros.Cls.MLn.c3.e5	440	191	160	89	30256	Carlsen, Magnus	2863	2019	2025	2026-07-29
B.Sic.Ros.Cls.MLn.c3.Nf6	195	77	50	68	9744	Svidler, Peter	2747	2004	2010	2026-07-29
B.Sic.Ros.Cls.MLn.c3.Qa4	189	69	75	45	2323	Anand, Viswanathan	2769	2000	2010	2026-07-29
B.Pir.Cls.Bg7.MLn.O-O.Nc6	847	221	384	242	98499	Carlsen, M.	2861	2017	2022	2026-07-29
B.Pir.Cls.Bg7.MLn.O-O.c6	2919	947	1264	708	93942	Carlsen, M.	2882	1996	2019	2026-07-29
B.Pir.Cls.Bg7.MLn.O-O.Bg4	1622	509	809	304	58673	Carlsen, M.	2832	1978	2017	2026-07-29
B.Pir.Pre.d4.Nf6.Nc3.f4	616	264	208	144	342924	Aronian, L.	2805	1998	2014	2026-07-29
B.Pir.Pre.d4.Nf6.Nc3.e5	576	245	199	132	285031	Aronian, L.	2805	1998	2014	2026-07-29
B.Pir.Pre.d4.Nf6.Nc3.d5	14	2	1	11	5770	Vachier Lagrave, Maxime	2703	1995	2010	2026-07-29
B.Pir.Pre.d4.Nf6.Nc3.g4	235	112	67	56	18830	Vachier Lagrave, Maxime	2715	2004	2017	2026-07-29
B.Fre.Cls.MLn.e5.Nfd7.Nb5	87	35	28	24	43454	Zvjaginsev, V.	2653	1987	2016	2026-07-29
B.Fre.Cls.MLn.e5.Nfd7.c4	32	7	14	11	574	Naiditsch, Arkadij	2678	1999	2008	2026-07-29
B.Sic.Naj.Bg5.e6.f4.Qf3	3247	1237	1273	737	760995	Topalov, Veselin	2812	2001	2023	2026-07-29
B.Sic.Naj.Bg5.e6.f4.Qc7	2544	953	1041	550	397493	Topalov, Veselin	2812	2001	2023	2026-07-29
B.Sic.Naj.Bg5.e6.f4.Bh4	365	148	114	103	34060	Shirov, Alexei	2735	2010	2010	2026-07-29
B.Sic.Naj.Bg5.e6.f4.g5	98	36	38	24	16672	Zhigalko, Sergei	2649	2005	2012	2026-07-29
B.Sic.Naj.Bg5.e6.f4.Nbd7	2693	1009	1095	589	334175	Topalov, Veselin	2812	2009	2023	2026-07-29
B.Sic.Cls.Rch.e6.Qd2.Bd7	8493	2952	3279	2262	91904	Carlsen, M.	2859	2018	2022	2026-07-29
B.Sic.Cls.Rch.e6.Qd2.f4	5040	1651	2039	1350	54944	Caruana, F.	2819	2016	2021	2026-07-29
B.Sic.Cls.Rch.e6.Qd2.O-O-O	1764	554	692	518	30565	Ding Liren	2812	2019	2021	2026-07-29
B.Sic.Cls.Rch.e6.Qd2.Bxf6	1040	313	450	277	4241	Carlsen, Magnus	2863	2009	2020	2026-07-29
B.Sic.OKn.Nf6.Nc3.g6.Bg7	2320	769	885	666	479721	Carlsen, Magnus	2813	2009	2011	2026-07-29
B.Sic.OKn.Nf6.Nc3.g6.O-O	1977	681	757	539	175853	Carlsen, Magnus	2813	2009	2011	2026-07-29
B.Sic.OKn.Nf6.Nc3.g6.Qd2	401	100	205	96	86870	Carlsen, Magnus	2776	2009	2022	2026-07-29
B.Sic.OKn.Nf6.Nc3.g6.Nc6	1385	338	568	479	398393	Carlsen, Magnus	2813	2009	2010	2026-07-29
B.Sic.OKn.Nf6.Nc3.g6.Nb3	1008	275	363	370	76912	Carlsen, Magnus	2813	2010	2015	2026-07-29
B.Sic.Dra.Be3.Bg7.Be2.Nb3	261	91	86	84	24977	Khalifman, Alexander	2660	1995	1999	2026-07-29
B.Sic.Dra.Be3.Bg7.Be2.Ams	234	89	86	59	116059	Carlsen, M.	2832	1997	2025	2026-07-29
B.Sic.Dra.Be3.Bg7.Be2.Gri	237	96	95	46	84692	Carlsen, M.	2832	1997	2025	2026-07-29
B.Sic.Dra.Cls.Nrm.f4.d5	10	3	6	1	10	Galkin, Alexander	2565	1998	2010	2026-07-29
B.Sic.Dra.Cls.Nrm.f4.Bd3	65	27	24	14	559	Rakhmanov, Ale	2629	1980	2019	2026-07-29
B.Sic.Dra.Cls.Nrm.f4.g4	3	0	3	0	126	Koch, Jean Rene	2498	1981	2002	2026-07-29
B.Fre.Adv.c5.c3.Nc6.Bd7	5444	1861	1958	1625	1873101	Carlsen, M.	2864	2021	2022	2026-07-29
B.Fre.Adv.c5.c3.Nc6.Qb6	4410	1594	1629	1187	1342020	Caruana, Fabiano	2842	2014	2024	2026-07-29
B.Fre.Adv.c5.c3.Nc6.Nh6	1488	506	568	414	160641	Nakamura, Hi	2802	2014	2024	2026-07-29
B.Fre.Adv.c5.c3.Nc6.Be3	223	75	86	62	421194	Ni, Hua	2643	1992	2010	2026-07-29
B.Fre.Adv.c5.Nf3.cxd4.Bd3	124	37	45	42	73398	Rapport, R.	2740	1991	2022	2026-07-29
B.Fre.Tar.Cls.MLn.Bd3.b6	633	262	218	153	33683	Nepomniachtchi, Ian	2730	1996	2012	2026-07-29
B.Fre.Tar.Cls.MLn.Bd3.Nc6	8619	3512	3176	1931	1279854	Carlsen, Magnus	2802	2010	2016	2026-07-29
B.Fre.Tar.Cls.MLn.Bd3.MLn	6109	2361	2416	1332	424675	Adams, Michael	2755	2000	2010	2026-07-29
B.Fre.Tar.Cls.MLn.Bd3.Len	240	111	71	58	9090	Svidler, Peter	2754	1995	2010	2026-07-29
B.Fre.Stn.MLn.f4.c5.Nc6	29	12	8	9	7306	Caruana, F.	2796	2010	2025	2026-07-29
B.Fre.Stn.MLn.f4.c5.Qg4	23	10	6	7	8025	Volkov, Sergey	2628	2004	2007	2026-07-29
B.Fre.Stn.MLn.f4.c5.f6	1	1	0	0	31	Santos Ruiz, Miguel	2596	2025	2025	2026-07-29
B.Fre.Stn.MLn.f4.c5.Be3	12971	4406	6266	2299	1041910	Carlsen, M.	2882	2012	2023	2026-07-29
B.Fre.Cls.exd5.exd5.Bg5.Nc6	0	0	0	0	4115					2026-07-29
B.Fre.Win.Adv.MLn.Ne7.Qc7	9	3	2	4	6152	Navara, David	2708	2002	2013	2026-07-29
B.Fre.Win.Adv.MLn.Ne7.Nbc6	92	27	34	31	25696	Carlsen, Magnus	2843	1984	2012	2026-07-29
B.Fre.Win.Adv.Pos.Qa5.c4	31	15	7	9	3066	So, W.	2753	2001	2023	2026-07-29
B.Fre.Win.Psn.MLn.Ne2	2343	836	1104	403	101392	Carlsen, M.	2834	2009	2021	2026-07-29
B.Nim.ScD.Nc3.dxe4.d5.Ne5	138	47	40	51	79363	Jobava, Ba	2705	1988	2024	2026-07-29
B.Nim.ScD.Nc3.dxe4.d5.Nb8	1	0	1	0	2946	Williamson, Harvey D.	2527	2024	2024	2026-07-29
B.Sic.Win.cxb4.a3.d5.Qxd5	190	49	73	68	61429	Tregubov, Pavel V	2628	2006	2024	2026-07-29
B.Ale.Chs.Nd5.Bc4.e6	198	63	62	73	245579	Fridman, Daniel	2665	1971	2014	2026-07-29
B.Ale.Chs.Nd5.Bc4.e6.Nc3	125	32	38	55	127985	Fridman, Daniel	2665	1981	2009	2026-07-29
B.CaK.Cls.Spd.Nd7.h5	7926	2149	4137	1640	593800	Kasparov, Garry	2847	2003	2009	2026-07-29
B.CaK.Cls.Spd.Nd7.h5.Bd3	8198	2230	4274	1694	717847	Kasparov, Garry	2847	2003	2009	2026-07-29
B.Fre.Adv.Mil.MLn.O-O	297	141	84	72	107068	Vachier Lagrave, M.	2763	2020	2025	2026-07-29
B.Fre.Adv.Mil.MLn.Bd7	409	121	124	164	638806	Morozevich, Alexander	2770	2012	2025	2026-07-29
B.Fre.Adv.Mil.MLn.Sor	21	5	3	13	15325	Papp, Gabor	2589	1995	2020	2026-07-29
B.Fre.Cls.MLn.e5.Ng8	78	32	33	13	28274	Hort, Vlastimil	2590	1988	2013	2026-07-29
B.Fre.Cls.MLn.e5.Ne4	156	69	66	21	72515	Christiansen, Johan-Sebastian	2661	1975	2024	2026-07-29
B.Fre.Cls.MLn.e5.Ng8.Be3	49	19	19	11	481	Hort, Vlastimil	2590	1988	2013	2026-07-29
B.Fre.Win.Psn.MLn.Bd3	540	225	188	127	21962	Carlsen, M.	2830	2011	2025	2026-07-29
B.Fre.Win.Adv.MLn.Nc6	442	181	159	102	56855	Carlsen, Magnus	2843	2010	2016	2026-07-29
B.Fre.Win.Adv.MLn.Nc6.Qa5	294	113	95	86	6925	Grischuk, Alexander	2728	1986	2011	2026-07-29
C.RyL.Mor.Opn.MLn.Opn	1933	518	1071	344	60573	Carlsen, M.	2855	2018	2021	2026-07-29
C.RyL.Mor.Opn.MLn.Ber	90	33	31	26	2230	Karpov, Anatoly	2725	1978	1995	2026-07-29
C.RyL.Mor.Opn.MLn.Brn	3261	891	1962	408	36152	Carlsen, M..	2847	2016	2021	2026-07-29
C.RyL.Mor.Opn.MLn.Lut	16	9	7	0	79	Krasenkow, Michal	2641	1996	2006	2026-07-29
C.RyL.Mor.Opn.MLn.Brs	10	6	1	3	105	Smirin, I.	2644	2001	2023	2026-07-29
C.RyL.Mor.Opn.MLn.Cls	798	202	481	115	21596	Carlsen, M..	2847	2017	2021	2026-07-29
C.RyL.Mor.Opn.MLn.Ita	1033	276	556	201	36978	Carlsen, M.	2855	2018	2022	2026-07-29
C.RyL.Mor.Opn.MLn.Krp	98	29	48	21	813	Kasparov, Garry	2849	1995	2004	2026-07-29
C.RyL.Mor.Opn.MLn.Mlk	38	9	23	6	861	Anand, Viswanathan	2792	2006	2007	2026-07-29
C.RyL.Mor.Opn.MLn.Mot	177	60	98	19	1087	Giri, A.	2782	1995	2020	2026-07-29
C.RyL.Mor.Opn.MLn.Nen	15	4	9	2	12	Ivanchuk, Vassily	2700	1990	2009	2026-07-29
C.RyL.Mor.Opn.MLn.StP	752	181	408	163	29614	Carlsen, M.	2855	2018	2022	2026-07-29
C.RyL.Mor.Opn.MLn.Tar	0	0	0	0	6					2026-07-29
C.RyL.Mor.Ba4.Nf6.O-O.Cls	51243	14470	28569	8204	2065437	Carlsen, M.	2870	2003	2019	2026-07-29
C.RyL.Mor.Ba4.Nf6.O-O.Avb	707	213	372	122	144474	Mamedyarov, S.	2808	2006	2018	2026-07-29
C.RyL.Mor.Ba4.Nf6.O-O.Bas	4	1	3	0	844	Nihal, Sarin	2692	2011	2025	2026-07-29
C.RyL.Mor.Ba4.Nf6.O-O.Cen	293	82	139	72	61454	Ding Liren	2801	1975	2019	2026-07-29
C.RyL.Mor.Ba4.Nf6.O-O.Ba2	4	2	2	0	705	Nihal, Sarin	2692	1996	2025	2026-07-29
C.RyL.Mor.Ba4.Nf6.O-O.DEx	2419	704	1174	541	64295	Carlsen, M.	2870	2019	2025	2026-07-29
C.RyL.Mor.Ba4.Nf6.O-O.Mrt	5580	1752	2808	1020	210434	Carlsen, M.	2882	2015	2020	2026-07-29
C.RyL.Mor.Ba4.Nf6.O-O.Mor	194	33	111	50	38025	Carlsen, M.	2830	2013	2023	2026-07-29
C.RyL.Mor.Ba4.Nf6.O-O.Trj	301	89	154	58	22483	Yu Yangyi	2763	2019	2025	2026-07-29
C.RyL.Mor.Ba4.Nf6.O-O.Wor	1026	337	421	268	27425	Aronian, L.	2805	2008	2017	2026-07-29
C.RyL.Mor.Ba4.Nf6.O-O.Cst	885	298	361	226	26128	Aronian, L.	2805	2008	2017	2026-07-29
C.RyL.Mor.Ba4.Nf6.O-O.Dly	368	140	137	91	17962	Ivanchuk, Vassily	2739	2005	2017	2026-07-29
C.KGm.Acc.Nf3.KKn.Bc4.Aus	0	0	0	0	91					2026-07-29
C.KGm.Acc.Nf3.KKn.Bc4.GKG	2	0	1	1	39776	Degraeve, Jean Marc	2586	2002	2005	2026-07-29
C.KGm.Acc.Nf3.KKn.Bc4.Ktv	0	0	0	0	335					2026-07-29
C.KGm.Acc.Nf3.KKn.Bc4.Lol	0	0	0	0	67580					2026-07-29
C.KGm.Acc.Nf3.KKn.Bc4.Yng	0	0	0	0	41					2026-07-29
C.KGm.Acc.Nf3.KKn.Bc4.McD	0	0	0	0	3895					2026-07-29
C.KGm.Acc.Nf3.KKn.Bc4.Slv	4	3	0	1	176836	Tsydypov, Z..	2558	1996	2020	2026-07-29
C.KGm.Acc.Nf3.KKn.Bc4.And	2	2	0	0	51727	Tsydypov, Z..	2558	2007	2020	2026-07-29
C.KGm.Acc.Nf3.KKn.Bc4.Coc	0	0	0	0	9208					2026-07-29
C.KGm.Acc.Nf3.KKn.Bc4.SMa	0	0	0	0	5715					2026-07-29
C.KGm.Acc.Nf3.KKn.Bc4.Sil	2	2	0	0	72879	Tsydypov, Z..	2558	2007	2020	2026-07-29
C.KGm.Acc.Nf3.KKn.Bc4.Vns	2	1	0	1	19342	Bravo, William	2322	1996	2009	2026-07-29
C.KGm.Acc.Nf3.KKn.Bc4.Slb	0	0	0	0	4465					2026-07-29
C.Ita.Evn.Acc.Fra	0	0	0	0	191					2026-07-29
C.Ita.Evn.Acc.FrM	0	0	0	0	1					2026-07-29
C.Ita.Evn.Acc.Gor	0	0	0	0	39					2026-07-29
C.Ita.Evn.Acc.Hrd	0	0	0	0	65632					2026-07-29
C.Ita.Evn.Acc.Mcd	39	14	14	11	115677	Abdusattorov, Nodirbek	2627	1971	2021	2026-07-29
C.Ita.Evn.Acc.Mrt	0	0	0	0	1					2026-07-29
C.Ita.Evn.Acc.Pau	0	0	0	0	184					2026-07-29
C.Ita.Evn.Acc.St2	0	0	0	0	2					2026-07-29
C.Ita.Evn.Acc.Ulv	1	0	0	1	80	Peled, Shai	2252	2017	2017	2026-07-29
C.Ita.Two.Ng5.Pol.Bb5.Two	746	237	326	183	443542	Ding Liren	2801	2019	2022	2026-07-29
C.Ita.Two.Ng5.Pol.Bb5.Blk	54	7	37	10	43107	Ding, Liren	2791	2019	2025	2026-07-29
C.Ita.Two.Ng5.Pol.Bb5.Col	165	54	61	50	72498	Keymer, Vincent	2776	2007	2025	2026-07-29
C.Ita.Two.Ng5.Pol.Bb5.Kno	2	1	1	0	397	Nunn, John DM	2600	1985	2002	2026-07-29
C.Ita.Two.Ng5.Pol.Bb5.Pao	15	3	7	5	2710	Karjakin, Sergey	2645	1980	2005	2026-07-29
C.Ita.Two.Ng5.Pol.Bb5.Bog	485	144	205	136	579829	Ding, Liren	2791	2020	2025	2026-07-29
C.Ita.Two.Ng5.Pol.Bb5.Grn	25	10	8	7	7923	Kasparov, Garry	2805	1991	2007	2026-07-29
C.Ita.Two.Ng5.Pol.Bb5.Suh	739	232	326	181	322090	Ding Liren	2801	2019	2022	2026-07-29
C.Ita.Two.Ng5.Pol.Bb5.Stn	364	123	163	78	45361	Ding Liren	2801	2019	2022	2026-07-29
C.Vie.Nc6.HAg	36	12	8	16	25826	Navara, David	2707	1996	2011	2026-07-29
C.Vie.Nc6.Alp	11	2	2	7	3398	Navara, David	2707	1995	2011	2026-07-29
C.Vie.Nc6.Thr	10	5	4	1	3465	Gyimesi, Zoltan	2545	1991	2020	2026-07-29
C.Vie.Nc6.HMz	8	4	0	4	18372	Vachier Lagrave, Maxime	2819	2009	2016	2026-07-29
C.Vie.Nc6.Prc	41	10	10	21	56986	Adams, Michael	2620	1992	1994	2026-07-29
C.Vie.Nc6.HM2	8	4	0	4	19105	Vachier Lagrave, Maxime	2819	2009	2016	2026-07-29
C.Vie.Nc6.Dub	2	1	0	1	154	Lu, Shanglei	2473	2005	2011	2026-07-29
C.Vie.Nc6.Rus	0	0	0	0	5					2026-07-29
C.KGm.Dec.Fal.MLn.Alp	7	6	0	1	2315	Malinin, Vasily B	2434	1993	2004	2026-07-29
C.KGm.Dec.Fal.MLn.Cha	4	2	1	1	18144	Gabrielian, Artur	2494	1985	2008	2026-07-29
C.KGm.Dec.Fal.MLn.Chr	113	58	27	28	149842	Karjakin, Sergey	2727	1976	2008	2026-07-29
C.KGm.Dec.Fal.MLn.Ker	2	1	0	1	6961	Robatsch, Karl	2400	1982	1990	2026-07-29
C.KGm.Dec.Fal.MLn.Ch2	26	15	7	4	9148	Bronstein, David I	2540	1976	2022	2026-07-29
C.KGm.Dec.Fal.MLn.Old	13	4	7	2	16937	Shabalov, Alexander	2592	1975	2000	2026-07-29
C.KGm.Dec.Fal.MLn.ChV	0	0	0	0	123					2026-07-29
C.KGm.Dec.Fal.MLn.Tar	1	0	0	1	255	Popov, Ivan1	2516	2006	2006	2026-07-29
C.Ita.Giu.Mol.MLn.Grc	4	0	3	1	130490	Shumiakina, Tatiana	2375	1994	2017	2026-07-29
C.Ita.Giu.Mol.MLn.Gr2	200	37	65	98	358778	Aronian, L.	2782	1988	2024	2026-07-29
C.Ita.Giu.Mol.MLn.Mll	7	1	4	2	1628	Kuybokarov, Temur	2549	1997	2021	2026-07-29
C.Ita.Giu.Mol.MLn.Ml2	194	36	64	94	187597	Aronian, L.	2782	1988	2024	2026-07-29
C.Ita.Giu.Mol.MLn.Atk	1	0	1	0	22409	Roeberg, Frank	2310	1994	1994	2026-07-29
C.Ita.Giu.Mol.MLn.Brn	0	0	0	0	1812					2026-07-29
C.Ita.Giu.Mol.MLn.Stn	2	1	0	1	6865	Zielinski, Marek	2395	1988	2016	2026-07-29
C.Ita.Giu.Mol.MLn.Thr	18	10	5	3	7032	Iuldachev, Saidali	2526	1976	2008	2026-07-29
C.Pet.Cls.Bd3.Nc6.O-O.Brg	138	39	71	28	3031	Anand, Viswanathan	2766	1999	2003	2026-07-29
C.Pet.Cls.Bd3.Nc6.O-O.Chg	988	292	548	148	35995	Kramnik, Vladimir	2797	1998	2007	2026-07-29
C.Pet.Cls.Bd3.Nc6.O-O.Brw	269	62	173	34	9421	Anand, Viswanathan	2781	1999	2009	2026-07-29
C.Pet.Cls.Bd3.Nc6.O-O.Ch2	2820	620	1996	204	13040	Kasparov, Garry	2851	2000	2010	2026-07-29
C.Pet.Cls.Bd3.Nc6.O-O.Jae	3586	847	2445	294	45530	Kasparov, Garry	2851	1998	2001	2026-07-29
C.Pet.Cls.Bd3.Nc6.O-O.Kra	3	0	2	1	90	Gelfand, Boris	2733	1985	2010	2026-07-29
C.Pet.Cls.Bd3.Nc6.O-O.Mrc	0	0	0	0	3					2026-07-29
C.Fou.Spa.Dbl.MLn.Sym	351	103	190	58	6902	Anand, V.	2791	2015	2019	2026-07-29
C.Fou.Spa.Dbl.MLn.Blk	22	3	11	8	20	Aronian, Levon	2801	2010	2014	2026-07-29
C.Fou.Spa.Dbl.MLn.Met	762	254	359	149	12921	Ivanchuk, Vassily	2787	2007	2019	2026-07-29
C.Fou.Spa.Dbl.MLn.Tar	4	1	1	2	1030	Smagin, Sergey	2520	1976	2026	2026-07-29
C.KGm.Acc.Muz.MLn.Dbl	10	5	0	5	23704	Shirov, Alexei	2500	1990	2020	2026-07-29
C.KGm.Acc.Muz.MLn.Bld	0	0	0	0	525					2026-07-29
C.KGm.Acc.Muz.MLn.Bll	2	0	0	2	14469	Rizouk, Aimen	2406	2001	2007	2026-07-29
C.KGm.Acc.Muz.MLn.Pls	6	1	1	4	981	Godena, Michele	2485	1993	2013	2026-07-29
C.KGm.Acc.Muz.MLn.Yng	0	0	0	0	7					2026-07-29
C.KGm.Acc.All.MLn.Thr	2	1	0	1	5062	Moberg, Karl Johan	2405	1996	2021	2026-07-29
C.KGm.Acc.All.MLn.Urs	1	0	0	1	24272	Felegyhazi, Laszlo	2360	1995	1995	2026-07-29
C.KGm.Acc.All.MLn.Blc	5	3	1	1	1390	Illescas Cordoba, Miguel	2475	1984	2002	2026-07-29
C.KGm.Acc.All.MLn.Coo	0	0	0	0	271					2026-07-29
C.KGm.Acc.All.MLn.Hrn	0	0	0	0	6316					2026-07-29
C.KGm.Acc.All.MLn.Ur2	1	0	0	1	2295	Felegyhazi, Laszlo	2360	1995	1995	2026-07-29
C.Ita.Two.Opn.MLn.O-O.And	736	140	372	224	400593	So, W..	2770	2010	2021	2026-07-29
C.Ita.Two.Opn.MLn.O-O.An2	40	9	22	9	5080	Melkumyan, Hrant	2632	1979	2020	2026-07-29
C.Ita.Two.Opn.MLn.O-O.Cnl	44	13	15	16	18529	Jussupow, Artur	2555	1974	2019	2026-07-29
C.Ita.Two.Opn.MLn.O-O.Nkh	5	2	1	2	86664	Urkedal, F.	2553	1977	2022	2026-07-29
C.Ita.Two.Opn.MLn.O-O.Yrd	2	0	1	1	544	Iniyan, P..	2506	1989	2020	2026-07-29
C.Vie.Nc6.Frs	28	6	10	12	1462	Adams, Michael	2610	1991	2024	2026-07-29
C.Vie.Nc6.Pls	31	7	12	12	6957	Christiansen, Johan-Sebastian	2655	2008	2025	2026-07-29
C.Vie.Nc6.Srn	3	1	1	1	1017	Rolletschek, Heinrich	2375	1993	2023	2026-07-29
C.Vie.Nc6.Zkr	9	2	3	4	3577	Ganguly, S.	2572	2007	2025	2026-07-29
C.KGm.Acc.Kie.MLn.Bc4.And	96	18	33	45	8534	Grandelius, N.	2623	2006	2015	2026-07-29
C.KGm.Acc.Kie.MLn.Bc4.An2	0	0	0	0	61					2026-07-29
C.KGm.Acc.Kie.MLn.Bc4.Pls	10	3	3	4	563	Short, Nigel D	2680	1995	2010	2026-07-29
C.KGm.Acc.Kie.MLn.Bc4.Ric	3	0	1	2	93	Kund, Wolfgang	2557	2004	2008	2026-07-29
C.KGm.Acc.Kie.MLn.Bc4.Ri2	3	0	1	2	124	Kund, Wolfgang	2557	2004	2008	2026-07-29
C.Ita.Evn.Dec.Hck	0	0	0	0	9					2026-07-29
C.Ita.Evn.Dec.Hrs	0	0	0	0	243					2026-07-29
C.Ita.Evn.Dec.Lng	3	2	0	1	2136	Gyimesi, Zoltan	2602	1992	2012	2026-07-29
C.Ita.Evn.Dec.Pvl	1	1	0	0	10	Gyimesi, Zoltan	2602	2005	2005	2026-07-29
D.Sla.Sem	108	31	56	21	594	Jakovenko, Dmitrij	2662	2003	2006	2026-07-29
D.Sla.Spl	2	1	0	1	2670	Burmakin, Vladimir	2590	2010	2013	2026-07-29
D.Sla.Stw	19	6	10	3	2562	Damljanovic, Branko	2560	1994	2018	2026-07-29
D.Sem.Qui	2607	792	1468	347	179904	Carlsen, M.	2870	1998	2023	2026-07-29
D.Sem.Qui.Nbd7	1640	535	918	187	69373	Kasparov, Garry	2815	1995	2019	2026-07-29
D.Sem.Bg5.Bot.Alt	82	39	20	23	9478	Nikolic, Predrag	2655	1980	1999	2026-07-29
D.Sem.Bg5.Bot.Lil	1578	522	833	223	31933	Kramnik, Vladimir	2809	2002	2016	2026-07-29
D.Sem.Bg5.Bot.Sza	15	2	8	5	7082	Fridman, Daniel	2626	1973	2012	2026-07-29
D.Sem.Mer.Blu	851	274	406	171	5598	Ding Liren	2812	1999	2019	2026-07-29
D.Sem.Mer.Rab.Ng4	123	41	54	28	244	Kasparov, Garry	2720	1986	2010	2026-07-29
D.Sem.Mer.Soz	224	72	110	42	733	Kasparov, Garry	2812	1993	2001	2026-07-29
D.Sem.Mer.Soz.O-O	49	20	19	10	73	Tkachiev, Vladislav	2672	1986	2001	2026-07-29
D.Sem.Mer.Rls	28	8	12	8	0	Tkachiev, Vladislav	2672	1986	2001	2026-07-29
D.Sem.Mer.Sta	17	3	6	8	9	Ribli, Zoltan	2595	1983	1986	2026-07-29
D.QGD.Ort.Cls	324	91	209	24	11421	Karpov, Anatoly	2745	1988	2004	2026-07-29
D.QGD.Ort.Cls.Qb1	18	7	7	4	112	Nikolac, Juraj	2485	1978	2019	2026-07-29
D.QGD.Ort.Cls.Qc2	95	34	56	5	915	Huebner, Robert	2615	1975	1986	2026-07-29
D.QGD.Ort.Cls.dxe5	86	16	64	6	5797	Tseshkovsky, Vitaly	2590	1975	1995	2026-07-29
D.Cat.Cls.Qc2.Bf4	3493	521	2550	422	34646	Ding Liren	2816	2018	2020	2026-07-29
D.Cat.Cls.Qc2.Bf4.Bb7	164	34	117	13	5088	Ding, Liren	2805	2015	2023	2026-07-29
D.Cat.Cls.Qc2.Bf4.MLn	70	30	35	5	10091	Ding, Liren	2805	2011	2023	2026-07-29
D.Cat.Cls.Qc2.Bf4.Ret	541	82	407	52	8881	Ding, Liren	2805	2019	2022	2026-07-29
D.Cat.Cls.Qc2.Bf4.Ba6	226	52	124	50	3341	Ivanchuk, Vassily	2786	2008	2023	2026-07-29
D.Bgm.Acc.Tei.Cie	7	2	3	2	12314	Chuchelov, Vladimir	2540	1998	2007	2026-07-29
D.Bgm.Acc.Tei.Cls	11	2	3	6	42689	Korneev, Oleg	2619	1999	2012	2026-07-29
D.Bgm.Acc.Tei.Sei	12	5	3	4	14543	Haugen, Arild	2556	1995	2008	2026-07-29
D.QPG.Zuk.Nf6.e3.Bf5	617	173	247	197	1130377	Carlsen, M..	2847	2016	2021	2026-07-29
D.QPG.Zuk.Nf6.e3.g6	108	23	40	45	255613	Atalik, Suat	2598	1978	2005	2026-07-29
D.Sla.Sou	1412	404	743	265	83189	Carlsen, M.	2840	2012	2016	2026-07-29
D.Sla.TSt	822	355	285	182	85178	Aronian, L.	2781	2014	2022	2026-07-29
D.Sla.Not.Abr	1738	493	686	559	165406	Grischuk, A.	2810	2007	2021	2026-07-29
D.Sla.Not.Abr.a5	1425	398	595	432	38125	Grischuk, A.	2810	2007	2021	2026-07-29
D.Sla.Not.Jun	28	10	10	8	4253	Lautier, Joel	2620	1990	2009	2026-07-29
D.Sla.Not.Koo	48	11	21	16	867	Dubov, Daniil	2672	1993	2025	2026-07-29
D.Tar.Cls.Cha	31	16	11	4	195	Sadler, Matthew	2615	1996	1999	2026-07-29
D.Tar.Cls.Spa	192	72	86	34	3115	Movsesian, Sergei	2747	2001	2009	2026-07-29
D.Tar.Cls.Bg5.MLn	1246	518	530	198	10682	Kasparov, Garry	2805	1984	1998	2026-07-29
D.QGD.Har.Qc2	1207	420	615	172	16180	Carlsen, M.	2845	2018	2019	2026-07-29
D.QGD.Har.Qc2.Rd1	892	254	552	86	5926	Carlsen, M.	2853	2015	2019	2026-07-29
D.QGD.Har.Qc2.O-O-O	382	147	161	74	1254	Kramnik, Vladimir	2809	2002	2018	2026-07-29
D.Sem.AMe.Sto.Bb2	721	232	290	199	19458	Aronian, Levon	2801	2000	2016	2026-07-29
D.Sem.AMe.Chi	49	15	26	8	3765	Erigaisi, Arjun	2775	2017	2025	2026-07-29
D.Sem.AMe.Chi.Qe7	88	27	42	19	2751	Shirov, Alexei	2751	2000	2015	2026-07-29
D.QGD.Lsk.Ber	7	3	3	1	156	Kortschnoj, Viktor	2645	1977	1991	2026-07-29
D.QGD.Lsk.Ber.MdP	24	3	13	8	436	Topalov, Veselin	2803	2005	2016	2026-07-29
D.QGD.Lsk.Mai	255	76	150	29	24439	Caruana, F.	2823	2010	2016	2026-07-29
D.QGD.Tar.Exc	171	73	67	31	39818	Cori, J.	2636	2000	2023	2026-07-29
D.QGD.Tar.Exc.Nxd5	802	133	509	160	89651	Carlsen, Magnus	2823	2011	2022	2026-07-29
D.QGD.Tar.Exc.Mak	326	54	221	51	4368	Fischer, Robert James	2785	1972	2022	2026-07-29
D.QGD.Ort.Rau	17	5	8	4	5344	Short, Nigel D	2690	1992	2024	2026-07-29
D.QGD.Ort.Rub.Flo	253	66	161	26	7134	Carlsen, M.	2840	1995	2025	2026-07-29
D.QGD.Ort.Hne.Sws	312	88	173	51	11326	Portisch, Lajos	2650	1973	1994	2026-07-29
D.QGD.Ort.Rc1	2112	686	1130	296	153723	Carlsen, Magnus	2868	2013	2025	2026-07-29
D.QGD.Ort.Rc1.b6	17	6	8	3	1415	Yermolinsky, Alex	2630	1995	2000	2026-07-29
D.QGD.Ort.Rc1.Pil	35	22	8	5	10982	Vaganian, Rafael A	2664	1971	2021	2026-07-29
D.QGD.Ort.Rc1.c6	1359	465	742	152	295350	Topalov, Veselin	2750	1996	2013	2026-07-29
D.QGD.Ort.Rc1.c6.a3	37	16	19	2	5583	Sasikiran, Krishnan	2670	1982	2010	2026-07-29
D.QGD.Ort.Rc1.c6.Bd3	1028	350	576	102	171903	Topalov, Veselin	2750	1984	2006	2026-07-29
D.Cat.Cls.Qc2.Trd	1501	590	648	263	122448	So, Wesley	2765	2006	2020	2026-07-29
D.Cat.Cls.Qc2.Sok	6	0	3	3	757	Kamsky, G.	2665	1997	2023	2026-07-29
C.KPO.Prt.Mig	0	0	0	0	30					2026-07-29
C.KPO.Prt.Por	8	4	0	4	3339	Almasi, Z.	2690	1987	2014	2026-07-29
C.Bsh.Lew.Wal	1	0	1	0	72	Markovich, Mikhail Zinovievich	2323	2012	2012	2026-07-29
C.Vie.Gbt.Fal.Mor	23	7	9	7	33033	Rapport, R.	2736	2008	2024	2026-07-29
C.Vie.Gbt.Fal.Ste	5	2	1	2	25217	Ni, Hua	2637	1974	2012	2026-07-29
C.Vie.Gbt.Fal.MLn.Nf3.Kau	27	11	10	6	6153	Sokolov, Ivan	2666	1973	2008	2026-07-29
C.Ele.Mar	48	31	12	5	139686	Short, Nigel D	2665	1994	2007	2026-07-29
C.Ele.Was	1	0	0	1	32308	Buecker, Stefan	2355	1991	1991	2026-07-29
C.Pon.Rom	18	7	8	3	58164	Sax, Gyula	2590	1979	2001	2026-07-29
C.Pon.Ret	8	4	1	3	11540	Aleksandrov, Aleksej	2636	1981	2009	2026-07-29
C.Pon.Ste.Spa	58	19	20	19	46499	Topalov, V.	2816	1994	2015	2026-07-29
C.Pon.Ste.Nik	30	9	10	11	5035	Topalov, V.	2816	1995	2015	2026-07-29
C.Pon.CGm.MLn.Sch	1	1	0	0	2621	Wibe, Terje Paul	2420	1978	1978	2026-07-29
C.Pon.Ste.MLn.Car	123	34	40	49	23311	Amin, B..	2695	1993	2022	2026-07-29
C.Pon.Ste.MLn.Leo	23	7	7	9	11496	Nakamura, Hikaru	2775	2008	2019	2026-07-29
C.Thr.Sch	30	10	15	5	16688	Priyadharshan, Kannappan	2553	2020	2025	2026-07-29
C.Thr.Stn.Ste	120	50	34	36	3137	Krasenkow, Michal	2643	1999	2015	2026-07-29
C.Ita.Pia.Dub	0	0	0	0	15342					2026-07-29
C.Ita.Pia.Luc	0	0	0	0	142938					2026-07-29
C.Ita.Pia.Nf6.Can	442	130	215	97	522193	Nakamura, Hi	2787	2004	2016	2026-07-29
C.Ita.Pia.Nf6.Ita	1906	546	926	434	2767698	Carlsen, M.	2865	2018	2024	2026-07-29
C.Ita.Pia.Nf6.MLn.Mai	667	214	333	120	5333	Carlsen, M.	2834	2016	2018	2026-07-29
C.Ita.Pia.Nf6.MLn.A4A	384	65	219	100	47650	Anand, V.	2782	2017	2023	2026-07-29
C.Ita.Evn.Acc.Mcd.Mor	19	5	10	4	21032	Bajarani, U.	2474	1979	2017	2026-07-29
C.Ita.Evn.Dec.Hrs.Vas	0	0	0	0	10					2026-07-29
C.Ita.Two.Ng5.Lol.Pin	2	0	1	1	597	Sulskis, S.	2529	1999	2019	2026-07-29
C.RyL.Ber.Nyh	151	43	68	40	24281	Carlsen, Magnus	2837	2008	2012	2026-07-29
C.RyL.Ber.Hal	1	0	0	1	2094	Fredis_cpu	2529	2008	2008	2026-07-29
C.RyL.Ber.Wal.End.Ber	1572	199	1202	171	8896	Kasparov, Garry	2849	2000	2013	2026-07-29
C.RyL.Mor.Opn.Hwl.How	3	0	0	3	61	Panchenko, Alexander N	2485	1979	2023	2026-07-29
C.RyL.Mor.Opn.Hwl.Eks	47	12	27	8	426	Leko, Peter	2755	1975	2022	2026-07-29
C.KGm.Acc.Kie.Qe7.Coz	0	0	0	0	49					2026-07-29
C.KGm.Acc.Nf3.Mac.Bla	46	4	24	18	275382	Aravindh, Chithambaram VR.	2718	2002	2024	2026-07-29
C.KGm.Dec.Fal.MLn.And	1	0	0	1	36797	Zach, Andreas	2280	2000	2000	2026-07-29
C.KGm.Dec.Fal.MLn.Rub	7	1	2	4	46229	Ding Liren	2766	1973	2016	2026-07-29
C.KGm.Acc.Bsh.Nf6.Nc3.Pau	19	3	6	10	4802	Nielsen, Peter Heine	2646	2000	2013	2026-07-29
C.KGm.Acc.Nf3.Cun.Ber.Ber	0	0	0	0	141475					2026-07-29
C.KGm.Acc.Nf3.Fis.Gre.Gre	0	0	0	0	71					2026-07-29
C.KGm.Acc.Nf3.Fis.Gre.Sch	1	0	1	0	754	Tukmakov, Vladimir B	2570	1986	1986	2026-07-29
C.PhD.Han.Shi	534	242	136	156	37538	Aronian, L.	2805	2003	2019	2026-07-29
C.PhD.Lio.Del	23	7	9	7	12724	Motylev, Alexander	2663	1993	2021	2026-07-29
C.PhD.Lio.MLn.LCl	100	44	40	16	48558	Indjic, A.	2620	2006	2022	2026-07-29
C.PhD.Han.MLn.O-O.Lc6	59	10	25	24	21060	Movsesian, Sergei	2721	2004	2022	2026-07-29
C.PhD.Lio.MLn.O-O.Soz	158	59	52	47	1329	Eljanov, Pavel	2663	2005	2024	2026-07-29
C.PhD.Exc.MLn.Be7.O-O.Ber	0	0	0	0	170					2026-07-29
C.Bsh.Urs.Pan	13	3	7	3	1352	Kosteniuk, A.	2557	2003	2021	2026-07-29
C.Bsh.Nc6.Nc3.Sve	5	3	0	2	1346	Bezgodov, Alexei	2557	1988	2009	2026-07-29
C.Bsh.Urs.Kei.Kei	89	24	46	19	90252	Webb, Simon	2682	1997	2014	2026-07-29
C.Vie.Nc6.Bc4.Nf6.Hro	359	125	141	93	167130	Caruana, F.	2816	2017	2020	2026-07-29
C.RyL.ClD.Zai	21	10	8	3	369	Fressinet, Laurent	2706	1999	2013	2026-07-29
C.RyL.Coz.Pau	207	97	75	35	43387	Aronian, Levon	2786	2009	2016	2026-07-29
C.RyL.Mor.Wor.MLn.Gru	15	5	4	6	725	Tiviakov, Sergei	2655	1995	2019	2026-07-29
C.RyL.Mor.Opn.MLn.Brn.Cla	1606	332	1125	149	15732	Carlsen, M..	2847	2016	2021	2026-07-29
C.Ita.Be7.Ben	199	84	75	40	1181958	Navara, D.	2736	2014	2023	2026-07-29
C.Ita.Giu.Ita	482	111	273	98	3742346	Carlsen, Magnus	2826	2011	2019	2026-07-29
C.Ita.Giu.Grc.Ghu	1	0	1	0	4296	Abasov, Nijat Azad	2504	2011	2011	2026-07-29
C.Ita.Giu.Mol.Cra	6	3	1	2	14223	Lindgren, P.	2382	2005	2025	2026-07-29
C.Ita.Giu.Cls.MLn.Kra	1	0	1	0	143	Norri, Joose	2375	1994	1994	2026-07-29
C.Ita.Giu.Grc.MLn.And	166	65	69	32	155542	Mamedyarov, Shakhriyar	2742	2008	2023	2026-07-29
C.Sco.Gor.Nc3.Sea	0	0	0	0	0					2026-07-29
C.Sco.Mie.Ste.Mai	2080	322	1371	387	196246	Carlsen, M.	2872	2012	2020	2026-07-29
C.Fou.Glk.MLn.Gle	761	234	357	170	24756	Kramnik, Vladimir	2803	2013	2019	2026-07-29
C.Fou.Spa.Cls.MLn.Bar	16	5	8	3	339	Howell, D.	2655	1997	2018	2026-07-29
C.Fou.Spa.Rub.MLn.Mar	224	65	111	48	3242	Kasparov, G.	2812	2005	2017	2026-07-29
C.Fou.Spa.Dbl.MLn.Met.Sym	73	24	30	19	432	Adams, Michael	2699	1993	2016	2026-07-29
C.Cen.Pau.MLn.Bb4.Bd2.Kup	8	5	1	2	768	Glek, Igor V	2512	1995	2009	2026-07-29
C.Dam.Dam	1	1	0	0	12234	Millstone, Michael	2412	2016	2016	2026-07-29
C.Dam.Nim.MLn.Chi	3	3	0	0	3696	Demchenko, Anton	2465	1994	2020	2026-07-29
C.KPO.Kgt.MLn.Be2.Nf6.Inv	364	103	147	114	71290	Caruana, F.	2844	2014	2018	2026-07-29
A.Hol.c4.Nf6.g3.e6.Bb4	498	202	210	86	57291	Nakamura, Hikaru	2771	1992	2016	2026-07-29
A.Hol.c4.Nf6.g3.e6.Bd2	68	25	30	13	4953	Jussupow, Artur	2665	1983	2003	2026-07-29
A.Hol.Cls.c4	1373	557	524	292	125005	Ding Liren	2771	2014	2022	2026-07-29
A.Hol.Cls.c4.Nh3	143	69	48	26	18255	Karpov, Anatoly	2725	1993	2021	2026-07-29
A.Hol.Cls.c4.Nf3	1604	644	627	333	163494	Giri, A.	2777	2012	2021	2026-07-29
A.Hol.Cls.c4.Nf3.O-O	1181	467	470	244	136015	Giri, A.	2777	2012	2021	2026-07-29
A.Hol.Cls.c4.Nf3.Ne4	279	107	109	63	9850	Bruzon Batista, Lazaro	2669	2005	2019	2026-07-29
A.Hol.Cls.c4.Nf3.d6	1790	755	669	366	176104	Ding Liren	2771	2012	2017	2026-07-29
A.Hol.Cls.c4.Nf3.d6.Nc3	1630	670	611	349	231822	Ding Liren	2771	2012	2017	2026-07-29
A.Hol.Cls.c4.Nf3.d6.a5	457	197	158	102	28609	Anand, Viswanathan	2765	1997	2012	2026-07-29
A.Hol.Cls.c4.Nf3.d6.Ne4	537	189	235	113	87832	Ding Liren	2771	2012	2017	2026-07-29
A.Hol.Sto.c4	574	233	224	117	34292	Giri, A.	2777	1987	2021	2026-07-29
A.Hol.Sto.c4.Nc3	142	52	61	29	25584	Ivanchuk, Vassily	2786	1989	2022	2026-07-29
A.Hol.Sto.c4.Nc3.c6	234	85	94	55	134473	Ivanchuk, Vassily	2786	1989	2022	2026-07-29
A.Hol.Sto.c4.Nc3.Bg5	1	1	0	0	33	Truta, Srecko	2208	2008	2008	2026-07-29
A.Eng.Sym.Nc3.Nc6.g3.Bg2	9132	2635	4125	2372	1060835	Carlsen, M.	2872	2011	2025	2026-07-29
A.Eng.Sym.Nc3.Nc6.g3.e3	487	131	231	125	60039	Nakamura, Hi	2793	2012	2019	2026-07-29
A.Eng.Sym.Nc3.Nc6.g3.Nf3	7222	1936	3214	2072	715632	Carlsen, M.	2872	2016	2019	2026-07-29
A.Eng.Sym.Nc3.Nc6.g3.d6	1272	383	558	331	103816	Caruana, F.	2823	2007	2016	2026-07-29
A.Eng.Sym.Nc3.Nc6.g3.Nge7	1762	549	783	430	95362	Carlsen, Magnus	2868	2012	2016	2026-07-29
A.Eng.Sym.Nc3.Nc6.g3.a3	712	252	334	126	14378	Carlsen, Magnus	2868	2012	2016	2026-07-29
A.Eng.Sym.Nc3.Nc6.g3.d3	984	269	424	291	97976	Ding Liren	2801	2002	2019	2026-07-29
A.Eng.Sym.Nc3.Nc6.g3.b3	35	1	25	9	35867	Sermek, Drazen	2547	1974	2004	2026-07-29
A.Eng.Rev.Nc3.Nc6.g3.Bg2	4626	1631	1807	1188	193719	Carlsen, M.	2865	2011	2022	2026-07-29
A.Eng.Rev.Nc3.Nc6.g3.Rb1	978	355	386	237	5755	Aronian, Levon	2808	2011	2018	2026-07-29
A.Eng.Rev.Nc3.Nc6.g3.e3	51	21	12	18	948	Jussupow, Artur	2630	1988	2002	2026-07-29
A.Eng.Rev.Nc3.Nc6.g3.Be6	198	82	67	49	13400	Mamedyarov, Shakhriyar	2733	2002	2024	2026-07-29
A.Eng.Rev.Nc3.Nc6.g3.d3	1340	472	516	352	53789	Vachier Lagrave, Maxime	2811	1998	2019	2026-07-29
A.Eng.Rev.Nc3.Nc6.g3.Nge2	1096	395	401	300	56650	Ding Liren	2811	2012	2020	2026-07-29
A.Eng.Rev.Nc3.Nc6.g3.Bg7	1522	529	608	385	47890	Vachier Lagrave, Maxime	2811	1990	2016	2026-07-29
A.Eng.Rev.Nc3.Nc6.g3.e4	699	233	302	164	25173	Vachier Lagrave, Maxime	2811	1990	2016	2026-07-29
A.KIA.Bg2.c6.O-O.Bf5.h6	937	339	392	206	84991	Ivanchuk, Vassily	2786	2008	2020	2026-07-29
A.KIA.Bg2.c6.O-O.Bf5.c4	118	41	54	23	1195	Anand, Viswanathan	2779	2006	2022	2026-07-29
A.KIA.Bg2.c6.O-O.Bf5.e6	1441	497	604	340	240488	Carlsen, M.	2872	2012	2019	2026-07-29
A.KIA.Bg2.c6.O-O.Bf5.Nbd2	681	214	297	170	135880	Ding Liren	2805	2010	2019	2026-07-29
A.KIA.Bg2.c6.O-O.Bf5.Nh4	191	84	68	39	14377	Aronian, L.	2815	2012	2017	2026-07-29
A.Ret.Eng.Be7.O-O.O-O.c5	2436	897	1044	495	88293	So, W.	2815	2016	2018	2026-07-29
A.Ret.Eng.Be7.O-O.O-O.e3	552	219	205	128	18450	Caruana, F.	2807	2016	2024	2026-07-29
A.Ret.Eng.Be7.O-O.O-O.d4	568	204	230	134	12079	Ding Liren	2811	2009	2023	2026-07-29
A.Ret.Eng.Be7.O-O.O-O.Nc6	719	287	269	163	21719	Caruana, F.	2807	2010	2024	2026-07-29
A.Ret.Eng.Be7.O-O.O-O.c6	445	204	145	96	194197	Mamedyarov, S.	2733	2007	2024	2026-07-29
A.Eng.Sym.Nf3.Nf6.Nc3.d4	314	51	244	19	2078	Aronian, L.	2795	2007	2019	2026-07-29
A.Eng.Sym.Nf3.Nf6.Nc3.g3	2193	727	1126	340	529667	Aronian, L.	2812	2009	2014	2026-07-29
A.Eng.Sym.Nf3.Nf6.Nc3.O-O	1836	631	876	329	304577	Carlsen, M.	2853	2013	2025	2026-07-29
A.Eng.AIn.Nc3.d5.cxd5.g6	4753	1759	2282	712	118146	Carlsen, M.	2875	2017	2021	2026-07-29
A.Eng.AIn.Nc3.d5.cxd5.e5	18	4	9	5	601	Kortschnoj, Viktor	2670	1972	1974	2026-07-29
A.Eng.AIn.Nc3.d5.cxd5.e6	415	134	204	77	16957	Carlsen, M.	2834	2014	2021	2026-07-29
A.Eng.Rev.Fou.g3.Bc5.d6	321	93	150	78	73805	Ivanchuk, Vassily	2750	2007	2019	2026-07-29
A.Eng.Rev.Fou.g3.Bc5.a6	41	14	14	13	19252	Carlsen, M.	2857	1997	2019	2026-07-29
A.Eng.Rev.Fou.g3.Bc5.h6	185	53	85	47	18259	Ivanchuk, Vassily	2750	2007	2019	2026-07-29
A.Eng.Rev.Fou.g3.Bc5.O-O	525	135	266	124	70871	Carlsen, Magnus	2802	1995	2010	2026-07-29
A.Ret.Ang.g3.Nf6.Bg2.O-O	528	190	222	116	75020	Carlsen, M.	2872	2010	2017	2026-07-29
A.Ret.Ang.MLn.Nf6.Nc3.Qc2	121	51	50	20	2761	Topalov, V.	2785	2011	2019	2026-07-29
A.Ret.Ang.MLn.Nf6.Nc3.b3	8	1	2	5	3630	Shirov, A.	2689	2006	2023	2026-07-29
E.Ind.Cat.d5.Bg2.Be7.Nf3	18326	5919	9650	2757	1473023	Carlsen, M.	2875	2013	2019	2026-07-29
E.QID.Euw.MLn.Bxd2.Ng5	34	10	20	4	220	Aronian, Levon	2684	1983	2005	2026-07-29
E.Nim.Kas.b6.Bg5	574	204	194	176	35131	Carlsen, M.	2838	2002	2025	2026-07-29
E.QID.Mod.Trd.Cap	2780	968	1292	520	198866	Carlsen, M..	2862	2006	2021	2026-07-29
E.QID.Euw.MLn.Riu	824	315	369	140	51128	Nakamura, Hi	2763	2017	2019	2026-07-29
E.Bog.WSm.MLn.Yat	1144	365	526	253	40082	Topalov, Veselin	2801	2006	2015	2026-07-29
E.QID.Mod.Fch.Euw	214	72	121	21	15966	Aronian, Levon	2815	1999	2019	2026-07-29
E.QID.Mod.Fch.MLn.Trd	2018	434	1295	289	57891	Anand, Viswanathan	2799	1995	2019	2026-07-29
E.Nim.Kas.c5.g3.O-O.Bg2	427	153	181	93	20323	Carlsen, M.	2877	1999	2014	2026-07-29
E.Nim.Sml.Bot.MLn.Nxd5	68	16	32	20	4436	Nakamura, Hi	2775	2014	2025	2026-07-29
E.Nim.Cls.O-O.a3.b5	515	148	233	134	6630	Kramnik, Vladimir	2790	1998	2012	2026-07-29
E.Nim.Cls.d5.cxd5.e5	12	2	6	4	11	Adams, Michael	2708	1999	2013	2026-07-29
E.Nim.Cls.Bot.Mac	888	279	421	188	2617	Kasparov, Garry	2830	2003	2012	2026-07-29
E.Nim.Rub.O-O.Ne2.Sim	755	181	375	199	14214	Caruana, Fabiano	2835	2015	2020	2026-07-29
E.KID.Fch.Pan.MLn.Kor	161	61	60	40	654	Mamedyarov, Shakhriyar	2765	1987	2011	2026-07-29
E.KID.Fch.Kav.Nc3.e5.b3	498	181	163	154	24670	Carlsen, M.	2832	2013	2017	2026-07-29
E.KID.Fch.Kav.Nc3.Hng	160	77	50	33	33951	Caruana, F.	2802	1999	2017	2026-07-29
E.KID.Fch.Yug.MLn.dxc5	1093	363	548	182	77120	Gelfand, Boris	2773	2007	2025	2026-07-29
E.KID.Cls.Nrm.g3.Nge2	86	38	32	16	26229	Nepomniachtchi, I..	2792	2017	2021	2026-07-29
E.KID.Avk.Cst.Bg5.Na6.Brg	99	31	37	31	2127	Le Quang Liem	2726	2005	2017	2026-07-29
E.KID.Avk.Cst.Bg5.a6	163	58	53	52	5020	Radjabov, Teimour	2744	2002	2015	2026-07-29
E.KID.Avk.Cst.Be3	2624	1074	909	641	358827	Caruana, F.	2789	2020	2025	2026-07-29
E.KID.Avk.Ben.MLn.e6	459	184	185	90	27127	Carlsen, Magnus	2861	2012	2024	2026-07-29
E.KID.Fou.Dyn.MLn.Flo	89	26	24	39	5032	Ye, Jiangchuan	2681	1980	2001	2026-07-29
E.KID.Fou.O-O.Be2.c5.h4	1	0	0	1	116	Voloshin, SA.	2246	2001	2001	2026-07-29
E.KID.Sml.Cst.Be3.c5.Bxc5	669	167	348	154	53155	Ivanchuk, Vassily	2779	1993	2020	2026-07-29
E.KID.Sml.Pan.MLn.Rb8	1894	789	686	419	42450	Aronian, L.	2805	1990	2014	2026-07-29
E.KID.Sml.Ort.MLn.cxd5	88	29	31	28	8649	Sasikiran, Krishnan	2694	1974	2015	2026-07-29
E.KID.Cls.e5.O-O.Nbd7.O-O	6754	2549	2369	1836	510279	Carlsen, Magnus	2863	2018	2022	2026-07-29
E.KID.Cls.Mar.MLn.Koz	477	147	264	66	7259	Topalov, Veselin	2813	2009	2018	2026-07-29
E.KID.Cls.Mar.MLn.Neo	2713	958	1113	642	98130	Topalov, Veselin	2813	2009	2015	2026-07-29
E.Ind.Cat.d5.Bg2.Be7.O-O	21229	6800	11073	3356	1738174	Carlsen, M.	2875	2013	2022	2026-07-29
E.Ind.Cat.d5.Bg2.Be7.Qc2	1481	636	638	207	72557	Giri, A.	2760	2017	2025	2026-07-29
E.Nim.Rub.O-O.Nf3	1078	273	543	262	176871	Carlsen, M.	2864	2015	2022	2026-07-29
E.Nim.Rub.O-O.Nf3.d5	2442	644	1249	549	413432	Carlsen, Magnus	2863	2008	2021	2026-07-29
E.Nim.Rub.O-O.Nf3.d5.a3	204	56	86	62	46372	Caruana, Fabiano	2835	2008	2022	2026-07-29
E.KID.Cls.Lrs	766	264	332	170	277748	Caruana, F.	2789	2001	2025	2026-07-29
E.KID.Cls.Zin	116	45	35	36	549807	Vachier Lagrave, M.	2751	1976	2021	2026-07-29
E.KID.Cls.Oth	54510	19967	22093	12450	4441349	Carlsen, M.	2872	2019	2022	2026-07-29
E.KID.Cls.Oth.Na6	3222	1121	1147	954	197220	Carlsen, Magnus	2863	2010	2025	2026-07-29
C.Ita.Two.Max.MLn.Acc	15	8	3	4	36660	Ponkratov, P.	2604	2009	2025	2026-07-29
C.Ita.Two.Max.MLn.Lng	50	14	13	23	36176	Flear, Glenn C	2519	1989	2010	2026-07-29
C.Ita.Two.Max.MLn.Ber	1	1	0	0	974	Asabri, Hussien	2326	2002	2002	2026-07-29
C.Ita.Two.Max.MLn.Lom	3	1	0	2	6517	Fontaine, Robert	2532	1976	2018	2026-07-29
C.Ita.Two.Max.MLn.Rub	4	2	1	1	1977	Rodriguez Vila, A.	2487	2008	2018	2026-07-29
C.RyL.Ber.Rio.Qe2.Nd6.Cor	81	30	40	11	440	Dominguez Perez, L.	2754	2009	2019	2026-07-29
C.RyL.Ber.Rio.Qe2.Nd6.Pil	25	11	9	5	21	Malakhov, Vladimir	2716	1979	2011	2026-07-29
C.RyL.Ber.Rio.Qe2.Nd6.MLn	10	3	6	1	3	Mastrovasilis, Dimitrios	2613	1974	2012	2026-07-29
C.RyL.Ber.Rio.Qe2.Nd6.Win	49	16	19	14	21	Carlsen, M.	2832	2007	2017	2026-07-29
C.RyL.Ber.Rio.Qe2.Nd6.Zuk	40	9	28	3	67	Malakhov, Vladimir	2725	2010	2011	2026-07-29
C.Vie.Fal.MLn.Qh5.Nd6.Ada	8	1	4	3	137	Simon, Bernard	2355	2008	2009	2026-07-29
C.Vie.Fal.MLn.Qh5.Nd6.Alk	82	18	39	25	6065	Ivanchuk, Vassily	2735	1992	2013	2026-07-29
C.Vie.Fal.MLn.Qh5.Nd6.FrD	59	29	14	16	6919	Aravindh, Chithambaram VR.	2698	1997	2024	2026-07-29
C.Vie.Fal.MLn.Qh5.Nd6.Mon	194	60	82	52	23614	Nakamura, Hi	2802	2016	2024	2026-07-29
C.KGm.Acc.Bsh.Ble.Nc3.Fra	0	0	0	0	2					2026-07-29
C.KGm.Acc.Bsh.Ble.Nc3.Gri	0	0	0	0	0					2026-07-29
C.KGm.Acc.Bsh.Ble.Nc3.McD	0	0	0	0	20					2026-07-29
C.KGm.Acc.Bsh.Ble.Nc3.Gtr	0	0	0	0	6					2026-07-29
C.KGm.Acc.Nf3.KKn.Bir	25	2	18	5	17073	Aleksandrov, Aleksej	2621	2002	2016	2026-07-29
C.KGm.Acc.Nf3.KKn.RSo	0	0	0	0	800					2026-07-29
C.KGm.Acc.Nf3.KKn.Tes	27	8	5	14	22062	Morozevich, Alexander	2756	1997	2010	2026-07-29
C.KGm.Acc.Nf3.KKn.Sor	26	2	19	5	60952	Aleksandrov, Aleksej	2621	2002	2016	2026-07-29
C.KGm.Acc.Nf3.KKn.Bc4.Han	39	7	7	25	189327	Fressinet, Laurent	2626	1996	2014	2026-07-29
C.KGm.Acc.Nf3.KKn.Bc4.May	3	0	1	2	43570	Mohr, Georg	2415	1992	2008	2026-07-29
C.KGm.Acc.Nf3.KKn.Bc4.Phi	14	4	4	6	38573	Ivanchuk, Vassily	2754	1992	2024	2026-07-29
C.Pet.Cls.Bd3.Bd6.O-O.Mar	0	0	0	0	837					2026-07-29
C.Pet.Cls.Bd3.Bd6.O-O.Chi	52	19	23	10	2085	Anand, V.	2743	2002	2025	2026-07-29
C.Pet.Cls.Bd3.Bd6.O-O.Sta	3158	732	2081	345	131634	Carlsen, M.	2855	2018	2021	2026-07-29
C.Pet.Cls.Bd3.Bd6.O-O.Tar	12	7	4	1	1745	Guzy, Gerhard	2598	1992	2007	2026-07-29
C.Ita.Evn.Acc.Stn.O-O.AlS	7	1	2	4	16402	Renner, Christoph	2405	2004	2020	2026-07-29
C.Ita.Evn.Acc.Stn.O-O.Las	24	7	6	11	22350	Anand, Viswanathan	2788	1996	2009	2026-07-29
C.Ita.Evn.Acc.Stn.O-O.SaA	1	1	0	0	706	Ould Ahmed, Samy	2408	2010	2010	2026-07-29
C.Ita.Evn.Acc.Stn.Lev	0	0	0	0	19					2026-07-29
C.Ita.Evn.Acc.Stn.Sok	0	0	0	0	269					2026-07-29
C.Ita.Evn.Acc.Stn.Ttk	421	77	261	83	49670	Anand, V.	2793	2014	2022	2026-07-29
C.Ita.Giu.Eis	4	1	2	1	677	Romanov, Evgeny	2595	1997	2012	2026-07-29
C.Ita.Giu.Mes	28	18	5	5	1773	Smyslov, Vassily	2605	1975	2006	2026-07-29
C.Ita.Giu.Tar	16	10	3	3	809	Anand, Viswanathan	2770	1998	2018	2026-07-29
C.Ita.Giu.GNd	1113	284	644	185	75308	Caruana, F.	2805	2016	2024	2026-07-29
C.Ita.Giu.Alb	352	83	164	105	117823	Caruana, F.	2811	2015	2024	2026-07-29
C.Ita.Giu.Ga6	602	210	261	131	40895	Carlsen, Magnus	2872	2015	2020	2026-07-29
C.RyL.Ber.O-O.Ben	7	3	2	2	6319	Winants, Luc	2516	1972	2009	2026-07-29
C.RyL.Ber.O-O.Shw	60	30	23	7	6236	Anand, Viswanathan	2782	2004	2013	2026-07-29
C.RyL.Ber.O-O.Wlf	129	45	59	25	36111	Bologan, Viktor	2661	2004	2018	2026-07-29
C.RyL.Ber.O-O.Hdg	264	105	120	39	37055	Anand, Viswanathan	2782	2003	2004	2026-07-29
C.RyL.Ber.O-O.Wes	170	61	74	35	3076	Vachier Lagrave, M.	2795	2007	2017	2026-07-29
C.RyL.Ber.O-O.Sho	132	40	63	29	14861	Erigaisi, Arjun	2801	2012	2025	2026-07-29
C.RyL.Ber.O-O.LHe	712	163	397	152	49791	Carlsen, Magnus	2863	2014	2022	2026-07-29
C.RyL.Mor.Ba4.Nf6.O-O.StD	14	5	7	2	871	Adams, Michael	2680	1979	2011	2026-07-29
C.RyL.Mor.Ba4.Nf6.O-O.Bol	0	0	0	0	5					2026-07-29
C.RyL.Mor.Ba4.Nf6.O-O.Lip	7	5	2	0	1923	Sjugirov, Sanan	2629	1986	2011	2026-07-29
C.KGm.PPS	0	0	0	0	166					2026-07-29
C.KGm.Shi	0	0	0	0	5623					2026-07-29
C.KGm.Sym	2	0	2	0	1153	Lüers, Jan-Christoffer	2374	2003	2004	2026-07-29
C.LtO.Gre.BrA	14	9	1	4	48660	Ivanovic, Bozidar	2540	1979	1994	2026-07-29
C.LtO.Gre.BrG	0	0	0	0	302					2026-07-29
C.LtO.Gre.Nim	13	9	3	1	20873	Fishbein, Alexander	2515	1973	1996	2026-07-29
C.Sco.Hor	22	6	12	4	1863	Sveshnikov, Evgeny	2585	1976	1997	2026-07-29
C.Sco.Blk	3	0	3	0	100	Kholmov, Ratmir D	2495	1996	2004	2026-07-29
C.Sco.Ros	0	0	0	0	37					2026-07-29
C.Fou.Spa.Dbl.MLn.Jan	127	38	57	32	3893	Carlsen, M.	2832	2010	2017	2026-07-29
C.Fou.Spa.Dbl.MLn.Svn	1	0	1	0	1273	Stefanova, Antoaneta	2480	1998	1998	2026-07-29
C.Ita.Evn.Acc.Mor.MLn	5	2	2	1	3947	Dillenburg, Alberto Francisco	2378	2006	2020	2026-07-29
C.Ita.Evn.Acc.Mor.Pot	0	0	0	0	71					2026-07-29
C.Ita.Two.O-O.Bc5.Hol	2	1	0	1	6178	Harika, Dronavalli	2508	2008	2012	2026-07-29
C.Ita.Two.O-O.Bc5.Ros	10	7	1	2	29052	Bachmann, Ax	2629	2017	2024	2026-07-29
C.Ita.Two.O-O.Bc5.Bg5	55	17	20	18	44523	Radjabov, T.	2767	2003	2019	2026-07-29
C.Ita.Two.Ng5.Pol.Mar	0	0	0	0	3547					2026-07-29
C.Ita.Two.Ng5.Pol.Yan	21	10	6	5	2031	Vidit, S.	2707	2011	2019	2026-07-29
C.RyL.Cls.Lut	11	4	6	1	1731	Kamsky, Gata	2726	1998	2009	2026-07-29
C.RyL.Cls.Sue	138	43	58	37	2299	Carlsen, M.	2847	2011	2021	2026-07-29
C.Ita.Pia.Nf6.MLn.Ba7	1458	405	714	339	46117	Carlsen, M.	2855	2016	2024	2026-07-29
C.Ita.Pia.Nf6.MLn.A4C	708	170	425	113	44498	Carlsen, M.	2853	2016	2018	2026-07-29
C.RyL.Mor.Ba4.Nf6.O-O.B5D	146	50	68	28	201889	Efimenko, Z.	2648	1975	2014	2026-07-29
C.RyL.Mor.Ba4.Nf6.O-O.Wng	89	44	28	17	19017	Morozevich, Alexander	2755	2007	2019	2026-07-29
C.RyL.Mor.Ba4.Nf6.O-O.Rab	1	0	0	1	31	Peng, Xiaomin	2624	2000	2000	2026-07-29
C.RyL.Cls.AlG	0	0	0	0	20					2026-07-29
C.RyL.Cls.Bal	32	15	13	4	2055	Jakovenko, Dmitrij	2737	2008	2015	2026-07-29
C.RyL.Cls.Leo	0	0	0	0	1					2026-07-29
C.RyL.Mar.MLn.MML	2729	328	2115	286	167208	Carlsen, M.	2832	2008	2017	2026-07-29
C.RyL.Mar.MLn.Spa	556	48	478	30	1087	Aronian, Levon	2773	2005	2009	2026-07-29
D.Bgm.Acc.Euw.Zil	1	0	1	0	471	Schuster, Peter	2488	2006	2006	2026-07-29
D.Bgm.Acc.Gun.Sta	3	1	1	1	1510	Bocanegra Moreno, Rufino	2391	2001	2010	2026-07-29
D.Bgm.Cap.Nc3.Nf6.Bg5.Bf5	0	0	0	0	43					2026-07-29
D.QGD.Exc.Bg5.Be7.e3.O-O	27	16	6	5	398	Shirov, Alexei	2718	1992	2007	2026-07-29
D.QGD.Lsk.Bxe7.Qxe7.Qc2.Rfd1	0	0	0	0	2					2026-07-29
D.STa.Exc.MLn.Nxd5.Bb4.O-O	17	2	13	2	2889	Onischuk, Al	2672	1995	2018	2026-07-29
D.STa.Exc.MLn.Nxd5.Bb4.Qa5	43	25	16	2	35454	Kryakvin, Dmitry	2603	1996	2015	2026-07-29
D.STa.Pil.MLn.Nxd4.e5	4	0	3	1	176	Christiansen, Larry Mark	2550	1981	2022	2026-07-29
D.Tar.Cls.Bg5.cxd4.Nxd4.Re8	127	57	52	18	2123	Ivanchuk, Vassily	2779	1984	2011	2026-07-29
D.Tar.Prg.MLn.Nxd4.Bc5	505	107	328	70	76574	Carlsen, M.	2872	2019	2021	2026-07-29
D.Sem.Bg5.Nbd7.e4	10	5	3	2	56250	Edouard, R.	2617	1990	2016	2026-07-29
D.Sem.Bg5.Nbd7.Bd2	0	0	0	0	399					2026-07-29
D.Sem.AMe.Bd6.e4.dxe4	52	18	20	14	64	Mamedyarov, Shakhriyar	2729	1981	2012	2026-07-29
D.Sem.Mar.MLn.Qxd4.Bxb4	60	33	13	14	1158	Jussupow, Artur	2665	1994	2003	2026-07-29
D.Sla.Nf3.Nf6.g3.dxc4	291	58	169	64	17046	Aronian, L.	2784	2013	2019	2026-07-29
D.Sla.Not.a4.Bb4.e3.Bxc3	1	0	1	0	12843	Ackermann, Emil	2382	2020	2020	2026-07-29
D.Sla.Qui.cxd5.cxd5.Nc3.e6	82	12	44	26	419	Shirov, Alexei	2735	1996	2009	2026-07-29
D.Sla.Qui.cxd5.cxd5.Qb3.Qc8	0	0	0	0	13					2026-07-29
D.QPG.Ver.c5.Bxf6.gxf6.e4	11	1	2	8	1438	Hebden, Mark	2570	1979	2003	2026-07-29
D.QPG.Zuk.Nf6.c4.b5	0	0	0	0	430					2026-07-29
D.QPG.Zuk.c5.g3.cxd4	52	15	22	15	24443	Sokolov, Ivan	2643	1983	2023	2026-07-29
D.QPG.Zuk.c6.Bg5.h6	323	107	147	69	15319	Kramnik, Vladimir	2797	1998	2020	2026-07-29
D.QPG.c4.c5.cxd5.Nf6.e4	15	4	7	4	889	Salem, AR.	2622	2003	2025	2026-07-29
E.Ben.Old.Adv.Nf6.Nf3.b5	2351	1013	675	663	170733	Carlsen, M.	2832	2012	2022	2026-07-29
E.Ben.Bnk.Acc.Nc3.axb5.Nb5	363	127	74	162	40656	Ivanchuk, Vassily	2730	1994	1998	2026-07-29
E.Ben.Bnk.Acc.Nc3.axb5.Bc4	66	23	12	31	10108	Zvjaginsev, V.	2673	1991	2016	2026-07-29
E.Ben.Bnk.Acc.MLn.Bxa6.g3	700	273	256	171	69789	Wang, Hao	2739	2006	2012	2026-07-29
E.Ben.Bnk.Acc.MLn.Bxa6.Nd2	86	33	33	20	5618	Kasparov, Garry	2805	1977	2009	2026-07-29
E.Ben.Bnk.Acc.MLn.Bxa6.e4	289	123	108	58	197611	Karpov, Anatoly	2770	1996	2014	2026-07-29
E.Ben.Mod.Fou.Mik	100	43	25	32	22364	Gashimov, Vugar	2665	1987	2013	2026-07-29
E.Ben.Mod.Fou.MLn.Re8	601	237	211	153	99030	Bacrot, Etienne	2704	2006	2012	2026-07-29
E.Ben.Mod.Cls.Trd	1099	416	357	326	132187	Caruana, Fabiano	2835	1994	2020	2026-07-29
E.Ben.Mod.Cls.MLn.a6.Bg4	356	127	118	111	20214	Anand, Viswanathan	2794	1997	2025	2026-07-29
E.Gru.Pac	2	0	2	0	469	Yakubboev, Nodirbek	2605	1976	2021	2026-07-29
E.Gru.Bg5.Ne4.Lun	2	1	0	1	990	Hess, Robert L	2595	2007	2012	2026-07-29
E.Gru.Thr.e3.O-O.Bd2	378	92	200	86	42325	Caruana, F.	2822	2009	2024	2026-07-29
E.Gru.Thr.e3.O-O.Qb3.e6	300	70	139	91	7363	Caruana, F.	2795	2012	2022	2026-07-29
E.Gru.Exc.SeV.Bc4.c5.Bxf7	400	95	258	47	16265	Carlsen, Magnus	2863	1988	2024	2026-07-29
E.Gru.Exc.SeV.Bc4.c5.cxd4	409	137	196	76	115486	Shirov, Alexei	2751	1977	2010	2026-07-29
E.Gru.Exc.SeV.Bc4.c5.Be6	570	167	264	139	39276	Kramnik, Vladimir	2790	1998	2008	2026-07-29
E.Gru.Exc.SeV.Bc4.c5.d5	305	91	143	71	19405	Topalov, Veselin	2783	2007	2009	2026-07-29
E.Nim.Rub.StP.MLn.Nf3.Qe7	41	14	14	13	23	Navara, David	2719	1997	2022	2026-07-29
E.Nim.Kas.b6.e3.Ne4.O-O	352	112	141	99	29524	Caruana, F.	2802	2010	2016	2026-07-29
E.Nim.Rub.Cls.Nf3.Nc6.dxc4	51	18	21	12	4217	Navara, D.	2739	1983	2017	2026-07-29
E.KID.Fou.O-O.Nf3.c5.Be3	104	37	45	22	15582	Petrosian, Tigran V	2635	1976	2012	2026-07-29
E.KID.Sml.Ort.d5.Nh5.Ke2	36	17	9	10	224	Kasparov, Garry	2775	1976	2012	2026-07-29
E.KID.Sml.Ort.d5.Nh5.Nxc4	34	16	9	9	178	Kasparov, Garry	2775	1976	2012	2026-07-29
E.KID.Cls.Mar.MLn.f3.g4	546	195	234	117	16161	Radjabov, Teimour	2751	2008	2011	2026-07-29
A.And.Shy	0	0	0	0	247					2026-07-29
A.Hng.e5.a3.d5.d3	0	0	0	0	206					2026-07-29
A.Van.ReN.e3	1	0	1	0	222792	Catt, Peter	2352	2010	2010	2026-07-29
A.Van.ReN.e3.d5	16	4	11	1	153275	Najer, E.	2663	2007	2015	2026-07-29
A.Van.ReN.e3.d5.Be6	0	0	0	0	172					2026-07-29
A.Van.ReN.e3.d5.Nf6	2	2	0	0	2031	Najer, E.	2663	2007	2015	2026-07-29
A.Van.d5.e3	53	11	27	15	206062	Fedoseev, Vl3	2733	2015	2018	2026-07-29
A.Van.d5.e3.e5	16	4	11	1	153275	Najer, E.	2663	2007	2015	2026-07-29
A.Van.d5.e3.e5.d4	4	2	2	0	43045	Aigner, Michael	2604	2007	2010	2026-07-29
A.Van.d5.e3.e5.d4.Bb4	0	0	0	0	470					2026-07-29
A.Pol.Nf6.Bb2.g6.d4	267	98	93	76	50785	Svidler, Peter	2713	1995	2005	2026-07-29
A.Eng.Agi.Spl	1151	300	524	327	127468	Kasparov, Garry	2815	1998	2018	2026-07-29
A.Eng.Agi.Nf3.Nf6.Nc3.b6	898	369	383	146	79056	Mamedyarov, S.	2765	2013	2016	2026-07-29
A.Eng.Agi.Nf3.Nf6.Nc3.Bd3	196	99	70	27	3566	Karpov, Anatoly	2760	1980	2018	2026-07-29
A.Eng.AIn.Nc3.e6.Nf3.g4	290	130	86	74	1834	Ivanchuk, Vassily	2766	2001	2010	2026-07-29
A.Eng.Rev.Nc3.d6.Nf3.Bg4	44	15	15	14	12548	Tal, Mihail	2655	1973	1995	2026-07-29
A.Eng.Rev.Nc3.Nf6.Nf3.c6	140	43	55	42	19973	Ding Liren	2806	2022	2024	2026-07-29
A.Eng.Rev.Nc3.Nf6.Nf3.b5	102	49	32	21	12075	Fedoseev, Vl3	2715	1976	2019	2026-07-29
A.Eng.Rev.Nc3.Nf6.Nf3.Ng4	0	0	0	0	318					2026-07-29
A.Eng.Rev.Nc3.Nf6.f4	2	0	1	1	12022	Stefansson, Vignir Vatnar	2509	2020	2025	2026-07-29
A.Eng.Rev.g3.Nf6.Bg2.Nc6	2272	568	1356	348	84632	Carlsen, Magnus	2863	2020	2021	2026-07-29
A.Eng.Rev.g3.Nf6.Bg2.d3	107	31	47	29	23488	Caruana, F.	2828	2014	2025	2026-07-29
A.Eng.Rev.g3.Nf6.Bg2.O-O	160	34	76	50	9470	Nakamura, Hi	2786	1994	2025	2026-07-29
A.Eng.Sym.Hdg.Nbd7	715	169	398	148	4552	Ivanchuk, Vassily	2740	1997	2008	2026-07-29
A.Eng.Sym.Nc3.Nf6.g3	2833	1019	1158	656	579739	Grischuk, A.	2792	2014	2020	2026-07-29
A.Eng.Sym.Nc3.Nf6.Nc7	1418	544	499	375	95774	Nepomniachtchi, I..	2784	2020	2021	2026-07-29
A.QPO.g5	3	2	1	0	114488	Rombaldoni, D.	2462	1992	2013	2026-07-29
A.PoD.Bb7	367	194	101	72	224142	Carlsen, M.	2853	1990	2023	2026-07-29
A.PoD.Bb7.Bxb5	72	33	28	11	25238	Jussupow, Artur	2583	1989	2011	2026-07-29
A.EID.g3	11327	3587	4823	2917	1678837	Carlsen, M.	2881	2014	2017	2026-07-29
A.EID.Bf4.Bg7.e3.d6.O-O	1439	455	613	371	626509	Carlsen, Magnus	2863	2017	2020	2026-07-29
A.EID.Nc3.d5.Bf4.Bg7.Qd2	340	119	122	99	112282	Anand, Viswanathan	2788	1988	2017	2026-07-29
A.QPO.c6.Nf3	297	105	131	61	3487088	Carlsen, M.	2834	2014	2022	2026-07-29
A.QPO.c6.Nf3.Nf6	455	156	179	120	446570	Carlsen, Magnus	2863	1989	2023	2026-07-29
A.QPO.c6.Nf3.Nf6.c4	4420	1338	2266	816	419212	Carlsen, Magnus	2862	2011	2016	2026-07-29
A.QPO.c6.Nf3.Nf6.c4.b5	62	20	30	12	2516	Rapport, R.	2762	2017	2023	2026-07-29
A.Ret.Eng.Be7.O-O.Ker	841	275	438	128	23697	Aronian, L.	2815	2014	2016	2026-07-29
A.Ret.Eng.Be7.O-O.NCD	9835	3572	4382	1881	584389	Carlsen, M.	2830	2016	2023	2026-07-29
B.Fre.Nrm.d5.Nc3.a6.Nfd7	55	28	14	13	79979	Cheparinov, I.	2705	2018	2025	2026-07-29
B.Fre.Nrm.d5.Nc3.a6.a3	2	1	1	0	6727	Short, Nigel D	2707	2010	2012	2026-07-29
B.Fre.Nrm.d5.Nc3.a6.Ne2	22	11	4	7	11421	Cheparinov, I.	2705	2018	2025	2026-07-29
B.Fre.Nrm.d5.Nc3.a6.Bg5	6	4	2	0	14526	Arencibia Rodriguez, Walter	2485	1993	2012	2026-07-29
B.Sca.Mod.Mie.Bf5	1061	371	478	212	196641	Carlsen, M.	2847	2019	2021	2026-07-29
B.Sca.Mod.Mie.Bg4	602	286	201	115	227511	Karpov, Anatoly	2720	1982	2009	2026-07-29
B.Ale.Chs.Nd5.Bc4.e6.d6	5	3	0	2	9387	Klovans, Janis	2475	1972	1989	2026-07-29
B.Ale.Chs.Nd5.Bc4.e6.Bxd5	3	3	0	0	2405	Ruehrig, Volkhard	2300	1982	1989	2026-07-29
B.Mod.Std.Nc3.C5S.d5	396	175	123	98	181208	Mamedyarov, S..	2770	2020	2023	2026-07-29
B.Mod.Std.Nc3.C5S.d5.Qa5	2	2	0	0	3802	Hebden, Mark	2560	1992	2004	2026-07-29
B.Mod.Std.Nf3.C5S	2619	915	964	740	1321135	Carlsen, Magnus	2775	2008	2014	2026-07-29
B.Mod.Std.Nf3.C5S.Be3	0	0	0	0	4408					2026-07-29
B.Mod.Std.Nf3.C5S.Bc4	4	0	3	1	2459	De la Riva Aguado, Oscar	2552	1984	2016	2026-07-29
B.Sic.HAc.d4.Bg7.dxc5.Bxc3	91	22	35	34	22780	Zvjaginsev, Vadim	2659	1998	2006	2026-07-29
B.Sic.HAc.d4.Bg7.dxc5.Qxc3	77	15	33	29	20685	Zvjaginsev, Vadim	2659	2001	2006	2026-07-29
B.Sic.SmM.Acc.Sib.Bd6	11	4	2	5	7757	Octapus	2653	2006	2007	2026-07-29
B.Sic.SmM.Acc.Sib.Ng4	28	8	6	14	42865	Ehlvest, Jaan	2675	1997	2009	2026-07-29
B.Sic.Clo.Fch.Bot.e5	376	110	143	123	37640	Kharlov, Andrei	2639	1977	2001	2026-07-29
B.Sic.Clo.Fch.Bot.Nge7	178	67	55	56	6723	Short, Nigel D	2677	1978	2001	2026-07-29
B.Sic.Cls.Be2.e5.Nxc6	47	7	21	19	13976	Demchenko, A..	2610	1995	2021	2026-07-29
B.Sic.Cls.Be2.e5.Nb3	1025	219	366	440	120137	Ding Liren	2811	2019	2023	2026-07-29
B.Sic.Dra.Yug.Nc6.O-O-O	5442	2170	2348	924	1026631	Caruana, F.	2803	2009	2018	2026-07-29
B.Sic.Dra.Yug.Nc6.g4	1201	484	477	240	184297	Nakamura, Hi	2799	1995	2015	2026-07-29
B.Sic.Dra.Yug.Nc6.Bc4.Bb3	2106	679	954	473	250596	Carlsen, Magnus	2826	2008	2010	2026-07-29
B.Sic.Dra.Yug.Nc6.Bc4.h4	311	148	87	76	13582	Karpov, Anatoly	2705	1975	2007	2026-07-29
B.Sic.Win.cxb4.a3.d5.Bb2	34	13	9	12	6244	Malakhov, Vladimir	2557	1997	2006	2026-07-29
B.Sic.Win.cxb4.a3.d5.Bd3	32	6	21	5	633	Aigner, Michael	2604	2008	2012	2026-07-29
B.Sic.Win.cxb4.a3.d5.Qe6	24	12	4	8	964	Malakhov, Vladimir	2557	1999	2014	2026-07-29
B.Car.Zil	0	0	0	0	3020					2026-07-29
B.Gld.Pic	0	0	0	0	2275					2026-07-29
B.War.Sna	0	0	0	0	3172					2026-07-29
B.Mod.Mas	0	0	0	0	88					2026-07-29
B.Sca.MLn.Qd8.d4.Nf6.c6	121	49	48	24	288563	Shirov, Alexei	2726	1999	2016	2026-07-29
B.Sca.MLn.Qd8.d4.Nf6.Bg4	323	124	140	59	481499	Carlsen, M.	2877	2014	2024	2026-07-29
B.Fre.Cls.MLn.e5.Qxe7	2192	815	906	471	656842	Anand, Viswanathan	2799	2000	2012	2026-07-29
B.Fre.Cls.MLn.e5.Qxe7.Qg4	34	13	10	11	73048	Bacrot, E..	2674	2008	2020	2026-07-29
B.Fre.Cls.MLn.e5.Qxe7.Qd2	110	45	39	26	19758	Shirov, Alexei	2746	2000	2019	2026-07-29
B.Fre.Cls.MLn.e5.Qxe7.f4	1928	712	813	403	372618	Anand, Viswanathan	2799	2000	2012	2026-07-29
B.Fre.Cls.MLn.e5.Qxe7.Bd3	9	1	6	2	25027	De Vreugt, Dennis	2498	1996	2010	2026-07-29
B.Fre.Win.Adv.MLn.Nf3	2123	778	781	564	121518	Carlsen, Magnus	2863	1997	2020	2026-07-29
B.Fre.Win.Adv.MLn.Nf3.Qc7	566	235	182	149	42123	Caruana, F.	2828	1995	2021	2026-07-29
B.Fre.Win.Adv.MLn.Nf3.h4	342	138	116	88	5992	Caruana, F.	2828	1995	2020	2026-07-29
B.Fre.Nrm.d5.exd5	8189	1628	4532	2029	14812423	Carlsen, M..	2847	2018	2024	2026-07-29
B.Fre.Mac.Exc	406	142	159	105	28482	Shirov, Alexei	2755	1996	2024	2026-07-29
B.Ale.Nrm.Dpn.d6.Nb6	5449	2101	1962	1386	4055560	Carlsen, Magnus	2863	2020	2024	2026-07-29
B.Ale.Nrm.Dpn.d6.Nb6.c5	0	0	0	0	18626					2026-07-29
B.Ale.Nrm.Dpn.d6.Nb6.Be2	25	12	6	7	62740	Melkumyan, H.	2664	1972	2018	2026-07-29
B.CaK.Kar.Bc4.Ngf6.Qe2	1203	422	497	284	61105	Kasparov, Garry	2800	1992	2001	2026-07-29
B.CaK.Kar.Bc4.Ngf6.Qe2.Nb6	1202	421	497	284	47894	Kasparov, Garry	2800	1992	2001	2026-07-29
B.CaK.Kar.Bc4.Ngf6.Qe2.Bb3	480	175	188	117	29769	Kasparov, Garry	2800	1992	2001	2026-07-29
B.Sca.Mod.Mie.Bf5.Ne5	327	117	140	70	19938	Carlsen, M.	2847	2017	2023	2026-07-29
B.Sca.Mod.Mie.Bf5.Ne5.g4	78	33	26	19	13893	Kovalenko, I.	2647	1976	2019	2026-07-29
B.Pir.Aus.Drg.e5	629	230	223	176	260382	Kramnik, Vladimir	2791	2007	2016	2026-07-29
B.Mod.Std.Nc3.StD.f4	5422	2122	1730	1570	840687	Carlsen, M.	2843	2013	2018	2026-07-29
B.Mod.Std.Ctr.e5	10	4	6	0	27245	Morozevich, A.	2711	2007	2019	2026-07-29
B.Mod.Std.Ctr.d6	6135	2408	2157	1570	1722229	Carlsen, M.	2862	2015	2025	2026-07-29
B.Mod.Std.Ctr.d6.Be3	14	3	3	8	69150	Svidler, Peter	2723	1988	2020	2026-07-29
B.Mod.Std.Ctr.d6.Be3.f3	177	59	78	40	71359	Papenin, Nikolai	2729	1998	2014	2026-07-29
B.Mod.Pte.Nc3	309	107	119	83	3465	Morozevich, Alexander	2758	2010	2018	2026-07-29
B.Mod.Pte.Nc3.d6	185	57	72	56	2087	Morozevich, Alexander	2758	2000	2016	2026-07-29
B.Sic.StC.Nc6	1182	260	453	469	1452168	Anand, V.	2803	2014	2015	2026-07-29
B.Sic.StC.Nc6.Nc3	771	173	300	298	1136262	Anand, V.	2803	2014	2015	2026-07-29
B.Sic.StC.Nc6.Nc3.g6	570	125	223	222	171548	Anand, V.	2803	2013	2015	2026-07-29
B.Sic.StC.Nc6.Nc3.g6.Bg2	1236	278	522	436	370502	Anand, V.	2803	2013	2015	2026-07-29
B.Sic.Fre.Nc3	9967	3573	3658	2736	3359051	Carlsen, M..	2847	2001	2021	2026-07-29
B.Sic.Fre.Nc3.a6	5467	1893	1951	1623	1432626	Caruana, F.	2822	2009	2018	2026-07-29
B.Sic.Fre.Nc3.a6.g3	1455	468	557	430	96084	Caruana, F.	2822	1996	2018	2026-07-29
B.Sic.Fre.Nc3.a6.g3.b5	797	220	314	263	38002	Caruana, F.	2822	1997	2018	2026-07-29
B.Sic.SmM.Acc.Sib.Qe2	38	13	11	14	34200	Radulski, Julian	2580	2006	2009	2026-07-29
A.OID.Wad.Chi	208	80	73	55	1998	Karpov, Anatoly	2775	1990	1998	2026-07-29
A.Van.d5.d3	0	0	0	0	6512					2026-07-29
A.QPO.c6.c4	127	57	48	22	1526960	Firouzja, Alireza	2763	1989	2024	2026-07-29
A.EID.Col.KID	28	7	6	15	353804	Kharlov, Andrei	2565	1995	2013	2026-07-29
A.Mod.Nc3.d6	4866	1845	1605	1416	3131774	Carlsen, Magnus	2837	2007	2018	2026-07-29
A.Sod.g6.g4	0	0	0	0	20					2026-07-29
A.Tro.Psn.Nc3	361	165	82	114	44142	Nakamura, Hi	2746	2014	2018	2026-07-29
A.Eng.Rev.e3.c4	0	0	0	0	1356					2026-07-29
A.Ret.d6.d4.g6	538	171	200	167	99932	Kasparov, G.	2812	1995	2016	2026-07-29
A.OID.Mod.MLn.Bog	6	4	1	1	156	Grischuk, A.	2689	1991	2024	2026-07-29
A.Tro.Rap.Bh4.c6.Nd2	0	0	0	0	7					2026-07-29
A.Hng.Nc6.Nc3.d5.d4	0	0	0	0	3					2026-07-29
A.Hol.c4.Nf6.g3.d6	11	6	3	2	1702	Gulko, Boris F	2590	1981	2000	2026-07-29
A.Mod.Nc3.c5.d5.d6	25	13	9	3	7417	Chigaev, M..	2631	2002	2021	2026-07-29
A.Tro.Rap.Bh4.d5.f3	1	0	0	1	232	Hernandez Onna, Roman	2402	2000	2000	2026-07-29
A.Bir.Fro.d4.exd4.Nf3	0	0	0	0	368					2026-07-29
A.Hol.c4.Nf6.Nc3.d6	3	0	2	1	10310	Dely, Peter	2445	1975	2017	2026-07-29
A.Hng.d5.Bg2.e5.c4	0	0	0	0	393					2026-07-29
A.QPO.Nf6.e4.Nxe4.Bd3	0	0	0	0	7604					2026-07-29
A.QPO.Nf6.Nf3.e6.Nc3	111	28	48	35	550843	Bok, B.	2640	1983	2019	2026-07-29
A.Van.c5.Nf3.Nc6.d4	211	51	78	82	100363	Andreikin, D.	2720	2005	2015	2026-07-29
A.Eng.Rev.Nc3.d6.g3	30	10	10	10	94926	Dorfman, Josif D	2595	1979	2020	2026-07-29
A.Ret.Fch.MLn.Bg2.d6	151	56	41	54	69018	Mamedyarov, S.	2808	1999	2018	2026-07-29
A.Hol.Sto.Bot.MLn.Ba3	212	91	78	43	22766	Jussupow, Artur	2665	1989	2011	2026-07-29
A.Lar.Nf6.Bb2.g6.g4	21	3	7	11	87734	Vallejo Pons, F.	2691	2014	2017	2026-07-29
A.Pol.e5.Bb2.f6.e4	20	5	6	9	34302	Utegaliyev, A.	2522	1994	2020	2026-07-29
A.EID.Bg5.Bg7.Nbd2.c5	621	200	271	150	16495	Mamedyarov, S.	2809	2009	2018	2026-07-29
A.Pol.e6.Bb2.Nf6.b5.a4	17	2	11	4	33285	Karpov, Anatoly	2765	1995	2011	2026-07-29
A.Van.d5.f4.d4.Ne4.Nf3	0	0	0	0	21					2026-07-29
A.Ret.Ang.MLn.Nf6.Nc3.Bd6	1001	302	485	214	34117	Ding, Liren	2791	2010	2020	2026-07-29
A.Ret.Ang.MLn.Nf6.Nc3.Bb2	474	164	210	100	38042	Ding, Liren	2791	2008	2020	2026-07-29
A.Col.Bd6.O-O.O-O.b3.Bb2	16	11	2	3	15417	Lei Tingjie	2528	1997	2023	2026-07-29
A.Col.Bd6.O-O.O-O.b3.c6	9	6	2	1	17590	Gelashvili, Tamaz	2614	1995	2015	2026-07-29
A.Col.Bd6.O-O.O-O.b3.Nbd2	8	5	3	0	28852	Gelashvili, Tamaz	2614	1995	2015	2026-07-29
A.Hor.Fch.MLn.Bg5.Be7.Qc2	544	237	215	92	46496	Kramnik, Vladimir	2760	1987	2014	2026-07-29
A.Hor.Fch.MLn.Bg5.Be7.h6	68	16	42	10	415	Ivanchuk, Vassily	2775	1984	2011	2026-07-29
A.Hor.Fch.MLn.Bg5.Nbd7.c6	976	373	419	184	386312	Morozevich, Alexander	2755	2007	2018	2026-07-29
A.Hor.Fch.MLn.Bg5.Nbd7.Bb4	81	41	22	18	50918	Aronian, L.	2777	1987	2015	2026-07-29
A.Hor.Fch.MLn.Bg5.Nbd7.a3	63	31	26	6	20175	Beliavsky, Alexander G	2650	1984	2012	2026-07-29
A.PQI.e3.Bb7	18	2	8	8	5218	Martinez Alcantara, Jose Eduardo	2606	2008	2022	2026-07-29
C.Cen.exd4.Nf3.Bc5.c3	7	2	2	3	36781	Sveshnikov, Evgeny	2504	1998	2007	2026-07-29
C.Cen.exd4.Nf3.c5.Bc4	2	1	0	1	347979	Guliyev, N..	2551	2021	2024	2026-07-29
C.Bsh.Lew.Bxd5	1	0	1	0	198	Markovich, Mikhail Zinovievich	2323	2012	2012	2026-07-29
C.Bsh.Ber.d3.c6	2820	859	1404	557	498142	Carlsen, M.	2877	2014	2020	2026-07-29
C.Bsh.Bc5.b4.Bxb4.f4.exf4	0	0	0	0	18					2026-07-29
C.Vie.Mie.Bc5.Bg2.Nc6.d5	0	0	0	0	1125					2026-07-29
C.Vie.Gbt.Fal.MLn.Qf3.d4	0	0	0	0	5070					2026-07-29
C.KGm.Nc6.Nf3.g5.fxg5	0	0	0	0	294					2026-07-29
C.KGm.Acc.Nf3.Mod.exd5.Nd5	11	5	4	2	418	Fier, Alexandr	2590	1978	2010	2026-07-29
C.KGm.Acc.Nf3.KKn.Bc4.Qxf3	2	0	1	1	31646	Degraeve, Jean Marc	2586	2002	2005	2026-07-29
C.KGm.Acc.Kie.d5.d4.Bxf4	1	0	0	1	297	Amanov, Zhanibek	2411	2011	2011	2026-07-29
C.KGm.Acc.Kie.h5.Bc4	0	0	0	0	1490					2026-07-29
C.LtO.Bc4.fxe4.Nf6.Nxf7	0	0	0	0	9008					2026-07-29
C.PhD.d4.Nd7.Bc4.c6.Be7	145	86	41	18	21898	Ivanchuk, Vassily	2735	1996	2013	2026-07-29
C.PhD.Lio.Ng5.O-O.Bxf7.Ne6	63	24	14	25	10962	Mchedlishvili, Mikheil	2626	2000	2025	2026-07-29
C.PhD.d4.Nf6.dxe5.Nxe4.Qd5	190	102	68	20	11447	Quesada Perez, Yu	2642	1976	2014	2026-07-29
C.PhD.d4.f5.dxe5.fxe4.e6	7	5	1	1	18095	Sax, Gyula	2600	1990	2007	2026-07-29
C.Pet.Nxe5.d6.Nf3.Nxe4.Nf6	33	14	11	8	30897	Fischer, Robert James	2760	1971	2024	2026-07-29
C.Thr.Bb4	97	40	41	16	503233	Andreikin, Dmitry	2713	2010	2022	2026-07-29
C.Ita.Two.Nc3.Nxe4.Bxf7	28	1	3	24	633967	Mamedyarov, S.	2767	1995	2022	2026-07-29
C.Ita.Evn.Acc.c3.Be7.d4	363	118	127	118	78771	Caruana, Fabiano	2835	1993	2020	2026-07-29
C.Ita.Evn.Dec.a4.a6	78	20	20	38	8739	Carlsen, M.	2832	2008	2017	2026-07-29
C.Ita.Giu.c3.Nf6.b4	367	118	131	118	113428	Aronian, Levon	2825	2008	2016	2026-07-29
C.Ita.Giu.c3.Nf6.d3.a6	3902	1167	1894	841	198884	Caruana, Fabiano	2835	2017	2020	2026-07-29
C.Ita.Pia.Wai.MLn.Re1.Ba7	313	92	147	74	8034	Carlsen, M.	2834	2016	2018	2026-07-29
C.Ita.Giu.O-O.Nf6.d3.d5	1033	283	501	249	146655	Carlsen, M..	2862	2016	2021	2026-07-29
C.Ita.Giu.c3.Nf6.d4.b4	197	76	74	47	86751	Erigaisi, Arjun	2797	2020	2024	2026-07-29
C.Ita.Two.Opn.MLn.e5.Ne4	1736	561	722	453	792223	Carlsen, M.	2875	2015	2024	2026-07-29
C.RyL.SCG.Nxe5.O-O	0	0	0	0	3					2026-07-29
C.RyL.Shl.Jae.fxe4.Nxe4.Qg5	474	186	213	75	21101	Carlsen, Magnus	2813	2010	2025	2026-07-29
C.RyL.Ber.O-O.Bc5.c3.Bb6	723	261	299	163	52494	Topalov, Veselin	2812	2000	2010	2026-07-29
C.RyL.Ber.O-O.Hdg.Re1	12	10	1	1	13588	Atabayev, M.	2492	2004	2017	2026-07-29
C.RyL.Mor.Ba4.b5.Bb3.Bc5	61	31	19	11	330162	Vovk, Andrey	2567	1983	2013	2026-07-29
C.RyL.Mor.Ba4.d6.Bxc6.d4	839	303	300	236	17817	Kasparov, Garry	2805	1993	2017	2026-07-29
C.RyL.Mor.Ba4.d6.c3.Nge7	439	176	151	112	7253	Rapport, R.	2752	1994	2022	2026-07-29
C.RyL.Mor.Ba4.Nf6.O-O.Qe2	11	2	6	3	3799	Fishbein, A.	2499	1994	2015	2026-07-29
C.RyL.Mor.Opn.d4.Be7	80	35	34	11	4259	Carlsen, M.	2843	2018	2025	2026-07-29
C.RyL.Mor.Opn.MLn.a4.Nc3	1	0	1	0	2	Ernst, Christoph	2305	2023	2023	2026-07-29
C.RyL.Cls.d4.Nxd4	0	0	0	0	4928					2026-07-29
C.RyL.Mar.MLn.Rxe5.c6.Bxd5	100	29	56	15	4048	Shirov, Alexei	2737	1989	2005	2026-07-29
C.RyL.Cha.MLn.d4.Qc7.Nc6	561	182	274	105	17303	Osterman, Bjorn	2782	1973	2005	2026-07-29
C.KPO.Kgt.MLn.Be2.Nf6.e5	4	0	2	2	1632	Hebden, Mark	2480	1984	1986	2026-07-29
C.Fou.Spa.Dbl.MLn.d3.Ne7	141	32	65	44	3523	Carlsen, M.	2865	2010	2015	2026-07-29
C.Ita.Evn.Acc.Stn.O-O.Nxe5	3	1	2	0	209	Conde Poderoso, Antonio	2374	2010	2018	2026-07-29
D.QGD.QKn	52051	17499	24180	10372	21084149	Carlsen, M.	2864	2015	2022	2026-07-29
D.QGD.QKn.Nrm	34287	11595	16909	5783	20085761	Carlsen, M.	2855	2016	2017	2026-07-29
D.QGD.Ala	7	4	1	2	78275	Nabaty, T.	2692	1990	2018	2026-07-29
D.Sem.Bg5.Acc	4452	1494	2110	848	386264	Aronian, L.	2801	2012	2014	2026-07-29
D.QPG.Ver.Ric	4018	1102	1466	1450	1617063	Kramnik, Vladimir	2803	2011	2018	2026-07-29
D.QPG.Ver.Ric.Bf5	551	188	177	186	246803	Nakamura, Hikaru	2784	1982	2013	2026-07-29
D.QPG.Ver.Ric.Bf5.Bxf6	220	84	76	60	51231	Nakamura, Hikaru	2784	1975	2019	2026-07-29
D.Bgm.Acc.Bog.MLn.Klo	1	1	0	0	1338	Feher, Attila	2270	1993	1993	2026-07-29
D.Bgm.Acc.Bog.MLn.Stu	26	3	5	18	12884	Meszaros, Gy	2465	1994	2021	2026-07-29
D.Bgm.Cap.Sol	2	1	1	0	28874	Brady, Stephen	2305	1993	2002	2026-07-29
D.Sla.Cze.Kra.Car	2212	714	1162	336	26550	Kasparov, Garry	2851	2000	2025	2026-07-29
D.Sla.Cze.Kra.Mor	1139	316	675	148	10931	Kasparov, Garry	2851	2000	2022	2026-07-29
D.QGD.Exc.Bg5.c6.Qc2.Bd3	3426	1209	1636	581	157833	Carlsen, M.	2865	2015	2022	2026-07-29
D.Sem.Mer.MLn.Old	925	301	429	195	10544	Ding Liren	2812	1999	2019	2026-07-29
D.Sem.AMe.Sto.b6	110	24	73	13	1296	Carlsen, M.	2865	2014	2022	2026-07-29
D.Sem.AMe.Sto.MLn	336	127	157	52	12064	Kramnik, Vladimir	2766	2007	2018	2026-07-29
E.Ben.Old.Adv.Nf6.Nc3.Qa5	45	26	7	12	12259	Navara, D.	2725	2007	2017	2026-07-29
E.Ben.Old.Adv.e5.e4.d6	1594	851	420	323	287656	Caruana, F.	2822	1994	2021	2026-07-29
E.Ben.Czk.MLn.g6	464	203	147	114	58295	Kramnik, Vladimir	2797	1999	2010	2026-07-29
E.Ben.Mod.Fch.MLn.O-O.Re8	1610	467	584	559	34478	Anand, Viswanathan	2817	2010	2017	2026-07-29
E.KID.Sml.Cst.Nge2.c5.cxd5	938	314	422	202	21390	Nakamura, Hi	2814	2015	2019	2026-07-29
E.Gru.Hng.MLn.Bxc7	302	72	181	49	12487	Vachier Lagrave, Maxime	2804	2016	2017	2026-07-29
E.Gru.Rus.Hng.e4.Na6	811	295	353	163	12537	Carlsen, M.	2863	1999	2015	2026-07-29
E.Gru.Rus.Hng.e4.Bg4.Qb3	214	85	99	30	180	Kasparov, Garry	2805	1993	2011	2026-07-29
E.Ben.Mod.Cls.O-O	1058	403	341	314	115582	Caruana, Fabiano	2835	1994	2020	2026-07-29
E.Ind.e6.Nf3.c5.Bg5	323	153	83	87	99102	Sevian, Samuel	2703	1976	2022	2026-07-29
E.Ind.WIn.g3.Bg7.Bg2.Nxd5	2474	778	1249	447	48035	Topalov, Veselin	2813	2009	2013	2026-07-29
E.Ind.Cat.d5.Bg2.dxc4.Qxc4	206	48	123	35	4912	Carlsen, M.	2882	2018	2020	2026-07-29
E.Ind.Cat.d5.Bg2.dxc4.Qc2	54	14	33	7	537	Grischuk, Alexander	2777	2009	2020	2026-07-29
E.Ind.Cat.Bb4.Bd2.Be7.O-O	10603	1954	7040	1609	142931	Carlsen, M.	2864	2016	2022	2026-07-29
E.QID.Euw.Bd3.c5.O-O.Nxd4	22	6	12	4	474	Browne, Walter S	2550	1978	2024	2026-07-29
E.Nim.Rub.Res.MLn.O-O.Qc2	108	24	56	28	1382	Kasparov, Garry	2812	1984	2016	2026-07-29
E.Ben.Bnk.Acc.Nc3.axb5.e4	397	138	81	178	52717	Ivanchuk, Vassily	2730	1994	1998	2026-07-29
E.Ben.Bnk.Acc.Nc3.axb5.a4	1	0	1	0	438	Beyer, Ulrich	2416	2014	2014	2026-07-29
E.Ben.Bnk.Acc.MLn.Bxa6.Nf3	16	7	4	5	22345	Savchenko, Boris	2638	1973	2009	2026-07-29
E.Ben.Mod.Cls.MLn.a6.Nd2	0	0	0	0	730					2026-07-29
E.Ben.Mod.Cls.MLn.a6.Bg5	1	1	0	0	4108	Halkias, Stelios	2590	2008	2008	2026-07-29
E.Ben.Mod.Fou.MLn.h3	0	0	0	0	18308					2026-07-29
E.Ben.Mod.Fou.MLn.e5	1	0	0	1	3747	Howell, James C	2490	1996	1996	2026-07-29
E.Gru.Exc.SeV.Bc4.c5.Nc6	3871	854	2446	571	147166	Carlsen, M.	2872	2019	2020	2026-07-29
C.Cen.exd4.Nf3.Bc5.c3.dxc3	3	1	1	1	30935	Zezulkin, Jurij	2485	1989	2007	2026-07-29
C.Bsh.Ber.d3.Be7	143	63	49	31	213546	Esipenko, Andrey	2698	1992	2025	2026-07-29
C.Bsh.Ber.d3.Nc6.Nc3	2890	877	1235	778	1957210	Carlsen, Magnus	2868	2013	2016	2026-07-29
C.Vie.Mie.MLn.exd5.c6	29	10	9	10	3718	Grischuk, A.	2772	2017	2021	2026-07-29
C.KGm.Dec.Cls.c3.Bg4.fxe5	8	4	2	2	3503	Azarov, S.	2635	2000	2014	2026-07-29
C.KGm.Acc.Bsh.d5.Bxd5.Qh4	16	6	4	6	6696	Shirov, A.	2643	2001	2018	2026-07-29
C.PhD.d4.f5.Bc4.exd4	5	3	0	2	3575	Adorjan, Andras	2530	1977	2021	2026-07-29
C.PhD.d4.Nf6.dxe5.Nxe4.Nbd2	15	4	8	3	1298	Nunn, John DM	2620	1989	2006	2026-07-29
C.PhD.d4.exd4.Nxd4.d5.exd5	2	2	0	0	4075	Shabalov, Alexander	2601	1992	2000	2026-07-29
C.KPO.Kgt.MLn.Nxe5.Nxe5.d4	1	1	0	0	41220	Chripko, Lubomír	2584	2009	2009	2026-07-29
C.KPO.Kgt.MLn.d3.f5.exf5	23	8	4	11	40184	Bernadskiy, Vitaliy	2629	2018	2025	2026-07-29
C.Sco.Gbt.Max.MLn.c3.Bg4	42	5	9	28	113966	Amin, B.	2707	1994	2021	2026-07-29
C.Sco.Cls.Sch.Qd2.d5.Nb5	4	2	0	2	1340	Smerdon, David	2489	1995	2009	2026-07-29
C.Fou.Spa.Rub.Nxe5.Qe7.f4	39	13	18	8	8451	Wang Hao	2756	2001	2019	2026-07-29
C.Fou.Spa.Rub.Nxe5.Bc5.O-O	19	6	9	4	8220	Deac, Bogdan-Daniel	2700	1977	2022	2026-07-29
C.Ita.Two.O-O.Bc5.Nc3	85	8	53	24	1430306	Rodshtein, M.	2699	2013	2025	2026-07-29
C.Ita.Two.O-O.Bc5.Nc3.d6	54	5	33	16	689967	Rodshtein, M.	2699	2013	2025	2026-07-29
C.Ita.Evn.Acc.Mcd.Mor.Bg4	7	3	1	3	9502	Nogueiras Santiago, Jesus	2435	1979	2002	2026-07-29
C.Ita.Evn.Acc.Mor.d6.Qb3	11	2	0	9	38134	Granda Zuniga, Julio E	2599	1994	2018	2026-07-29
C.Ita.Giu.c3.d6.d4.exd4	104	42	33	29	1256808	Kramnik, Vladimir	2790	1998	2025	2026-07-29
C.Ita.Two.Nc3.Nxe4.Nxe4	165	32	75	58	680585	Mamedyarov, S.	2801	2001	2025	2026-07-29
C.Ita.Two.Nc3.Nxe4.Nxe4.d5	165	32	75	58	679267	Mamedyarov, S.	2801	2001	2025	2026-07-29
C.RyL.SCG.Nxe5.Nxc6	0	0	0	0	1287					2026-07-29
C.RyL.Stn.d4.Bd7.Nc3.Bxc6	42	21	19	2	20647	Grischuk, Alexander	2756	2003	2023	2026-07-29
C.RyL.Mor.Ba4.b5.Bb3.d6	10	7	3	0	207511	Peters, Jack	2465	1980	2025	2026-07-29
C.RyL.Fia.c3.a6	848	288	364	196	6848	Carlsen, M.	2863	2015	2020	2026-07-29
C.RyL.Fia.c3.a6.Ba4	970	326	409	235	11255	Carlsen, M.	2863	2015	2020	2026-07-29
C.RyL.Fia.c3.a6.Ba4.d6	747	256	323	168	6894	Carlsen, M.	2863	2008	2016	2026-07-29
B.Fre.Adv.Mil.MLn.O-O.Bd7	427	200	114	113	528067	Vachier Lagrave, M.	2763	2020	2025	2026-07-29
B.Fre.Adv.NwG.cxd4	65	20	12	33	157313	Komarov, Dimitri	2582	1982	2009	2026-07-29
B.Fre.Adv.NwG.cxd4.Nf3	57	19	11	27	134725	Komarov, Dimitri	2582	1982	2009	2026-07-29
B.Fre.Stn.MLn.Nce2	1216	468	421	327	430768	Carlsen, M.	2864	2019	2025	2026-07-29
B.Fre.Stn.MLn.Qg4	25	10	6	9	60547	Ivanisevic, Ivan	2645	2011	2014	2026-07-29
B.Fre.Win.Adv.Smy.Qc7	144	57	43	44	7030	So, W.	2780	2004	2018	2026-07-29
B.Sic.Clo.Nc6.d3	213	74	68	71	772910	Gashimov, Vugar	2644	1997	2009	2026-07-29
B.Sic.Clo.Nc6.d3.g6	150	48	48	54	284705	Gashimov, Vugar	2644	2003	2013	2026-07-29
B.Sic.Clo.Nc6.d3.g6.g4	2	1	0	1	3694	Van de Mortel, Jan	2412	1978	2006	2026-07-29
B.Sic.Fre.d4.cxd4.c3	165	52	44	69	889324	Ehlvest, Jaan	2660	1996	2018	2026-07-29
B.Sic.Fre.d4.cxd4.Nxd4.Qb6	837	323	286	228	182075	Carlsen, M..	2847	1997	2021	2026-07-29
B.Sic.Fre.d4.cxd4.Nxd4.Bc5	383	150	127	106	554327	Vitiugov, N.	2726	2015	2016	2026-07-29
B.Sic.Kan.Tal.MLn.Nc6	322	110	126	86	39353	Kramnik, Vladimir	2777	2004	2007	2026-07-29
B.Sic.Kan.Tal.MLn.Nc6.Bc2	25	12	8	5	374	Ivanisevic, I.	2641	1982	2017	2026-07-29
B.Sic.Nf3.f5.exf5	6	3	1	2	17695	Hovhannisyan, Robert	2560	1989	2015	2026-07-29
B.Sic.Nf3.f5.exf5.Nh6	2	2	0	0	1107	Hovhannisyan, Robert	2560	1992	2011	2026-07-29
B.Sic.Old.Nc3.Bc4.d6.Nd2	1213	300	790	123	6412	Carlsen, Magnus	2863	2002	2020	2026-07-29
B.Sic.Sve.Bxf6.Nd5.f5.Bxb5	223	72	88	63	20393	Kasparov, Garry	2838	2000	2011	2026-07-29
B.Sic.Tay.Nc3.d6	3490	1271	1241	978	319232	Carlsen, M.	2830	1998	2024	2026-07-29
B.Sic.Tay.Nc3.d6.Be2	781	237	317	227	34830	Carlsen, M.	2830	2006	2024	2026-07-29
B.Sic.Tay.Nc3.d6.Be2.Nf6	1836	551	755	530	106692	Carlsen, M.	2830	2009	2024	2026-07-29
B.Sic.Tay.Nc3.Qc7.Be3.a6	11359	3829	4628	2902	766911	Carlsen, Magnus	2872	2013	2024	2026-07-29
B.Sic.SmM.Acc.Nxc3.Nc6.Bc4	70	10	23	37	797848	Kamsky, Gata	2705	2007	2009	2026-07-29
B.Sic.SmM.Acc.Pau.O-O	406	83	171	152	582203	Ehlvest, Jaan	2660	1996	2014	2026-07-29
B.Sic.SmM.Acc.Pau.O-O.b5	119	20	64	35	218939	Khairullin, I.	2651	2008	2016	2026-07-29
B.Sic.SmM.d3.c4	76	20	27	29	121100	Nakamura, Hikaru	2651	1998	2007	2026-07-29
A.Ret.Ang.MLn.Nf6.Nc3.Be2	275	83	136	56	15494	Jakovenko, D.	2747	2010	2023	2026-07-29
A.Ret.Ang.MLn.Nf6.Nc3.Bd3	236	90	108	38	26201	Ding, Liren	2791	2008	2024	2026-07-29
A.Hng.ReM.Nf3.Nc6.d4.O-O	1776	678	824	274	439906	Caruana, F..	2820	2013	2021	2026-07-29
A.Eng.Agi.Nf3.d5.Nbd2	43	9	24	10	10728	Kramnik, Vladimir	2758	1994	2023	2026-07-29
A.Eng.AIn.Nc3.d5.cxd5.Nb6	958	431	344	183	29899	Aronian, L.	2803	2008	2013	2026-07-29
A.Eng.AIn.Nc3.d5.cxd5.Nxc3	647	252	280	115	62899	Mamedyarov, S.	2800	2010	2017	2026-07-29
A.Eng.Rev.Nc3.Nf6.g3.O-O	2364	499	1208	657	116893	Anand, V.	2803	2015	2020	2026-07-29
A.Eng.Rev.Fou.e3.Bb4.Bxc3	1807	354	1151	302	23346	Carlsen, M.	2843	2017	2018	2026-07-29
A.Eng.Rev.Fou.e3.Bb4.Qf5	324	87	185	52	3539	Carlsen, Magnus	2863	2013	2020	2026-07-29
A.Eng.Sym.Nc3.Nc6.g3.e5	2985	908	1369	708	122854	Carlsen, Magnus	2848	2012	2016	2026-07-29
A.QPO.g6.Nf3.Bg7.e3.Qa5	0	0	0	0	84					2026-07-29
A.QPO.g6.Nf3.Bg7.e3.Nxd4	0	0	0	0	2369					2026-07-29
A.Mod.Nc3.c5.d5.Bxc3.f5	585	187	170	228	123585	Rapport, R.	2754	2012	2022	2026-07-29
A.Mod.Nc3.c5.d5.Bxc3.Qa5	33	15	8	10	29457	Melkumyan, H.	2673	2004	2015	2026-07-29
A.QPO.Nf6.Nc3.d5.e4	155	33	52	70	969093	Epishin, Vladimir	2567	2009	2018	2026-07-29
A.PQI.e3.Bb7.Bb2	86	22	35	29	15893	Akobian, V.	2647	1986	2018	2026-07-29
A.Hol.Sta.fxe4.Nc3.Nf6.f3	87	25	21	41	91260	Predojevic, Borki	2641	1972	2008	2026-07-29
A.Hol.Sta.fxe4.Nc3.Nf6.g4	36	6	8	22	8577	Miroshnichenko, Evgenij	2670	1987	2011	2026-07-29
A.Hor.Fch.Nc3.c6.g4	114	52	26	36	9297	Bareev, Evgeny	2709	2001	2015	2026-07-29
A.Hor.Fch.MLn.Bg5.c5.Qb6	17	10	4	3	1300	Hansen, Curt	2570	1985	2004	2026-07-29
E.Gru.Neo.Del	305	96	158	51	31679	Carlsen, M.	2851	2013	2019	2026-07-29
E.QID.Pet.KPe	9704	3026	4706	1972	284027	Kasparov, Garry	2838	2001	2004	2026-07-29
C.Vie.Mie.Bc5.Bg2.Nc6.Pol	0	0	0	0	664					2026-07-29
C.KGm.Acc.Kie.d5.d4.Nbd2	0	0	0	0	51					2026-07-29
C.PhD.d4.f5.dxe5.fxe4.Nc3	0	0	0	0	377					2026-07-29
C.Ita.Two.Opn.MLn.e5.Qh4	1	0	1	0	3305	Aggelis, Nikolaos	2323	2011	2011	2026-07-29
C.RyL.Ber.O-O.Bc5.c3.Bg5	448	149	195	104	14865	Anand, Viswanathan	2788	2000	2009	2026-07-29
C.RyL.Mor.Ba4.d6.Bxc6.f6	433	148	150	135	4502	Karjakin, Sergey	2732	1994	2018	2026-07-29
C.RyL.Mor.Ba4.Nf6.O-O.d3	538	165	219	154	18940	Aronian, L.	2805	1992	2017	2026-07-29
C.RyL.Cha.MLn.d4.Qc7.dxc5	47	9	27	11	436	Milos, Gilberto	2605	1973	1997	2026-07-29
C.RyL.Ber.O-O.Nxe4.d4.a6	232	71	100	61	6324	Topalov, Veselin	2801	1997	2008	2026-07-29
C.Bsh.Ber.d3.Be7.O-O	0	0	0	0	12954					2026-07-29
C.LtO.Bc4.fxe4.Nxh8	0	0	0	0	583					2026-07-29
C.PhD.d4.f5.Bc4.exd4.Nxh7	2	0	0	2	17	Sorokin, Maxim	2510	1991	2007	2026-07-29
A.Hol.c4.Nf6.g3.e6.d5	1884	598	873	413	167123	Carlsen, M.	2870	2017	2021	2026-07-29
A.Hor.Fch.MLn.Nf3.Be7.b3	116	58	38	20	5060	Nakamura, Hi	2780	2017	2019	2026-07-29
A.QPO.Nf6.Nf3.e6.e3.c5	170	62	65	43	36104	Mamedyarov, S.	2804	2018	2023	2026-07-29
A.QPO.Nf6.Nf3.e6.e3.Be7	555	201	224	130	36245	Karpov, Anatoly	2780	1994	2015	2026-07-29
A.Kan.MLn.e3.c5.Bd3.O-O	642	186	249	207	14875	Carlsen, Magnus	2863	2013	2023	2026-07-29
A.Kan.MLn.e3.c5.Bd3.Ne8	318	79	127	112	1817	Carlsen, Magnus	2863	2007	2023	2026-07-29
A.KIA.Car.g6	87	26	34	27	835	Radjabov, Teimour	2751	2007	2008	2026-07-29
A.KIA.Fre.Nc6	114	38	42	34	9722	Petrosian, TL.	2651	1978	2025	2026-07-29
B.Sic.Alp.Cen.MLn.cxd4.cxd4	479	172	208	99	686360	Topalov, Veselin	2803	1981	2023	2026-07-29
B.Sic.Alp.Dd6.MLn.Nc6	477	233	139	105	365870	Mamedov, Rauf	2647	1986	2019	2026-07-29
B.Sic.Alp.Dd6.MLn.Nc6.d4	373	194	96	83	221291	Mamedov, Rauf	2647	2007	2019	2026-07-29
B.Sic.Mor.Bd7.MLn.O-O	4585	1163	2480	942	496806	Kasparov, Garry	2851	2000	2021	2026-07-29
B.Sic.Mor.Bd7.MLn.c4	4133	1092	2411	630	200361	Carlsen, M..	2862	2012	2021	2026-07-29
B.Sic.Mor.Bd7.MLn.O-O.Nc6	2711	714	1461	536	282156	Kasparov, Garry	2849	2001	2024	2026-07-29
B.Fre.Rub.MLn.Nf6.Nxf6	2958	961	1645	352	336142	Kasparov, Garry	2838	2002	2016	2026-07-29
B.Fre.Rub.MLn.Nf6.Nxf6.Nxf6	2959	962	1646	351	335922	Kasparov, Garry	2838	2002	2016	2026-07-29
B.Sic.OKn.Nf6.f3.e5	1910	597	873	440	142471	Carlsen, M.	2853	2015	2020	2026-07-29
B.Sic.OKn.Nf6.f3.e5.Bb5	378	141	138	99	24271	Salov, Valery	2710	1994	2012	2026-07-29
B.Sic.Naj.Sch.O-O.Nbd7	318	109	106	103	18534	Ivanchuk, Vassily	2787	1996	2013	2026-07-29
B.Sic.Naj.Sch.O-O.Qc7	909	314	307	288	57938	Ivanchuk, Vassily	2719	2000	2011	2026-07-29
B.Sic.Cls.Soz.e6.Be3.Be7	1753	657	535	561	71690	Kasparov, Garry	2825	1997	2018	2026-07-29
B.CaK.Cls.Spd.Nd7.Lob	2761	697	1399	665	134041	Anand, Viswanathan	2799	2008	2013	2026-07-29
B.CaK.Cls.Spd.Nd7.Sei	163	47	83	33	96297	Grischuk, Alexander	2785	2007	2015	2026-07-29
B.Sic.SmM.Acc.Soz	29	7	10	12	25920	Parligras, Mircea Emilian	2565	1983	2010	2026-07-29
B.Sic.SmM.Acc.Chi	32	9	9	14	14994	Parligras, Mircea Emilian	2565	1983	2010	2026-07-29
B.Sic.SmM.Acc.Kan	147	36	46	65	526366	Bruzon Batista, Lazaro	2668	2007	2018	2026-07-29
B.Sic.SmM.Acc.Fng	12	6	3	3	70783	Guliyev, Namig	2538	1996	2012	2026-07-29
B.Sic.Clo.Fch.Smy	133	53	42	38	7080	Malakhov, Vladimir	2670	1988	2015	2026-07-29
B.Sic.Sve.Brd	880	352	325	203	67571	Vachier Lagrave, M.	2763	2016	2021	2026-07-29
B.Sic.Sve.MLn	24487	5904	14374	4209	955645	Carlsen, M.	2882	2015	2021	2026-07-29
B.Sic.Kan.Nc3.Chr	33	3	18	12	192	Fedorchuk, Sergey A	2639	2000	2012	2026-07-29
B.Sic.Kan.Nc3.Spr	643	237	213	193	2212	Svidler, P.	2759	2007	2017	2026-07-29
B.Sic.Alp.Dd6.MLn.Nc6.BPg	181	94	50	37	69927	Jumabayev, R.	2630	2003	2019	2026-07-29
B.Sic.Alp.Dd6.MLn.Nc6.BPD	172	88	50	34	43393	Jumabayev, R.	2630	2003	2019	2026-07-29
B.Sic.Fre.Gaw	109	45	37	27	19009	Speelman, Jonathan S	2623	1995	2014	2026-07-29
B.Sic.Sch.Be2.Be7.Bd7	327	117	117	93	1519	Movsesian, Sergei	2747	1974	2012	2026-07-29
B.Sic.Naj.Be2.Mod	893	237	433	223	130175	Kasparov, Garry	2851	2000	2003	2026-07-29
B.Sic.Naj.Be2.Trd	5876	1445	3114	1317	101374	Caruana, F.	2819	2011	2019	2026-07-29
A.Bir.Fro.fxe5.d6.exd6.Nf6	0	0	0	0	11333					2026-07-29
A.Eng.Rev.Fou.MLn.Bg2.Bc5	681	55	585	41	12104	Carlsen, M.	2875	2018	2019	2026-07-29
A.Hor.Fch.Nf3.c5.cxd5.Bg5	320	139	148	33	8567	Aronian, Levon	2781	2003	2022	2026-07-29
A.Owe.Eng.e4.Bb7.Bd3.Nc6	337	116	121	100	21151	Nakamura, Hi	2816	2002	2015	2026-07-29
A.EID.Bg5.Bg7.Nbd2.d5.O-O	1506	491	626	389	101971	Caruana, F.	2822	2016	2024	2026-07-29
A.Eng.Rev.e3.Nf6.f4.Nf3	0	0	0	0	37					2026-07-29
A.Kan.MLn.e3.O-O.a3.bxc3	654	252	211	191	47852	Nepomniachtchi, I.	2795	2022	2024	2026-07-29
A.KIA.Sic.MLn.g3.Nf6.Re1	2081	864	708	509	280367	So, W.	2815	2014	2017	2026-07-29
D.QGD.Mod	7914	2562	3977	1375	6221230	Carlsen, M.	2830	2016	2023	2026-07-29
D.QGD.Mod.BKo	158	54	59	45	145004	Le Quang Liem	2737	2012	2020	2026-07-29
D.QGD.Mod.PTr	122	45	46	31	46461	Naiditsch, A.	2684	1977	2016	2026-07-29
D.QGD.Mod.PTr.Can	17	10	4	3	1300	Hansen, Curt	2570	1985	2004	2026-07-29
D.QGD.Mod.KDf	1360	493	589	278	595534	Mamedyarov, S.	2762	2008	2016	2026-07-29
D.QGD.Mod.KDf.Man	81	41	22	18	50918	Aronian, L.	2777	1987	2015	2026-07-29
D.QGD.Mod.KDf.ACS	63	31	26	6	20175	Beliavsky, Alexander G	2650	1984	2012	2026-07-29
C.LtO.Bc4.fxe4.Nxh8.Nf6	0	0	0	0	1555					2026-07-29
C.KPO.Kgt.MLn.c4.Nf6.Nxe5	0	0	0	0	64					2026-07-29
B.Ale.Mod.MLn.Be2.c6	1115	463	377	275	46181	Anand, Viswanathan	2764	2003	2009	2026-07-29
B.Sic.Alp.Nf6.MLn.cxd4	9752	2434	4289	3029	1919506	Nakamura, Hi	2788	2014	2023	2026-07-29
B.Sic.Tay.Nc3.Nf6.Ndb5.d6	3505	1112	1562	831	173866	Kasparov, Garry	2805	1994	2023	2026-07-29
B.Sic.OKn.Nf6.Nc3.e5.Bb5	290	123	136	31	32930	Caruana, F.	2803	2010	2025	2026-07-29
B.Sic.Naj.Pst.MLn.Qxb2	4914	1007	3316	591	68434	Caruana, F..	2842	2013	2021	2026-07-29
B.Sic.Naj.Pst.MLn.Qxb2.Rb1	4524	910	3164	450	60835	Caruana, F..	2842	2013	2021	2026-07-29
A.Van.d5.e4	1713	506	630	577	3837594	Mamedyarov, S.	2801	2007	2018	2026-07-29
A.Van.d5.e4.dxe4	556	174	204	178	1352760	Mamedyarov, S.	2801	2007	2018	2026-07-29
A.Van.d5.e4.dxe4.f3	1	0	0	1	27562	Westerinen, Heikki MJ	2371	2005	2005	2026-07-29
A.Van.d5.e4.dxe4.d3	2	1	0	1	248411	Fossan, E.	2345	2017	2018	2026-07-29
A.Van.d5.e4.dxe4.Bc4	1	0	1	0	12998	Eilertsen, Jens B	2280	1990	1990	2026-07-29
A.Eng.CKa.Nf3	6668	2437	2914	1317	1058065	Aronian, L.	2830	2010	2022	2026-07-29
A.Eng.CKa.Nf3.d5	12033	4433	5173	2427	1893517	Carlsen, M.	2855	2010	2016	2026-07-29
A.Mod.e4	6867	2700	2370	1797	2168373	Carlsen, M.	2862	2015	2025	2026-07-29
A.Mod.e4.e5	10	4	6	0	27245	Morozevich, A.	2711	2007	2019	2026-07-29
A.Mod.e4.c5	980	388	309	283	323207	Jakovenko, Dmitrij	2713	2007	2017	2026-07-29
A.Mod.e4.c5.d5	961	414	275	272	279800	Malakhov, V.	2713	2007	2017	2026-07-29
A.Mod.e4.c5.d5.Qa5	5	5	0	0	3720	Dobrov, Vladimir	2537	1993	2013	2026-07-29
A.Mod.Avk.Nc6	1785	794	552	439	704474	Vachier Lagrave, M.	2779	2008	2018	2026-07-29
B.Sic.Fre.d4.a6	84	31	32	21	390328	Miton, Kamil	2629	2003	2012	2026-07-29
B.Ale.Fou.Trd.MLn.IlZ	3	1	1	1	1107	Hort, Vlastimil	2590	1972	1998	2026-07-29
B.CaK.Adv.Bf5.VdW	753	241	289	223	51441	Caruana, F.	2819	2000	2019	2026-07-29
B.Sic.Alp.Cen.MLn.Nf6.Bg4	2429	638	1195	596	270748	Topalov, V.	2816	1994	2015	2026-07-29
B.Sic.Ros.Cls.MLn.Gur	203	66	89	48	7806	Carlsen, M.	2835	2013	2019	2026-07-29
B.Sic.Naj.Pol.MLn.Sim	152	64	41	47	4204	Vallejo Pons, Francisco	2722	1974	2011	2026-07-29
A.VtK.e5.Nc3.Nc6.f4.exf4	0	0	0	0	622					2026-07-29
A.VtK.e5.Nc3.d5.f4.exf4	0	0	0	0	1285					2026-07-29
A.KIA.Bg2.e6.O-O	6732	2800	2670	1262	1216669	Carlsen, Magnus	2863	2016	2020	2026-07-29
A.KIA.Fre.c5	926	354	277	295	305476	So, W.	2810	2000	2017	2026-07-29
A.Eng.AIn.g3	9771	3186	4090	2495	2791233	Carlsen, M.	2882	2016	2020	2026-07-29
A.Eng.AIn.g3.c6	1879	498	829	552	278107	Carlsen, Magnus	2863	2001	2020	2026-07-29
A.Eng.Sym.Nf3.Nf6.Nc3.d5	3801	1241	1828	732	115391	Carlsen, M.	2881	1998	2019	2026-07-29
A.Eng.AIn.Nf3.g6.g3.Bg7	8231	3026	3466	1739	517436	Carlsen, M.	2853	2015	2016	2026-07-29
E.Nim.Rub.StN	293	100	128	65	23555	Caruana, F.	2802	2010	2015	2026-07-29
A.Eng.CKa.Nf3.d5.g3	2597	975	1068	554	505613	Aronian, Levon	2801	2010	2016	2026-07-29
A.Eng.CKa.Nf3.d5.g3.Bg2	5292	1948	2203	1141	684492	Carlsen, Magnus	2863	2016	2020	2026-07-29
A.Eng.Agi.Nc3	9663	3569	4117	1977	4011990	Carlsen, M.	2865	2001	2016	2026-07-29
B.Sic.Clo.Fch.MLn.Nge2.e5	183	31	89	63	49213	Topalov, Veselin	2772	2007	2025	2026-07-29
B.Sic.SmM.Acc.Cls.O-O	204	29	98	77	195095	Le Quang, Liem	2698	2012	2016	2026-07-29
B.Sic.SmM.Acc.Cls.O-O.Nf6	198	29	90	79	164597	Le Quang, Liem	2698	2012	2016	2026-07-29
B.Sic.Cls.Soz.e6.Bb3.Be7	467	158	160	149	49267	Fischer, Robert James	2785	1971	1999	2026-07-29
D.QGD.QKn.Acc	12585	3888	5367	3330	6068027	Carlsen, Magnus	2870	2012	2022	2026-07-29
D.QGD.QKn.Nrm.Har	184	69	87	28	1173331	Carlsen, M..	2847	2013	2021	2026-07-29
D.QGD.Ort.Rc1.a6	603	190	303	110	43426	Carlsen, Magnus	2868	2002	2013	2026-07-29
C.Pet.Thr.Fou.Gun	13	3	8	2	570	Aleksandrov, Aleksej	2609	1992	2011	2026-07-29
B.Sca.Nf6.Mar.Gip	594	259	219	116	609507	Carlsen, M.	2840	1994	2017	2026-07-29
D.QPG.Zuk.Nf6.Bf4	8812	2370	4340	2102	7945895	Carlsen, Magnus	2863	2019	2023	2026-07-29
D.QGD.PTr	4375	1792	1920	663	897952	Mamedyarov, S.	2801	2018	2022	2026-07-29
D.Sla.Nf3.Nf6.Exc.Trf	655	148	421	86	14840	Vachier Lagrave, Maxime	2788	2008	2021	2026-07-29
D.QGD.Har.Har.MLn	3372	1110	1829	433	58206	Carlsen, M.	2875	2014	2019	2026-07-29
B.CaK.Adv.Bf5.c3.e6	424	161	187	76	677550	Anand, Viswanathan	2769	2000	2001	2026-07-29
B.CaK.Adv.Bf5.c3.e6.Be2	44	15	22	7	7466	Timman, Jan H	2660	1989	1990	2026-07-29
C.Fou.Gun	793	266	317	210	354269	Caruana, F.	2816	2018	2019	2026-07-29
A.Eng.Rev.Fou.BBV	66	16	27	23	32250	Efimenko, Zahar	2666	1997	2020	2026-07-29
A.Owe.Eng.e4.Bb7.f3.Nh6	14	3	4	7	1395	Miles, Anthony J	2635	1979	2018	2026-07-29
B.Sic.OKn.g6	66	31	28	7	536344	Shabalov, Alexander	2592	2000	2009	2026-07-29
D.QGA.Jan.e3.b5	380	105	251	24	20223	Aronian, Levon	2809	2009	2021	2026-07-29
D.QPG.Zuk.Col.Bd3	2245	707	1058	480	2076893	Carlsen, M.	2853	2016	2017	2026-07-29
B.Sic.Clo.GPr.MLn.Sch	404	112	114	178	71069	Nepomniachtchi, I.	2776	2009	2020	2026-07-29
B.Sic.Alp.Cen.MLn.Nc6.Mil	83	33	37	13	14028	Khamrakulov, Ibragim S	2592	1995	2007	2026-07-29
A.Ret.Eng.c5.b3.Nc6.Be7	548	190	209	149	19460	Kramnik, Vladimir	2772	2009	2011	2026-07-29
E.Nim.Rub.O-O.Sml	654	252	211	191	47852	Nepomniachtchi, I.	2795	2022	2024	2026-07-29
B.Sic.Dra.Yug.Chn.Bb3.Top	592	157	319	116	76002	Radjabov, Teimour	2757	1996	2009	2026-07-29
