ocn1	canonical_name	name_basis	basis_rule
A	Flank Openings	review	review
B	Semi-Open Games	review	review
C	Open Games	review	review
D	Closed Queen's Pawn	review	review
E	Indian Defences	review	review
A.Eng	English Opening	review	review
A.Eng.Sym	English Opening, Symmetrical	review	review
A.Eng.Rev	English Opening, Reversed Sicilian	review	review
A.Hol	Dutch Defence	review	review
A.Hol.Lng	Dutch Defence, Leningrad	review	review
A.Hol.Sto	Dutch Defence, Stonewall	review	review
A.Hol.Cls	Dutch Defence, Classical	review	review
E.Ben	Benoni Defence	review	review
E.Ben.Mod	Modern Benoni	review	review
E.Ben.Bnk	Benko / Volga Gambit	person	attributed_to
E.Ben.Czk	Czech Benoni	review	review
A.Tro	Trompowsky Attack	person	attributed_to
A.Lon	London System	review	review
A.Bir	Bird's Opening	person	attributed_to
A.Lar	Larsen Attack	person	attributed_to
A.Ret	Réti Opening	person	attributed_to
A.Owe	Owen's Defence	review	review
A.Pol	Polish Opening	person	attributed_to
B.Sic	Sicilian Defence	review	review
B.Sic.Naj	Sicilian, Najdorf	person	attributed_to
B.Sic.Naj.Eng	Sicilian Najdorf, English Attack	review	review
B.Sic.Naj.Sch	Sicilian Najdorf, Scheveningen	review	review
B.Sic.Naj.Adm	Sicilian Najdorf, Adams Attack	review	review
B.Sic.Naj.Pol	Sicilian Najdorf, Polugaevsky	person	attributed_to
B.Sic.Naj.Pst	Sicilian Najdorf, Poisoned Pawn	review	review
B.Sic.Sve	Sicilian Sveshnikov	person	attributed_to
B.Sic.Sve.Nd5	Sveshnikov, 9.Nd5 (Modern Main)	review	review
B.Sic.Sve.Nd5.Be7	Sveshnikov 9.Nd5, ...Be7	review	review
B.Sic.Sve.Nd5.Be7.Bxf6	Sveshnikov 9.Nd5 Be7, 10.Bxf6 Bxf6	review	review
B.Sic.Sve.Nd5.Qa5	Sveshnikov 9.Nd5, ...Qa5+	review	review
B.Sic.Sve.Bxf6	Sveshnikov, 9.Bxf6 (Old Main)	review	review
B.Sic.Sve.Bxf6.Nd5	Sveshnikov 9.Bxf6, 10.Nd5	review	review
B.Sic.Sve.Bxf6.Nd5.Bg7	Novosibirsk (10...Bg7)	review	review
B.Sic.Sve.Bxf6.Nd5.f5	Sveshnikov 10...f5 (counterpunch)	review	review
B.Sic.Dra	Sicilian Dragon	review	review
B.Sic.Dra.Yug	Sicilian Dragon, Yugoslav Attack	review	review
B.Sic.Sch	Sicilian Scheveningen	review	review
B.Sic.Sch.Krs	Sicilian Scheveningen, Keres Attack	person	attributed_to
B.Sic.Tay	Sicilian Taimanov	review	review
B.Sic.Kan	Sicilian Kan	review	review
B.Sic.Cls	Sicilian Classical	review	review
B.Sic.Ros	Sicilian Rossolimo	person	attributed_to
B.Sic.Mor	Sicilian Moscow	review	review
B.Sic.Alp	Sicilian Alapin	review	review
B.Sic.SmM	Sicilian Smith-Morra Gambit	review	review
B.Sic.Cls.Rch	Sicilian Classical, Richter-Rauzer	review	review
B.Sic.OKn	Sicilian, Open Knights	review	review
B.CaK	Caro-Kann Defence	review	review
B.CaK.Adv	Caro-Kann, Advance	review	review
B.CaK.Cls	Caro-Kann, Classical	review	review
B.CaK.Pmv	Caro-Kann, Panov-Botvinnik Attack	review	review
B.CaK.Two	Caro-Kann, Two Knights	review	review
B.Fre	French Defence	review	review
B.Fre.Win	French, Winawer	review	review
B.Fre.Tar	French, Tarrasch	review	review
B.Fre.Adv	French, Advance	review	review
B.Fre.Cls	French, Classical	review	review
B.Fre.Exc	French, Exchange	review	review
B.Pir	Pirc Defence	review	review
B.Mod	Modern Defence	review	review
B.Sca	Scandinavian Defence	review	review
B.Ale	Alekhine Defence	person	attributed_to
B.OwM	Owen's Modern (...b6 vs e4)	review	review
C.RyL	Ruy López	review	review
C.RyL.Ber	Ruy López, Berlin Defence	review	review
C.RyL.Ber.Wal.End	Berlin Wall, Endgame	person	attributed_to
C.RyL.Mar	Ruy López, Marshall Attack	person	attributed_to
C.RyL.AntM	Ruy López, Anti-Marshall Systems	review	review
C.RyL.Cls	Ruy López, Closed Spanish	review	review
C.RyL.Brk	Ruy López, Breyer	review	review
C.RyL.Zai	Ruy López, Zaitsev	review	review
C.RyL.Cha	Ruy López, Chigorin	review	review
C.RyL.Exc	Ruy López, Exchange	review	review
C.Ita	Italian Game	review	review
C.Ita.Two	Italian, Two Knights	review	review
C.Ita.Evn	Italian, Evans Gambit	person	attributed_to
C.Ita.Pia	Italian, Giuoco Pianissimo	review	review
C.KGm	King's Gambit	review	review
C.KGm.Acc	King's Gambit Accepted	review	review
C.KGm.Dec	King's Gambit Declined	review	review
C.Pet	Petrov Defence	review	review
C.Sco	Scotch Game	review	review
C.Sco.Mie	Scotch, Mieses	review	review
C.Vie	Vienna Game	review	review
C.PhD	Philidor Defence	review	review
C.LtO	Latvian Gambit	review	review
D.QGD	Queen's Gambit Declined	review	review
D.QGD.Ort	QGD, Orthodox	review	review
D.QGD.Tar	QGD, Tartakower	review	review
D.QGD.Lsk	QGD, Lasker	review	review
D.QGD.Cmb	QGD, Cambridge Springs	person	attributed_to
D.QGD.Exc	QGD, Exchange	review	review
D.QGA	Queen's Gambit Accepted	review	review
D.Sla	Slav Defence	review	review
D.Sem	Semi-Slav	review	review
D.Sem.Mer	Semi-Slav, Meran	person	attributed_to
D.Sem.Bg5	Semi-Slav, 5.Bg5 Systems	review	review
D.Sem.Bg5.Mos	Semi-Slav, Moscow Variation	review	review
D.Sem.Bg5.AMo	Semi-Slav, Anti-Moscow	review	review
D.Sem.Bg5.Bot	Semi-Slav, Botvinnik	review	review
D.Sla.Exc	Slav, Exchange	review	review
D.Sla.Cls	Slav, Classical	review	review
D.Cat	Catalan Opening	person	attributed_to
D.Cat.Ope	Catalan, Open	review	review
D.Cat.Cls	Catalan, Closed	review	review
D.Tar	Tarrasch Defence	person	attributed_to
D.STa	Semi-Tarrasch	review	review
D.QGD.Vie	QGD, Vienna Variation	review	review
D.QGD.Rag	QGD, Ragozin	review	review
D.Alb	Albin Counter-Gambit	person	attributed_to
D.Bgm	Blackmar-Diemer Gambit	review	review
E.KID	King's Indian Defence	review	review
E.KID.Sml	KID, Sämisch	review	review
E.KID.Cls	KID, Classical	review	review
E.KID.Cls.Mar	KID, Mar del Plata	person	attributed_to
E.KID.Fch	KID, Fianchetto	review	review
E.KID.Avk	KID, Averbakh	person	attributed_to
E.KID.Fou	KID, Four Pawns Attack	review	review
E.Nim	Nimzo-Indian Defence	person	attributed_to
E.Nim.Rub	Nimzo, Rubinstein	review	review
E.Nim.Cls	Nimzo, Classical	review	review
E.Nim.Sml	Nimzo, Sämisch	review	review
E.Nim.Lng	Nimzo, Leningrad	review	review
E.QID	Queen's Indian Defence	review	review
E.QID.Pet	QID, Petrosian	review	review
E.QID.Mod	QID, Modern	review	review
E.Bog	Bogo-Indian Defence	review	review
E.OldI	Old Indian Defence	review	review
E.Gru	Grünfeld Defence	review	review
E.Gru.Exc	Grünfeld, Exchange	review	review
E.Gru.Rus	Grünfeld, Russian	review	review
E.Gru.Fch	Grünfeld, Fianchetto	review	review
A.KIA	King's Indian Attack	review	review
A.KIA.Fre	King's Indian Attack, French Setup	review	review
A.Ret.Acc	Réti Opening, Accepted	descriptor	editorial_leaf_token
A.Ret.Adv	Réti Opening, Advance	review	review
A.Ret.Fch	Réti Opening, Double Fianchetto	review	review
A.Eng.Rev.Fou	English, Four Knights	review	review
A.Hng	Hungarian Opening	review	review
A.Gro	Grob Opening	person	attributed_to
A.Van	Van Geet Opening	person	attributed_to
A.Bir.Fro	Bird's Opening, From's Gambit	review	review
A.Tor	Torre Attack	review	review
A.Ver	Richter-Veresov Attack	review	review
A.Col	Colle System	review	review
A.Lon.Job	London System, Jobava-Prié	review	review
B.Nim	Nimzowitsch Defence	person	attributed_to
B.Nim.Ken	Nimzowitsch Defence, Kennedy	review	review
B.Sca.Mod	Scandinavian, Modern	review	review
B.Sca.Por	Scandinavian, Portuguese	review	review
B.Sca.Ice	Scandinavian, Icelandic Gambit	review	review
B.Ale.Fou	Alekhine, Four Pawns Attack	review	review
B.Ale.Exc	Alekhine, Exchange	review	review
B.Pir.Aus	Pirc, Austrian Attack	review	review
B.Pir.Cls	Pirc, Classical	review	review
B.Pir.Fch	Pirc, Fianchetto	review	review
B.Mod.Avk	Modern Defence, Averbakh	review	review
B.Fre.Rub	French, Rubinstein	review	review
B.Fre.Bur	French, Burn	review	review
B.Fre.Mac	French, MacCutcheon	person	attributed_to
B.CaK.Exc	Caro-Kann, Exchange	review	review
B.CaK.Kar	Caro-Kann, Karpov	review	review
C.Fou	Four Knights Game	review	review
C.Fou.Glk	Four Knights, Glek System	review	review
C.Fou.Sco	Four Knights, Scotch Variation	review	review
C.Fou.Spa	Four Knights, Spanish Variation	review	review
C.Fou.Spa.Rub	Four Knights Spanish, Rubinstein	review	review
C.Fou.Hal	Four Knights, Halloween Gambit	review	review
C.Bsh	Bishop's Opening	review	review
C.Bsh.Urs	Bishop's Opening, Urusov Gambit	person	attributed_to
C.Pon	Ponziani Opening	review	review
C.Pon.Jae	Ponziani, Jaenisch Counterattack	review	review
C.Pon.CGm	Ponziani, Countergambit	review	review
C.Cen	Center Game	review	review
C.Cen.Dsh	Danish Gambit	review	review
C.Cen.Pau	Center Game, Paulsen Attack	review	review
C.Ita.Giu	Italian, Giuoco Piano	review	review
C.Ita.Two.Ng5	Italian Two Knights, Knight Attack	review	review
C.Ita.Two.Ng5.Trx	Two Knights, Traxler Counterattack	review	review
C.Pet.Coc	Petrov, Cochrane Gambit	person	attributed_to
C.Pet.Mod	Petrov, Modern Attack	review	review
C.Sco.Gbt	Scotch, Scotch Gambit	review	review
C.Vie.Gbt	Vienna, Vienna Gambit	review	review
C.PhD.Han	Philidor, Hanham	review	review
D.QGA.Cls	QGA, Classical	review	review
D.Sla.Che	Slav, Chebanenko	review	review
D.Sem.AMe	Semi-Slav, Anti-Meran	review	review
D.QGD.Har	QGD, Harrwitz Attack	review	review
D.Cat.Fch	Catalan, Fianchetto Main Line	review	review
E.KID.Cls.Pet	KID Classical, Petrosian	person	attributed_to
E.KID.Cls.Byn	KID Classical, Bayonet Attack	review	review
E.KID.Mak	KID, Makogonov	review	review
E.Nim.Rub.Hub	Nimzo Rubinstein, Hübner	review	review
E.Bog.Nim	Bogo-Indian, Nimzowitsch	review	review
E.Bog.WSm	Bogo-Indian, Wade-Smyslov	review	review
E.QID.Cls	QID, Classical	review	review
E.Gru.Sml	Grünfeld, Sämisch	review	review
E.Gru.Brn	Grünfeld, Brinckmann	review	review
E.OldI.Ukr	Old Indian, Ukrainian	review	review
B.Sic.Clo	Sicilian, Closed	review	review
B.Sic.Clo.GPr	Sicilian Closed, Grand Prix Attack	review	review
B.Sic.Clo.Fch	Sicilian Closed, Fianchetto	review	review
B.Sic.Win	Sicilian, Wing Gambit	review	review
B.Sic.Bow	Sicilian, Bowdler Attack	review	review
B.CaK.Fan	Caro-Kann, Fantasy	review	review
B.CaK.Brn	Caro-Kann, Bronstein-Larsen	review	review
B.CaK.Sml	Caro-Kann, Sämisch	review	review
B.Fre.Stn	French, Steinitz	review	review
B.Fre.FKn	French, Fort Knox	review	review
B.Pir.Byr	Pirc, Byrne Variation	review	review
B.Pir.150	Pirc, 150 Attack	review	review
C.RyL.Coz	Ruy López, Cozio Defence	review	review
C.RyL.Shl	Ruy López, Schliemann Defence	review	review
C.RyL.Mor	Ruy López, Morphy Defence	review	review
C.RyL.Mor.Opn	Ruy López Morphy, Open	review	review
C.RyL.Mor.StD	Ruy López Morphy, Modern Steinitz	review	review
C.RyL.Mor.Ark	Ruy López Morphy, Arkhangelsk	review	review
C.RyL.Mor.NeA	Ruy López Morphy, Neo-Arkhangelsk	review	review
C.RyL.Mor.Nor	Ruy López Morphy, Norwegian	review	review
C.RyL.Mor.Wor	Ruy López Morphy, Wormald Attack	review	review
C.Ita.Giu.Cls	Italian Giuoco Piano, Classical	review	review
C.Ita.Giu.Mol	Italian Giuoco Piano, Møller Attack	review	review
C.Ita.Two.Opn	Italian Two Knights, Open Variation	review	review
C.Ita.Two.Max	Italian Two Knights, Max Lange Attack	review	review
C.Ita.Two.Ng5.Feg	Two Knights, Fried Liver Attack	review	review
C.Ita.Two.Ng5.Ulv	Two Knights, Ulvestad Variation	review	review
C.Ita.Two.Ng5.Pol	Two Knights, Polerio Defence	review	review
C.Sco.Gor	Scotch, Göring Gambit	review	review
C.Sco.Cls	Scotch, Classical	review	review
C.Vie.Mie	Vienna, Mieses Variation	review	review
C.Vie.Fal	Vienna, Falkbeer Variation	review	review
C.Pet.Cls	Petrov, Classical	review	review
C.Pet.Stf	Petrov, Stafford Gambit	review	review
C.PhD.Lio	Philidor, Lion Variation	review	review
D.QGA.Jan	QGA, Janowski-Larsen	review	review
D.QGA.Man	QGA, Mannheim	review	review
D.Sla.Not	Slav, Noteboom	review	review
D.Sla.Ala	Slav, Alapin	review	review
D.Tar.Rub	Tarrasch, Rubinstein System	review	review
D.STa.Exc	Semi-Tarrasch, Exchange	review	review
D.Cat.Ope.Qa4	Catalan Open, Qa4+	review	review
D.Cat.Cls.Qc2	Catalan Closed, Qc2 Main Line	review	review
E.KID.Fch.Pan	KID Fianchetto, Panno	review	review
E.KID.Sml.Pan	KID Sämisch, Panno	review	review
E.KID.Cls.Glg	KID Classical, Gligoric	review	review
E.KID.Cls.Exc	KID Classical, Exchange	review	review
E.Nim.Kas	Nimzo, Kasparov Variation	review	review
E.Nim.Fou	Nimzo, 4.f3	review	review
E.QID.Nim	QID, Nimzowitsch Variation	review	review
E.QID.Fch	QID, Fianchetto Prefix	review	review
E.Gru.Exc.Cla	Grünfeld Exchange, Classical	review	review
E.Gru.Exc.Sev	Grünfeld Exchange, Seville	review	review
A.Eng.Sym.Hdg	English Symmetrical, Hedgehog	review	review
A.Eng.Rev.Bot	English Reversed Sicilian, Botvinnik System	review	review
A.Eng.Mik	English Opening, Mikėnas-Carls	person	attributed_to
A.Ret.Ang	Réti Opening, Anglo-Slav	review	review
A.Ret.QGI	Réti Opening, Queen's Gambit Invitation	review	review
A.Hol.Fch	Dutch Defence, Fianchetto Attack	review	review
A.Hol.Sta	Dutch Defence, Staunton Gambit	person	attributed_to
A.Hol.Sto.Bot	Dutch Stonewall, Botvinnik Variation	review	review
A.Hol.Cls.IZh	Dutch Classical, Ilyin-Zhenevsky	review	review
E.Ben.Old	Old Benoni	review	review
E.Ben.Mod.Fch	Modern Benoni, Fianchetto	review	review
E.Ben.Mod.Fou	Modern Benoni, Four Pawns Attack	review	review
E.Ben.Mod.Cls	Modern Benoni, Classical	review	review
D.Chi	Chigorin Defence	person	attributed_to
D.QGA.Cen	QGA, Central Variation	review	review
D.Sla.Sml	Slav, Smyslov	review	review
D.Sem.AMe.Shr	Semi-Slav Anti-Meran, Shirov-Shabalov	review	review
D.Cat.Ope.Qa4.Ale	Catalan Open Qa4, Alekhine	review	review
D.Cat.Cls.Bot	Catalan Closed, Botvinnik	review	review
D.Cat.Cls.Rab	Catalan Closed, Rabinovich	review	review
D.QGD.Alt	QGD, Alatortsev	review	review
E.Bog.Exc	Bogo-Indian, Exchange	review	review
E.Bog.Ret	Bogo-Indian, Retreat	review	review
E.Bog.Hai	Bogo-Indian, Haiti	review	review
E.QID.Kas	QID, Kasparov Variation	review	review
E.QID.Sps	QID, Spassky System	review	review
E.QID.Mod.Trd	QID Modern, Traditional Line	review	review
E.Nim.Rom	Nimzo, Romanishin	review	review
E.Nim.Spl	Nimzo, Spielmann	review	review
E.Nim.Mik	Nimzo, Mikėnas Attack	review	review
E.Nim.Cls.Ker	Nimzo Classical, Keres Defence	review	review
E.Nim.Sml.Bot	Nimzo Sämisch, Botvinnik	review	review
E.Gru.Thr	Grünfeld, Three Knights	review	review
E.Gru.Hng	Grünfeld, Hungarian Attack	review	review
E.Gru.Exc.Sps	Grünfeld Exchange, Spassky	review	review
E.KID.Fch.Yug	KID Fianchetto, Yugoslav	review	review
E.KID.Fch.Uhl	KID Fianchetto, Uhlmann-Szabo	review	review
E.KID.Sml.Byr	KID Sämisch, Byrne Defence	review	review
E.KID.Sml.Ort	KID Sämisch, Orthodox	review	review
E.KID.Fou.Dyn	KID Four Pawns, Dynamic Attack	review	review
E.KID.Avk.Ben	KID Averbakh, Benoni Defence	review	review
A.Ret.Lis	Réti Opening, Lisitsyn Gambit	person	attributed_to
A.Hol.Hop	Dutch Defence, Hopton Attack	review	review
E.QID.Mil	QID, Miles Variation	person	attributed_to
B.Sic.Acc	Sicilian, Accelerated Dragon	review	review
B.Sic.Acc.Mar	Accelerated Dragon, Maróczy Bind	person	attributed_to
B.Sic.HAc	Sicilian, Hyper-Accelerated Dragon	review	review
B.Sic.Kal	Sicilian Kalashnikov	review	review
B.Sic.Loe	Sicilian, Löwenthal	review	review
B.Sic.OKe	Sicilian, O'Kelly	review	review
B.Sic.Nim	Sicilian, Nimzowitsch Variation	review	review
B.Sic.Pin	Sicilian, Pin Variation	review	review
B.Sic.Dra.Cls	Sicilian Dragon, Classical	review	review
B.Sic.Dra.Lev	Sicilian Dragon, Levenfish	review	review
B.Sic.Sch.Eng	Sicilian Scheveningen, English Attack	review	review
B.Sic.Tay.Eng	Sicilian Taimanov, English Attack	review	review
B.Sic.Kan.Mar	Sicilian Kan, Maróczy Bind	person	attributed_to
B.Fre.Adv.Mil	French Advance, Milner-Barry	review	review
B.Fre.Win.Psn	French Winawer, Poisoned Pawn	review	review
B.Fre.Tar.Ope	French Tarrasch, Open	review	review
B.Fre.Tar.Cls	French Tarrasch, Closed	review	review
B.CaK.Adv.Sht	Caro-Kann Advance, Short	review	review
B.CaK.Adv.Tal	Caro-Kann Advance, Tal	review	review
B.CaK.Tar	Caro-Kann, Tartakower	review	review
B.CaK.Gur	Caro-Kann, Gurgenidze	review	review
B.Ale.Mod	Alekhine, Modern	review	review
B.Ale.Chs	Alekhine, Chase	review	review
B.Ale.Bal	Alekhine, Balogh	review	review
B.Pir.Cze	Pirc, Czech Defence	review	review
B.Mod.Tig	Modern Defence, Tiger's Modern	review	review
B.Mod.Pte	Modern Defence, Pterodactyl	review	review
C.RyL.Ber.Rio	Ruy López Berlin, Rio de Janeiro	review	review
C.RyL.Exc.Alk	Ruy López Exchange, Alekhine	review	review
C.RyL.Mor.Opn.Dil	Ruy López Open, Dilworth	review	review
C.RyL.Mor.Opn.Hwl	Ruy López Open, Howell Attack	review	review
C.RyL.Mor.Opn.Rig	Ruy López Open, Riga	review	review
C.RyL.Mor.StD.Sie	Ruy López Modern Steinitz, Siesta	review	review
C.RyL.Mor.ClD	Ruy López Morphy, Classical Deferred	review	review
C.RyL.Mor.Fch	Ruy López Morphy, Fianchetto Deferred	review	review
C.RyL.Mor.Car	Ruy López Morphy, Caro Variation	review	review
C.Ita.Giu.Grc	Italian Giuoco Piano, Greco Gambit	review	review
C.Ita.Two.Ng5.Frt	Two Knights, Fritz Variation	review	review
C.Ita.Two.Ng5.Lol	Two Knights, Lolli Attack	review	review
C.KGm.Acc.Kie	King's Gambit Accepted, Kieseritzky	review	review
C.KGm.Acc.Muz	King's Gambit Accepted, Muzio	review	review
C.KGm.Acc.Bsh	King's Gambit Accepted, Bishop's Gambit	review	review
C.KGm.Acc.All	King's Gambit Accepted, Allgaier	person	attributed_to
C.KGm.Dec.Fal	King's Gambit Declined, Falkbeer	review	review
C.Sco.Pot	Scotch, Potter Variation	review	review
C.Sco.Gor.Dbl	Scotch Göring, Double Pawn Sacrifice	review	review
C.Vie.Gbt.Fal	Vienna Gambit, Falkbeer Defence	review	review
C.Vie.Gbt.Hmp	Vienna Gambit, Hamppe-Muzio	review	review
C.Vie.Cls	Vienna, Classical	review	review
C.Fou.Sco.Bel	Four Knights Scotch, Belgrade Gambit	review	review
C.Fou.Spa.Dbl	Four Knights Spanish, Double Spanish	review	review
C.Fou.Spa.Cls	Four Knights Spanish, Classical	review	review
D.QGD.Jan	QGD, Janowski	review	review
A.Kad	Kádas Opening	review	review
A.War	Ware Opening	review	review
A.VtK	Van't Kruijs Opening	review	review
A.Mie	Mieses Opening	review	review
A.And	Anderssen's Opening	person	attributed_to
A.Clm	Clemenz Opening	review	review
A.Ama	Amar Opening	review	review
A.Sod	Sodium Attack	review	review
A.Eng.Org	English Orangutan	review	review
A.Owe.Eng	English Defence	review	review
A.Mik	Mikėnas Defence	review	review
A.Hor	Horwitz Defence	review	review
A.Kan	Kangaroo Defence	review	review
A.Egl	Englund Gambit	review	review
A.Egl.Dec	Englund Gambit, Declined	descriptor	editorial_leaf_token
D.QPG	Queen's Pawn Game	review	review
D.QPG.Ama	Amazon Attack	review	review
D.QPG.Lev	Levitsky Attack	review	review
D.Bgm.Acc	Blackmar-Diemer Gambit, Accepted	descriptor	editorial_leaf_token
D.Bgm.Dec	Blackmar-Diemer Gambit, Declined	descriptor	editorial_leaf_token
D.Rub	Rubinstein Opening	review	review
D.Chi.Jan	Chigorin Defence, Janowski	review	review
C.Thr	Three Knights Opening	review	review
C.Thr.Stn	Three Knights, Steinitz	review	review
C.Ele	Elephant Gambit	review	review
C.Dam	Damiano Defence	person	attributed_to
C.Cen.Dsh.Acc	Danish Gambit, Accepted	descriptor	editorial_leaf_token
C.LtO.Acc	Latvian Gambit, Accepted	descriptor	editorial_leaf_token
C.KPO	King's Pawn Game	review	review
C.KPO.Nap	Napoleon Opening	review	review
C.KPO.Prt	Portuguese Opening	review	review
C.KPO.Kgt	King's Knight Opening	review	review
B.Brg	Borg Defence	review	review
B.StG	St. George Defence	review	review
B.Lio	Lion Defence	review	review
B.Rat	Rat Defence	review	review
B.Car	Carr Defence	review	review
B.Gld	Goldsmith Defence	review	review
B.Hip	Hippopotamus Defence	review	review
B.War	Ware Defence	review	review
B.OwM.Eng	Owen's Modern, English Defence Setup	review	review
E.Blf	Blumenfeld Countergambit	review	review
E.Blf.Acc	Blumenfeld Countergambit, Accepted	descriptor	editorial_leaf_token
E.Gru.Neo	Neo-Grünfeld Defence	review	review
E.Ben.Bnk.Acc	Benko Gambit, Accepted	descriptor	editorial_leaf_token
E.Ben.Bnk.Dec	Benko Gambit, Declined	descriptor	editorial_leaf_token
E.Gru.Brn.Nad	Grünfeld Brinckmann, Nadanian	review	review
D.QGA.Old	QGA, Old Variation	review	review
D.QGA.Ale	QGA, Alekhine System	review	review
D.QGA.Flo	QGA, Flohr Variation	review	review
D.QGA.Bog	QGA, Bogoljubow Defence	review	review
D.Sla.Sch	Slav, Schlechter Variation	review	review
D.Sla.Qui	Slav, Quiet Variation	review	review
D.Sla.Cze	Slav, Czech Variation	review	review
D.Sla.Stn	Slav, Steiner Variation	review	review
D.Sem.Not	Semi-Slav, Noteboom	review	review
D.Sem.Mer.Rab	Semi-Slav Meran, Rabinovich	review	review
D.Sem.Mer.Lun	Semi-Slav Meran, Lundin	review	review
D.Sem.Bg5.Mos.Qxf6	Semi-Slav Moscow, Qxf6 Line	review	review
D.QGD.Ort.Rub	QGD Orthodox, Rubinstein Attack	review	review
D.QGD.Ort.Cap	QGD Orthodox, Capablanca System	review	review
D.QGD.Exc.Car	QGD Exchange, Carlsbad	review	review
D.QGD.Exc.Min	QGD Exchange, Minority Attack	review	review
D.Cat.Ope.Yug	Catalan Open, Yugoslav Variation	review	review
D.Cat.Ope.Bb4	Catalan Open, Bb4+ Line	review	review
D.Cat.Cls.Kor	Catalan Closed, Korchnoi System	review	review
D.Tar.HSc	Tarrasch, Hennig-Schara Gambit	review	review
D.STa.Kmo	Semi-Tarrasch, Kmoch Variation	review	review
E.KID.Cls.Bol	KID Classical, Boleslavsky Variation	review	review
E.KID.Cls.Ort	KID Classical, Orthodox Line	review	review
E.KID.Cls.Arb	KID Classical, Aronin-Taimanov	review	review
E.KID.Sml.Bob	KID Sämisch, Bobotsov-Korchnoi	review	review
E.KID.Sml.Krs	KID Sämisch, Keres Attack	review	review
E.KID.Fch.Sim	KID Fianchetto, Simagin System	review	review
E.KID.Fch.Kav	KID Fianchetto, Kavalek System	review	review
E.KID.Avk.Fle	KID Averbakh, Flexible Defence	review	review
E.Nim.Rub.Flo	Nimzo Rubinstein, Flohr Variation	review	review
E.Nim.Rub.Res	Nimzo Rubinstein, Reshevsky Variation	review	review
E.Nim.Rub.Kmo	Nimzo Rubinstein, f3 Move Order	review	review
E.Nim.Cls.Noa	Nimzo Classical, Noa Variation	review	review
E.Nim.Cls.Bot	Nimzo Classical, Botvinnik Variation	review	review
E.Nim.Cls.Mil	Nimzo Classical, Milner-Barry Variation	review	review
E.Nim.Sml.Kmo	Nimzo Sämisch, a3 Move Order	review	review
E.QID.Pet.Kas	QID Petrosian, Kasparov Variation	review	review
E.QID.Mod.Fch	QID Modern, Fianchetto Line	review	review
E.QID.Euw	QID, Euwe Variation	review	review
E.Bog.Rom	Bogo-Indian, Romanishin Variation	review	review
E.Bog.Ret.Fch	Bogo-Indian Retreat, Fianchetto Line	review	review
E.OldI.Cls	Old Indian, Classical	review	review
E.OldI.Jan	Old Indian, Janowski Variation	review	review
E.Gru.Rus.Prz	Grünfeld Russian, Prins Variation	review	review
E.Gru.Rus.Szs	Grünfeld Russian, Szabo Variation	review	review
E.Gru.Exc.SeV	Grünfeld Exchange, Seville Variation	review	review
E.Gru.Exc.Mod	Grünfeld Exchange, Modern Exchange	review	review
E.Gru.Fch.Pac	Grünfeld Fianchetto, Pachman System	review	review
E.Blf.Dec	Blumenfeld Countergambit, Declined	descriptor	editorial_leaf_token
A.Pol.Cen	Polish Opening, with ...d5	review	review
A.Pol.Bhm	Polish Opening, Birmingham Gambit	review	review
A.Pol.Cze	Polish Opening, Czech Defence	review	review
A.Gro.Gbt	Grob Opening, Grob Gambit	review	review
A.Gro.Zil	Grob Opening, Zilbermints Gambit	review	review
A.Hng.Cat	Hungarian Opening, Catalan Formation	review	review
A.Hng.Sic	Hungarian Opening, Sicilian Invitation	review	review
A.Van.ReN	Van Geet Opening, Reversed Nimzowitsch	review	review
A.Van.ReS	Van Geet Opening, Reversed Scandinavian	review	review
A.Van.Tub	Van Geet Opening, Tübingen Gambit	review	review
A.Bir.Dut	Bird Opening, Dutch Variation	review	review
A.Bir.Fro.Lsk	From's Gambit, Lasker Variation	review	review
D.QPG.Lon	Queen's Pawn Game, Accelerated London	review	review
D.QPG.Chi	Queen's Pawn Game, Chigorin Variation	review	review
D.QPG.Mas	Queen's Pawn Game, Mason Attack	review	review
D.QPG.Sto	Queen's Pawn Game, Stonewall Attack	review	review
D.QPG.Zuk	Queen's Pawn Game, Zukertort Variation	review	review
D.QPG.Tor	Queen's Pawn Game, Torre Attack	review	review
D.Bgm.Acc.Bog	Blackmar-Diemer Accepted, Bogoljubow Defence	review	review
D.Bgm.Acc.Euw	Blackmar-Diemer Accepted, Euwe Defence	review	review
D.Bgm.Acc.Tei	Blackmar-Diemer Accepted, Teichmann Defence	review	review
D.Chi.Exc	Chigorin Defence, Exchange Variation	review	review
D.Chi.Laz	Chigorin Defence, Lazard Gambit	review	review
D.Chi.MLn	Chigorin Defence, Main Line	descriptor	editorial_leaf_token
D.Sla.Dim	Slav, Diemer Gambit	review	review
D.Sla.Win	Slav, Winawer Countergambit	review	review
D.Sla.Exc.Boo	Slav Exchange, Boor Attack	review	review
D.Sla.Che.Adv	Slav Chebanenko, Advance System	review	review
D.Sla.Cls.Bld	Slav Classical, Bled Attack	review	review
D.Tar.Mar	Tarrasch, Marshall Gambit	review	review
D.Tar.Prg	Tarrasch, Prague Variation	review	review
D.Tar.Cls	Tarrasch, Classical Variation	review	review
D.STa.Pil	Semi-Tarrasch, Pillsbury Variation	review	review
D.STa.Sym	Semi-Tarrasch, Symmetrical Variation	review	review
E.Bog.NEn	Bogo-Indian, New England Variation	review	review
E.QID.Pet.And	QID Petrosian, Andersson Variation	review	review
E.QID.Pet.Hdg	QID Petrosian, Hedgehog Variation	review	review
E.Nim.Kas.Kor	Nimzo Kasparov, Korchnoi Variation	review	review
E.Nim.Spl.Rom	Nimzo Spielmann, Romanovsky Gambit	review	review
E.Nim.Lng.Avg	Nimzo Leningrad, Averbakh Gambit	review	review
E.Nim.Cls.Zur	Nimzo Classical, Zurich Variation	review	review
E.Nim.Rub.Tai	Nimzo Rubinstein, Taimanov Variation	review	review
E.Nim.Rub.StP	Nimzo Rubinstein, St. Petersburg	review	review
E.QID.Mod.Sms	QID Modern, Sämisch Variation	review	review
E.Gru.Fch.Euw	Grünfeld Fianchetto, Euwe System	review	review
E.Blf.Spl	Blumenfeld Countergambit, Spielmann Variation	review	review
C.Ita.Evn.Acc	Italian Evans Gambit, Accepted	descriptor	editorial_leaf_token
C.Ita.Evn.Dec	Italian Evans Gambit, Declined	descriptor	editorial_leaf_token
C.RyL.Shl.Jae	Ruy López Schliemann, Jaenisch Gambit	review	review
C.Pet.Thr	Petrov, Three Knights Game	review	review
A.Gro.Dbl	Grob Opening, Double Grob	review	review
A.Gro.Als	Grob Opening, Alessi Gambit	review	review
A.Gro.Kee	Grob Opening, Keene Defence	review	review
A.Gro.Spk	Grob Opening, Spike Attack	review	review
A.Hng.Sym	Hungarian Opening, Symmetrical Variation	review	review
A.Hng.Sla	Hungarian Opening, Slav Formation	review	review
A.Hng.ReM	Hungarian Opening, Reversed Modern Defence	review	review
A.Hng.ReA	Hungarian Opening, Reversed Alekhine	review	review
A.Pol.Dut	Polish Opening, Dutch Defence	review	review
A.Pol.Bug	Polish Opening, Bugayev Advance	review	review
A.Pol.Bal	Polish Opening, Baltic Defence	review	review
A.Bir.Hob	Bird Opening, Hobbs Gambit	review	review
A.Bir.Hor	Bird Opening, Horsefly Defence	review	review
A.Bir.Muj	Bird Opening, Mujannah	review	review
A.Bir.Wil	Bird Opening, Williams Gambit	review	review
D.QPG.Lev.Wel	Levitsky Attack, Welling Variation	review	review
D.QPG.Lon.Stn	Accelerated London, Steinitz Countergambit	review	review
D.QPG.Chi.Alb	Queen's Pawn Chigorin, Alburt Defence	review	review
D.QPG.Chi.Iri	Queen's Pawn Chigorin, Irish Gambit	review	review
D.QPG.Zur	Queen's Pawn Game, Zurich Gambit	review	review
D.QPG.Tor.Gos	Torre Attack, Gossip Variation	review	review
D.Bgm.Acc.Gun	Blackmar-Diemer Accepted, Gunderam Defence	review	review
D.Bgm.Acc.Zie	Blackmar-Diemer Accepted, Ziegler Defence	review	review
D.Bgm.Dec.Elb	Blackmar-Diemer Declined, Elbert Countergambit	review	review
D.Bgm.Dec.Lam	Blackmar-Diemer Declined, Lamb Defence	review	review
D.Chi.Tar	Chigorin Defence, Tartakower Gambit	review	review
D.Chi.Jan.Mod	Chigorin Janowski, Modern Gambit	review	review
D.Sla.Qui.Pin	Slav Quiet, Pin Defence	review	review
D.Sla.Exc.Sym	Slav Exchange, Symmetrical Line	review	review
D.Sla.Che.Bf5	Slav Chebanenko, ...Bf5 Line	review	review
D.Sem.Not.Abr	Semi-Slav Noteboom, Abrahams Variation	review	review
D.Sem.Bg5.Mos.Hst	Semi-Slav Moscow, Hastings Variation	review	review
B.Sca.MLn	Scandinavian, Main Line	descriptor	editorial_leaf_token
B.Sca.Mod.Mie	Scandinavian Modern, Mieses-Kotrc	review	review
B.Sca.Nf6	Scandinavian, 2...Nf6	review	review
B.Sca.Nf6.Mar	Scandinavian 2...Nf6, Marshall Variation	review	review
B.Fre.Win.Arm	French Winawer, Armenian Variation	review	review
B.Fre.Tar.Gui	French Tarrasch, Guimard Variation	review	review
B.Fre.Adv.Nim	French Advance, Nimzowitsch System	review	review
B.CaK.Adv.Bot	Caro-Kann Advance, Botvinnik-Carls	review	review
B.Pir.Aus.Drg	Pirc Austrian, Dragon Formation	review	review
C.Ita.Evn.Acc.Stn	Evans Accepted, Steinitz Variation	review	review
C.Bsh.Ber	Bishop's Opening, Berlin Defence	review	review
C.Bsh.Cal	Bishop's Opening, Calabrese Countergambit	review	review
C.Pet.Thr.Fou	Petrov Three Knights, Four Knights Transposition	review	review
E.QID.Nim.NAt	QID Nimzowitsch, Nimzowitsch Attack	review	review
E.QID.Nim.Qui	QID Nimzowitsch, Quiet Line	review	review
E.QID.Cls.Krm	QID Classical, Kramnik Variation	review	review
E.Gru.Neo.Exc	Neo-Grünfeld, Exchange Line	review	review
E.Bog.Grn	Bogo-Indian, Grünfeld Variation	review	review
A.Ama.Par	Amar Opening, Paris Gambit	review	review
A.And.Pol	Anderssen's Opening, Polish Gambit	review	review
A.Clm.Spk	Clemenz Opening, Spike Lee Gambit	review	review
A.Kad.Beg	Kádas Opening, Beginner's Trap	review	review
A.Kad.Koo	Kádas Opening, Koola-Koola Variation	review	review
A.Kad.Sch	Kádas Opening, Schneider Gambit	review	review
A.Mie.ReR	Mieses Opening, Reversed Rat	review	review
A.Mie.Ven	Mieses Opening, Venezolana Variation	review	review
A.Lar.Mod	Larsen Attack, Modern Defence	review	review
A.Lon.Psn	London System, Poisoned Pawn	review	review
A.Tor.Nim	Torre Attack, Nimzowitsch Variation	review	review
A.Pol.Out	Polish Opening, Outflank Variation	review	review
B.Sic.Ros.Cls	Sicilian Rossolimo, Classical Variation	review	review
B.Sic.Ros.Nim	Sicilian Rossolimo, Nimzowitsch Variation	review	review
B.Sic.Alp.Nf6	Sicilian Alapin, 2...Nf6	review	review
B.Sic.Alp.Cen	Sicilian Alapin, 2...d5	review	review
B.Sic.SmM.Acc	Smith-Morra Gambit, Accepted	descriptor	editorial_leaf_token
B.Sic.SmM.Dec	Smith-Morra Gambit, Declined	descriptor	editorial_leaf_token
B.Sic.OKe.MLn	Sicilian O'Kelly, Main Line	descriptor	editorial_leaf_token
B.CaK.Pmv.Fch	Caro-Kann Panov, Fianchetto Defence	review	review
B.CaK.Pmv.Nc6	Caro-Kann Panov, Normal Variation	review	review
B.Ale.Fou.Trd	Alekhine Four Pawns, Trifunovic Variation	review	review
B.Pir.Aus.Unz	Pirc Austrian, Unzicker Attack	review	review
B.Fre.Exc.Mon	French Exchange, Monte Carlo Variation	review	review
C.RyL.Ber.Cls	Ruy López Berlin, Classical Variation	review	review
C.RyL.Mor.Ark.Ctr	Ruy López Arkhangelsk, c3 Line	review	review
C.Ita.Pia.Nf6	Giuoco Pianissimo, Nf6 Line	review	review
C.Ita.Pia.Wai	Giuoco Pianissimo, a6 Line	review	review
C.Sco.Cls.Sch	Scotch Classical, Schmidt Variation	review	review
C.Sco.Mie.Ste	Scotch Mieses, Steinitz Variation	review	review
C.Pet.Mod.Stn	Petrov Modern, Steinitz Attack	review	review
C.PhD.Exc	Philidor, Exchange Variation	review	review
C.Bsh.Urs.Kei	Bishop's Urusov, Keidansky Gambit	review	review
C.KGm.Dec.Cls	King's Gambit Declined, Classical Defence	review	review
D.QGA.Cen.McD	QGA Central, McDonnell Defence	review	review
D.QGA.Cen.Gre	QGA Central, Greco Variation	review	review
D.QGA.Cen.Mod	QGA Central, Modern Defence	review	review
D.QGA.Cls.Rub	QGA Classical, Rubinstein Variation	review	review
D.QGA.Cls.Ale	QGA Classical, Alekhine System	review	review
D.Sem.Mar	Semi-Slav, Marshall Gambit	review	review
D.Sem.Mar.MLn	Semi-Slav Marshall, Main Line	person	attributed_to
D.Sem.Bg5.Bot.MLn	Semi-Slav Botvinnik, Main Line	descriptor	editorial_leaf_token
D.STa.End	Semi-Tarrasch, Endgame Variation	review	review
D.QGD.Rag.Bg5	QGD Ragozin, Bg5 Line	review	review
E.Nim.Kas.Euw	Nimzo Kasparov, Euwe Variation	review	review
E.Nim.Sml.OKe	Nimzo Sämisch, O'Kelly Variation	review	review
E.QID.Mod.Brg	QID Modern, Buerger Variation	review	review
E.QID.Cls.Tiv	QID Classical, Tiviakov Defence	review	review
E.KID.Cls.Kor	KID Classical, Korchnoi Attack	review	review
E.OldI.Fch	Old Indian, Fianchetto Variation	review	review
E.Ben.Old.Adv	Old Benoni, Advance Variation	review	review
E.Ben.Old.Sch	Old Benoni, Schmid Variation	review	review
E.Ben.Old.Sna	Old Benoni, Snail Variation	review	review
E.Ben.Old.Zil	Old Benoni, Zilbermints Gambit	review	review
E.Ben.Mod.Snk	Modern Benoni, Snake Variation	review	review
E.Ben.Mod.Tai	Modern Benoni, Taimanov Variation	review	review
A.Hol.Rap	Dutch Defence, Raphael Variation	review	review
A.Hol.Kre	Dutch Defence, Krejčík Gambit	review	review
A.Hol.Alp	Dutch Defence, Alapin Variation	review	review
A.Eng.Sym.Rub	English Symmetrical, Rubinstein Variation	review	review
B.Sic.Dra.Yug.Sol	Sicilian Dragon Yugoslav, Soltis Line	review	review
B.Sic.Dra.Yug.Chn	Sicilian Dragon Yugoslav, Chinese Dragon	review	review
B.Sic.Cls.Soz	Sicilian Classical, Sozin Attack	review	review
B.Sic.Cls.Bol	Sicilian Classical, Boleslavsky Variation	review	review
B.Sic.Kan.Tal	Sicilian Kan, Tal Variation	review	review
B.Sic.Kan.Koc	Sicilian Kan, Kocian Variation	review	review
B.CaK.Cls.Spd	Caro-Kann Classical, Spassky Variation	review	review
B.CaK.Kar.Sml	Caro-Kann Karpov, Smyslov Variation	review	review
B.Ale.Mod.KID	Alekhine Modern, King's Indian Variation	review	review
B.Pir.150.Arg	Pirc 150 Attack, Argentine Setup	review	review
C.RyL.Ber.Wal	Ruy López Berlin, Berlin Wall	review	review
C.RyL.Mor.Ark.Qe2	Ruy López Arkhangelsk, Qe2 Line	review	review
C.RyL.Mor.NeA.Ctr	Ruy López Neo-Arkhangelsk, c3 Line	review	review
C.Ita.Evn.Acc.Mor	Evans Accepted, Morphy Attack	review	review
C.Ita.Two.Ng5.Nxd	Two Knights, Nxd5 Main Line	review	review
C.Sco.Gor.Nc3	Scotch Göring, Nc3 Recapture	review	review
C.Sco.Gbt.Max	Scotch Gambit, Max Lange Setup	review	review
C.Vie.Gbt.Pie	Vienna Gambit, Pierce Gambit	review	review
C.Pet.Coc.Kin	Petrov Cochrane, King Walk	review	review
C.KGm.Acc.Muz.Dbl	King's Gambit Accepted, Double Muzio	review	review
D.QGA.Jan.Fur	QGA Janowski-Larsen, Furman Variation	review	review
D.QGA.Man.MLn	QGA Mannheim, Main Line	descriptor	editorial_leaf_token
D.QGD.Cmb.Yug	QGD Cambridge Springs, Yugoslav Variation	review	review
D.QGD.Lsk.MLn	QGD Lasker, Main Line	descriptor	editorial_leaf_token
D.QGD.Tar.Mak	QGD Tartakower, Makogonov Exchange	review	review
D.Sem.AMe.Bd3	Semi-Slav Anti-Meran, Bd3 Line	review	review
D.Sem.Not.Ant	Semi-Slav Noteboom, Anti-Noteboom Gambit	review	review
D.Sla.Cze.Kra	Slav Czech, Krause Attack	review	review
D.Cat.Cls.Qc2.Btr	Catalan Closed Qc2, b3 Line	review	review
D.Cat.Ope.Bb4.Mod	Catalan Open Bb4+, Modern Line	review	review
E.Nim.Cls.Zur.Mil	Nimzo Classical Zurich, Milner-Barry Line	review	review
E.Nim.Rub.Hub.MLn	Nimzo Rubinstein Hübner, Main Line	descriptor	editorial_leaf_token
E.Nim.Sml.Bot.MLn	Nimzo Sämisch Botvinnik, Main Line	descriptor	editorial_leaf_token
E.QID.Nim.Tim	QID Nimzowitsch, Timman Line	review	review
E.QID.Nim.Int	QID Nimzowitsch, Intermezzo Line	review	review
E.KID.Mak.Krs	KID Makogonov, Keres Setup	review	review
E.KID.Cls.Byn.Nd2	KID Classical Bayonet, Nd2 Line	review	review
E.KID.Fou.MLn	KID Four Pawns, Main Line	descriptor	editorial_leaf_token
E.Blf.Acc.MLn	Blumenfeld Accepted, Main Line	descriptor	editorial_leaf_token
E.OldI.Cls.Cze	Old Indian Classical, Czech Setup	review	review
A.OID	Old Indian Move Order	review	review
A.OID.Wad	Old Indian, Wade Defence	review	review
A.OID.Nf6	Old Indian Move Order, Nf6 Line	review	review
A.Mod	Modern Defence against d4	review	review
A.Mod.Avk	Modern Defence, Averbakh System	review	review
A.Mod.Ran	Modern Defence, Randspringer Variation	review	review
A.Mod.Pte	Modern Defence, Pterodactyl Setup	review	review
A.PQI	Pseudo-Queen's Indian Defence	review	review
A.PQI.Bf4	Pseudo-Queen's Indian, Bf4 Line	review	review
A.PQI.Fch	Pseudo-Queen's Indian, Fianchetto Line	review	review
A.PQI.Tor	Pseudo-Queen's Indian, Torre Line	review	review
A.EID	East Indian Defence	review	review
A.EID.Fch	East Indian Defence, Fianchetto Line	review	review
A.EID.Prz	East Indian Defence, Przepiorka Variation	review	review
A.EID.Col	East Indian Defence, Colle System	review	review
E.Ind	Indian Game	review	review
E.Ind.Tgo	Indian Game, Black Knights' Tango	review	review
E.Ind.Tgo.Nf3	Black Knights' Tango, Nf3 Line	review	review
E.Ind.QID	Indian Game, Accelerated Queen's Indian	review	review
E.Bud	Budapest Defence	review	review
E.Bud.Faj	Budapest, Fajarowicz Variation	review	review
E.Bud.Faj.Bns	Budapest Fajarowicz, Bonsdorf Variation	review	review
E.Bud.Faj.Ste	Budapest Fajarowicz, Steiner Variation	review	review
E.Bud.Adl	Budapest, Adler Variation	review	review
E.Bud.Rub	Budapest, Rubinstein Variation	review	review
E.Bud.Alk	Budapest, Alekhine Variation	review	review
D.QGD.Mar	QGD, Marshall Defence	review	review
D.QGD.Mar.Exc	QGD Marshall, Exchange Line	review	review
D.QGD.Mar.e4	QGD Marshall, e4 Line	review	review
D.QGD.Bal	QGD, Baltic Defence	review	review
D.QGD.Bal.Que	QGD Baltic, Queen Attack	review	review
D.QGD.Bal.Nc3	QGD Baltic, Nc3 Line	review	review
A.Tro.Cls	Trompowsky Attack, Classical Defence	review	review
A.Tro.Rap	Trompowsky Attack, Raptor Variation	review	review
A.Tro.Psn	Trompowsky Attack, Poisoned Pawn	review	review
A.Tor.ClD	Torre Attack, Classical Defence	review	review
A.Tor.Yus	Torre Attack, Yusupov-Rubinstein System	review	review
A.Col.Kol	Colle System, Koltanowski	review	review
A.Col.Zuk	Colle System, Zukertort	review	review
A.Col.Phn	Colle System, Phoenix Attack	review	review
A.Lon.Cls	London System, Classical Line	review	review
A.Lon.Msn	London System, Mason Line	review	review
A.Lon.Job.Nc6	Jobava London, Nc6 Line	review	review
A.Ret.KIA	Réti Opening, KIA Setup	review	review
A.Ret.Nim	Réti Opening, Nimzowitsch-Larsen Setup	review	review
A.Ret.Eng	Réti Opening, English Transposition	review	review
A.KIA.Sic	King's Indian Attack, Sicilian Setup	review	review
A.KIA.Car	King's Indian Attack, Caro-Kann Setup	review	review
D.QPG.Zuk.Col	Queen's Pawn Zukertort, Colle Setup	review	review
D.QPG.Ver	Queen's Pawn Game, Veresov Setup	review	review
C.RyL.Cls.Smy	Ruy López Closed, Smyslov Defence	review	review
C.RyL.Cls.Kho	Ruy López Closed, Kholmov System	review	review
C.RyL.Cls.Cen	Ruy López Closed, Centre Line	review	review
C.RyL.Brk.Qui	Ruy López Breyer, Quiet Variation	review	review
C.RyL.Brk.MLn	Ruy López Breyer, Main Line	descriptor	editorial_leaf_token
C.RyL.Brk.Nh4	Ruy López Breyer, Nh4 Line	review	review
C.RyL.Brk.ZHy	Ruy López Breyer, Zaitsev Hybrid	review	review
C.RyL.Zai.MLn	Ruy López Zaitsev, Main Line	descriptor	editorial_leaf_token
C.RyL.Zai.Flo	Ruy López Zaitsev, Flohr System	review	review
C.RyL.Zai.SmB	Ruy López Zaitsev, Smyslov-Breyer Hybrid	review	review
C.RyL.Cha.MLn	Ruy López Chigorin, Main Line	descriptor	editorial_leaf_token
C.RyL.Cha.Gaj	Ruy López Chigorin, Gajewski Gambit	review	review
C.RyL.Cha.Ker	Ruy López Chigorin, Keres Defence	review	review
C.RyL.Cha.Ros	Ruy López Chigorin, Rossolimo Defence	review	review
C.RyL.Cha.Pan	Ruy López Chigorin, Panov System	review	review
C.RyL.Cha.Yug	Ruy López Chigorin, Yugoslav System	review	review
B.Sic.Cls.Rch.MLn	Richter-Rauzer, Main Line	descriptor	editorial_leaf_token
B.Sic.Cls.Rch.Lip	Richter-Rauzer, Lipnitsky Attack	review	review
B.Sic.Cls.Rch.Psn	Richter-Rauzer, Poisoned Pawn	review	review
B.Sic.Cls.Rch.Drg	Richter-Rauzer, Dragon Setup	review	review
B.Sic.Cls.Rch.Bc4	Richter-Rauzer, Bc4 Line	review	review
B.Sic.Cls.Soz.Vel	Sicilian Sozin, Velimirovic Attack	review	review
B.Sic.Cls.Soz.Fis	Sicilian Sozin, Fischer Line	review	review
B.Sic.Cls.Bol.MLn	Sicilian Boleslavsky, Main Line	descriptor	editorial_leaf_token
B.Sic.Dra.Cls.Nrm	Classical Dragon, Normal Line	review	review
B.Sic.Dra.Cls.Ams	Classical Dragon, Amsterdam Line	review	review
E.Ben.Mod.Cls.MLn	Modern Benoni Classical, Main Line	descriptor	editorial_leaf_token
E.Ben.Mod.Cls.Nd2	Modern Benoni Classical, Nd2 Line	review	review
E.Ben.Mod.Cls.Bg5	Modern Benoni Classical, Bg5 Line	review	review
E.Ben.Mod.Cls.Rb1	Modern Benoni Classical, Rb1 Line	review	review
E.Ben.Mod.Cls.h3	Modern Benoni Classical, h3 Line	review	review
E.Ben.Mod.Fch.MLn	Modern Benoni Fianchetto, Main Line	descriptor	editorial_leaf_token
E.Ben.Mod.Fch.Nd2	Modern Benoni Fianchetto, Nd2 Line	review	review
E.Ben.Mod.Fch.Bf4	Modern Benoni Fianchetto, Bf4 Line	review	review
E.Ben.Mod.Fou.MLn	Modern Benoni Four Pawns, Main Line	descriptor	editorial_leaf_token
D.QGD.Vie.Fur	QGD Vienna, Furman Variation	review	review
D.QGD.Vie.Que	QGD Vienna, Queen Check Line	review	review
D.QGD.Vie.MLn	QGD Vienna, Main Line	descriptor	editorial_leaf_token
D.QGD.Vie.Qa4	QGD Vienna, Qa4 Line	review	review
D.QGD.Ort.MLn	QGD Orthodox, Main Line	descriptor	editorial_leaf_token
D.QGD.Ort.Pil	QGD Orthodox, Pillsbury Attack	review	review
D.QGD.Ort.Te7	QGD Orthodox, Teichmann Line	review	review
D.QGD.Ort.Hne	QGD Orthodox, Henneberger Line	review	review
D.Sla.Cls.MLn	Slav Classical, Main Line	descriptor	editorial_leaf_token
D.Sem.Mer.MLn	Semi-Slav Meran, Main Line	descriptor	editorial_leaf_token
E.KID.Sml.Ort.MLn	KID Sämisch Orthodox, Main Line	descriptor	editorial_leaf_token
E.KID.Sml.Ort.d5	KID Sämisch Orthodox, d5 Line	review	review
E.KID.Sml.Ort.Exc	KID Sämisch Orthodox, Exchange Line	review	review
E.KID.Fch.Yug.MLn	KID Fianchetto Yugoslav, Main Line	descriptor	editorial_leaf_token
E.KID.Fch.Yug.Exc	KID Fianchetto Yugoslav, Exchange Line	review	review
A.Hol.Lng.MLn	Dutch Leningrad, Main Line	descriptor	editorial_leaf_token
A.Hol.Lng.War	Dutch Leningrad, Warsaw Variation	review	review
A.Hol.Lng.Mat	Dutch Leningrad, Matulovic Variation	review	review
A.Hol.Cls.IZh.Win	Dutch Ilyin-Zhenevsky, Winter Variation	review	review
A.Hol.Cls.IZh.Ala	Dutch Ilyin-Zhenevsky, Alatortsev-Lisitsyn	review	review
A.Ver.Cls	Richter-Veresov, Classical Defence	review	review
A.Ver.Ric	Richter-Veresov, Richter Attack	review	review
A.Mik.Eng	Mikėnas Defence, English Transposition	review	review
A.Hor.Ker	Horwitz Defence, Keres Setup	review	review
A.Egl.Cha	Englund Gambit, Charlick Line	review	review
B.Fre.Tar.Cls.MLn	French Tarrasch Closed, Main Line	descriptor	editorial_leaf_token
B.Fre.Tar.Cls.Be7	French Tarrasch Closed, Be7 Line	review	review
B.Fre.Tar.Cls.c5	French Tarrasch Closed, c5 Line	review	review
B.Fre.Tar.Cls.Kor	French Tarrasch Closed, Korchnoi Gambit	review	review
B.Sic.Clo.Fch.MLn	Closed Sicilian Fianchetto, Main Line	descriptor	editorial_leaf_token
B.Sic.Clo.Fch.Bot	Closed Sicilian Fianchetto, Botvinnik Setup	review	review
B.Sic.Clo.Fch.Eng	Closed Sicilian Fianchetto, English Setup	review	review
B.Nim.Col	Nimzowitsch Defence, Colorado Countergambit	review	review
B.OwM.Mat	Owen's Modern, Matovinsky Gambit	review	review
B.Pir.Aus.Byr	Pirc Austrian, Byrne Variation	review	review
C.KGm.Acc.Kie.Lon	Kieseritzky Gambit, Long Whip	review	review
C.KGm.Acc.Bsh.Ble	Bishop's Gambit, Bledow Countergambit	review	review
C.LtO.Gre	Latvian Gambit, Main Line	descriptor	editorial_leaf_token
C.Ele.Pau	Elephant Gambit, Paulsen Countergambit	review	review
C.Pon.Ste	Ponziani Opening, Steinitz Variation	review	review
C.Cen.Ber	Center Game, Berger Variation	review	review
C.Thr.Win	Three Knights, Winawer Defence	review	review
C.PhD.Nim	Philidor, Nimzowitsch Variation	review	review
C.Bsh.Lew	Bishop's Opening, Lewis Countergambit	review	review
C.Sco.Mie.Pot	Scotch Mieses, Potter Line	review	review
D.Alb.Las	Albin Counter-Gambit, Lasker Trap Line	review	review
D.Alb.Nrm	Albin Counter-Gambit, Normal Line	review	review
D.Bgm.Acc.Ryd	Blackmar-Diemer Accepted, Ryder Gambit	review	review
D.Rub.Col	Rubinstein Opening, Colle-Zukertort Setup	review	review
D.QGD.Rag.Vie	QGD Ragozin, Vienna Hybrid	review	review
D.QGD.Tar.MLn	QGD Tartakower, Main Line	descriptor	editorial_leaf_token
D.QGD.Lsk.Te7	QGD Lasker, Teichmann Line	review	review
D.Sla.Exc.MLn	Slav Exchange, Main Line	descriptor	editorial_leaf_token
D.Sla.Che.MLn	Slav Chebanenko, Main Line	descriptor	editorial_leaf_token
D.Sem.Bg5.Bot.Ekf	Semi-Slav Botvinnik, Ekstrom Variation	review	review
E.Gru.Rus.Hng	Grünfeld Russian, Hungarian Variation	review	review
E.Gru.Rus.Leo	Grünfeld Russian, Levenfish Variation	review	review
E.Gru.Fch.MLn	Grünfeld Fianchetto, Main Line	descriptor	editorial_leaf_token
E.Gru.Neo.Kem	Neo-Grünfeld, Kemeri Variation	review	review
E.Nim.Lng.MLn	Nimzo Leningrad, Main Line	descriptor	editorial_leaf_token
E.Nim.Rub.Hub.Rau	Nimzo Hübner, Rauzer Line	review	review
E.KID.Cls.Mar.MLn	KID Mar del Plata, Main Line	descriptor	editorial_leaf_token
E.KID.Cls.Pet.MLn	KID Petrosian, Main Line	descriptor	editorial_leaf_token
E.KID.Fch.Pan.MLn	KID Fianchetto Panno, Main Line	descriptor	editorial_leaf_token
E.KID.Avk.Fle.MLn	KID Averbakh Flexible, Main Line	descriptor	editorial_leaf_token
A.Lar.Cls	Larsen Opening, Classical Line	review	review
A.Lar.Fch	Larsen Opening, Fianchetto Defence	review	review
A.Owe.Fch	Owen Defence, Fianchetto Line	review	review
A.War.Mad	Ware Opening, a5 d5 Line	review	review
A.VtK.FrD	Van't Kruijs, French Transposition	review	review
A.VtK.Sic	Van't Kruijs, Sicilian Transposition	review	review
A.Sod.Dur	Sodium Attack, Durkin Line	review	review
A.Mik.Ker	Mikėnas Defence, Kevitz-Trajkovic Line	review	review
A.Hor.Fch	Horwitz Defence, French Setup	review	review
A.Kan.MLn	Kangaroo Defence, Main Line	descriptor	editorial_leaf_token
A.Kan.Nf3	Kangaroo Defence, Nf3 Line	review	review
A.Egl.Har	Englund Gambit, Hartlaub-Charlick Line	review	review
A.OID.Mod	Old Indian Defence, Modern Line	review	review
A.OID.Nf6.e4	Old Indian Defence, Nf6 e4 Line	review	review
A.Ver.Hub	Veresov Opening, Hübsch Gambit	review	review
B.Brg.Gro	Borg Defence, Grob Transposition	review	review
B.StG.Bas	St George Defence, Basman Line	review	review
B.Lio.Han	Lion Defence, Hanham Setup	review	review
B.Rat.Sma	Rat Defence, Small Centre Line	review	review
B.Car.Ham	Carr Defence, Hammerschlag Line	review	review
B.Gld.Pck	Goldsmith Defence, Picklepuss Line	review	review
B.Hip.Ama	Hippopotamus Defence, Amar Line	review	review
B.War.Mat	Ware Defence, Meadow Line	review	review
B.Nim.ScD	Nimzowitsch Defence, Scandinavian Line	review	review
B.OwM.Smi	Owen's Modern, Smith Line	review	review
C.Dam.Nim	Damiano Defence, Nimzowitsch Gambit	review	review
C.Dam.Ger	Damiano Defence, Gering Line	review	review
C.Ele.Nor	Elephant Gambit, Normal Line	review	review
C.LtO.Bil	Latvian Gambit, Bilguer Variation	review	review
C.Thr.Stn.MLn	Three Knights, Steinitz Main Line	review	review
C.KGm.Dec.Fal.MLn	King's Gambit Declined Falkbeer, Main Line	descriptor	editorial_leaf_token
C.KGm.Acc.All.MLn	King's Gambit Accepted Allgaier, Main Line	descriptor	editorial_leaf_token
C.KGm.Acc.Muz.Coc	Muzio Gambit, Cochrane Line	review	review
C.LtO.Acc.MLn	Latvian Gambit Accepted, Main Line	descriptor	editorial_leaf_token
C.Ele.Pau.MLn	Elephant Gambit Paulsen, Main Line	descriptor	editorial_leaf_token
D.Alb.Las.MLn	Albin Counter-Gambit Lasker, Main Line	descriptor	editorial_leaf_token
D.Alb.Nrm.MLn	Albin Counter-Gambit Normal, Main Line	descriptor	editorial_leaf_token
D.Bgm.Acc.Ryd.MLn	Blackmar-Diemer Ryder, Main Line	descriptor	editorial_leaf_token
D.Bgm.Dec.Lam.MLn	Blackmar-Diemer Declined Lamb, Main Line	descriptor	editorial_leaf_token
D.Rub.Col.MLn	Rubinstein Colle-Zukertort, Main Line	descriptor	editorial_leaf_token
D.QGD.Jan.MLn	QGD Janowski, Main Line	descriptor	editorial_leaf_token
D.QGD.Bal.MLn	QGD Baltic, Main Line	descriptor	editorial_leaf_token
D.Sla.Qui.MLn	Slav Quiet, Main Line	descriptor	editorial_leaf_token
D.Sla.Sch.MLn	Slav Schlechter, Main Line	descriptor	editorial_leaf_token
D.QGD.Mar.MLn	QGD Marshall Defence, Main Line	descriptor	editorial_leaf_token
E.Ind.QID.MLn	Indian Defence, Queen's Indian Main Line	review	review
E.Ind.Tgo.MLn	Indian Defence, Tango Main Line	review	review
E.Gru.Brn.MLn	Grünfeld Brinckmann, Main Line	descriptor	editorial_leaf_token
E.Nim.Rom.MLn	Nimzo Romanishin, Main Line	descriptor	editorial_leaf_token
E.KID.Mak.MLn	KID Makogonov, Main Line	descriptor	editorial_leaf_token
A.Eng.Sym.Hdg.MLn	English Symmetrical Hedgehog, Main Line	descriptor	editorial_leaf_token
A.Eng.Sym.Rub.MLn	English Symmetrical Rubinstein, Main Line	descriptor	editorial_leaf_token
A.Eng.Rev.Fou.MLn	English Four Knights, Main Line	descriptor	editorial_leaf_token
A.Eng.Rev.Bot.MLn	English Botvinnik System, Main Line	descriptor	editorial_leaf_token
A.Eng.Mik.MLn	English Mikėnas-Carls, Main Line	descriptor	editorial_leaf_token
A.Ret.KIA.MLn	Réti KIA Setup, Main Line	descriptor	editorial_leaf_token
A.Ret.Nim.MLn	Réti Nimzowitsch-Larsen, Main Line	descriptor	editorial_leaf_token
A.Lon.Cls.MLn	London Classical, Main Line	descriptor	editorial_leaf_token
A.Col.Kol.MLn	Colle Koltanowski, Main Line	descriptor	editorial_leaf_token
A.Pol.Cen.MLn	Polish Opening Central, Main Line	descriptor	editorial_leaf_token
B.Sic.Naj.Eng.MLn	Najdorf English Attack, Main Line	descriptor	editorial_leaf_token
B.Sic.Naj.Pol.MLn	Najdorf Polugaevsky, Main Line	descriptor	editorial_leaf_token
B.Sic.Dra.Yug.Sol.MLn	Dragon Yugoslav Soltis, Main Line	descriptor	editorial_leaf_token
B.Sic.Dra.Cls.Nrm.MLn	Dragon Classical Normal, Main Line	descriptor	editorial_leaf_token
B.Sic.Acc.Mar.MLn	Accelerated Dragon Maróczy, Main Line	descriptor	editorial_leaf_token
B.Sic.Sch.Eng.MLn	Scheveningen English Attack, Main Line	descriptor	editorial_leaf_token
B.Sic.Kan.Tal.MLn	Kan Tal Variation, Main Line	descriptor	editorial_leaf_token
B.Sic.Ros.Nim.MLn	Rossolimo Nimzowitsch, Main Line	descriptor	editorial_leaf_token
B.Fre.Win.Psn.MLn	French Winawer Poisoned Pawn, Main Line	descriptor	editorial_leaf_token
B.CaK.Adv.Sht.MLn	Caro-Kann Advance Short, Main Line	descriptor	editorial_leaf_token
C.RyL.Mar.MLn	Ruy López Marshall, Main Line	descriptor	editorial_leaf_token
C.RyL.Ber.Wal.End.MLn	Berlin Wall Endgame, Main Line	descriptor	editorial_leaf_token
C.RyL.Mor.Opn.Rig.MLn	Open Spanish Riga, Main Line	descriptor	editorial_leaf_token
C.RyL.Exc.Alk.MLn	Ruy López Exchange Alekhine, Main Line	descriptor	editorial_leaf_token
C.Ita.Giu.Cls.MLn	Italian Classical, Main Line	descriptor	editorial_leaf_token
C.Ita.Evn.Dec.MLn	Evans Declined, Main Line	descriptor	editorial_leaf_token
C.Ita.Pia.Nf6.MLn	Giuoco Pianissimo Nf6, Main Line	descriptor	editorial_leaf_token
C.Pet.Cls.MLn	Petrov Classical, Main Line	descriptor	editorial_leaf_token
C.Pet.Mod.Stn.MLn	Petrov Modern Steinitz, Main Line	descriptor	editorial_leaf_token
C.Sco.Mie.Pot.MLn	Scotch Mieses Potter, Main Line	descriptor	editorial_leaf_token
D.QGD.Ort.Rub.MLn	QGD Orthodox Rubinstein, Main Line	descriptor	editorial_leaf_token
D.QGD.Ort.Cap.MLn	QGD Orthodox Capablanca, Main Line	descriptor	editorial_leaf_token
D.QGD.Tar.Mak.MLn	QGD Tartakower Makogonov, Main Line	descriptor	editorial_leaf_token
D.QGD.Lsk.Te7.MLn	QGD Lasker Teichmann, Main Line	descriptor	editorial_leaf_token
D.Sla.Exc.MLn.e3	Slav Exchange Main Line, e3	review	review
D.Sla.Che.MLn.a4	Slav Chebanenko Main Line, a4	review	review
D.Sem.Mer.Rab.MLn	Semi-Slav Meran Rabinovich, Main Line	descriptor	editorial_leaf_token
D.Sem.Bg5.AMo.MLn	Semi-Slav Anti-Moscow, Main Line	descriptor	editorial_leaf_token
D.QGA.Cls.Rub.MLn	QGA Classical Rubinstein, Main Line	descriptor	editorial_leaf_token
D.Cat.Ope.Yug.MLn	Open Catalan Yugoslav, Main Line	descriptor	editorial_leaf_token
E.Bog.Nim.MLn	Bogo-Indian Nimzowitsch, Main Line	descriptor	editorial_leaf_token
E.Bog.WSm.MLn	Bogo-Indian Wade-Smyslov, Main Line	descriptor	editorial_leaf_token
E.Bud.Adl.MLn	Budapest Adler, Main Line	descriptor	editorial_leaf_token
E.Bud.Rub.MLn	Budapest Rubinstein, Main Line	descriptor	editorial_leaf_token
E.OldI.Cls.MLn	Old Indian Classical, Main Line	descriptor	editorial_leaf_token
E.OldI.Fch.MLn	Old Indian Fianchetto, Main Line	descriptor	editorial_leaf_token
E.Blf.Dec.MLn	Benko Declined, Main Line	descriptor	editorial_leaf_token
E.Blf.Spl.MLn	Benko Splitter, Main Line	descriptor	editorial_leaf_token
E.Nim.Rub.Tai.MLn	Nimzo Rubinstein Taimanov, Main Line	descriptor	editorial_leaf_token
E.QID.Pet.Kas.MLn	Queen's Indian Petrosian Kasparov, Main Line	descriptor	editorial_leaf_token
A.War.Cre	Ware Opening, Creepy Crawly Line	review	review
A.War.Mad.MLn	Ware a5 d5, Main Line	descriptor	editorial_leaf_token
A.And.Cre	Anderssen Opening, Creepy Crawly Line	review	review
A.Clm.Glo	Clemenz Opening, Global Variation	review	review
A.Ama.Par.MLn	Amar Opening Paris, Main Line	descriptor	editorial_leaf_token
A.Sod.Dur.MLn	Sodium Durkin, Main Line	descriptor	editorial_leaf_token
A.Mie.ReR.MLn	Mieses Opening Reversed Rat, Main Line	descriptor	editorial_leaf_token
A.Mie.Ven.MLn	Mieses Opening Venezolana, Main Line	descriptor	editorial_leaf_token
A.Mik.Ker.MLn	Mikėnas Kevitz-Trajkovic, Main Line	descriptor	editorial_leaf_token
A.Kan.MLn.e3	Kangaroo Main Line, e3	review	review
B.Brg.Gro.MLn	Borg Grob Transposition, Main Line	descriptor	editorial_leaf_token
B.StG.Bas.MLn	St George Basman, Main Line	descriptor	editorial_leaf_token
B.Lio.Han.MLn	Lion Hanham Setup, Main Line	descriptor	editorial_leaf_token
B.Rat.Sma.MLn	Rat Small Centre, Main Line	descriptor	editorial_leaf_token
B.Car.Ham.MLn	Carr Hammerschlag, Main Line	descriptor	editorial_leaf_token
B.Gld.Pck.MLn	Goldsmith Picklepuss, Main Line	descriptor	editorial_leaf_token
B.Hip.Ama.MLn	Hippopotamus Amar, Main Line	descriptor	editorial_leaf_token
B.War.Mat.MLn	Ware Defence Meadow, Main Line	descriptor	editorial_leaf_token
B.Mod.Avk.MLn	Modern Averbakh, Main Line	descriptor	editorial_leaf_token
B.OwM.Smi.MLn	Owen's Modern Smith, Main Line	descriptor	editorial_leaf_token
C.Dam.Nim.MLn	Damiano Nimzowitsch, Main Line	descriptor	editorial_leaf_token
C.Dam.Ger.MLn	Damiano Gering, Main Line	descriptor	editorial_leaf_token
C.Pon.Jae.MLn	Ponziani Jaenisch, Main Line	descriptor	editorial_leaf_token
C.Pon.Ste.MLn	Ponziani Steinitz, Main Line	descriptor	editorial_leaf_token
C.Thr.Win.MLn	Three Knights Winawer, Main Line	descriptor	editorial_leaf_token
C.Ele.Nor.MLn	Elephant Normal, Main Line	descriptor	editorial_leaf_token
C.Cen.Dsh.Acc.MLn	Danish Gambit Accepted, Main Line	descriptor	editorial_leaf_token
C.Bsh.Urs.Kei.MLn	Bishop's Opening Urusov Keidansky, Main Line	descriptor	editorial_leaf_token
C.PhD.Nim.MLn	Philidor Nimzowitsch, Main Line	descriptor	editorial_leaf_token
C.Vie.Gbt.Fal.MLn	Vienna Gambit Falkbeer, Main Line	descriptor	editorial_leaf_token
D.QGD.Ort.Hne.Cap	QGD Orthodox Henneberger, Capture Line	review	review
D.QGD.Tar.MLn.Bd3	QGD Tartakower Main Line, Bd3	review	review
D.Sla.Cls.MLn.e4	Slav Classical Main Line, e4	review	review
D.Sla.Qui.MLn.Bd3	Slav Quiet Main Line, Bd3	review	review
D.Sem.Bg5.Bot.Ekf.MLn	Semi-Slav Botvinnik Ekstrom, Main Line	descriptor	editorial_leaf_token
D.Sem.Mer.Lun.MLn	Semi-Slav Meran Lundin, Main Line	descriptor	editorial_leaf_token
D.QGA.Cen.Mod.MLn	QGA Central Modern, Main Line	descriptor	editorial_leaf_token
D.Cat.Cls.Kor.MLn	Closed Catalan Korchnoi, Main Line	descriptor	editorial_leaf_token
D.QPG.Zuk.Col.MLn	Queen's Pawn Zukertort Colle, Main Line	descriptor	editorial_leaf_token
D.Bgm.Acc.Ryd.MLn.Be3	Blackmar-Diemer Ryder Main Line, Be3	review	review
E.Bog.Nim.MLn.Be2	Bogo-Indian Nimzowitsch Main Line, Be2	review	review
E.Bud.Adl.MLn.e3	Budapest Adler Main Line, e3	review	review
E.OldI.Cls.MLn.Re1	Old Indian Classical Main Line, Re1	review	review
E.Blf.Dec.MLn.e3	Benko Declined Main Line, e3	review	review
E.Nim.Rub.Tai.MLn.Qc2	Nimzo Taimanov Main Line, Qc2	review	review
E.QID.Pet.Kas.MLn.e4	Queen's Indian Petrosian Kasparov Main Line, e4	review	review
E.KID.Mak.MLn.Be2	KID Makogonov Main Line, Be2	review	review
E.Gru.Brn.MLn.Be2	Grünfeld Brinckmann Main Line, Be2	review	review
E.Nim.Rom.MLn.Nf3	Nimzo Romanishin Main Line, Nf3	review	review
E.Ind.Tgo.MLn.Nc3	Tango Main Line, Nc3	review	review
A.Owe.Fch.MLn	Owen Defence Fianchetto, Main Line	descriptor	editorial_leaf_token
A.VtK.FrD.MLn	Van't Kruijs French Transposition, Main Line	descriptor	editorial_leaf_token
A.VtK.Sic.MLn	Van't Kruijs Sicilian Transposition, Main Line	descriptor	editorial_leaf_token
A.Hor.Ker.MLn	Horwitz Keres Defence, Main Line	descriptor	editorial_leaf_token
A.Hor.Fch.MLn	Horwitz French Setup, Main Line	descriptor	editorial_leaf_token
A.And.Pol.MLn	Anderssen Polish Line, Main Line	descriptor	editorial_leaf_token
A.Clm.Spk.MLn	Clemenz Spike Line, Main Line	descriptor	editorial_leaf_token
A.Egl.Har.MLn	Englund Hartlaub-Charlick, Main Line	descriptor	editorial_leaf_token
A.OID.Mod.MLn	Old Indian Modern, Main Line	descriptor	editorial_leaf_token
A.Ret.KIA.MLn.e4	Réti KIA Main Line, e4	review	review
B.Nim.Ken.MLn	Nimzowitsch Kennedy, Main Line	descriptor	editorial_leaf_token
B.Nim.ScD.MLn	Nimzowitsch Scandinavian, Main Line	descriptor	editorial_leaf_token
B.Nim.Col.MLn	Nimzowitsch Colorado, Main Line	descriptor	editorial_leaf_token
B.Mod.Tig.MLn	Modern Tiger, Main Line	descriptor	editorial_leaf_token
B.Mod.Pte.MLn	Modern Pterodactyl, Main Line	descriptor	editorial_leaf_token
B.OwM.Mat.MLn	Owen's Modern Matovinsky, Main Line	descriptor	editorial_leaf_token
B.OwM.Eng.MLn	Owen's Modern English Setup, Main Line	descriptor	editorial_leaf_token
B.Sca.Mod.Mie.MLn	Scandinavian Mieses-Kotrc, Main Line	descriptor	editorial_leaf_token
B.Ale.Mod.KID.MLn	Alekhine Modern King's Indian, Main Line	descriptor	editorial_leaf_token
B.Pir.150.Arg.MLn	Pirc 150 Argentine, Main Line	descriptor	editorial_leaf_token
C.KPO.Kgt.MLn	King's Knight Opening, Main Line	descriptor	editorial_leaf_token
C.KPO.Nap.MLn	Napoleon Opening, Main Line	descriptor	editorial_leaf_token
C.KPO.Prt.MLn	Portuguese Opening, Main Line	descriptor	editorial_leaf_token
C.Fou.Glk.MLn	Four Knights Glek, Main Line	descriptor	editorial_leaf_token
C.Fou.Sco.Bel.MLn	Four Knights Belgrade, Main Line	descriptor	editorial_leaf_token
C.Fou.Spa.Rub.MLn	Four Knights Spanish Rubinstein, Main Line	descriptor	editorial_leaf_token
C.Sco.Gor.Nc3.MLn	Scotch Göring Nc3, Main Line	descriptor	editorial_leaf_token
C.Sco.Gbt.Max.MLn	Scotch Gambit Max Lange, Main Line	descriptor	editorial_leaf_token
C.KGm.Dec.Cls.MLn	King's Gambit Declined Classical, Main Line	descriptor	editorial_leaf_token
C.KGm.Acc.Muz.Dbl.MLn	Double Muzio Gambit, Main Line	person	attributed_to
D.Chi.MLn.e3	Chigorin Main Line, e3	review	review
D.Chi.Exc.MLn	Chigorin Exchange, Main Line	descriptor	editorial_leaf_token
D.Tar.Cls.MLn	Tarrasch Classical, Main Line	descriptor	editorial_leaf_token
D.Tar.Prg.MLn	Tarrasch Prague, Main Line	descriptor	editorial_leaf_token
D.STa.Exc.MLn	Semi-Tarrasch Exchange, Main Line	descriptor	editorial_leaf_token
D.STa.Pil.MLn	Semi-Tarrasch Pillsbury, Main Line	descriptor	editorial_leaf_token
D.QGA.Old.MLn	QGA Old Variation, Main Line	descriptor	editorial_leaf_token
D.QGA.Ale.MLn	QGA Alekhine System, Main Line	descriptor	editorial_leaf_token
D.Cat.Ope.Qa4.MLn	Open Catalan Qa4, Main Line	descriptor	editorial_leaf_token
D.Bgm.Dec.Lam.MLn.Qd2	Blackmar-Diemer Lamb Main Line, Qd2	review	review
E.KID.Cls.Mar.MLn.Nd3	KID Mar del Plata Main Line, Nd3	review	review
E.KID.Cls.Pet.MLn.c5	KID Petrosian Main Line, c5	review	review
E.KID.Fch.Pan.MLn.b3	KID Fianchetto Panno Main Line, b3	review	review
E.KID.Fou.MLn.Cap	KID Four Pawns Main Line, Capture Line	review	review
E.Gru.Exc.Cla.MLn	Grünfeld Exchange Classical, Main Line	descriptor	editorial_leaf_token
E.Gru.Rus.Hng.Be2	Grünfeld Russian Hungarian, Be2 Line	review	review
E.QID.Mod.Fch.MLn	QID Modern Fianchetto, Main Line	descriptor	editorial_leaf_token
E.QID.Nim.Tim.MLn	QID Nimzowitsch Timman, Main Line	descriptor	editorial_leaf_token
E.Bog.Ret.Fch.MLn	Bogo-Indian Retreat Fianchetto, Main Line	descriptor	editorial_leaf_token
E.Ind.QID.MLn.e3	Accelerated Queen's Indian Main Line, e3	review	review
A.Ama.Par.MLn.Nf6	Amar Paris Main Line, Nf6	review	review
A.Sod.Dur.MLn.Nc6	Sodium Durkin Main Line, Nc6	review	review
A.Owe.Fch.MLn.Ne2	Owen Fianchetto Main Line, Ne2	review	review
A.VtK.FrD.MLn.Bd6	Van't Kruijs French Main Line, Bd6	review	review
A.VtK.Sic.MLn.Nf6	Van't Kruijs Sicilian Main Line, Nf6	review	review
A.Hor.Ker.MLn.a3	Horwitz Keres Main Line, a3	review	review
A.Hor.Fch.MLn.Nf3	Horwitz French Main Line, Nf3	review	review
A.And.Pol.MLn.e5	Anderssen Polish Main Line, e5	review	review
A.Clm.Spk.MLn.d5	Clemenz Spike Main Line, d5	review	review
A.Ret.KIA.MLn.e4.c5	Réti KIA Main Line, e4 c5	review	review
B.Nim.Ken.MLn.Nf3	Nimzowitsch Kennedy Main Line, Nf3	review	review
B.Nim.ScD.MLn.Nf3	Nimzowitsch Scandinavian Main Line, Nf3	review	review
B.Nim.Col.MLn.d4	Nimzowitsch Colorado Main Line, d4	review	review
B.Mod.Tig.MLn.e5	Modern Tiger Main Line, e5	review	review
B.Mod.Pte.MLn.Bc3	Modern Pterodactyl Main Line, Bc3	review	review
B.OwM.Mat.MLn.c3	Owen's Modern Matovinsky Main Line, c3	review	review
B.OwM.Eng.MLn.Bd3	Owen's Modern English Setup Main Line, Bd3	review	review
B.Sca.Mod.Mie.MLn.Bc4	Scandinavian Mieses-Kotrc Main Line, Bc4	review	review
B.Ale.Mod.KID.MLn.cxd6	Alekhine Modern King's Indian Main Line, cxd6	review	review
B.Pir.150.Arg.MLn.Lng	Pirc 150 Argentine Main Line, Long Castle	review	review
C.KPO.Kgt.MLn.a3	King's Knight Main Line, a3	review	review
C.KPO.Nap.MLn.Nf6	Napoleon Main Line, Nf6	review	review
C.KPO.Prt.MLn.c6	Portuguese Main Line, c6	review	review
C.Fou.Glk.MLn.Bg2	Four Knights Glek Main Line, Bg2	review	review
C.Fou.Sco.Bel.MLn.Nxd4	Belgrade Gambit Main Line, Nxd4	review	review
C.Fou.Spa.Rub.MLn.b5	Four Knights Rubinstein Main Line, b5	review	review
C.Sco.Gor.Nc3.MLn.Bd3	Scotch Göring Nc3 Main Line, Bd3	review	review
C.Sco.Gbt.Max.MLn.c3	Scotch Gambit Max Lange Main Line, c3	review	review
C.KGm.Dec.Cls.MLn.d4	King's Gambit Declined Classical Main Line, d4	review	review
C.KGm.Acc.Muz.Dbl.MLn.Nf6	Double Muzio Main Line, Nf6	review	review
D.Chi.MLn.e3.Nf6	Chigorin Main Line e3, Nf6	review	review
D.Chi.Exc.MLn.e3	Chigorin Exchange Main Line, e3	review	review
D.Tar.Cls.MLn.Re8	Tarrasch Classical Main Line, Re8	review	review
D.Tar.Prg.MLn.Nxd4	Tarrasch Prague Main Line, Nxd4	review	review
D.STa.Exc.MLn.Nxc3	Semi-Tarrasch Exchange Main Line, Nxc3	review	review
D.STa.Pil.MLn.Nxd4	Semi-Tarrasch Pillsbury Main Line, Nxd4	review	review
D.QGA.Old.MLn.exd4	QGA Old Main Line, exd4	review	review
D.QGA.Ale.MLn.Bb3	QGA Alekhine Main Line, Bb3	review	review
D.Cat.Ope.Qa4.MLn.c5	Open Catalan Qa4 Main Line, c5	review	review
D.Bgm.Dec.Lam.MLn.Qd2.e6	Blackmar-Diemer Lamb Qd2 Line, e6	review	review
E.QID.Nim.Tim.MLn.Nc3	QID Nimzowitsch Timman Main Line, Nc3	review	review
E.Bog.Ret.Fch.MLn.O-O	Bogo-Indian Retreat Fianchetto Main Line, O-O	review	review
E.Ind.QID.MLn.e3.Be7	Accelerated Queen's Indian e3 Line, Be7	review	review
E.KID.Cls.Mar.MLn.Nd3.f5	KID Mar del Plata Nd3 Line, f5	review	review
E.KID.Cls.Pet.MLn.c5.Na6	KID Petrosian c5 Line, Na6	review	review
E.KID.Fch.Pan.MLn.b3.Bd7	KID Fianchetto Panno b3 Line, Bd7	review	review
E.KID.Fou.MLn.Cap.fxe6	KID Four Pawns Capture Line, fxe6	review	review
E.Gru.Exc.Cla.MLn.O-O	Grünfeld Exchange Classical Main Line, O-O	review	review
E.Gru.Rus.Hng.Be2.Nc6	Grünfeld Russian Hungarian Be2 Line, Nc6	review	review
E.QID.Mod.Fch.MLn.d5	QID Modern Fianchetto Main Line, d5	review	review
A.Ama.Par.MLn.Nf6.d4.Nc6	Amar Paris d4 Line, Nc6	review	review
A.Sod.Dur.MLn.Nc6.g3.Nf6	Sodium Durkin g3 Line, Nf6	review	review
A.Owe.Fch.MLn.Ne2.a6.Bd3	Owen Fianchetto a6 Line, Bd3	review	review
A.VtK.FrD.MLn.Bd6.Bd3.Nf6	Van't Kruijs French Bd3 Line, Nf6	review	review
A.VtK.Sic.MLn.Nf6.Bg5.Be7	Van't Kruijs Sicilian Bg5 Line, Be7	review	review
A.Hor.Ker.MLn.a3.Bd6.e3	Horwitz Keres Bd6 Line, e3	review	review
A.Hor.Fch.MLn.Nf3.Be7.e3	Horwitz French Be7 Line, e3	review	review
A.And.Pol.MLn.e5.Bb2.Nf6	Anderssen Polish Bb2 Line, Nf6	review	review
A.Clm.Spk.MLn.d5.Bg2.Nf6	Clemenz Spike Bg2 Line, Nf6	review	review
A.Ret.KIA.MLn.e4.c5.b6	Réti KIA e4 c5 Line, b6	review	review
B.Nim.Ken.MLn.Nf3.d6.Nc3	Nimzowitsch Kennedy d6 Line, Nc3	review	review
B.Nim.ScD.MLn.Nf3.e6.Be2	Nimzowitsch Scandinavian e6 Line, Be2	review	review
B.Nim.Col.MLn.d4.Bxf5.Bd3	Nimzowitsch Colorado Bxf5 Line, Bd3	review	review
B.Mod.Tig.MLn.e5.Nd7.Bd3	Modern Tiger Nd7 Line, Bd3	review	review
B.Mod.Pte.MLn.Bc3.cxd4.Nxd4	Modern Pterodactyl cxd4 Line, Nxd4	review	review
B.OwM.Mat.MLn.c3.Nf6.Bg5	Owen's Modern Matovinsky Nf6 Line, Bg5	review	review
B.OwM.Eng.MLn.Bd3.Nf6.O-O	Owen's Modern English Nf6 Line, O-O	review	review
B.Sca.Mod.Mie.MLn.Bc4.e6	Scandinavian Mieses-Kotrc Bc4 Line, e6	review	review
B.Ale.Mod.KID.MLn.cxd6.Be2	Alekhine Modern KID cxd6 Line, Be2	review	review
B.Pir.150.Arg.MLn.Lng.Nbd7	Pirc 150 Argentine Long Castle, Nbd7	review	review
C.KPO.Nap.MLn.Nf6.Nc3.Bc5	Napoleon Nc3 Line, Bc5	review	review
C.KPO.Prt.MLn.c6.Ba4.d6	Portuguese Ba4 Line, d6	review	review
C.Fou.Glk.MLn.Bg2.dxe4.Nxe4	Four Knights Glek dxe4 Line, Nxe4	review	review
C.Fou.Sco.Bel.MLn.Nxd4.d6	Belgrade Gambit Nxd4 Line, d6	review	review
C.Fou.Spa.Rub.MLn.b5.Nxb5	Four Knights Rubinstein b5 Line, Nxb5	review	review
C.Sco.Gor.Nc3.MLn.Bd3.d6	Scotch Göring Bd3 Line, d6	review	review
C.Sco.Gbt.Max.MLn.c3.dxc3	Scotch Gambit Max Lange c3 Line, dxc3	review	review
C.KGm.Dec.Cls.MLn.d4.Bb6	King's Gambit Declined Classical d4 Line, Bb6	review	review
C.KGm.Acc.Muz.Coc.exd5.Nf6	Muzio Cochrane exd5 Line, Nf6	review	review
D.Chi.MLn.e3.Nf6.Nc3	Chigorin e3 Nf6 Line, Nc3	review	review
D.Chi.Exc.MLn.e3.Qd8.Nf3	Chigorin Exchange Qd8 Line, Nf3	review	review
D.Tar.Cls.MLn.Re8.Re1	Tarrasch Classical Re8 Line, Re1	review	review
D.Tar.Prg.MLn.Nxd4.Qb6	Tarrasch Prague Nxd4 Line, Qb6	review	review
D.STa.Exc.MLn.Nxc3.Qb3	Semi-Tarrasch Exchange Nxc3 Line, Qb3	review	review
D.STa.Pil.MLn.Nxd4.a6	Semi-Tarrasch Pillsbury Nxd4 Line, a6	review	review
D.QGA.Old.MLn.exd4.Be7	QGA Old exd4 Line, Be7	review	review
D.QGA.Ale.MLn.Bb3.e6	QGA Alekhine Bb3 Line, e6	review	review
D.Cat.Ope.Qa4.MLn.c5.dxc5	Open Catalan Qa4 c5 Line, dxc5	review	review
D.Bgm.Acc.Ryd.MLn.Be3.Qd6	Blackmar-Diemer Ryder Be3 Line, Qd6	review	review
E.QID.Nim.Tim.MLn.Nc3.d5	QID Timman Nc3 Line, d5	review	review
E.Bog.Ret.Fch.MLn.O-O.Nc3	Bogo-Indian Retreat O-O Line, Nc3	review	review
E.Ind.QID.MLn.e3.Be7.Be2	Accelerated Queen's Indian Be7 Line, Be2	review	review
E.KID.Cls.Mar.MLn.Nd3.c5	KID Mar del Plata Nd3 Line, c5	review	review
E.KID.Fch.Pan.MLn.b3.Re8	KID Fianchetto Panno b3 Line, Re8	review	review
E.KID.Fou.MLn.Cap.fxe6.Be3	KID Four Pawns fxe6 Line, Be3	review	review
E.Gru.Exc.Cla.MLn.O-O.Qc2	Grünfeld Exchange Classical O-O Line, Qc2	review	review
E.Gru.Rus.Hng.Be2.Nc6.h3	Grünfeld Russian Hungarian Nc6 Line, h3	review	review
E.QID.Mod.Fch.MLn.d5.Ne5	QID Modern Fianchetto d5 Line, Ne5	review	review
E.Nim.Rub.Tai.MLn.Qc2.c5	Nimzo Taimanov Qc2 Line, c5	review	review
A.Ama.Par.MLn.Nf6.d4	Amar Paris Nf6 Line, d4	review	review
A.Sod.Dur.MLn.Nc6.g3	Sodium Durkin Nc6 Line, g3	review	review
A.Owe.Fch.MLn.Ne2.a6	Owen Fianchetto Ne2 Line, a6	review	review
A.VtK.FrD.MLn.Bd6.Bd3	Van't Kruijs French Bd6 Line, Bd3	review	review
A.VtK.Sic.MLn.Nf6.Bg5	Van't Kruijs Sicilian Nf6 Line, Bg5	review	review
A.Hor.Ker.MLn.a3.Bd6	Horwitz Keres a3 Line, Bd6	review	review
A.Hor.Fch.MLn.Nf3.Be7	Horwitz French Nf3 Line, Be7	review	review
A.And.Pol.MLn.e5.Bb2	Anderssen Polish e5 Line, Bb2	review	review
A.Clm.Spk.MLn.d5.Bg2	Clemenz Spike d5 Line, Bg2	review	review
A.Ret.KIA.MLn.e4.c5.Nc6	Réti KIA e4 c5 Line, Nc6	review	review
B.Nim.Ken.MLn.Nf3.d6	Nimzowitsch Kennedy Nf3 Line, d6	review	review
B.Nim.ScD.MLn.Nf3.e6	Nimzowitsch Scandinavian Nf3 Line, e6	review	review
B.Nim.Col.MLn.d4.Bxf5	Nimzowitsch Colorado d4 Line, Bxf5	review	review
B.Mod.Tig.MLn.e5.Nd7	Modern Tiger e5 Line, Nd7	review	review
B.Mod.Pte.MLn.Bc3.cxd4	Modern Pterodactyl Bc3 Line, cxd4	review	review
B.OwM.Mat.MLn.c3.Nf6	Owen's Modern Matovinsky c3 Line, Nf6	review	review
B.OwM.Eng.MLn.Bd3.Nf6	Owen's Modern English Bd3 Line, Nf6	review	review
B.Sca.Mod.Mie.MLn.Bc4.Bg4	Scandinavian Mieses-Kotrc Bc4 Line, Bg4	review	review
B.Ale.Mod.KID.MLn.cxd6.Bg7	Alekhine Modern KID cxd6 Line, Bg7	review	review
B.Pir.150.Arg.MLn.Lng.a5	Pirc 150 Argentine Long Castle, a5	review	review
C.KPO.Kgt.MLn.a3.Nf6	King's Knight a3 Line, Nf6	review	review
C.KPO.Nap.MLn.Nf6.Nc3	Napoleon Nf6 Line, Nc3	review	review
C.KPO.Prt.MLn.c6.Ba4	Portuguese c6 Line, Ba4	review	review
C.Fou.Glk.MLn.Bg2.dxe4	Four Knights Glek Bg2 Line, dxe4	review	review
C.Fou.Sco.Bel.MLn.Nxd4.Bc5	Belgrade Gambit Nxd4 Line, Bc5	review	review
C.Fou.Spa.Rub.MLn.b5.Bb3	Four Knights Rubinstein b5 Line, Bb3	review	review
C.Sco.Gor.Nc3.MLn.Bd3.Nf6	Scotch Göring Bd3 Line, Nf6	review	review
C.Sco.Gbt.Max.MLn.c3.Nf6	Scotch Gambit Max Lange c3 Line, Nf6	review	review
C.KGm.Dec.Cls.MLn.d4.exd4	King's Gambit Declined Classical d4 Line, exd4	review	review
C.KGm.Acc.Muz.Coc.exd5	Muzio Cochrane Line, exd5	review	review
D.Chi.MLn.e3.Nf6.Be2	Chigorin e3 Nf6 Line, Be2	review	review
D.Chi.Exc.MLn.e3.Qd8	Chigorin Exchange e3 Line, Qd8	review	review
D.Tar.Cls.MLn.Re8.Be3	Tarrasch Classical Re8 Line, Be3	review	review
D.Tar.Prg.MLn.Nxd4.Be6	Tarrasch Prague Nxd4 Line, Be6	review	review
D.STa.Exc.MLn.Nxc3.bxc3	Semi-Tarrasch Exchange Nxc3 Line, bxc3	review	review
D.STa.Pil.MLn.Nxd4.Be7	Semi-Tarrasch Pillsbury Nxd4 Line, Be7	review	review
D.QGA.Old.MLn.exd4.Nf6	QGA Old exd4 Line, Nf6	review	review
D.QGA.Ale.MLn.Bb3.Nc6	QGA Alekhine Bb3 Line, Nc6	review	review
D.Cat.Ope.Qa4.MLn.c5.O-O	Open Catalan Qa4 c5 Line, O-O	review	review
D.Bgm.Acc.Ryd.MLn.Be3.Nc6	Blackmar-Diemer Ryder Be3 Line, Nc6	review	review
E.QID.Nim.Tim.MLn.Nc3.O-O	QID Timman Nc3 Line, O-O	review	review
E.Bog.Ret.Fch.MLn.O-O.d5	Bogo-Indian Retreat O-O Line, d5	review	review
E.Ind.QID.MLn.e3.Be7.Bd3	Accelerated Queen's Indian Be7 Line, Bd3	review	review
E.KID.Cls.Mar.MLn.Nd3.h6	KID Mar del Plata Nd3 Line, h6	review	review
E.KID.Cls.Pet.MLn.c5.c6	KID Petrosian c5 Line, c6	review	review
E.KID.Fch.Pan.MLn.b3.b5	KID Fianchetto Panno b3 Line, b5	review	review
E.KID.Fou.MLn.Cap.fxe6.Be2	KID Four Pawns fxe6 Line, Be2	review	review
E.Gru.Exc.Cla.MLn.O-O.e5	Grünfeld Exchange Classical O-O Line, e5	review	review
E.Gru.Rus.Hng.Be2.Nc6.O-O	Grünfeld Russian Hungarian Nc6 Line, O-O	review	review
E.QID.Mod.Fch.MLn.d5.cxd5	QID Modern Fianchetto d5 Line, cxd5	review	review
E.Ben.Mod.Cls.MLn.Re1	Modern Benoni Classical Main Line, Re1	review	review
E.Ben.Mod.Cls.MLn.h3	Modern Benoni Classical Main Line, h3	review	review
E.Ben.Mod.Fch.MLn.O-O	Modern Benoni Fianchetto Main Line, O-O	review	review
E.Ben.Mod.Fch.MLn.h3	Modern Benoni Fianchetto Main Line, h3	review	review
E.Ben.Mod.Fou.MLn.Be3	Modern Benoni Four Pawns Main Line, Be3	review	review
E.Ben.Mod.Fou.MLn.Bd3	Modern Benoni Four Pawns Main Line, Bd3	review	review
A.Eng.Sym.Hdg.MLn.b3	English Symmetrical Hedgehog Main Line, b3	review	review
A.Eng.Sym.Hdg.MLn.Qa4	English Symmetrical Hedgehog Main Line, Qa4	review	review
A.Eng.Sym.Rub.MLn.Be2	English Symmetrical Rubinstein Main Line, Be2	review	review
A.Eng.Rev.Fou.MLn.Bg2	English Reversed Four Knights Main Line, Bg2	review	review
B.Sic.Cls.Rch.MLn.Kb1	Sicilian Classical Richter-Rauzer Main Line, Kb1	review	review
B.Sic.Cls.Bol.MLn.Be3	Sicilian Classical Boleslavsky Main Line, Be3	review	review
B.Fre.Tar.Cls.MLn.Ngf3	French Tarrasch Classical Main Line, Ngf3	review	review
B.Sic.Clo.Fch.MLn.Nge2	Closed Sicilian Fianchetto Main Line, Nge2	review	review
B.Sic.Naj.Eng.MLn.f3	Sicilian Najdorf English Attack Main Line, f3	review	review
B.Sic.Naj.Pol.MLn.Qf3	Sicilian Najdorf Poisoned Pawn Main Line, Qf3	review	review
B.Sic.Dra.Yug.Sol.MLn.Bb3	Sicilian Dragon Yugoslav Soltis Main Line, Bb3	review	review
B.Sic.Dra.Cls.Nrm.MLn.Qd2	Sicilian Dragon Classical Normal Main Line, Qd2	review	review
B.Sic.Acc.Mar.MLn.Be3	Accelerated Dragon Maróczy Main Line, Be3	review	review
B.Fre.Win.Psn.MLn.Nf3	French Winawer Poisoned Pawn Main Line, Nf3	review	review
C.RyL.Mor.Opn.Rig.MLn.Re1	Ruy López Open Riga Main Line, Re1	review	review
C.RyL.Exc.Alk.MLn.Nc3	Ruy López Exchange Alekhine Main Line, Nc3	review	review
C.Ita.Giu.Cls.MLn.Nc3	Italian Giuoco Piano Classical Main Line, Nc3	review	review
C.Ita.Evn.Dec.MLn.O-O	Evans Gambit Declined Main Line, O-O	review	review
C.Ita.Pia.Nf6.MLn.Re1	Italian Pianissimo Nf6 Main Line, Re1	review	review
C.Pet.Mod.Stn.MLn.Re1	Petroff Modern Steinitz Main Line, Re1	review	review
C.Sco.Mie.Pot.MLn.Kb1	Scotch Mieses Potter Main Line, Kb1	review	review
C.Cen.Dsh.Acc.MLn.Nxc3	Danish Gambit Accepted Main Line, Nxc3	review	review
C.Bsh.Urs.Kei.MLn.Re1	Urusov Gambit Keidansky Main Line, Re1	review	review
C.Vie.Gbt.Fal.MLn.Nf3	Vienna Gambit Falkbeer Main Line, Nf3	review	review
D.QGD.Ort.Rub.MLn.Re1	QGD Orthodox Rubinstein Main Line, Re1	review	review
D.QGD.Ort.Cap.MLn.O-O	QGD Orthodox Capablanca Main Line, O-O	review	review
D.QGD.Tar.Mak.MLn.Re1	QGD Tartakower Makogonov Main Line, Re1	review	review
D.QGD.Lsk.Te7.MLn.O-O	QGD Lasker Te7 Main Line, O-O	review	review
D.Sla.Exc.MLn.e3.Nf3	Slav Exchange e3 Line, Nf3	review	review
D.Sem.Mer.Rab.MLn.O-O	Semi-Slav Meran Rabinovich Main Line, O-O	review	review
D.Sem.Bg5.AMo.MLn.Be2	Semi-Slav Anti-Moscow Main Line, Be2	review	review
D.QGA.Cls.Rub.MLn.Qe2	QGA Classical Rubinstein Main Line, Qe2	review	review
D.Cat.Ope.Yug.MLn.Qxc4	Open Catalan Yugoslav Main Line, Qxc4	review	review
D.QPG.Zuk.Col.MLn.O-O	Zukertort Colle Main Line, O-O	review	review
E.Nim.Rub.Hub.MLn.O-O	Nimzo-Indian Rubinstein Hübner Main Line, O-O	review	review
E.Nim.Sml.Bot.MLn.Bd3	Nimzo-Indian Sämisch Botvinnik Main Line, Bd3	review	review
E.KID.Sml.Ort.MLn.Qd2	KID Sämisch Orthodox Main Line, Qd2	review	review
E.KID.Sml.Ort.d5.Nge2	KID Sämisch Orthodox d5 Line, Nge2	review	review
E.KID.Fch.Yug.MLn.d5	KID Fianchetto Yugoslav Main Line, d5	review	review
E.KID.Cls.Mar.MLn.f3	KID Mar del Plata Main Line, f3	review	review
E.KID.Cls.Pet.MLn.Ne1	KID Petrosian Main Line, Ne1	review	review
E.KID.Fch.Pan.MLn.e4	KID Fianchetto Panno Main Line, e4	review	review
E.QID.Pet.Kas.MLn.Nc3	QID Petrosian Kasparov Main Line, Nc3	review	review
E.Bud.Adl.MLn.e3.Be2	Budapest Adler e3 Line, Be2	review	review
E.Ben.Mod.Cls.MLn.Re1.Nbd7	Modern Benoni Classical Re1 Line, Nbd7	review	review
E.Ben.Mod.Cls.MLn.h3.Re8	Modern Benoni Classical h3 Line, Re8	review	review
E.Ben.Mod.Fch.MLn.O-O.Nbd7	Modern Benoni Fianchetto O-O Line, Nbd7	review	review
E.Ben.Mod.Fch.MLn.h3.Re8	Modern Benoni Fianchetto h3 Line, Re8	review	review
E.Ben.Mod.Fou.MLn.Be3.Re8	Modern Benoni Four Pawns Be3 Line, Re8	review	review
E.Ben.Mod.Fou.MLn.Bd3.Na6	Modern Benoni Four Pawns Bd3 Line, Na6	review	review
A.Eng.Sym.Hdg.MLn.b3.O-O	English Symmetrical Hedgehog b3 Line, O-O	review	review
A.Eng.Sym.Hdg.MLn.Qa4.O-O	English Symmetrical Hedgehog Qa4 Line, O-O	review	review
A.Eng.Sym.Rub.MLn.Be2.O-O	English Symmetrical Rubinstein Be2 Line, O-O	review	review
A.Eng.Rev.Fou.MLn.Bg2.Nb6	English Reversed Four Knights Bg2 Line, Nb6	review	review
B.Sic.Cls.Rch.MLn.Kb1.Bd7	Sicilian Classical Richter-Rauzer Kb1 Line, Bd7	review	review
B.Sic.Cls.Bol.MLn.Be3.Be6	Sicilian Classical Boleslavsky Be3 Line, Be6	review	review
B.Fre.Tar.Cls.MLn.Ngf3.c5	French Tarrasch Classical Ngf3 Line, c5	review	review
B.Sic.Clo.Fch.MLn.Nge2.e6	Closed Sicilian Fianchetto Nge2 Line, e6	review	review
B.Sic.Naj.Eng.MLn.f3.Nbd7	Sicilian Najdorf English Attack f3 Line, Nbd7	review	review
B.Sic.Naj.Pol.MLn.Qf3.Bb7	Sicilian Najdorf Poisoned Pawn Qf3 Line, Bb7	review	review
B.Sic.Dra.Yug.Sol.MLn.h4	Sicilian Dragon Yugoslav Soltis Main Line, h4	review	review
B.Sic.Dra.Cls.Nrm.MLn.h4	Sicilian Dragon Classical Normal Main Line, h4	review	review
B.Sic.Acc.Mar.MLn.Be3.Be6	Accelerated Dragon Maróczy Be3 Line, Be6	review	review
B.Fre.Win.Psn.MLn.Nf3.Nbc6	French Winawer Poisoned Pawn Nf3 Line, Nbc6	review	review
C.RyL.Mor.Opn.Rig.MLn.c3	Ruy López Open Riga Main Line, c3	review	review
C.Ita.Evn.Dec.MLn.O-O.d6	Evans Gambit Declined O-O Line, d6	review	review
C.Ita.Pia.Nf6.MLn.Re1.a6	Italian Pianissimo Re1 Line, a6	review	review
C.Pet.Mod.Stn.MLn.Re1.Be7	Petroff Modern Steinitz Re1 Line, Be7	review	review
C.Sco.Mie.Pot.MLn.Kb1.Re8	Scotch Mieses Potter Kb1 Line, Re8	review	review
C.Cen.Dsh.Acc.MLn.Nxc3.Nf6	Danish Gambit Accepted Nxc3 Line, Nf6	review	review
C.Bsh.Urs.Kei.MLn.Re1.Be7	Urusov Gambit Keidansky Re1 Line, Be7	review	review
C.Vie.Gbt.Fal.MLn.Nf3.Be7	Vienna Gambit Falkbeer Nf3 Line, Be7	review	review
D.QGD.Ort.Rub.MLn.Re1.cxd4	QGD Orthodox Rubinstein Re1 Line, cxd4	review	review
D.QGD.Ort.Cap.MLn.O-O.b5	QGD Orthodox Capablanca O-O Line, b5	review	review
D.QGD.Tar.Mak.MLn.Re1.Nbd7	QGD Tartakower Makogonov Re1 Line, Nbd7	review	review
D.QGD.Lsk.Te7.MLn.O-O.Bg4	QGD Lasker Te7 O-O Line, Bg4	review	review
D.Sla.Exc.MLn.e3.Nf3.e6	Slav Exchange Nf3 Line, e6	review	review
D.Sem.Mer.Rab.MLn.O-O.c5	Semi-Slav Meran Rabinovich O-O Line, c5	review	review
D.Sem.Bg5.AMo.MLn.Be2.Nbd7	Semi-Slav Anti-Moscow Be2 Line, Nbd7	review	review
D.QGA.Cls.Rub.MLn.Qe2.Be7	QGA Classical Rubinstein Qe2 Line, Be7	review	review
D.Cat.Ope.Yug.MLn.Qxc4.b5	Open Catalan Yugoslav Qxc4 Line, b5	review	review
D.QPG.Zuk.Col.MLn.O-O.Bd6	Zukertort Colle O-O Line, Bd6	review	review
E.Nim.Rub.Hub.MLn.O-O.O-O	Nimzo-Indian Hübner O-O Line, O-O	review	review
E.Nim.Sml.Bot.MLn.Bd3.Nc6	Nimzo-Indian Sämisch Botvinnik Bd3 Line, Nc6	review	review
E.KID.Sml.Ort.MLn.Qd2.exd4	KID Sämisch Orthodox Qd2 Line, exd4	review	review
E.KID.Sml.Ort.d5.Nge2.a5	KID Sämisch Orthodox Nge2 Line, a5	review	review
E.KID.Fch.Yug.MLn.d5.Ne5	KID Fianchetto Yugoslav d5 Line, Ne5	review	review
E.KID.Cls.Mar.MLn.f3.f5	KID Mar del Plata f3 Line, f5	review	review
E.KID.Fch.Pan.MLn.e4.e5	KID Fianchetto Panno e4 Line, e5	review	review
E.Bud.Adl.MLn.e3.Be2.Re8	Budapest Adler Be2 Line, Re8	review	review
B.Sic.Sve.Nd5.Qa5.Bd2	Sveshnikov Nd5 Qa5 Line, Bd2	review	review
C.Ita.Two.Ng5.Trx.Bxf7	Traxler Counterattack, Bxf7	review	review
C.Ita.Two.Ng5.Feg.Kxf7	Fried Liver Attack, Kxf7	review	review
C.Ita.Two.Ng5.Ulv.Bxb5	Ulvestad Variation, Bxb5	review	review
C.Ita.Two.Ng5.Pol.Bb5	Polerio Defence, Bb5	review	review
D.Cat.Ope.Qa4.Ale.Be7	Catalan Open Qa4 Alekhine Line, Be7	review	review
C.RyL.Mor.Opn.Dil.Rxf2	Ruy López Open Dilworth Line, Rxf2	review	review
C.RyL.Mor.Opn.Hwl.Nc5	Ruy López Open Howell Line, Nc5	review	review
C.RyL.Mor.StD.Sie.exf5	Modern Steinitz Siesta Line, exf5	review	review
C.Ita.Two.Ng5.Frt.c3	Fritz Variation, c3	review	review
C.Ita.Two.Ng5.Lol.exd4	Lolli Attack, exd4	review	review
C.Ita.Evn.Acc.Stn.O-O	Evans Accepted Steinitz Line, O-O	review	review
C.RyL.Mor.Ark.Ctr.Nxe4	Ruy López Arkhangelsk c3 Line, Nxe4	review	review
B.Sic.Dra.Yug.Chn.Bb3	Chinese Dragon, Bb3	review	review
C.RyL.Mor.Ark.Qe2.d6	Ruy López Arkhangelsk Qe2 Line, d6	review	review
C.RyL.Mor.NeA.Ctr.d6	Neo-Arkhangelsk c3 Line, d6	review	review
C.Ita.Evn.Acc.Mor.d6	Evans Accepted Morphy Attack, d6	review	review
C.Ita.Two.Ng5.Nxd.d3	Two Knights Nxd5 Main Line, d3	review	review
D.Cat.Cls.Qc2.Btr.Bb7	Closed Catalan Qc2 b3 Line, Bb7	review	review
D.Cat.Ope.Bb4.Mod.O-O	Open Catalan Bb4 Modern Line, O-O	review	review
E.Nim.Cls.Zur.Mil.e3	Nimzo Classical Zurich Milner-Barry Line, e3	review	review
E.KID.Cls.Byn.Nd2.a5	KID Bayonet Nd2 Line, a5	review	review
B.Sic.Cls.Rch.Lip.Bd7	Richter-Rauzer Lipnitsky Line, Bd7	review	review
B.Sic.Cls.Rch.Psn.O-O-O	Richter-Rauzer Poisoned Pawn, O-O-O	review	review
B.Sic.Cls.Rch.Drg.O-O-O	Richter-Rauzer Dragon Setup, O-O-O	review	review
B.Sic.Cls.Rch.Bc4.Be7	Richter-Rauzer Bc4 Line, Be7	review	review
B.Sic.Cls.Soz.Vel.O-O	Sicilian Sozin Velimirovic Line, O-O	review	review
B.Sic.Cls.Soz.Fis.O-O	Sicilian Sozin Fischer Line, O-O	review	review
B.Sic.Dra.Cls.Ams.Be6	Classical Dragon Amsterdam Line, Be6	review	review
E.Ben.Mod.Cls.Nd2.Re8	Modern Benoni Classical Nd2 Line, Re8	review	review
E.Ben.Mod.Cls.Bg5.h6	Modern Benoni Classical Bg5 Line, h6	review	review
E.Ben.Mod.Cls.Rb1.a6	Modern Benoni Classical Rb1 Line, a6	review	review
E.Ben.Mod.Cls.h3.Na6	Modern Benoni Classical h3 Line, Na6	review	review
E.Ben.Mod.Fch.Nd2.Re8	Modern Benoni Fianchetto Nd2 Line, Re8	review	review
E.Ben.Mod.Fch.Bf4.Re8	Modern Benoni Fianchetto Bf4 Line, Re8	review	review
E.KID.Sml.Ort.Exc.dxe5	KID Sämisch Orthodox Exchange Line, dxe5	review	review
E.KID.Fch.Yug.Exc.Nc6	KID Fianchetto Yugoslav Exchange Line, Nc6	review	review
A.Hol.Cls.IZh.Win.Ne4	Dutch Ilyin-Zhenevsky Winter Line, Ne4	review	review
A.Hol.Cls.IZh.Ala.Ne4	Dutch Ilyin-Zhenevsky Alatortsev Line, Ne4	review	review
B.Fre.Tar.Cls.Be7.Ngf3	French Tarrasch Be7 Line, Ngf3	review	review
B.Fre.Tar.Cls.c5.c3	French Tarrasch c5 Line, c3	review	review
B.Fre.Tar.Cls.Kor.O-O	French Tarrasch Korchnoi Gambit, O-O	review	review
B.Sic.Clo.Fch.Bot.Nf6	Closed Sicilian Botvinnik Line, Nf6	review	review
B.Sic.Clo.Fch.Eng.Nf6	Closed Sicilian English Setup, Nf6	review	review
C.KGm.Acc.Kie.Lon.Nxg4	Kieseritzky Long Whip Line, Nxg4	review	review
C.KGm.Acc.Bsh.Ble.Nf3	Bishop's Gambit Bledow Line, Nf3	review	review
E.Nim.Rub.Hub.Rau.O-O	Nimzo Hübner Rauzer Line, O-O	review	review
E.KID.Avk.Fle.MLn.Nf3	KID Averbakh Flexible Main Line, Nf3	review	review
C.KGm.Dec.Fal.MLn.d3	Falkbeer Countergambit Main Line, d3	review	review
C.KGm.Acc.All.MLn.Nxf7	Allgaier Gambit Main Line, Nxf7	review	review
B.Sic.Sve.Nd5.Be7.Bxf6.g3	Sveshnikov Be7 Bxf6 Line, g3	review	review
B.Sic.Sve.Bxf6.Nd5.Bg7.c3	Novosibirsk Bg7 Line, c3	review	review
B.Sic.Sve.Bxf6.Nd5.f5.c3	Sveshnikov f5 Line, c3	review	review
A.Eng.Rev.Bot.MLn.Nd5	English Botvinnik Main Line, Nd5	review	review
B.Sic.Sch.Eng.MLn.Qd2	Scheveningen English Attack Main Line, Qd2	review	review
B.Sic.Kan.Tal.MLn.O-O	Kan Tal Main Line, O-O	review	review
B.Sic.Ros.Nim.MLn.d4	Rossolimo Nimzowitsch Main Line, d4	review	review
B.CaK.Adv.Sht.MLn.c3	Caro-Kann Advance Short Main Line, c3	review	review
C.RyL.Ber.Wal.End.MLn.Re1	Berlin Wall Endgame Main Line, Re1	review	review
D.Sla.Che.MLn.a4.axb5	Slav Chebanenko a4 Line, axb5	review	review
D.QGD.Ort.Hne.Cap.O-O	QGD Orthodox Henneberger Capture, O-O	review	review
D.QGD.Tar.MLn.Bd3.O-O	QGD Tartakower Bd3 Line, O-O	review	review
D.Sla.Cls.MLn.e4.Qe2	Slav Classical e4 Line, Qe2	review	review
D.Sla.Qui.MLn.Bd3.O-O	Slav Quiet Bd3 Line, O-O	review	review
D.Sem.Bg5.Bot.Ekf.MLn.hxg5	Semi-Slav Botvinnik Ekstrom, hxg5	review	review
D.Sem.Mer.Lun.MLn.O-O	Semi-Slav Meran Lundin Main Line, O-O	review	review
D.QGA.Cen.Mod.MLn.Be3	QGA Central Modern Main Line, Be3	review	review
D.Cat.Cls.Kor.MLn.Bf4	Closed Catalan Korchnoi Main Line, Bf4	review	review
E.Bog.Nim.MLn.Be2.O-O	Bogo-Indian Nimzowitsch Be2 Line, O-O	review	review
E.OldI.Cls.MLn.Re1.Be3	Old Indian Classical Re1 Line, Be3	review	review
E.Blf.Dec.MLn.e3.Be2	Benko Declined e3 Line, Be2	review	review
E.QID.Pet.Kas.MLn.e4.O-O	QID Petrosian Kasparov e4 Line, O-O	review	review
E.KID.Mak.MLn.Be2.Re8	KID Makogonov Be2 Line, Re8	review	review
E.Gru.Brn.MLn.Be2.Nc6	Grünfeld Brinckmann Be2 Line, Nc6	review	review
E.Nim.Rom.MLn.Nf3.dxc4	Nimzo Romanishin Nf3 Line, dxc4	review	review
E.Ind.Tgo.MLn.Nc3.exd4	Tango Nc3 Line, exd4	review	review
D.Chi.MLn.e3.Nf6.Nc3.e6	Chigorin e3 Nf6 Nc3 Line, e6	review	review
D.Tar.Cls.MLn.Re8.Re1.Bf8	Tarrasch Classical Re1 Line, Bf8	review	review
D.Tar.Prg.MLn.Nxd4.Qb6.Be3	Tarrasch Prague Qb6 Line, Be3	review	review
D.STa.Exc.MLn.Nxc3.Qb3.cxd4	Semi-Tarrasch Exchange Qb3 Line, cxd4	review	review
D.STa.Pil.MLn.Nxd4.a6.e3	Semi-Tarrasch Pillsbury a6 Line, e3	review	review
D.QGA.Old.MLn.exd4.Be7.Nf3	QGA Old Be7 Line, Nf3	review	review
D.QGA.Ale.MLn.Bb3.e6.Nf3	QGA Alekhine e6 Line, Nf3	review	review
D.Chi.MLn.e3.Nf6.Be2.e6	Chigorin e3 Nf6 Be2 Line, e6	review	review
D.Tar.Cls.MLn.Re8.Be3.Bf8	Tarrasch Classical Be3 Line, Bf8	review	review
D.Tar.Prg.MLn.Nxd4.Be6.O-O	Tarrasch Prague Be6 Line, O-O	review	review
D.STa.Exc.MLn.Nxc3.bxc3.Nc6	Semi-Tarrasch Exchange bxc3 Line, Nc6	review	review
D.STa.Pil.MLn.Nxd4.Be7.e3	Semi-Tarrasch Pillsbury Be7 Line, e3	review	review
D.QGA.Old.MLn.exd4.Nf6.Nf3	QGA Old Nf6 Line, Nf3	review	review
D.QGA.Ale.MLn.Bb3.Nc6.Nf3	QGA Alekhine Nc6 Line, Nf3	review	review
B.Sic.Sve.Nd5.Qa5.Bd2.Rb8	Sveshnikov Qa5 Bd2 Line, Rb8	review	review
C.Ita.Two.Ng5.Trx.Bxf7.Ke7	Traxler Bxf7 Line, Ke7	review	review
C.Ita.Two.Ng5.Feg.Kxf7.Qf3	Fried Liver Kxf7 Line, Qf3	review	review
C.Ita.Two.Ng5.Ulv.Bxb5.Qxd5	Ulvestad Bxb5 Line, Qxd5	review	review
C.Ita.Two.Ng5.Pol.Bb5.c6	Polerio Bb5 Line, c6	review	review
D.Cat.Ope.Qa4.Ale.Be7.Bg2	Catalan Open Qa4 Alekhine Be7 Line, Bg2	review	review
C.RyL.Mor.Opn.Hwl.Nc5.Rd1	Ruy López Open Howell Nc5 Line, Rd1	review	review
C.RyL.Mor.StD.Sie.exf5.Bxf5	Modern Steinitz Siesta exf5 Line, Bxf5	review	review
C.Ita.Two.Ng5.Frt.c3.b5	Fritz Variation c3 Line, b5	review	review
C.Ita.Two.Ng5.Lol.exd4.O-O	Lolli Attack exd4 Line, O-O	review	review
B.Sic.Naj.Sch.MLn	Najdorf Scheveningen, Main Line	descriptor	editorial_leaf_token
B.Sic.Naj.Adm.MLn	Najdorf Adams Attack, Main Line	descriptor	editorial_leaf_token
B.Sic.Naj.Pst.MLn	Najdorf Poisoned Pawn, Main Line	descriptor	editorial_leaf_token
B.Sic.Sch.Krs.MLn	Scheveningen Keres Attack, Main Line	descriptor	editorial_leaf_token
D.Sem.Bg5.Mos.Qxf6.g3	Semi-Slav Moscow Qxf6, g3 Line	review	review
D.Sem.Bg5.AMo.dxc4	Semi-Slav Anti-Moscow, dxc4 Line	review	review
B.Sic.Clo.GPr.MLn	Closed Sicilian Grand Prix, Main Line	descriptor	editorial_leaf_token
C.RyL.Mor.Nor.MLn	Ruy López Norwegian, Main Line	descriptor	editorial_leaf_token
C.RyL.Mor.Wor.MLn	Ruy López Wormald, Main Line	descriptor	editorial_leaf_token
C.Ita.Giu.Mol.MLn	Giuoco Piano Møller, Main Line	descriptor	editorial_leaf_token
C.Ita.Two.Opn.MLn	Two Knights Open Variation, Main Line	descriptor	editorial_leaf_token
C.Ita.Two.Max.MLn	Two Knights Max Lange, Main Line	descriptor	editorial_leaf_token
E.KID.Sml.Pan.MLn	KID Sämisch Panno, Main Line	descriptor	editorial_leaf_token
E.KID.Cls.Glg.MLn	KID Classical Gligoric, Main Line	descriptor	editorial_leaf_token
E.KID.Cls.Exc.MLn	KID Classical Exchange, Main Line	descriptor	editorial_leaf_token
E.Gru.Exc.Sev.MLn	Grünfeld Exchange Seville, Main Line	descriptor	editorial_leaf_token
A.Hol.Sto.Bot.MLn	Dutch Stonewall Botvinnik, Main Line	descriptor	editorial_leaf_token
D.Sem.AMe.Shr.MLn	Anti-Meran Shirov-Shabalov, Main Line	descriptor	editorial_leaf_token
D.Cat.Cls.Bot.MLn	Closed Catalan Botvinnik, Main Line	descriptor	editorial_leaf_token
D.Cat.Cls.Rab.MLn	Closed Catalan Rabinovich, Main Line	descriptor	editorial_leaf_token
E.QID.Mod.Trd.MLn	QID Modern Traditional, Main Line	descriptor	editorial_leaf_token
E.Nim.Cls.Ker.MLn	Nimzo Classical Keres, Main Line	descriptor	editorial_leaf_token
E.Gru.Exc.Sps.MLn	Grünfeld Exchange Spassky, Main Line	descriptor	editorial_leaf_token
E.KID.Fch.Uhl.MLn	KID Fianchetto Uhlmann-Szabo, Main Line	descriptor	editorial_leaf_token
E.KID.Sml.Byr.MLn	KID Sämisch Byrne, Main Line	descriptor	editorial_leaf_token
E.KID.Fou.Dyn.MLn	KID Four Pawns Dynamic, Main Line	descriptor	editorial_leaf_token
E.KID.Avk.Ben.MLn	KID Averbakh Benoni, Main Line	descriptor	editorial_leaf_token
B.Sic.Dra.Lev.MLn	Sicilian Dragon Levenfish, Main Line	descriptor	editorial_leaf_token
B.Sic.Tay.Eng.MLn	Sicilian Taimanov English Attack, Main Line	descriptor	editorial_leaf_token
B.Sic.Kan.Mar.MLn	Sicilian Kan Maróczy Bind, Main Line	descriptor	editorial_leaf_token
B.Fre.Adv.Mil.MLn	French Advance Milner-Barry, Main Line	descriptor	editorial_leaf_token
B.Fre.Tar.Ope.MLn	French Tarrasch Open, Main Line	descriptor	editorial_leaf_token
B.CaK.Adv.Tal.MLn	Caro-Kann Advance Tal, Main Line	descriptor	editorial_leaf_token
C.RyL.Ber.Rio.MLn	Berlin Rio de Janeiro, Main Line	descriptor	editorial_leaf_token
C.RyL.Mor.ClD.MLn	Ruy López Classical Deferred, Main Line	descriptor	editorial_leaf_token
C.RyL.Mor.Fch.MLn	Ruy López Fianchetto Deferred, Main Line	descriptor	editorial_leaf_token
C.RyL.Mor.Car.MLn	Ruy López Caro Variation, Main Line	descriptor	editorial_leaf_token
C.Ita.Giu.Grc.MLn	Giuoco Piano Greco Gambit, Main Line	descriptor	editorial_leaf_token
C.Sco.Gor.Dbl.MLn	Scotch Göring Double Pawn Sacrifice, Main Line	descriptor	editorial_leaf_token
C.Vie.Gbt.Hmp.MLn	Vienna Hamppe-Muzio, Main Line	descriptor	editorial_leaf_token
C.Fou.Spa.Dbl.MLn	Four Knights Double Spanish, Main Line	descriptor	editorial_leaf_token
C.Fou.Spa.Cls.MLn	Four Knights Spanish Classical, Main Line	descriptor	editorial_leaf_token
E.Ben.Bnk.Acc.MLn	Benko Gambit Accepted, Main Line	descriptor	editorial_leaf_token
E.Ben.Bnk.Dec.MLn	Benko Gambit Declined, Main Line	descriptor	editorial_leaf_token
E.Gru.Brn.Nad.MLn	Grünfeld Brinckmann Nadanian, Main Line	descriptor	editorial_leaf_token
D.QGD.Exc.Car.MLn	QGD Exchange Carlsbad, Main Line	descriptor	editorial_leaf_token
D.QGD.Exc.Min.MLn	QGD Exchange Minority Attack, Main Line	descriptor	editorial_leaf_token
E.KID.Cls.Bol.MLn	KID Classical Boleslavsky, Main Line	descriptor	editorial_leaf_token
E.KID.Cls.Ort.MLn	KID Classical Orthodox, Main Line	descriptor	editorial_leaf_token
E.Bud.Faj.MLn	Budapest Fajarowicz, Main Line	descriptor	editorial_leaf_token
E.Bud.Faj.MLn.e3	Budapest Fajarowicz Main Line, e3	review	review
E.Bud.Faj.MLn.e3.Be2	Budapest Fajarowicz e3 Line, Be2	review	review
E.Bud.Faj.MLn.e3.Be2.O-O	Budapest Fajarowicz Be2 Line, O-O	review	review
E.Bud.Faj.Bns.MLn	Budapest Fajarowicz Bonsdorf, Main Line	descriptor	editorial_leaf_token
E.Bud.Faj.Ste.MLn	Budapest Fajarowicz Steiner, Main Line	descriptor	editorial_leaf_token
E.Bud.Rub.MLn.e3	Budapest Rubinstein Main Line, e3	review	review
E.Bud.Rub.MLn.e3.Be2	Budapest Rubinstein e3 Line, Be2	review	review
E.Bud.Alk.MLn	Budapest Alekhine, Main Line	descriptor	editorial_leaf_token
E.Bud.Alk.MLn.Nf3	Budapest Alekhine Main Line, Nf3	review	review
E.Gru.Thr.MLn	Grünfeld Three Knights, Main Line	descriptor	editorial_leaf_token
E.Gru.Thr.MLn.Qb3	Grünfeld Three Knights Main Line, Qb3	review	review
E.Gru.Neo.MLn	Neo-Grünfeld, Main Line	descriptor	editorial_leaf_token
E.Gru.Neo.MLn.cxd5	Neo-Grünfeld Main Line, cxd5	review	review
E.Gru.Neo.MLn.cxd5.Nxd5	Neo-Grünfeld cxd5 Line, Nxd5	review	review
E.Gru.Rus.Prz.MLn	Grünfeld Russian Prins, Main Line	descriptor	editorial_leaf_token
E.Gru.Rus.Szs.MLn	Grünfeld Russian Szabo, Main Line	descriptor	editorial_leaf_token
E.Gru.Fch.Pac.MLn	Grünfeld Fianchetto Pachman, Main Line	descriptor	editorial_leaf_token
E.Gru.Fch.Euw.MLn	Grünfeld Fianchetto Euwe, Main Line	descriptor	editorial_leaf_token
E.Gru.Exc.Mod.MLn	Grünfeld Modern Exchange, Main Line	descriptor	editorial_leaf_token
E.Nim.Spl.MLn	Nimzo Spielmann, Main Line	descriptor	editorial_leaf_token
E.Nim.Spl.MLn.e3	Nimzo Spielmann Main Line, e3	review	review
E.Nim.Cls.Noa.MLn	Nimzo Classical Noa, Main Line	descriptor	editorial_leaf_token
E.Nim.Cls.Bot.MLn	Nimzo Classical Botvinnik, Main Line	descriptor	editorial_leaf_token
E.Nim.Cls.Mil.MLn	Nimzo Classical Milner-Barry, Main Line	descriptor	editorial_leaf_token
E.Nim.Rub.Res.MLn	Nimzo Rubinstein Reshevsky, Main Line	descriptor	editorial_leaf_token
E.Nim.Rub.Flo.MLn	Nimzo Rubinstein Flohr, Main Line	descriptor	editorial_leaf_token
E.Nim.Rub.StP.MLn	Nimzo Rubinstein St. Petersburg, Main Line	descriptor	editorial_leaf_token
E.Nim.Sml.Kmo.MLn	Nimzo Sämisch, e3 Main Line	review	review
E.Nim.Kas.Euw.MLn	Nimzo Kasparov Euwe, Main Line	descriptor	editorial_leaf_token
E.QID.Sps.MLn	QID Spassky System, Main Line	descriptor	editorial_leaf_token
E.QID.Euw.MLn	QID Euwe Variation, Main Line	descriptor	editorial_leaf_token
E.QID.Kas.MLn	QID Kasparov Variation, Main Line	descriptor	editorial_leaf_token
E.QID.Cls.MLn	QID Classical, Main Line	descriptor	editorial_leaf_token
E.KID.Cls.Arb.MLn	KID Classical Aronin-Taimanov, Main Line	descriptor	editorial_leaf_token
E.KID.Sml.Bob.MLn	KID Sämisch Bobotsov-Korchnoi, Main Line	descriptor	editorial_leaf_token
E.KID.Sml.Krs.MLn	KID Sämisch Keres Attack, Main Line	descriptor	editorial_leaf_token
E.KID.Fch.Sim.MLn	KID Fianchetto Simagin, Main Line	descriptor	editorial_leaf_token
E.KID.Fch.Kav.MLn	KID Fianchetto Kavalek, Main Line	descriptor	editorial_leaf_token
D.Sla.Sml.MLn	Slav Smyslov, Main Line	descriptor	editorial_leaf_token
D.Sla.Ala.MLn	Slav Alapin, Main Line	descriptor	editorial_leaf_token
D.Sla.Cze.Kra.MLn	Slav Czech Krause, Main Line	descriptor	editorial_leaf_token
D.Sla.Not.MLn	Slav Noteboom, Main Line	descriptor	editorial_leaf_token
D.Sla.Stn.MLn	Slav Steiner, Main Line	descriptor	editorial_leaf_token
D.QGA.Bog.MLn	QGA Bogoljubow, Main Line	descriptor	editorial_leaf_token
D.QGA.Flo.MLn	QGA Flohr, Main Line	descriptor	editorial_leaf_token
D.QGA.Jan.MLn	QGA Janowski-Larsen, Main Line	descriptor	editorial_leaf_token
D.QGD.Har.MLn	QGD Harrwitz Attack, Main Line	descriptor	editorial_leaf_token
D.QGD.Alt.MLn	QGD Alatortsev, Main Line	descriptor	editorial_leaf_token
D.QGD.Cls	QGD, Classical Defence	review	review
D.QGD.Cls.MLn	QGD Classical, Main Line	descriptor	editorial_leaf_token
D.QGD.Cls.MLn.Bh4	QGD Classical Main Line, Bh4	review	review
D.QGD.Cls.Bd3	QGD Classical, Bd3 Line	review	review
D.QGD.Cls.Nf3	QGD Classical, Nf3 Line	review	review
D.QGD.Cls.Nf3.c5	QGD Classical Nf3 Line, c5	review	review
D.QGA.Cls.MLn	QGA Classical, Main Line	descriptor	editorial_leaf_token
D.QGA.Cls.MLn.a4	QGA Classical Main Line, a4	review	review
D.QGA.Cls.Ale.MLn	QGA Classical Alekhine, Main Line	descriptor	editorial_leaf_token
D.Sla.Cls.MLn.Nh4	Slav Classical Main Line, Nh4	review	review
D.Sla.Cls.MLn.Qe2	Slav Classical Main Line, Qe2	review	review
D.Sla.Dim.MLn	Slav Diemer Gambit, Main Line	descriptor	editorial_leaf_token
D.Sla.Win.MLn	Slav Winawer Countergambit, Main Line	descriptor	editorial_leaf_token
D.Tar.Rub.MLn	Tarrasch Rubinstein, Main Line	descriptor	editorial_leaf_token
D.Tar.Rub.MLn.O-O	Tarrasch Rubinstein Main Line, O-O	review	review
D.Tar.HSc.MLn	Tarrasch Hennig-Schara, Main Line	descriptor	editorial_leaf_token
D.Tar.Mar.MLn	Tarrasch Marshall Gambit, Main Line	descriptor	editorial_leaf_token
D.STa.Kmo.MLn	Semi-Tarrasch Kmoch, Main Line	descriptor	editorial_leaf_token
D.STa.Sym.MLn	Semi-Tarrasch Symmetrical, Main Line	descriptor	editorial_leaf_token
D.STa.End.MLn	Semi-Tarrasch Endgame, Main Line	descriptor	editorial_leaf_token
D.Chi.Laz.MLn	Chigorin Lazard Gambit, Main Line	descriptor	editorial_leaf_token
D.Chi.Tar.MLn	Chigorin Tartakower Gambit, Main Line	descriptor	editorial_leaf_token
D.QPG.Ver.MLn	Queen's Pawn Veresov Setup, Main Line	descriptor	editorial_leaf_token
D.QPG.Ama.MLn	Amazon Attack, Main Line	descriptor	editorial_leaf_token
D.QPG.Mas.MLn	Mason Attack, Main Line	descriptor	editorial_leaf_token
D.QPG.Sto.MLn	Stonewall Attack, Main Line	descriptor	editorial_leaf_token
D.QPG.Zur.MLn	Zurich Gambit, Main Line	descriptor	editorial_leaf_token
E.Ben.Czk.MLn	Czech Benoni, Main Line	descriptor	editorial_leaf_token
E.Ben.Czk.MLn.Be7	Czech Benoni Main Line, Be7	review	review
E.Gru.Sml.MLn	Grünfeld Sämisch, Main Line	descriptor	editorial_leaf_token
E.Gru.Sml.MLn.c5	Grünfeld Sämisch Main Line, c5	review	review
E.OldI.Ukr.MLn	Old Indian Ukrainian, Main Line	descriptor	editorial_leaf_token
E.OldI.Jan.MLn	Old Indian Janowski, Main Line	descriptor	editorial_leaf_token
E.Nim.Fou.MLn	Nimzo 4.f3, Main Line	descriptor	editorial_leaf_token
E.Nim.Fou.MLn.e4	Nimzo 4.f3 Main Line, e4	review	review
E.Nim.Mik.MLn	Nimzo Mikėnas Attack, Main Line	descriptor	editorial_leaf_token
E.Nim.Mik.MLn.Nf3	Nimzo Mikėnas Main Line, Nf3	review	review
E.Bog.Exc.MLn	Bogo-Indian Exchange, Main Line	descriptor	editorial_leaf_token
E.Bog.Hai.MLn	Bogo-Indian Haiti, Main Line	descriptor	editorial_leaf_token
E.Bog.Rom.MLn	Bogo-Indian Romanishin, Main Line	descriptor	editorial_leaf_token
E.Bog.NEn.MLn	Bogo-Indian New England, Main Line	descriptor	editorial_leaf_token
E.Bog.Grn.MLn	Bogo-Indian Grünfeld Variation, Main Line	descriptor	editorial_leaf_token
E.KID.Fch.MLn	KID Fianchetto, Main Line	descriptor	editorial_leaf_token
E.KID.Fch.MLn.O-O	KID Fianchetto Main Line, O-O	review	review
E.KID.Fou.Bg5	KID Four Pawns, Bg5 Line	review	review
E.KID.Fou.Be2	KID Four Pawns, Be2 Line	review	review
E.KID.Cls.Old	KID Classical, Old Main Line	review	review
E.KID.Cls.Old.e5	KID Classical Old Main Line, e5	review	review
E.Nim.Rub.Cls	Nimzo Rubinstein, Classical Line	review	review
E.Nim.Rub.Cls.cxd5	Nimzo Rubinstein Classical Line, cxd5	review	review
B.Fre.Adv.NwG	French Advance, Nimzowitsch Gambit	review	review
B.Fre.Cls.MLn	French Classical, Main Line	descriptor	editorial_leaf_token
B.Fre.Stn.MLn	French Steinitz, Main Line	descriptor	editorial_leaf_token
B.Fre.Mac.MLn	French MacCutcheon, Main Line	descriptor	editorial_leaf_token
B.Fre.Exc.Uhl	French Exchange, Uhlmann Gambit	person	attributed_to
B.Fre.Exc.Bg4	French Exchange, 4...Bg4 Variation	review	review
B.Fre.Exc.Nc6	French Exchange, 4...Nc6 Variation	review	review
A.KIA.Fre.MLn	King's Indian Attack French Setup, Main Line	descriptor	editorial_leaf_token
A.KIA.Fre.Bar	King's Indian Attack French Setup, Barcza System	person	attributed_to
B.Sic.Alp.Dd6	Sicilian Alapin, 2...d6 3.c3 Nf6	review	review
B.Sic.Ros.a6	Sicilian Rossolimo, 3...a6	review	review
A.Tro.Bxf6	Trompowsky, Bxf6 Line	review	review
B.CaK.Cls.Spd.Nd7	Caro-Kann Classical Spassky, Nd7 Line	review	review
B.Fre.Rub.MLn	French Rubinstein, Main Line	descriptor	editorial_leaf_token
B.Fre.Mac.exd5	French MacCutcheon, exd5 Line	review	review
B.Fre.Cls.MLn.ACh	French Classical, Alekhine-Chatard Attack	review	review
B.Sic.Mor.Bd7	Sicilian Moscow, 3...Bd7	review	review
B.Sic.Mor.Nd7	Sicilian Moscow, 3...Nd7	review	review
B.Fre.RPa	French Defence, Réti/Papa Gambit	review	review
B.Fre.Kor	French Defence, Korchnoi Wedge Gambit	person	attributed_to
B.CaK.Exc.MLn	Caro-Kann Exchange, Main Line	descriptor	editorial_leaf_token
B.CaK.Fan.MLn	Caro-Kann Fantasy, Main Line	descriptor	editorial_leaf_token
B.CaK.Brn.c3	Caro-Kann Bronstein-Larsen, 6.c3 Qd5	review	review
B.Pir.Cls.Bg7	Pirc Classical, Bg7 Line	review	review
B.Sic.Kal.MLn	Sicilian Kalashnikov, Main Line	descriptor	editorial_leaf_token
B.Sic.Loe.MLn	Sicilian Löwenthal, Main Line	descriptor	editorial_leaf_token
B.Sic.Nim.e5	Sicilian Nimzowitsch, 3.e5	review	review
B.Sca.Por.Bnk	Scandinavian Portuguese, Banker	review	review
B.Sca.Por.Bnk.MLn	Scandinavian Portuguese Banker, Main Line	descriptor	editorial_leaf_token
B.Sca.Por.Jad	Scandinavian Portuguese, Jadoul	review	review
B.Sca.Por.Mel	Scandinavian Portuguese, Melbourne Shuffle	review	review
B.Sca.Por.Cor	Scandinavian Portuguese, Correspondence Refutation	review	review
B.Sca.Por.Wus	Scandinavian Portuguese, Wuss	review	review
B.Sca.Por.Lus	Scandinavian Portuguese, Lusophobe	review	review
B.Sca.Por.Elb	Scandinavian Portuguese, Elbow	review	review
B.Sca.Por.Cls	Scandinavian Portuguese, Classical	review	review
B.Sca.Pan	Scandinavian, Panov-Botvinnik Attack	review	review
B.Sca.Nf6.Nf3	Scandinavian 2...Nf6, Modern Treatment	review	review
B.Sca.Nf6.Nf3.Gou	Scandinavian Modern Treatment, Goulash	review	review
B.Sca.Nf6.Nf3.Cel	Scandinavian Modern Treatment, Celeriac	review	review
B.Sca.Nf6.Nf3.Cha	Scandinavian Modern Treatment, Charlie's Choice	review	review
B.Sca.Nf6.Chk	Scandinavian 2...Nf6, Check Line	review	review
B.Sca.Nf6.Chk.Bd7	Scandinavian Check Line, Bd7	review	review
B.Sca.Nf6.Chk.Nbd	Scandinavian Check Line, Nbd7	review	review
B.CaK.Two.Nf6	Caro-Kann Two Knights, Nf6 Line	review	review
B.CaK.Two.Bf5	Caro-Kann Two Knights, Bf5 Line	review	review
B.CaK.Tar.Be3	Caro-Kann Tartakower, Be3 Line	review	review
C.RyL.AntM.a4	Ruy López Anti-Marshall, 8.a4	review	review
C.RyL.AntM.h3	Ruy López Anti-Marshall, 8.h3	review	review
C.RyL.AntM.d3	Ruy López Anti-Marshall, 8.d3	review	review
A.Tro.Cls.MLn	Trompowsky Classical, Main Line	descriptor	editorial_leaf_token
A.Tro.Cls.MLn.e3	Trompowsky Classical Main Line, e3	review	review
A.Tro.Rap.MLn	Trompowsky Raptor, Main Line	descriptor	editorial_leaf_token
A.Tro.Rap.MLn.e6	Trompowsky Raptor Main Line, e6	review	review
A.Tro.Rap.MLn.f6	Trompowsky Raptor Main Line, f6	review	review
A.Tro.Bxf6.e3	Trompowsky Bxf6 Line, e3	review	review
A.Tor.ClD.MLn	Torre Classical Defence, Main Line	descriptor	editorial_leaf_token
A.Tor.ClD.MLn.c3	Torre Classical Main Line, c3	review	review
A.Tor.Nim.MLn	Torre Nimzowitsch, Main Line	descriptor	editorial_leaf_token
A.Tor.Yus.MLn	Torre Yusupov-Rubinstein, Main Line	descriptor	editorial_leaf_token
B.Ale.Fou.MLn	Alekhine Four Pawns, Main Line	descriptor	editorial_leaf_token
B.Ale.Fou.MLn.Nf3	Alekhine Four Pawns Main Line, Nf3	review	review
B.Ale.Fou.MLn.Be3	Alekhine Four Pawns Main Line, Be3	review	review
B.Ale.Fou.Trd.MLn	Alekhine Four Pawns Trifunovic, Main Line	descriptor	editorial_leaf_token
B.Ale.Mod.MLn	Alekhine Modern, Main Line	descriptor	editorial_leaf_token
B.Ale.Chs.MLn	Alekhine Chase, Main Line	descriptor	editorial_leaf_token
B.Pir.Cls.Bg7.MLn	Pirc Classical Bg7, Main Line	descriptor	editorial_leaf_token
B.Pir.Cls.Bg7.MLn.O-O	Pirc Classical Bg7 Main Line, O-O	review	review
B.Pir.Aus.Drg.MLn	Pirc Austrian Dragon, Main Line	descriptor	editorial_leaf_token
B.Pir.Aus.Unz.MLn	Pirc Austrian Unzicker, Main Line	descriptor	editorial_leaf_token
B.Pir.150.MLn	Pirc 150 Attack, Main Line	descriptor	editorial_leaf_token
B.Pir.150.MLn.O-O-O	Pirc 150 Attack Main Line, O-O-O	review	review
B.Pir.Byr.MLn	Pirc Byrne Variation, Main Line	descriptor	editorial_leaf_token
C.PhD.Han.MLn	Philidor Hanham, Main Line	descriptor	editorial_leaf_token
C.PhD.Han.MLn.O-O	Philidor Hanham Main Line, O-O	review	review
C.PhD.Exc.MLn	Philidor Exchange, Main Line	descriptor	editorial_leaf_token
C.PhD.Lio.MLn	Philidor Lion, Main Line	descriptor	editorial_leaf_token
C.Pon.CGm.MLn	Ponziani Countergambit, Main Line	descriptor	editorial_leaf_token
C.Pon.CGm.MLn.exf5	Ponziani Countergambit Main Line, exf5	review	review
C.Pon.Jae.MLn.e5	Ponziani Jaenisch Main Line, e5	review	review
C.Pon.Ste.MLn.f6	Ponziani Steinitz Main Line, f6	review	review
C.Vie.Cls.MLn	Vienna Classical, Main Line	descriptor	editorial_leaf_token
C.Vie.Cls.MLn.Nf3	Vienna Classical Main Line, Nf3	review	review
C.Vie.Mie.MLn	Vienna Mieses, Main Line	descriptor	editorial_leaf_token
C.Vie.Fal.MLn	Vienna Falkbeer, Main Line	descriptor	editorial_leaf_token
C.Vie.Gbt.Pie.MLn	Vienna Pierce Gambit, Main Line	descriptor	editorial_leaf_token
B.Sic.Alp.Nf6.MLn	Sicilian Alapin Nf6, Main Line	descriptor	editorial_leaf_token
B.Sic.Alp.Cen.MLn	Sicilian Alapin d5, Main Line	descriptor	editorial_leaf_token
B.Sic.Alp.Dd6.MLn	Sicilian Alapin d6 Nf6, Main Line	descriptor	editorial_leaf_token
B.Sic.Ros.Cls.MLn	Rossolimo Classical, Main Line	descriptor	editorial_leaf_token
B.Sic.Ros.Cls.MLn.c3	Rossolimo Classical Main Line, c3	review	review
B.Sic.Ros.a6.Bxc6	Rossolimo a6 Line, Bxc6	review	review
B.Sic.Mor.Bd7.MLn	Sicilian Moscow Bd7, Main Line	descriptor	editorial_leaf_token
B.Sic.Mor.Nd7.O-O	Sicilian Moscow Nd7, O-O	review	review
B.Fre.Rub.MLn.Nf6	French Rubinstein Main Line, Nf6	review	review
B.Fre.Rub.MLn.Bd3	French Rubinstein Main Line, Bd3	review	review
B.Fre.Mac.MLn.Bd3	French MacCutcheon Main Line, Bd3	review	review
B.Fre.Mac.MLn.Bh4	French MacCutcheon Main Line, Bh4	review	review
B.CaK.Two.Nf6.MLn	Caro-Kann Two Knights Nf6, Main Line	descriptor	editorial_leaf_token
B.CaK.Two.Bf5.MLn	Caro-Kann Two Knights Bf5, Main Line	descriptor	editorial_leaf_token
D.Bgm.Acc.Bog.MLn	Blackmar-Diemer Bogoljubow, Main Line	descriptor	editorial_leaf_token
D.Bgm.Acc.Euw.MLn	Blackmar-Diemer Euwe, Main Line	descriptor	editorial_leaf_token
D.Bgm.Acc.Tei.MLn	Blackmar-Diemer Teichmann, Main Line	descriptor	editorial_leaf_token
D.Bgm.Acc.Gun.MLn	Blackmar-Diemer Gunderam, Main Line	descriptor	editorial_leaf_token
D.Bgm.Acc.Zie.MLn	Blackmar-Diemer Ziegler, Main Line	descriptor	editorial_leaf_token
D.Bgm.Dec.Elb.MLn	Blackmar-Diemer Elbert, Main Line	descriptor	editorial_leaf_token
D.Chi.Jan.Mod.e3	Chigorin Janowski Modern, e3	review	review
D.Chi.Laz.MLn.Ne5	Chigorin Lazard Main Line, Ne5	review	review
D.Chi.Tar.MLn.Nb5	Chigorin Tartakower Main Line, Nb5	review	review
D.Sla.Sml.MLn.Bg4	Slav Smyslov Main Line, Bg4	review	review
D.Sla.Ala.MLn.a4	Slav Alapin Main Line, a4	review	review
D.Sla.Not.MLn.a4	Slav Noteboom Main Line, a4	review	review
D.Sla.Stn.MLn.e4	Slav Steiner Main Line, e4	review	review
D.QGA.Bog.MLn.O-O	QGA Bogoljubow Main Line, O-O	review	review
D.QGA.Flo.MLn.a4	QGA Flohr Main Line, a4	review	review
D.QGA.Jan.MLn.O-O	QGA Janowski-Larsen Main Line, O-O	review	review
D.QGA.Man.MLn.e4	QGA Mannheim Main Line, e4	review	review
D.Tar.HSc.MLn.Qd1	Tarrasch Hennig-Schara Main Line, Qd1	review	review
D.Tar.Mar.MLn.Bd6	Tarrasch Marshall Main Line, Bd6	review	review
D.STa.Kmo.MLn.Be7	Semi-Tarrasch Kmoch Main Line, Be7	review	review
D.STa.Sym.MLn.b6	Semi-Tarrasch Symmetrical Main Line, b6	review	review
D.STa.End.MLn.Bc4	Semi-Tarrasch Endgame Main Line, Bc4	review	review
D.QPG.Ver.MLn.Be7	Queen's Pawn Veresov Main Line, Be7	review	review
D.QPG.Ama.MLn.c6	Amazon Attack Main Line, c6	review	review
D.QPG.Mas.MLn.e6	Mason Attack Main Line, e6	review	review
D.QPG.Sto.MLn.c5	Stonewall Attack Main Line, c5	review	review
D.QPG.Zur.MLn.h3	Zurich Gambit Main Line, h3	review	review
E.OldI.Ukr.MLn.Be7	Old Indian Ukrainian Main Line, Be7	review	review
E.OldI.Jan.MLn.e3	Old Indian Janowski Main Line, e3	review	review
E.Bog.Exc.MLn.Nc3	Bogo-Indian Exchange Main Line, Nc3	review	review
E.Bog.Hai.MLn.O-O	Bogo-Indian Haiti Main Line, O-O	review	review
E.Bog.Rom.MLn.O-O	Bogo-Indian Romanishin Main Line, O-O	review	review
E.Bog.NEn.MLn.g3	Bogo-Indian New England Main Line, g3	review	review
E.Bog.Grn.MLn.e3	Bogo-Indian Grünfeld Main Line, e3	review	review
E.QID.Sps.MLn.O-O	QID Spassky Main Line, O-O	review	review
E.QID.Euw.MLn.Bxd2	QID Euwe Main Line, Bxd2	review	review
E.QID.Kas.MLn.Bd2	QID Kasparov Main Line, Bd2	review	review
E.QID.Pet.KPe.Be7	QID Kasparov-Petrosian, Be7	review	review
E.QID.Cls.MLn.exd5	QID Classical Main Line, exd5	review	review
E.QID.Cls.MLn.exd5.Nh4	QID Classical, Polugaevsky Gambit	review	review
E.QID.Cls.MLn.exd5.Nd4	QID Classical, Taimanov Gambit	review	review
E.Gru.Hng.MLn	Grünfeld Hungarian, Main Line	descriptor	editorial_leaf_token
E.Gru.Sml.MLn.c5.dxc5	Grünfeld Sämisch c5 Line, dxc5	review	review
E.Gru.Thr.MLn.Qb3.Nxc3	Grünfeld Three Knights Qb3 Line, Nxc3	review	review
E.Gru.Neo.MLn.cxd5.Nxd5.e4	Neo-Grünfeld Nxd5 Line, e4	review	review
E.Gru.Exc.Mod.MLn.Be2	Grünfeld Modern Exchange Main Line, Be2	review	review
E.KID.Fou.Bg5.Be2	KID Four Pawns Bg5 Line, Be2	review	review
E.KID.Fou.Be2.O-O	KID Four Pawns Be2 Line, O-O	review	review
E.KID.Cls.Old.e5.d5	KID Classical Old e5 Line, d5	review	review
E.KID.Cls.Arb.MLn.Nxd4	KID Aronin-Taimanov Main Line, Nxd4	review	review
E.KID.Sml.Bob.MLn.b5	KID Sämisch Bobotsov Main Line, b5	review	review
E.KID.Sml.Krs.MLn.c5	KID Sämisch Keres Main Line, c5	review	review
E.Ben.Czk.MLn.Be7.Nf3	Czech Benoni Be7 Line, Nf3	review	review
E.Ben.Bnk.Acc.MLn.Bxa6	Benko Accepted Main Line, Bxa6	review	review
E.Ben.Bnk.Dec.MLn.Bxe7	Benko Declined Main Line, Bxe7	review	review
A.Eng.Org.MLn	English Orangutan, Main Line	descriptor	editorial_leaf_token
A.Eng.Org.MLn.Bb2	English Orangutan Main Line, Bb2	review	review
A.Eng.Org.MLn.Bb2.Bxb4	English Orangutan Bb2 Line, Bxb4	review	review
A.Eng.Mik.MLn.Ne4	English Mikėnas-Carls Main Line, Ne4	review	review
A.Eng.Mik.MLn.Ne4.Nfd7	English Mikėnas-Carls Ne4 Line, Nfd7	review	review
A.Eng.Rev.Bot.MLn.Qd7	English Botvinnik Main Line, Qd7	review	review
A.Eng.Rev.Bot.MLn.Qd7.f4	English Botvinnik Qd7 Line, f4	review	review
A.Eng.Sym.Hdg.MLn.Bxg2	English Symmetrical Hedgehog Main Line, Bxg2	review	review
A.Eng.Sym.Hdg.MLn.Bxg2.Kxg2	English Symmetrical Hedgehog Bxg2 Line, Kxg2	review	review
A.Eng.Sym.Rub.MLn.O-O	English Symmetrical Rubinstein Main Line, O-O	review	review
A.Eng.Sym.Rub.MLn.O-O.Be2	English Symmetrical Rubinstein O-O Line, Be2	review	review
A.Eng.Rev.Fou.MLn.e3	English Four Knights Main Line, e3	review	review
A.Eng.Rev.Fou.MLn.e3.Be7	English Four Knights e3 Line, Be7	review	review
A.Ret.Acc.MLn	Réti Accepted, Main Line	descriptor	editorial_leaf_token
A.Ret.Acc.MLn.Be6	Réti Accepted Main Line, Be6	review	review
A.Ret.Acc.MLn.Be6.Bxc4	Réti Accepted Be6 Line, Bxc4	review	review
A.Ret.Adv.MLn	Réti Advance, Main Line	descriptor	editorial_leaf_token
A.Ret.Adv.MLn.Nc6	Réti Advance Main Line, Nc6	review	review
A.Ret.Adv.MLn.Nc6.Bg2	Réti Advance Nc6 Line, Bg2	review	review
A.Ret.Ang.MLn	Réti Anglo-Slav, Main Line	descriptor	editorial_leaf_token
A.Ret.Ang.MLn.Nf6	Réti Anglo-Slav Main Line, Nf6	review	review
A.Ret.QGI.MLn	Réti Queen's Gambit Invitation, Main Line	descriptor	editorial_leaf_token
A.Ret.QGI.MLn.Nf6	Réti QGI Main Line, Nf6	review	review
A.Ret.Fch.MLn	Réti Double Fianchetto, Main Line	descriptor	editorial_leaf_token
A.Ret.Fch.MLn.Bg2	Réti Double Fianchetto Main Line, Bg2	review	review
A.KIA.Sic.MLn	King's Indian Attack Sicilian Setup, Main Line	descriptor	editorial_leaf_token
A.KIA.Sic.MLn.g3	King's Indian Attack Sicilian Main Line, g3	review	review
A.KIA.Sic.MLn.g3.Nf6	King's Indian Attack Sicilian g3 Line, Nf6	review	review
A.KIA.Car.MLn	King's Indian Attack Caro-Kann Setup, Main Line	descriptor	editorial_leaf_token
A.KIA.Car.MLn.Ngf3	King's Indian Attack Caro-Kann Main Line, Ngf3	review	review
A.Hol.Fch.MLn	Dutch Fianchetto Attack, Main Line	descriptor	editorial_leaf_token
A.Hol.Fch.MLn.c4	Dutch Fianchetto Main Line, c4	review	review
A.Hol.Sta.MLn	Dutch Staunton Gambit, Main Line	descriptor	editorial_leaf_token
A.Hol.Sta.MLn.d5	Dutch Staunton Main Line, d5	review	review
A.Hol.Hop.MLn	Dutch Hopton Attack, Main Line	descriptor	editorial_leaf_token
A.Hol.Kre.MLn	Dutch Krejčík Gambit, Main Line	descriptor	editorial_leaf_token
A.Hol.Alp.MLn	Dutch Alapin Variation, Main Line	descriptor	editorial_leaf_token
A.Hol.Lng.MLn.b3	Dutch Leningrad Main Line, b3	review	review
A.Hol.Lng.MLn.b3.Nc6	Dutch Leningrad b3 Line, Nc6	review	review
A.Hol.Sto.Bot.MLn.c5	Dutch Stonewall Botvinnik Main Line, c5	review	review
A.Lon.Msn.MLn	London Mason Line, Main Line	descriptor	editorial_leaf_token
A.Lon.Msn.MLn.Nbd2	London Mason Main Line, Nbd2	review	review
A.Lon.Job.Nc6.MLn	Jobava London Nc6 Line, Main Line	descriptor	editorial_leaf_token
A.Lon.Job.Nc6.MLn.Nb5	Jobava London Nc6 Main Line, Nb5	review	review
A.Lon.Psn.Qxb2	London Poisoned Pawn, Qxb2	review	review
A.Lon.Psn.Qxb2.Nb5	London Poisoned Pawn Qxb2 Line, Nb5	review	review
A.Col.Zuk.MLn	Colle Zukertort, Main Line	descriptor	editorial_leaf_token
A.Col.Zuk.MLn.Be7	Colle Zukertort Main Line, Be7	review	review
A.Col.Phn.MLn	Colle Phoenix Attack, Main Line	descriptor	editorial_leaf_token
A.Tor.Yus.MLn.c3	Torre Yusupov-Rubinstein Main Line, c3	review	review
A.Tor.Yus.MLn.c3.Bb7	Torre Yusupov-Rubinstein c3 Line, Bb7	review	review
A.Ver.Cls.MLn	Richter-Veresov Classical, Main Line	descriptor	editorial_leaf_token
A.Ver.Cls.MLn.Be7	Richter-Veresov Classical Main Line, Be7	review	review
A.Lar.Cls.MLn	Larsen Classical Line, Main Line	descriptor	editorial_leaf_token
A.Lar.Cls.MLn.Be2	Larsen Classical Main Line, Be2	review	review
A.Pol.Bhm.MLn	Polish Birmingham Gambit, Main Line	descriptor	editorial_leaf_token
A.Pol.Bhm.MLn.Bb2	Polish Birmingham Main Line, Bb2	review	review
A.Gro.Gbt.MLn	Grob Gambit, Main Line	descriptor	editorial_leaf_token
A.Gro.Gbt.MLn.d4	Grob Gambit Main Line, d4	review	review
A.Mod.Avk.MLn	Modern Averbakh System, Main Line	descriptor	editorial_leaf_token
A.Mod.Avk.MLn.Be2	Modern Averbakh Main Line, Be2	review	review
A.PQI.Bf4.MLn	Pseudo-Queen's Indian Bf4 Line, Main Line	descriptor	editorial_leaf_token
A.PQI.Fch.MLn	Pseudo-Queen's Indian Fianchetto, Main Line	descriptor	editorial_leaf_token
A.EID.Fch.MLn	East Indian Fianchetto, Main Line	descriptor	editorial_leaf_token
A.EID.Col.MLn	East Indian Colle System, Main Line	descriptor	editorial_leaf_token
C.RyL.AntM.a4.Bb7	Ruy López Anti-Marshall a4 Line, Bb7	review	review
C.RyL.AntM.a4.Bb7.d3	Ruy López Anti-Marshall a4 Bb7 Line, d3	review	review
C.RyL.AntM.a4.Bb7.d3.d6	Ruy López Anti-Marshall a4 d3 Line, d6	review	review
C.RyL.AntM.h3.Bb7	Ruy López Anti-Marshall h3 Line, Bb7	review	review
C.RyL.AntM.h3.Bb7.d3	Ruy López Anti-Marshall h3 Bb7 Line, d3	review	review
C.RyL.AntM.h3.Bb7.d3.d5	Ruy López Anti-Marshall h3 d3 Line, d5	review	review
C.RyL.AntM.d3.d6	Ruy López Anti-Marshall d3 Line, d6	review	review
C.RyL.AntM.d3.d6.c3	Ruy López Anti-Marshall d3 d6 Line, c3	review	review
C.RyL.AntM.d3.d6.c3.Na5	Ruy López Anti-Marshall d3 c3 Line, Na5	review	review
C.RyL.Cls.Cen.exd4	Ruy López Closed Centre Line, exd4	review	review
C.RyL.Cls.Cen.exd4.cxd4	Ruy López Closed Centre exd4 Line, cxd4	review	review
C.RyL.Cls.Cen.exd4.cxd4.Bg4	Ruy López Closed Centre cxd4 Line, Bg4	review	review
C.PhD.Han.MLn.O-O.O-O	Philidor Hanham O-O Line, O-O	review	review
C.PhD.Han.MLn.O-O.O-O.Re1	Philidor Hanham Castled Line, Re1	review	review
C.PhD.Exc.MLn.Be7	Philidor Exchange Main Line, Be7	review	review
C.PhD.Exc.MLn.Be7.O-O	Philidor Exchange Be7 Line, O-O	review	review
C.PhD.Lio.MLn.O-O	Philidor Lion Main Line, O-O	review	review
C.PhD.Lio.MLn.O-O.Re1	Philidor Lion O-O Line, Re1	review	review
C.Pon.Jae.MLn.e5.Ne4	Ponziani Jaenisch e5 Line, Ne4	review	review
C.Pon.Jae.MLn.e5.Ne4.cxd4	Ponziani Jaenisch Ne4 Line, cxd4	review	review
C.Pon.CGm.MLn.exf5.Nf6	Ponziani Countergambit exf5 Line, Nf6	review	review
C.Pon.CGm.MLn.exf5.Nf6.Bd3	Ponziani Countergambit Nf6 Line, Bd3	review	review
C.Pon.Ste.MLn.f6.exd5	Ponziani Steinitz f6 Line, exd5	review	review
C.Pon.Ste.MLn.f6.exd5.Qxd5	Ponziani Steinitz exd5 Line, Qxd5	review	review
C.Cen.Pau.MLn	Center Game Paulsen Attack, Main Line	descriptor	editorial_leaf_token
C.Cen.Pau.MLn.Bb4	Center Game Paulsen Main Line, Bb4	review	review
C.Cen.Pau.MLn.Bb4.Bd2	Center Game Paulsen Bb4 Line, Bd2	review	review
C.Ita.Pia.Wai.MLn	Giuoco Pianissimo a6 Line, Main Line	descriptor	editorial_leaf_token
C.Ita.Pia.Wai.MLn.Re1	Giuoco Pianissimo a6 Main Line, Re1	review	review
C.Ita.Giu.Mol.MLn.d5	Giuoco Piano Møller Main Line, d5	review	review
C.Ita.Giu.Mol.MLn.d5.exd5	Giuoco Piano Møller d5 Line, exd5	review	review
C.Ita.Evn.Acc.Mor.d6.cxd4	Evans Accepted Morphy d6 Line, cxd4	review	review
C.KGm.Acc.Kie.MLn	King's Gambit Kieseritzky, Main Line	descriptor	editorial_leaf_token
C.KGm.Acc.Kie.MLn.d4	King's Gambit Kieseritzky Main Line, d4	review	review
C.KGm.Acc.Muz.MLn	King's Gambit Muzio, Main Line	descriptor	editorial_leaf_token
C.KGm.Acc.Muz.MLn.Qxf3	King's Gambit Muzio Main Line, Qxf3	review	review
C.KGm.Acc.Bsh.MLn	King's Gambit Bishop's Gambit, Main Line	descriptor	editorial_leaf_token
C.KGm.Dec.Fal.MLn.d3.Nf6	Falkbeer Countergambit d3 Line, Nf6	review	review
C.Pet.Stf.MLn	Petrov Stafford Gambit, Main Line	descriptor	editorial_leaf_token
C.Pet.Stf.MLn.d3	Petrov Stafford Main Line, d3	review	review
C.Pet.Stf.MLn.d3.Bc5	Petrov Stafford d3 Line, Bc5	review	review
C.Sco.Cls.Sch.MLn	Scotch Classical Schmidt, Main Line	descriptor	editorial_leaf_token
C.Sco.Cls.Sch.MLn.O-O	Scotch Classical Schmidt Main Line, O-O	review	review
C.Vie.Mie.MLn.exd5	Vienna Mieses Main Line, exd5	review	review
C.Vie.Mie.MLn.exd5.Nxd5	Vienna Mieses exd5 Line, Nxd5	review	review
C.Vie.Fal.MLn.Nxe4	Vienna Falkbeer Main Line, Nxe4	review	review
C.Vie.Fal.MLn.Nxe4.d5	Vienna Falkbeer Nxe4 Line, d5	review	review
C.Fou.Spa.Dbl.MLn.d3	Four Knights Double Spanish Main Line, d3	review	review
C.Fou.Spa.Dbl.MLn.d3.d6	Four Knights Double Spanish d3 Line, d6	review	review
C.Fou.Spa.Cls.MLn.d3	Four Knights Spanish Classical Main Line, d3	review	review
C.Fou.Spa.Cls.MLn.d3.d6	Four Knights Spanish Classical d3 Line, d6	review	review
B.Sic.Naj.Eng.e5	Sicilian Najdorf English Attack, e5	review	review
B.Sic.Naj.Eng.e5.Nb3	Sicilian Najdorf English e5 Line, Nb3	review	review
B.Sic.Naj.Sch.O-O	Sicilian Najdorf Scheveningen, O-O	review	review
B.Sic.Naj.Sch.O-O.Be7	Sicilian Najdorf Scheveningen O-O Line, Be7	review	review
B.Sic.Dra.Yug.Bd7	Sicilian Dragon Yugoslav Attack, Bd7	review	review
B.Sic.Dra.Yug.Bd7.O-O-O	Sicilian Dragon Yugoslav Bd7 Line, O-O-O	review	review
B.Sic.Sch.Krs.h6	Sicilian Scheveningen Keres Attack, h6	review	review
B.Sic.Sch.Krs.h6.h4	Sicilian Scheveningen Keres h6 Line, h4	review	review
B.Sic.Sch.Krs.h6.h4.Nc6	Sicilian Scheveningen Keres h4 Line, Nc6	review	review
B.Sic.Acc.Mar.Nf6	Accelerated Dragon Maróczy Bind, Nf6	review	review
B.Sic.Acc.Mar.Nf6.Nc3	Accelerated Dragon Maróczy Nf6 Line, Nc3	review	review
B.Sic.Acc.Mar.Nf6.Nc3.Nxd4	Accelerated Dragon Maróczy Nc3 Line, Nxd4	review	review
B.Sic.Ros.Nim.O-O	Sicilian Rossolimo Nimzowitsch, O-O	review	review
B.Sic.Ros.Nim.O-O.Nge7	Sicilian Rossolimo Nimzowitsch O-O Line, Nge7	review	review
B.CaK.Adv.Sht.O-O	Caro-Kann Advance Short, O-O	review	review
B.CaK.Adv.Sht.O-O.Nc6	Caro-Kann Advance Short O-O Line, Nc6	review	review
B.CaK.Adv.Tal.h5	Caro-Kann Advance Tal, h5	review	review
B.CaK.Adv.Tal.h5.Bd3	Caro-Kann Advance Tal h5 Line, Bd3	review	review
B.CaK.Pmv.Nc6.Nf3	Caro-Kann Panov Normal, Nf3	review	review
B.CaK.Pmv.Nc6.Nf3.Bg4	Caro-Kann Panov Normal Nf3 Line, Bg4	review	review
B.CaK.Two.Bf5.MLn.d3	Caro-Kann Two Knights Bf5 Main Line, d3	review	review
B.CaK.Two.Bf5.MLn.d3.Nd7	Caro-Kann Two Knights d3 Line, Nd7	review	review
B.Fre.Cls.MLn.e5	French Classical Main Line, e5	review	review
B.Fre.Cls.MLn.e5.Nfd7	French Classical e5 Line, Nfd7	review	review
B.Fre.Stn.MLn.f4	French Steinitz Main Line, f4	review	review
B.Fre.Stn.MLn.f4.c5	French Steinitz f4 Line, c5	review	review
B.Fre.Win.Psn.Kd1	French Winawer Poisoned Pawn, Kd1	review	review
B.Fre.Win.Psn.Kd1.dxc3	French Winawer Poisoned Pawn Kd1 Line, dxc3	review	review
B.Fre.Tar.Ope.exd5	French Tarrasch Open, exd5	review	review
B.Fre.Tar.Ope.exd5.exd5	French Tarrasch Open exd5 Line, exd5	review	review
B.Pir.150.MLn.f3	Pirc 150 Attack Main Line, f3	review	review
B.Pir.150.MLn.f3.c6	Pirc 150 Attack f3 Line, c6	review	review
B.Pir.Aus.Drg.MLn.Nc6	Pirc Austrian Dragon Main Line, Nc6	review	review
B.Ale.Mod.MLn.Be2	Alekhine Modern Main Line, Be2	review	review
B.Ale.Mod.MLn.Be2.e6	Alekhine Modern Be2 Line, e6	review	review
B.Sca.Mod.Mie.Nf3	Scandinavian Mieses-Kotrc, Nf3	review	review
B.Sca.Por.Cls.MLn	Scandinavian Portuguese Classical, Main Line	descriptor	editorial_leaf_token
B.Sca.Por.Cls.MLn.Be2	Scandinavian Portuguese Classical Main Line, Be2	review	review
B.Sca.Nf6.Nf3.MLn	Scandinavian 2...Nf6 Modern, Main Line	descriptor	editorial_leaf_token
B.Sca.Nf6.Nf3.MLn.Nxd5	Scandinavian 2...Nf6 Modern Main Line, Nxd5	review	review
B.CaK.Exc.MLn.Nf6	Caro-Kann Exchange Main Line, Nf6	review	review
B.CaK.Exc.MLn.Nf6.O-O	Caro-Kann Exchange Nf6 Line, O-O	review	review
D.QGD.Cls.MLn.Bh4.b6	QGD Classical Bh4 Line, b6	review	review
D.QGD.Cls.MLn.Bh4.b6.cxd5	QGD Classical b6 Line, cxd5	review	review
D.QGD.Ort.MLn.dxc4	QGD Orthodox Main Line, dxc4	review	review
D.QGD.Ort.MLn.dxc4.Bxc4	QGD Orthodox dxc4 Line, Bxc4	review	review
D.QGD.Ort.MLn.dxc4.Bxc4.Nd5	QGD Orthodox Bxc4 Line, Nd5	review	review
D.QGD.Tar.MLn.Bd3.Bb7	QGD Tartakower Bd3 Line, Bb7	review	review
D.QGD.Tar.MLn.Bd3.Bb7.O-O	QGD Tartakower Bb7 Line, O-O	review	review
D.QGD.Rag.Bg5.h6	QGD Ragozin Bg5 Line, h6	review	review
D.QGD.Rag.Bg5.h6.Bh4	QGD Ragozin h6 Line, Bh4	review	review
D.QGD.Rag.Bg5.h6.Bh4.dxc4	QGD Ragozin Bh4 Line, dxc4	review	review
D.QGD.Vie.MLn.e5	QGD Vienna Main Line, e5	review	review
D.QGD.Vie.MLn.e5.Bxc4	QGD Vienna e5 Line, Bxc4	review	review
D.QGD.Bal.MLn.e3	QGD Baltic Main Line, e3	review	review
D.QGD.Bal.MLn.e3.Be7	QGD Baltic e3 Line, Be7	review	review
D.Sla.Cls.MLn.O-O	Slav Classical Main Line, O-O	review	review
D.Sla.Cls.MLn.O-O.Nbd7	Slav Classical O-O Line, Nbd7	review	review
D.Sla.Che.MLn.c5	Slav Chebanenko Main Line, c5	review	review
D.Sla.Che.MLn.c5.g6	Slav Chebanenko c5 Line, g6	review	review
D.Sla.Exc.MLn.e3.Bf5	Slav Exchange e3 Line, Bf5	review	review
D.Sla.Exc.MLn.e3.Bf5.Nf3	Slav Exchange Bf5 Line, Nf3	review	review
D.Sla.Sch.MLn.Bd3	Slav Schlechter Main Line, Bd3	review	review
D.Sla.Sch.MLn.Bd3.O-O	Slav Schlechter Bd3 Line, O-O	review	review
D.Sla.Qui.MLn.Be2	Slav Quiet Main Line, Be2	review	review
D.Sla.Qui.MLn.Be2.Nbd7	Slav Quiet Be2 Line, Nbd7	review	review
D.Sem.Mer.MLn.O-O	Semi-Slav Meran Main Line, O-O	review	review
D.Sem.Mer.MLn.O-O.cxd4	Semi-Slav Meran O-O Line, cxd4	review	review
D.Sem.AMe.Bd3.O-O	Semi-Slav Anti-Meran Bd3 Line, O-O	review	review
D.Sem.AMe.Bd3.O-O.O-O	Semi-Slav Anti-Meran Bd3 O-O Line, O-O	review	review
D.Sem.Bg5.Mos.e3	Semi-Slav Moscow, e3	review	review
D.Sem.Bg5.Mos.e3.Nd7	Semi-Slav Moscow e3 Line, Nd7	review	review
D.Sem.Bg5.AMo.e4	Semi-Slav Anti-Moscow, e4	review	review
D.Sem.Bg5.AMo.e4.g5	Semi-Slav Anti-Moscow e4 Line, g5	review	review
D.Sem.Bg5.Bot.e5	Semi-Slav Botvinnik, e5	review	review
D.Sem.Bg5.Bot.e5.h6	Semi-Slav Botvinnik e5 Line, h6	review	review
D.Cat.Ope.Qa4.Bd7	Catalan Open Qa4 Line, Bd7	review	review
D.Cat.Cls.Qc2.c6	Catalan Closed Qc2 Line, c6	review	review
D.Cat.Cls.Qc2.c6.Rd1	Catalan Closed Qc2 c6 Line, Rd1	review	review
D.Tar.Cls.MLn.Be3	Tarrasch Classical Main Line, Be3	review	review
D.Tar.Cls.MLn.Be3.Bxc5	Tarrasch Classical Be3 Line, Bxc5	review	review
D.STa.Exc.MLn.Nxd5	Semi-Tarrasch Exchange Main Line, Nxd5	review	review
D.STa.Exc.MLn.Nxd5.Bb4	Semi-Tarrasch Exchange Main Line, Bb4	review	review
D.QGA.Cls.MLn.Bd3	QGA Classical Main Line, Bd3	review	review
D.QGA.Cls.MLn.Bd3.Bb7	QGA Classical Bd3 Line, Bb7	review	review
D.Alb.Nrm.MLn.b4	Albin Counter-Gambit Normal Main Line, b4	review	review
D.Alb.Nrm.MLn.b4.Qd7	Albin Normal b4 Line, Qd7	review	review
D.QPG.Ver.MLn.Be7.Nf3	Queen's Pawn Veresov Be7 Line, Nf3	review	review
D.QPG.Ver.MLn.Be7.Nf3.O-O	Queen's Pawn Veresov Nf3 Line, O-O	review	review
C.Bsh.Ber.d3	Bishop's Opening, Berlin Defence, d3	review	review
C.Bsh.Ber.d3.Nc6	Bishop's Opening, Berlin Defence, d3, Nc6	review	review
C.Bsh.Cal.d3	Bishop's Opening, Calabrese Countergambit, d3	review	review
C.Bsh.Cal.d3.Nf6	Bishop's Opening, Calabrese Countergambit, d3, Nf6	review	review
C.Bsh.Cal.d3.Nf6.Nf3	Bishop's Opening, Calabrese Countergambit, d3, Nf6, Nf3	review	review
C.Bsh.Cal.d3.Nf6.Nf3.Nc6	Bishop's Opening, Calabrese Countergambit, d3, Nf6, Nf3, Nc6	review	review
C.RyL.Coz.d4	Ruy López, Cozio Defence, d4	review	review
C.RyL.Coz.d4.exd4	Ruy López, Cozio Defence, d4, exd4	review	review
C.RyL.Coz.d4.exd4.Nxd4	Ruy López, Cozio Defence, d4, exd4, Nxd4	review	review
C.RyL.Coz.d4.exd4.Nxd4.Nxd4	Ruy López, Cozio Defence, d4, exd4, Nxd4, Nxd4	review	review
C.RyL.Ber.Cls.Re1	Ruy López Berlin, Classical Variation, Re1	review	review
C.RyL.Ber.Cls.Re1.O-O	Ruy López Berlin, Classical Variation, Re1, O-O	review	review
C.RyL.Ber.Cls.Re1.O-O.Nc3	Ruy López Berlin, Classical Variation, Re1, O-O, Nc3	review	review
C.Pet.Cls.MLn.O-O	Petrov Classical, Main Line, O-O	review	review
C.Pet.Cls.MLn.O-O.Re1	Petrov Classical, Main Line, O-O, Re1	review	review
C.Pet.Cls.MLn.O-O.Re1.c6	Petrov Classical, Main Line, O-O, Re1, c6	review	review
C.Ita.Two.Opn.MLn.O-O	Two Knights Open Variation, Main Line, O-O	review	review
C.Ita.Two.Opn.MLn.O-O.Bc5	Two Knights Open Variation, Main Line, O-O, Bc5	review	review
C.Ita.Two.Max.MLn.exf6	Two Knights Max Lange, Main Line, exf6	review	review
C.Ita.Two.Max.MLn.exf6.Qxf6	Two Knights Max Lange, Main Line, exf6, Qxf6	review	review
C.Ita.Giu.Grc.MLn.exd6	Giuoco Piano Greco Gambit, Main Line, exd6	review	review
C.Ita.Giu.Grc.MLn.exd6.Qxd6	Giuoco Piano Greco Gambit, Main Line, exd6, Qxd6	review	review
C.KGm.Acc.Bsh.MLn.d6	King's Gambit Bishop's Gambit, Main Line, d6	review	review
C.KGm.Acc.Bsh.MLn.d6.Nf3	King's Gambit Bishop's Gambit, Main Line, d6, Nf3	review	review
C.KGm.Acc.Kie.MLn.d4.d6	King's Gambit Kieseritzky Main Line, d4, d6	review	review
C.KGm.Acc.Muz.MLn.Qxf3.d5	King's Gambit Muzio Main Line, Qxf3, d5	review	review
C.Pet.Stf.MLn.d3.Bc5.Be2	Petrov Stafford d3 Line, Bc5, Be2	review	review
C.Sco.Mie.Ste.Nf3	Scotch Mieses, Steinitz Variation, Nf3	review	review
C.Vie.Cls.MLn.Nf3.O-O	Vienna Classical Main Line, Nf3, O-O	review	review
C.Vie.Cls.MLn.Nf3.O-O.O-O	Vienna Classical Main Line, Nf3, O-O, O-O	review	review
C.Vie.Mie.MLn.exd5.Nxd5.Bg2	Vienna Mieses exd5 Line, Nxd5, Bg2	review	review
C.Cen.Pau.MLn.Bb4.Bd2.Qe7	Center Game Paulsen Bb4 Line, Bd2, Qe7	review	review
C.PhD.Lio.MLn.O-O.Re1.Nb6	Philidor Lion O-O Line, Re1, Nb6	review	review
C.Ele.Nor.MLn.Nc3	Elephant Normal, Main Line, Nc3	review	review
C.Ele.Nor.MLn.Nc3.Be7	Elephant Normal, Main Line, Nc3, Be7	review	review
C.KPO.Prt.MLn.Nc6	Portuguese Opening, Main Line, Nc6	review	review
C.KPO.Prt.MLn.Nc6.Nf3	Portuguese Opening, Main Line, Nc6, Nf3	review	review
C.KPO.Prt.MLn.Nc6.Nf3.Be7	Portuguese Opening, Main Line, Nc6, Nf3, Be7	review	review
C.LtO.Acc.MLn.Nh4	Latvian Gambit Accepted, Main Line, Nh4	review	review
C.LtO.Acc.MLn.Nh4.Nf6	Latvian Gambit Accepted, Main Line, Nh4, Nf6	review	review
C.LtO.Acc.MLn.Nh4.Nf6.Nc3	Latvian Gambit Accepted, Main Line, Nh4, Nf6, Nc3	review	review
A.Hol.Rap.Nf6	Dutch Defence, Raphael Variation, Nf6	review	review
A.Hol.Alp.MLn.c5	Dutch Alapin Variation, Main Line, c5	review	review
A.Hol.Hop.MLn.Nf6	Dutch Hopton Attack, Main Line, Nf6	review	review
A.Hol.Kre.MLn.Nf6	Dutch Krejčík Gambit, Main Line, Nf6	review	review
A.Hol.Lng.Mat.d5	Dutch Leningrad, Matulovic Variation, d5	review	review
A.Hol.Lng.War.d5	Dutch Leningrad, Warsaw Variation, d5	review	review
A.Hol.Rap.Nf6.Nf3	Dutch Defence, Raphael Variation, Nf6, Nf3	review	review
A.Hol.Alp.MLn.c5.Nf3	Dutch Alapin Variation, Main Line, c5, Nf3	review	review
A.Hol.Lng.Mat.d5.e6	Dutch Leningrad, Matulovic Variation, d5, e6	review	review
A.Hol.Lng.War.d5.c5	Dutch Leningrad, Warsaw Variation, d5, c5	review	review
A.Hol.Sta.MLn.d5.Nf3	Dutch Staunton Main Line, d5, Nf3	review	review
A.Hol.Hop.MLn.Nf6.Nf3	Dutch Hopton Attack, Main Line, Nf6, Nf3	review	review
A.Eng.Mik.MLn.Ne4.Nfd7.Nf3	English Mikėnas-Carls Ne4 Line, Nfd7, Nf3	review	review
A.Eng.Org.MLn.Bb2.Bxb4.Nf3	English Orangutan Bb2 Line, Bxb4, Nf3	review	review
A.Ret.Eng.d4	Réti Opening, English Transposition, d4	review	review
A.Ret.Lis.Nf6	Réti Opening, Lisitsyn Gambit, Nf6	review	review
A.Ret.Eng.d4.c5	Réti Opening, English Transposition, d4, c5	review	review
A.Ret.Lis.Nf6.d4	Réti Opening, Lisitsyn Gambit, Nf6, d4	review	review
A.Ret.Nim.MLn.d4	Réti Nimzowitsch-Larsen, Main Line, d4	review	review
A.Ret.Eng.d4.c5.g6	Réti Opening, English Transposition, d4, c5, g6	review	review
A.Ret.Lis.Nf6.d4.d5	Réti Opening, Lisitsyn Gambit, Nf6, d4, d5	review	review
A.Ret.Nim.MLn.d4.c5	Réti Nimzowitsch-Larsen, Main Line, d4, c5	review	review
A.KIA.Fre.Bar.Nf6	King's Indian Attack French Setup, Barcza System, Nf6	review	review
A.KIA.Fre.MLn.d4	King's Indian Attack French Setup, Main Line, d4	review	review
A.KIA.Fre.MLn.d4.c4	King's Indian Attack French Setup, Main Line, d4, c4	review	review
A.KIA.Fre.Bar.Nf6.Nf3	King's Indian Attack French Setup, Barcza System, Nf6, Nf3	review	review
A.KIA.Car.MLn.Ngf3.Nf6	King's Indian Attack Caro-Kann Main Line, Ngf3, Nf6	review	review
A.KIA.Fre.MLn.d4.c4.c5	King's Indian Attack French Setup, Main Line, d4, c4, c5	review	review
A.OID.Wad.d5	Old Indian, Wade Defence, d5	review	review
A.OID.Nf6.e4.d5	Old Indian Defence, Nf6 e4 Line, d5	review	review
A.OID.Wad.d5.Nf6	Old Indian, Wade Defence, d5, Nf6	review	review
A.OID.Mod.MLn.Nf6	Old Indian Modern, Main Line, Nf6	review	review
A.OID.Nf6.e4.d5.Nf3	Old Indian Defence, Nf6 e4 Line, d5, Nf3	review	review
A.EID.Prz.d5	East Indian Defence, Przepiorka Variation, d5	review	review
A.EID.Prz.d5.c5	East Indian Defence, Przepiorka Variation, d5, c5	review	review
A.EID.Col.MLn.d5	East Indian Colle System, Main Line, d5	review	review
A.EID.Fch.MLn.d5	East Indian Fianchetto, Main Line, d5	review	review
A.Mod.Pte.Nf3	Modern Defence, Pterodactyl Setup, Nf3	review	review
A.Mod.Ran.Nf3	Modern Defence, Randspringer Variation, Nf3	review	review
A.Mod.Pte.Nf3.Nf6	Modern Defence, Pterodactyl Setup, Nf3, Nf6	review	review
A.Mod.Ran.Nf3.Nf6	Modern Defence, Randspringer Variation, Nf3, Nf6	review	review
A.Lon.Cls.MLn.c4	London Classical, Main Line, c4	review	review
A.Lon.Cls.MLn.c4.g3	London Classical, Main Line, c4, g3	review	review
A.Lon.Msn.MLn.Nbd2.c4	London Mason Main Line, Nbd2, c4	review	review
A.Lon.Psn.Qxb2.Nb5.c4	London Poisoned Pawn Qxb2 Line, Nb5, c4	review	review
A.Lon.Cls.MLn.c4.g3.g6	London Classical, Main Line, c4, g3, g6	review	review
A.Tro.Psn.Nf3	Trompowsky Attack, Poisoned Pawn, Nf3	review	review
A.Tro.Bxf6.e3.d5	Trompowsky Bxf6 Line, e3, d5	review	review
A.Tro.Psn.Nf3.c4	Trompowsky Attack, Poisoned Pawn, Nf3, c4	review	review
A.Tro.Bxf6.e3.d5.Nf3	Trompowsky Bxf6 Line, e3, d5, Nf3	review	review
A.Tor.Nim.MLn.d5	Torre Nimzowitsch, Main Line, d5	review	review
A.Tor.ClD.MLn.c3.c5	Torre Classical Main Line, c3, c5	review	review
A.Tor.Nim.MLn.d5.c4	Torre Nimzowitsch, Main Line, d5, c4	review	review
A.Tor.ClD.MLn.c3.c5.c4	Torre Classical Main Line, c3, c5, c4	review	review
A.Col.Kol.MLn.c4	Colle Koltanowski, Main Line, c4	review	review
A.Col.Phn.MLn.c4	Colle Phoenix Attack, Main Line, c4	review	review
A.Col.Kol.MLn.c4.g6	Colle Koltanowski, Main Line, c4, g6	review	review
A.Col.Phn.MLn.c4.g6	Colle Phoenix Attack, Main Line, c4, g6	review	review
A.Pol.Bal.Nf3	Polish Opening, Baltic Defence, Nf3	review	review
A.Pol.Bug.d5	Polish Opening, Bugayev Advance, d5	review	review
A.Pol.Cze.Nf3	Polish Opening, Czech Defence, Nf3	review	review
A.Pol.Dut.Nf3	Polish Opening, Dutch Defence, Nf3	review	review
A.Pol.Out.Nf3	Polish Opening, Outflank Variation, Nf3	review	review
A.Gro.Als.Nf3	Grob Opening, Alessi Gambit, Nf3	review	review
A.Gro.Dbl.Nf3	Grob Opening, Double Grob, Nf3	review	review
A.Gro.Kee.Nf3	Grob Opening, Keene Defence, Nf3	review	review
A.Gro.Spk.Nf6	Grob Opening, Spike Attack, Nf6	review	review
A.Gro.Zil.Nf6	Grob Opening, Zilbermints Gambit, Nf6	review	review
A.Bir.Dut.Nf3	Bird Opening, Dutch Variation, Nf3	review	review
A.Bir.Hob.Nf3	Bird Opening, Hobbs Gambit, Nf3	review	review
A.Bir.Hor.Nf3	Bird Opening, Horsefly Defence, Nf3	review	review
A.Bir.Muj.d5	Bird Opening, Mujannah, d5	review	review
A.Bir.Wil.Nf6	Bird Opening, Williams Gambit, Nf6	review	review
A.Hng.Cat.Nf3	Hungarian Opening, Catalan Formation, Nf3	review	review
A.Hng.ReA.Nf6	Hungarian Opening, Reversed Alekhine, Nf6	review	review
A.Hng.ReM.Nf3	Hungarian Opening, Reversed Modern Defence, Nf3	review	review
A.Lar.Fch.Nf3	Larsen Opening, Fianchetto Defence, Nf3	review	review
A.Lar.Mod.Nf3	Larsen Attack, Modern Defence, Nf3	review	review
A.Lar.Fch.Nf3.d5	Larsen Opening, Fianchetto Defence, Nf3, d5	review	review
A.Ver.Hub.c5	Veresov Opening, Hübsch Gambit, c5	review	review
A.Ver.Ric.Nf3	Richter-Veresov, Richter Attack, Nf3	review	review
A.Ver.Hub.c5.g3	Veresov Opening, Hübsch Gambit, c5, g3	review	review
A.Van.ReN.Nf3	Van Geet Opening, Reversed Nimzowitsch, Nf3	review	review
A.Van.ReS.Nf6	Van Geet Opening, Reversed Scandinavian, Nf6	review	review
A.Owe.Eng.Nf3	English Defence, Nf3	review	review
A.Owe.Eng.Nf3.Nf6	English Defence, Nf3, Nf6	review	review
A.PQI.Tor.d5	Pseudo-Queen's Indian, Torre Line, d5	review	review
A.PQI.Tor.d5.c5	Pseudo-Queen's Indian, Torre Line, d5, c5	review	review
A.PQI.Bf4.MLn.d5	Pseudo-Queen's Indian Bf4 Line, Main Line, d5	review	review
A.Egl.Cha.Nf3	Englund Gambit, Charlick Line, Nf3	review	review
A.Egl.Dec.Nf6	Englund Gambit, Declined, Nf6	review	review
A.Egl.Cha.Nf3.Nf6	Englund Gambit, Charlick Line, Nf3, Nf6	review	review
A.Mie.ReR.MLn.Nf6	Mieses Opening Reversed Rat, Main Line, Nf6	review	review
A.Mie.Ven.MLn.Nf3	Mieses Opening Venezolana, Main Line, Nf3	review	review
A.Mik.Eng.Nf3	Mikėnas Defence, English Transposition, Nf3	review	review
A.Bar	Barnes Opening	review	review
A.Sar	Saragossa Opening	review	review
A.QPO	Queen's Pawn Opening	review	review
A.QPO.c6	Queen's Pawn Opening, c6	review	review
A.QPO.d6	Queen's Pawn Opening, d6	review	review
A.QPO.g6	Queen's Pawn Opening, Modern Defence	review	review
A.QPO.Nf6	Queen's Pawn Opening, Nf6	review	review
A.QPO.Nf6.Nf3	Queen's Pawn Opening, Nf6 Nf3	review	review
A.QPO.Nf6.Nc3	Queen's Pawn Opening, Nf6 Nc3	review	review
A.QPO.Nf6.f3	Queen's Pawn Opening, Nf6 f3	review	review
A.QPO.Nf6.g4	Queen's Pawn Opening, Nf6 g4	review	review
A.Aus	Australian Defence	review	review
A.PoD	Polish Defence	review	review
B.KPG	King's Pawn Opening	review	review
B.Bar	Barnes Defence	review	review
B.Bar.FrF	Fried Fox Defence	review	review
B.Dur	Duras Gambit	review	review
B.Lem	Lemming Defence	review	review
B.Pir.Pre	Pirc Defence, Precursor	review	review
B.Pir.Pre.d4	Pirc Defence, d4 Precursor	review	review
B.Pir.Pre.d4.Nf6	Pirc Defence, Nf6 Precursor	review	review
B.Pir.Pre.d4.Nf6.Nf3	Pirc Defence, Roscher Setup	review	review
B.Pir.Pre.d4.Nf6.Nc3	Pirc Defence, Nc3 Precursor	review	review
B.Pir.Pre.d4.Nf6.Nc3.Nbd7	Pirc Defence, Lion Setup	review	review
B.Rat.Bal	Rat Defence, Balogh	review	review
B.Sic.Nf3	Sicilian, 2.Nf3	review	review
B.Sic.Old	Sicilian, Old Sicilian	review	review
B.Sic.Fre	Sicilian, French Variation	review	review
B.Sic.Mod	Sicilian, Modern Variations	review	review
B.Sic.Ama	Sicilian, Amazon Attack	review	review
B.Sic.Nf3.f5	Sicilian 2.Nf3, f5	review	review
B.Sic.Nf3.h6	Sicilian 2.Nf3, Buecker Variation	review	review
B.Sic.Nf3.e5	Sicilian 2.Nf3, Jalalabad Variation	review	review
B.Sic.Nf3.b6	Sicilian 2.Nf3, Katalimov Variation	review	review
B.Sic.Nf3.Qa5	Sicilian 2.Nf3, Mongoose Variation	review	review
B.Sic.Nf3.b5	Sicilian 2.Nf3, Polish Gambit	review	review
B.Sic.Nf3.Qc7	Sicilian 2.Nf3, Quinteros Variation	review	review
B.Sic.Cen	Sicilian, 2.d4	review	review
B.Sic.Cen.Col	Sicilian, Coles Sicilian Gambit	review	review
B.Sic.Cen.Hal	Sicilian, Halasz Gambit	review	review
B.Sic.Cen.MGm	Sicilian, Morphy Gambit	review	review
B.Sic.Cen.MGm.And	Sicilian Morphy Gambit, Andreaschek	review	review
B.Sic.McD	Sicilian, McDonnell Attack	review	review
B.Sic.McD.Tal	Sicilian McDonnell Attack, Tal Gambit	review	review
B.Sic.McD.Toi	Sicilian McDonnell Attack, Toilet Variation	review	review
B.Sic.Cze	Sicilian, Czerniak Attack	review	review
B.Sic.Cze.QFn	Sicilian Czerniak, Queen Fianchetto	review	review
B.Sic.Cze.Euw	Sicilian Czerniak, Euwe-Prins Gambit	review	review
B.Sic.BCl	Sicilian, Big Clamp Formation	review	review
B.Sic.Bri	Sicilian, Brick Variation	review	review
B.Sic.Glo	Sicilian, Gloria Variation	review	review
B.Sic.Grb	Sicilian, Grob Variation	review	review
B.Sic.Ker	Sicilian, Keres Variation	review	review
B.Sic.KDa	Sicilian, King David's Opening	review	review
B.Sic.Kro	Sicilian, Kronberger Variation	review	review
B.Sic.Kro.Nem	Sicilian Kronberger, Nemeth Gambit	review	review
B.Sic.LDu	Sicilian, Lasker-Dunne Attack	review	review
B.Sic.Men	Sicilian, Mengarini Variation	review	review
B.Sic.Mya	Sicilian, Myers Attack with a4	review	review
B.Sic.Myh	Sicilian, Myers Attack with h4	review	review
B.Sic.StC	Sicilian, Staunton-Cochrane Variation	review	review
C.KGm.Acc.Nf3	King's Gambit Accepted, King's Knight's Gambit	review	review
C.KGm.Acc.Bas	King's Gambit Accepted, Basman Gambit	review	review
C.KGm.Acc.Bre	King's Gambit Accepted, Breyer Gambit	review	review
C.KGm.Acc.Car	King's Gambit Accepted, Carrera Gambit	review	review
C.KGm.Acc.Dod	King's Gambit Accepted, Dodo Variation	review	review
C.KGm.Acc.Eis	King's Gambit Accepted, Eisenberg Variation	review	review
C.KGm.Acc.Gag	King's Gambit Accepted, Gaga Gambit	review	review
C.KGm.Acc.MKe	King's Gambit Accepted, Mason-Keres Gambit	review	review
C.KGm.Acc.Ors	King's Gambit Accepted, Orsini Gambit	review	review
C.KGm.Acc.Par	King's Gambit Accepted, Paris Gambit	review	review
C.KGm.Acc.SBb	King's Gambit Accepted, Schurig Gambit with Bb5	review	review
C.KGm.Acc.SBd	King's Gambit Accepted, Schurig Gambit with Bd3	review	review
C.KGm.Acc.Sta	King's Gambit Accepted, Stamma Gambit	person	attributed_to
C.KGm.Acc.Tar	King's Gambit Accepted, Tartakower Gambit	review	review
C.KGm.Acc.Tar.Wei	King's Gambit Accepted Tartakower, Weiss Defence	review	review
C.KGm.Acc.Tum	King's Gambit Accepted, Tumbleweed	review	review
C.KGm.Acc.Vil	King's Gambit Accepted, Villemson Gambit	review	review
C.KGm.Acc.Nf3.Bec	King's Gambit Accepted, Becker Defence	review	review
C.KGm.Acc.Nf3.Bon	King's Gambit Accepted, Bonsch-Osmolovsky Variation	review	review
C.KGm.Acc.Nf3.Fis	King's Gambit Accepted, Fischer Defence	review	review
C.KGm.Acc.Nf3.Fis.Sch	King's Gambit Accepted Fischer, Schulder Gambit	review	review
C.KGm.Acc.Nf3.Fis.Spa	King's Gambit Accepted Fischer, Spanish Variation	review	review
C.KGm.Acc.Nf3.Gia	King's Gambit Accepted, Gianutio Countergambit	review	review
C.KGm.Acc.Nf3.KKn	King's Gambit Accepted, King's Knight's Gambit g5	review	review
C.KGm.Acc.Nf3.Mac	King's Gambit Accepted, MacLeod Defence	review	review
C.KGm.Acc.Nf3.Scl	King's Gambit Accepted, Schallopp Defence	person	attributed_to
C.KGm.Acc.Nf3.Scl.Tas	King's Gambit Accepted Schallopp, Tashkent Attack	review	review
C.KGm.Acc.Nf3.Wag	King's Gambit Accepted, Wagenbach Defence	review	review
C.KGm.Acc.Nf3.Cun	King's Gambit Accepted, Cunningham Defence	person	attributed_to
C.KGm.Acc.Nf3.Cun.Ber	King's Gambit Accepted Cunningham, Bertin Gambit	review	review
C.KGm.Acc.Nf3.Cun.McC	King's Gambit Accepted Cunningham, McCormick Defence	review	review
C.KGm.Acc.Nf3.Mod	King's Gambit Accepted, Modern Defence	review	review
C.KGm.Acc.Nf3.Mod.exd5	King's Gambit Accepted Modern, exd5	review	review
C.KGm.Acc.Nf3.Mod.exd5.Nf6	King's Gambit Accepted, Abbazia Defence	review	review
C.KGm.Acc.Nf3.KKn.Bc4	King's Knight's Gambit, Bc4	review	review
C.KGm.Acc.Nf3.KKn.Bc4.g4	King's Knight's Gambit Bc4, g4	review	review
C.KGm.Acc.Nf3.KKn.Bc4.Bg7	King's Knight's Gambit, Traditional Variation	review	review
C.KGm.Acc.Nf3.KKn.Bc4.d6	King's Knight's Gambit, Middleton Countergambit	review	review
C.KGm.Acc.Nf3.KKn.d4	King's Knight's Gambit, Rosentreter Gambit	review	review
C.KGm.Acc.Nf3.KKn.d4.g4	Rosentreter Gambit, g4	review	review
C.KGm.Acc.Nf3.KKn.Nc3	King's Knight's Gambit, Quaade Gambit	review	review
C.KGm.Acc.Nf3.KKn.h4	King's Knight's Gambit, h4	review	review
E.Ind.g5	Indian Defence, Medusa Gambit	review	review
E.Ind.b5	Indian Defence, Pyrenees Gambit	review	review
E.Ind.c6	Indian Defence, Slav Indian	review	review
E.Ind.e6	Indian Defence, e6 Precursor	review	review
E.Ind.e6.Nf3	Indian Defence, Anti-Nimzo-Indian	review	review
E.Ind.e6.Nf3.a6	Indian Defence, Dzindzi-Indian Defence	review	review
E.Ind.e6.Nf3.Ne4	Indian Defence, Doery Indian	person	attributed_to
E.Ind.Cat	Indian Catalan Setup	review	review
E.Ind.Cat.d5	Indian Catalan Setup, d5	review	review
E.Ind.Cat.e5	Indian Catalan Setup, Hungarian Gambit	review	review
E.Ind.Cat.d5.Bg2	Indian Catalan Setup, Bg2	review	review
E.Ind.Cat.d5.Bg2.dxc4	Indian Catalan Setup, Open	review	review
E.Ind.Cat.d5.Bg2.Be7	Indian Catalan Setup, Closed	review	review
E.Ind.Qb3	Indian Defence, Qb3	review	review
E.Ind.Dev	Indian Defence, Devin Gambit	review	review
E.Ind.Sei	Indian Defence, Seirawan Attack	review	review
E.Ind.e6.Nf3.d5	Indian Defence Anti-Nimzo, d5	review	review
E.Ind.e6.Nf3.d5.Bg5	Indian Defence Anti-Nimzo, Bg5	review	review
E.Ind.e6.Nf3.d5.e3	Indian Defence Anti-Nimzo, e3	review	review
E.Ind.WIn	West Indian Defence	review	review
E.Ind.WIn.Nc3	West Indian Defence, Nc3	review	review
E.Ind.WIn.Nf3	West Indian Defence, Nf3	review	review
E.Ind.WIn.g3	West Indian Defence, Immediate Fianchetto	review	review
E.Ind.WIn.d5	Anti-Grünfeld, Advance Variation	review	review
E.Ind.WIn.d5.b5	Anti-Grünfeld, Adorjan Gambit	review	review
E.Ind.WIn.f3	Anti-Grünfeld, Alekhine Variation	review	review
E.Ind.WIn.f3.e5	Anti-Grünfeld Alekhine, Leko Gambit	review	review
E.Ind.WIn.h4	Anti-Grünfeld, Basman-Williams Attack	review	review
E.Ind.WIn.Qc2	West Indian Defence, Mengarini Attack	review	review
E.Ind.WIn.Nf3.Bg7	West Indian Defence Nf3, Bg7	review	review
E.Ind.WIn.Nf3.Bg7.g3	King's Indian Fianchetto, Immediate Setup	review	review
E.Ind.WIn.Nf3.Bg7.b4	King's Indian Defence, Santasiere Variation	review	review
A.Eng.ADu	English Opening, Anglo-Dutch Defence	review	review
A.Eng.ADu.Hic	Anglo-Dutch, Hickmann Gambit	review	review
A.Eng.ADu.Wad	Anglo-Dutch, Wade Gambit	review	review
A.Eng.ADu.Cha	Anglo-Dutch, Chabanon Gambit	review	review
A.Eng.ADu.Fer	Anglo-Dutch, Ferenc Gambit	review	review
A.Eng.ADu.Por	Anglo-Dutch, Porcupine Variation	review	review
A.Eng.ASc	English Opening, Anglo-Scandinavian Defence	review	review
A.Eng.ASc.Loh	Anglo-Scandinavian, Löhn Gambit	review	review
A.Eng.ASc.Mal	Anglo-Scandinavian, Malvinas Variation	review	review
A.Eng.ASc.Sch	Anglo-Scandinavian, Schulz Gambit	review	review
A.Eng.ALi	English Opening, Anglo-Lithuanian Variation	review	review
A.Eng.GSn	English Opening, Great Snake Variation	review	review
A.Eng.GSn.Ado	English Opening, Adorjan Defence	review	review
A.Eng.GSn.Bot	English Botvinnik, Prickly Pawn Pass	review	review
A.Eng.Mye	English Opening, Myers Defence	review	review
A.Eng.Mye.d4	English Opening, Myers Gambit	review	review
A.Eng.Mye.Zil	English Opening, Zilbermints Gambit	review	review
A.Eng.Jae	English Opening, Jaenisch Gambit	review	review
A.Eng.CKa	English Opening, Caro-Kann Defensive System	review	review
A.Eng.Agi	English Opening, Agincourt Defence	review	review
A.Eng.Agi.Nf3	Agincourt Defence, Nf3	review	review
A.Eng.Agi.Nf3.Wim	Agincourt Defence, Wimpy System	review	review
A.Eng.Agi.Nf3.Rom	Agincourt Defence, Romanishin Gambit	review	review
A.Eng.AIn	English Opening, Anglo-Indian Defence	review	review
A.Eng.AIn.Nf3	Anglo-Indian Defence, King's Knight Variation	review	review
A.Eng.AIn.Nc3	Anglo-Indian Defence, Queen's Knight Variation	review	review
A.Eng.AIn.e4	English Opening, Achilles-Omega Gambit	review	review
A.Eng.AIn.Nf3.d6	Anglo-Indian, Old Indian Formation	review	review
A.Eng.AIn.Nf3.d5	Anglo-Indian, Scandinavian Defence	review	review
A.Eng.AIn.Nf3.d5.cxd5	Anglo-Indian Scandinavian, Exchange	review	review
A.Eng.AIn.Nf3.b6	Anglo-Indian, Queen's Indian Formation	review	review
A.Eng.AIn.Nf3.g6	Anglo-Indian, King's Indian Formation	review	review
A.Eng.AIn.Nf3.g6.g3	Anglo-Indian King's Indian, g3	review	review
A.Eng.AIn.Nf3.g6.g3.d5	Anglo-Indian, Grünfeld Formation	review	review
A.Eng.AIn.Nf3.g6.g3.b6	Anglo-Indian, Double Fianchetto	review	review
A.Eng.AIn.Nf3.g6.g3.c6	Anglo-Indian, Slav Formation	review	review
A.Eng.AIn.Nf3.g6.b4	English Orangutan, Anglo-Indian	review	review
A.Eng.AIn.Nc3.d5	Anglo-Grünfeld Defence	review	review
A.Eng.AIn.Nc3.d5.cxd5	Anglo-Grünfeld, Exchange	review	review
A.Eng.AIn.Nc3.e6	Anglo-Indian, Hedgehog System	review	review
A.Eng.AIn.Nc3.e6.Nf3	Anglo-Indian, Nimzo-English	review	review
A.Eng.AIn.Nc3.g6	Anglo-Indian, Anti-Anti-Grünfeld	review	review
A.Eng.AIn.Nc3.g6.Nf3	Anglo-Indian Anti-Anti-Grünfeld, Nf3	review	review
A.Ret.c5	Zukertort Opening, Sicilian Invitation	review	review
A.Ret.c5.e3	Zukertort Sicilian Invitation, e3	review	review
A.Ret.c5.e3.d4	Colle System, Rhamphorhynchus Variation	review	review
A.Ret.c5.c4	Modern Defence, Semi-Averbakh	review	review
A.Ret.c5.d4	Zukertort Sicilian Invitation, d4	review	review
A.Ret.c5.d4.e3	Zukertort, Speelsmet Gambit	review	review
A.Ret.g6	Zukertort Opening, Kingside Fianchetto	review	review
A.Ret.g6.d4	Modern Defence, Pterodactyl Invitation	review	review
A.Ret.g6.d4.dxc5	Modern Pterodactyl, Accepted	descriptor	editorial_leaf_token
A.Ret.Nh6	Zukertort Defence, Kingside Variation	review	review
A.Ret.Nh6.d4	Zukertort Kingside Variation, d4	review	review
A.Ret.Na6	Zukertort Defence, Na6	review	review
A.Ret.Na6.e4	Zukertort Na6, e4	review	review
A.Ret.Na6.e4.c5	Zukertort Sicilian Knight Variation	review	review
A.Ret.Na6.e4.Nh6	Zukertort Drunken Cavalry	review	review
A.Ret.f6	Zukertort Opening, Arctic Defence	review	review
A.Ret.f6.e4	Zukertort Arctic, e4	review	review
A.Ret.f6.e4.Nh6	Zukertort Arctic, Drunken Knight	review	review
A.Ret.h6	Zukertort Opening, Basman Defence	review	review
A.Ret.Nc6	Zukertort Opening, Black Mustang Defence	review	review
A.Ret.f5	Zukertort Opening, Dutch Variation	review	review
A.Ret.f5.d3	Zukertort Dutch, Lisitsyn Deferred	review	review
A.Ret.g5	Zukertort Opening, Herrstrom Gambit	review	review
A.Ret.d6	Zukertort Opening, Pirc Invitation	review	review
A.Ret.d6.d4	Zukertort Pirc Invitation, d4	review	review
A.Ret.d6.d4.e5	Zukertort, Vos Gambit	review	review
A.Ret.d6.e4	Zukertort Pirc Invitation, e4	review	review
A.Ret.d6.e4.Bg4	Zukertort, Wade Defence	review	review
A.Ret.b5	Zukertort Opening, Polish Defence	review	review
A.Ret.e6	Zukertort Opening, Queen's Gambit Invitation	review	review
A.Ret.b6	Zukertort Opening, Queenside Fianchetto	review	review
A.Ret.e5	Zukertort Opening, Ross Gambit	review	review
A.Ret.e5.Nxe5	Zukertort Ross, Walrus	review	review
A.Ret.c6	Zukertort Opening, Slav Invitation	review	review
A.Ret.a6	Zukertort Opening, St. George Defence	review	review
A.Ret.a5	Zukertort Opening, Ware Defence	review	review
A.Ret.Nf6	Zukertort Opening, Nf6	review	review
A.Ret.Nf6.Nc3	Zukertort Nf6, Nc3	review	review
A.Ret.Nf6.Nc3.Nc6	Zukertort Nf6 Nc3, Nc6	review	review
A.Ret.Nf6.e4	Zukertort, Lemberger Gambit	review	review
A.Ret.Nf6.e3	Zukertort Nf6, Quiet System	review	review
A.Ret.Nf6.b3	Zukertort, Nimzo-Larsen Variation	review	review
A.Ret.Nf6.b4	Polish Opening, Zukertort System	review	review
A.Ret.Nf6.a4	Zukertort, Myers Polish Attack	review	review
A.Ret.Nf6.g3	King's Indian Attack, Nf6	review	review
A.Ret.Nf6.g3.g6	KIA, Symmetrical Defence	review	review
A.Ret.Nf6.g3.g6.b4	KIA, Smyslov Variation	review	review
A.Ret.Nf6.g3.b5	KIA, Spassky Variation	review	review
A.Ret.d5	Zukertort Opening, d5	review	review
A.Ret.d5.b3	Nimzo-Larsen Attack, Classical Variation	review	review
A.Ret.d5.b3.c5	Nimzo-Larsen, Norfolk Gambit	review	review
A.Ret.d5.b3.c4	Zukertort, Regina-Nu Gambit	review	review
A.Ret.d5.Rg1	Zukertort Opening, Ampel Variation	review	review
A.Ret.d5.d3	Zukertort Opening, Old Indian Attack	review	review
A.Ret.d5.e3	Zukertort d5, e3	review	review
A.Ret.d5.e3.c5	Zukertort, Pachman Gambit	review	review
A.Ret.d5.Nc3	Zukertort, Reversed Mexican Defence	review	review
A.Ret.d5.a4	Zukertort Opening, The Potato	review	review
A.Ret.d5.g3	Réti, King's Indian Attack Setup	review	review
A.Ret.d5.g3.g6	KIA, Double Fianchetto	review	review
A.Ret.d5.g3.Bg4	KIA, Keres Variation	review	review
A.Ret.d5.g3.e5	KIA, Omega-Delta Gambit	review	review
A.Ret.d5.g3.c5	KIA, Sicilian Variation	review	review
A.Ret.d5.c4	Réti Opening, 2.c4	review	review
A.Ret.d5.c4.b5	Réti Opening, Zilbermints Gambit	review	review
B.Fre.Nrm	French Defence, Normal Variation	review	review
B.Fre.Nrm.d5	French Defence Normal, d5	review	review
B.Fre.Nrm.d5.Be3	French Defence, Alapin Gambit	review	review
B.Fre.Nrm.d5.Nf3	French Defence, Perseus Gambit	review	review
B.Fre.Nrm.d5.Nf3.dxe4	French Defence, Carlson Gambit	review	review
B.Fre.Nrm.d5.c4	French Defence, Diemer-Duhm Gambit	review	review
B.Fre.Nrm.d5.c4.dxe4	Diemer-Duhm Gambit, Accepted	descriptor	editorial_leaf_token
B.Fre.Nrm.d5.Qe2	French Defence, Hoffmann Gambit	review	review
B.Fre.Nrm.d5.Qe2.e5	Hoffmann Gambit, e5	review	review
B.Fre.Nrm.d5.Nh3	French Defence, Morphy Gambit	review	review
B.Fre.Nrm.d5.Bd3	French Defence, Schlechter Variation	review	review
B.Fre.Nrm.b5	French Defence, Baeuerle Gambit	review	review
B.Fre.Nrm.f5	French Defence, Franco-Hiva Gambit	review	review
B.Fre.Nrm.f5.exf5	Franco-Hiva Gambit, Accepted	descriptor	editorial_leaf_token
B.Fre.Nrm.c5	French Defence, Franco-Sicilian	review	review
B.Fre.Nrm.c5.d5	French Benoni	review	review
B.Fre.Nrm.Nf6	French Defence, Mediterranean Defence	review	review
B.Fre.Nrm.a6	French Defence, St. George Defence	review	review
B.Fre.Nrm.a6.c4	St. George Defence, Three Pawn Attack	review	review
B.Fre.Nrm.a6.c4.b5	St. George Defence, Sanky-George Gambit	review	review
B.Fre.Nrm.a6.Nf3	St. George Defence, Traditional Line	review	review
B.Fre.b4	French Defence, Banzai-Leong Gambit	review	review
B.Fre.b4.Bxb4	Banzai-Leong Gambit, Pinova Gambit	review	review
B.Fre.Bb5	French Defence, Bird Invitation	review	review
B.Fre.Qe2	French Defence, Chigorin Variation	review	review
B.Fre.b3	French Defence, Horwitz Attack	review	review
B.Fre.d3	French Defence, King's Indian Attack	review	review
B.Fre.d3.f5	French KIA, Franco-Hiva Gambit	review	review
B.Fre.Nf3	French Defence, Knight Variation	review	review
B.Fre.Nf3.f5	French Knight Variation, Franco-Hiva Gambit	review	review
B.Fre.Nf3.d5	French Defence, Two Knights precursor	review	review
B.Fre.Nf3.d5.Nc3	French Defence, Two Knights Variation	review	review
B.Fre.f4	French Defence, La Bourdonnais Variation	review	review
B.Fre.f4.d5	La Bourdonnais, Reuter Gambit	review	review
B.Fre.c4	French Defence, Steiner Variation	review	review
B.Fre.c4.d5	French Defence, Orthoschnapp Gambit	review	review
B.Fre.Nc3	French Defence, Queen's Knight	review	review
B.Fre.Nc3.d5	French Defence, Pelikán Variation	review	review
B.Fre.g3	French Defence, Réti-Spielmann Attack	review	review
B.Fre.e5	French Defence, Steinitz Attack	person	attributed_to
B.Fre.Nrm.d5.Nc3	French Defence, Paulsen Variation	review	review
B.Fre.Nrm.d5.Nc3.Nc6	French Defence, Hecht-Reefschlaeger	review	review
B.Fre.Nrm.d5.Nc3.c5	French Defence, Marshall Gambit	review	review
B.Fre.Nrm.d5.Nc3.a6	French Steinitz, a6 Line	review	review
B.CaK.Nc3	Caro-Kann Defence, 2.Nc3	review	review
B.CaK.Nc3.d5	Caro-Kann 2.Nc3, d5	review	review
B.CaK.Nc3.Gld	Caro-Kann 2.Nc3, Goldman Variation	review	review
B.CaK.Nc3.ScH	Caro-Kann 2.Nc3, Scorpion-Horus Gambit	review	review
B.CaK.Nc3.StP	Caro-Kann 2.Nc3, St. Patrick's Attack	review	review
B.CaK.APn	Caro-Kann, Accelerated Panov Attack	review	review
B.CaK.APn.d5	Accelerated Panov Attack, d5	review	review
B.CaK.APn.Mod	Accelerated Panov Attack, Modern Variation	review	review
B.CaK.APn.Opn	Accelerated Panov Attack, Open Variation	review	review
B.CaK.APn.PSc	Accelerated Panov Attack, Pseudo-Scandinavian	review	review
B.CaK.APn.VWe	Accelerated Panov Attack, Van Weersel Attack	review	review
B.CaK.APn.Toi	Accelerated Panov Attack, Toikkanen Gambit	review	review
B.CaK.Nf3	Caro-Kann Defence, 2.Nf3	review	review
B.CaK.Nf3.d5	Caro-Kann 2.Nf3, d5	review	review
B.CaK.Nf3.d5.exd5	Caro-Kann 2.Nf3, Apocalypse Attack	review	review
B.CaK.Nf3.d5.d3	Caro-Kann, Endgame Offer	review	review
B.CaK.Nf3.d5.d3.dxe4	Caro-Kann, Endgame Variation	review	review
B.CaK.Bry	Caro-Kann, Breyer Variation	review	review
B.CaK.Euw	Caro-Kann, Euwe Attack	review	review
B.CaK.Hil	Caro-Kann, Hillbilly Attack	review	review
B.CaK.Hil.Sch	Hillbilly Attack, Schaeffer Gambit	review	review
B.CaK.Lab	Caro-Kann, Labahn Attack	review	review
B.CaK.Lab.Dbl	Labahn Attack, Double Gambit	review	review
B.CaK.Lab.Pol	Labahn Attack, Polish Variation	review	review
B.CaK.Spk	Caro-Kann, Spike Variation	review	review
B.CaK.Spk.ScG	Spike Variation, Scorpion-Grob Gambit	review	review
B.CaK.Dpn	Caro-Kann Defence, 2.d4	review	review
B.CaK.Dpn.d5	Caro-Kann Defence, 2...d5	review	review
B.CaK.Dpn.d5.exd5	Caro-Kann Defence, Exchange precursor	review	review
B.CaK.Dpn.DBr	Caro-Kann, De Bruycker Defence	review	review
B.CaK.Dpn.DBr.Nc3	De Bruycker Defence, Nc3 Nc7	review	review
B.CaK.Dpn.Mas	Caro-Kann, Masi Variation	review	review
B.CaK.Dpn.Mss	Caro-Kann, Massachusetts Defence	review	review
B.CaK.Dpn.Mdn	Caro-Kann, Modern Variation	review	review
B.CaK.Dpn.Mdn.Edn	Modern Variation, Edinburgh Variation	review	review
B.CaK.Dpn.Mdn.MLn	Modern Variation, Main Line	descriptor	editorial_leaf_token
B.CaK.Dpn.Mdn.MLn.h6	Modern Variation Main Line, Finnish	review	review
B.CaK.Dpn.Mie	Caro-Kann, Mieses Gambit	review	review
B.CaK.Dpn.Lnd	Caro-Kann, Mieses Attack, Landau Gambit	review	review
B.CaK.Dpn.Nf3	Caro-Kann 2.d4 d5, Nf3	review	review
B.CaK.Dpn.Nf3.Uly	Caro-Kann, Ulysses Gambit	review	review
B.CaK.Dpn.Nc3	Caro-Kann Defence, 3.Nc3	review	review
B.CaK.Dpn.Nc3.dxe4	Caro-Kann 3.Nc3, dxe4	review	review
B.CaK.Dpn.Nc3.Alk	Caro-Kann, Alekhine Gambit	review	review
B.CaK.Dpn.Nc3.Ali	Caro-Kann, Alien Gambit	review	review
B.CaK.Dpn.Nc3.Cmp	Caro-Kann, Campomanes Attack	review	review
B.CaK.Dpn.Nc3.Gur	Caro-Kann, Gurgenidze Counterattack	review	review
B.CaK.Dpn.Nc3.Rsa	Caro-Kann, Rasa-Studier Gambit	review	review
B.CaK.Dpn.Nc3.VHg	Caro-Kann, von Hennig Gambit	review	review
B.Fre.Win.Ale	French Winawer, Alekhine-Maróczy Gambit	review	review
B.Fre.Win.Ale.Wlf	French Winawer Alekhine-Maróczy, Wolf Gambit	review	review
B.Fre.Win.Ale.Acc	French Winawer Alekhine Gambit, Accepted	descriptor	editorial_leaf_token
B.Fre.Win.Ale.Kan	French Winawer Alekhine Gambit, Kan Variation	review	review
B.Fre.Win.Ale.Ala	French Winawer Alekhine Gambit, Alatortsev Variation	review	review
B.Fre.Win.DEx	French Winawer, Delayed Exchange	review	review
B.Fre.Win.DEx.Cnl	French Winawer Exchange, Canal Attack	review	review
B.Fre.Win.Fsl	French Winawer, Fingerslip Variation	review	review
B.Fre.Win.Fsl.Kun	Fingerslip Variation, Kunin Double Gambit	review	review
B.Fre.Win.Fsl.MLn	Fingerslip Variation, Main Line	descriptor	editorial_leaf_token
B.Fre.Win.Fsl.Sch	Fingerslip Variation, Schwarz's Line	review	review
B.Fre.Win.Knd	French Winawer, Kondratiyev Variation	review	review
B.Fre.Win.WRg	French Winawer, Winckelmann-Reimer Gambit	review	review
B.Fre.Win.Adv	French Winawer, Advance Variation	review	review
B.Fre.Win.Adv.Qd7	French Winawer Advance, Petrosian Variation	review	review
B.Fre.Win.Adv.c5	French Winawer Advance, c5	review	review
B.Fre.Win.Adv.Msc	French Winawer Advance, Moscow Variation	review	review
B.Fre.Win.Adv.Bgl	French Winawer, Bogoljubow Variation	review	review
B.Fre.Win.Adv.Bgl.Ice	Bogoljubow Variation, Icelandic Defence	review	review
B.Fre.Win.Adv.a3	French Winawer Advance, a3	review	review
B.Fre.Win.Adv.MWl	French Winawer, Maróczy-Wallis Variation	review	review
B.Fre.Win.Adv.MWl.Nf3	Maróczy-Wallis Variation, Nf3	review	review
B.Fre.Win.Adv.MLn	French Winawer Advance, Main Line	descriptor	editorial_leaf_token
B.Fre.Win.Adv.MLn.Ne7	French Winawer Advance Main Line, Ne7	review	review
B.Fre.Win.Adv.MLn.Ne7.Bd3	Winawer Advance Ne7, Bd3	review	review
B.Fre.Win.Adv.MLn.Ne7.h4	Winawer Advance Ne7, h4	review	review
B.Fre.Win.Adv.MLn.Ne7.Nf3	Winawer Advance Ne7, Nf3	review	review
B.Fre.Win.Adv.MLn.Qc7	French Winawer Advance, Classical Variation	review	review
B.Fre.Win.Adv.MLn.Qa5	French Winawer Advance, Portisch-Hook Variation	review	review
B.Fre.Win.Adv.Smy	French Winawer Advance, Smyslov Variation	review	review
B.Fre.Win.Adv.Pos	French Winawer, Positional Variation	review	review
B.Fre.Win.Adv.Pos.Qa5	French Winawer Positional, Qa5	review	review
B.Fre.Win.Adv.Pos.Qa5.Bd2	French Winawer Positional Qa5, Bd2	review	review
B.Fre.Win.Adv.Pos.Qa5.Qd2	French Winawer Positional Qa5, Qd2	review	review
B.Mod.Dpn	Modern Defence, 2.d4	review	review
B.Mod.Std	Modern Defence, Standard Setup	person	attributed_to
B.Mod.Std.Nc3	Modern Defence Standard, Nc3	review	review
B.Mod.Std.Bc4	Modern Defence, Bishop Attack	review	review
B.Mod.Std.Bc4.b5	Bishop Attack, Buecker Gambit	review	review
B.Mod.Std.Bc4.Mky	Modern Bishop Attack, Monkey's Bum	review	review
B.Mod.Std.ThP	Modern Defence, Three Pawns Attack	review	review
B.Mod.Std.ThP.PtW	Pterodactyl Defence, Austrian Western	review	review
B.Mod.Std.ThP.PtP	Pterodactyl Defence, Austrian Pteranodon	review	review
B.Mod.Std.Nf3	Modern Defence Standard, Nf3	review	review
B.Mod.Std.Nf3.b6	Modern Defence, Mongredien with Nf3	review	review
B.Mod.Std.Nf3.d6	Modern Defence, Geller System	review	review
B.Mod.Std.Bd2	Modern Defence, Westermann Gambit	review	review
B.Mod.Std.Bd3	Modern Defence, Wind Gambit	review	review
B.Mod.Std.Fia	Modern Defence, Fianchetto System	review	review
B.Mod.Std.Fia.PtK	Pterodactyl Defence, Fianchetto King	review	review
B.Mod.Std.Fia.PtR	Pterodactyl Defence, Fianchetto Rhamphorhynchus	review	review
B.Mod.Std.Ctr	Modern Defence, c4 Centre	review	review
B.Mod.Std.Ctr.Dun	Modern Defence, Dunworthy Variation	review	review
B.Mod.Std.Ctr.PtC	Pterodactyl Defence, Central	review	review
B.Mod.Std.Ctr.PtC.AnH	Central Pterodactyl, Anhanguera	review	review
B.Mod.Std.Ctr.PtC.Ben	Central Pterodactyl, Benoni Quetzalcoatlus	review	review
B.Mod.Std.Ctr.PtC.Qtz	Central Pterodactyl, Quetzalcoatlus Gambit	review	review
B.Mod.Std.Nc3.StD	Modern Defence, Standard Defence	review	review
B.Mod.Std.Nc3.StD.Nf3	Modern Defence, Two Knights Variation	review	review
B.Mod.Std.Nc3.StD.Tal	Modern Two Knights, Tal Gambit	review	review
B.Mod.Std.Nc3.StD.Rat	Rat Defence, Accelerated Gurgenidze	review	review
B.Mod.Std.Nc3.C6S	Modern Defence, c6 System	review	review
B.Mod.Std.Nc3.C6S.AMo	Modern Defence, Anti-Modern	review	review
B.Mod.Std.Nc3.C6S.Grg	Modern Defence, Gurgenidze Defence	review	review
B.Mod.Std.Nc3.C6S.Sut	Modern Two Knights, Suttles Variation	review	review
B.Mod.Std.Nc3.d5	Modern Defence, Lizard Defence	review	review
B.Mod.Std.Nc3.C5S	Pterodactyl Defence, Eastern	review	review
B.Mod.Std.Nc3.C5S.AnH	Eastern Pterodactyl, Anhanguera	review	review
B.Mod.Std.Nc3.C5S.Rha	Eastern Pterodactyl, Rhamphorhynchus	review	review
B.Mod.Std.Nc3.C5S.Pte	Eastern Pterodactyl, Pterodactyl	review	review
B.Mod.Std.Nc3.C5S.Ptn	Eastern Pterodactyl, Pteranodon	review	review
B.Mod.Std.Nc3.C5S.Ben	Eastern Pterodactyl, Benoni Pteranodon	review	review
B.Mod.Std.Nc3.C5S.Sic	Pterodactyl Defence, Sicilian	review	review
B.Mod.Std.Nc3.C5S.Sic.Qtz	Sicilian Pterodactyl, Quetzalcoatlus	review	review
B.Mod.Std.Nc3.C5S.Sic.Sir	Sicilian Pterodactyl, Siroccopteryx	review	review
B.Mod.Dpn.Nf6	Modern Defence, Norwegian Defence	review	review
B.Mod.Dpn.Nf6.Nor	Norwegian Defence, Norwegian Gambit	review	review
B.Mod.Fia	Modern Defence, Fianchetto Gambit	review	review
B.Ale.Nrm	Alekhine Defence, Normal Variation	review	review
B.Ale.Brk	Alekhine Defence, Brooklyn Variation	review	review
B.Ale.Brk.Eve	Brooklyn Variation, Everglades Variation	review	review
B.Ale.Kre	Alekhine Defence, Krejčík Variation	review	review
B.Ale.Kre.Gmb	Krejčík Variation, Krejčík Gambit	review	review
B.Ale.Mar	Alekhine Defence, Maróczy Variation	review	review
B.Ale.Mok	Alekhine Defence, Mokele Mbembe	review	review
B.Ale.Mok.Mod	Mokele Mbembe, Modern Line	review	review
B.Ale.Mok.Vav	Mokele Mbembe, Vavra Defence	review	review
B.Ale.Nrm.Na3	Alekhine Defence, Buckley Attack	review	review
B.Ale.Nrm.Bc4	Alekhine Defence, Bc4 Line	review	review
B.Ale.Nrm.Bc4.Kmo	Alekhine Defence, Kmoch Variation	review	review
B.Ale.Nrm.Nc3	Alekhine Defence, Sämisch Attack	review	review
B.Ale.Nrm.Two	Alekhine Defence, Two Pawns Attack	review	review
B.Ale.Nrm.Two.Tat	Two Pawns Attack, Tate Variation	review	review
B.Ale.Nrm.Two.Stn	Alekhine Defence, Steiner Variation	review	review
B.Ale.Nrm.Two.Sqr	Alekhine Defence, The Squirrel	review	review
B.Ale.Nrm.b3	Alekhine Defence, Welling Variation	review	review
B.Ale.Nrm.Dpn	Alekhine Defence, 3.d4	review	review
B.Ale.Nrm.Dpn.d6	Alekhine Defence, 3...d6	review	review
B.Ale.Nrm.Dpn.d6.c4	Alekhine Defence, 4.c4	review	review
B.Ale.Nrm.Dpn.d6.c4.Nb6	Alekhine Defence, 4...Nb6	review	review
B.Ale.Nrm.Dpn.Osg	Alekhine Defence, O'Sullivan Gambit	review	review
B.Ale.Nc3	Alekhine Defence, Scandinavian Variation	review	review
B.Ale.Nc3.Ges	Scandinavian Variation, Geschev Gambit	review	review
B.Ale.Nc3.Mye	Scandinavian Variation, Myers Gambit	review	review
B.Ale.Nc3.Spl	Alekhine Defence, Spielmann Gambit	review	review
B.Nim.Dpn	Nimzowitsch Defence, 2.d4	review	review
B.Nim.Nf3	Nimzowitsch Defence, Declined Variation	review	review
B.Nim.Nc3	Nimzowitsch Defence, 2.Nc3	review	review
B.Nim.Nf3.Nf6	Nimzowitsch Declined, Nf6	review	review
B.Nim.Nf3.Nf6.ElC	Nimzowitsch Defence, El Columpio	review	review
B.Nim.Nf3.Nf6.ElC.Gmb	El Columpio, Gambit	review	review
B.Nim.Nf3.Nf6.ElC.Exc	El Columpio, Exchange Variation	review	review
B.Nim.Nf3.Nf6.ElC.Pin	El Columpio, Pin Variation	review	review
B.Nim.Nf3.e6	Nimzowitsch Defence, Franco-Nimzowitsch	review	review
B.Nim.Nf3.d6	Nimzowitsch Defence, Williams Variation	review	review
B.Nim.Nc3.Nf6	Nimzowitsch Defence, Breyer Variation	review	review
B.Nim.Nc3.e6	Nimzowitsch Defence, French Connection	review	review
B.Nim.Nc3.g6	Nimzowitsch Defence, Pirc Connection	review	review
B.Nim.Dpn.d6	Nimzowitsch Defence, Mikėnas Variation	review	review
B.Nim.Dpn.f6	Nimzowitsch Defence, Neo-Mongoloid Defence	review	review
B.Nim.Dpn.a6	Nimzowitsch Defence, Woodchuck Variation	review	review
B.Nim.Bb5	Nimzowitsch Defence, Pseudo-Spanish Variation	review	review
B.Nim.b4	Nimzowitsch Defence, Wheeler Gambit	review	review
B.Sca.Ten	Scandinavian Defence, Tennison Gambit	review	review
B.Sca.Ten.Brg	Tennison Gambit, Brigg's Trap	review	review
B.Sca.b3	Scandinavian Defence, b3 Line	review	review
B.Sca.Zil	Scandinavian Defence, Zilbermints Gambit	review	review
B.Sca.Cap	Scandinavian Defence, exd5	review	review
B.Sca.Cap.Qxd5	Scandinavian Defence, Qxd5	review	review
B.Sca.Cap.BKg	Scandinavian Defence, Blackburne-Kloosterboer Gambit	review	review
B.Sca.Cap.BKg.Nxc6	Blackburne-Kloosterboer, Blackburne Gambit	review	review
B.Sca.Cap.BKg.e5	Blackburne-Kloosterboer, Kloosterboer Gambit	review	review
B.Sca.Cap.Boe	Scandinavian Defence, Boehnke Gambit	review	review
B.Sca.Nc3	Scandinavian Defence, 2.Nc3	review	review
B.Sca.Nc3.VGt	Van Geet Opening, Grünfeld Defence	review	review
B.Sic.Naj.g4	Sicilian Najdorf, Dekker Gambit	review	review
B.Sic.Naj.Rg1	Sicilian Najdorf, Freak Attack	review	review
B.Sic.Naj.Bc4	Sicilian Najdorf, Lipnitsky Attack	review	review
B.Sic.Naj.Bc4.Bb3	Sicilian Najdorf Lipnitsky, Flank Variation	review	review
B.Sic.Naj.g3	Sicilian Najdorf, Zagreb Variation	review	review
B.Sic.Naj.Be2	Sicilian Najdorf, Opočenský Variation	review	review
B.Sic.Naj.Be2.e5	Najdorf Opočenský, e5 Line	review	review
B.Sic.Naj.Be2.e5.Nb3	Najdorf Opočenský e5, Nb3	review	review
B.Sic.Naj.Be2.e5.Nb3.Be6	Najdorf Opočenský Nb3, Be6	review	review
B.Sic.Naj.f4	Sicilian Najdorf, Amsterdam Variation	review	review
B.Sic.Naj.f4.e6	Najdorf Amsterdam, Paulsen Variation	review	review
B.Sic.Naj.Bg5	Sicilian Najdorf, 6.Bg5	review	review
B.Sic.Naj.Bg5.Nbd7	Sicilian Najdorf Bg5, Ivkov Variation	review	review
B.Sic.Naj.Bg5.e6	Sicilian Najdorf Bg5, e6	review	review
B.Sic.Naj.Bg5.e6.f4	Sicilian Najdorf Bg5 e6, f4	review	review
B.Sic.Naj.Bg5.e6.f4.Nc6	Najdorf Bg5 f4, Neo-Classical Defence	review	review
B.Sic.Naj.Bg5.e6.f4.Be7	Najdorf Bg5 f4, Traditional Line	review	review
B.Sic.OKe.Be2	Sicilian O'Kelly, Aronin System	review	review
B.Sic.OKe.b3	Sicilian O'Kelly, Kieseritzky System	review	review
B.Sic.OKe.c4	Sicilian O'Kelly, Maróczy Bind	person	attributed_to
B.Sic.OKe.c4.e6	O'Kelly Maróczy Bind, Paulsen Line	review	review
B.Sic.OKe.c4.d6	O'Kelly Maróczy Bind, Robatsch Line	review	review
B.Sic.OKe.d4	Sicilian O'Kelly, Normal System	review	review
B.Sic.OKe.d4.cxd4	O'Kelly Normal System, cxd4	review	review
B.Sic.OKe.d4.cxd4.Bc4	O'Kelly Normal, Cortlever Gambit	review	review
B.Sic.OKe.d4.cxd4.c3	O'Kelly Normal, Smith-Morra Line	review	review
B.Sic.OKe.d4.cxd4.Nxd4	O'Kelly Normal, Taimanov Line	review	review
B.Sic.OKe.d4.cxd4.Qxd4	O'Kelly Normal, Zagorovsky Line	review	review
B.Sic.OKe.d3	Sicilian O'Kelly, Quiet System	review	review
B.Sic.OKe.g3	Sicilian O'Kelly, Réti System	review	review
B.Sic.OKe.c3	Sicilian O'Kelly, Venice System	review	review
B.Sic.OKe.c3.Nf6	O'Kelly Venice, Barcza Line	review	review
B.Sic.OKe.c3.d5	O'Kelly Venice, Gambit Line	review	review
B.Sic.OKe.c3.b5	O'Kelly Venice, Ljubojevic Line	review	review
B.Sic.OKe.c3.d6	O'Kelly Venice, Steiner Line	review	review
B.Sic.OKe.b4	Sicilian O'Kelly, Wing Gambit	review	review
B.Sic.OKe.Nc3	Sicilian O'Kelly, Yerevan System	review	review
B.Sic.Tay.Nb5	Sicilian Taimanov, Szén Variation	review	review
B.Sic.Tay.Nb5.d6	Taimanov Szén, d6	review	review
B.Sic.Tay.Nb5.d6.c4	Taimanov Szén, c4 Line	review	review
B.Sic.Tay.Nb5.d6.c4.Be7	Taimanov Szén, Modern Line	review	review
B.Sic.Tay.Nc3	Sicilian Taimanov, 5.Nc3	review	review
B.Sic.Tay.Nc3.Nf6	Sicilian Taimanov, Four Knights	review	review
B.Sic.Tay.Nc3.Nf6.Ndb5	Taimanov Four Knights, Ndb5	review	review
B.Sic.Tay.Nc3.Nf6.Ndb5.Bb4	Taimanov Four Knights, American Attack	review	review
B.Sic.Tay.Nc3.Nf6.Ndb5.Bc5	Taimanov Four Knights, Cobra Variation	review	review
B.Sic.Tay.Nc3.Nf6.Nxc6	Taimanov Four Knights, Exchange Variation	review	review
B.Sic.Tay.Nc3.a6	Sicilian Taimanov, a6 Line	review	review
B.Sic.Tay.Nc3.Qc7	Sicilian Taimanov, Bastrikov Variation	review	review
B.Sic.Tay.Nc3.Qc7.Ndb5	Taimanov Bastrikov, Ponomariov Gambit	review	review
B.Sic.Tay.Nc3.Qc7.Be3	Taimanov Bastrikov, English Attack	review	review
B.Sic.Tay.Nc3.Qc7.Be2	Taimanov Bastrikov, Paulsen Classical	review	review
B.Sic.SmM.Acc.Nxc3	Smith-Morra Accepted, Nxc3	person	attributed_to
B.Sic.SmM.Acc.Nf3	Smith-Morra Accepted, Danish Variation	review	review
B.Sic.SmM.Acc.Nxc3.Nc6	Smith-Morra Accepted, Nc6 Formation	review	review
B.Sic.SmM.Acc.Nxc3.e6	Smith-Morra Accepted, e6 Formation	review	review
B.Sic.SmM.Acc.Nxc3.Nc6.Nf3	Smith-Morra Accepted Nc6, Nf3	review	review
B.Sic.SmM.Acc.Nxc3.e6.Nf3	Smith-Morra Accepted e6, Nf3	review	review
B.Sic.Dra.Be3	Sicilian Dragon, Be3 System	review	review
B.Sic.Dra.Be3.Bg7	Sicilian Dragon Be3, Bg7	review	review
B.Sic.Dra.Be3.Bg7.f3	Dragon Be3, Yugoslav Early Deviations	review	review
B.Sic.Dra.Be3.Bg7.Be2	Dragon Be3, Classical Variation	review	review
B.Sic.Dra.Be3.Nc6	Dragon Be3, Hungarian Dragon	review	review
B.Sic.Dra.g3	Sicilian Dragon, Fianchetto Variation	review	review
B.Sic.Fre.c3	Sicilian French, Delayed Alapin	review	review
B.Sic.Fre.c3.d5	Delayed Alapin, d5 Line	review	review
B.Sic.Fre.c3.Nf6	Delayed Alapin, Sherzer Variation	review	review
B.Sic.Fre.d4	Sicilian French, Open Setup	review	review
B.Sic.Fre.d4.cxd4	Sicilian French Open, cxd4	review	review
B.Sic.Fre.d4.cxd4.Nxd4	Sicilian French, Normal	review	review
B.Sic.Fre.d4.cxd4.Nxd4.Nf6	Sicilian French Normal, Nf6	review	review
B.Sic.Fre.d4.d5	Sicilian French, Marshall Counterattack	review	review
B.Sic.Fre.b3	Sicilian French, Westerinen Attack	review	review
B.Sic.Fre.c4	Sicilian French, Kramnik Variation	review	review
B.Sic.Fre.b4	Sicilian French, Wing Gambit Deferred	review	review
B.Sic.Old.Nc3	Old Sicilian, Anti-Sveshnikov	review	review
B.Sic.Old.Nc3.Bc4	Anti-Sveshnikov, Bc4 Line	review	review
B.Sic.Old.Nc3.Bc4.d6	Anti-Sveshnikov, d6 Line	review	review
B.Sic.Old.Nc3.Bc4.Nf6	Anti-Sveshnikov, Nf6 Line	review	review
B.Sic.Old.b4	Old Sicilian, Portsmouth Gambit	review	review
B.Sic.Old.d4	Old Sicilian, Open	review	review
B.Sic.Old.d4.cxd4	Old Sicilian Open, cxd4	review	review
B.Sic.Old.d4.cxd4.Nxd4	Old Sicilian Open, Nxd4	review	review
B.Sic.Old.d4.cxd4.Nxd4.Qc7	Old Sicilian, Flohr Variation	review	review
B.Sic.Old.d4.cxd4.Nxd4.Qb6	Old Sicilian, Godiva Variation	review	review
B.Sic.Old.d4.e6	Old Sicilian, Franco-Sicilian Variation	review	review
B.Sic.Mod.c3	Sicilian Modern, Delayed Alapin	review	review
B.Sic.Mod.Bd3	Sicilian Modern, Kopec System	review	review
B.Sic.Mod.g3	Sicilian Modern, g3 System	review	review
B.Sic.Mod.g3.b5	Sicilian Modern, Kotov Gambit	review	review
B.Sic.Mod.d4	Sicilian Modern, 3.d4	review	review
B.Sic.Mod.d4.cxd4	Sicilian Modern, cxd4	review	review
B.Sic.Mod.d4.Nf6	Sicilian Modern, Anti-Qxd4 Move Order	review	review
B.Sic.Mod.d4.Nf6.dxc5	Sicilian Modern, Anti-Qxd4 Accepted	review	review
B.Sic.Mod.d4.cxd4.c3	Sicilian Modern, Tartakower	review	review
B.Sic.Mod.d4.cxd4.Qxd4	Sicilian Modern, Chekhover Variation	review	review
B.Sic.Mod.d4.cxd4.Qxd4.Nc6	Chekhover Variation, Zaitsev Defence	review	review
B.Sic.Mod.b4	Sicilian Modern, Wing Gambit Deferred	review	review
B.Sic.HAc.d4	Hyper-Accelerated Dragon, d4	review	review
B.Sic.HAc.d4.Bg7	Hyper-Accelerated Pterodactyl	review	review
B.Sic.HAc.d4.Bg7.dxc5	Hyper-Accelerated Pterodactyl, Rhamphorhynchus	review	review
B.Sic.HAc.d4.f5	Hyper-Accelerated Dragon, Frederico Variation	review	review
B.Sic.HAc.c3	Hyper-Accelerated Dragon, Western Pterodactyl	review	review
B.Sic.HAc.c4	Hyper-Accelerated Dragon, Acton Extension	review	review
B.Sic.Clo.e6	Closed Sicilian, e6 Line	review	review
B.Sic.Clo.e6.g3	Closed Sicilian e6, g3 Line	review	review
B.Sic.Clo.e6.g3.d5	Closed Sicilian, Korchnoi Defence	review	review
B.Sic.Clo.D6L	Closed Sicilian, d6 Line	review	review
B.Sic.Clo.D6L.Car	Closed Sicilian, Carlsen Variation	review	review
B.Sic.Clo.Nc6	Closed Sicilian, Traditional	review	review
B.Sic.Clo.Nc6.Nge2	Closed Sicilian, Chameleon Variation	review	review
B.Sic.Clo.Nc6.g4	Closed Sicilian, Grob Attack	review	review
B.Sic.Sch.g3	Sicilian Scheveningen, Fianchetto Variation	review	review
B.Sic.Sch.Bb5	Sicilian Scheveningen, Vitolins Variation	review	review
B.Sic.Sch.f4	Sicilian Scheveningen, Matanovic Attack	review	review
B.Sic.Sch.f4.Nc6	Scheveningen Matanovic, Tal Variation	review	review
B.Sic.Sch.Be2	Sicilian Scheveningen, Classical Variation	review	review
B.Sic.Sch.Be2.Be7	Scheveningen Classical, Modern Variation	review	review
B.Sic.Sch.Bc4	Sicilian Scheveningen, Sozin Attack	review	review
B.Sic.Cls.Rch.Bd7	Richter-Rauzer, Modern Variation	review	review
B.Sic.Cls.Rch.Bd7.Qd2	Richter-Rauzer Modern, Qd2	review	review
B.Sic.Cls.Rch.e6	Richter-Rauzer, e6 Line	review	review
B.Sic.Cls.Rch.e6.Qd3	Richter-Rauzer, Qd3 Variation	review	review
B.Sic.Cls.Rch.e6.Nxc6	Richter-Rauzer, Exchange Variation	review	review
B.Sic.Cls.Rch.e6.Nb3	Richter-Rauzer, Podebrady Variation	review	review
B.Sic.Cls.Rch.e6.Bb5	Richter-Rauzer, Vitolins Variation	review	review
B.Sic.Cls.Rch.e6.Qd2	Richter-Rauzer, Traditional Variation	review	review
B.Sic.Cls.Rch.e6.Qd2.Be7	Richter-Rauzer, Classical Variation	review	review
B.Sic.Cls.Rch.e6.Qd2.a6	Richter-Rauzer, Neo-Modern Variation	review	review
C.RyL.Alp	Ruy López, Alapin Defence	review	review
C.RyL.Alp.Gmb	Ruy López Alapin, Alapin Gambit	review	review
C.RyL.Bre	Ruy López, Brentano Gambit	person	attributed_to
C.RyL.Bul	Ruy López, Bulgarian Variation	review	review
C.RyL.Fia	Ruy López, Fianchetto Defence	review	review
C.RyL.Fia.c3	Ruy López Fianchetto, c3	review	review
C.RyL.Fia.c3.f5	Ruy López Fianchetto, Kevitz Gambit	review	review
C.RyL.Fia.d4	Ruy López Fianchetto, Tartakower Gambit	review	review
C.RyL.Luc	Ruy López, Lucena Variation	review	review
C.RyL.Nbg	Ruy López, Nuernberg Variation	review	review
C.RyL.Pol	Ruy López, Pollock Defence	person	attributed_to
C.RyL.Ret	Ruy López, Retreat Variation	review	review
C.RyL.Rot	Ruy López, Rotary-Albany Gambit	review	review
C.RyL.SCG	Ruy López, Spanish Countergambit	review	review
C.RyL.SCG.Nxe5	Spanish Countergambit, Harding Gambit	review	review
C.RyL.Vin	Ruy López, Vinogradov Variation	review	review
C.RyL.Bir	Ruy López, Bird Variation	review	review
C.RyL.Bir.Nxd4	Ruy López Bird, Paulsen Variation	review	review
C.RyL.Stn	Ruy López, Steinitz Defence	person	attributed_to
C.RyL.Stn.d4	Ruy López Steinitz, d4	review	review
C.RyL.Stn.d4.exd4	Ruy López Steinitz, Center Gambit	review	review
C.RyL.Stn.d4.Bd7	Ruy López Steinitz, Bd7	review	review
C.RyL.Stn.d4.Bd7.Nc3	Ruy López Steinitz, Nimzowitsch Attack	review	review
C.RyL.Stn.d4.Bd7.c4	Ruy López Steinitz, Semi-Duras Variation	review	review
C.RyL.ClD	Ruy López, Classical Defence	review	review
C.RyL.ClD.c3	Ruy López Classical, Central Variation	review	review
C.RyL.ClD.c3.Qe7	Ruy López Classical, Boden Variation	review	review
C.RyL.ClD.c3.Bb6	Ruy López Classical, Charousek Variation	review	review
C.RyL.ClD.c3.f5	Ruy López Classical, Cordel Gambit	review	review
C.RyL.ClD.c3.d5	Ruy López Classical, Konikowski Gambit	review	review
C.RyL.ClD.b4	Ruy López Classical, Spanish Wing Gambit	review	review
C.Vie.Nc6	Vienna Game, Max Lange Defence	review	review
C.Vie.Nc6.f4	Vienna Gambit, Max Lange Defence	person	attributed_to
C.Vie.Nc6.f4.exf4	Vienna Gambit Max Lange, Accepted	descriptor	editorial_leaf_token
C.Vie.Nc6.f4.exf4.Nf3	Vienna Gambit Max Lange, Knight Variation	review	review
C.Vie.Nc6.f4.exf4.Nf3.g5	Vienna Gambit Max Lange, g5 Line	review	review
C.Vie.Nc6.f4.exf4.d4	Vienna Gambit, Steinitz Gambit	review	review
C.Vie.Nc6.f4.exf4.d4.Qh4	Vienna Steinitz Gambit, Main Line	descriptor	editorial_leaf_token
C.Vie.Nc6.f4.Bc5	Vienna Gambit, Quelle Gambit	review	review
C.Vie.Nc6.d4	Vienna Game, Fyfe Gambit	review	review
C.Vie.Nc6.g3	Vienna Game, Paulsen Variation	review	review
C.Vie.Nc6.g3.Bc5	Vienna Paulsen, Mariotti Gambit	review	review
C.Vie.Nc6.Bc4	Vienna Game, Stanley Variation	review	review
C.Vie.Nc6.Bc4.Bc5	Vienna Stanley, Meitner-Mieses Gambit	review	review
C.Vie.Nc6.Bc4.Nf6	Vienna Stanley, Three Knights Variation	review	review
C.Vie.Nc6.Bc4.Nf6.f4	Vienna Stanley, Bronstein Gambit	review	review
C.Vie.Bc5	Vienna Game, Anderssen Defence	review	review
C.Vie.Bc5.Qg4	Vienna Game, Giraffe Attack	review	review
C.Vie.Bc5.Na4	Vienna Game, Hamppe-Meitner Variation	review	review
C.Vie.d6	Vienna Game, Omaha Gambit	review	review
C.Vie.Bb4	Vienna Game, Zhuravlev Countergambit	review	review
C.PhD.d4	Philidor Defence, 3.d4	review	review
C.PhD.Bc4	Philidor Defence, 3.Bc4	review	review
C.PhD.Bc4.Be7	Philidor Defence, Steinitz Variation	review	review
C.PhD.Bc4.Be7.c3	Philidor Steinitz, c3	review	review
C.PhD.Bc4.f5	Philidor Defence, López Countergambit	review	review
C.PhD.d4.Bg4	Philidor Defence, Albin-Blackburne Gambit	review	review
C.PhD.d4.exd4	Philidor Defence, Exchange Variation	review	review
C.PhD.d4.exd4.Nxd4	Philidor Exchange, Nxd4	review	review
C.PhD.d4.exd4.c3	Philidor Defence, Bird Gambit	review	review
C.PhD.d4.exd4.Qxd4	Philidor Defence, Boden Variation	review	review
C.PhD.d4.exd4.Bc4	Philidor Defence, Morphy Gambit	review	review
C.PhD.d4.Nd7	Philidor Defence, Hanham Move Order	person	attributed_to
C.PhD.d4.Nd7.Bc4	Philidor Hanham, Bc4	review	review
C.PhD.d4.Nd7.Bc4.c6	Philidor Hanham, c6 Line	review	review
C.PhD.d4.Nd7.Bc4.Nb6	Philidor Hanham, Sharp Variation	review	review
C.PhD.d4.Nf6	Philidor Defence, Nimzowitsch Variation	review	review
C.PhD.d4.Nf6.dxe5	Philidor Nimzowitsch, dxe5	review	review
C.PhD.d4.Nf6.dxe5.Nxe4	Philidor Nimzowitsch, Nxe4	review	review
C.PhD.d4.Nf6.Bc4	Philidor Nimzowitsch, Klein Variation	review	review
C.PhD.d4.Nf6.Ng5	Philidor Nimzowitsch, Locock Variation	review	review
C.PhD.d4.f5	Philidor Countergambit	review	review
C.PhD.d4.f5.Nc3	Philidor Countergambit, Zukertort Variation	review	review
C.PhD.d4.Bd7	Philidor Gambit	review	review
C.KPO.Ke2	King's Pawn Game, Bongcloud Attack	review	review
C.KPO.c4	King's Pawn Game, The Whale	review	review
C.KPO.c4.d5	King's Pawn Game, Bavarian Gambit	review	review
C.KPO.Ne2	King's Pawn Game, Alapin Opening	review	review
C.KPO.d3	King's Pawn Game, Leonardis Variation	review	review
C.KPO.d3.f5	King's Pawn Game, Clam Variation	review	review
C.KPO.d3.Nf6	King's Pawn Game, Radisch Gambit	review	review
C.KPO.d3.d5	King's Pawn Game, Weber Gambit	review	review
C.KPO.f3	King's Pawn Game, King's Head Opening	review	review
C.KPO.f3.Nf6	King's Head Opening, Nf6 Line	review	review
C.KPO.c3	King's Pawn Game, MacLeod Attack	review	review
C.KPO.c3.f5	MacLeod Attack, Lasa Gambit	review	review
C.KPO.c3.d5	MacLeod Attack, Norwalde Gambit	review	review
C.KPO.a3	King's Pawn Game, Mengarini Opening	review	review
C.KPO.Bd3	King's Pawn Game, Tortoise Opening	review	review
C.KPO.Qh5	King's Pawn Game, Wayward Queen Attack	review	review
C.KPO.Qh5.Nf6	Wayward Queen Attack, Kiddie Countergambit	review	review
C.KPO.Qh5.Nc6	Wayward Queen Attack, Mellon Gambit	review	review
C.KPO.b3	King's Pawn Opening, b3 Line	review	review
C.KPO.Qg4	King's Pawn Opening, Speers	review	review
C.KPO.Qe2	King's Pawn Opening, Van Hooydoon Gambit	review	review
C.Pet.Nxe5	Petrov Defence, Nxe5	review	review
C.Pet.Nxe5.d6	Petrov Defence, 3...d6	review	review
C.Pet.Nxe5.d6.Nf3	Petrov Defence, Nf3 Retreat	review	review
C.Pet.Nxe5.d6.Nf3.Nxe4	Petrov Defence, Main Capture	review	review
C.Pet.Nxe5.d6.Nf3.Nxe4.d4	Petrov Defence, Classical Attack	review	review
C.Pet.Nxe5.d6.Nf3.Nxe4.Qe2	Petrov Defence, Cozio Attack	review	review
C.Pet.Nxe5.d6.Nf3.Nxe4.d3	Petrov Defence, French Attack	review	review
C.Pet.Nxe5.d6.Nf3.Nxe4.c4	Petrov Defence, Kaufmann Attack	review	review
C.Pet.Nxe5.d6.Nf3.Nxe4.Bd3	Petrov Defence, Millennium Attack	review	review
C.Pet.Nxe5.d6.Nf3.Nxe4.Nc3	Petrov Defence, Nimzowitsch Attack	review	review
C.Pet.Nxe5.d6.Nd3	Petrov Defence, Karklins-Martinovsky	review	review
C.Pet.Nxe5.d6.Nc4	Petrov Defence, Paulsen Attack	review	review
C.Pet.Nxe5.Nxe4	Petrov Defence, Damiano Variation	review	review
C.Pet.Nxe5.Nxe4.Qe2	Petrov Damiano, Kholmov Gambit	review	review
C.Pet.Bc4	Petrov Defence, Italian Variation	review	review
C.Pet.Bc4.Nxe4	Petrov Italian, Boden-Kieseritzky Gambit	review	review
C.Pet.Qe2	Petrov Defence, Moody Gambit	review	review
C.Bsh.Bc5	Bishop's Opening, Boi Variation	review	review
C.Bsh.Bc5.d4	Bishop's Opening, Lewis Gambit	review	review
C.Bsh.Bc5.Qe2	Bishop's Opening, López Variation	review	review
C.Bsh.Bc5.Qe2.Nf6	Bishop's Opening López, López Gambit	review	review
C.Bsh.Bc5.Qe2.Nc6	Bishop's Opening López, Gambit Line	review	review
C.Bsh.Bc5.b4	Bishop's Opening, McDonnell Gambit	review	review
C.Bsh.Bc5.b4.Bxb4	Bishop's Opening McDonnell, Accepted	descriptor	editorial_leaf_token
C.Bsh.Bc5.b4.Bxb4.c3	McDonnell Gambit, La Bourdonnais-Denker	review	review
C.Bsh.Bc5.b4.Bxb4.f4	McDonnell Gambit, Double Gambit	review	review
C.Bsh.Bc5.c3	Bishop's Opening, Philidor Variation	person	attributed_to
C.Bsh.Bc5.c3.Nf6	Bishop's Opening, Pratt Variation	review	review
C.Bsh.Bc5.c3.Qg5	Bishop's Opening, del Rio Variation	review	review
C.Bsh.Bc5.f4	Bishop's Opening, Stein Gambit	review	review
C.Bsh.b5	Bishop's Opening, Anderssen Gambit	review	review
C.Bsh.b5.Bxb5	Bishop's Opening Anderssen, Bxb5	review	review
C.Bsh.b5.Bxb5.c6	Bishop's Opening Anderssen, c6	review	review
C.Bsh.b5.Bxb5.f5	Bishop's Opening, Thorold Gambit	review	review
C.Bsh.d5	Bishop's Opening, Khan Gambit	review	review
C.Bsh.c6	Bishop's Opening, Philidor Counterattack	review	review
C.Bsh.c6.d4	Bishop's Opening, Lisitsyn Variation	review	review
C.Bsh.Nc6	Bishop's Opening, Nc6 Transposition	review	review
C.Bsh.Nc6.Nc3	Bishop's Opening, Svenonius Structure	review	review
C.Sco.exd4	Scotch Game, exd4	review	review
C.Sco.exd4.Nxd4	Scotch Game, Nxd4	review	review
C.Sco.exd4.Nxd4.Qh4	Scotch Game, Steinitz Variation	review	review
C.Sco.exd4.Nxd4.Qh4.Be3	Scotch Steinitz, Braune Variation	review	review
C.Sco.exd4.Nxd4.Qh4.Nf3	Scotch Steinitz, Fraser Variation	review	review
C.Sco.exd4.Nxd4.Qh4.Nb5	Scotch Steinitz, Horwitz Attack	review	review
C.Sco.exd4.Nxd4.Qh4.Nc3	Scotch Steinitz, Modern Defence	review	review
C.Sco.exd4.Nxd4.Qh4.Nf5	Scotch Steinitz, Paulsen Variation	review	review
C.Sco.exd4.Nxd4.Nxd4	Scotch Game, Ghulam-Kassim Variation	review	review
C.Sco.exd4.Nxd4.Bb4	Scotch Game, Malaniuk Variation	review	review
C.Sco.Nxd4	Scotch Game, Lolli Variation	review	review
C.Sco.Nxd4.Nxd4	Scotch Lolli, Nxd4	review	review
C.Sco.Nxd4.Nxd4.Qxd4	Scotch Lolli, Qxd4	review	review
C.Sco.Nxd4.Nxd4.Bc4	Scotch Lolli, Napoleon Gambit	review	review
C.Sco.exd4.Bb5	Scotch Game, Relfsson Gambit	review	review
C.KGm.Qh4	King's Gambit Declined, Keene Defence	review	review
C.KGm.Qh4.g3	King's Gambit Keene, g3	review	review
C.KGm.Qh4.g3.Qe7	King's Gambit Keene Defence	review	review
C.KGm.Qf6	King's Gambit Declined, Norwalde Variation	review	review
C.KGm.Qf6.Nc3	King's Gambit Norwalde, Nc3	review	review
C.KGm.Qf6.Nc3.Qxf4	King's Gambit Norwalde, Qxf4	review	review
C.KGm.Qf6.Nc3.Qxf4.Nf3	King's Gambit Norwalde, Buecker Gambit	review	review
C.KGm.Qf6.Nc3.Qxf4.d4	King's Gambit Norwalde, Schubert Variation	review	review
C.KGm.Nc6	King's Gambit Declined, Queen's Knight Defence	review	review
C.KGm.Nc6.Nf3	King's Gambit Declined, Nc6 Nf3	review	review
C.KGm.Nc6.Nf3.g5	King's Gambit Declined, Zilbermints Double Gambit	review	review
C.KGm.Nc6.Nf3.f5	King's Gambit Declined, Miles Defence	review	review
C.KGm.f5	King's Gambit Declined, Panteldakis Countergambit	review	review
C.KGm.f5.exf5	Panteldakis Countergambit, exf5	review	review
C.KGm.f5.exf5.Qh4	Panteldakis Countergambit, Greco Variation	review	review
C.KGm.f5.exf5.exf4	Panteldakis Countergambit, Pawn Sacrifice	review	review
C.KGm.f5.exf5.Bc5	Panteldakis Countergambit, Schiller Defence	review	review
C.KGm.Nf6	King's Gambit Declined, Petrov Defence	review	review
C.KGm.f6	King's Gambit Declined, Soller-Zilbermints Gambit	review	review
C.KGm.g5	King's Gambit Declined, Zilbermints Double Countergambit	review	review
C.LtO.Bc4	Latvian Gambit, Mayet Attack	review	review
C.LtO.Bc4.Nf6	Latvian Gambit Mayet, Morgado Defence	review	review
C.LtO.Bc4.fxe4	Latvian Gambit Mayet, fxe4	review	review
C.LtO.Bc4.fxe4.Qg5	Latvian Gambit, Poisoned Pawn Variation	review	review
C.LtO.Bc4.fxe4.d5	Latvian Gambit, Polerio-Svedenborg	review	review
C.LtO.Bc4.fxe4.Nf6	Latvian Gambit, Corkscrew Countergambit	review	review
C.LtO.Bc4.b5	Latvian Gambit, Strautins Gambit	review	review
C.LtO.c4	Latvian Gambit, Diepstraten Countergambit	review	review
C.LtO.Nxe5	Latvian Gambit, Nxe5	review	review
C.LtO.Nxe5.Nc6	Latvian Gambit, Fraser Defence	review	review
C.LtO.Nxe5.Qe7	Latvian Gambit, Greco Variation	review	review
C.LtO.g4	Latvian Gambit, Lobster Gambit	review	review
C.LtO.d4	Latvian Gambit, Mason Countergambit	review	review
C.LtO.Nc3	Latvian Gambit, Mlotkowski Variation	review	review
C.LtO.b4	Latvian Gambit, Senechaud Gambit	review	review
C.Ita.h6	Italian Game, Anti-Fried Liver Defence	review	review
C.Ita.Nd4	Italian Game, Blackburne-Kostić Gambit	review	review
C.Ita.Be7	Italian Game, Hungarian Defence	review	review
C.Ita.Be7.d4	Italian Hungarian, Tartakower Variation	review	review
C.Ita.d6	Italian Game, Paris Defence	review	review
C.Ita.f5	Italian Game, Rousseau Gambit	review	review
D.Sla.Nc3	Slav Defence, Nc3	review	review
D.Sla.Nc3.dxc4	Slav Defence, Nc3 dxc4	review	review
D.Sla.Nc3.Nf6	Slav Defence, Nc3 Nf6	review	review
D.Sla.Nc3.Nf6.e3	Slav Defence, Nc3 Nf6 e3	review	review
D.Sla.Nf3	Slav Defence, Nf3	review	review
D.Sla.Nf3.Nf6	Slav Defence, Nf3 Nf6	review	review
D.Sla.Nf3.Nf6.Nc3	Slav Defence, Three Knights Prefix	review	review
D.Sla.Nf3.Nf6.Nc3.dxc4	Slav Defence, Two Knights Capture	review	review
D.Sla.Nf3.Nf6.g3	Slav Defence, Fianchetto Line	review	review
D.Sla.Nf3.Nf6.Nbd2	Slav Defence, Breyer Prefix	review	review
D.Sla.Nf3.Nf6.e3	Slav Defence, Quiet Prefix	review	review
D.Sla.Nf3.Nf6.e3.e6	Slav Defence, Quiet Semi-Slav Prefix	review	review
D.Bgm.Cap	Blackmar-Diemer Gambit, Captured Pawn	review	review
D.Bgm.Cap.f3	Blackmar-Diemer Gambit, Blackmar Gambit	review	review
D.Bgm.Cap.Be3	Blackmar-Diemer Gambit, Diemer-Rosenberg Attack	review	review
D.Bgm.Cap.Bc4	Blackmar-Diemer Gambit, Fritz Attack	review	review
D.Bgm.Cap.Nc3	Blackmar-Diemer Gambit, Nc3	review	review
D.Bgm.Cap.Nc3.Nf6	Blackmar-Diemer Gambit, Nc3 Nf6	review	review
D.Bgm.Cap.Nc3.Nf6.f3	Blackmar-Diemer Gambit, f3 Challenge	review	review
D.Bgm.Cap.Nc3.Nf6.Be3	Blackmar-Diemer Gambit, Rasa-Studier Prefix	review	review
D.Bgm.Cap.Nc3.Nf6.Bg5	Blackmar-Diemer Gambit, von Popiel Prefix	review	review
D.Bgm.Cap.Nc3.e5	Blackmar-Diemer Gambit, Lemberger Countergambit	review	review
D.Bgm.Cap.Nc3.Bf5	Blackmar-Diemer Gambit, Zeller Defence	review	review
D.Bgm.Cap.Nc3.c5	Blackmar-Diemer Gambit, Reversed Albin	review	review
D.Bgm.Cap.Nc3.f5	Blackmar-Diemer Gambit, Netherlands Variation	review	review
D.QGA.e3	Queen's Gambit Accepted, e3	review	review
D.QGA.Qa4	Queen's Gambit Accepted, Qa4+	review	review
D.QGA.Nf3	Queen's Gambit Accepted, Nf3	review	review
D.QGA.Nf3.Nf6	Queen's Gambit Accepted, Nf3 Nf6	review	review
D.QGA.Nf3.Nf6.Nc3	Queen's Gambit Accepted, Showalter Prefix	review	review
D.QGA.Nf3.Nf6.e3	Queen's Gambit Accepted, Normal Prefix	review	review
D.QGA.Nf3.e6	Queen's Gambit Accepted, Rosenthal Prefix	review	review
D.QGA.Nf3.c5	Queen's Gambit Accepted, Gunsberg Defence	review	review
D.QGA.Nf3.b5	Queen's Gambit Accepted, Slav Gambit Prefix	review	review
D.QPG.c4	Queen's Gambit, c4	review	review
D.QPG.c4.c5	Queen's Gambit, Austrian Defence	review	review
D.QPG.c4.b5	Queen's Gambit, Zilbermints Gambit	review	review
D.QPG.e3	Queen's Pawn Game, e3	review	review
D.QPG.e3.Nf6	Queen's Pawn Game, e3 Nf6	review	review
D.QPG.Zuk.Nf6	Zukertort Queen's Pawn, Nf6	review	review
D.QPG.Zuk.Nf6.e3	Zukertort Queen's Pawn, e3	person	attributed_to
D.QPG.Zuk.Nf6.g3	Zukertort Queen's Pawn, Pseudo-Catalan	review	review
D.QPG.Zuk.Nf6.c4	Zukertort Queen's Pawn, c4	review	review
D.QPG.Zuk.c5	Zukertort Queen's Pawn, Krause Variation	review	review
D.QPG.Zuk.c5.g3	Zukertort Queen's Pawn, Chandler Prefix	review	review
D.QPG.Zuk.c6	Zukertort Queen's Pawn, c6	review	review
D.QPG.Zuk.c6.Bg5	Zukertort Queen's Pawn, Levitsky Transposition	review	review
D.QPG.Zuk.e6	Zukertort Queen's Pawn, e6	review	review
D.QPG.Zuk.e6.Bf4	Zukertort Queen's Pawn, London with e6	review	review
D.QPG.Zuk.Bf5	Zukertort Queen's Pawn, Bf5	review	review
D.QPG.Zuk.Nc6	Zukertort Queen's Pawn, Chigorin Variation	review	review
D.QPG.Zuk.Bg4	Zukertort Queen's Pawn, Anti-Torre	review	review
D.Tar.Exd	Tarrasch Defence, Exchange Structure	review	review
D.Tar.Exd.Nf3	Tarrasch Exchange Structure, Nf3	review	review
D.Tar.Exd.Nf3.Nc6	Tarrasch Exchange Structure, Nc6	review	review
D.Tar.Cls.Bg5	Tarrasch Classical, Bg5	review	review
D.Tar.Cls.Bg5.Be6	Tarrasch Classical, Endgame Prefix	review	review
D.Tar.Cls.Bg5.c4	Tarrasch Classical, Advance Variation	review	review
D.Tar.Cls.Bg5.cxd4	Tarrasch Classical, cxd4	review	review
D.Tar.Cls.Bg5.cxd4.Nxd4	Tarrasch Classical, Nxd4	review	review
D.Tar.Cls.Bg5.cxd4.Nxd4.h6	Tarrasch Classical, h6	review	review
D.QGD.Cls.Nf3.Nbd7	QGD Classical Nf3, Nbd7	review	review
D.QGD.Cls.Nf3.Nbd7.Bd3	QGD Classical Nf3, Bd3	review	review
D.QGD.Cls.Nf3.Nbd7.Qc2	QGD Classical Nf3, Qc2	review	review
D.QGD.Cls.Nf3.Nbd7.Rc1	QGD Classical Nf3, Rc1	review	review
D.QGD.Ort.Hne.Bxe7	QGD Orthodox Henneberger, Bxe7	review	review
D.QGD.Ort.Hne.Bxe7.Qxe7	QGD Orthodox Henneberger, Qxe7	review	review
D.QGD.Ort.Hne.Bxe7.Qxe7.O-O	QGD Orthodox Henneberger, O-O	review	review
D.QGD.Ort.Hne.Bxe7.Qxe7.Ne4	QGD Orthodox Henneberger, Ne4	review	review
D.Sem.AMe.b6	Semi-Slav Anti-Meran, b6	review	review
D.Sem.AMe.b6.b3	Semi-Slav Anti-Meran, b3	review	review
D.Sem.AMe.b6.b3.Bb7	Semi-Slav Anti-Meran, Bb7	review	review
D.Sem.AMe.Bd6	Semi-Slav Anti-Meran, Bd6	review	review
D.Sem.AMe.Bd6.b3	Semi-Slav Anti-Meran, Bd6 b3	review	review
D.Sem.AMe.Bd6.b3.O-O	Semi-Slav Anti-Meran, Bd6 b3 O-O	review	review
D.Sem.AMe.Bd6.e4	Semi-Slav Anti-Meran, Center Variation	review	review
D.Sem.Mer.MLn.c5	Semi-Slav Meran Main Line, c5	review	review
D.Sem.Mer.MLn.c5.e5	Semi-Slav Meran Main Line, e5	review	review
D.Sem.Mer.MLn.c5.d5	Semi-Slav Meran Main Line, d5	review	review
D.Sem.Mer.MLn.c5.e5.cxd4	Semi-Slav Meran Main Line, e5 cxd4	review	review
D.Sem.Mer.MLn.b4	Semi-Slav Meran Main Line, b4	review	review
E.Gru.Nf3	Grünfeld Defence, Nf3	review	review
E.Gru.Bg5	Grünfeld Defence, Stockholm Variation	review	review
E.Gru.Bg5.Ne4	Grünfeld Stockholm, Lundin Prefix	review	review
E.Gru.Qb3	Grünfeld Defence, Accelerated Russian	review	review
E.Gru.g4	Grünfeld Defence, Gibbon Gambit	review	review
E.Gru.h4	Grünfeld Defence, Zaitsev Gambit	review	review
E.Gru.cxd5	Grünfeld Defence, Exchange Prefix	review	review
E.Gru.cxd5.Nxd5	Grünfeld Defence, Nxd5 Prefix	review	review
E.Gru.cxd5.Nxd5.Na4	Grünfeld Exchange Prefix, Na4	review	review
E.Gru.Thr.Qa4	Grünfeld Three Knights, Qa4+	review	review
E.Gru.Thr.Bg5	Grünfeld Three Knights, Bg5	review	review
E.Gru.Thr.Bf4	Grünfeld Three Knights, Bf4	review	review
E.Gru.Thr.e3	Grünfeld Three Knights, e3	review	review
E.Gru.Thr.e3.O-O	Grünfeld Three Knights e3, O-O	review	review
E.Gru.Thr.e3.O-O.Bd3	Grünfeld Three Knights e3, Bd3	review	review
E.Gru.Thr.e3.O-O.Qb3	Grünfeld Three Knights e3, Qb3	review	review
E.Gru.Thr.e3.O-O.b4	Grünfeld Three Knights e3, Makogonov	review	review
E.Gru.Exc.SeV.Nf3	Grünfeld Exchange Seville, Nf3	review	review
E.Gru.Exc.SeV.Bc4	Grünfeld Exchange Seville, Bc4	review	review
E.Gru.Exc.SeV.Bc4.O-O	Grünfeld Exchange Seville Bc4, O-O	review	review
E.Gru.Exc.SeV.Bc4.c5	Grünfeld Exchange Seville Bc4, c5	review	review
E.Gru.Exc.SeV.Bc4.c5.Ne2	Grünfeld Exchange Seville Bc4 c5, Ne2	review	review
E.Gru.Rus.Hng.e4	Grünfeld Russian Hungarian, e4	review	review
E.Gru.Rus.Hng.e4.a6	Grünfeld Russian Hungarian, a6	review	review
E.Gru.Rus.Hng.e4.b6	Grünfeld Russian Hungarian, b6	review	review
E.Gru.Rus.Hng.e4.Bg4	Grünfeld Russian Hungarian, Bg4	person	attributed_to
E.KID.e4	King's Indian Defence, e4	review	review
E.KID.Nf3	King's Indian Defence, Nf3	review	review
E.KID.Nf3.d6	King's Indian Defence Nf3, d6	review	review
E.KID.Nf3.d6.Bg5	King's Indian Defence Nf3, Smyslov	review	review
E.KID.Nf3.d6.g3	King's Indian Defence Nf3, Delayed Fianchetto	review	review
E.KID.Nf3.Cst	King's Indian Defence Nf3, Castled	review	review
E.KID.Nf3.Cst.e3	King's Indian Semi-Classical, e3	review	review
E.KID.Nf3.Cst.e3.d6	King's Indian Semi-Classical, d6	review	review
E.KID.Nf3.Cst.e3.d6.Be2	King's Indian Semi-Classical, Be2	review	review
E.KID.Sml.Cst	KID Sämisch, Castled Prefix	review	review
E.KID.Sml.Cst.Bg5	KID Sämisch, Steiner Prefix	review	review
E.KID.Sml.Cst.Bg5.c5	KID Sämisch Steiner, c5	review	review
E.KID.Sml.Cst.Bg5.c5.d5	KID Sämisch Steiner, d5	review	review
E.KID.Sml.Cst.Be3	KID Sämisch, Be3 Prefix	review	review
E.KID.Sml.Cst.Be3.c5	KID Sämisch Be3, Gambit Prefix	review	review
E.KID.Sml.Cst.Be3.Nc6	KID Sämisch Be3, Nc6	review	review
E.KID.Sml.Cst.Be3.b6	KID Sämisch Be3, Double Fianchetto	review	review
E.KID.Sml.Cst.Nge2	KID Sämisch, Nge2 Prefix	review	review
E.KID.Sml.Cst.Nge2.c5	KID Sämisch Nge2, c5	review	review
E.KID.Avk.Cst	KID Averbakh, Castled Prefix	review	review
E.KID.Avk.Cst.Bg5	KID Averbakh, Bg5	review	review
E.KID.Avk.Cst.Bg5.h6	KID Averbakh Bg5, h6	review	review
E.KID.Avk.Cst.Bg5.Nbd7	KID Averbakh Bg5, Nbd7	review	review
E.KID.Avk.Cst.Bg5.Na6	KID Averbakh Bg5, Na6	review	review
E.KID.Avk.Cst.Bg5.Nc6	KID Averbakh Bg5, Nc6	review	review
E.Nim.Cls.O-O	Nimzo Classical, O-O	review	review
E.Nim.Cls.O-O.a3	Nimzo Classical O-O, a3	review	review
E.Nim.Cls.O-O.e3	Nimzo Classical O-O, e3	review	review
E.Nim.Cls.O-O.e3.d5	Nimzo Classical O-O e3, d5	review	review
E.Nim.Cls.O-O.e3.d5.Nf3	Nimzo Classical O-O e3 d5, Nf3	review	review
E.Nim.Cls.d5	Nimzo Classical, d5	review	review
E.Nim.Cls.d5.cxd5	Nimzo Classical d5, cxd5	review	review
E.Nim.Cls.d5.cxd5.exd5	Nimzo Classical d5, exd5	review	review
E.Nim.Cls.d5.a3	Nimzo Classical d5, a3	review	review
E.Nim.Cls.c5	Nimzo Classical, Berlin Variation	review	review
E.Nim.Cls.c5.dxc5	Nimzo Classical Berlin, dxc5	review	review
E.Nim.Cls.c5.dxc5.Bxc3	Nimzo Classical Berlin, Bxc3	review	review
E.Nim.Cls.c5.dxc5.O-O	Nimzo Classical Berlin, O-O	review	review
E.Nim.Rub.Res.MLn.O-O	Nimzo Rubinstein Reshevsky Main Line, O-O	review	review
E.Nim.Rub.Res.MLn.O-O.Nbd7	Nimzo Rubinstein Reshevsky O-O, Nbd7	review	review
E.Nim.Rub.Res.MLn.O-O.b6	Nimzo Rubinstein Reshevsky O-O, b6	review	review
E.Nim.Rub.Res.MLn.O-O.dxc4	Nimzo Rubinstein Reshevsky O-O, dxc4	review	review
E.Ind.Cat.Bb4	Indian Catalan, Bogo Check	review	review
E.Ind.Cat.Bb4.Bd2	Indian Catalan Bogo Check, Bd2	review	review
E.Ind.Cat.Bb4.Bd2.Be7	Indian Catalan Bogo Check, Be7	review	review
E.Ind.Cat.Bb4.Bd2.Be7.Bg2	Indian Catalan Bogo Retreat, Bg2	review	review
E.Ind.e6.Nf3.c5	Indian Anti-Nimzo, c5	review	review
E.Ind.e6.Nf3.c5.d5	Indian Anti-Nimzo c5, d5	review	review
E.Ind.e6.Nf3.c5.d5.exd5	Indian Anti-Nimzo c5, exd5	review	review
E.Ben.d5	Benoni Defence, d5	review	review
E.Ben.d5.d6	Benoni Defence d5, d6	person	attributed_to
E.Ben.d5.e6	Benoni Defence d5, e6	review	review
E.Ben.d5.e6.Nc3	Benoni Defence d5 e6, Nc3	review	review
E.Ben.d5.e6.Nc3.exd5	Benoni Defence d5 e6 Nc3, exd5	review	review
E.Ben.d5.e6.Nc3.exd5.cxd5	Benoni Defence d5 e6 Nc3, cxd5	review	review
E.Ben.d5.Ne4	Benoni Defence d5, Vulture	review	review
E.Ben.dxc5	Benoni Defence, dxc5	review	review
E.Ben.dxc5.e6	Benoni Defence dxc5, e6	review	review
E.Ben.Old.Adv.Nf6	Old Benoni Advance, Nf6	review	review
E.Ben.Old.Adv.Nf6.Nf3	Old Benoni Advance Nf6, Nf3	review	review
E.Ben.Old.Adv.Nf6.Nc3	Old Benoni Advance Nf6, Nc3	review	review
E.Ben.Old.Adv.f5	Old Benoni Advance, f5	review	review
E.Ben.Old.Adv.f5.e4	Old Benoni Advance f5, e4	review	review
E.Ben.Old.Adv.e5	Old Benoni Advance, e5	review	review
E.Ben.Old.Adv.e5.e4	Old Benoni Advance e5, e4	review	review
E.Ben.Bnk.e4	Benko Gambit Declined, Hjorring	review	review
E.Ben.Bnk.Nf3	Benko Gambit Declined, Nf3	review	review
E.Ben.Bnk.f3	Benko Gambit Declined, Pseudo-Sämisch	review	review
E.Ben.Bnk.Nd2	Benko Gambit Declined, Quiet Line	review	review
E.Ben.Bnk.a4	Benko Gambit Declined, Sosonko	review	review
E.Ben.Bnk.g4	Benko Gambit, Mutkin Countergambit	review	review
E.Ben.Bnk.Acc.f3	Benko Accepted, f3	review	review
E.Ben.Bnk.Acc.e3	Benko Accepted, Modern Variation	review	review
E.Ben.Bnk.Acc.b6	Benko Accepted, Pawn Return	review	review
E.Ben.Bnk.Acc.Nc3	Benko Accepted, Zaitsev System	review	review
E.Ben.Bnk.Acc.Nc3.axb5	Benko Accepted Zaitsev, axb5	review	review
A.Eng.Rev.Nf3	English Reversed Sicilian, Nf3	review	review
A.Eng.Rev.Nf3.e4	English Reversed Sicilian Nf3, e4	review	review
A.Eng.Rev.e3	English Reversed Sicilian, e3	review	review
A.Eng.Rev.e3.Nf6	English Reversed Sicilian e3, Nf6	review	review
A.Eng.Rev.e3.Nf6.f4	English Reversed Sicilian e3, Kahiko-Hula	review	review
A.Eng.Rev.g3	English Reversed Sicilian, g3	review	review
A.Eng.Rev.g3.Nf6	English Reversed Sicilian g3, Nf6	review	review
A.Eng.Rev.g3.Nf6.Bg2	English Reversed Sicilian g3, Bg2	review	review
A.Eng.Rev.g3.Nf6.Bg2.d5	English Reversed Sicilian g3, d5	review	review
A.Eng.Rev.Nc3	English Reversed Sicilian, Nc3	review	review
A.Eng.Rev.Nc3.d6	English Reversed Sicilian Nc3, d6	review	review
A.Eng.Rev.Nc3.d6.Nf3	English Reversed Sicilian Nc3 d6, Nf3	review	review
A.Eng.Rev.Nc3.Bb4	English Reversed Sicilian Nc3, Kramnik-Shirov	review	review
A.Eng.Rev.Nc3.Nf6	English Reversed Sicilian Nc3, Nf6	review	review
A.Eng.Rev.Nc3.Nf6.Nf3	English Reversed Sicilian Two Knights, Nf3	review	review
A.Eng.Rev.Nc3.Nf6.Nf3.e4	English Reversed Sicilian Two Knights, e4	review	review
A.Eng.Rev.Nc3.Nf6.g3	English Reversed Sicilian Two Knights, g3	review	review
A.Eng.Rev.Nc3.Nc6	English Reversed Sicilian, Closed Prefix	review	review
A.Eng.Rev.Nc3.Nc6.g3	English Reversed Sicilian Closed, g3	review	review
A.Eng.Rev.Nc3.Nc6.Nf3	English Reversed Sicilian Closed, Nf3	review	review
A.Eng.Rev.Fou.e4	English Four Knights, e4	review	review
A.Eng.Rev.Fou.d3	English Four Knights, d3	review	review
A.Eng.Rev.Fou.a3	English Four Knights, a3	review	review
A.Eng.Rev.Fou.e3	English Four Knights, e3	review	review
A.Eng.Rev.Fou.e3.Bb4	English Four Knights Quiet, Bb4	review	review
A.Eng.Rev.Fou.g3	English Four Knights, Fianchetto	review	review
A.Eng.Rev.Fou.g3.Bc5	English Four Knights Fianchetto, Bc5	review	review
A.Eng.Rev.Fou.g3.Bc5.d3	English Four Knights Fianchetto, d3	review	review
A.Eng.Sym.Nf3	English Symmetrical, Nf3	review	review
A.Eng.Sym.Nf3.Nf6	English Symmetrical Nf3, Nf6	review	review
A.Eng.Sym.Nf3.Nf6.b4	English Symmetrical Nf3, Napolitano Gambit	review	review
A.Eng.Sym.Nf3.Nf6.Nc3	English Symmetrical Nf3, Nc3	review	review
A.Eng.Sym.Nf3.Nf6.Nc3.Nc6	English Symmetrical Nf3, Four Knights	review	review
A.Eng.Sym.b4	English Symmetrical, Wing Gambit	review	review
A.Eng.Sym.Nc3	English Symmetrical, Nc3	review	review
A.Eng.Sym.Nc3.Nf6	English Symmetrical Nc3, Nf6	review	review
A.Eng.Sym.Nc3.Nf6.Nf3	English Symmetrical Nc3 Nf6, Nf3	review	review
A.Eng.Sym.Nc3.Nf6.Nf3.e5	English Symmetrical Three Knights, e5	review	review
A.Eng.Sym.Nc3.Nc6	English Symmetrical, Two Knights	review	review
A.Eng.Sym.Nc3.Nc6.g3	English Symmetrical Two Knights, g3	review	review
A.Eng.Sym.Nc3.Nc6.g3.g6	English Symmetrical Two Knights, g6	review	review
A.Hol.h3	Dutch Defence, Korchnoi Attack	review	review
A.Hol.h3.Nf6	Dutch Korchnoi Attack, Nf6	review	review
A.Hol.h3.Nf6.g4	Dutch Korchnoi Attack, Janzen-Korchnoi Gambit	review	review
A.Hol.Nf3	Dutch Defence, Nf3	review	review
A.Hol.Nf3.e5	Dutch Defence Nf3, Omega-Isis Gambit	review	review
A.Hol.Bf4	Dutch Defence, Bf4	review	review
A.Hol.Bf4.e6	Dutch Defence Bf4, e6	review	review
A.Hol.Bf4.e6.g4	Dutch Defence Bf4, Senechaud Gambit	review	review
A.Hol.c4	Dutch Defence, c4	review	review
A.Hol.c4.Nf6	Dutch Defence c4, Nf6	review	review
A.Hol.c4.Nf6.Nc3	Dutch Defence c4 Nf6, Nc3	review	review
A.Hol.c4.Nf6.g3	Dutch Defence c4 Nf6, g3	review	review
A.Hol.c4.Nf6.g3.g6	Dutch Defence c4 Nf6, Leningrad Prefix	review	review
A.Hol.c4.Nf6.g3.g6.Bg2	Dutch Leningrad Prefix, Bg2	review	review
A.Hol.c4.Nf6.g3.e6	Dutch Defence c4 Nf6, e6	review	review
A.Hol.c4.Nf6.g3.e6.Bg2	Dutch Defence c4 Nf6 e6, Bg2	review	review
A.Hol.c4.e6	Dutch Defence c4, e6	review	review
A.Hol.c4.e6.e4	Dutch Defence c4, Bellon Gambit	review	review
A.Hol.c4.g6	Dutch Defence c4, g6	review	review
A.Hol.Sta.fxe4	Dutch Staunton, Accepted	descriptor	editorial_leaf_token
A.Hol.Sta.fxe4.Nc3	Dutch Staunton Accepted, Nc3	review	review
A.Hol.Sta.fxe4.Nc3.Nf6	Dutch Staunton Accepted, Nf6	review	review
A.Hol.Sta.fxe4.Nd2	Dutch Staunton Accepted, American Attack	review	review
A.Pol.e5	Polish Opening, e5	review	review
A.Pol.e5.a3	Polish Opening e5, Bugayev Attack	review	review
A.Pol.e5.Bb2	Polish Opening e5, Bb2	review	review
A.Pol.e5.Bb2.f6	Polish Opening e5, Tartakower Prefix	review	review
A.Pol.e5.Bb2.c5	Polish Opening e5, Wolferts Gambit	review	review
A.Pol.Nf6	Polish Opening, Nf6	review	review
A.Pol.Nf6.Bb2	Polish Opening Nf6, Bb2	review	review
A.Pol.Nf6.Bb2.g6	Polish Opening Nf6, King's Indian Variation	review	review
A.Pol.Nf6.Bb2.g6.e4	Polish Opening King's Indian, Schiffler Attack	review	review
A.Pol.e6	Polish Opening, e6	review	review
A.Pol.e6.Bb2	Polish Opening e6, Bb2	review	review
A.Pol.e6.Bb2.Nf6	Polish Opening e6, Queen's Indian Prefix	review	review
A.Pol.e6.Bb2.Nf6.b5	Polish Opening e6, b5	review	review
A.Pol.Nc6	Polish Opening, Grigorian Variation	review	review
A.Pol.Nh6	Polish Opening, Karniewski Variation	review	review
A.Pol.c6	Polish Opening, Outflank Prefix	review	review
A.Pol.b5	Polish Opening, Symmetrical Variation	review	review
A.Van.d5	Van Geet Opening, d5	review	review
A.Van.d5.f4	Van Geet d5, f4	review	review
A.Van.d5.f4.d4	Van Geet d5 f4, d4	review	review
A.Van.d5.f4.e5	Van Geet d5 f4, e5	review	review
A.Van.c5	Van Geet Opening, c5	review	review
A.Van.c5.b4	Van Geet c5, Düsseldorf Gambit	review	review
A.Van.c5.Nf3	Van Geet c5, Nf3	review	review
A.Van.c5.Nf3.Nc6	Van Geet c5 Nf3, Nc6	review	review
A.Van.d6	Van Geet Opening, d6	review	review
A.Van.d6.f4	Van Geet d6, Hergert Prefix	review	review
A.Van.f5	Van Geet Opening, f5	review	review
A.Van.f5.e4	Van Geet f5, Kluever Gambit	review	review
A.Van.g6	Van Geet Opening, g6	review	review
A.Van.g6.h4	Van Geet g6, Myers Attack	review	review
A.Van.b5	Van Geet Opening, Laroche Gambit	review	review
A.Hng.d5	Hungarian Opening, d5	review	review
A.Hng.d5.Bg2	Hungarian Opening d5, Bg2	review	review
A.Hng.d5.Bg2.e5	Hungarian Opening d5, Bücker Prefix	review	review
A.Hng.d5.Bg2.e5.b4	Hungarian Opening Bücker Gambit	review	review
A.Hng.Nf6	Hungarian Opening, Indian Defence	review	review
A.Hng.e5	Hungarian Opening, e5	review	review
A.Hng.e5.a3	Hungarian Opening e5, a3	review	review
A.Hng.e5.a3.d5	Hungarian Opening e5 a3, d5	review	review
A.Hng.f5	Hungarian Opening, Dutch Defence	review	review
A.Hng.f5.e4	Hungarian Opening Dutch, Pachman Prefix	review	review
A.Hng.h5	Hungarian Opening, Lasker Simul	review	review
A.Hng.h5.Nf3	Hungarian Opening h5, Van Kuijk Prefix	review	review
A.Hng.g5	Hungarian Opening, Myers Defence	review	review
A.Hng.Nc6	Hungarian Opening, Nc6	review	review
A.Hng.Nc6.Nc3	Hungarian Opening Nc6, Nc3	review	review
A.Hng.Nc6.Nc3.d5	Hungarian Opening Nc6 Nc3, d5	review	review
A.Lar.d5	Larsen Attack, Classical Variation	review	review
A.Lar.d5.Ba3	Larsen Classical, Graz Attack	review	review
A.Lar.e5	Larsen Attack, Modern Variation	review	review
A.Lar.c5	Larsen Attack, English Variation	review	review
A.Lar.Nf6	Larsen Attack, Indian Variation	review	review
A.Lar.Nf6.Bb2	Larsen Indian, Bb2	review	review
A.Lar.Nf6.Bb2.g6	Larsen Indian, Spike Prefix	review	review
A.Lar.f5	Larsen Attack, Dutch Variation	review	review
A.Lar.f5.Bb2	Larsen Dutch, Bb2	review	review
A.Lar.b5	Larsen Attack, Polish Variation	review	review
A.Lar.b6	Larsen Attack, Symmetrical Variation	review	review
A.Egl.Nf3	Englund Gambit Declined, Nf3	review	review
A.Egl.Nf3.e4	Englund Declined Nf3, e4	review	review
A.Egl.Nf3.e4.Ng1	Englund Declined Nf3, Reversed Brooklyn	review	review
A.Egl.Nf3.e4.Ne5	Englund Declined Nf3, Reversed Mokele	review	review
A.Egl.e3	Englund Gambit Declined, e3	review	review
A.Egl.dxe5	Englund Gambit, dxe5	review	review
A.Egl.dxe5.Nc6	Englund Gambit dxe5, Nc6	review	review
A.Egl.dxe5.Nc6.Nf3	Englund Gambit dxe5 Nc6, Nf3	review	review
A.Egl.dxe5.Qh4	Englund Gambit, Mosquito Gambit	review	review
A.Egl.dxe5.f6	Englund Gambit, Soller Gambit	review	review
A.QPO.Nf6.Nf3.Ne4	Queen's Pawn Indian Knights, Doery Defence	review	review
A.QPO.Nf6.Nf3.c6	Queen's Pawn Indian Knights, c6	review	review
A.QPO.Nf6.Nf3.a6	Queen's Pawn Indian Knights, a6	review	review
A.QPO.Nf6.Nf3.b5	Queen's Pawn Indian Knights, Polish Variation	review	review
A.QPO.Nf6.Nf3.c5	Queen's Pawn Indian Knights, Spielmann-Indian	review	review
A.QPO.Nf6.Nf3.d6	Queen's Pawn Indian Knights, Wade-Tartakower	review	review
A.QPO.Nf6.Nf3.e6	Queen's Pawn Indian Knights, e6	review	review
A.QPO.Nf6.Nf3.e6.Bf4	Queen's Pawn Indian Knights e6, London	review	review
A.QPO.Nf6.Nf3.e6.e3	Queen's Pawn Indian Knights e6, e3	review	review
A.QPO.Nf6.Nf3.e6.e3.b6	Queen's Pawn Indian Knights e3, b6	review	review
A.EID.Bf4	East Indian Defence, London Setup	review	review
A.EID.Bf4.Bg7	East Indian London, Bg7	review	review
A.EID.Bf4.Bg7.e3	East Indian London, e3	review	review
A.EID.Bf4.Bg7.e3.d6	East Indian London, d6	review	review
A.EID.Bg5	East Indian Defence, Torre Setup	review	review
A.EID.Bg5.Bg7	East Indian Torre, Bg7	review	review
A.EID.Bg5.Bg7.Nbd2	East Indian Torre, Nbd2	review	review
A.EID.Bg5.Bg7.Nbd2.d5	East Indian Torre, d5	review	review
A.EID.Nc3	East Indian Defence, Barry Prefix	review	review
A.EID.Nc3.d5	East Indian Barry, d5	review	review
A.EID.Nc3.d5.Bf4	East Indian Barry, Bf4	review	review
A.EID.Nc3.d5.Bf4.Bg7	East Indian Barry, Bg7	review	review
A.EID.Nc3.d5.Bf4.Bg7.e3	East Indian Barry, e3	review	review
C.RyL.Mor.Ba4	Ruy López Morphy, Ba4	review	review
C.RyL.Mor.Ba4.Nf6	Ruy López Morphy Ba4, Nf6	review	review
C.RyL.Mor.Ba4.Nf6.O-O	Ruy López Morphy Ba4 Nf6, Castled	review	review
C.RyL.Mor.Ba4.Nf6.O-O.Be7	Ruy López Morphy Ba4 Nf6 O-O, Be7	review	review
C.RyL.Mor.Ba4.d6	Ruy López Morphy Ba4, d6	review	review
C.RyL.Mor.Ba4.b5	Ruy López Morphy Ba4, b5	review	review
C.RyL.Mor.Ba4.b5.Bb3	Ruy López Morphy Ba4 b5, Bb3	review	review
C.RyL.Ber.O-O	Ruy López Berlin, Castled	review	review
C.RyL.Ber.O-O.Nxe4	Ruy López Berlin, Open Capture	review	review
C.RyL.Ber.O-O.Nxe4.d4	Ruy López Berlin Open, d4	review	review
C.RyL.Ber.O-O.Nxe4.d4.Nd6	Ruy López Berlin Open d4, Nd6	review	review
C.RyL.Mor.Opn.d4	Ruy López Open, d4	review	review
C.RyL.Mor.Opn.d4.b5	Ruy López Open d4, b5	review	review
C.RyL.Mor.Opn.d4.b5.Bb3	Ruy López Open d4 b5, Bb3	review	review
C.RyL.Mor.Opn.MLn	Ruy López Open, Main Line	descriptor	editorial_leaf_token
C.RyL.Mor.Opn.MLn.dxe5	Ruy López Open Main Line, dxe5	review	review
C.RyL.Mor.Opn.MLn.dxe5.Be6	Ruy López Open Main Line dxe5, Be6	review	review
C.Ita.Giu.O-O	Italian Giuoco Piano, Castled	review	review
C.Ita.Giu.O-O.Nf6	Italian Giuoco Piano O-O, Nf6	review	review
C.Ita.Giu.O-O.Nf6.c3	Italian Giuoco Piano O-O Nf6, c3	review	review
C.Ita.Giu.O-O.Nf6.d4	Italian Giuoco Piano O-O Nf6, d4	review	review
C.Ita.Giu.O-O.Nf6.d3	Italian Giuoco Piano O-O Nf6, d3	review	review
C.Ita.Giu.c3	Italian Giuoco Piano, c3	review	review
C.Ita.Giu.c3.Nf6	Italian Giuoco Piano c3, Nf6	review	review
C.Ita.Giu.c3.Nf6.d4	Italian Giuoco Piano c3 Nf6, d4	review	review
C.Ita.Giu.c3.Nf6.d4.exd4	Italian Giuoco Piano c3 Nf6 d4, exd4	review	review
C.Ita.Giu.c3.Nf6.d3	Italian Giuoco Piano c3 Nf6, d3	review	review
C.Ita.Giu.c3.Nf6.d3.d6	Italian Giuoco Piano c3 Nf6 d3, d6	review	review
C.Ita.Giu.c3.Nf6.d3.d5	Italian Giuoco Piano c3 Nf6 d3, d5	review	review
C.Ita.Giu.c3.Qe7	Italian Giuoco Piano c3, Qe7	review	review
C.Ita.Giu.c3.Qe7.d4	Italian Giuoco Piano c3 Qe7, d4	review	review
C.Ita.Giu.c3.d6	Italian Giuoco Piano c3, d6	review	review
C.Ita.Giu.c3.d6.d4	Italian Giuoco Piano c3 d6, d4	review	review
C.Ita.Giu.Bxf7	Italian Giuoco Piano, Jerome Attack	person	attributed_to
C.Ita.Evn.Acc.c3	Evans Accepted, c3	review	review
C.Ita.Evn.Acc.c3.Bc5	Evans Accepted c3, Bc5	review	review
C.Ita.Evn.Acc.c3.Bc5.d4	Evans Accepted c3 Bc5, d4	review	review
C.Ita.Evn.Acc.c3.Be7	Evans Accepted c3, Be7	review	review
C.Ita.Evn.Acc.c3.Bf8	Evans Accepted c3, Bf8	review	review
C.Ita.Evn.Acc.c3.Bd6	Evans Accepted c3, Bd6	review	review
C.Ita.Evn.Dec.a4	Evans Declined, a4	review	review
C.Ita.Evn.Dec.Bb2	Evans Declined, Bb2	review	review
C.Ita.Evn.Dec.b5	Evans Declined, b5	review	review
C.Ita.Evn.Dec.b5.Na5	Evans Declined b5, Na5	review	review
C.Ita.Evn.Dec.b5.Na5.Nxe5	Evans Declined b5 Na5, Nxe5	review	review
C.Ita.Two.Nc3	Italian Two Knights, Nc3	review	review
C.Ita.Two.Nc3.Nxe4	Italian Two Knights Nc3, Nxe4	review	review
C.Ita.Two.O-O	Italian Two Knights, Castled	review	review
C.Ita.Two.O-O.Bc5	Italian Two Knights O-O, Bc5	review	review
C.Ita.Two.O-O.Bc5.d4	Italian Two Knights O-O Bc5, d4	review	review
C.Ita.Two.O-O.Bc5.d4.Bxd4	Italian Two Knights O-O Bc5 d4, Bxd4	review	review
C.Cen.d5	Center Game, d5	review	review
C.Cen.d6	Center Game, d6	review	review
C.Cen.d6.dxe5	Center Game d6, dxe5	review	review
C.Cen.d6.dxe5.Bd7	Center Game d6 dxe5, Bd7	review	review
C.Cen.exd4	Center Game, exd4	review	review
C.Cen.exd4.Qxd4	Center Game exd4, Qxd4	review	review
C.Cen.exd4.Qxd4.Nc6	Center Game Qxd4, Nc6	review	review
C.Cen.exd4.Qxd4.Nc6.Qc4	Center Game Qxd4 Nc6, Qc4	review	review
C.Cen.exd4.Nf3	Center Game exd4, Nf3	review	review
C.Cen.exd4.Nf3.c5	Center Game exd4 Nf3, c5	review	review
C.Cen.exd4.Nf3.Bc5	Center Game exd4 Nf3, Bc5	review	review
C.Cen.exd4.f4	Center Game exd4, f4	review	review
C.Cen.exd4.Bc4	Center Game exd4, Bc4	review	review
C.Cen.exd4.Bd3	Center Game exd4, Bd3	review	review
C.KGm.Acc.Bsh.g5	Bishop's Gambit, g5	review	review
C.KGm.Acc.Bsh.d5	Bishop's Gambit, d5	review	review
C.KGm.Acc.Bsh.d5.Bxd5	Bishop's Gambit d5, Bxd5	review	review
C.KGm.Acc.Bsh.d5.Bxd5.c6	Bishop's Gambit d5 Bxd5, c6	review	review
C.KGm.Acc.Bsh.d5.Bxd5.Nf6	Bishop's Gambit d5 Bxd5, Nf6	review	review
C.KGm.Acc.Bsh.Qh4	Bishop's Gambit, Qh4	review	review
C.KGm.Acc.Bsh.Qh4.Kf1	Bishop's Gambit Qh4, Kf1	review	review
C.KGm.Acc.Bsh.Qh4.Kf1.Nc6	Bishop's Gambit Qh4 Kf1, Nc6	review	review
C.KGm.Acc.Bsh.Qh4.Kf1.Nf6	Bishop's Gambit Qh4 Kf1, Nf6	review	review
C.KGm.Acc.Bsh.Qh4.Kf1.Bc5	Bishop's Gambit Qh4 Kf1, Bc5	review	review
C.KGm.Acc.Bsh.Qh4.Kf1.d6	Bishop's Gambit Qh4 Kf1, d6	review	review
C.KGm.Acc.Bsh.Qh4.Kf1.b5	Bishop's Gambit Qh4 Kf1, b5	review	review
C.KGm.Acc.Bsh.Qh4.Kf1.Ne7	Bishop's Gambit Qh4 Kf1, Ne7	review	review
C.KGm.Acc.Bsh.Nf6	Bishop's Gambit, Nf6	review	review
C.KGm.Acc.Bsh.f5	Bishop's Gambit, f5	review	review
C.KGm.Acc.Bsh.b5	Bishop's Gambit, b5	review	review
C.KGm.Acc.Bsh.c6	Bishop's Gambit, c6	review	review
C.KGm.Acc.Bsh.Nc6	Bishop's Gambit, Nc6	review	review
C.KGm.Acc.Bsh.Ne7	Bishop's Gambit, Ne7	review	review
C.KGm.Acc.Kie.d5	Kieseritzky Gambit, d5	review	review
C.KGm.Acc.Kie.d5.d4	Kieseritzky Gambit d5, d4	review	review
C.KGm.Acc.Kie.d5.d4.Nf6	Kieseritzky Gambit d5 d4, Nf6	review	review
C.KGm.Acc.Kie.h5	Kieseritzky Gambit, h5	review	review
C.KGm.Acc.Kie.Nc6	Kieseritzky Gambit, Nc6	person	attributed_to
C.KGm.Acc.Kie.Bg7	Kieseritzky Gambit, Bg7	review	review
C.KGm.Acc.Kie.Qe7	Kieseritzky Gambit, Qe7	review	review
C.KGm.Acc.Kie.Be7	Kieseritzky Gambit, Be7	review	review
C.Pet.Cls.Bd3	Petrov Classical, Bd3	review	review
C.Pet.Cls.Bd3.Nc6	Petrov Classical Bd3, Nc6	review	review
C.Pet.Cls.Bd3.Nc6.O-O	Petrov Classical Bd3 Nc6, Castled	review	review
C.Pet.Cls.Bd3.Nc6.O-O.Be7	Petrov Classical Bd3 Nc6 O-O, Be7	review	review
C.Pet.Cls.Bd3.Bd6	Petrov Classical Bd3, Bd6	review	review
C.Pet.Cls.Bd3.Bd6.O-O	Petrov Classical Bd3 Bd6, Castled	review	review
C.Pet.Cls.Bd3.Bd6.O-O.O-O	Petrov Classical Bd3 Bd6 O-O, Castled	review	review
C.KPO.Kgt.MLn.Nxe5	King's Knight Opening Main Line, Nxe5	review	review
C.KPO.Kgt.MLn.Nxe5.Nxe5	King's Knight Opening Nxe5, Nxe5	review	review
C.KPO.Kgt.MLn.g3	King's Knight Opening Main Line, g3	person	attributed_to
C.KPO.Kgt.MLn.c4	King's Knight Opening Main Line, c4	review	review
C.KPO.Kgt.MLn.c4.Nf6	King's Knight Opening c4, Nf6	review	review
C.KPO.Kgt.MLn.b4	King's Knight Opening Main Line, b4	review	review
C.KPO.Kgt.MLn.Be2	King's Knight Opening Main Line, Be2	review	review
C.KPO.Kgt.MLn.Be2.Nf6	King's Knight Opening Be2, Nf6	review	review
C.KPO.Kgt.MLn.Be2.Nf6.d4	King's Knight Opening Be2 Nf6, d4	review	review
C.KPO.Kgt.MLn.d3	King's Knight Opening Main Line, d3	review	review
C.KPO.Kgt.MLn.d3.f5	King's Knight Opening d3, f5	review	review
B.Nim.ScD.Be3	Nimzowitsch Scandinavian, Hornung Gambit	review	review
B.Nim.ScD.e5	Nimzowitsch Scandinavian, Advance	review	review
B.Nim.ScD.exd5	Nimzowitsch Scandinavian, Exchange	review	review
B.Nim.ScD.exd5.Qxd5	Nimzowitsch Scandinavian Exchange, Qxd5	review	review
B.Nim.ScD.exd5.Qxd5.Nc3	Nimzowitsch Scandinavian Exchange Qxd5, Nc3	review	review
B.Nim.ScD.exd5.Nb4	Nimzowitsch Scandinavian, Aachen Gambit	review	review
B.Nim.ScD.Nc3	Nimzowitsch Scandinavian, Bogoljubow	review	review
B.Nim.ScD.Nc3.dxe4	Nimzowitsch Scandinavian Bogoljubow, dxe4	review	review
B.Nim.ScD.Nc3.dxe4.d5	Nimzowitsch Scandinavian Bogoljubow, Nimzowitsch Gambit	review	review
B.Nim.ScD.Nc3.Nf6	Nimzowitsch Scandinavian Bogoljubow, Nf6	review	review
B.Nim.ScD.Nc3.e5	Nimzowitsch Scandinavian Bogoljubow, Heinola-Deppe	review	review
B.Nim.Ken.d5	Nimzowitsch Kennedy, d5	review	review
B.Nim.Ken.d5.Nce7	Nimzowitsch Kennedy d5, Nce7	review	review
B.Nim.Ken.dxe5	Nimzowitsch Kennedy, dxe5	review	review
B.Nim.Ken.dxe5.Bc5	Nimzowitsch Kennedy dxe5, Bc5	review	review
B.Nim.Ken.dxe5.f6	Nimzowitsch Kennedy dxe5, f6	review	review
B.Nim.Ken.dxe5.Qh4	Nimzowitsch Kennedy dxe5, Qh4	review	review
B.Nim.Ken.dxe5.d6	Nimzowitsch Kennedy dxe5, d6	review	review
B.Nim.Ken.dxe5.Nxe5	Nimzowitsch Kennedy dxe5, Nxe5	review	review
B.Nim.Ken.dxe5.Nxe5.Nc3	Nimzowitsch Kennedy Nxe5, Keres Attack	review	review
B.Nim.Ken.dxe5.Nxe5.Nf3	Nimzowitsch Kennedy Nxe5, Paulsen Attack	review	review
B.Nim.Ken.dxe5.Nxe5.f4	Nimzowitsch Kennedy Nxe5, f4	review	review
B.Nim.Ken.dxe5.Nxe5.f4.Ng6	Nimzowitsch Kennedy f4, Ng6	review	review
B.Nim.Ken.dxe5.Nxe5.f4.Nc6	Nimzowitsch Kennedy f4, Nc6	review	review
B.Fre.Adv.c5	French Advance, c5	review	review
B.Fre.Adv.c5.c3	French Advance c5, c3	review	review
B.Fre.Adv.c5.c3.Nc6	French Advance c5 c3, Nc6	review	review
B.Fre.Adv.c5.c3.Nc6.Nf3	French Advance c5 c3 Nc6, Nf3	review	review
B.Fre.Adv.c5.c3.Qb6	French Advance c5 c3, Qb6	review	review
B.Fre.Adv.c5.Nf3	French Advance c5, Nf3	review	review
B.Fre.Adv.c5.Nf3.cxd4	French Advance c5 Nf3, cxd4	review	review
B.Fre.Adv.c5.b4	French Advance, Frenkel Gambit	review	review
B.Fre.Adv.c5.dxc5	French Advance, Steinitz Variation	review	review
B.Fre.Adv.Bd7	French Advance, Bd7	review	review
B.CaK.Adv.Bf5	Caro-Kann Advance, Bf5	review	review
B.CaK.Adv.Bf5.Nf3	Caro-Kann Advance Bf5, Nf3	review	review
B.CaK.Adv.Bf5.Nf3.e6	Caro-Kann Advance Bf5 Nf3, e6	review	review
B.CaK.Adv.Bf5.Nc3	Caro-Kann Advance Bf5, Nc3	review	review
B.CaK.Adv.Bf5.Nc3.Qb6	Caro-Kann Advance Bf5 Nc3, Qb6	review	review
B.CaK.Adv.Bf5.Nc3.e6	Caro-Kann Advance Bf5 Nc3, e6	review	review
B.CaK.Adv.Bf5.Ne2	Caro-Kann Advance Bf5, Ne2	review	review
B.CaK.Adv.Bf5.b4	Caro-Kann Advance, Prins Attack	review	review
B.CaK.Adv.Bf5.c3	Caro-Kann Advance Bf5, c3	review	review
B.Sic.Win.cxb4	Sicilian Wing Gambit, cxb4	review	review
B.Sic.Win.cxb4.Bb2	Sicilian Wing Gambit Accepted, Bb2	review	review
B.Sic.Win.cxb4.a3	Sicilian Wing Gambit Accepted, a3	review	review
B.Sic.Win.cxb4.a3.bxa3	Sicilian Wing Gambit Accepted a3, bxa3	review	review
B.Sic.Win.cxb4.a3.d5	Sicilian Wing Gambit Accepted a3, d5	review	review
B.Sic.Win.cxb4.c4	Sicilian Wing Gambit Accepted, Santasiere	review	review
B.Sic.OKn.Nf6	Sicilian Modern Variations, Nf6	review	review
B.Sic.OKn.Nf6.Nc3	Sicilian Modern Nf6, Nc3	review	review
B.Sic.OKn.Nf6.Nc3.g6	Sicilian Modern Nf6 Nc3, g6	review	review
B.Sic.Kan.Bd3	Sicilian Kan, Bd3	review	review
B.Sic.Kan.Bd3.Nf6	Sicilian Kan Bd3, Nf6	review	review
B.Sic.Kan.Bd3.Bc5	Sicilian Kan Bd3, Bc5	review	review
B.Sic.Kan.Bd3.g6	Sicilian Kan Bd3, g6	review	review
B.Sic.Kan.Nc3	Sicilian Kan, Knight Variation	review	review
B.Sic.Kan.Nc3.b5	Sicilian Kan Knight, Wing Attack	review	review
B.Sic.Cls.Be2	Sicilian Classical, Be2	review	review
B.Sic.Cls.Be2.g6	Sicilian Classical Be2, Dragon Setup	review	review
B.Sic.Cls.Be2.g6.Be3	Sicilian Classical Be2 Dragon, Be3	review	review
B.Sic.Cls.Be2.e5	Sicilian Classical Be2, e5	review	review
B.Sic.Cls.Soz.e6	Sicilian Sozin, e6	review	review
B.Sic.Cls.Soz.e6.Be3	Sicilian Sozin e6, Be3	review	review
B.Sic.Cls.Soz.e6.Bb3	Sicilian Sozin e6, Bb3	review	review
B.Sic.Acc.Nxc6	Accelerated Dragon, Exchange	review	review
B.Sic.Acc.Nc3	Accelerated Dragon, Modern	review	review
B.Sic.Acc.Nc3.Bg7	Accelerated Dragon Modern, Bg7	review	review
B.Sic.Acc.Nc3.Bg7.Be3	Accelerated Dragon Modern Bg7, Be3	review	review
B.Sic.Acc.Nc3.Bg7.Be3.Nf6	Accelerated Dragon Modern Be3, Nf6	review	review
B.Sic.Acc.Be3	Accelerated Dragon, Be3	review	review
B.Sic.Acc.Be3.Bg7	Accelerated Dragon Be3, Bg7	review	review
B.Sic.Acc.Be3.Bg7.Be2	Accelerated Dragon Be3 Bg7, Be2	review	review
B.Sic.Sve.Ndb5	Sicilian Sveshnikov, Ndb5	review	review
B.Sic.Sve.Ndb5.d6	Sicilian Sveshnikov Ndb5, d6	review	review
B.Sic.Sve.Ndb5.d6.Bg5	Sicilian Sveshnikov Ndb5 d6, Bg5	review	review
B.Sic.Sve.Ndb5.d6.Bg5.a6	Sicilian Sveshnikov Ndb5 Bg5, a6	review	review
B.Sic.Sve.Nxc6	Sicilian Sveshnikov, Exchange	review	review
B.Sic.Sve.Nf3	Sicilian Sveshnikov, Retreat	review	review
B.Sic.Sve.Nb3	Sicilian Sveshnikov, Schlechter	review	review
B.Sic.SmM.e5	Smith-Morra Declined, Center Formation	review	review
B.Sic.SmM.d3	Smith-Morra Declined, Push Variation	review	review
B.Sic.SmM.d5	Smith-Morra Declined, Scandinavian Formation	review	review
B.Sic.SmM.Qa5	Smith-Morra Declined, Wing Formation	review	review
B.Sic.SmM.Acc.Cls	Smith-Morra Accepted, Classical Formation	review	review
B.Sic.SmM.Acc.Fia	Smith-Morra Accepted, Fianchetto Defence	review	review
B.Sic.SmM.Acc.Pau	Smith-Morra Accepted, Paulsen Formation	review	review
B.Sic.SmM.Acc.Sib	Smith-Morra Accepted, Siberian Variation	review	review
B.Sic.SmM.Acc.Mor	Smith-Morra Accepted, Morphy Defence	review	review
B.Sic.SmM.Acc.Pin	Smith-Morra Accepted, Pin Defence	review	review
B.Sic.Dra.Be3.Bg7.f3.Nc6	Dragon Be3 f3, Nc6	review	review
B.Sic.Dra.Be3.Bg7.f3.O-O	Dragon Be3 f3, O-O	review	review
B.Sic.Dra.Yug.Nc6	Sicilian Dragon Yugoslav, Nc6	review	review
B.Sic.Dra.Yug.Nc6.Bc4	Sicilian Dragon Yugoslav Nc6, Bc4	review	review
A.Hor.Fch.MLn.Bg5	Horwitz French Main Line, Bg5	review	review
A.Hor.Fch.MLn.Bg5.c5	Horwitz French Bg5, c5	review	review
A.Hor.Fch.MLn.Bg5.c5.cxd5	Horwitz French Bg5 c5, cxd5	review	review
A.Hor.Fch.MLn.Bg5.Nbd7	Horwitz French Bg5, Nbd7	review	review
A.Hor.Fch.MLn.Bg5.Nbd7.e3	Horwitz French Bg5 Nbd7, e3	review	review
A.Hor.Fch.MLn.Bg5.Be7	Horwitz French Bg5, Be7	review	review
A.Hor.Fch.MLn.Bg5.Be7.Nf3	Horwitz French Bg5 Be7, Nf3	review	review
A.Hor.Fch.MLn.Bg5.Be7.Bxf6	Horwitz French Bg5 Be7, Bxf6	review	review
A.Hor.Fch.MLn.Bf4	Horwitz French Main Line, Bf4	review	review
A.Hor.Fch.MLn.cxd5	Horwitz French Main Line, cxd5	review	review
A.Kan.MLn.e3.c5	Kangaroo e3, c5	review	review
A.Kan.MLn.e3.c5.Bd3	Kangaroo e3 c5, Bd3	review	review
A.Kan.MLn.e3.c5.Bd3.Nc6	Kangaroo e3 c5 Bd3, Nc6	review	review
A.Kan.MLn.e3.c5.Ne2	Kangaroo e3 c5, Ne2	review	review
A.Kan.MLn.e3.O-O	Kangaroo e3, O-O	review	review
A.Kan.MLn.e3.O-O.a3	Kangaroo e3 O-O, a3	review	review
A.Kan.MLn.e3.O-O.Nf3	Kangaroo e3 O-O, Nf3	review	review
A.Kan.MLn.e3.O-O.Nf3.d5	Kangaroo e3 O-O Nf3, d5	review	review
A.Kan.MLn.e3.O-O.Ne2	Kangaroo e3 O-O, Ne2	review	review
A.Kan.MLn.e3.Ne4	Kangaroo e3, Ne4	review	review
A.Kan.MLn.e3.Ne4.Qc2	Kangaroo e3 Ne4, Qc2	review	review
A.Ret.Eng.Be7	Réti English Transposition, Be7	review	review
A.Ret.Eng.Be7.O-O	Réti English Be7, O-O	review	review
A.Ret.Eng.Be7.O-O.O-O	Réti English Be7, Double Castled	review	review
A.Ret.Eng.Be7.O-O.O-O.b3	Réti English Be7 Double Castled, b3	review	review
A.Ret.Eng.Be7.b3	Réti English Be7, b3	review	review
A.Ret.Eng.Be7.b3.b6	Réti English Be7 b3, b6	review	review
A.Ret.Eng.Be7.b3.c5	Réti English Be7 b3, c5	review	review
A.Ret.Eng.dxc4	Réti English Transposition, dxc4	review	review
A.Ret.Eng.c6	Réti English Transposition, c6	review	review
A.Ret.Eng.c5	Réti English Transposition, c5	review	review
A.Ret.Eng.c5.b3	Réti English c5, b3	review	review
A.Ret.Eng.c5.b3.Nc6	Réti English c5 b3, Nc6	review	review
A.Ret.Eng.Bd6	Réti English Transposition, Bd6	review	review
A.Ret.Ang.g3	Réti Anglo-Slav, g3	review	review
A.Ret.Ang.g3.Nf6	Réti Anglo-Slav g3, Nf6	review	review
A.Ret.Ang.g3.Nf6.Bg2	Réti Anglo-Slav g3 Nf6, Bg2	review	review
A.Ret.Ang.g3.Nf6.Bg2.dxc4	Réti Anglo-Slav Bg2, dxc4	review	review
A.Ret.Ang.g3.Nf6.Bg2.Bf5	Réti Anglo-Slav Bg2, Bf5	review	review
A.Ret.Ang.g3.Nf6.b3	Réti Anglo-Slav g3 Nf6, b3	review	review
A.Ret.Ang.b3	Réti Anglo-Slav, Bogoljubow	review	review
A.Ret.Ang.b3.Bg4	Réti Anglo-Slav b3, Bg4	review	review
A.Ret.Ang.b3.Bf5	Réti Anglo-Slav b3, Bf5	review	review
A.Ret.Ang.b3.Bf5.Bb2	Réti Anglo-Slav b3 Bf5, Bb2	review	review
A.Eng.Rev.Nc3.Nf6.g3.d5	English Reversed Sicilian Nc3 g3, d5	review	review
A.Eng.Rev.Nc3.Nf6.g3.Bb4	English Reversed Sicilian g3, Bb4	review	review
A.Eng.Rev.Nc3.Nf6.g3.c6	English Reversed Sicilian g3, c6	review	review
A.Eng.Rev.Nc3.Nf6.g3.Bc5	English Reversed Sicilian g3, Bc5	review	review
A.Eng.Rev.Nc3.Nf6.g3.g6	English Reversed Sicilian g3, g6	review	review
A.Eng.Rev.Nc3.Nf6.g3.Nc6	English Reversed Sicilian g3, Nc6	review	review
A.Eng.Rev.Nc3.Nc6.g3.g6	English Reversed Sicilian Closed g3, g6	review	review
A.Eng.Rev.Nc3.Nc6.g3.d6	English Reversed Sicilian Closed g3, d6	review	review
A.Bir.Fro.Nc3	From's Gambit, Bahr Gambit	review	review
A.Bir.Fro.fxe5	From's Gambit, fxe5	review	review
A.Bir.Fro.fxe5.d6	From's Gambit fxe5, d6	review	review
A.Bir.Fro.fxe5.d6.exd6	From's Gambit d6, exd6	review	review
A.Bir.Fro.fxe5.d6.exd6.Bxd6	From's Gambit exd6, Bxd6	review	review
A.Bir.Fro.fxe5.f6	From's Gambit, Lasker Gambit	review	review
A.Bir.Fro.fxe5.Ne7	From's Gambit, Platz Gambit	review	review
A.Bir.Fro.fxe5.Nc6	From's Gambit, Schlechter Gambit	review	review
A.Bir.Fro.d4	From's Gambit, Siegener Prefix	review	review
A.Bir.Fro.d4.exd4	From's Gambit d4, exd4	review	review
A.QPO.Nf6.f4	Queen's Pawn Nf6, Canard	review	review
A.QPO.Nf6.Bf4	Queen's Pawn Nf6, Accelerated London	review	review
A.QPO.Nf6.Nd2	Queen's Pawn Nf6, Nd2	review	review
A.QPO.Nf6.Nd2.e5	Queen's Pawn Nf6 Nd2, Lazard Gambit	review	review
A.QPO.Nf6.e4	Queen's Pawn Nf6, Omega Gambit	review	review
A.QPO.Nf6.e4.Nxe4	Queen's Pawn Omega, Nxe4	review	review
A.QPO.Nf6.d5	Queen's Pawn Nf6, Pawn Push	review	review
A.QPO.Nf6.g3	Queen's Pawn Nf6, Tartakower Attack	review	review
C.RyL.Ber.O-O.Bc5	Ruy López Berlin Castled, Classical Bishop	review	review
C.RyL.Ber.O-O.Bc5.c3	Ruy López Berlin Classical, c3	review	review
C.RyL.Ber.O-O.Bc5.c3.O-O	Ruy López Berlin Classical, Castled Main Line	review	review
C.RyL.Ber.O-O.Ng4	Ruy López Berlin, Fishing Pole	review	review
C.RyL.Ber.O-O.d6	Ruy López Berlin, Improved Steinitz	review	review
C.RyL.Ber.O-O.d6.d4	Ruy López Berlin Improved Steinitz, d4	review	review
C.RyL.Ber.O-O.d6.d4.Bd7	Ruy López Berlin Improved Steinitz, Bd7	review	review
C.RyL.Ber.O-O.d6.d4.Nd7	Ruy López Berlin Improved Steinitz, Nd7	review	review
C.RyL.Ber.O-O.d6.Bxc6	Ruy López Berlin Improved Steinitz, Capture on c6	review	review
C.RyL.Ber.O-O.d6.Bxc6.bxc6	Ruy López Berlin Improved Steinitz, bxc6	review	review
C.RyL.Cls.c3	Ruy López Closed, c3	review	review
C.RyL.Cls.c3.O-O	Ruy López Closed, Castled Main Line	review	review
C.RyL.Cls.c3.O-O.h3	Ruy López Closed, h3	review	review
C.RyL.Cls.c3.O-O.h3.Bb7	Ruy López Closed h3, Bb7	review	review
C.RyL.Cls.c3.O-O.h3.Be6	Ruy López Closed h3, Be6	review	review
C.RyL.Cls.c3.O-O.h3.Re8	Ruy López Closed h3, Re8	review	review
C.RyL.Cls.c3.Na5	Ruy López Closed, Chigorin Knight	review	review
C.RyL.Cls.c3.Na5.Bc2	Ruy López Closed Chigorin, Bc2	review	review
C.RyL.Cls.c3.Na5.Bc2.c5	Ruy López Closed Chigorin, c5	review	review
C.RyL.Cls.d4	Ruy López Closed, d4	review	review
C.RyL.Exc.dxc6	Ruy López Exchange, dxc6	review	review
C.RyL.Exc.dxc6.Nc3	Ruy López Exchange dxc6, Nc3	review	review
C.RyL.Exc.dxc6.Nc3.f6	Ruy López Exchange Nc3, f6	review	review
C.RyL.Exc.dxc6.Nc3.f6.d3	Ruy López Exchange Nc3 f6, d3	review	review
C.RyL.Exc.bxc6	Ruy López Exchange, bxc6	review	review
C.RyL.Exc.dxc6.O-O	Ruy López Exchange dxc6, Castled	review	review
C.RyL.Exc.dxc6.O-O.Bg4	Ruy López Exchange Castled, Bg4	review	review
C.RyL.Exc.dxc6.O-O.Bg4.h3	Ruy López Exchange Bg4, h3	review	review
C.RyL.Exc.dxc6.O-O.Qd6	Ruy López Exchange Castled, Qd6	review	review
C.RyL.Exc.dxc6.O-O.f6	Ruy López Exchange Castled, f6	review	review
C.RyL.Exc.dxc6.O-O.Bd6	Ruy López Exchange Castled, Bd6	review	review
C.RyL.Exc.dxc6.d4	Ruy López Exchange dxc6, d4	review	review
C.RyL.Exc.dxc6.d4.exd4	Ruy López Exchange d4, exd4	review	review
C.RyL.Exc.dxc6.d4.exd4.Qxd4	Ruy López Exchange exd4, Qxd4	review	review
C.RyL.Mor.Ba4.d6.Nc3	Ruy López Modern Steinitz, Nc3	review	review
C.RyL.Mor.Ba4.d6.c4	Ruy López Modern Steinitz, c4	review	review
C.RyL.Mor.Ba4.d6.O-O	Ruy López Modern Steinitz, Castled	review	review
C.RyL.Mor.Ba4.d6.O-O.Bd7	Ruy López Modern Steinitz Castled, Bd7	review	review
C.RyL.Mor.Ba4.d6.c3	Ruy López Modern Steinitz, c3	review	review
C.RyL.Mor.Ba4.d6.c3.Bd7	Ruy López Modern Steinitz c3, Bd7	review	review
C.RyL.Mor.Ba4.d6.Bxc6	Ruy López Modern Steinitz, Bxc6	review	review
C.RyL.Mor.Ba4.d6.Bxc6.bxc6	Ruy López Modern Steinitz Bxc6, bxc6	review	review
C.RyL.Mor.Ba4.Nf6.O-O.g6	Ruy López Morphy Castled, Fianchetto	review	review
C.RyL.Mor.Ba4.Nf6.O-O.d5	Ruy López Morphy Castled, d5	review	review
C.RyL.Mor.Ba4.Nf6.O-O.b5	Ruy López Morphy Castled, b5	review	review
C.RyL.Mor.Ba4.Nf6.O-O.d6	Ruy López Morphy Castled, d6	review	review
C.KGm.Dec.Fal.exd5	King's Gambit Declined Falkbeer, exd5	review	review
C.KGm.Dec.Fal.Nf3	King's Gambit Declined Falkbeer, Nf3	review	review
C.KGm.Dec.Fal.d4	King's Gambit Declined Falkbeer, d4	review	review
C.KGm.Dec.Fal.Nc3	King's Gambit Declined Falkbeer, Nc3	review	review
C.KGm.Dec.Fal.exd5.Bc5	King's Gambit Declined Falkbeer exd5, Bc5	review	review
C.KGm.Dec.Fal.exd5.exf4	King's Gambit Declined Falkbeer exd5, exf4	review	review
C.KGm.Dec.Fal.exd5.c6	King's Gambit Declined Falkbeer exd5, c6	review	review
C.KGm.Dec.Fal.exd5.c6.dxc6	King's Gambit Declined Falkbeer c6, dxc6	review	review
C.KGm.Dec.Fal.Nc3.dxe4	King's Gambit Declined Falkbeer Nc3, dxe4	review	review
C.KGm.Dec.Fal.Nc3.dxe4.Nxe4	King's Gambit Declined Falkbeer dxe4, Nxe4	review	review
B.Fre.Mac.MLn.exf6	French MacCutcheon Main Line, exf6	review	review
B.Fre.Mac.MLn.exf6.hxg5	French MacCutcheon exf6, hxg5	review	review
B.Fre.Mac.MLn.exf6.hxg5.fxg7	French MacCutcheon hxg5, fxg7	review	review
B.Fre.Mac.MLn.Bc1	French MacCutcheon Main Line, Dr. Olland	review	review
B.Fre.Mac.MLn.Bd2	French MacCutcheon Main Line, Bd2	review	review
B.Fre.Mac.MLn.Bd2.Bxc3	French MacCutcheon Bd2, Bxc3	review	review
B.Fre.Mac.MLn.Bd2.Nfd7	French MacCutcheon Bd2, Nfd7	review	review
B.Fre.Mac.MLn.Be3	French MacCutcheon Main Line, Janowski	review	review
D.Sla.Nc3.Nf6.e3.e6	Slav Defence Nc3 Nf6 e3, e6	review	review
D.Alb.Nrm.Nbd2	Albin Counter-Gambit Normal, Nbd2	review	review
D.Alb.Nrm.Nbd2.Qe7	Albin Counter-Gambit Nbd2, Qe7	review	review
D.Alb.Nrm.Nbd2.f6	Albin Counter-Gambit Nbd2, f6	review	review
D.Alb.Nrm.Nbd2.Bg4	Albin Counter-Gambit Nbd2, Bg4	review	review
D.Alb.Nrm.Nbd2.Bg4.h3	Albin Counter-Gambit Bg4, h3	review	review
D.Alb.Nrm.Nbd2.Bg4.h3.Bxf3	Albin Counter-Gambit h3, Bxf3	review	review
D.Alb.Nrm.g3	Albin Counter-Gambit Normal, g3	review	review
D.Alb.Nrm.g3.Be6	Albin Counter-Gambit g3, Be6	review	review
D.Alb.Nrm.g3.Bf5	Albin Counter-Gambit g3, Bf5	review	review
D.Alb.Nrm.g3.Bg4	Albin Counter-Gambit g3, Bg4	review	review
E.QID.Pet.KPe.d5	QID Kasparov-Petrosian, d5	review	review
E.QID.Pet.KPe.d5.cxd5	QID Kasparov-Petrosian d5, cxd5	review	review
E.QID.Pet.KPe.d5.cxd5.exd5	QID Kasparov-Petrosian cxd5, exd5	review	review
E.QID.Pet.KPe.d5.cxd5.Nxd5	QID Kasparov-Petrosian cxd5, Nxd5	review	review
D.Sem.e3	Semi-Slav, e3 Setup	review	review
D.Sem.e3.a6	Semi-Slav e3, Accelerated Meran	review	review
D.Sem.e3.Nbd7	Semi-Slav e3, Normal Variation	review	review
D.Sem.e3.Nbd7.Bd3	Semi-Slav Normal, Bd3	review	review
D.Sem.e3.Nbd7.Bd3.Be7	Semi-Slav Normal Bd3, Be7	review	review
D.Sem.e3.Nbd7.Bd3.Bd6	Semi-Slav Normal Bd3, Bd6	review	review
D.Sem.e3.Nbd7.Bd3.Bd6.Qc2	Semi-Slav Chigorin, Qc2	review	review
D.Sem.e3.Nbd7.Bd3.Bb4	Semi-Slav Normal Bd3, Bb4	review	review
D.Sem.e3.Nbd7.Bd3.dxc4	Semi-Slav Normal Bd3, dxc4	review	review
D.Sem.e3.Nbd7.Bd3.dxc4.Bxc4	Semi-Slav Semi-Meran, Bxc4	review	review
D.Sem.e3.Nbd7.b3	Semi-Slav Normal, b3	review	review
D.Sem.e3.Nbd7.b3.Bd6	Semi-Slav Normal b3, Bd6	review	review
D.Sem.e3.Nbd7.b3.Bd6.Bb2	Semi-Slav Normal b3 Bd6, Bb2	review	review
D.Sem.e3.Nbd7.Ne5	Semi-Slav Normal, Rubinstein System	review	review
D.Sem.e3.Ne4	Semi-Slav e3, Stonewall Defence	review	review
D.Sem.e3.Ne4.Bd3	Semi-Slav Stonewall, Bd3	review	review
D.Sem.e3.Ne4.Bd3.f5	Semi-Slav Stonewall Bd3, f5	review	review
D.Sem.e3.Bd6	Semi-Slav e3, Bd6	review	review
D.Sem.e3.Bd6.Bd3	Semi-Slav Bd6, Bd3	review	review
D.Sem.e3.Bd6.Bd3.dxc4	Semi-Slav Bd6 Bd3, dxc4	review	review
D.Sem.e3.Bd6.Bd3.dxc4.Bxc4	Semi-Slav Bd6 dxc4, Bxc4	review	review
A.KIA.Bg2	King's Indian Attack, Fianchetto	review	review
A.KIA.Bg2.c6	King's Indian Attack Fianchetto, c6	review	review
A.KIA.Bg2.c6.O-O	King's Indian Attack c6, Castled	review	review
A.KIA.Bg2.c6.O-O.Bf5	King's Indian Attack c6 Castled, Bf5	review	review
A.KIA.Bg2.c6.O-O.Bf5.d3	King's Indian Attack Bf5, d3	review	review
A.KIA.Bg2.c6.O-O.Bg4	King's Indian Attack c6 Castled, Yugoslav	review	review
A.KIA.Bg2.e6	King's Indian Attack Fianchetto, e6	review	review
C.KPO.Kgt.Qe7	King's Knight Opening, Gunderam Defence	review	review
C.KPO.Kgt.Qe7.Bc4	King's Knight Gunderam, Bc4	review	review
C.KPO.Kgt.Qe7.Bc4.f5	King's Knight Gunderam Gambit	review	review
C.KPO.Kgt.Bc5	King's Knight Opening, Busch-Gass Gambit	review	review
C.KPO.Kgt.Bc5.Nxe5	King's Knight Busch-Gass, Nxe5	review	review
C.KPO.Kgt.Bc5.Nxe5.Nc6	King's Knight Busch-Gass, Chiodini	review	review
C.KPO.Kgt.c6	King's Knight Opening, c6 Gambit	review	review
C.KPO.Kgt.Qf6	King's Knight Opening, McConnell Defence	review	review
C.KPO.Kgt.Qf6.Bc4	King's Knight McConnell, Bc4	review	review
C.KPO.Kgt.Qf6.Bc4.Qg6	King's Knight McConnell, Qg6	review	review
C.KPO.Kgt.Qf6.Bc4.Qg6.O-O	King's Knight La Bourdonnais, Castled	review	review
C.LtO.Gre.d4	Latvian Main Line, d4	review	review
C.LtO.Gre.d4.d6	Latvian Main Line d4, d6	review	review
C.LtO.Gre.d4.d6.Nc4	Latvian Main Line d6, Nc4	review	review
C.LtO.Gre.d4.d6.Nc4.fxe4	Latvian Main Line d6 Nc4, fxe4	review	review
C.LtO.Gre.Nc4	Latvian Main Line, Nc4	review	review
C.LtO.Gre.Nc4.fxe4	Latvian Main Line Nc4, fxe4	review	review
C.LtO.Gre.Nc4.fxe4.d3	Latvian Main Line fxe4, Foltys	review	review
C.LtO.Gre.Nc4.fxe4.Nc3	Latvian Main Line fxe4, Leonhardt	review	review
C.Sco.Gbt.Bb4	Scotch Gambit, London Defence	review	review
C.Sco.Gbt.Bb4.c3	Scotch Gambit London, c3	review	review
C.Sco.Gbt.Bb4.c3.dxc3	Scotch Gambit London c3, dxc3	review	review
C.Sco.Gbt.Bb4.c3.dxc3.O-O	Scotch Gambit London dxc3, Castled	review	review
C.Sco.Gbt.Bb4.c3.dxc3.bxc3	Scotch Gambit London dxc3, bxc3	review	review
C.Sco.Gbt.Bc5	Scotch Gambit, Haxo Gambit	review	review
C.Sco.Gbt.Bc5.Ng5	Scotch Gambit Haxo, Sarratt	review	review
C.Sco.Gbt.Bc5.Ng5.Nh6	Scotch Gambit Sarratt, Nh6	review	review
C.Sco.Gbt.Bc5.Ng5.Nh6.Qh5	Scotch Gambit Sarratt, Vitzthum	review	review
C.Sco.Gbt.Bc5.Ng5.Nh6.Nxf7	Scotch Gambit Sarratt, Nxf7	review	review
D.Sla.Not.a4	Noteboom, a4	review	review
D.Sla.Not.a4.Bb4	Noteboom a4, Bb4	review	review
D.Sla.Not.a4.Bb4.e3	Noteboom Abrahams, e3	review	review
D.Sla.Not.g3	Noteboom, Anti-Noteboom Gambit	review	review
D.Sla.Not.Bg5	Noteboom, Anti-Noteboom Bg5	review	review
D.Sla.Not.Bg5.f6	Noteboom Anti-Noteboom Bg5, f6	review	review
D.QGD.Cmb.Nd2	Cambridge Springs, Nd2	review	review
D.QGD.Cmb.Nd2.Bb4	Cambridge Springs Nd2, Bb4	review	review
D.QGD.Cmb.Nd2.Bb4.Qc2	Cambridge Springs Bogoljubow, Qc2	review	review
D.QGD.Cmb.Nd2.Bb4.Qc2.O-O	Cambridge Springs Bogoljubow, Castled	review	review
D.QGD.Cmb.Nd2.dxc4	Cambridge Springs Nd2, dxc4	review	review
D.QGD.Cmb.cxd5	Cambridge Springs, cxd5	review	review
D.QGD.Cmb.cxd5.Nxd5	Cambridge Springs cxd5, Nxd5	review	review
D.QGD.Cmb.cxd5.exd5	Cambridge Springs cxd5, exd5	review	review
A.Bir.Nf6	Bird Opening, Nf6	review	review
A.Bir.Nf6.Nf3	Bird Opening Nf6, Nf3	review	review
A.Bir.Nf6.Nf3.g6	Bird Opening Nf3, g6	review	review
A.Bir.Nf6.Nf3.g6.b4	Bird Opening g6, Batavo-Polish	review	review
A.Bir.f5	Bird Opening, From Reversed	review	review
A.Bir.f5.d4	Bird Opening f5, d4	review	review
A.Bir.f5.d4.d5	Bird Opening Double Dutch	review	review
A.Bir.f5.e4	Bird Opening, Wagner-Zwitersch Gambit	review	review
A.Bir.f5.e4.fxe4	Bird Wagner-Zwitersch, fxe4	review	review
A.Bir.f5.e4.fxe4.Nc3	Bird Swiss Gambit, Nc3	review	review
A.Bir.f5.e4.fxe4.Nc3.Nf6	Bird Swiss Gambit, Nf6	review	review
A.Bir.h6	Bird Opening, Hobbs-Zilbermints Prefix	review	review
A.Bir.h6.Nf3	Bird Hobbs-Zilbermints, Nf3	review	review
A.Bir.h6.Nf3.g5	Bird Hobbs-Zilbermints Gambit	review	review
A.Bir.b5	Bird Opening, Myers Defence	review	review
A.Kad.c5	Kádas Opening, c5	review	review
A.Kad.c5.b4	Kádas Opening, Kádas Gambit	review	review
A.Kad.d5	Kádas Opening, d5	review	review
A.Kad.d5.d4	Kádas Opening d5, d4	review	review
A.Kad.d5.d4.c5	Kádas Opening d4, c5	review	review
A.Kad.d5.d4.c5.Nf3	Kádas Opening c5, Nf3	review	review
A.Kad.d5.d4.c5.Nf3.cxd4	Kádas Opening Nf3, cxd4	review	review
A.Kad.d5.d4.c5.e4	Kádas Opening, Myers Variation	review	review
A.Kad.e5	Kádas Opening, e5	review	review
A.Kad.e5.d4	Kádas Opening e5, d4	review	review
A.Kad.e5.d4.exd4	Kádas Opening d4, exd4	review	review
A.Kad.e5.d4.exd4.c3	Kádas Gambit, c3	review	review
A.Kad.f5	Kádas Opening, Steinbok Prefix	review	review
A.Kad.f5.e4	Kádas Steinbok Gambit	review	review
A.Kad.f5.e4.fxe4	Kádas Steinbok, fxe4	review	review
A.Kad.f5.e4.fxe4.d3	Kádas Steinbok, d3	review	review
A.War.a5	Ware Opening, Symmetric Variation	review	review
A.War.e5	Ware Opening, e5	review	review
A.War.e5.h4	Ware Opening, Crab Variation	review	review
A.War.e5.Ra3	Ware Opening, Meadow Hay Trap	review	review
A.War.b6	Ware Opening, b6	review	review
A.War.b6.d4	Ware Opening b6, d4	review	review
A.War.b6.d4.d5	Ware Opening b6 d4, d5	review	review
A.War.b6.d4.d5.Nc3	Ware Cologne Gambit, Nc3	review	review
A.War.b6.d4.d5.Nc3.Nd7	Ware Cologne Gambit, Nd7	review	review
A.War.b5	Ware Opening, Wing Gambit	review	review
A.War.b5.axb5	Ware Wing Gambit, axb5	review	review
A.War.b5.axb5.Bb7	Ware Wing Gambit, Bb7	review	review
A.Hng.ReM.Nf3.Nc6	Hungarian Reversed Modern Nf3, Nc6	review	review
A.Hng.ReM.Nf3.Nc6.d4	Hungarian Reversed Modern Nc6, d4	review	review
A.Hng.ReM.Nf3.Nc6.d4.Nf6	Hungarian Reversed Grünfeld, Nf6	review	review
A.Hng.ReM.Nf3.Nc6.d4.e6	Hungarian Reversed Grünfeld, e6	review	review
A.Hng.ReM.Nf3.Nf6	Hungarian Reversed Modern Nf3, Nf6	review	review
A.Hng.ReM.Nf3.Nf6.O-O	Hungarian Reversed Modern Nf6, Castled	review	review
A.Hng.ReM.Nf3.Nf6.O-O.e6	Hungarian Reversed Modern Castled, e6	review	review
A.QPO.g6.Nf3	Queen's Pawn Modern, Nf3	review	review
A.QPO.g6.Nf3.Bg7	Queen's Pawn Modern Nf3, Bg7	review	review
A.QPO.g6.Nf3.Bg7.e3	Queen's Pawn Modern Bg7, e3	review	review
A.QPO.g6.Nf3.Bg7.e3.c5	Queen's Pawn Modern e3, c5	review	review
A.QPO.g6.Nf3.Bg7.g3	Queen's Pawn Modern Bg7, Fianchetto	review	review
A.QPO.g6.Nf3.Bg7.g3.c5	Queen's Pawn Modern Fianchetto, c5	review	review
A.QPO.g6.Nf3.Bg7.Nc3	Queen's Pawn Modern Bg7, Nc3	review	review
A.QPO.g6.Nf3.Bg7.Nc3.d5	Queen's Pawn Modern Nc3, d5	review	review
A.QPO.g6.Nf3.Bg7.Bf4	Queen's Pawn Modern Bg7, London	review	review
A.QPO.g6.Nf3.Bg7.Bf4.c5	Queen's Pawn Modern London, c5	review	review
A.QPO.g6.h4	Queen's Pawn Modern, Lizard Defence	review	review
A.QPO.g6.h4.Nf6	Queen's Pawn Modern Lizard, Nf6	review	review
A.QPO.g6.h4.Nf6.h5	Queen's Pawn Modern Lizard, h5	review	review
B.Sca.MLn.Qd6	Scandinavian Main Line, Qd6	review	review
B.Sca.MLn.Qd6.d4	Scandinavian Qd6, d4	review	review
B.Sca.MLn.Qd6.d4.Nf6	Scandinavian Qd6 d4, Nf6	review	review
B.Sca.MLn.Qd6.d4.Nf6.Nf3	Scandinavian Qd6 Nf6, Nf3	review	review
B.Sca.MLn.Qd6.d4.c6	Scandinavian Qd6 d4, c6	review	review
B.Sca.MLn.Qd8	Scandinavian Main Line, Qd8	review	review
B.Sca.MLn.Qd8.d4	Scandinavian Qd8, d4	review	review
B.Sca.MLn.Qd8.d4.Nf6	Scandinavian Qd8 d4, Nf6	review	review
B.Sca.MLn.Qd8.d4.Nf6.Nf3	Scandinavian Qd8 Nf6, Nf3	review	review
B.CaK.Kar.Ng5	Caro-Kann Karpov, Modern Variation	review	review
B.CaK.Kar.Ng5.Ngf6	Caro-Kann Karpov Modern, Ngf6	review	review
B.CaK.Kar.Ng5.Ndf6	Caro-Kann Karpov Modern, Ivanchuk	review	review
B.CaK.Kar.Ng5.Ngf6.Bd3	Caro-Kann Karpov Modern, Bd3	review	review
B.CaK.Kar.Ng5.Ngf6.Bd3.e6	Caro-Kann Karpov Bd3, e6	review	review
B.CaK.Kar.Bc4	Caro-Kann Karpov, Bc4	review	review
B.CaK.Kar.Bc4.Ngf6	Caro-Kann Karpov Bc4, Ngf6	review	review
B.CaK.Kar.Bc4.Ngf6.Ng5	Caro-Kann Karpov Smyslov, Ng5	review	review
B.CaK.Kar.Bc4.Ngf6.Ng5.e6	Caro-Kann Karpov Smyslov, e6	review	review
B.CaK.Kar.Bc4.Ngf6.Nxf6	Caro-Kann Karpov, Tiviakov-Fischer	review	review
B.CaK.Kar.Bc4.Ngf6.Nxf6.Nxf6	Caro-Kann Karpov Tiviakov-Fischer, Nxf6	review	review
C.Bsh.Ber.f4	Bishop's Berlin, Greco Gambit	review	review
C.Bsh.Ber.d4	Bishop's Berlin, Ponziani Gambit	review	review
C.Bsh.Ber.d4.exd4	Bishop's Berlin d4, exd4	review	review
C.Bsh.Ber.d4.exd4.c3	Bishop's Berlin, Warsaw Gambit	review	review
C.Bsh.Ber.Ne2	Bishop's Berlin, Ne2	review	review
C.Bsh.Ber.Ne2.Nxe4	Bishop's Berlin Ne2, Nxe4	review	review
C.Bsh.Ber.Ne2.Nxe4.Nec3	Bishop's Berlin, Pachman Gambit	review	review
C.Bsh.Ber.f3	Bishop's Berlin, Krejčík Prefix	review	review
C.Bsh.Ber.f3.Bc5	Bishop's Berlin f3, Bc5	review	review
C.Bsh.Ber.f3.Bc5.Ne2	Bishop's Berlin Krejčík, Ne2	review	review
C.Bsh.Ber.f3.Bc5.Ne2.Nc6	Bishop's Berlin Krejčík, Nc6	review	review
C.Pet.Mod.exd4	Petrov Modern, exd4	review	review
C.Pet.Mod.Nxe4	Petrov Modern, Nxe4	review	review
C.Pet.Mod.Nxe4.Bd3	Petrov Modern Nxe4, Bd3	review	review
C.Pet.Mod.Nxe4.Bd3.Nc6	Petrov Modern Bd3, Murrey	review	review
C.Pet.Mod.Nxe4.Bd3.d5	Petrov Modern Bd3, d5	review	review
C.Pet.Mod.Nxe4.Bd3.d5.Nxe5	Petrov Modern Bd3 d5, Nxe5	review	review
C.Pet.Mod.d5	Petrov Modern, Symmetrical Variation	review	review
C.Pon.Jae.d3	Ponziani Jaenisch, d3	review	review
C.Pon.Jae.d3.d5	Ponziani Jaenisch d3, d5	review	review
C.Pon.Jae.d3.d5.Nbd2	Ponziani Jaenisch d5, Nbd2	review	review
C.Pon.Jae.Bc4	Ponziani Jaenisch, Neumann Gambit	review	review
C.Pon.Jae.d4	Ponziani Jaenisch, d4	review	review
C.Pon.Jae.d4.Nxe4	Ponziani Jaenisch d4, Nxe4	review	review
C.Pon.Jae.d4.Nxe4.d5	Ponziani Jaenisch, Vukovic Gambit	review	review
C.Pon.Jae.d4.Nxe4.d5.Bc5	Ponziani Jaenisch Vukovic, Bc5	review	review
C.Fou.Sco.exd4	Four Knights Scotch, exd4	review	review
C.Fou.Sco.exd4.Nxd4	Four Knights Scotch Accepted, Nxd4	review	review
C.Fou.Sco.exd4.Nxd4.Nxe4	Four Knights Scotch Schmid Defence	review	review
C.Fou.Sco.Bb4	Four Knights Scotch, Bb4	review	review
C.Fou.Sco.Bb4.Nxe5	Four Knights Scotch, Krause Gambit	review	review
C.Fou.Sco.Bb4.Nxe5.Qe7	Four Knights Scotch Krause, Leonhardt	review	review
C.Fou.Sco.Bb4.d5	Four Knights Scotch, Oxford Gambit	review	review
C.Fou.Sco.Bb4.d5.Nd4	Four Knights Scotch Oxford, Nd4	review	review
A.Bar.e5	Barnes Opening, e5	review	review
A.Bar.e5.g4	Barnes Opening, Fool's Mate Pattern	review	review
A.Bar.e5.g4.Qh4	Barnes Opening, Fool's Mate	review	review
A.Bar.e5.Kf2	Barnes Opening, Hammerschlag	review	review
A.Bar.d5	Barnes Opening, d5	review	review
A.Bar.d5.e4	Barnes Opening d5, e4	review	review
A.Bar.d5.e4.g6	Barnes Opening Gedult, g6	review	review
A.Bar.d5.e4.g6.d4	Barnes Gedult, d4	review	review
A.Bar.d5.e4.g6.d4.dxe4	Barnes Gedult, dxe4	review	review
A.Bar.f5	Barnes Opening, f5	review	review
A.Bar.f5.e4	Barnes Opening f5, e4	review	review
A.Bar.f5.e4.fxe4	Barnes Gedult f5, fxe4	review	review
A.Bar.f5.e4.fxe4.Nc3	Barnes Gedult fxe4, Nc3	review	review
A.Gro.Gbt.c6	Grob Gambit, c6 Declined	review	review
A.Gro.Gbt.c6.c4	Grob Gambit c6, c4	review	review
A.Gro.Gbt.c6.c4.dxc4	Grob Gambit c4, dxc4	review	review
A.Gro.Gbt.c6.c4.dxc4.b3	Grob Richter-Grob, b3	review	review
A.Gro.Gbt.h5	Grob Gambit, Basman Prefix	review	review
A.Gro.Gbt.h5.gxh5	Grob Gambit, Basman Gambit	review	review
A.Gro.Gbt.e5	Grob Gambit, Keres Prefix	review	review
A.Gro.Gbt.e5.d4	Grob Gambit Keres, d4	review	review
A.Gro.Gbt.e5.d4.exd4	Grob Keres, exd4	review	review
A.Gro.Gbt.e5.d4.exd4.c3	Grob Keres, c3	review	review
A.Pol.Cen.Bb2	Polish Central, Bb2	review	review
A.Pol.Cen.Bb2.Nf6	Polish Central Bb2, Nf6	review	review
A.Pol.Cen.Bb2.Nf6.Nf3	Polish Central Nf6, Nf3	review	review
A.Pol.Cen.Bb2.Qd6	Polish Central, German Defence	review	review
A.Pol.Cen.Bb2.c6	Polish Central Bb2, c6	review	review
A.Pol.Cen.Bb2.c6.a4	Polish Central, Myers Variation	review	review
A.Pol.Cen.Nf3	Polish Central, Santasiere Folly	review	review
A.VtK.e5	Van't Kruijs Opening, e5	review	review
A.VtK.e5.Bc4	Van't Kruijs e5, Bc4	review	review
A.VtK.e5.Bc4.b5	Van't Kruijs Bouncing Bishop, b5	review	review
A.VtK.e5.Bc4.b5.Bb3	Van't Kruijs Bouncing Bishop, Bb3	review	review
A.VtK.e5.Nc3	Van't Kruijs e5, Nc3	review	review
A.VtK.e5.Nc3.Nf6	Van't Kruijs Keoni-Hiva, Nf6	review	review
A.VtK.e5.Nc3.Nf6.f4	Van't Kruijs Akahi, f4	review	review
A.VtK.e5.Nc3.Nf6.f4.exf4	Van't Kruijs Akahi, exf4	review	review
A.VtK.e5.Nc3.Nc6	Van't Kruijs Keoni-Hiva, Nc6	review	review
A.VtK.e5.Nc3.Nc6.f4	Van't Kruijs Alua, f4	review	review
A.VtK.e5.Nc3.d5	Van't Kruijs Keoni-Hiva, d5	review	review
A.VtK.e5.Nc3.d5.f4	Van't Kruijs Ekolu, f4	review	review
A.Mod.Nc3	Modern Defence, Nc3	review	review
A.Mod.Nc3.c5	Modern Defence Nc3, c5	review	review
A.Mod.Nc3.c5.e3	Modern Defence c5, Quiet Line	review	review
A.Mod.Nc3.c5.d5	Modern Defence c5, d5	review	review
A.Mod.Nc3.c5.d5.Bxc3	Modern Pterodactyl, Bxc3	review	review
A.Mod.Nc3.c5.d5.Bxc3.bxc3	Modern Pterodactyl Bxc3, bxc3	review	review
E.Ben.Old.dxc5	Old Benoni, Benoni Gambit Accepted	review	review
E.Ben.Old.dxc5.Na6	Old Benoni Gambit Accepted, Schlenker	review	review
E.Ben.Old.dxc5.b6	Old Benoni Gambit Accepted, Cormorant	review	review
E.Ben.Old.c4	Old Benoni, c4	review	review
E.Ben.Old.c4.cxd4	Old Benoni c4, cxd4	review	review
E.Ben.Old.c4.cxd4.e3	Old Benoni, Liedmann Gambit	review	review
B.Pir.Pre.f4	Pirc Precursor, Harmonist	review	review
B.Pir.Pre.f4.d5	Pirc Precursor f4, d5	review	review
B.Pir.Pre.f4.d5.exd5	Pirc Precursor Fuller, exd5	review	review
B.Pir.Pre.f4.d5.exd5.Nf6	Pirc Precursor Fuller, Nf6	review	review
B.Pir.Pre.h4	Pirc Precursor, Petruccioli Attack	review	review
B.Pir.Pre.g4	Pirc Precursor, Spike Attack	review	review
B.Sca.Nf6.d4	Scandinavian 2...Nf6, d4	review	review
B.Sca.Nf6.d4.g6	Scandinavian 2...Nf6, Richter	review	review
B.Sca.Nf6.d4.g6.c4	Scandinavian Richter, c4	review	review
B.Sca.Nf6.d4.g6.c4.b5	Scandinavian Richter, Wing Gambit	review	review
B.Sca.Nf6.d4.c6	Scandinavian 2...Nf6, Kádas Prefix	review	review
B.Sca.Nf6.d4.c6.dxc6	Scandinavian Kádas, dxc6	review	review
B.Sca.Nf6.d4.c6.dxc6.e5	Scandinavian Kádas, e5	review	review
D.Bgm.Acc.Nxf3	Blackmar-Diemer Accepted, Nxf3	review	review
D.Bgm.Acc.Nxf3.Qd6	Blackmar-Diemer Nxf3, Holwell	review	review
D.Bgm.Acc.Nxf3.c5	Blackmar-Diemer Nxf3, Kaulich	review	review
D.Bgm.Acc.Nxf3.Nc6	Blackmar-Diemer Nxf3, Pietrowsky	review	review
D.Bgm.Acc.Nxf3.b6	Blackmar-Diemer Nxf3, Ritter	review	review
D.Bgm.Acc.Nxf3.Nbd7	Blackmar-Diemer Nxf3, Schlutter	review	review
D.QPG.Chi.e6	Queen's Pawn Chigorin, e6	review	review
D.QPG.Chi.e6.Bf4	Queen's Pawn Chigorin, Rapport-Jobava	review	review
D.QPG.Chi.Bg4	Queen's Pawn Chigorin, Anti-Veresov	review	review
D.QPG.Chi.e5	Queen's Pawn Chigorin, Shaviliuk Gambit	review	review
D.QPG.Chi.h5	Queen's Pawn Chigorin, Shropshire Defence	review	review
D.QGD.Exc.Bg5	QGD Exchange, Bg5	review	review
D.QGD.Exc.Bg5.c6	QGD Exchange Bg5, c6	review	review
D.QGD.Exc.Bg5.c6.Qc2	QGD Exchange c6, Reshevsky	review	review
D.QGD.Exc.Bg5.Be7	QGD Exchange Bg5, Be7	review	review
D.QGD.Exc.Bg5.Be7.e3	QGD Exchange Be7, e3	review	review
D.QGD.Exc.Bg5.Be7.e3.h6	QGD Exchange Be7 e3, h6	review	review
D.QGD.Lsk.Bxe7	QGD Lasker, Bxe7	review	review
D.QGD.Lsk.Bxe7.Qxe7	QGD Lasker Bxe7, Qxe7	review	review
D.QGD.Lsk.Bxe7.Qxe7.Qc2	QGD Lasker Qxe7, Qc2	review	review
D.QGD.Lsk.Bxe7.Qxe7.cxd5	QGD Lasker Qxe7, cxd5	review	review
D.QGD.Lsk.Bxe7.Qxe7.cxd5.Nxc3	QGD Lasker Bernstein, Nxc3	review	review
E.Nim.Kas.c5	Nimzo Kasparov, c5	review	review
E.Nim.Kas.c5.g3	Nimzo Kasparov c5, Romanishin	review	review
E.Nim.Kas.c5.g3.O-O	Nimzo Romanishin, Castled	review	review
E.Nim.Kas.c5.g3.cxd4	Nimzo Romanishin, cxd4	review	review
E.Nim.Kas.c5.g3.cxd4.Nxd4	Nimzo Romanishin cxd4, Nxd4	review	review
E.Nim.Kas.b6	Nimzo Kasparov, b6	review	review
E.Nim.Kas.b6.e3	Nimzo Kasparov b6, e3	review	review
E.Nim.Kas.b6.e3.Ne4	Nimzo St. Petersburg, Ne4	review	review
E.Nim.Kas.b6.e3.Ne4.Qc2	Nimzo St. Petersburg Ne4, Qc2	review	review
E.Nim.Cls.Noa.Ne4	Nimzo Classical Noa, Ne4	review	review
E.Nim.Cls.Noa.Ne4.Qc2	Nimzo Classical Noa Ne4, Qc2	review	review
E.Nim.Cls.Noa.Ne4.Qc2.c5	Nimzo Classical Noa Qc2, c5	review	review
E.Nim.Cls.Noa.Ne4.Qc2.Nc6	Nimzo Classical Noa Qc2, Nc6	review	review
E.Nim.Cls.Noa.Nc6	Nimzo Classical Noa, Botvinnik	review	review
E.Nim.Cls.Noa.c5	Nimzo Classical Noa, Romanishin Gambit	review	review
E.Nim.Rub.Cls.Nf3	Nimzo Rubinstein Classical, Nf3	review	review
E.Nim.Rub.Cls.Nf3.Nc6	Nimzo Rubinstein Classical, Ragozin	review	review
E.Nim.Rub.Cls.Nf3.Nc6.O-O	Nimzo Ragozin, Castled	review	review
E.Nim.Rub.Cls.Nf3.b6	Nimzo Rubinstein Classical, Schlechter	review	review
E.Nim.Rub.Cls.a3	Nimzo Rubinstein Classical, a3	review	review
E.Nim.Rub.Cls.a3.Bxc3	Nimzo Rubinstein a3, Bxc3	review	review
E.Nim.Rub.Cls.a3.Bxc3.bxc3	Nimzo Rubinstein a3 Bxc3, bxc3	review	review
A.Ret.Adv.b4	Réti Advance, b4	review	review
A.Ret.Adv.b4.c5	Réti Advance b4, Michel Gambit	review	review
A.Ret.Adv.b4.g5	Réti Advance b4, Navara Gambit	review	review
A.Ret.Adv.Rg1	Réti Advance, Penguin Variation	review	review
A.Ret.Adv.e3	Réti Advance, e3	review	review
A.Ret.Adv.e3.c5	Réti Advance e3, c5	review	review
A.Ret.Adv.e3.c5.b4	Réti Advance, Reversed Blumenfeld	review	review
A.Eng.Mik.Nc6	English Mikėnas-Carls, Nc6	review	review
A.Eng.Mik.d5	English Mikėnas-Carls, d5	review	review
A.Eng.Mik.d5.e5	English Mikėnas-Carls d5, e5	review	review
A.Eng.Mik.c5	English Mikėnas-Carls, Sicilian	review	review
A.Eng.Mik.c5.e5	English Mikėnas-Carls Sicilian, e5	review	review
A.Eng.Mik.c5.e5.Ng8	English Mikėnas-Carls, Nei Gambit	review	review
A.OID.Nf6.g4	Old Indian Nf6, Aged Gibbon	review	review
A.OID.Nf6.Nc3	Old Indian Nf6, Nc3	review	review
A.OID.Nf6.Nc3.c6	Old Indian Nf6 Nc3, Czech	review	review
A.OID.Nf6.Nf3	Old Indian Nf6, Nf3	review	review
A.OID.Nf6.Nf3.c6	Old Indian Nf6 Nf3, Czech	review	review
A.OID.Nf6.Nf3.Bg4	Old Indian Nf6 Nf3, Tartakower-Indian	review	review
A.Hol.Alp.e6	Dutch Alapin, e6	review	review
A.Hol.Alp.e6.g4	Dutch Alapin, Manhattan Anti-Classical	review	review
A.Hol.Alp.g6	Dutch Alapin, g6	review	review
A.Hol.Alp.g6.g4	Dutch Alapin, Manhattan Anti-Leningrad	review	review
A.Hol.Alp.d6	Dutch Alapin, d6	review	review
A.Hol.Alp.d6.g4	Dutch Alapin, Manhattan Anti-Modern	review	review
A.Hol.Alp.d5	Dutch Alapin, d5	review	review
A.Hol.Alp.d5.g4	Dutch Alapin, Manhattan Anti-Stonewall	review	review
A.Hol.Sta.MLn.g6	Dutch Staunton Main Line, g6	review	review
A.Hol.Sta.MLn.g6.h4	Dutch Staunton, Alekhine Variation	review	review
A.Hol.Sta.MLn.g6.f3	Dutch Staunton, Lasker Variation	review	review
A.Hol.Sta.MLn.c6	Dutch Staunton, Chigorin Variation	review	review
A.Hol.Sta.MLn.b6	Dutch Staunton, Nimzowitsch Variation	review	review
B.CaK.Two.dxe4	Caro-Kann Two Knights, dxe4	review	review
B.CaK.Two.dxe4.Ng5	Caro-Kann Two Knights, Hector Gambit	review	review
B.CaK.Two.Bg4	Caro-Kann Two Knights, Mindeno	review	review
B.CaK.Two.Bg4.h3	Caro-Kann Mindeno, h3	review	review
B.CaK.Two.Bg4.h3.Bxf3	Caro-Kann Mindeno, Exchange Line	review	review
B.CaK.Two.Bg4.h3.Bh5	Caro-Kann Mindeno, Retreat Line	review	review
B.CaK.Pmv.Nf6	Caro-Kann Panov, Nf6	review	review
B.CaK.Pmv.Nf6.c5	Caro-Kann Panov, Gunderam Attack	review	review
B.CaK.Pmv.Nf6.Nc3	Caro-Kann Panov Nf6, Nc3	review	review
B.CaK.Pmv.Nf6.Nc3.e6	Caro-Kann Panov Nc3, e6	review	review
B.CaK.Pmv.Nf6.Nc3.e6.Nf3	Caro-Kann Panov Main Line, Nf3	review	review
B.CaK.Cls.Ng3	Caro-Kann Classical, Ng3	review	review
B.CaK.Cls.Ng3.Bg6	Caro-Kann Classical Ng3, Bg6	review	review
B.CaK.Cls.Ng3.Bg6.Nh3	Caro-Kann Classical, Flohr Variation	person	attributed_to
B.CaK.Cls.Ng3.Bg6.h4	Caro-Kann Classical Main Line, h4	review	review
B.CaK.Cls.Ng3.Bg6.f4	Caro-Kann Classical, Maróczy Attack	review	review
B.CaK.Cls.Ng5	Caro-Kann Classical, Ng5	review	review
B.CaK.Cls.Ng5.Bg6	Caro-Kann Classical Ng5, Bg6	review	review
B.CaK.Cls.Ng5.Bg6.N1f3	Caro-Kann Classical Ng5, N1f3	review	review
B.CaK.Cls.Ng5.Bg6.N1f3.h6	Caro-Kann Classical, Martian Prefix	review	review
B.Fre.Cls.exd5	French Classical, Delayed Exchange	review	review
B.Fre.Cls.exd5.exd5	French Classical Exchange, exd5	review	review
B.Fre.Cls.exd5.exd5.Bg5	French Exchange Svenonius, Bg5	review	review
B.Fre.Cls.Bd3	French Classical, Swiss Variation	review	review
B.Fre.Cls.Be3	French Classical, Henneberger	review	review
C.Sco.Cls.Nb3	Scotch Classical, Potter Variation	review	review
C.Sco.Cls.Nb3.Bb4	Scotch Classical Potter, Romanishin	review	review
C.Sco.Cls.Nxc6	Scotch Classical, Intermezzo Prefix	review	review
C.Sco.Cls.Nxc6.Qf6	Scotch Classical, Intermezzo	review	review
C.Sco.Cls.Be3	Scotch Classical, Be3	review	review
C.Sco.Cls.Be3.Qf6	Scotch Classical Be3, Qf6	review	review
C.Sco.Cls.Be3.Qf6.Nb5	Scotch Classical, Blumenfeld Attack	review	review
D.Bgm.Cap.Nc3.e5.dxe5	BDG Lemberger, Endgame Variation	review	review
D.Bgm.Cap.Nc3.e5.Nxe4	BDG Lemberger, Lange Gambit	review	review
D.Bgm.Cap.Nc3.e5.Nge2	BDG Lemberger, Rasmussen Attack	review	review
D.Bgm.Cap.Nc3.e5.Qh5	BDG Lemberger, Sneiders Attack	review	review
D.Bgm.Cap.Nc3.e5.Be3	BDG Lemberger, Soller Attack	review	review
D.Sla.Cze.Kra.MLn.Nbd7	Slav Czech Krause, Nbd7	review	review
D.Sla.Cze.Kra.MLn.Nbd7.Nxc4	Slav Czech Krause Nbd7, Nxc4	review	review
D.Sla.Cze.Kra.MLn.Na6	Slav Czech Krause, Na6	review	review
D.Sla.Cze.Kra.MLn.Na6.e4	Slav Czech Krause, Fazekas Gambit	review	review
D.Sla.Cze.Kra.MLn.e6	Slav Czech Krause, Wiesbaden	review	review
D.Sla.Cze.Kra.MLn.e6.f3	Slav Czech Krause Wiesbaden, Sharp Line	review	review
A.Eng.Agi.Nf3.Nf6	Agincourt Defence Nf3, Nf6	review	review
A.Eng.Agi.Nf3.Nf6.g3	Agincourt Nf6, g3	review	review
A.Eng.Agi.Nf3.Nf6.g3.b6	Agincourt Queen's Indian Formation	review	review
A.Eng.Agi.Nf3.Nf6.g3.a6	Agincourt Romanishin, a6	review	review
A.Eng.Agi.Nf3.Nf6.Nc3	Agincourt Nf6, Nc3	review	review
A.Eng.Agi.Nf3.Nf6.Nc3.c5	Agincourt Anti-Benoni, c5	review	review
A.Ret.Ang.MLn.Nf6.Qc2	Réti Anglo-Slav Nf6, Gurevich	review	review
A.Ret.Ang.MLn.Nf6.Nc3	Réti Anglo-Slav Nf6, Nc3	review	review
A.Ret.Ang.MLn.Nf6.Nc3.Nbd7	Réti Anglo-Slav Nc3, Nbd7	review	review
A.Ret.Ang.MLn.Nf6.Nc3.e6	Réti Anglo-Slav Nc3, e6	review	review
B.Sca.Mod.Mie.e5	Scandinavian Mieses-Kotrc, Anderssen Counterattack	review	review
B.Sca.Mod.Mie.e5.Nf3	Scandinavian Anderssen, Goteborg	review	review
B.Sca.Mod.Mie.e5.Nf3.Bg4	Scandinavian Anderssen, Collijn	review	review
B.Sca.Mod.Mie.e5.dxe5	Scandinavian Anderssen, dxe5	review	review
B.Sca.Mod.Mie.e5.dxe5.Nc6	Scandinavian Anderssen Orthodox, Nc6	review	review
B.Sca.Mod.Mie.Nf6	Scandinavian Mieses-Kotrc, Nf6	review	review
B.CaK.Pmv.Nc6.Bg5	Caro-Kann Panov Normal, Bg5	review	review
B.CaK.Pmv.Nc6.Bg5.e6	Caro-Kann Panov Bg5, Carlsbad	review	review
B.CaK.Pmv.Nc6.Bg5.Qa5	Caro-Kann Panov Bg5, Czerniak	review	review
B.CaK.Pmv.Nc6.Bg5.Qb6	Caro-Kann Panov Bg5, Reifir-Spielmann	review	review
B.CaK.Pmv.Nc6.Bg5.dxc4	Caro-Kann Panov Bg5, Herzog	review	review
B.CaK.Pmv.Nc6.Bg5.dxc4.d5	Caro-Kann Panov Herzog, d5	review	review
B.Sic.Acc.Mar.Bg7	Accelerated Dragon Maróczy, Bg7	review	review
B.Sic.Acc.Mar.Bg7.Be3	Accelerated Dragon Maróczy, Be3	review	review
B.Sic.Acc.Mar.Bg7.Be3.Nf6	Accelerated Dragon Maróczy Be3, Nf6	review	review
B.Sic.Acc.Mar.Bg7.Nc2	Accelerated Dragon Maróczy, Nc2	review	review
B.Sic.Acc.Mar.Bg7.Nc2.d6	Accelerated Dragon Maróczy Nc2, d6	review	review
B.Sic.Naj.Eng.e6	Sicilian Najdorf English, e6	review	review
B.Sic.Naj.Eng.e6.Qd2	Sicilian Najdorf English e6, Qd2	review	review
B.Sic.Naj.Eng.e6.g4	Sicilian Najdorf English, Delayed Keres	review	review
B.Sic.Naj.Eng.e6.g4.e5	Sicilian Najdorf Delayed Keres, e5	review	review
B.Sic.Naj.Eng.Ng4	Sicilian Najdorf English, Anti-English	review	review
B.Fre.Tar.Cls.MLn.Bd3	French Tarrasch Closed, Bd3	review	review
B.Fre.Tar.Cls.MLn.Bd3.c5	French Tarrasch Closed Bd3, c5	review	review
B.Fre.Tar.Cls.MLn.f4	French Tarrasch Closed, Pawn Center	review	review
C.Vie.Fal.MLn.Qh5	Vienna Falkbeer, Qh5	review	review
C.Vie.Fal.MLn.Qh5.Nd6	Vienna Falkbeer Qh5, Nd6	review	review
C.Vie.Fal.MLn.Qh5.Nd6.Bb3	Vienna Falkbeer Nd6, Bb3	review	review
C.Sco.Cls.Sch.Qd2	Scotch Classical Schmidt, Qd2	review	review
C.Sco.Cls.Sch.Qd2.d5	Scotch Classical Schmidt Qd2, d5	review	review
C.Sco.Cls.Sch.Nc2	Scotch Classical Schmidt, Meitner	review	review
C.Sco.Cls.Sch.Bb5	Scotch Classical Schmidt, Paulsen	review	review
C.Sco.Cls.Sch.Bb5.Nd8	Scotch Classical Paulsen, Gunsberg	review	review
C.RyL.Shl.Jae.fxe4	Ruy López Schliemann Jaenisch, fxe4	review	review
C.RyL.Shl.Jae.fxe4.Nxe4	Ruy López Schliemann Jaenisch, Nxe4	review	review
C.RyL.Shl.Jae.fxe4.Nxe4.d5	Ruy López Schliemann Jaenisch, d5	review	review
C.RyL.Shl.Jae.fxe4.Nxe4.Be7	Ruy López Schliemann Jaenisch, Kostić	review	review
C.RyL.Shl.Jae.fxe4.Nxe4.Nf6	Ruy López Schliemann Jaenisch, Tartakower	review	review
C.RyL.Mor.Ba4.Nd4	Ruy López Morphy Ba4, Bird Deferred	review	review
C.RyL.Mor.Ba4.Bb4	Ruy López Morphy Ba4, Alapin Deferred	review	review
C.RyL.Mor.Ba4.Nge7	Ruy López Morphy Ba4, Cozio Deferred	review	review
C.RyL.Mor.Ba4.f5	Ruy López Morphy Ba4, Schliemann Deferred	review	review
C.RyL.Mor.Ba4.f5.exf5	Ruy López Morphy Schliemann Deferred, exf5	review	review
D.QPG.Ver.Ne4	Veresov, Boyce Defence	review	review
D.QPG.Ver.Nbd7	Veresov, Two Knights System	review	review
D.QPG.Ver.Nbd7.Nf3	Veresov Two Knights, Nf3	review	review
D.QPG.Ver.Nbd7.Nf3.g6	Veresov Two Knights, Grünfeld Defence	review	review
D.QPG.Ver.c5	Veresov, c5	review	review
D.QPG.Ver.c5.Bxf6	Veresov c5, Bxf6	review	review
D.QPG.Ver.c5.Bxf6.gxf6	Veresov, Malich Gambit Prefix	review	review
D.QGA.Cen.Nf6	QGA Central, Alekhine System	review	review
D.QGA.Cen.c5	QGA Central, Rubinstein Defence	review	review
D.QGA.Cen.c5.d5	QGA Central Rubinstein, d5	review	review
D.QGA.Cen.c5.d5.b5	QGA Central Rubinstein, Yefimov	review	review
D.QGA.Cen.f5	QGA Central, Schwartz Defence	review	review
D.QGA.Cls.O-O	QGA Classical, Castled	review	review
D.QGA.Cls.O-O.Nc6	QGA Classical Castled, Nc6	review	review
D.QGA.Cls.O-O.cxd4	QGA Classical Castled, cxd4	review	review
E.QID.Euw.Bd3	QID Euwe, Bd3	review	review
E.QID.Euw.Bd3.d5	QID Euwe Bd3, d5	review	review
E.QID.Euw.Bd3.c5	QID Euwe Bd3, c5	review	review
E.QID.Euw.Bd3.c5.O-O	QID Euwe c5, Castled	review	review
E.QID.Euw.Bd3.c5.O-O.Be7	QID Euwe c5 Castled, Be7	review	review
E.KID.Fch.MLn.Nc6	KID Fianchetto Main Line, Nc6	review	review
E.KID.Fch.MLn.Nc6.O-O	KID Fianchetto Nc6, Castled	review	review
E.KID.Fch.MLn.Nc6.O-O.Bg4	KID Fianchetto Nc6, Simagin	review	review
E.KID.Fch.MLn.Nc6.O-O.Bf5	KID Fianchetto Nc6, Lesser Simagin	review	review
E.KID.Fch.MLn.Nbd7	KID Fianchetto Main Line, Debrecen	review	review
E.KID.Fch.MLn.c5	KID Fianchetto Main Line, c5	review	review
E.KID.Fch.Kav.Nc3	KID Fianchetto Kavalek, Nc3	review	review
E.KID.Fch.Kav.Nc3.e5	KID Fianchetto Kavalek, e5	review	review
E.KID.Fch.Kav.Nc3.e5.e4	KID Fianchetto Kavalek e5, e4	review	review
E.KID.Fou.O-O	KID Four Pawns, Castled	review	review
E.KID.Fou.Na6	KID Four Pawns, Modern Defence	review	review
E.KID.Fou.O-O.Be2	KID Four Pawns Castled, Be2	review	review
E.KID.Fou.O-O.Be2.c5	KID Four Pawns Be2, c5	review	review
E.KID.Fou.O-O.Nf3	KID Four Pawns Castled, Nf3	review	review
E.KID.Fou.O-O.Nf3.c5	KID Four Pawns Nf3, c5	review	review
E.KID.Fou.O-O.Nf3.c5.Be2	KID Four Pawns Fluid, Be2	review	review
E.Ben.Mod.Cls.MLn.a6	Modern Benoni Classical Main Line, a6	review	review
E.Ben.Mod.Cls.MLn.a6.a4	Modern Benoni Classical a6, a4	review	review
E.Ben.Mod.Cls.MLn.Re8	Modern Benoni Classical Main Line, Re8	review	review
B.Fre.Cls.MLn.e5.Nfd7.Bxe7	French Classical Nfd7, Bxe7	review	review
B.Fre.Cls.MLn.e5.Nfd7.Qg4	French Classical Nfd7, Pollock	review	review
B.Fre.Cls.MLn.e5.Nfd7.Qd2	French Classical Nfd7, Rubinstein	review	review
B.Fre.Cls.MLn.e5.Nfd7.f4	French Classical Nfd7, Steinitz	review	review
B.Fre.Cls.MLn.e5.Nfd7.Bd3	French Classical Nfd7, Tarrasch	review	review
C.KGm.Dec.Cls.c3	King's Gambit Declined Classical, c3	review	review
C.KGm.Dec.Cls.c3.Bg4	King's Gambit Declined Classical c3, Bg4	review	review
C.KGm.Dec.Cls.c3.f5	King's Gambit Declined Classical c3, f5	review	review
C.KGm.Dec.Cls.c3.f5.fxe5	King's Gambit Declined Rubinstein, fxe5	review	review
C.KGm.Dec.Cls.b4	King's Gambit Declined Classical, Rotlewi	review	review
C.KGm.Dec.Cls.Nc3	King's Gambit Declined Classical, Nc3	review	review
C.KGm.Dec.Cls.Nc3.Nd7	King's Gambit Declined Classical, Hanham	review	review
C.KGm.Dec.Cls.fxe5	King's Gambit Declined Classical, Soldatenkov	review	review
C.KGm.Acc.Muz.MLn.Qxf3.Qf6	King's Gambit Muzio Qxf3, Sarratt	review	review
C.KGm.Acc.Muz.MLn.Qxf3.Qe7	King's Gambit Muzio Qxf3, From	review	review
C.KGm.Acc.Muz.MLn.Qxf3.Nc6	King's Gambit Muzio Qxf3, Holloway	review	review
C.KGm.Acc.All.MLn.Nxf7.Kxf7	Allgaier Gambit Main Line, Kxf7	review	review
C.KGm.Acc.Kie.MLn.Bc4	King's Gambit Kieseritzky, Bc4	review	review
C.KGm.Acc.Kie.MLn.Bc4.d5	King's Gambit Kieseritzky Bc4, d5	review	review
C.KGm.Acc.Kie.MLn.Nxg4	King's Gambit Kieseritzky, Nxg4	review	review
C.KGm.Acc.Kie.MLn.Nxg4.d5	King's Gambit Kieseritzky de Riviere, d5	review	review
C.Ita.Giu.Mol.MLn.Nxe4	Giuoco Piano Møller Main Line, Nxe4	review	review
C.Ita.Giu.Mol.MLn.Nxe4.O-O	Giuoco Piano Møller Nxe4, Castled	review	review
C.Ita.Two.Opn.MLn.O-O.Nxe4	Two Knights Scotch Gambit, Nxe4	review	review
C.Ita.Two.Opn.MLn.O-O.d6	Two Knights Scotch Gambit, Janowski	review	review
C.Ita.Two.Opn.MLn.O-O.Be7	Two Knights Scotch Gambit, de Riviere	review	review
C.Ita.Evn.Acc.Stn.d4	Evans Accepted Steinitz, d4	review	review
C.Ita.Evn.Acc.Stn.d4.d6	Evans Accepted Steinitz d4, d6	review	review
C.Ita.Evn.Acc.Stn.d4.Nf6	Evans Accepted Steinitz d4, Nf6	review	review
C.Ita.Evn.Acc.Stn.d4.exd4	Evans Accepted Steinitz d4, exd4	review	review
C.Ita.Evn.Acc.Stn.d4.b5	Evans Accepted Steinitz d4, b5	review	review
C.Ita.Evn.Acc.Stn.O-O.d6	Evans Accepted Steinitz O-O, d6	review	review
C.Ita.Evn.Acc.Stn.O-O.Nf6	Evans Accepted Steinitz O-O, Nf6	review	review
C.Ita.Pia.Nf6.MLn.a6	Giuoco Pianissimo Nf6 Main Line, a6	review	review
C.Ita.Pia.Nf6.MLn.a6.a4	Giuoco Pianissimo a6, a4	review	review
C.Ita.Pia.Nf6.MLn.h6	Giuoco Pianissimo Nf6 Main Line, h6	review	review
C.Ita.Pia.Nf6.MLn.h6.Nbd2	Giuoco Pianissimo h6, Nbd2	review	review
A.Hor.Fch.Nf3	Horwitz French Setup, Nf3	review	review
A.Hor.Fch.Nf3.c5	Horwitz French Nf3, Pseudo-Tarrasch	review	review
A.Hor.Fch.Nf3.c5.cxd5	Horwitz French Pseudo-Tarrasch, cxd5	review	review
A.Hor.Fch.Nc3	Horwitz French Setup, Nc3	review	review
A.Hor.Fch.Nc3.c6	Horwitz French Nc3, c6	review	review
E.Ben.Bnk.Acc.MLn.g6	Benko Accepted Main Line, g6	review	review
E.Ben.Bnk.Acc.MLn.g6.Nc3	Benko Accepted g6, Nc3	review	review
E.Ben.Bnk.Acc.MLn.Bxa6.Nc3	Benko Accepted Bxa6, Nc3	review	review
B.Fre.Cls.MLn.ACh.Bxg5	Alekhine-Chatard Attack, Bxg5	review	review
B.Fre.Cls.MLn.ACh.Bxg5.hxg5	Alekhine-Chatard Bxg5, hxg5	review	review
B.Fre.Cls.MLn.ACh.c5	Alekhine-Chatard Attack, Breyer	review	review
B.Fre.Cls.MLn.ACh.a6	Alekhine-Chatard Attack, Maróczy	review	review
B.Fre.Cls.MLn.ACh.O-O	Alekhine-Chatard Attack, Spielmann	review	review
B.Fre.Cls.MLn.ACh.f6	Alekhine-Chatard Attack, Teichmann	review	review
C.KGm.Acc.Bsh.Ble.Qf3	Bishop's Gambit Bledow, Cozio	review	review
C.KGm.Acc.Bsh.Ble.Nc3	Bishop's Gambit Bledow, Nc3	review	review
C.KGm.Acc.Bsh.Ble.Nc3.Bg7	Bishop's Gambit Bledow Nc3, Bg7	review	review
C.Fou.Spa.Rub.Be2	Four Knights Rubinstein, Be2	review	review
C.Fou.Spa.Rub.Be2.Nxf3	Four Knights Rubinstein Be2, Nxf3	review	review
C.Fou.Spa.Rub.Be2.Nxf3.Bxf3	Four Knights Rubinstein Maróczy, Bxf3	review	review
C.Fou.Spa.Rub.Nxd4	Four Knights Rubinstein, Nxd4	review	review
C.Fou.Spa.Rub.O-O	Four Knights Rubinstein, Henneberger	review	review
C.Fou.Spa.Rub.Nxe5	Four Knights Rubinstein, Nxe5	review	review
C.Fou.Spa.Rub.Nxe5.Bc5	Four Knights Rubinstein Nxe5, Bc5	review	review
C.Fou.Spa.Rub.Nxe5.Qe7	Four Knights Rubinstein Nxe5, Qe7	review	review
C.RyL.Ber.Rio.Qe2	Berlin Rio de Janeiro, Qe2	review	review
C.RyL.Ber.Rio.Qe2.Nd6	Berlin Rio Qe2, Nd6	review	review
C.RyL.Ber.Rio.Qe2.Nd6.Bxc6	Berlin Rio Nd6, Bxc6	review	review
C.RyL.Ber.Rio.Qe2.d5	Berlin Rio Qe2, Trifunovic	review	review
D.QGD.Har.MLn.c5	QGD Harrwitz Main Line, c5	review	review
D.QGD.Har.MLn.c5.dxc5	QGD Harrwitz c5, dxc5	review	review
D.QGD.Har.MLn.c6	QGD Harrwitz Main Line, Orthodox	review	review
D.QGD.Har.MLn.b6	QGD Harrwitz Main Line, Fianchetto	review	review
D.QGD.Har.MLn.Nbd7	QGD Harrwitz Main Line, Two Knights	review	review
D.QGD.Har.MLn.Nbd7.c5	QGD Harrwitz Two Knights, c5	review	review
E.Nim.Rub.StP.MLn.Nf3	Nimzo St. Petersburg Main Line, Nf3	review	review
E.Nim.Rub.StP.MLn.Nf3.O-O	Nimzo St. Petersburg Nf3, O-O	review	review
E.Nim.Rub.StP.MLn.Nf3.Ne4	Nimzo St. Petersburg Nf3, Ne4	review	review
C.Ita.Evn.Acc.Mor.dxc3	Evans Accepted Morphy, Compromised	review	review
C.Ita.Evn.Acc.Mor.d3	Evans Accepted Morphy, Dufresne	review	review
C.Ita.Evn.Acc.Mor.b5	Evans Accepted Morphy, Johner	review	review
C.Ita.Evn.Acc.Mor.Nge7	Evans Accepted Morphy, Mieses	review	review
C.Ita.Two.Opn.MLn.e5	Two Knights Open Main Line, e5	review	review
C.Ita.Two.Opn.MLn.e5.Ng4	Two Knights Open e5, Ng4	review	review
C.Ita.Two.Opn.MLn.e5.d5	Two Knights Open e5, d5	review	review
C.Ita.Two.Opn.MLn.Ng5	Two Knights Open Main Line, Ng5	review	review
A.QPO.Nf6.g4.Nxg4	Gibbins-Weidenhagen Gambit Accepted	review	review
A.QPO.Nf6.g4.Nxg4.f3	Gibbins-Weidenhagen Accepted, f3	review	review
A.QPO.Nf6.g4.Nxg4.f3.Nf6	Gibbins-Weidenhagen Maltese Falcon, Nf6	review	review
A.QPO.Nf6.g4.Nxg4.e4	Gibbins-Weidenhagen Accepted, e4	review	review
A.QPO.Nf6.g4.Nxg4.e4.d6	Gibbins-Weidenhagen Stummer, d6	review	review
A.QPO.Nf6.g4.e5	Gibbins-Weidenhagen, Oshima Defence	review	review
C.Vie.Gbt.Fal.MLn.Qf3	Vienna Gambit Falkbeer, Paulsen Attack	review	review
C.Vie.Gbt.Fal.MLn.Qf3.f5	Vienna Gambit Falkbeer Paulsen, f5	review	review
C.Vie.Gbt.Fal.MLn.d3	Vienna Gambit Falkbeer, Modern	review	review
C.Vie.Gbt.Fal.MLn.d3.Qh4	Vienna Gambit Falkbeer Modern, Qh4	review	review
C.RyL.Mor.Ba4.Nf6.d3	Ruy López Morphy Nf6, Anderssen	review	review
C.RyL.Mor.Ba4.Nf6.d3.d6	Ruy López Morphy Anderssen, d6	review	review
C.RyL.Mor.Ba4.Nf6.Bxc6	Ruy López Morphy Nf6, Bayreuth	review	review
C.RyL.Mor.Ba4.Nf6.c3	Ruy López Morphy Nf6, Jaffe	review	review
C.RyL.Mor.Ba4.Nf6.d4	Ruy López Morphy Nf6, Mackenzie	review	review
C.RyL.Mor.Ba4.Nf6.Nc3	Ruy López Morphy Nf6, Tarrasch	review	review
C.RyL.Mar.MLn.Rxe5	Ruy López Marshall Main Line, Rxe5	review	review
C.RyL.Mar.MLn.Rxe5.c6	Ruy López Marshall Rxe5, c6	review	review
C.RyL.Mar.MLn.Rxe5.c6.d4	Ruy López Marshall Modern, d4	review	review
C.RyL.Mar.MLn.Rxe5.Nf6	Ruy López Marshall, Original	review	review
C.RyL.Cha.MLn.d4	Ruy López Chigorin Main Line, d4	review	review
C.RyL.Cha.MLn.d4.Nc6	Ruy López Chigorin d4, Nc6	review	review
C.RyL.Cha.MLn.d4.Qc7	Ruy López Chigorin d4, Qc7	review	review
C.RyL.Cha.MLn.d4.Qc7.Nbd2	Ruy López Chigorin Qc7, Nbd2	review	review
D.Sem.Bg5.Bot.MLn.g5	Semi-Slav Botvinnik Main Line, g5	review	review
D.Sem.Bg5.Bot.MLn.g5.Nxg5	Semi-Slav Botvinnik g5, Nxg5	review	review
D.Sem.Bg5.Bot.MLn.g5.exf6	Semi-Slav Botvinnik g5, Ekstrom	review	review
D.Cat.Cls.Qc2.c6.Nbd2	Catalan Closed Qc2 c6, Nbd2	review	review
D.Cat.Cls.Qc2.c6.Bf4	Catalan Closed Qc2 c6, Bf4	review	review
D.Cat.Cls.Qc2.c6.Bf4.b6	Catalan Closed Bf4, b6	review	review
A.OID.Mod.MLn.Nf6.Bg5	Old Indian Modern Nf6, Accelerated Averbakh	review	review
A.OID.Mod.MLn.Nf6.Nge2	Old Indian Modern Nf6, Kramer	review	review
A.OID.Mod.MLn.Nf6.g3	Old Indian Modern Nf6, Deferred Fianchetto	review	review
A.OID.Mod.MLn.Nf6.Be2	Old Indian Modern Nf6, Standard Development	review	review
A.Mod.Avk.MLn.Be2.Na6	Modern Averbakh Be2, Kazakh	review	review
A.Mod.Avk.MLn.Be2.e5	Modern Averbakh Be2, e5	review	review
A.Mod.Avk.MLn.Be2.e5.O-O	Modern Averbakh e5, Castled	review	review
E.QID.Kas.Bb7	QID Kasparov, Bb7	review	review
E.QID.Kas.Bb7.Bg5	QID Kasparov Bb7, Bg5	review	review
E.QID.Kas.Bb7.Bg5.h6	QID Kasparov Botvinnik, h6	review	review
E.QID.Kas.Bb7.Bg5.h6.Bh4	QID Kasparov Botvinnik h6, Bh4	review	review
E.QID.Pet.Ba6	QID Petrosian, Ba6	review	review
E.QID.Pet.Ba6.Qc2	QID Petrosian Ba6, Qc2	review	review
E.QID.Pet.Ba6.Qc2.Bb7	QID Petrosian, Farago Defence	review	review
E.QID.Sps.Bb7	QID Spassky System, Bb7	review	review
E.QID.Euw.Bd3.c5.Nc3	QID Euwe c5, Nc3	review	review
E.QID.Euw.Bd3.c5.Nc3.cxd4	QID Euwe Nc3, cxd4	review	review
E.QID.Euw.Bd3.c5.O-O.g6	QID Euwe c5 Castled, g6	review	review
E.QID.Nim.Qui.Bb4	QID Nimzowitsch Quiet, Bb4+	review	review
E.QID.Nim.Int.Be7	QID Nimzowitsch Intermezzo, Be7	review	review
E.QID.Nim.Int.Qe7	QID Nimzowitsch Intermezzo, Qe7	review	review
E.QID.Cls.Nc3	QID Classical, Nc3	review	review
E.QID.Cls.Nc3.Ne4	QID Classical Nc3, Ne4	review	review
E.QID.Cls.Nc3.Ne4.Bd2	QID Classical Nc3 Ne4, Bd2	review	review
E.QID.Mod.Sms.d5	QID Modern Sämisch, d5	review	review
E.QID.Mod.Sms.d5.exd5	QID Modern Sämisch d5, exd5	review	review
E.QID.Mod.Sms.d5.exd5.Nh4	QID Modern Sämisch exd5, Nh4	review	review
E.Bog.Vit	Bogo-Indian, Vitolins Variation	review	review
E.Ind.Cat.d5.Bg2.dxc4.Qa4	Indian Catalan Open, Qa4+	review	review
E.Ind.Cat.d5.Bg2.dxc4.Nf3	Indian Catalan Open, Nf3	review	review
E.Ind.e6.Nf3.d5.e3.b6	Anti-Nimzo e3, b6	review	review
E.Ind.e6.Nf3.d5.e3.Be7	Anti-Nimzo e3, Be7	review	review
E.Ben.Old.Adv.Nf6.Nf3.c4	Old Benoni Hawk Variation	review	review
A.Eng.AIn.Nc3.d5.cxd5.Nf3	Anglo-Grünfeld Exchange, Nf3	review	review
A.Eng.AIn.Nc3.d5.cxd5.g3	Anglo-Grünfeld Exchange, g3	review	review
A.Ret.Ang.g3.Nf6.b3.g6	Réti Anglo-Slav b3, g6	review	review
A.Ret.Ang.g3.Nf6.b3.Bf5	Réti Anglo-Slav, London Defence	review	review
A.Ret.Ang.g3.Nf6.b3.Bg4	Réti Anglo-Slav, Torre System	review	review
A.Ret.Ang.g3.Nf6.b3.dxc4	Réti Anglo-Slav b3, dxc4	review	review
A.EID.Bf4.Bg7.e3.d6.Bd3	East Indian London d6, Bd3	review	review
A.EID.Bf4.Bg7.e3.d6.Be2	East Indian London d6, Be2	review	review
A.EID.Bf4.Bg7.e3.d6.h3	East Indian London d6, h3	review	review
A.Eng.Rev.a3	English Reversed Sicilian, Reversed Najdorf	review	review
A.Eng.Rev.a3.Nf6	English Reversed Najdorf, Nf6	review	review
A.Eng.Rev.a3.d6	English Reversed Najdorf, d6	review	review
A.Eng.Rev.d3	English Reversed Sicilian, d3	review	review
A.Eng.Rev.d3.Nf6	English Reversed Sicilian d3, Nf6	review	review
A.Eng.Rev.d3.Nf6.a3	English Reversed Najdorf d3 Nf6, a3	review	review
A.Eng.Rev.d3.d6	English Reversed Sicilian d3, d6	review	review
A.Eng.Rev.d3.d6.a3	English Reversed Najdorf d3 d6, a3	review	review
B.Sic.OKn.Nf6.Nc3.g6.Be2	Sicilian Modern Dragon Prefix, Be2	review	review
A.Lar.Mod.e3	Larsen Modern, e3	review	review
A.Lar.Mod.e3.d5	Larsen Modern e3, d5	review	review
A.Lar.Mod.e3.d5.Bb5	Larsen Modern e3 d5, Bb5	review	review
A.Lar.Mod.e3.d5.Bb5.Ne7	Larsen Modern, Leela Gambit	review	review
B.Fre.Stn.MLn.f4.c5.dxc5	French Steinitz f4 c5, dxc5	review	review
B.Fre.Stn.MLn.f4.c5.Nf3	French Steinitz f4 c5, Nf3	review	review
C.PhD.d4.Nd7.Bc4.c6.c3	Philidor Hanham Delmar Variation	review	review
C.PhD.d4.Nd7.Bc4.c6.O-O	Philidor Hanham Krause Variation	review	review
C.PhD.d4.Nd7.Bc4.c6.Nc3	Philidor Hanham Schlechter Variation	review	review
C.PhD.d4.Nd7.Bc4.c6.Ng5	Philidor Hanham Kmoch Variation	review	review
C.Fou.Spa.Dbl.MLn.d3.Bxc3	Four Knights Double Spanish d3, Bxc3	review	review
C.Fou.Spa.Dbl.MLn.d3.Qe7	Four Knights Double Spanish d3, Qe7	review	review
C.Ita.Two.Max.MLn.exf6.dxc4	Two Knights Max Lange, Main Line, exf6, dxc4	review	review
D.Bgm.Cap.Nc3.Nf6.f3.a6	Blackmar-Diemer Gambit, Gedult Defence	review	review
D.Bgm.Cap.Nc3.Nf6.f3.e3	Blackmar-Diemer Gambit, Langeheinicke Defence	review	review
D.Bgm.Cap.Nc3.Nf6.f3.c6	Blackmar-Diemer Gambit, O'Kelly Defence	review	review
D.Bgm.Cap.Nc3.Nf6.f3.Bf5	Blackmar-Diemer Gambit, Vienna Defence	review	review
D.Bgm.Cap.Nc3.Nf6.f3.e6	Blackmar-Diemer Gambit, Weinsbach Defence	review	review
D.Sla.Nf3.Nf6.Nc3.dxc4.e3	Slav Defence Two Knights Capture, e3	review	review
D.Sla.Nf3.Nf6.Nc3.dxc4.a4	Slav Defence Two Knights Capture, a4	review	review
C.RyL.Ber.d3	Ruy López Berlin, Anti-Berlin	review	review
C.RyL.Ber.d3.d6	Ruy López Berlin Anti-Berlin, d6	review	review
C.RyL.Ber.d3.d6.Bxc6	Ruy López Berlin Anti-Berlin, Anderssen Variation	review	review
C.RyL.Ber.d3.d6.c4	Ruy López Berlin Anti-Berlin, Duras Variation	review	review
C.RyL.Ber.d3.Bc5	Ruy López Berlin Anti-Berlin, Bc5	review	review
C.RyL.Ber.d3.Bc5.Be3	Ruy López Berlin Anti-Berlin, Kaufmann Variation	review	review
C.RyL.Ber.d3.Ne7	Ruy López Berlin Anti-Berlin, Mortimer Variation	review	review
C.RyL.Ber.d3.Ne7.Nxe5	Ruy López Berlin Anti-Berlin Mortimer, Nxe5	review	review
C.RyL.Ber.d3.Ne7.Nxe5.c6	Ruy López Berlin Anti-Berlin, Mortimer Trap	review	review
A.Pol.e6.Bb2.Nf6.b5.b6	Polish Opening e6 b5, Queen's Indian Variation	review	review
A.Pol.e6.Bb2.Nf6.b5.a6	Polish Opening e6 b5, Queenside Defence	review	review
A.Pol.e6.Bb2.Nf6.b5.d5	Polish Opening e6 b5, Schiffler-Sokolsky Variation	review	review
A.Van.d5.f4.d4.Ne4	Van Geet Jendrossek Complex, Ne4	review	review
A.Van.d5.f4.d4.Ne4.f5	Van Geet, Jendrossek Gambit	review	review
A.Van.d5.f4.d4.Ne4.c5	Van Geet, Melleby Gambit	review	review
A.Van.d5.f4.d4.Ne4.e5	Van Geet, Pfeiffer Gambit	review	review
B.Mod.Std.Nc3.C5S.Sic.Be3	Sicilian Pterodactyl, Anhanguera	review	review
B.Mod.Std.Nc3.C5S.Sic.d5	Sicilian Pterodactyl, Benoni Gambit	review	review
B.Mod.Std.Nc3.C5S.Sic.Bd2	Sicilian Pterodactyl, Unpin	review	review
B.Sic.HAc.d4.Bg7.dxc5.Nc3	Hyper-Accelerated Pterodactyl, Pteranodon Prefix	review	review
B.Sic.Old.d4.cxd4.Nxd4.d5	Old Sicilian, Nimzo-American Variation	review	review
B.Sic.Old.d4.cxd4.Nxd4.a6	Old Sicilian, a6	review	review
B.Sic.Old.d4.cxd4.Nxd4.Nf6	Old Sicilian Open, Nf6	review	review
A.Sod.e5	Sodium Attack, e5	review	review
A.Sod.g6	Sodium Attack, Chenoboskion Prefix	review	review
A.Bir.Dut.g4	Bird Dutch, Dudweiler Gambit	review	review
A.Bir.Dut.c4	Bird Dutch, Sturm Gambit	review	review
A.Bir.Dut.b3	Bird Dutch, Thomas Prefix	review	review
A.Owe.Eng.e4	English Defence, e4	review	review
A.Owe.Eng.e4.Bb7	English Defence e4, Bb7	review	review
A.Owe.Eng.e4.Bb7.Bd3	English Defence, Perrin Prefix	review	review
A.Owe.Eng.e4.Bb7.f3	English Defence, Poli Gambit Prefix	review	review
A.OID.e5	Old Indian Move Order, English Rat	review	review
A.OID.e5.dxe5	Old Indian English Rat, dxe5	review	review
A.OID.e5.dxe5.Nc6	Old Indian English Rat, Lisbon Gambit	review	review
A.OID.e5.dxe5.Be6	Old Indian English Rat, Pounds Gambit	review	review
A.QPO.Nf6.f3.d5	Queen's Pawn Nf6 f3, d5	review	review
A.QPO.Nf6.f3.d5.g4	Queen's Pawn Nf6 f3, Gedult Attack	review	review
A.QPO.Nf6.f3.d5.e4	Queen's Pawn Nf6 f3, Blackmar-Diemer Deferred	review	review
A.QPO.Nf6.f3.d5.Nc3	Queen's Pawn Nf6 f3, Veresov Richter Prefix	review	review
A.QPO.Nf6.Nc3.e5	Queen's Pawn Nf6 Nc3, Maddigan Gambit	review	review
A.QPO.Nf6.Nc3.c5	Queen's Pawn Nf6 Nc3, Reversed Chigorin	review	review
A.QPO.Nf6.Nc3.d5	Queen's Pawn Nf6 Nc3, Chigorin	review	review
A.Tro.Rap.Bf4	Trompowsky Raptor, Borg Prefix	review	review
A.Tro.Rap.Bh4	Trompowsky Raptor, Edge Variation	review	review
A.Tro.Rap.Bh4.c6	Trompowsky Edge, c6	review	review
A.Tro.Rap.Bh4.d5	Trompowsky Edge, d5	review	review
A.Hol.Fch.Nf6	Dutch Fianchetto, Nf6	review	review
A.Hol.Fch.g6	Dutch Fianchetto, Leningrad Prefix	review	review
A.Hol.Fch.c6	Dutch Fianchetto, Basman Prefix	review	review
B.Ale.Chs.Nd5	Alekhine Chase, Nd5	review	review
B.Ale.Chs.Nd5.Bc4	Alekhine Chase, Hunt Variation	review	review
B.Ale.Fou.g5	Alekhine Four Pawns, Cambridge Gambit	review	review
B.Ale.Fou.g6	Alekhine Four Pawns, Fianchetto Variation	review	review
B.Ale.Fou.Bf5	Alekhine Four Pawns, Bf5	review	review
B.Ale.Mod.dxe5	Alekhine Modern, Larsen Variation	review	review
B.Ale.Mod.Nc6	Alekhine Modern, Larsen-Haakert Variation	review	review
B.Ale.Mod.Nb6	Alekhine Modern, Schmid Variation	review	review
B.Pir.Be2	Pirc Defence, Be2	review	review
B.Pir.Bc4	Pirc Defence, Kholmov System	review	review
B.CaK.Exc.Bf4	Caro-Kann Exchange, Bf4	review	review
B.CaK.Exc.g4	Caro-Kann Exchange, Bulla Attack	review	review
B.CaK.Exc.Bd3	Caro-Kann Exchange, Bd3	review	review
B.CaK.Exc.Bd3.Nc6	Caro-Kann Exchange Bd3, Nc6	review	review
B.CaK.Exc.Bd3.Nc6.c3	Caro-Kann Exchange Bd3 Nc6, c3	review	review
B.CaK.Exc.Bd3.Nc6.c3.Nf6	Caro-Kann Exchange, Rubinstein Nf6	review	review
B.Sic.Alp.Cen.MLn.cxd4	Sicilian Alapin Central, cxd4	review	review
B.Sic.Alp.Cen.MLn.Nf6	Sicilian Alapin Central, Modern Line	review	review
B.Sic.Alp.Cen.MLn.Nc6	Sicilian Alapin Central, Nc6	review	review
B.Sic.Clo.Fch.g6	Closed Sicilian Fianchetto, g6	review	review
B.Sic.Clo.Fch.g6.Bg2	Closed Sicilian Fianchetto g6, Bg2	review	review
B.Sic.Clo.Fch.g6.Bg2.Bg7	Closed Sicilian Fianchetto g6, Double Fianchetto	review	review
B.Sic.OKn.Nf6.Bc4	Sicilian Modern Nf6, Ginsberg Gambit	review	review
B.Sic.OKn.Nf6.f3	Sicilian Modern Nf6, Prins Variation	review	review
B.Sic.OKn.Nf6.Nc3.Bd7	Sicilian Modern Nf6 Nc3, Kupreichik Variation	review	review
B.Sic.OKn.Nf6.Nc3.e5	Sicilian Modern Nf6 Nc3, Venice Attack Prefix	review	review
C.Cen.Dsh.Acc.MLn.Qe7	Danish Gambit Accepted Main Line, Chigorin Defence	review	review
C.Cen.Dsh.Acc.MLn.Nf6	Danish Gambit Accepted Main Line, Classical Defence	review	review
C.Cen.Dsh.Acc.MLn.Bb4	Danish Gambit Accepted Main Line, Copenhagen Defence	review	review
C.Cen.Dsh.Acc.MLn.d5	Danish Gambit Accepted Main Line, Schlechter Defence	review	review
C.Vie.Cls.b5	Vienna Classical, Horwitz Gambit	review	review
C.Vie.Cls.Bb4	Vienna Classical, Reversed Spanish	review	review
C.Vie.Cls.Bc5	Vienna Classical, Bc5	review	review
C.PhD.d4.exd4.Nxd4.Nf6	Philidor Exchange Nxd4, Nf6	review	review
C.PhD.d4.exd4.Nxd4.g6	Philidor Exchange, Larsen Variation	review	review
C.PhD.d4.exd4.Nxd4.d5	Philidor Exchange, Paulsen Attack	review	review
C.PhD.Lio.Bxf7	Philidor Lion, Bishop Sacrifice	review	review
C.PhD.Lio.Ng5	Philidor Lion, Ng5	review	review
C.PhD.Lio.Ng5.O-O	Philidor Lion Ng5, O-O	review	review
C.PhD.Lio.Ng5.O-O.Bxf7	Philidor Lion, Forcing Bishop Sacrifice	review	review
C.PhD.d4.f5.Bc4	Philidor Countergambit, López-Jaenisch Prefix	review	review
C.PhD.d4.f5.dxe5	Philidor Countergambit, dxe5	review	review
C.PhD.d4.f5.dxe5.fxe4	Philidor Countergambit dxe5, fxe4	review	review
C.PhD.d4.f5.dxe5.fxe4.Ng5	Philidor Countergambit, del Rio Prefix	review	review
C.Pet.Mod.Stn.Qe2	Petrov Modern Steinitz, Qe2	review	review
C.Pet.Mod.Stn.Qe2.Nc5	Petrov Modern Steinitz Qe2, Nc5	review	review
C.Pet.Mod.Stn.Qe2.Nc5.Nxd4	Petrov Modern, Bardeleben Prefix	review	review
C.Pet.Mod.Stn.Qxd4	Petrov Modern, Center Attack	review	review
C.Pet.Mod.Stn.Bb5	Petrov Modern, Tal Gambit	review	review
C.Sco.exd4.Nxd4.Qh4.Nb5.Bb4	Scotch Horwitz Attack, Bb4	review	review
C.Sco.Mie.e5	Scotch Mieses, Alekhine Gambit	review	review
C.Sco.Mie.Nxc6	Scotch Mieses, Nxc6	review	review
C.Sco.Mie.Nxc6.bxc6	Scotch Mieses Nxc6, bxc6	review	review
C.Sco.Mie.Nxc6.bxc6.e5	Scotch Mieses, Mieses Variation	review	review
C.Sco.Mie.Nxc6.bxc6.Nd2	Scotch Mieses, Tartakower Variation	review	review
C.Ita.Giu.c3.Qe7.d4.Bb6	Italian Giuoco Piano Qe7 d4, Bb6	review	review
C.Ita.Giu.O-O.Nf6.d3.h6	Italian Giuoco Piano O-O Nf6 d3, h6	review	review
C.Ita.Giu.O-O.Nf6.d3.O-O	Italian Giuoco Piano O-O Nf6 d3, O-O	review	review
C.Ita.Giu.O-O.Nf6.d3.a5	Italian Giuoco Piano O-O Nf6 d3, a5	review	review
C.Ita.Two.Ng5.d5	Italian Two Knights Ng5, d5	review	review
C.Ita.Two.Ng5.Nb4	Italian Two Knights Ng5, Nb4	review	review
C.Ita.Two.Ng5.Nxe4	Italian Two Knights, Ponziani-Steinitz Gambit	review	review
C.RyL.Shl.Bxc6	Ruy López Schliemann, Exchange Variation	review	review
C.RyL.Shl.exf5	Ruy López Schliemann, Jaenisch Accepted	review	review
C.RyL.Shl.d4	Ruy López Schliemann, Schönemann Attack	review	review
D.Bgm.Acc.Bog.MLn.O-O	Blackmar-Diemer Bogoljubow, Castled Line	review	review
D.Bgm.Acc.Bog.MLn.O-O.O-O	Blackmar-Diemer Bogoljubow, Double Castled	review	review
D.Bgm.Acc.Bog.MLn.h4	Blackmar-Diemer Bogoljubow, Mad Dog Attack	review	review
D.Bgm.Acc.Bog.MLn.Ne5	Blackmar-Diemer Bogoljubow, Nimzowitsch Attack	review	review
D.QPG.Lon.Stn.dxc5	Accelerated London Steinitz, Accepted	descriptor	editorial_leaf_token
D.QPG.Lon.Stn.e4	Accelerated London Steinitz, Morris Countergambit	review	review
D.QPG.Lon.Stn.e4.dxe4	Accelerated London Steinitz, Morris Accepted	review	review
A.Col.Bd6	Colle System, Bd6	review	review
A.Col.Bd6.O-O	Colle System Bd6, O-O	review	review
D.QPG.c4.c5.dxc5	Queen's Gambit Austrian, dxc5	review	review
D.QPG.c4.c5.dxc5.d4	Queen's Gambit Austrian, Salvio Countergambit	review	review
D.QPG.c4.c5.cxd5	Queen's Gambit Austrian, cxd5	review	review
D.QPG.c4.c5.cxd5.Nf6	Queen's Gambit Austrian, Gusev Countergambit	review	review
D.Sla.Qui.cxd5	Slav Quiet, cxd5	review	review
D.Sla.Qui.cxd5.cxd5	Slav Quiet cxd5, cxd5	review	review
D.Sla.Qui.cxd5.cxd5.Nc3	Slav Quiet Exchange, Nc3	review	review
D.Sla.Qui.cxd5.cxd5.Qb3	Slav Quiet Exchange, Landau Prefix	review	review
D.QGA.Old.MLn.Qb3	QGA Old Main Line, Qb3	review	review
D.QGA.Old.MLn.Qb3.Qe7	QGA Old Qb3, Qe7	review	review
D.QGA.Old.MLn.Qb3.Qe7.a3	QGA Old, Billinger Gambit	review	review
D.QGA.Old.MLn.Qb3.Qe7.Nf3	QGA Old, Christensen Gambit	review	review
D.QGA.Old.MLn.Qb3.Qe7.Kf1	QGA Old, Korchnoi Gambit	review	review
D.QGA.Old.MLn.Qb3.Qe7.Nd2	QGA Old, Novikov Gambit	review	review
D.QGA.Nf3.Nf6.e3.Bg4	QGA Normal Prefix, Janowski-Larsen	review	review
D.QGA.Nf3.Nf6.e3.g6	QGA Normal Prefix, Smyslov Variation	review	review
D.QGA.Nf3.Nf6.e3.e6	QGA Normal Prefix, Traditional System	review	review
D.Sem.Mer.Bd3	Semi-Slav Meran, Bd3 Retreat	review	review
D.Sem.Mer.Bd3.Bb7	Semi-Slav Meran Bd3, Bb7	review	review
D.Sem.Mer.Bd3.Bd6	Semi-Slav Meran Bd3, Chigorin Defence	review	review
D.Sem.Mer.Bd3.b4	Semi-Slav Meran Bd3, Lundin b4	review	review
D.QGD.Ort.Te7.a6	QGD Orthodox Teichmann, a6	review	review
D.QGD.Ort.Te7.Ne4	QGD Orthodox Teichmann, Ne4	review	review
D.QGD.Ort.Te7.a6.cxd5	QGD Orthodox Teichmann a6, cxd5	review	review
E.Nim.Spl.Rom.Nf3	Nimzo Spielmann Romanovsky, Nf3	review	review
E.Nim.Spl.Rom.Nf3.Ne4	Nimzo Spielmann Romanovsky, Ne4	review	review
E.Nim.Spl.Rom.Nf3.Ne4.Bd2	Nimzo Spielmann Romanovsky, Bd2	review	review
E.Nim.Rub.StP.Ne2	Nimzo St. Petersburg, Ne2	review	review
E.Nim.Rub.StP.Ne2.Ne4	Nimzo St. Petersburg Ne2, American Variation	review	review
E.Nim.Rub.StP.Ne2.c5	Nimzo St. Petersburg Ne2, c5	review	review
E.Nim.Rub.StP.Ne2.c5.a3	Nimzo St. Petersburg, Romanishin-Psakhis Variation	review	review
E.KID.Sml.Ort.d5.c6	KID Sämisch Orthodox d5, c6	review	review
E.KID.Sml.Ort.d5.Nh5	KID Sämisch Orthodox d5, Nh5	review	review
E.KID.Sml.Ort.d5.Nh5.Qd2	KID Sämisch Orthodox, Bronstein Prefix	review	review
E.Ind.WIn.Nf3.Bg7.g3.c5	King's Indian Fianchetto, Pterodactyl Prefix	review	review
C.Ita.Two.Ng5.d5.exd5	Italian Two Knights Ng5 d5, exd5	review	review
C.Ita.Two.Ng5.d5.exd5.Nb4	Italian Two Knights, Kloss Gambit	review	review
C.Cen.Dsh.Ne7	Danish Gambit, Svenonius Defence	review	review
C.Cen.Dsh.d5	Danish Gambit Declined, Sorensen Defence	review	review
C.Cen.Pau.Cha	Center Game Paulsen, Charousek Variation	review	review
C.Cen.Pau.LHe	Center Game Paulsen, l'Hermet Variation	review	review
C.Cen.exd4.f4.Bc5	Center Game Halasz-McDonnell, Bc5	review	review
C.Cen.exd4.f4.Bc5.Nf3	Center Game Halasz-McDonnell Bc5, Nf3	review	review
C.Cen.exd4.f4.Bc5.Nf3.Nc6	Center Game Halasz-McDonnell, Crocodile Prefix	review	review
C.Sco.Gor.d5	Scotch Göring, Declined	descriptor	editorial_leaf_token
C.Sco.Gor.Dbl.Nf6	Scotch Göring Double Pawn, Nf6	review	review
C.Sco.Gor.Dbl.Nf6.Nxc3	Scotch Göring Double Pawn Nf6, Nxc3	review	review
C.Sco.Gor.Dbl.Nf6.Nxc3.Bb4	Scotch Göring, Bardeleben Variation	review	review
C.Sco.Pot.Qg6	Scotch Potter, Millennium Variation	review	review
C.Vie.Fal.a3	Vienna Falkbeer, Mengarini Variation	review	review
C.Vie.Mie.Bc5	Vienna Mieses, Bc5	review	review
C.Vie.Mie.Bc5.Bg2	Vienna Mieses Bc5, Bg2	review	review
C.Vie.Mie.Bc5.Bg2.Nc6	Vienna Mieses Bg2, Nc6	review	review
C.Vie.Mie.Bc5.Bg2.Nc6.Nge2	Vienna Mieses, Pollock Gambit Prefix	review	review
C.Vie.Nc6.g3.Nf6	Vienna Paulsen, Nf6	review	review
C.Vie.Nc6.g3.Nf6.Bg2	Vienna Paulsen Nf6, Bg2	review	review
C.Vie.Nc6.f4.exf4.Nf3.Be7	Vienna Gambit Max Lange, Cunningham Defence	review	review
C.Vie.Nc6.d4.f5	Vienna Fyfe, Philidor Countergambit	review	review
C.Vie.Cls.Bc5.Nge2	Vienna Classical Bc5, Nge2	review	review
C.Vie.Cls.Bc5.Nge2.b5	Vienna Classical, Eifel Gambit	review	review
C.KGm.Dec.Qh5	King's Gambit Declined Classical, Walthoffen Attack	review	review
C.KGm.Dec.Sen	King's Gambit Declined, Senechaud Countergambit	review	review
C.KGm.Acc.Nf3.Fis.Gre	King's Gambit Fischer Defence, Greco Gambit	review	review
C.KGm.Acc.Muz.KHw	King's Gambit Muzio, Kling-Horwitz Counterattack	review	review
C.KGm.Acc.All.Nf6	King's Gambit Allgaier, Schlechter Defence	review	review
C.KGm.Acc.Bsh.Nf6.Nc3	Bishop's Gambit Nf6, Bogoljubow Prefix	review	review
C.KGm.Acc.Bsh.Nf6.Nc3.c6	Bishop's Gambit, Bogoljubow Defence	review	review
C.KGm.Acc.Bsh.Qh4.Kf1.d5	Bishop's Gambit, Chigorin Attack Prefix	review	review
C.KGm.Acc.Bsh.f5.Qe2	Bishop's Gambit Gianutio, Qe2	review	review
C.KGm.Acc.Bsh.f5.Qe2.Qh4	Bishop's Gambit, Hein Variation	review	review
C.KGm.Acc.Bsh.b5.Bxb5	Bishop's Gambit Kieseritzky, Bxb5	review	review
C.Ita.Evn.b5	Evans Gambit, Fontaine Countergambit	review	review
C.Ita.Evn.d5	Evans Gambit, Hein Countergambit	review	review
C.Ita.Giu.d4	Italian Giuoco Piano, Rosentreter Gambit	review	review
C.Ita.Two.d3	Italian Two Knights, Modern Bishop's Opening	review	review
C.Ita.Two.d3.Be7	Two Knights Modern Bishop, Be7	review	review
C.Ita.Two.Opn.d6	Two Knights Open, Scotch Invitation Declined	review	review
C.Ita.Two.Max.Ng4	Two Knights Max Lange, Spielmann Defence	review	review
C.Ita.Two.Max.Ng4.c3	Two Knights Max Lange, Krause Variation	review	review
C.Ita.Two.Ng5.Pol.d3	Two Knights Polerio, Kieseritzky Variation	review	review
C.Ita.Two.Ng5.Ulv.Bf1	Two Knights Ulvestad, Bf1	review	review
C.Ita.Two.Ng5.Ulv.Bf1.h6	Two Knights Ulvestad, Kurkin Prefix	review	review
C.Ita.Two.Ng5.Trx.Nxf7	Traxler Counterattack, Knight Sacrifice Line	review	review
C.Ita.Two.Ng5.Trx.Nxf7.Bxf2	Traxler Knight Sacrifice, Bxf2	review	review
C.RyL.Mor.Opn.Nc3	Ruy López Open, Knorre Variation	person	attributed_to
C.RyL.Mor.Opn.Re1	Ruy López Open, Re1	review	review
C.RyL.Mor.Opn.Re1.d5	Ruy López Open, Skipworth Gambit	review	review
C.RyL.Mor.Opn.d4.b5.Nxe5	Ruy López Open, Friess Attack	review	review
C.RyL.Mor.Opn.d4.b5.d5	Ruy López Open, Richter Variation	review	review
C.RyL.Mor.Opn.MLn.c4	Ruy López Open, Harksen Gambit	review	review
C.RyL.Mor.Opn.MLn.a4	Ruy López Open, a4 Line	review	review
C.RyL.Mor.Opn.MLn.a4.Nxd4	Ruy López Open, Schlechter Defence	review	review
C.RyL.Mor.Opn.MLn.dxe5.Ne7	Ruy López Open, Zukertort Variation	review	review
C.RyL.Mar.Ste	Ruy López Marshall, Steiner Variation	review	review
C.RyL.Cls.Cen.Bg4	Ruy López Closed Centre, Bogoljubow Variation	review	review
C.RyL.Cls.Cen.Bg4.a4	Ruy López Closed Centre, Short Attack	review	review
C.RyL.Brk.d4	Ruy López Breyer, d4	review	review
C.RyL.Brk.d4.Nbd7	Ruy López Breyer d4, Nbd7	review	review
C.RyL.Brk.d4.Nbd7.Nbd2	Ruy López Breyer Nbd7, Nbd2	review	review
C.RyL.Brk.d4.Nbd7.Nbd2.Bb7	Ruy López Breyer, Main Line Prefix	review	review
C.RyL.Cha.Bc2	Ruy López Chigorin, Bc2	review	review
C.Fou.Nd5	Four Knights, Naroditsky Variation	review	review
C.Fou.Hal.Old	Four Knights Halloween, Oldtimer Variation	review	review
C.Fou.Hal.Pls	Four Knights Halloween, Plasma Variation	review	review
C.Fou.Sco.Bel.MLn.Qe2	Four Knights Belgrade Main Line, Qe2	review	review
C.Fou.Sco.Bel.MLn.Qe2.f5	Four Knights Belgrade, Modern Defence	review	review
C.Fou.Spa.Ran	Four Knights Spanish, Ranken Variation	review	review
C.Fou.Spa.Spl	Four Knights Spanish, Spielmann Variation	review	review
C.Fou.Spa.Dbl.MLn.Bxc6	Four Knights Double Spanish, Nimzowitsch Variation	review	review
C.Fou.Spa.Dbl.MLn.Nd5	Four Knights Double Spanish, Gunsberg Prefix	review	review
C.Fou.Spa.Dbl.MLn.Nd5.Nxd5	Four Knights Double Spanish, Gunsberg Counterattack	review	review
C.Pet.Bc4.Nxe4.d5	Petrov Italian, Lichtenhein Defence	review	review
C.Pet.Coc.Bc4	Petrov Cochrane, Bishop Check Line	review	review
E.OldI.Jan.Fch	Old Indian Janowski, Fianchetto	review	review
E.OldI.Jan.Grn	Old Indian Janowski, Grinberg Gambit	review	review
E.OldI.Jan.f3	Old Indian Janowski, f3 Line	review	review
E.Ben.Mod.KPL	Modern Benoni, King's Pawn Line	review	review
E.Ben.Mod.KPL.Be3	Modern Benoni King's Pawn, Be3	review	review
E.Ben.Mod.KPL.Bg5	Modern Benoni King's Pawn, Bg5	review	review
E.Ben.Mod.KPL.Nge2	Modern Benoni King's Pawn, Nge2	review	review
E.Gru.Exc.Cla.Rb1	Grünfeld Exchange Classical, Rb1	review	review
E.Gru.Exc.Cla.h3	Grünfeld Exchange Classical, Kramnik Line	review	review
E.Gru.Exc.Cla.Rb1.O-O	Grünfeld Exchange Classical Rb1, O-O	review	review
E.Gru.Exc.Cla.Rb1.O-O.Be2	Grünfeld Exchange Classical Rb1, Be2	review	review
E.Gru.Exc.Cla.Pwn	Grünfeld Exchange Classical, Pawn Grab Line	review	review
E.Ben.Nf3	Benoni Defence, Nf3	review	review
E.Ben.e3	Benoni Defence, e3	review	review
E.Ben.e3.g6	Benoni e3 Line, g6	review	review
E.Ben.e3.g6.Nc3	Benoni e3 g6, Nc3	review	review
E.Ben.e3.g6.Nc3.Bg7	Benoni e3 Nc3, Bg7	review	review
E.Ben.e3.g6.Nc3.Bg7.Nf3	Benoni e3 Bg7, Nf3	review	review
E.Bud.Ng4	Budapest Defence, Ng4 Line	review	review
E.Bud.Alk.Nxe5	Budapest Alekhine, Nxe5	review	review
E.Bud.Alk.Nxe5.f4	Budapest Alekhine Nxe5, f4	review	review
E.Bud.Alk.Nxe5.f4.Nec6	Budapest Alekhine, Abonyi Variation	review	review
E.Bud.Alk.d6	Budapest Alekhine, Tartakower Defence	review	review
E.Bud.Faj.Qc2	Budapest Fajarowicz, Qc2 Line	review	review
E.Bud.Rub.Nc6	Budapest Rubinstein, Nc6	review	review
E.Bud.Rub.Nc6.Nf3	Budapest Rubinstein Nc6, Nf3	review	review
E.Bud.Adl.Nc6	Budapest Adler, Nc6	review	review
E.OldI.Ukr.e3	Old Indian Ukrainian, e3	review	review
E.OldI.Ukr.e3.Nbd7	Old Indian Ukrainian e3, Nbd7	review	review
E.OldI.Ukr.e3.Nbd7.Bd3	Old Indian Ukrainian, Duz-Khotimirsky Variation	review	review
E.OldI.Ukr.Nf3	Old Indian Ukrainian, Two Knights	review	review
E.Ind.WIn.f3.d5	Anti-Grünfeld Alekhine, Goglidze Attack	review	review
E.Ind.WIn.f3.c5	Anti-Grünfeld Alekhine, c5	review	review
E.Ind.WIn.f3.c5.d5	Anti-Grünfeld Alekhine c5, d5	review	review
E.Ind.WIn.f3.c5.d5.d6	Anti-Grünfeld Alekhine d5, d6	review	review
E.Ind.WIn.KPL	West Indian, King's Pawn Line	review	review
E.Ind.WIn.g3.Bg7	West Indian Immediate Fianchetto, Bg7	review	review
E.Ind.WIn.g3.Bg7.Bg2	West Indian Immediate Fianchetto, Bg2	review	review
E.Ind.WIn.g3.Bg7.Bg2.d5	West Indian Immediate Fianchetto, Counterthrust	review	review
E.Ind.WIn.Nf3.d5	Neo-Grünfeld, Nf3 Line	review	review
E.Gru.Hng.Rc1	Grünfeld Hungarian, Capablanca Variation	review	review
E.Gru.Hng.Rc1.c5	Grünfeld Hungarian Capablanca, c5	review	review
E.Gru.Hng.Rc1.c5.dxc5	Grünfeld Hungarian Capablanca, dxc5	review	review
E.Gru.Hng.Rc1.c5.dxc5.Be6	Grünfeld Hungarian, Botvinnik Variation	review	review
E.Gru.Brn.Res	Grünfeld Brinckmann, Reshevsky Gambit	review	review
E.Gru.Sml.c5	Grünfeld Sämisch, c5	review	review
E.Gru.Sml.c5.cxd5	Grünfeld Sämisch c5, cxd5	review	review
E.Gru.Sml.c5.cxd5.Nxd5	Grünfeld Sämisch cxd5, Nxd5	review	review
E.Gru.Sml.c5.cxd5.Nxd5.Na4	Grünfeld Sämisch, Murrey Attack	review	review
E.Bog.Grn.b6	Bogo-Indian Grünfeld, b6	review	review
E.Bog.Grn.b6.e3	Bogo-Indian Grünfeld b6, e3	review	review
E.Bog.Grn.b6.e3.Bb7	Bogo-Indian Grünfeld e3, Bb7	review	review
E.Bog.Grn.b6.a3	Bogo-Indian Grünfeld b6, a3	review	review
E.Bog.Grn.b6.a3.Bxd2	Bogo-Indian Grünfeld a3, Bxd2	review	review
E.Bog.Grn.b6.a3.Bxd2.Qxd2	Bogo-Indian Grünfeld, Qxd2	review	review
E.Nim.e4	Nimzo-Indian, Dilworth Gambit	review	review
E.Nim.Sml.Bxc3	Nimzo Sämisch, Bxc3	review	review
E.Nim.Sml.Bxc3.bxc3	Nimzo Sämisch Bxc3, bxc3	review	review
E.Nim.Sml.Bxc3.bxc3.O-O	Nimzo Sämisch bxc3, O-O	review	review
E.Nim.Sml.Bot.cxd5	Nimzo Sämisch Botvinnik, cxd5	review	review
E.Nim.Sml.Bot.cxd5.Nxd5	Nimzo Sämisch Botvinnik, Nxd5	review	review
E.Nim.Sml.Bot.cxd5.Nxd5.dxc5	Nimzo Sämisch Botvinnik, Keres Variation	review	review
E.Nim.Sml.Bot.Rom	Nimzo Sämisch Botvinnik, Romanovsky Variation	review	review
E.Nim.Kas.Bxc3	Nimzo Kasparov, Bxc3	review	review
E.Nim.Kas.Bxc3.bxc3	Nimzo Kasparov Bxc3, bxc3	review	review
E.Nim.Kas.Bxc3.bxc3.b6	Nimzo Kasparov bxc3, b6	review	review
E.Nim.Kas.Bxc3.bxc3.b6.e3	Nimzo Kasparov Bxc3 b6, e3	review	review
E.Nim.Kas.Kor.b5	Nimzo Kasparov Korchnoi, Shocron Gambit	review	review
E.KID.Cls.Pet.Nbd7	KID Petrosian, Nbd7	review	review
E.KID.Cls.Pet.Nbd7.Bg5	KID Petrosian Nbd7, Bg5	review	review
E.KID.Cls.Pet.Nbd7.Bg5.h6	KID Petrosian, Keres Defence	review	review
E.KID.Cls.Byn.Nh5	KID Bayonet, Nh5	review	review
E.KID.Cls.Byn.Nh5.Re1	KID Bayonet, Sokolov Line	review	review
E.KID.Cls.Byn.Nh5.Qc2	KID Bayonet, Yepishin Line	review	review
E.KID.Cls.Mar.Bd2	KID Mar del Plata, Bd2 Line	review	review
E.KID.Cls.Mar.Nd2	KID Mar del Plata, Nd2 Line	review	review
E.KID.Mak.O-O	KID Makogonov, O-O	review	review
E.KID.Mak.O-O.Be3	KID Makogonov, Karpov System	review	review
E.KID.Avk.Ben.dxc5	KID Averbakh Benoni, Exchange Variation	review	review
E.KID.Fch.Yug.Nc3	KID Fianchetto Yugoslav, Nc3	review	review
E.Ben.Old.Adv.d6	Old Benoni Advance, d6	review	review
E.Ind.Tgo.d5	Black Knights' Tango, d5	review	review
E.Ind.Tgo.d5.Ne5	Black Knights' Tango d5, Ne5	review	review
E.Ind.Tgo.d5.Ne5.f4	Black Knights' Tango, Horsefly Gambit	review	review
D.Alb.dxe5	Albin Counter-Gambit, dxe5 Prefix	review	review
D.Alb.dxe5.d4	Albin Counter-Gambit dxe5, d4	review	review
D.Alb.dxe5.d4.Nf3	Albin Counter-Gambit, Normal Prefix	review	review
D.Alb.dxe5.d4.Nf3.c5	Albin Counter-Gambit, Tartakower Defence	review	review
D.Alb.dxe5.d4.e4	Albin Counter-Gambit, Spassky Variation	review	review
D.Alb.Las.MLn.dxe3	Albin Counter-Gambit Lasker, Trap Capture	review	review
D.Sla.Nc3.dxc4.e4	Slav Defence Nc3 dxc4, e4	review	review
D.Sla.Win.e4	Slav Winawer Countergambit, Anti-Winawer	review	review
D.Sla.Nf3.Nf6.Bg5	Slav Defence, Bonet Gambit	review	review
D.Sla.Cze.Na6	Slav Czech, Lasker Variation	review	review
D.QGA.Cen.McD.Bxc4	QGA Central McDonnell, Somov Gambit	review	review
D.QGA.Jan.e3	QGA Janowski-Larsen, e3	review	review
D.QGA.Jan.e3.Bg4	QGA Janowski-Larsen e3, Bg4	review	review
D.QGA.Jan.e3.Bg4.Bxc4	QGA Janowski-Larsen Bg4, Bxc4	review	review
D.QGA.Jan.e3.Bg4.Bxc4.e6	QGA Janowski-Larsen, Alatortsev Prefix	review	review
D.QGA.Cls.Qe2	QGA Classical, Qe2	review	review
D.QGA.Cls.Qe2.a6	QGA Classical Qe2, a6	review	review
D.QGA.Cls.Qe2.a6.dxc5	QGA Classical Qe2 a6, dxc5	review	review
D.QGA.Cls.Qe2.a6.dxc5.Bxc5	QGA Classical, Furman Capture Line	review	review
D.QGA.Cls.MLn.e4	QGA Classical Main Line, Russian Gambit	review	review
D.QGA.Cls.MLn.dxc5	QGA Classical Main Line, dxc5	review	review
D.QGA.Cls.MLn.dxc5.Bxc5	QGA Classical Main Line, Bxc5	review	review
D.QGD.Alt.e4	QGD Alatortsev, Miladinovic Gambit Prefix	review	review
D.QGD.Alt.e4.dxe4	QGD Alatortsev e4, dxe4	review	review
D.QGD.Alt.e4.dxe4.f3	QGD Alatortsev, Miladinovic Gambit	review	review
D.QGD.Rag.Qa4	QGD Ragozin, Alekhine Variation	review	review
D.QGD.Vie.e3	QGD Vienna, Quiet Variation	review	review
D.QGD.Cmb.Bxf6	Cambridge Springs, Capablanca Bxf6	review	review
D.QGD.Exc.Min.h6	QGD Exchange Reshevsky, h6	review	review
D.QGD.Exc.Min.h6.Bh4	QGD Exchange Reshevsky, Bh4	review	review
D.Tar.e3	Tarrasch Defence, e3	review	review
D.Tar.e3.Nf6	Tarrasch Defence e3, Nf6	review	review
D.Tar.e3.Nf6.Nf3	Tarrasch Defence e3 Nf6, Nf3	review	review
D.Tar.e3.Nf6.Nf3.Nc6	Tarrasch Defence, Symmetrical Variation	review	review
D.Tar.Exd.dxc5	Tarrasch Exchange, dxc5	review	review
D.Tar.Exd.dxc5.d4	Tarrasch Exchange dxc5, d4	review	review
D.Tar.Exd.dxc5.d4.Na4	Tarrasch Gambit, Na4	review	review
D.Tar.Exd.dxc5.d4.Na4.b5	Tarrasch Gambit, b5	review	review
D.Tar.Rub.c4	Tarrasch Rubinstein, Swedish Variation	review	review
D.Tar.Rub.c4.e4	Tarrasch Rubinstein, Swedish Central Break	review	review
D.Tar.Prg.Bg2	Tarrasch Prague, Bg2	review	review
D.Tar.Prg.Bg2.Bg4	Tarrasch Prague, Wagner Variation	review	review
D.STa.cxd5	Semi-Tarrasch, cxd5	review	review
D.STa.cxd5.Nxd5	Semi-Tarrasch cxd5, Nxd5	review	review
D.STa.cxd5.Nxd5.e3	Semi-Tarrasch Nxd5, e3	review	review
D.STa.cxd5.Nxd5.e3.Nc6	Semi-Tarrasch e3, Nc6	review	review
D.STa.cxd5.Nxd5.e3.Nc6.Bd3	Semi-Tarrasch, Main Line Bd3	review	review
D.STa.Sym.Qe2	Semi-Tarrasch Symmetrical, Qe2	review	review
D.STa.Sym.Qe2.Qe7	Semi-Tarrasch Symmetrical Qe2, Qe7	review	review
D.STa.Sym.Qe2.Qe7.dxc5	Semi-Tarrasch Symmetrical, Levenfish dxc5	review	review
D.STa.Sym.Qe2.Qe7.dxc5.Bxc5	Semi-Tarrasch, Levenfish Variation	review	review
D.Sem.Bg5.dxc4	Semi-Slav Bg5, dxc4	review	review
D.Sem.Bg5.dxc4.e4	Semi-Slav Accepted, Botvinnik Prefix	review	review
D.Sem.Bg5.Nbd7	Semi-Slav Bg5, Nbd7	review	review
D.Sem.Bg5.Nbd7.e3	Semi-Slav Bg5 Nbd7, e3	review	review
D.Sem.Mar.dxe4	Semi-Slav Marshall, dxe4	review	review
D.Sem.Mar.dxe4.Nxe4	Semi-Slav Marshall dxe4, Nxe4	review	review
D.Sem.Mar.dxe4.Nxe4.Bb4	Semi-Slav Marshall Nxe4, Bb4	review	review
D.Sem.Mar.dxe4.Nxe4.Bb4.Nc3	Semi-Slav Marshall, Forgotten Variation	review	review
D.Sem.Mar.dxe4.f3	Semi-Slav Marshall, Gunderam Gambit	review	review
D.Sem.Mar.MLn.Qxd4	Semi-Slav Marshall Main Line, Qxd4	review	review
D.Chi.Exc.e3	Chigorin Exchange, e3	review	review
D.Chi.Exc.e3.e5	Chigorin Exchange e3, e5	review	review
D.Chi.Exc.e3.e5.Nc3	Chigorin Exchange e5, Nc3	review	review
D.Chi.Exc.e3.e5.Nc3.Bb4	Chigorin Exchange, Costa Prefix	review	review
D.Chi.MLn.Qa4	Chigorin Main Line, Alekhine Variation	review	review
D.Chi.Jan.Nf3	Chigorin Janowski, Nf3	review	review
D.Rub.Nc6	Rubinstein Opening, Nc6	review	review
D.Rub.Nc6.O-O	Rubinstein Opening Nc6, O-O	review	review
D.Rub.Nc6.O-O.Bd6	Rubinstein Opening, Bogoljubow Defence	review	review
D.Rub.Nc6.O-O.Bd6.Bb2	Rubinstein Bogoljubow, Bb2	review	review
D.Rub.Nc6.O-O.Bd6.Bb2.O-O	Rubinstein Bogoljubow, Double Castled	review	review
D.Rub.Nc6.O-O.Be7	Rubinstein Opening, Classical Defence	review	review
D.Rub.Nc6.O-O.Be7.Bb2	Rubinstein Classical, Bb2	review	review
D.Rub.Nc6.O-O.Be7.Bb2.O-O	Rubinstein Classical, Double Castled	review	review
D.QGD.Bal.cxd5	QGD Baltic, cxd5	review	review
D.QGD.Bal.cxd5.Bxb1	QGD Baltic cxd5, Bxb1	review	review
D.QGD.Bal.cxd5.Bxb1.Qa4	QGD Baltic Bxb1, Qa4	review	review
D.QGD.Bal.cxd5.Bxb1.Qa4.c6	QGD Baltic, Argentinian Gambit Prefix	review	review
D.QGD.Bal.Nc3.Nf3	QGD Baltic Nc3, Nf3	review	review
D.QGD.Bal.Nc3.Nf3.Nc6	QGD Baltic, Pseudo-Chigorin	review	review
D.QGD.Bal.Nc3.Qb3	QGD Baltic, Queen Attack Deferred	review	review
D.QGD.Mar.cxd5	QGD Marshall Defence, cxd5	review	review
D.QGD.Mar.cxd5.c6	QGD Marshall Defence, Tan Gambit	review	review
D.QPG.Tor.g6	Torre Attack, Grünfeld Variation	review	review
D.QPG.Zuk.c5.e3	Zukertort Queen's Pawn c5, e3	review	review
D.QPG.Zuk.c5.e3.Nf6	Zukertort Queen's Pawn e3, Nf6	review	review
D.QPG.Zuk.c5.e3.Nf6.Nbd2	Zukertort Queen's Pawn, Krause Nbd2	review	review
A.Eng.Rev.g3.h5	English Reversed Sicilian, Drill Variation	review	review
A.Eng.Agi.Nf3.Sha	Agincourt Defence, Shabalov Gambit	review	review
A.Eng.AIn.Nf3.Cap	Anglo-Indian Defence, Capablanca Variation	review	review
A.Eng.AIn.Nf3.NYS	Anglo-Indian Defence, New York System	review	review
A.Ret.QGI.MLn.Cat	Réti QGI Main Line, Catalan Defence	review	review
A.Ret.QGI.MLn.Sic	Réti QGI Main Line, c5	review	review
A.Ret.QGI.MLn.Kur	Réti QGI Main Line, Kurajica Defence	review	review
A.Ret.d5.g3.c6	KIA Keres, c6 Line	review	review
A.Ret.d5.g3.g5	KIA, Wiedenhagen-Beta Gambit	review	review
A.Ret.Nf6.b4.g6	Zukertort Polish System, g6	review	review
A.Ret.Nf6.b4.g6.Bb2	Zukertort Polish System, Bb2	review	review
A.Ret.c5.c4.Qb6	Modern Defence Semi-Averbakh, Polish Variation	review	review
A.Ret.c5.d4.b4	Zukertort Sicilian Invitation, Zilbermints-Benoni	review	review
A.Ret.c5.d4.b4.e5	Zilbermints-Benoni, Tamarkin Countergambit	review	review
A.Ret.f5.d3.e4	Zukertort Lisitsyn, Deferred Gambit	review	review
A.Ret.Eng.c6.b3	Réti Anglo-Slav, Semi-Slav Defence	review	review
A.Hol.Kre.MLn.Tat	Dutch Krejčík Gambit, Tate Gambit	review	review
A.Hol.Rap.Nf6.g4	Dutch Raphael, Spielmann Gambit	review	review
A.Hol.Fch.Nf6.Blb	Dutch Fianchetto Nf6, Blackburne Variation	review	review
A.Hol.Fch.g6.Nh3	Dutch Fianchetto Leningrad, Carlsbad Variation	review	review
A.Hol.Fch.c6.Nf3	Dutch Fianchetto Basman System	review	review
A.Hol.c4.g6.Nc3	Dutch Defence c4 g6, Bladel Variation	review	review
A.Hol.c4.e6.Nc3	Dutch Defence c4 e6, Rubinstein Variation	review	review
A.Hol.c4.e6.Nf3	Dutch Defence c4 e6, Stonewall Modern Prefix	review	review
A.Hol.Cls.IZh.b3	Dutch Ilyin-Zhenevsky, Modern Main Line	review	review
A.Hol.Kre.Hev	Dutch Defence, Hevendehl Gambit	review	review
A.Gro.Gbt.e5.c4	Grob Spike, Hurst Attack	review	review
A.Gro.Zil.Sch	Grob Zilbermints, Schiller Defence	review	review
A.Gro.Zil.ZHG	Grob Zilbermints-Hartlaub Gambit	review	review
A.Gro.Kee.MLn	Grob Keene Defence, Main Line	descriptor	editorial_leaf_token
A.Hng.f5.e4.fxe4	Hungarian Dutch, Pachman Gambit	review	review
A.Hng.h5.Nf3.h4	Hungarian Opening, Van Kuijk Gambit	review	review
A.Van.ReN.Nf3.Bc5	Van Geet, Billockus-Johansen Gambit	review	review
A.Van.ReN.Nf3.Nc6	Van Geet Napoleon, Nc6 Prefix	review	review
A.Van.ReN.Nf3.Nc6.d4	Van Geet, Napoleon Attack	review	review
A.Van.d6.f4.e5	Van Geet d6 f4, e5	review	review
A.Van.d6.f4.e5.fxe5	Van Geet, Hergert Gambit	review	review
A.Van.f5.e4.fxe4	Van Geet f5 e4, Kluever Prefix	review	review
A.Van.f5.e4.fxe4.d3	Van Geet, Kluever Gambit	review	review
A.Van.d5.f4.g5	Van Geet, Warsteiner Gambit	review	review
A.Bir.Dut.Nf3.Nf6	Bird Dutch Nf3, Lasker Variation	review	review
A.Bir.Dut.b3.Nf6	Bird Dutch b3, Nf6	review	review
A.Bir.Dut.b3.Nf6.Bb2	Bird Dutch Thomas, Bb2	review	review
A.Bir.Dut.b3.Nf6.Bb2.d4	Bird Opening, Thomas Gambit	review	review
A.Bir.Wil.Acc	Bird Williams Gambit Accepted	review	review
A.Bir.Wil.WZG	Bird Williams-Zilbermints Gambit	review	review
A.Lar.f5.Bb2.e6	Larsen Dutch, Ringelbach Prefix	review	review
A.Lar.f5.Bb2.e6.e4	Larsen Attack, Ringelbach Gambit	review	review
A.War.Mad.MLn.f5	Ware Gambit, f5 Line	review	review
A.War.Mad.MLn.f5.a6	Ware Opening, Ware Gambit	review	review
A.Pol.c6.Bb2	Polish Outflank c6, Bb2	review	review
A.Pol.c6.Bb2.a5	Polish Outflank Bb2, a5	review	review
A.Pol.c6.Bb2.a5.b5	Polish Opening, Schuehler Gambit	review	review
A.Egl.Dec.Die	Englund Gambit Declined, Diemer Counterattack	review	review
A.Egl.Har.Sto	Englund Hartlaub-Charlick, Stockholm Variation	review	review
A.Hor.Zil	Horwitz Defence, Zilbermints Gambit	review	review
A.Hor.FrS	Horwitz Defence, Franco-Sicilian Hybrid	review	review
A.Mik.Eng.Can	Mikėnas Defence, Cannstatter Variation	review	review
A.Mik.Eng.Poz	Mikėnas Defence, Pozarek Gambit	review	review
A.Mik.Mon	Mikėnas Defence, Montevideo	review	review
A.Mik.Zai	Mikėnas Defence, Zaire	review	review
A.Owe.Eas	Owen Defence, Eastbourne Gambit	review	review
A.Owe.Fch.HGA	Owen Defence, Hartlaub Gambit Accepted	review	review
A.Owe.Fch.HGD	Owen Defence, Hartlaub Gambit Declined	review	review
A.PQI.Fch.Mar	Pseudo-Queen's Indian Fianchetto, Marienbad System	review	review
A.PQI.Fch.Ber	Pseudo-Queen's Indian Fianchetto, Berg Variation	review	review
A.Tor.Yus.MLn.d5	Torre Yusupov-Rubinstein, Petrosian Gambit	review	review
A.Tro.Rap.Bf4.g5	Trompowsky Raptor, Borg Variation	review	review
A.Tro.Rap.MLn.Nxg5	Trompowsky Raptor, Nxg5	review	review
A.Tro.Rap.MLn.Nxg5.hxg5	Trompowsky Raptor Nxg5, hxg5	review	review
A.Tro.Rap.MLn.Nxg5.hxg5.e5	Trompowsky Raptor, Hergert Gambit	review	review
B.Fre.Tar.Hab	French Tarrasch, Haberditz Variation	review	review
B.Fre.Tar.Mod	French Tarrasch, Modern System	review	review
B.Fre.Tar.Mor	French Tarrasch, Morozevich Variation	review	review
B.Fre.Tar.Gui.Thb	French Tarrasch Guimard, Thunderbunny	review	review
B.Fre.Tar.Gui.MLn	French Tarrasch Guimard, Main Line	descriptor	editorial_leaf_token
B.Fre.Tar.Ope.EuK	French Tarrasch Open, Euwe-Keres Line	review	review
B.Fre.Tar.Ope.Suc	French Tarrasch Open, Suchtig Line	review	review
B.Fre.Bur.Be7	French Burn, Be7 Line	review	review
B.Fre.Bur.MLn	French Burn, Main Line	descriptor	editorial_leaf_token
B.Fre.Bur.Mrz	French Burn, Morozevich Line	review	review
B.Fre.Win.Arm.b4	French Winawer Armenian, b4 Line	review	review
B.Fre.Win.Psn.Ein	French Winawer Poisoned Pawn, Eingorn Variation	review	review
B.Fre.Win.Psn.Qxg7	French Winawer Poisoned Pawn, Qxg7	review	review
B.Fre.Win.Psn.Qxg7.Nbc6	French Winawer Poisoned Pawn, Nbc6 Line	review	review
B.Fre.Win.Psn.O-O	French Winawer Poisoned Pawn, Warsaw Variation	review	review
B.Fre.Cls.MLn.Bxf6	French Classical Main Line, Bxf6	review	review
B.Fre.Cls.MLn.Bxf6.Qg4	French Classical Richter, Qg4	review	review
B.CaK.Fan.Mrc	Caro-Kann Fantasy, Maróczy Gambit	review	review
B.CaK.Pmv.Fch.Gmb	Caro-Kann Panov Fianchetto, Gambit	review	review
B.CaK.Tar.For	Caro-Kann Tartakower, Forgacs Variation	review	review
B.CaK.Tar.Prl	Caro-Kann Tartakower, Perlis Line	review	review
B.CaK.Kar.Sml.Kas	Caro-Kann Karpov Smyslov, Kasparov Attack	review	review
B.Pir.Pre.d4.Nd7	Pirc Defence, Antal Setup	review	review
B.Pir.150.Arg.Qd2	Pirc 150 Argentine, Qd2	review	review
B.Pir.150.Arg.Qd2.Bg4	Pirc 150 Inner Doll Defence	review	review
B.Pir.150.Arg.h3	Pirc 150, Sveshnikov-Jansa Attack	review	review
B.Pir.Be2.h4	Pirc Be2, Bayonet Attack	review	review
B.Pir.Be2.g4	Pirc Be2, Chinese Variation	review	review
B.Pir.Cls.Bg7.h3	Pirc Classical, Schlechter Variation	review	review
B.Pir.Aus.c5	Pirc Austrian, c5 Line	review	review
B.Pir.Aus.Lju	Pirc Austrian, Ljubojevic Variation	review	review
B.Pir.Aus.Drg.Kur	Pirc Austrian Dragon, Kurajica Variation	review	review
B.Pir.Aus.Drg.Brn	Pirc Austrian Unzicker, Bronstein Variation	review	review
B.Mod.Std.Nc3.Mon	Modern Defence, Mongredien with Nc3	review	review
B.Mod.GPt	Modern Defence, Grand Prix Pterodactyl	review	review
B.Ale.Chs.MLn.Mat	Alekhine Hunt, Matsukevich Gambit	review	review
B.Ale.Exc.Kar	Alekhine Exchange, Karpov Variation	review	review
B.Ale.Exc.Vor	Alekhine Exchange, Voronezh Variation	review	review
B.Ale.Fou.MLn.Kor	Alekhine Four Pawns, Korchnoi Variation	review	review
B.Ale.Fou.Trd.Be3	Alekhine Four Pawns Trifunovic, Be3 Line	review	review
B.Ale.Fou.Trd.Tar	Alekhine Four Pawns, Tartakower Variation	review	review
B.Ale.Mod.KID.Ker	Alekhine Modern KID, Keres Variation	review	review
B.Ale.Mod.MLn.c4	Alekhine Modern, Alekhine Variation	review	review
B.Ale.Mod.MLn.h3	Alekhine Modern, Panov Variation	review	review
B.Ale.Mod.MLn.c4.d5	Alekhine Modern, Vitolins Attack	review	review
B.Sca.Nf6.Mar.Kie	Scandinavian Marshall, Kiel Variation	review	review
B.Sca.Mod.Leo	Scandinavian Modern, Leonhardt Gambit	review	review
B.Sca.Nf6.Mar.Nf3	Scandinavian Marshall, Richter Variation	review	review
B.Sic.Cls.g3	Sicilian Classical, Fianchetto Variation	review	review
B.Sic.Cls.Nde2	Sicilian Classical, Spielmann Variation	review	review
B.Sic.Cls.Bd3	Sicilian Classical, Yates Variation	review	review
B.Sic.Cls.Soz.Qb6	Sicilian Sozin, Anti-Sozin Variation	review	review
B.Sic.Cls.Soz.MST	Sicilian Sozin, Magnus Smith Trap	review	review
B.Sic.Cls.Be2.Drg	Sicilian Classical Be2, Dragon Transfer	review	review
B.Sic.Ros.Brt	Sicilian Rossolimo, Brooklyn Retreat	review	review
B.Sic.Ros.SFr	Sicilian Rossolimo, San Francisco Gambit	review	review
B.Sic.Alp.Cen.AAG	Sicilian Alapin, Anti-Alapin Gambit	review	review
B.Sic.Alp.Cen.Brm	Sicilian Alapin, Barmen Defence	review	review
B.Sic.Alp.Nf6.Stz	Sicilian Alapin, Stoltz Attack	review	review
B.Sic.Alp.Nf6.Stz.Ivn	Sicilian Alapin Stoltz, Ivanchuk Line	review	review
B.Sic.Alp.Nf6.Hei	Sicilian Alapin, Heidenfeld Variation	review	review
B.Sic.Kan.Mar.Hdg	Sicilian Kan Maróczy, Hedgehog Variation	review	review
B.Sic.Kan.Koc.Gip	Sicilian Kan Kocian, Gipslis Variation	review	review
B.Sic.Mor.Dfg	Sicilian Moscow, Dorfman Gambit	review	review
B.Sic.Mor.Gmb	Sicilian Moscow, Moscow Gambit	review	review
B.Sic.Pin.Jaf	Sicilian Pin, Jaffe Variation	review	review
B.Sic.Pin.Koc	Sicilian Pin, Koch Variation	review	review
B.Sic.Nim.Cls	Sicilian Nimzowitsch, Closed Variation	review	review
B.Sic.Nim.e5.Nxc3	Sicilian Nimzowitsch, Exchange Variation	review	review
B.Sic.Nim.e5.Nc6	Sicilian Nimzowitsch, Main Line	descriptor	editorial_leaf_token
B.Nim.Col.Acc	Nimzowitsch Colorado, Accepted	descriptor	editorial_leaf_token
B.Nim.ScD.Nc3.Bra	Nimzowitsch Bogoljubow, Brandics Gambit	review	review
B.Nim.ScD.Nc3.Erb	Nimzowitsch Bogoljubow, Erben Gambit	review	review
B.OwM.Gua	Owen Modern, Guatemala Defence	review	review
B.OwM.Hek	Owen Modern, Hekili-Loa Gambit	review	review
B.OwM.Mat.MLn.Gmb	Owen Modern Matovinsky, Gambit Line	review	review
B.OwM.Eng.Nas	Owen Modern English, Naselwaus Gambit	review	review
B.OwM.Eng.Smi	Owen Modern English, Smith Gambit	review	review
B.OwM.Eng.Wnd	Owen Modern English, Wind Gambit	review	review
B.StG.Bas.MLn.Pol	St George Basman, Polish Variation	review	review
B.StG.Bas.MLn.SJr	St George Basman, San Jorge Variation	review	review
B.StG.Zil	St George Defence, Zilbermints Gambit	review	review
B.Brg.Trn	Borg Defence, Troon Gambit	review	review
B.Brg.Zil	Borg Defence, Zilbermints Gambit	review	review
B.Bar.Uni	Barnes Defence, Unicorn Variation	review	review
E.Ind.Cat.Bb4.Bd2.Be7.D5N	Indian Catalan Bogo Retreat, d5 Nf3	review	review
E.Ind.Cat.Bb4.Bd2.Be7.D5C	Indian Catalan Bogo Retreat, d5 Castled	review	review
E.Ind.Cat.Bb4.Bd2.Be7.Qc2	Indian Catalan Bogo Retreat, Qc2	review	review
E.Ind.Cat.Bb4.Bd2.Be7.Nbd	Indian Catalan Bogo Retreat, Nbd7	review	review
E.Ind.Cat.Bb4.Bd2.Be7.Btr	Indian Catalan Bogo Retreat, b3	review	review
E.Ind.Cat.Bb4.Bd2.Be7.Rc1	Indian Catalan Bogo Retreat, Rc1	review	review
E.Ind.Cat.Bb4.Bd2.Be7.Rd1	Indian Catalan Bogo Retreat, Rd1	review	review
E.Ind.Cat.Bb4.Bd2.Be7.H6R	Indian Catalan Bogo Retreat, h6	review	review
E.QID.Pet.KPe.d5.cxd5.Qc2	QID Kasparov-Petrosian, Kasparov Attack	review	review
E.QID.Pet.KPe.d5.cxd5.e3	QID Kasparov-Petrosian, Petrosian Attack	review	review
E.QID.Pet.KPe.d5.cxd5.e4	QID Kasparov-Petrosian, Polovodin Gambit	review	review
E.QID.Pet.KPe.d5.cxd5.Qa4	QID Kasparov-Petrosian, Rashkovsky Attack	review	review
E.QID.Pet.KPe.d5.cxd5.Bd2	QID Kasparov-Petrosian, Romanishin Attack	review	review
E.Ben.Bnk.Acc.MLn.g6.f4	Benko Accepted g6, Central Storming	review	review
E.Ben.Bnk.Acc.MLn.g6.g3	Benko Accepted g6, Fianchetto	review	review
E.Ben.Bnk.Acc.MLn.g6.Kxf1	Benko Accepted g6, King Flight	review	review
E.Ben.Bnk.Acc.MLn.g6.Kg2	Benko Accepted g6, King Walk	review	review
E.Ben.Bnk.Acc.MLn.g6.Ne2	Benko Accepted g6, Yugoslav	review	review
E.Ben.Bnk.Acc.MLn.Bxa6.f4	Benko Accepted Bxa6, Central Storming	review	review
E.KID.Sml.Cst.Bg5.c5.exd5	KID Sämisch Steiner, Benoni Line	review	review
E.KID.Sml.Cst.Bg5.c5.Bf4	KID Sämisch Steiner, h6	review	review
E.KID.Sml.Cst.Bg5.c5.Nxd5	KID Sämisch Steiner, Nxd5	review	review
E.KID.Sml.Cst.Bg5.c5.Bxh6	KID Sämisch Steiner, Bxh6	review	review
E.Ind.e6.Nf3.c5.d5.g6	Indian Anti-Nimzo Benoni, Main Line	descriptor	editorial_leaf_token
E.Ind.e6.Nf3.c5.d5.g3	Indian Anti-Nimzo Benoni, Fianchetto	review	review
E.Ind.e6.Nf3.c5.d5.Nd2	Indian Anti-Nimzo Benoni, Knight's Tour	review	review
E.Ind.e6.Nf3.c5.d5.Bg5	Indian Anti-Nimzo Benoni, Uhlmann	review	review
E.Ind.e6.Nf3.c5.d5.e4	Indian Anti-Nimzo Benoni, Classical	review	review
E.Ind.e6.Nf3.c5.d5.h3	Indian Anti-Nimzo Benoni, New York	review	review
E.Nim.Rub.StP.MLn.Nf3.Cst	Nimzo St. Petersburg Nf3, White Castled	review	review
E.Nim.Rub.StP.MLn.Nf3.c5	Nimzo St. Petersburg Nf3, c5	review	review
E.Nim.Rub.StP.MLn.Nf3.Ca4	Nimzo St. Petersburg Nf3, Na4	review	review
E.Nim.Rub.StP.MLn.Nf3.Sch	Nimzo St. Petersburg Nf3, Schlechter	review	review
E.KID.Nf3.Cst.e3.d6.c6	King's Indian Semi-Classical, Benoni	review	review
E.KID.Nf3.Cst.e3.d6.Nc6	King's Indian Semi-Classical, Hollywood	review	review
E.KID.Nf3.Cst.e3.d6.dxe5	King's Indian Semi-Classical, Exchange	review	review
E.KID.Nf3.Cst.e3.d6.b4	King's Indian Semi-Classical, Queenside Storm	review	review
E.Ind.e6.Nf3.d5.Bg5.h6	Anti-Nimzo Bg5, Capablanca	review	review
E.Ind.e6.Nf3.d5.Bg5.c6	Anti-Nimzo Bg5, c6	review	review
E.Ind.e6.Nf3.d5.Bg5.Bb4	Anti-Nimzo Bg5, Vienna	review	review
E.Ind.e6.Nf3.d5.e3.Bb7	Anti-Nimzo e3 b6, Bb7	review	review
E.Ind.e6.Nf3.d5.e3.Bd6	Anti-Nimzo e3 b6, Bd6	review	review
E.Ind.e6.Nf3.d5.e3.O-O	Anti-Nimzo e3 b6, Castled	review	review
E.Ind.e6.Nf3.d5.e3.exd5	Anti-Nimzo e3 b6, Exchange	review	review
E.Gru.Exc.SeV.Bc4.Lrs	Grünfeld Exchange Bc4, Larsen	review	review
E.Gru.Exc.SeV.Bc4.Sim	Grünfeld Exchange Bc4, Simagin Improved	review	review
E.Gru.Exc.SeV.Bc4.Lsr	Grünfeld Exchange Bc4, Simagin Lesser	review	review
E.Gru.Exc.SeV.Bc4.Lb6	Grünfeld Exchange Larsen, b6	review	review
E.Gru.Rus.Hng.e4.O-O-O	Grünfeld Russian, Keres Variation	review	review
E.Gru.Rus.Hng.e4.c5	Grünfeld Russian, Yugoslav Variation	review	review
E.Nim.Rub.Res.MLn.O-O.Brn	Nimzo Reshevsky, Bernstein	review	review
E.Nim.Rub.Res.MLn.O-O.Exc	Nimzo Reshevsky Bernstein, Exchange	review	review
E.Nim.Rub.Res.MLn.O-O.Cap	Nimzo Reshevsky Bernstein, Capablanca	review	review
E.Nim.Rub.Res.MLn.O-O.ML2	Nimzo Reshevsky Bernstein, Main Line	descriptor	editorial_leaf_token
E.Nim.Rub.Res.MLn.O-O.Smy	Nimzo Reshevsky, Smyslov	review	review
E.Nim.Rub.Res.MLn.O-O.Bro	Nimzo Reshevsky, Bronstein	review	review
E.KID.Fch.MLn.O-O.Ben	KID Fianchetto Main Line, Benjamin	review	review
E.KID.Fch.MLn.O-O.Kav	KID Fianchetto Main Line, Kavalek Defence	review	review
E.KID.Fch.MLn.O-O.Lrs	KID Fianchetto Main Line, Larsen Defence	review	review
E.KID.Fch.Sim.MLn.Blk	KID Fianchetto Simagin, Blockade	review	review
E.KID.Fch.Sim.MLn.Don	KID Fianchetto Simagin, Donner	review	review
E.KID.Fch.Kav.Nc3.e5.a5	KID Fianchetto Kavalek, Long Variation	review	review
E.KID.Fch.Kav.Nc3.e5.h3	KID Fianchetto Kavalek, Classical Main Line	review	review
E.KID.Cls.Old.e5.Re1	KID Classical Old Main Line, Re1	review	review
E.KID.Cls.Old.e5.c6	KID Classical Old Main Line, c6	review	review
E.Ben.Mod.Cls.MLn.Re8.Tal	Modern Benoni Classical Czerniak, Tal Line	review	review
E.Ben.Mod.Cls.MLn.Re8.Na6	Modern Benoni Classical Czerniak, Na6	review	review
E.Ben.Mod.Cls.MLn.Re8.f3L	Modern Benoni Classical Czerniak, f3	review	review
E.Gru.Neo.MLn.cxd5.O-O	Neo-Grünfeld Delayed Exchange, Castled	review	review
E.Gru.Neo.MLn.cxd5.dxc5	Neo-Grünfeld Delayed Exchange, dxc5	review	review
E.Gru.Neo.MLn.cxd5.Nb6	Neo-Grünfeld Delayed Exchange, Nb6	review	review
E.Ind.WIn.Nf3.Bg7.g3.d5	West Indian Nf3 Fianchetto, Neo-Grünfeld	review	review
E.Ind.WIn.Nf3.Bg7.g3.cxd5	West Indian Nf3 Fianchetto, Ultra-Delayed Exchange	review	review
E.Ind.Cat.d5.Bg2.dxc4.Bb4	Indian Catalan Open, Modern Sharp	review	review
E.Ind.Cat.d5.Bg2.dxc4.Be7	Indian Catalan Open, Classical Line	review	review
E.Nim.Spl.Rom.Nf3.Ne4.Crl	Nimzo Spielmann Romanovsky, Carlsbad	review	review
E.Nim.Spl.Rom.Nf3.Ne4.Sta	Nimzo Spielmann Romanovsky, Stahlberg	review	review
E.Nim.Spl.Rom.Nf3.Ne4.StM	Nimzo Spielmann Romanovsky, Stahlberg Main	review	review
E.KID.Cls.e5	KID Classical, e5 Prefix	review	review
E.KID.Cls.e5.O-O	KID Classical e5, Castled	review	review
E.KID.Cls.e5.O-O.c6	KID Classical Castled, Donner	review	review
E.KID.Cls.e5.O-O.Na6	KID Classical Castled, Glek	review	review
E.KID.Cls.e5.O-O.Nbd7	KID Classical Castled, Nbd7	review	review
E.KID.Cls.e5.O-O.Nbd7.Re1	KID Classical Nbd7, Re1	review	review
E.KID.Cls.e5.O-O.Nbd7.c6	KID Classical Nbd7, c6	review	review
E.KID.Cls.Nrm	KID Classical, Normal Variation	review	review
E.KID.Cls.Nrm.Bg5	KID Classical Normal, Accelerated Averbakh	review	review
E.KID.Cls.Nrm.Nge2	KID Classical Normal, Kramer	review	review
E.KID.Cls.Nrm.g3	KID Classical Normal, Deferred Fianchetto	review	review
E.KID.Cls.Nrm.Be2	KID Classical Normal, Standard Development	review	review
E.Nim.Rub.c5	Nimzo Rubinstein, c5	review	review
E.Nim.Rub.c5.Ne2	Nimzo Rubinstein c5, Ne2	review	review
E.Nim.Rub.c5.Ne2.a3	Nimzo Rubinstein Ne2, Main Line	descriptor	editorial_leaf_token
E.Nim.Rub.c5.Ne2.c5	Nimzo Rubinstein Ne2, Sherbakov	review	review
E.Nim.Rub.O-O	Nimzo Rubinstein, O-O	review	review
E.Nim.Rub.O-O.Ne2	Nimzo Rubinstein Castled, Ne2	review	review
A.And.Hip	Anderssen Opening, Hippopotamus Attack	review	review
A.And.Bat	Anderssen Opening, Battambang Variation	review	review
A.Ama.Par.Gen	Amar Paris Gambit, Gent Gambit	review	review
A.Hng.Par	Hungarian Opening, Paris Gambit	review	review
A.Hng.Par.Gen	Hungarian Paris Gambit, Gent Line	review	review
A.Hng.ReA.Brk	Hungarian Reversed Alekhine, Reversed Brooklyn	review	review
A.Hng.ReA.Brk.Bnk	Hungarian Reversed Brooklyn, Benko Gambit	review	review
A.Hng.ReA.Nor	Hungarian Reversed Alekhine, Reversed Norwegian	review	review
A.Lar.Mod.c4	Larsen Modern Variation, c4 Line	review	review
A.Lar.Mod.f4	Larsen Modern Variation, Pachman Gambit	review	review
A.Eng.Agi.Nf3.d5	Agincourt Defence Nf3, d5	review	review
A.Eng.Agi.Nf3.d5.b3	Agincourt Defence d5, b3 Line	review	review
A.Eng.Agi.Nf3.d5.b3.d4	Agincourt Defence b3 Line, d4	review	review
A.Tor.Bre	Torre Attack, Breyer Variation	review	review
A.Tor.Wag	Torre Attack, Wagner Gambit	review	review
A.PQI.Sch	Pseudo-Queen's Indian, Schnepper Gambit	review	review
A.PQI.e3	Pseudo-Queen's Indian, e3 Line	review	review
A.Hol.Rap.d5	Dutch Raphael Variation, d5 Line	review	review
A.Hol.Rap.d5.e4	Dutch Raphael Variation, Kingfisher Gambit	review	review
A.Hor.Fch.MLn.Nf3.Nbd	Horwitz French Nf3, Nbd7	review	review
A.Hor.Fch.MLn.Nf3.Nbd.Bf4	Horwitz French Nbd7, Exchange Bf4 Line	review	review
A.Hor.Fch.MLn.Nf3.Nbd.Bg5	Horwitz French Nbd7, Alekhine Gambit	review	review
A.Hor.Fch.MLn.Bg5.Be7.Ne4	Horwitz French Orthodox, Lasker Defence	review	review
A.Hor.Fch.MLn.Bg5.Be7.Neo	Horwitz French Orthodox, Neo-Orthodox Variation	review	review
A.Egl.dxe5.Nc6.Nf3.Bc5	Englund Gambit Nf3, Felbecker Gambit	review	review
A.Egl.dxe5.Nc6.Nf3.f6	Englund Gambit Nf3, Soller Deferred	review	review
A.Egl.dxe5.Nc6.Nf3.Nge7	Englund Gambit Nf3, Zilbermints Gambit	review	review
A.Clm.Glb	Clemenz Opening, Global Opening	review	review
A.Gro.Lon	Grob Opening, London Defence	review	review
A.Gro.Dbl.Coc	Grob Double Grob, Coca-Cola Gambit	review	review
A.Gro.Gbt.MLn.d4.Bxb7	Grob Romford Countergambit, Bxb7	review	review
A.Gro.Gbt.MLn.d4.Bxb7.Nd7	Grob Romford Countergambit, Nd7	review	review
A.Mie.Mye	Mieses Opening, Myers Spike Attack	review	review
A.Mie.ReR.Val	Mieses Reversed Rat, Valencia Opening	review	review
A.Sod.e5.d3	Sodium Attack e5, d3 Line	review	review
A.Sod.e5.d3.Bxa3	Sodium Attack, Celadon Variation	review	review
A.Sod.e5.Nc4	Sodium Attack e5, Nc4 Line	review	review
A.Sod.e5.Nc4.Nc6	Sodium Attack Nc4, Nc6	review	review
A.Sod.e5.Nc4.Nc6.e4	Sodium Attack Nc4 Nc6, e4	review	review
A.Sod.e5.Nc4.Nc6.e4.f5	Sodium Attack, Durkin Gambit	review	review
A.Van.ReN.Gla	Van Geet Reversed Nimzowitsch, Gladbacher Gambit	review	review
A.Van.c5.Rb1	Van Geet c5, Twyble Attack	review	review
A.Van.c5.d4	Van Geet c5, d4 Line	review	review
A.Van.c5.d4.cxd4	Van Geet d4 Line, cxd4	review	review
A.Van.c5.d4.cxd4.Qxd4	Van Geet cxd4 Line, Qxd4	review	review
A.Van.c5.d4.cxd4.Qxd4.Nc6	Van Geet, Novosibirsk Variation	review	review
A.Bir.Fro.Nc3.Nwk	From's Gambit, Nowokunski Transposition	review	review
A.Ret.Nf6.g3.g6.Bg2	KIA Symmetrical Defence, Bg2	review	review
A.Ret.Nf6.g3.g6.Bg2.Bg7	KIA Symmetrical Defence, Wahls Line	review	review
A.Ret.d5.g3.g6.Bg2	KIA Double Fianchetto, Bg2	review	review
A.Ret.d5.g3.g6.Bg2.Bg7	KIA Double Fianchetto, Pachman Prefix	review	review
A.Ret.d5.g3.Bg4.Bg2	KIA Keres Variation, Bg2	review	review
A.Ret.d5.g3.Bg4.Bg2.Nd7	KIA Keres Variation, Nd7 Line	review	review
A.Ret.Nim.Nor	Réti Nimzowitsch-Larsen, Norfolk Transposition	review	review
A.Ret.Nim.Ble	Réti Nimzowitsch-Larsen, Bled Variation	review	review
A.EID.Fch.NGr	East Indian Fianchetto, Neo-Grünfeld Setup	review	review
A.EID.Fch.NGr.dxc4	East Indian Neo-Grünfeld, Modern Defence	review	review
A.EID.Fch.NGr.Nc6	East Indian Neo-Grünfeld, Polgar Variation	review	review
A.Kan.MLn.e3.c5.Ne2.cxd4	Kangaroo Ne2, cxd4 Line	review	review
A.Col.Bd6.O-O.O-O	Colle Bd6 Castled, O-O	review	review
A.Col.Bd6.O-O.O-O.b3	Colle Bd6 Double Castled, b3	review	review
A.Col.Bd6.O-O.O-O.b3.Nbd7	Colle Bd6 b3 Line, Nbd7	review	review
A.Lon.Job.e6	Jobava London, e6 Line	review	review
A.Lon.Job.g6	Jobava London, g6 Line	review	review
D.QGD.Bal.Nc3.Nf3.Bal	QGD Baltic Nc3, Nf3, Baltic Pseudo-Slav	review	review
D.Chi.Chi	Chigorin Defence, Chigorin	review	review
D.Sla.E01	Slav Defence, Exchange Variation	review	review
D.Sla.Qui.MLn.Qui	Slav Quiet, Main Line, Quiet Variation, Schallopp	review	review
D.Sla.Nf3.Nf6.Exc	Slav Defence, Nf3 Nf6, Exchange Variation	review	review
D.Sla.Ala.MLn.Gel	Slav Alapin, Main Line, Geller Gambit	review	review
D.Sla.Nf3.Nf6.Nc3.Sch	Slav Defence, Three Knights Prefix, Schlechter Variation	review	review
D.Sla.Nf3.Nf6.Nc3.Suc	Slav Defence, Three Knights Prefix, Süchting Variation	review	review
D.Sla.Cls.MLn.O-O.Cze	Slav Classical Main Line, O-O, Czech Variation, Classical System, Main Line	descriptor	editorial_leaf_token
D.Sla.Cls.MLn.O-O.Dut	Slav Classical Main Line, O-O, Czech Variation, Dutch Variation, Sämisch Variation	review	review
D.QGA.Nf3.God	Queen's Gambit Accepted, Nf3, Godes Variation	review	review
D.QGD.Vie.Sxx	QGD, Vienna Variation, Queen's Gambit Accepted	review	review
D.QGA.Nf3.Nf6.Nc3.Bog	Queen's Gambit Accepted, Showalter Prefix, Bogoljubow	review	review
D.QGA.Nf3.Nf6.Nc3.Gun	Queen's Gambit Accepted, Showalter Prefix, Gunsberg Prianishenmo Gambit	review	review
D.QGA.Cls.Ale.MLn.Flo	QGA Classical Alekhine, Main Line, Classical, Flohr Variation	review	review
D.QGA.Cls.Ale.MLn.Ale	QGA Classical Alekhine, Main Line, Classical Alekhine System, Main Line	descriptor	editorial_leaf_token
D.QGA.Cls.Ale.MLn.Smy	QGA Classical Alekhine, Main Line, Classical Alekhine System, Smyslov Variation	review	review
D.Tar.Exd.Nf3.Nc6.Gru	Tarrasch Exchange Structure, Nc6, Grünfeld Gambit	review	review
D.Tar.HSc.MLn.Qd1.Von	Tarrasch Hennig-Schara Main Line, Qd1, von Hennig Gambit	review	review
D.Tar.Cls.Bg5.Be6.Sto	Tarrasch Classical, Endgame Prefix, Tarrasch Stoltz Variation	review	review
D.Tar.Cls.Bg5.Be6.Bog	Tarrasch Classical, Endgame Prefix, Classical Variation, Bogoljubow Variation	review	review
D.Tar.Cls.MLn.Cla	Tarrasch Classical, Main Line, Classical Variation, Classical Tarrasch Gambit	review	review
D.Tar.Cls.MLn.Ret	Tarrasch Classical, Main Line, Classical Variation, Réti Variation	review	review
D.QGD.Har.Har	QGD, Harrwitz Attack, Harrwitz Attack	review	review
D.QGD.Rag.Bg5.Wes	QGD Ragozin, Bg5 Line, Westphalian Variation	review	review
D.Sem.AMe.Sto	Semi-Slav, Anti-Meran, Stoltz Variation	review	review
D.Sem.Mer.Bd3.Bd6.Chi	Semi-Slav Meran Bd3, Chigorin Defence, Chigorin	review	review
D.Sem.Mer.Bd3.Bd6.C01	Semi-Slav Meran Bd3, Chigorin Defence, Chigorin C01	review	review
D.Sem.Mer.Lun.MLn.Mer	Semi-Slav Meran Lundin, Main Line, Meran Variation, Wade Variation, Kaidanov Gambit	review	review
D.Sem.Mer.Lun.MLn.Wad	Semi-Slav Meran Lundin, Main Line, Meran Variation, Wade Variation, Larsen Variation	review	review
D.STa.Pil.MLn.Pse	Semi-Tarrasch Pillsbury, Main Line, Pseudo-Tarrasch Variation, Primitive Pillsbury Variation	review	review
D.QGD.Cls.MLn.Ant	QGD Classical, Main Line, Anti-Tartakower Variation	review	review
D.QGD.Tar.MLn.Bd3.Bb7.Pil	QGD Tartakower Bd3 Line, Bb7, Pillsbury Attack	review	review
D.QGD.Ort.Cap.MLn.Fia	QGD Orthodox Capablanca, Main Line, Orthodox Fianchetto Variation	review	review
D.QGD.Ort.Hne.Jan	QGD Orthodox, Henneberger Line, Orthodox Janowski Variation	review	review
D.Sla.Sch.MLn.Bd3.O-O.Flo	Slav Schlechter Bd3 Line, O-O, Flohr	review	review
D.Sla.Sch.MLn.Bd3.O-O.Smy	Slav Schlechter Bd3 Line, O-O, Smyslov	review	review
D.Cat.O01	Catalan Opening, Open	review	review
D.Cat.Fch.Ope	Catalan, Fianchetto Main Line, Open Classical Line	review	review
D.Cat.Fch.Clo	Catalan, Fianchetto Main Line, Closed	review	review
D.Cat.Cls.Qc2.Btr.C01	Catalan Closed Qc2, b3 Line, Closed C01	review	review
D.Cat.Fch.C01	Catalan, Fianchetto Main Line, Closed C01	review	review
D.Cat.Cls.Qc2.Btr.Spa	Catalan Closed Qc2, b3 Line, Closed, Spassky Gambit	review	review
D.Cat.Fch.Mai	Catalan, Fianchetto Main Line, Closed, Main Line	descriptor	editorial_leaf_token
B.Sca.Nc3.Dgh	Scandinavian 2.Nc3, Dougherty Gambit	review	review
B.Sca.Nc3.DPe	Scandinavian 2.Nc3, Dunst-Perrenet Gambit	review	review
B.Sca.Nc3.Hec	Scandinavian 2.Nc3, Hector Gambit	review	review
B.Sic.McD.d5	Sicilian McDonnell Attack, d5	review	review
B.Sic.McD.Bat	Sicilian McDonnell Attack, Batavo Gambit	review	review
B.Sic.McD.Maf	Sicilian McDonnell Attack, Mafia Defence	review	review
B.Fre.Rub.Nxe4	French Rubinstein, Nxe4 Line	review	review
B.Fre.Rub.Ell	French Rubinstein, Ellis Gambit	review	review
B.Fre.Rub.Mar	French Rubinstein, Maric Variation	review	review
B.Fre.Mac.Adv	French MacCutcheon, Advance Variation	review	review
B.Fre.Mac.MLn.Bd2.Bxc3.Kf8	French MacCutcheon Lasker, Duras Variation	review	review
B.Fre.Mac.MLn.Bd2.Bxc3.g6	French MacCutcheon Lasker, g6 Line	review	review
B.Sic.Cls.Rch.Lip.e5	Richter-Rauzer Lipnitsky, e5 Line	review	review
B.Sic.Cls.Rch.Lip.Nxd4	Richter-Rauzer Lipnitsky, Nxd4	review	review
B.Sic.Cls.Rch.Lip.Nxd4.Qxd4	Richter-Rauzer Lipnitsky Nxd4, Qxd4	review	review
B.Sic.Dra.Cls.Nrm.f4	Classical Dragon Normal, f4	review	review
B.Sic.Dra.Cls.Nrm.f4.Na5	Classical Dragon Normal f4, Na5	review	review
B.Sic.Dra.Cls.Nrm.f4.Qc8	Classical Dragon Normal f4, Qc8	review	review
B.Sic.Dra.Yug.Nc6.Bc4.a5	Sicilian Dragon Yugoslav Bc4, Byrne Variation	review	review
B.Sic.Dra.Yug.Nc6.Bc4.Nxd4	Sicilian Dragon Yugoslav Bc4, Czerniak Variation	review	review
B.Sic.Dra.Yug.Nc6.Bc4.Nd7	Sicilian Dragon Yugoslav Bc4, Sosonko Variation	review	review
B.Sic.Dra.Yug.Bd7.O-O-O.Rb8	Sicilian Dragon Yugoslav O-O-O, Rb8	review	review
B.Sic.Dra.Yug.Bd7.O-O-O.Qa5	Sicilian Dragon Yugoslav O-O-O, Qa5	review	review
B.Sic.Dra.Be3.Bg7.Be2.Nc6	Dragon Be3 Classical, Nc6	review	review
B.Fre.Tar.Ope.exd5.Qxd5	French Tarrasch Open exd5, Chistyakov Defence	review	review
B.Fre.Tar.Ope.exd5.Nf6	French Tarrasch Open exd5, Shaposhnikov Gambit	review	review
B.Fre.Tar.Ope.exd5.Qxd5.Qd6	French Tarrasch Chistyakov, Modern Line	review	review
B.Fre.Tar.Ope.exd5.Qxd5.Qd8	French Tarrasch Chistyakov, Eliskases Variation	review	review
B.Fre.Tar.Ope.exd5.exd5.c4	French Tarrasch Open exd5 exd5, Advance Line	review	review
B.Fre.Tar.Ope.exd5.exd5.Nc6	French Tarrasch Open exd5 exd5, Main Line	descriptor	editorial_leaf_token
B.Sic.Tay.Nc3.Qc7.Be2.O-O	Taimanov Bastrikov Paulsen Classical, O-O	review	review
B.Sic.Tay.Nc3.Qc7.Be2.Kh1	Taimanov Bastrikov Paulsen Classical, Kh1	review	review
B.Sic.Kan.Nc3.b5.Bd3	Sicilian Kan Wing Attack, Bd3	review	review
B.Sic.Kan.Nc3.b5.Bd3.Qb6	Sicilian Kan Wing Attack Bd3, Qb6	review	review
B.Sic.Ros.Cls.MLn.c3.e5	Rossolimo Classical c3, e5 Line	review	review
B.Sic.Ros.Cls.MLn.c3.Nf6	Rossolimo Classical c3, Nf6 Line	review	review
B.Sic.Ros.Cls.MLn.c3.Qa4	Rossolimo Classical c3, Qa4 Line	review	review
B.Pir.Cls.Bg7.MLn.O-O.Nc6	Pirc Classical O-O, Chigorin Line	review	review
B.Pir.Cls.Bg7.MLn.O-O.c6	Pirc Classical O-O, Czech Line	review	review
B.Pir.Cls.Bg7.MLn.O-O.Bg4	Pirc Classical O-O, Parma Defence	review	review
B.Pir.Pre.d4.Nf6.Nc3.f4	Pirc Lion, Anti-Philidor	review	review
B.Pir.Pre.d4.Nf6.Nc3.e5	Pirc Lion, Lion's Cave	review	review
B.Pir.Pre.d4.Nf6.Nc3.d5	Pirc Lion, Lion Claw Gambit	review	review
B.Pir.Pre.d4.Nf6.Nc3.g4	Pirc Lion, Bayonet Attack	review	review
B.Fre.Cls.MLn.e5.Nfd7.Nb5	French Classical Exchange, Alapin Variation	review	review
B.Fre.Cls.MLn.e5.Nfd7.c4	French Classical Exchange, Stahlberg Variation	review	review
B.Sic.Naj.Bg5.e6.f4.Qf3	Najdorf Traditional, Qf3	review	review
B.Sic.Naj.Bg5.e6.f4.Qc7	Najdorf Traditional, Qf3 Qc7	review	review
B.Sic.Naj.Bg5.e6.f4.Bh4	Najdorf Traditional, Browne Variation	review	review
B.Sic.Naj.Bg5.e6.f4.g5	Najdorf Traditional, Goteborg Variation	review	review
B.Sic.Naj.Bg5.e6.f4.Nbd7	Najdorf Traditional, Main Line	descriptor	editorial_leaf_token
B.Sic.Cls.Rch.e6.Qd2.Bd7	Richter-Rauzer Neo-Modern, Bd7	review	review
B.Sic.Cls.Rch.e6.Qd2.f4	Richter-Rauzer Neo-Modern, f4	review	review
B.Sic.Cls.Rch.e6.Qd2.O-O-O	Richter-Rauzer Neo-Modern, Be7	review	review
B.Sic.Cls.Rch.e6.Qd2.Bxf6	Richter-Rauzer Neo-Modern, Nyezhmetdinov Attack	review	review
B.Sic.OKn.Nf6.Nc3.g6.Bg7	Sicilian Modern Dragon Prefix, Bg7	review	review
B.Sic.OKn.Nf6.Nc3.g6.O-O	Sicilian Modern Dragon Prefix, O-O	review	review
B.Sic.OKn.Nf6.Nc3.g6.Qd2	Sicilian Modern Dragon Prefix, Battery Line	review	review
B.Sic.OKn.Nf6.Nc3.g6.Nc6	Sicilian Modern Dragon Prefix, Nc6	review	review
B.Sic.OKn.Nf6.Nc3.g6.Nb3	Sicilian Modern Dragon Prefix, Normal Line	review	review
B.Sic.Dra.Be3.Bg7.Be2.Nb3	Dragon Be3 Classical, Nb3	review	review
B.Sic.Dra.Be3.Bg7.Be2.Ams	Dragon Be3 Classical, Amsterdam Variation	review	review
B.Sic.Dra.Be3.Bg7.Be2.Gri	Dragon Be3 Classical, Grigoriev Variation	review	review
B.Sic.Dra.Cls.Nrm.f4.d5	Classical Dragon Normal f4, Bernard Defence	review	review
B.Sic.Dra.Cls.Nrm.f4.Bd3	Classical Dragon Normal f4, Spielmann Variation	review	review
B.Sic.Dra.Cls.Nrm.f4.g4	Classical Dragon Normal f4, Stockholm Attack	review	review
B.Fre.Adv.c5.c3.Nc6.Bd7	French Advance, Euwe Variation	review	review
B.Fre.Adv.c5.c3.Nc6.Qb6	French Advance, Main Line	descriptor	editorial_leaf_token
B.Fre.Adv.c5.c3.Nc6.Nh6	French Advance, Lputian Variation	review	review
B.Fre.Adv.c5.c3.Nc6.Be3	French Advance, Kupreichik Variation	review	review
B.Fre.Adv.c5.Nf3.cxd4.Bd3	French Advance, Ruisdonk Gambit	review	review
B.Fre.Tar.Cls.MLn.Bd3.b6	French Tarrasch Closed Bd3, Botvinnik Variation	review	review
B.Fre.Tar.Cls.MLn.Bd3.Nc6	French Tarrasch Closed Bd3, Closed Variation	review	review
B.Fre.Tar.Cls.MLn.Bd3.MLn	French Tarrasch Closed Bd3, Main Line	descriptor	editorial_leaf_token
B.Fre.Tar.Cls.MLn.Bd3.Len	French Tarrasch Closed Bd3, Leningrad Variation	review	review
B.Fre.Stn.MLn.f4.c5.Nc6	French Steinitz dxc5, Nc6	review	review
B.Fre.Stn.MLn.f4.c5.Qg4	French Steinitz, Bradford Attack	review	review
B.Fre.Stn.MLn.f4.c5.f6	French Steinitz, Brodsky-Jones Variation	review	review
B.Fre.Stn.MLn.f4.c5.Be3	French Steinitz, Boleslavsky Variation	review	review
B.Fre.Cls.exd5.exd5.Bg5.Nc6	French Exchange Svenonius, Bogoljubow Variation	review	review
B.Fre.Win.Adv.MLn.Ne7.Qc7	Winawer Advance Ne7, Bd3 Qc7	review	review
B.Fre.Win.Adv.MLn.Ne7.Nbc6	Winawer Advance Ne7, Bd3 Nbc6	review	review
B.Fre.Win.Adv.Pos.Qa5.c4	French Winawer Positional Qa5, c4	review	review
B.Fre.Win.Psn.MLn.Ne2	Winawer Poisoned Pawn Main Line, Ne2	review	review
B.Nim.ScD.Nc3.dxe4.d5.Ne5	Nimzowitsch Gambit, Ne5 Line	review	review
B.Nim.ScD.Nc3.dxe4.d5.Nb8	Nimzowitsch Gambit, Richter Line	review	review
B.Sic.Win.cxb4.a3.d5.Qxd5	Sicilian Wing Gambit d5, Qxd5	review	review
B.Ale.Chs.Nd5.Bc4.e6	Alekhine Hunt Variation, e6 Line	review	review
B.Ale.Chs.Nd5.Bc4.e6.Nc3	Alekhine Hunt Variation e6, Nc3	review	review
B.CaK.Cls.Spd.Nd7.h5	Caro-Kann Classical Spassky, h5 Line	review	review
B.CaK.Cls.Spd.Nd7.h5.Bd3	Caro-Kann Classical Spassky h5, Bd3	review	review
B.Fre.Adv.Mil.MLn.O-O	French Advance Milner-Barry Main Line, O-O	review	review
B.Fre.Adv.Mil.MLn.Bd7	French Advance Milner-Barry Main Line, Bd7	review	review
B.Fre.Adv.Mil.MLn.Sor	French Advance Milner-Barry, Sorensen Variation	review	review
B.Fre.Cls.MLn.e5.Ng8	French Classical Main Line e5, Vistaneckis Variation	review	review
B.Fre.Cls.MLn.e5.Ne4	French Classical Main Line e5, Tartakower Variation	review	review
B.Fre.Cls.MLn.e5.Ng8.Be3	French Classical Vistaneckis, Frankfurt Variation	review	review
B.Fre.Win.Psn.MLn.Bd3	French Winawer Poisoned Pawn Main Line, Bd3	review	review
B.Fre.Win.Adv.MLn.Nc6	French Winawer Advance Main Line, Nbc6	review	review
B.Fre.Win.Adv.MLn.Nc6.Qa5	French Winawer Advance Nbc6, Qa5	review	review
C.RyL.Mor.Opn.MLn.Opn	Ruy López Open, c3 Line	review	review
C.RyL.Mor.Opn.MLn.Ber	Ruy López, Open, Berlin Variation	review	review
C.RyL.Mor.Opn.MLn.Brn	Ruy López, Open, Bernstein Variation	review	review
C.RyL.Mor.Opn.MLn.Lut	Ruy López, Open, Bernstein Variation, Luther Line	review	review
C.RyL.Mor.Opn.MLn.Brs	Ruy López, Open, Breslau Variation	review	review
C.RyL.Mor.Opn.MLn.Cls	Ruy López, Open, Classical Defence	review	review
C.RyL.Mor.Opn.MLn.Ita	Ruy López, Open, Italian Variation	review	review
C.RyL.Mor.Opn.MLn.Krp	Ruy López, Open, Karpov Gambit	review	review
C.RyL.Mor.Opn.MLn.Mlk	Ruy López, Open, Malkin Variation	review	review
C.RyL.Mor.Opn.MLn.Mot	Ruy López, Open, Motzko Attack	review	review
C.RyL.Mor.Opn.MLn.Nen	Ruy López, Open, Motzko Attack, Nenarokov Variation	review	review
C.RyL.Mor.Opn.MLn.StP	Ruy López, Open, St. Petersburg Variation	review	review
C.RyL.Mor.Opn.MLn.Tar	Ruy López, Open, Tarrasch Trap	review	review
C.RyL.Mor.Ba4.Nf6.O-O.Cls	Ruy López Closed, Re1 b5 Line	review	review
C.RyL.Mor.Ba4.Nf6.O-O.Avb	Ruy López, Closed, Averbakh Variation	review	review
C.RyL.Mor.Ba4.Nf6.O-O.Bas	Ruy López, Closed, Basque Gambit	review	review
C.RyL.Mor.Ba4.Nf6.O-O.Cen	Ruy López, Closed, Center Attack	review	review
C.RyL.Mor.Ba4.Nf6.O-O.Ba2	Ruy López, Closed, Center Attack, Basque Gambit	review	review
C.RyL.Mor.Ba4.Nf6.O-O.DEx	Ruy López, Closed, Delayed Exchange	review	review
C.RyL.Mor.Ba4.Nf6.O-O.Mrt	Ruy López, Closed, Martinez Variation	review	review
C.RyL.Mor.Ba4.Nf6.O-O.Mor	Ruy López, Closed, Morphy Attack	review	review
C.RyL.Mor.Ba4.Nf6.O-O.Trj	Ruy López, Closed, Trajkovic Counterattack	review	review
C.RyL.Mor.Ba4.Nf6.O-O.Wor	Ruy López, Closed, Worrall Attack	review	review
C.RyL.Mor.Ba4.Nf6.O-O.Cst	Ruy López, Closed, Worrall Attack, Castling Line	review	review
C.RyL.Mor.Ba4.Nf6.O-O.Dly	Ruy López, Closed, Worrall Attack, Delayed Castling Line	review	review
C.KGm.Acc.Nf3.KKn.Bc4.Aus	King's Gambit Accepted, Australian Gambit	review	review
C.KGm.Acc.Nf3.KKn.Bc4.GKG	King's Gambit Accepted, Ghulam-Kassim Gambit	review	review
C.KGm.Acc.Nf3.KKn.Bc4.Ktv	King's Gambit Accepted, Kotov Gambit	review	review
C.KGm.Acc.Nf3.KKn.Bc4.Lol	King's Gambit Accepted, Lolli Gambit	review	review
C.KGm.Acc.Nf3.KKn.Bc4.Yng	King's Gambit Accepted, Lolli Gambit, Young Variation	review	review
C.KGm.Acc.Nf3.KKn.Bc4.McD	King's Gambit Accepted, McDonnell Gambit	person	attributed_to
C.KGm.Acc.Nf3.KKn.Bc4.Slv	King's Gambit Accepted, Salvio Gambit	review	review
C.KGm.Acc.Nf3.KKn.Bc4.And	King's Gambit Accepted, Salvio Gambit, Anderssen Counterattack	review	review
C.KGm.Acc.Nf3.KKn.Bc4.Coc	King's Gambit Accepted, Salvio Gambit, Cochrane Gambit	review	review
C.KGm.Acc.Nf3.KKn.Bc4.SMa	King's Gambit Accepted, Salvio Gambit, Santa Maria Defence	review	review
C.KGm.Acc.Nf3.KKn.Bc4.Sil	King's Gambit Accepted, Salvio Gambit, Silberschmidt Defence	review	review
C.KGm.Acc.Nf3.KKn.Bc4.Vns	King's Gambit Accepted, Salvio Gambit, Viennese Variation	review	review
C.KGm.Acc.Nf3.KKn.Bc4.Slb	King's Gambit Accepted, Silberschmidt Gambit	review	review
C.Ita.Evn.Acc.Fra	Italian, Evans Gambit, Fraser Attack	review	review
C.Ita.Evn.Acc.FrM	Italian, Evans Gambit, Fraser-Mortimer Attack	review	review
C.Ita.Evn.Acc.Gor	Italian, Evans Gambit, Göring Attack	review	review
C.Ita.Evn.Acc.Hrd	Italian, Evans Gambit, Harding Variation	review	review
C.Ita.Evn.Acc.Mcd	Italian, Evans Gambit, McDonnell Defence, Main Line	descriptor	editorial_leaf_token
C.Ita.Evn.Acc.Mrt	Italian, Evans Gambit, Mortimer-Evans Gambit	review	review
C.Ita.Evn.Acc.Pau	Italian, Evans Gambit, Paulsen Variation	review	review
C.Ita.Evn.Acc.St2	Italian, Evans Gambit, Steinitz Variation	review	review
C.Ita.Evn.Acc.Ulv	Italian, Evans Gambit, Ulvestad Variation	review	review
C.Ita.Two.Ng5.Pol.Bb5.Two	Two Knights Polerio, Be2 Line	review	review
C.Ita.Two.Ng5.Pol.Bb5.Blk	Italian, Two Knights Defence, Blackburne Variation	review	review
C.Ita.Two.Ng5.Pol.Bb5.Col	Italian, Two Knights Defence, Colman Variation	review	review
C.Ita.Two.Ng5.Pol.Bb5.Kno	Italian, Two Knights Defence, Knorre Variation	review	review
C.Ita.Two.Ng5.Pol.Bb5.Pao	Italian, Two Knights Defence, Paoli Variation	review	review
C.Ita.Two.Ng5.Pol.Bb5.Bog	Italian, Two Knights Defence, Polerio Defence, Bogoljubow Variation	review	review
C.Ita.Two.Ng5.Pol.Bb5.Grn	Italian, Two Knights Defence, Polerio Defence, Göring Variation	review	review
C.Ita.Two.Ng5.Pol.Bb5.Suh	Italian, Two Knights Defence, Polerio Defence, Suhle Defence	review	review
C.Ita.Two.Ng5.Pol.Bb5.Stn	Italian, Two Knights Defence, Steinitz Variation	review	review
C.Vie.Nc6.HAg	Vienna Gambit Max Lange, Hamppe-Allgaier Gambit	review	review
C.Vie.Nc6.Alp	Vienna Gambit Max Lange, Hamppe-Allgaier Gambit, Alapin Variation	review	review
C.Vie.Nc6.Thr	Vienna Gambit Max Lange, Hamppe-Allgaier Gambit, Thorold Variation	review	review
C.Vie.Nc6.HMz	Vienna Gambit Max Lange, Hamppe-Muzio Gambit	review	review
C.Vie.Nc6.Prc	Vienna Gambit Max Lange, Pierce Gambit	review	review
C.Vie.Nc6.HM2	Vienna, Hamppe-Muzio Gambit	review	review
C.Vie.Nc6.Dub	Vienna, Hamppe-Muzio, Dubois Variation	review	review
C.Vie.Nc6.Rus	Vienna, Pierce Gambit, Rushmere Attack	review	review
C.KGm.Dec.Fal.MLn.Alp	King's Gambit Declined, Falkbeer Countergambit, Alapin Variation	review	review
C.KGm.Dec.Fal.MLn.Cha	King's Gambit Declined, Falkbeer Countergambit, Charousek Gambit	review	review
C.KGm.Dec.Fal.MLn.Chr	King's Gambit Declined, Falkbeer Countergambit, Charousek Gambit Accepted	review	review
C.KGm.Dec.Fal.MLn.Ker	King's Gambit Declined, Falkbeer Countergambit, Charousek Gambit, Keres Variation	review	review
C.KGm.Dec.Fal.MLn.Ch2	King's Gambit Declined, Falkbeer Countergambit, Charousek Gambit, Main Line	descriptor	editorial_leaf_token
C.KGm.Dec.Fal.MLn.Old	King's Gambit Declined, Falkbeer Countergambit, Charousek Gambit, Old Line	review	review
C.KGm.Dec.Fal.MLn.ChV	King's Gambit Declined, Falkbeer Countergambit, Charousek Variation	review	review
C.KGm.Dec.Fal.MLn.Tar	King's Gambit Declined, Falkbeer Countergambit, Tarrasch Variation	review	review
C.Ita.Giu.Mol.MLn.Grc	Italian, Classical Variation, Greco Gambit, Greco Variation	review	review
C.Ita.Giu.Mol.MLn.Gr2	Italian, Classical Variation, Greco Gambit, Main Line	descriptor	editorial_leaf_token
C.Ita.Giu.Mol.MLn.Mll	Italian, Classical Variation, Greco Gambit, Møller-Bayonet Attack	review	review
C.Ita.Giu.Mol.MLn.Ml2	Italian, Classical Variation, Greco Gambit, Møller-Therkatz Attack	review	review
C.Ita.Giu.Mol.MLn.Atk	Italian, Giuoco Piano, Aitken Variation	review	review
C.Ita.Giu.Mol.MLn.Brn	Italian, Giuoco Piano, Bernstein Variation	review	review
C.Ita.Giu.Mol.MLn.Stn	Italian, Giuoco Piano, Steinitz Variation	review	review
C.Ita.Giu.Mol.MLn.Thr	Italian, Giuoco Piano, Therkatz-Herzog Variation	review	review
C.Pet.Cls.Bd3.Nc6.O-O.Brg	Petrov, Classical Attack, Berger Variation	review	review
C.Pet.Cls.Bd3.Nc6.O-O.Chg	Petrov, Classical Attack, Chigorin Variation	review	review
C.Pet.Cls.Bd3.Nc6.O-O.Brw	Petrov, Classical Attack, Chigorin Variation, Browne Attack	review	review
C.Pet.Cls.Bd3.Nc6.O-O.Ch2	Petrov, Classical Attack, Chigorin Variation, Main Line	descriptor	editorial_leaf_token
C.Pet.Cls.Bd3.Nc6.O-O.Jae	Petrov, Classical Attack, Jaenisch Variation	review	review
C.Pet.Cls.Bd3.Nc6.O-O.Kra	Petrov, Classical Attack, Krause Variation	review	review
C.Pet.Cls.Bd3.Nc6.O-O.Mrc	Petrov, Classical Attack, Maróczy Variation	review	review
C.Fou.Spa.Dbl.MLn.Sym	Four Knights, Spanish Variation, Symmetrical Variation	review	review
C.Fou.Spa.Dbl.MLn.Blk	Four Knights, Spanish Variation, Symmetrical Variation, Blake Variation	review	review
C.Fou.Spa.Dbl.MLn.Met	Four Knights, Spanish Variation, Symmetrical Variation, Metger Unpin	review	review
C.Fou.Spa.Dbl.MLn.Tar	Four Knights, Spanish Variation, Symmetrical Variation, Tarrasch Variation	review	review
C.KGm.Acc.Muz.MLn.Dbl	King's Gambit Accepted, Double Muzio Gambit	review	review
C.KGm.Acc.Muz.MLn.Bld	King's Gambit Accepted, Double Muzio Gambit, Baldwin Gambit	review	review
C.KGm.Acc.Muz.MLn.Bll	King's Gambit Accepted, Double Muzio Gambit, Bello Gambit	review	review
C.KGm.Acc.Muz.MLn.Pls	King's Gambit Accepted, Double Muzio Gambit, Paulsen Defence	review	review
C.KGm.Acc.Muz.MLn.Yng	King's Gambit Accepted, Double Muzio Gambit, Young Gambit	review	review
C.KGm.Acc.All.MLn.Thr	King's Gambit Accepted, Allgaier Gambit, Thorold Attack	review	review
C.KGm.Acc.All.MLn.Urs	King's Gambit Accepted, Allgaier Gambit, Urusov Attack	review	review
C.KGm.Acc.All.MLn.Blc	King's Gambit Accepted, Allgaier, Blackburne Gambit	review	review
C.KGm.Acc.All.MLn.Coo	King's Gambit Accepted, Allgaier, Cook Variation	review	review
C.KGm.Acc.All.MLn.Hrn	King's Gambit Accepted, Allgaier, Horny Defence	review	review
C.KGm.Acc.All.MLn.Ur2	King's Gambit Accepted, Allgaier, Urusov Attack	review	review
C.Ita.Two.Opn.MLn.O-O.And	Italian, Scotch Gambit, Anderssen Attack	review	review
C.Ita.Two.Opn.MLn.O-O.An2	Italian, Scotch Gambit, Anderssen Attack, Main Line	descriptor	editorial_leaf_token
C.Ita.Two.Opn.MLn.O-O.Cnl	Italian, Scotch Gambit, Canal Variation	review	review
C.Ita.Two.Opn.MLn.O-O.Nkh	Italian, Scotch Gambit, Nakhmanson Gambit	review	review
C.Ita.Two.Opn.MLn.O-O.Yrd	Italian, Two Knights Defence, Yurdansky Attack	review	review
C.Vie.Nc6.Frs	Vienna Gambit Max Lange, Steinitz Gambit, Fraser-Minckwitz Defence	review	review
C.Vie.Nc6.Pls	Vienna Gambit Max Lange, Steinitz Gambit, Paulsen Defence	review	review
C.Vie.Nc6.Srn	Vienna Gambit Max Lange, Steinitz Gambit, Sörensen Defence	review	review
C.Vie.Nc6.Zkr	Vienna Gambit Max Lange, Steinitz Gambit, Zukertort Defence	review	review
C.KGm.Acc.Kie.MLn.Bc4.And	King's Gambit Accepted, Kieseritzky Gambit, Anderssen Defence	review	review
C.KGm.Acc.Kie.MLn.Bc4.An2	King's Gambit Accepted, Kieseritzky Gambit, Anderssen-Cordel Gambit	review	review
C.KGm.Acc.Kie.MLn.Bc4.Pls	King's Gambit Accepted, Kieseritzky Gambit, Paulsen Defence Deferred	review	review
C.KGm.Acc.Kie.MLn.Bc4.Ric	King's Gambit Accepted, Kieseritzky Gambit, Rice Gambit	review	review
C.KGm.Acc.Kie.MLn.Bc4.Ri2	King's Gambit Accepted, Kieseritzky, Rice Gambit	review	review
C.Ita.Evn.Dec.Hck	Italian, Evans Gambit Declined, Hicken Variation	review	review
C.Ita.Evn.Dec.Hrs	Italian, Evans Gambit Declined, Hirschbach Variation	review	review
C.Ita.Evn.Dec.Lng	Italian, Evans Gambit Declined, Lange Variation	review	review
C.Ita.Evn.Dec.Pvl	Italian, Evans Gambit Declined, Pavlov Variation	review	review
D.Sla.Sem	Slav, Semmering Variation	review	review
D.Sla.Spl	Slav, Spielmann Variation	review	review
D.Sla.Stw	Slav, Stonewall Variation	review	review
D.Sem.Qui	Semi-Slav, Quiet Variation	review	review
D.Sem.Qui.Nbd7	Semi-Slav Quiet, Nbd7 Line	review	review
D.Sem.Bg5.Bot.Alt	Semi-Slav Botvinnik, Alatortsev System	review	review
D.Sem.Bg5.Bot.Lil	Semi-Slav Botvinnik, Lilienthal Variation	review	review
D.Sem.Bg5.Bot.Sza	Semi-Slav Botvinnik, Szabo Variation	review	review
D.Sem.Mer.Blu	Semi-Slav Meran, Blumenfeld Variation	review	review
D.Sem.Mer.Rab.Ng4	Semi-Slav Meran Rabinovich, Ng4 Line	review	review
D.Sem.Mer.Soz	Semi-Slav Meran, Sozin Variation	review	review
D.Sem.Mer.Soz.O-O	Semi-Slav Meran Sozin, Castled Line	review	review
D.Sem.Mer.Rls	Semi-Slav Meran, Rellstab Attack	review	review
D.Sem.Mer.Sta	Semi-Slav Meran, Stahlberg Variation	review	review
D.QGD.Ort.Cls	QGD Orthodox, Classical Variation	review	review
D.QGD.Ort.Cls.Qb1	QGD Orthodox Classical, Qb1 Line	review	review
D.QGD.Ort.Cls.Qc2	QGD Orthodox Classical, Qc2 Line	review	review
D.QGD.Ort.Cls.dxe5	QGD Orthodox Classical, Main Exchange	review	review
D.Cat.Cls.Qc2.Bf4	Catalan Closed Qc2, Bf4 Line	review	review
D.Cat.Cls.Qc2.Bf4.Bb7	Catalan Closed Bf4, Bb7 Line	review	review
D.Cat.Cls.Qc2.Bf4.MLn	Catalan Closed Bf4, Main Line	descriptor	editorial_leaf_token
D.Cat.Cls.Qc2.Bf4.Ret	Catalan Closed Bf4, Bogo Retreat Transposition	review	review
D.Cat.Cls.Qc2.Bf4.Ba6	Catalan Closed Bf4, Ba6 Line	review	review
D.Bgm.Acc.Tei.Cie	Blackmar-Diemer Teichmann, Ciesielski Variation	review	review
D.Bgm.Acc.Tei.Cls	Blackmar-Diemer Teichmann, Classical Variation	review	review
D.Bgm.Acc.Tei.Sei	Blackmar-Diemer Teichmann, Seidel-Hall Attack	review	review
D.QPG.Zuk.Nf6.e3.Bf5	Zukertort Queen's Pawn, Anti-Colle	review	review
D.QPG.Zuk.Nf6.e3.g6	Zukertort Queen's Pawn, Grünfeld Formation	review	review
D.Sla.Sou	Slav, Soultanbeieff Variation	review	review
D.Sla.TSt	Slav Two Knights, Steiner Variation	review	review
D.Sla.Not.Abr	Slav Noteboom, Abrahams Variation	review	review
D.Sla.Not.Abr.a5	Semi-Slav Noteboom Abrahams, a5 Line	review	review
D.Sla.Not.Jun	Semi-Slav Noteboom, Junge Variation	review	review
D.Sla.Not.Koo	Semi-Slav Noteboom, Koomen Variation	review	review
D.Tar.Cls.Cha	Tarrasch Classical, Chandler Variation	review	review
D.Tar.Cls.Spa	Tarrasch Classical, Spassky Variation	review	review
D.Tar.Cls.Bg5.MLn	Tarrasch Classical Bg5, Main Line	descriptor	editorial_leaf_token
D.QGD.Har.Qc2	QGD Harrwitz Attack, Qc2 Line	review	review
D.QGD.Har.Qc2.Rd1	QGD Harrwitz Qc2, Rd1 Line	review	review
D.QGD.Har.Qc2.O-O-O	QGD Harrwitz Qc2, O-O-O Line	review	review
D.Sem.AMe.Sto.Bb2	Semi-Slav Stoltz, Bb2 Line	review	review
D.Sem.AMe.Chi	Semi-Slav Anti-Meran, Chigorin Defence	review	review
D.Sem.AMe.Chi.Qe7	Semi-Slav Anti-Meran Chigorin, Qe7 Line	review	review
D.QGD.Lsk.Ber	QGD Lasker, Bernstein Variation	review	review
D.QGD.Lsk.Ber.MdP	QGD Lasker Bernstein, Mar del Plata Gambit	review	review
D.QGD.Lsk.Mai	QGD Lasker, Main Line Capture	review	review
D.QGD.Tar.Exc	QGD Tartakower, Exchange Variation	review	review
D.QGD.Tar.Exc.Nxd5	QGD Tartakower Exchange, Nxd5 Line	review	review
D.QGD.Tar.Exc.Mak	QGD Tartakower Exchange, Makogonov Line	review	review
D.QGD.Ort.Rau	QGD Orthodox, Rauzer Variation	review	review
D.QGD.Ort.Rub.Flo	QGD Orthodox Rubinstein, Flohr Line	review	review
D.QGD.Ort.Hne.Sws	QGD Orthodox Henneberger, Swiss Carlsbad Variation	review	review
D.QGD.Ort.Rc1	QGD Orthodox, Rc1 Line	review	review
D.QGD.Ort.Rc1.b6	QGD Orthodox Rc1, Capablanca b6 Line	review	review
D.QGD.Ort.Rc1.Pil	QGD Orthodox Rc1, Pillsbury Variation	review	review
D.QGD.Ort.Rc1.c6	QGD Orthodox Rc1, c6 Line	review	review
D.QGD.Ort.Rc1.c6.a3	QGD Orthodox Rc1 c6, Rubinstein a3 Line	review	review
D.QGD.Ort.Rc1.c6.Bd3	QGD Orthodox Rc1 c6, Bd3 Line	review	review
D.Cat.Cls.Qc2.Trd	Catalan Closed Qc2, Traditional Variation	review	review
D.Cat.Cls.Qc2.Sok	Catalan Closed Qc2, Sokolsky Variation	review	review
C.KPO.Prt.Mig	Portuguese Opening, Miguel Gambit	review	review
C.KPO.Prt.Por	Portuguese Opening, Portuguese Gambit	review	review
C.Bsh.Lew.Wal	Bishop's Opening, Lewis Countergambit, Walker Variation	review	review
C.Vie.Gbt.Fal.Mor	King's Gambit Declined, Falkbeer Countergambit, Charousek Gambit, Morphy Defence	review	review
C.Vie.Gbt.Fal.Ste	Vienna Gambit, Steinitz Variation	review	review
C.Vie.Gbt.Fal.MLn.Nf3.Kau	Vienna Gambit, Kaufmann Variation	review	review
C.Ele.Mar	Elephant Gambit, Maróczy Gambit	review	review
C.Ele.Was	Elephant Gambit, Wasp Variation	review	review
C.Pon.Rom	Ponziani Opening, Romanishin Variation	review	review
C.Pon.Ret	Ponziani Opening, Réti Variation	review	review
C.Pon.Ste.Spa	Ponziani Opening, Spanish Variation	review	review
C.Pon.Ste.Nik	Ponziani Opening, Spanish Variation, Harrwitz Attack, Nikitin Gambit	review	review
C.Pon.CGm.MLn.Sch	Ponziani Opening, Ponziani Countergambit, Schmidt Attack	review	review
C.Pon.Ste.MLn.Car	Ponziani Opening, Caro Gambit	review	review
C.Pon.Ste.MLn.Leo	Ponziani Opening, Leonhardt Variation	review	review
C.Thr.Sch	Three Knights Opening, Schlechter Variation	review	review
C.Thr.Stn.Ste	Three Knights Opening, Steinitz-Rosenthal Variation	review	review
C.Ita.Pia.Dub	Italian, Giuoco Pianissimo, Dubois Variation	review	review
C.Ita.Pia.Luc	Italian, Giuoco Pianissimo, Lucchini Gambit	review	review
C.Ita.Pia.Nf6.Can	Italian, Giuoco Pianissimo, Canal Variation	review	review
C.Ita.Pia.Nf6.Ita	Italian, Giuoco Pianissimo, Italian Four Knights Variation	review	review
C.Ita.Pia.Nf6.MLn.Mai	Italian, Classical Variation, Giuoco Pianissimo, Main Line	descriptor	editorial_leaf_token
C.Ita.Pia.Nf6.MLn.A4A	Italian, Classical Variation, Giuoco Pianissimo, with a4 a5	review	review
C.Ita.Evn.Acc.Mcd.Mor	Italian, Evans Gambit, Morphy Attack	review	review
C.Ita.Evn.Dec.Hrs.Vas	Italian, Evans Gambit Declined, Vasquez Variation	review	review
C.Ita.Two.Ng5.Lol.Pin	Italian, Two Knights Defence, Pincus Variation	review	review
C.RyL.Ber.Nyh	Ruy López, Berlin Defence, Nyholm Attack	review	review
C.RyL.Ber.Hal	Ruy López, Halloween Attack	review	review
C.RyL.Ber.Wal.End.Ber	Ruy López, Berlin Defence, Berlin Wall	review	review
C.RyL.Mor.Opn.Hwl.How	Ruy López, Open Spanish, Howell Attack	review	review
C.RyL.Mor.Opn.Hwl.Eks	Ruy López, Open Spanish, Howell Attack, Ekstrom Variation	review	review
C.KGm.Acc.Kie.Qe7.Coz	King's Gambit Accepted, Kieseritzky, Salvio Defence, Cozio Variation	review	review
C.KGm.Acc.Nf3.Mac.Bla	King's Gambit Accepted, Blachly Gambit	review	review
C.KGm.Dec.Fal.MLn.And	King's Gambit Declined, Falkbeer Countergambit, Anderssen Attack	review	review
C.KGm.Dec.Fal.MLn.Rub	King's Gambit Declined, Falkbeer Countergambit, Rubinstein Variation	review	review
C.KGm.Acc.Bsh.Nf6.Nc3.Pau	King's Gambit Accepted, Bishop's Gambit, Paulsen Attack	review	review
C.KGm.Acc.Nf3.Cun.Ber.Ber	King's Gambit Accepted, Cunningham Defence, Bertin Gambit	review	review
C.KGm.Acc.Nf3.Fis.Gre.Gre	King's Gambit Accepted, Greco Gambit	review	review
C.KGm.Acc.Nf3.Fis.Gre.Sch	King's Gambit Accepted, Philidor Gambit, Schultz Variation	review	review
C.PhD.Han.Shi	Philidor Defence, Lion Variation, Shirov Gambit	review	review
C.PhD.Lio.Del	Philidor Defence, Lion Variation, Delayed Bishop Sacrifice	review	review
C.PhD.Lio.MLn.LCl	Philidor Defence, Lion Variation, Lion's Claw, with Bc4 and h6	review	review
C.PhD.Han.MLn.O-O.Lc6	Philidor Defence, Lion Variation, Lion's Claw, with Be2 and c6	review	review
C.PhD.Lio.MLn.O-O.Soz	Philidor Defence, Lion Variation, Sozin Variation	review	review
C.PhD.Exc.MLn.Be7.O-O.Ber	Philidor Defence, Berger Variation	review	review
C.Bsh.Urs.Pan	Bishop's Opening, Urusov Gambit, Panov Variation	review	review
C.Bsh.Nc6.Nc3.Sve	King's Gambit Declined, Classical, Svenonius Variation	review	review
C.Bsh.Urs.Kei.Kei	Bishop's Opening, Urusov Gambit, Keidansky Gambit	review	review
C.Vie.Nc6.Bc4.Nf6.Hro	Bishop's Opening, Vienna Hybrid, Hromádka Variation	review	review
C.RyL.ClD.Zai	Ruy López, Classical Defence, Zaitsev Variation	review	review
C.RyL.Coz.Pau	Ruy López, Cozio Defence, Paulsen Variation	review	review
C.RyL.Mor.Wor.MLn.Gru	Ruy López, Wormald Attack, Grünfeld Variation	review	review
C.RyL.Mor.Opn.MLn.Brn.Cla	Ruy López, Open Spanish, Classical Defence	review	review
C.Ita.Be7.Ben	Scotch Game, Benima Defence	review	review
C.Ita.Giu.Ita	Four Knights Game, Italian Variation	review	review
C.Ita.Giu.Grc.Ghu	Italian, Classical Variation, Ghulam-Kassim Variation	review	review
C.Ita.Giu.Mol.Cra	Italian, Giuoco Piano, Cracow Variation	review	review
C.Ita.Giu.Cls.MLn.Kra	Italian, Giuoco Piano, Krause Variation	review	review
C.Ita.Giu.Grc.MLn.And	Italian, Classical Variation, Greco Gambit, Anderssen Variation	review	review
C.Sco.Gor.Nc3.Sea	Scotch Game, Sea-Cadet Mate	review	review
C.Sco.Mie.Ste.Mai	Four Knights Game, Scotch Variation Accepted, Main Line	descriptor	editorial_leaf_token
C.Fou.Glk.MLn.Gle	Four Knights Game, Glek System	review	review
C.Fou.Spa.Cls.MLn.Bar	Four Knights Game, Spanish Variation, Bardeleben Variation	review	review
C.Fou.Spa.Rub.MLn.Mar	Four Knights Game, Spanish Variation, Rubinstein Variation, Marshall Gambit	review	review
C.Fou.Spa.Dbl.MLn.Met.Sym	Four Knights Game, Spanish Variation, Symmetrical Variation	review	review
C.Cen.Pau.MLn.Bb4.Bd2.Kup	Center Game, Kupreichik Variation	review	review
C.Dam.Dam	King's Pawn Game, Damiano Defence, Damiano Gambit	review	review
C.Dam.Nim.MLn.Chi	King's Pawn Game, Damiano Defence, Damiano Gambit, Chigorin Gambit	review	review
C.KPO.Kgt.MLn.Be2.Nf6.Inv	King's Pawn Game, Tayler Opening, Inverted Hanham	review	review
A.Hol.c4.Nf6.g3.e6.Bb4	Dutch Defence c4 Nf6 e6, Nimzo-Dutch Variation	review	review
A.Hol.c4.Nf6.g3.e6.Bd2	Dutch Nimzo-Dutch, Alekhine Retreat	review	review
A.Hol.Cls.c4	Dutch Classical, c4 Move Order	review	review
A.Hol.Cls.c4.Nh3	Dutch Classical c4, Blackburne Attack	review	review
A.Hol.Cls.c4.Nf3	Dutch Classical c4, Nf3	review	review
A.Hol.Cls.c4.Nf3.O-O	Dutch Classical c4 Nf3, Black Castles	review	review
A.Hol.Cls.c4.Nf3.Ne4	Dutch Classical c4, Alekhine Variation	review	review
A.Hol.Cls.c4.Nf3.d6	Dutch Classical c4, d6 Line	review	review
A.Hol.Cls.c4.Nf3.d6.Nc3	Dutch Classical c4 d6, Nc3	review	review
A.Hol.Cls.c4.Nf3.d6.a5	Dutch Classical, Buenos Aires Variation	review	review
A.Hol.Cls.c4.Nf3.d6.Ne4	Dutch Classical, Huisl Variation	review	review
A.Hol.Sto.c4	Dutch Stonewall, c4 Move Order	review	review
A.Hol.Sto.c4.Nc3	Dutch Stonewall c4, Nc3	review	review
A.Hol.Sto.c4.Nc3.c6	Dutch Stonewall c4 Nc3, c6	review	review
A.Hol.Sto.c4.Nc3.Bg5	Dutch Stonewall, Chekhover Variation	review	review
A.Eng.Sym.Nc3.Nc6.g3.Bg2	English Symmetrical Two Knights, Double Fianchetto	review	review
A.Eng.Sym.Nc3.Nc6.g3.e3	English Symmetrical Botvinnik Reversed, e3	review	review
A.Eng.Sym.Nc3.Nc6.g3.Nf3	English Symmetrical Three Knights, Fianchetto	review	review
A.Eng.Sym.Nc3.Nc6.g3.d6	English Symmetrical Botvinnik Reversed, d6	review	review
A.Eng.Sym.Nc3.Nc6.g3.Nge7	English Symmetrical Botvinnik Reversed, Nge7	review	review
A.Eng.Sym.Nc3.Nc6.g3.a3	English Symmetrical Botvinnik Reversed, a3	review	review
A.Eng.Sym.Nc3.Nc6.g3.d3	English Symmetrical Botvinnik Reversed, d3	review	review
A.Eng.Sym.Nc3.Nc6.g3.b3	English Symmetrical, Full Double Fianchetto	review	review
A.Eng.Rev.Nc3.Nc6.g3.Bg2	English Reversed Sicilian Closed, Double Fianchetto	review	review
A.Eng.Rev.Nc3.Nc6.g3.Rb1	English Closed, Hungarian Attack	review	review
A.Eng.Rev.Nc3.Nc6.g3.e3	English Closed, Taimanov e3 Line	review	review
A.Eng.Rev.Nc3.Nc6.g3.Be6	English Bremen-Hort Variation	review	review
A.Eng.Rev.Nc3.Nc6.g3.d3	English King's English, Closed System	review	review
A.Eng.Rev.Nc3.Nc6.g3.Nge2	English Closed, Nge2 Line	review	review
A.Eng.Rev.Nc3.Nc6.g3.Bg7	English Closed, Full Symmetry	review	review
A.Eng.Rev.Nc3.Nc6.g3.e4	English Closed, Botvinnik System	review	review
A.KIA.Bg2.c6.O-O.Bf5.h6	King's Indian Attack Bf5, h6 Line	review	review
A.KIA.Bg2.c6.O-O.Bf5.c4	King's Indian Attack Bf5, c4 Line	review	review
A.KIA.Bg2.c6.O-O.Bf5.e6	King's Indian Attack Bf5, e6 Line	review	review
A.KIA.Bg2.c6.O-O.Bf5.Nbd2	King's Indian Attack Bf5, Nbd2 Line	review	review
A.KIA.Bg2.c6.O-O.Bf5.Nh4	King's Indian Attack Bf5, Nh4 Line	review	review
A.Ret.Eng.Be7.O-O.O-O.c5	Réti English Double Castled, c5	review	review
A.Ret.Eng.Be7.O-O.O-O.e3	Réti English Double Castled, e3	review	review
A.Ret.Eng.Be7.O-O.O-O.d4	Réti English Double Castled, d4	review	review
A.Ret.Eng.Be7.O-O.O-O.Nc6	Réti English Double Castled, Nc6	review	review
A.Ret.Eng.Be7.O-O.O-O.c6	Réti Anglo-Slav Stonewall Line	review	review
A.Eng.Sym.Nf3.Nf6.Nc3.d4	English Symmetrical Four Knights, d4 Line	review	review
A.Eng.Sym.Nf3.Nf6.Nc3.g3	English Symmetrical Four Knights, Fianchetto	review	review
A.Eng.Sym.Nf3.Nf6.Nc3.O-O	English Symmetrical Four Knights, Mecking Setup	review	review
A.Eng.AIn.Nc3.d5.cxd5.g6	Anglo-Grünfeld Exchange, g6 after Nf3	review	review
A.Eng.AIn.Nc3.d5.cxd5.e5	Anglo-Grünfeld, Korchnoi Variation	review	review
A.Eng.AIn.Nc3.d5.cxd5.e6	Anglo-Indian Defence, c5 e6 Line	review	review
A.Eng.Rev.Fou.g3.Bc5.d6	English Four Knights Fianchetto, d6 Line	review	review
A.Eng.Rev.Fou.g3.Bc5.a6	English Four Knights Fianchetto, a6 Line	review	review
A.Eng.Rev.Fou.g3.Bc5.h6	English Four Knights Fianchetto, h6 Line	review	review
A.Eng.Rev.Fou.g3.Bc5.O-O	English Four Knights Fianchetto, Castled d6 Line	review	review
A.Ret.Ang.g3.Nf6.Bg2.O-O	Réti Anglo-Slav Bg2 Bf5, Castled d3 Line	review	review
A.Ret.Ang.MLn.Nf6.Nc3.Qc2	Réti Anglo-Slav Gurevich, Qc2 after Nbd7	review	review
A.Ret.Ang.MLn.Nf6.Nc3.b3	Réti Anglo-Slav Gurevich, b3 e5 Line	review	review
E.Ind.Cat.d5.Bg2.Be7.Nf3	Indian Catalan Closed, Nf3	review	review
E.QID.Euw.MLn.Bxd2.Ng5	QID Euwe, Monticelli Trap	review	review
E.Nim.Kas.b6.Bg5	Nimzo Kasparov b6, Bg5 Line	review	review
E.QID.Mod.Trd.Cap	QID Traditional, Capablanca Variation	review	review
E.QID.Euw.MLn.Riu	QID Euwe Main Line, Riumin Variation	review	review
E.Bog.WSm.MLn.Yat	Bogo-Indian Wade-Smyslov, Yates Variation	review	review
E.QID.Mod.Fch.Euw	QID Modern Fianchetto, Euwe b3 Line	review	review
E.QID.Mod.Fch.MLn.Trd	QID Modern Fianchetto, Traditional Main Line	review	review
E.Nim.Kas.c5.g3.O-O.Bg2	Nimzo Kasparov c5, Romanishin Fianchetto	review	review
E.Nim.Sml.Bot.MLn.Nxd5	Nimzo Sämisch Botvinnik, Nxd5 Line	review	review
E.Nim.Cls.O-O.a3.b5	Nimzo Classical Castled, Vitolins-Adorjan Gambit	review	review
E.Nim.Cls.d5.cxd5.e5	Nimzo Classical cxd5, Belyavsky Gambit	review	review
E.Nim.Cls.Bot.Mac	Nimzo Classical Botvinnik, Macieja System	review	review
E.Nim.Rub.O-O.Ne2.Sim	Nimzo Rubinstein Ne2, Simagin Variation	review	review
E.KID.Fch.Pan.MLn.Kor	KID Fianchetto Panno, Korchnoi Line	review	review
E.KID.Fch.Kav.Nc3.e5.b3	KID Fianchetto Kavalek, Double Fianchetto Attack	review	review
E.KID.Fch.Kav.Nc3.Hng	KID Fianchetto Kavalek, Hungarian Variation	review	review
E.KID.Fch.Yug.MLn.dxc5	KID Fianchetto Yugoslav, dxc5 Exchange	review	review
E.KID.Cls.Nrm.g3.Nge2	KID Classical Normal g3, Pomar System	review	review
E.KID.Avk.Cst.Bg5.Na6.Brg	KID Averbakh Na6, Burgess Line	review	review
E.KID.Avk.Cst.Bg5.a6	KID Averbakh Bg5, Spanish Defence	review	review
E.KID.Avk.Cst.Be3	KID Averbakh, Semi-Averbakh System	review	review
E.KID.Avk.Ben.MLn.e6	KID Averbakh Benoni, Main Line e6	review	review
E.KID.Fou.Dyn.MLn.Flo	KID Four Pawns Dynamic, Florentine Gambit	review	review
E.KID.Fou.O-O.Be2.c5.h4	KID Four Pawns Be2, Six Pawns Attack	review	review
E.KID.Sml.Cst.Be3.c5.Bxc5	KID Sämisch Be3, Gambit Accepted	review	review
E.KID.Sml.Pan.MLn.Rb8	KID Sämisch Panno, Rb8 Main Line	review	review
E.KID.Sml.Ort.MLn.cxd5	KID Sämisch Orthodox, cxd5 Main Line	review	review
E.KID.Cls.e5.O-O.Nbd7.O-O	KID Classical Nbd7, Positional Defence	review	review
E.KID.Cls.Mar.MLn.Koz	KID Mar del Plata, Kozul Gambit	review	review
E.KID.Cls.Mar.MLn.Neo	KID Mar del Plata, Neo-Classical Line	review	review
E.Ind.Cat.d5.Bg2.Be7.O-O	Indian Catalan Closed, Castled Main Line	review	review
E.Ind.Cat.d5.Bg2.Be7.Qc2	Indian Catalan Closed, Qc2 System	review	review
E.Nim.Rub.O-O.Nf3	Nimzo Rubinstein Castled, Nf3	review	review
E.Nim.Rub.O-O.Nf3.d5	Nimzo Rubinstein Nf3, Ragozin Variation	review	review
E.Nim.Rub.O-O.Nf3.d5.a3	Nimzo Rubinstein Ragozin, Sämisch Deferred	review	review
E.KID.Cls.Lrs	KID Classical, Larsen Variation	review	review
E.KID.Cls.Zin	KID Classical, Zinnowitz Variation	review	review
E.KID.Cls.Oth	KID Classical, Orthodox Development	review	review
E.KID.Cls.Oth.Na6	KID Classical Orthodox, Kazakh Variation	review	review
C.Ita.Two.Max.MLn.Acc	Italian Max Lange, Accepted Main Line	review	review
C.Ita.Two.Max.MLn.Lng	Italian Max Lange, Long Variation	review	review
C.Ita.Two.Max.MLn.Ber	Italian Max Lange, Berger Variation	review	review
C.Ita.Two.Max.MLn.Lom	Italian Max Lange, Loman Defence	review	review
C.Ita.Two.Max.MLn.Rub	Italian Max Lange, Rubinstein Variation	review	review
C.RyL.Ber.Rio.Qe2.Nd6.Cor	Berlin Rio Qe2, Cordel Variation	review	review
C.RyL.Ber.Rio.Qe2.Nd6.Pil	Berlin Rio Qe2, Pillsbury Variation	review	review
C.RyL.Ber.Rio.Qe2.Nd6.MLn	Berlin Rio Qe2, Main Line	descriptor	editorial_leaf_token
C.RyL.Ber.Rio.Qe2.Nd6.Win	Berlin Rio Qe2, Winawer Attack	review	review
C.RyL.Ber.Rio.Qe2.Nd6.Zuk	Berlin Rio Qe2, Zukertort Variation	review	review
C.Vie.Fal.MLn.Qh5.Nd6.Ada	Vienna Falkbeer, Adams Gambit	review	review
C.Vie.Fal.MLn.Qh5.Nd6.Alk	Vienna Stanley, Alekhine Variation	review	review
C.Vie.Fal.MLn.Qh5.Nd6.FrD	Vienna Stanley, Frankenstein-Dracula Variation	review	review
C.Vie.Fal.MLn.Qh5.Nd6.Mon	Vienna Stanley, Monster Declined	review	review
C.KGm.Acc.Bsh.Ble.Nc3.Fra	Bishop Gambit Bledow, Fraser Variation	review	review
C.KGm.Acc.Bsh.Ble.Nc3.Gri	Bishop Gambit Bledow, Grimm Attack	review	review
C.KGm.Acc.Bsh.Ble.Nc3.McD	Bishop Gambit Bledow, McDonnell Attack	review	review
C.KGm.Acc.Bsh.Ble.Nc3.Gtr	Bishop Gambit Bledow, g3 Line	review	review
C.KGm.Acc.Nf3.KKn.Bir	King Knight Gambit, Rosentreter Bird Gambit	review	review
C.KGm.Acc.Nf3.KKn.RSo	King Knight Gambit, Rosentreter Sorensen Gambit	review	review
C.KGm.Acc.Nf3.KKn.Tes	King Knight Gambit, Rosentreter Testa Variation	review	review
C.KGm.Acc.Nf3.KKn.Sor	King Knight Gambit, Sorensen Gambit	review	review
C.KGm.Acc.Nf3.KKn.Bc4.Han	King Knight Gambit Bc4, Hanstein Gambit	review	review
C.KGm.Acc.Nf3.KKn.Bc4.May	King Knight Gambit Bc4, Mayet Gambit	review	review
C.KGm.Acc.Nf3.KKn.Bc4.Phi	King Knight Gambit Bc4, Philidor Gambit	review	review
C.Pet.Cls.Bd3.Bd6.O-O.Mar	Petrov Classical Bd3, Marshall Trap	review	review
C.Pet.Cls.Bd3.Bd6.O-O.Chi	Petrov Classical Bd3, Chinese Gambit	review	review
C.Pet.Cls.Bd3.Bd6.O-O.Sta	Petrov Classical Bd3, Staunton Variation	review	review
C.Pet.Cls.Bd3.Bd6.O-O.Tar	Petrov Classical Bd3, Tarrasch Variation	review	review
C.Ita.Evn.Acc.Stn.O-O.AlS	Evans Accepted Steinitz, Alapin-Steinitz Variation	review	review
C.Ita.Evn.Acc.Stn.O-O.Las	Evans Accepted Steinitz, Lasker Defence	person	attributed_to
C.Ita.Evn.Acc.Stn.O-O.SaA	Evans Accepted Steinitz, Sanders-Alapin Variation	review	review
C.Ita.Evn.Acc.Stn.Lev	Evans Accepted Steinitz, Levenfish Variation	review	review
C.Ita.Evn.Acc.Stn.Sok	Evans Accepted Steinitz, Sokolsky Variation	review	review
C.Ita.Evn.Acc.Stn.Ttk	Evans Accepted Steinitz, Tartakower Attack	review	review
C.Ita.Giu.Eis	Italian Giuoco Piano, Eisinger Variation	review	review
C.Ita.Giu.Mes	Italian Giuoco Piano, Mestel Variation	review	review
C.Ita.Giu.Tar	Italian Giuoco Piano, Tarrasch Variation	review	review
C.Ita.Giu.GNd	Italian Giuoco Piano, Pianissimo Nbd2 Line	review	review
C.Ita.Giu.Alb	Italian Giuoco Piano, Albin Variation	review	review
C.Ita.Giu.Ga6	Italian Giuoco Piano, Pianissimo a6 Line	review	review
C.RyL.Ber.O-O.Ben	Berlin Defence Castled, Bernstein Variation	review	review
C.RyL.Ber.O-O.Shw	Berlin Defence Castled, Closed Showalter Variation	review	review
C.RyL.Ber.O-O.Wlf	Berlin Defence Castled, Wolf Variation	review	review
C.RyL.Ber.O-O.Hdg	Berlin Defence Castled, Hedgehog Variation	review	review
C.RyL.Ber.O-O.Wes	Berlin Defence Castled, Westerinen Line	review	review
C.RyL.Ber.O-O.Sho	Berlin Defence Castled, Showalter Variation	review	review
C.RyL.Ber.O-O.LHe	Berlin Defence Castled, l Hermet Variation	review	review
C.RyL.Mor.Ba4.Nf6.O-O.StD	Ruy López Morphy Castled, Steinitz Deferred	review	review
C.RyL.Mor.Ba4.Nf6.O-O.Bol	Ruy López Steinitz Deferred, Boleslavsky Variation	review	review
C.RyL.Mor.Ba4.Nf6.O-O.Lip	Ruy López Steinitz Deferred, Lipnitsky Variation	review	review
C.KGm.PPS	King Gambit Declined, Panteldakis Pawn Sacrifice Line	review	review
C.KGm.Shi	King Gambit Declined, Panteldakis Shirazi Line	review	review
C.KGm.Sym	King Gambit Declined, Panteldakis Symmetrical Variation	review	review
C.LtO.Gre.BrA	Latvian Main Line, Bronstein Attack	review	review
C.LtO.Gre.BrG	Latvian Main Line, Bronstein Gambit	review	review
C.LtO.Gre.Nim	Latvian Main Line, Nimzowitsch Attack	review	review
C.Sco.Hor	Scotch Game, Horwitz Attack	review	review
C.Sco.Blk	Scotch Horwitz, Blackburne Variation	review	review
C.Sco.Ros	Scotch Game, Rosenthal Variation	review	review
C.Fou.Spa.Dbl.MLn.Jan	Four Knights Double Spanish, Janowski Variation	review	review
C.Fou.Spa.Dbl.MLn.Svn	Four Knights Double Spanish, Svenonius Variation	review	review
C.Ita.Evn.Acc.Mor.MLn	Evans Accepted Morphy Compromised, Main Line	descriptor	editorial_leaf_token
C.Ita.Evn.Acc.Mor.Pot	Evans Accepted Morphy Compromised, Potter Variation	review	review
C.Ita.Two.O-O.Bc5.Hol	Italian Two Knights Castled, Holzhausen Attack	review	review
C.Ita.Two.O-O.Bc5.Ros	Italian Two Knights Castled, Rosentreter Variation	review	review
C.Ita.Two.O-O.Bc5.Bg5	Italian Two Knights Castled, Bg5 Line	review	review
C.Ita.Two.Ng5.Pol.Mar	Two Knights Polerio, Maróczy Variation	review	review
C.Ita.Two.Ng5.Pol.Yan	Two Knights Polerio, Yankovich Variation	review	review
C.RyL.Cls.Lut	Ruy López Closed, Lutikov Variation	review	review
C.RyL.Cls.Sue	Ruy López Closed, Suetin Variation	review	review
C.Ita.Pia.Nf6.MLn.Ba7	Giuoco Pianissimo Nf6 Main Line, Ba7 Line	review	review
C.Ita.Pia.Nf6.MLn.A4C	Giuoco Pianissimo Nf6 Main Line, a4 Castled Line	review	review
C.RyL.Mor.Ba4.Nf6.O-O.B5D	Ruy López Morphy Castled, b5 d6 Line	review	review
C.RyL.Mor.Ba4.Nf6.O-O.Wng	Ruy López Morphy Castled, Wing Attack	review	review
C.RyL.Mor.Ba4.Nf6.O-O.Rab	Ruy López Morphy Castled, Rabinovich Variation	review	review
C.RyL.Cls.AlG	Ruy López Closed, Alekhine Gambit	review	review
C.RyL.Cls.Bal	Ruy López Closed, Balla Variation	review	review
C.RyL.Cls.Leo	Ruy López Closed, Leonhardt Variation	review	review
C.RyL.Mar.MLn.MML	Ruy López Marshall, Modern Main Line	review	review
C.RyL.Mar.MLn.Spa	Ruy López Marshall, Spassky Variation	review	review
D.Bgm.Acc.Euw.Zil	Blackmar-Diemer Euwe, Zilbermints Gambit	review	review
D.Bgm.Acc.Gun.Sta	Blackmar-Diemer Gunderam, Stader Variation	review	review
D.Bgm.Cap.Nc3.Nf6.Bg5.Bf5	Blackmar-Diemer von Popiel, Zilbermints Variation	review	review
D.QGD.Exc.Bg5.Be7.e3.O-O	QGD Exchange Chameleon, Castled Line	review	review
D.QGD.Lsk.Bxe7.Qxe7.Qc2.Rfd1	QGD Lasker Russian, Rfd1 Line	review	review
D.STa.Exc.MLn.Nxd5.Bb4.O-O	Semi-Tarrasch Kmoch, Castled Line	review	review
D.STa.Exc.MLn.Nxd5.Bb4.Qa5	Semi-Tarrasch San Sebastian, Qa5 Line	review	review
D.STa.Pil.MLn.Nxd4.e5	Semi-Tarrasch Pillsbury, Krause Variation	review	review
D.Tar.Cls.Bg5.cxd4.Nxd4.Re8	Tarrasch Classical Nxd4, Petursson Variation	review	review
D.Tar.Prg.MLn.Nxd4.Bc5	Tarrasch Prague, Dubov Tarrasch	review	review
D.Sem.Bg5.Nbd7.e4	Semi-Slav Bg5 Nbd7, Alekhine Variation	review	review
D.Sem.Bg5.Nbd7.Bd2	Semi-Slav Bg5 Nbd7, Rochlin Variation	review	review
D.Sem.AMe.Bd6.e4.dxe4	Semi-Slav Anti-Meran Center, Mikhalchishin Line	review	review
D.Sem.Mar.MLn.Qxd4.Bxb4	Semi-Slav Marshall Tolush, Bxb4 Line	review	review
D.Sla.Nf3.Nf6.g3.dxc4	Slav Fianchetto, Modern Line	review	review
D.Sla.Not.a4.Bb4.e3.Bxc3	Noteboom Abrahams, Bxc3 Line	review	review
D.Sla.Qui.cxd5.cxd5.Nc3.e6	Slav Quiet Exchange, Amsterdam Variation	review	review
D.Sla.Qui.cxd5.cxd5.Qb3.Qc8	Slav Quiet Exchange, Landau Variation	review	review
D.QPG.Ver.c5.Bxf6.gxf6.e4	Veresov Malich, e4 Line	review	review
D.QPG.Zuk.Nf6.c4.b5	Zukertort Queen's Pawn, Zilbermints Countergambit	review	review
D.QPG.Zuk.c5.g3.cxd4	Zukertort Queen's Pawn, Chandler Gambit	review	review
D.QPG.Zuk.c6.Bg5.h6	Zukertort Levitsky, Euwe Modern Line	review	review
D.QPG.c4.c5.cxd5.Nf6.e4	Queen's Gambit Austrian, Haberditz Variation	review	review
E.Ben.Old.Adv.Nf6.Nf3.b5	Old Benoni Advance Nf3, Pseudo-Benko	review	review
E.Ben.Bnk.Acc.Nc3.axb5.Nb5	Benko Accepted Zaitsev, Nescafe Frappe Prefix	review	review
E.Ben.Bnk.Acc.Nc3.axb5.Bc4	Benko Accepted Zaitsev, Nescafe Frappe Attack	review	review
E.Ben.Bnk.Acc.MLn.Bxa6.g3	Benko Accepted Bxa6, Fianchetto	review	review
E.Ben.Bnk.Acc.MLn.Bxa6.Nd2	Benko Accepted Bxa6, Nd2	review	review
E.Ben.Bnk.Acc.MLn.Bxa6.e4	Benko Accepted Bxa6, Yugoslav	review	review
E.Ben.Mod.Fou.Mik	Modern Benoni Four Pawns, Mikėnas	review	review
E.Ben.Mod.Fou.MLn.Re8	Modern Benoni Four Pawns Main Line, Re8	review	review
E.Ben.Mod.Cls.Trd	Modern Benoni Classical, Traditional Variation	review	review
E.Ben.Mod.Cls.MLn.a6.Bg4	Modern Benoni Classical a6, Argentine Counterattack	review	review
E.Gru.Pac	Grünfeld Defence, Pachman Variation	review	review
E.Gru.Bg5.Ne4.Lun	Grünfeld Stockholm, Lundin Variation	review	review
E.Gru.Thr.e3.O-O.Bd2	Grünfeld Three Knights e3, Opočenský	review	review
E.Gru.Thr.e3.O-O.Qb3.e6	Grünfeld Three Knights Qb3, Botvinnik	review	review
E.Gru.Exc.SeV.Bc4.c5.Bxf7	Grünfeld Exchange Seville, Bxf7 Sacrifice	review	review
E.Gru.Exc.SeV.Bc4.c5.cxd4	Grünfeld Exchange Seville, Spassky Main Line	review	review
E.Gru.Exc.SeV.Bc4.c5.Be6	Grünfeld Exchange Seville, Spassky Be6	review	review
E.Gru.Exc.SeV.Bc4.c5.d5	Grünfeld Exchange Seville, Sokolsky	review	review
E.Nim.Rub.StP.MLn.Nf3.Qe7	Nimzo St. Petersburg Nf3, Qe7	review	review
E.Nim.Kas.b6.e3.Ne4.O-O	Nimzo St. Petersburg Ne4, Castled	review	review
E.Nim.Rub.Cls.Nf3.Nc6.dxc4	Nimzo Ragozin, dxc4	review	review
E.KID.Fou.O-O.Nf3.c5.Be3	KID Four Pawns Fluid, Exchange Variation	review	review
E.KID.Sml.Ort.d5.Nh5.Ke2	KID Sämisch Orthodox Bronstein, Ke2	review	review
E.KID.Sml.Ort.d5.Nh5.Nxc4	KID Sämisch Orthodox Bronstein, Nxc4	review	review
E.KID.Cls.Mar.MLn.f3.g4	KID Mar del Plata f3, Benko Attack	review	review
A.And.Shy	Anderssen Opening, Shy Attack	review	review
A.Hng.e5.a3.d5.d3	Hungarian Opening, Burk Gambit	review	review
A.Van.ReN.e3	Van Geet Reversed Nimzowitsch, e3	review	review
A.Van.ReN.e3.d5	Van Geet Reversed Nimzowitsch, d5	review	review
A.Van.ReN.e3.d5.Be6	Van Geet Opening, Hulsemann Gambit	review	review
A.Van.ReN.e3.d5.Nf6	Van Geet Opening, Liebig Gambit	review	review
A.Van.d5.e3	Van Geet d5, e3	review	review
A.Van.d5.e3.e5	Van Geet d5 e3, e5	review	review
A.Van.d5.e3.e5.d4	Van Geet d5 e3 e5, d4	review	review
A.Van.d5.e3.e5.d4.Bb4	Van Geet Opening, Sleipnir Gambit	review	review
A.Pol.Nf6.Bb2.g6.d4	Polish Opening King's Indian, Sokolsky Attack	review	review
A.Eng.Agi.Spl	English Agincourt, Spielmann Defence	review	review
A.Eng.Agi.Nf3.Nf6.Nc3.b6	Agincourt Nc3, Queen's Indian Formation	review	review
A.Eng.Agi.Nf3.Nf6.Nc3.Bd3	Agincourt Queen's Indian, Bd3 Line	review	review
A.Eng.AIn.Nc3.e6.Nf3.g4	Anglo-Indian Nimzo-English, Zvjaginsev-Krasenkow Attack	review	review
A.Eng.Rev.Nc3.d6.Nf3.Bg4	English Reversed Sicilian, Smyslov Defence	review	review
A.Eng.Rev.Nc3.Nf6.Nf3.c6	English King's English, Adhiban Gambit	review	review
A.Eng.Rev.Nc3.Nf6.Nf3.b5	English King's English, Bellon Gambit	person	attributed_to
A.Eng.Rev.Nc3.Nf6.Nf3.Ng4	English King's English, Erbenheimer Gambit	review	review
A.Eng.Rev.Nc3.Nf6.f4	English Reversed Sicilian, Mazedonisch	review	review
A.Eng.Rev.g3.Nf6.Bg2.Nc6	English Reversed Sicilian g3, Four Knights Fianchetto	review	review
A.Eng.Rev.g3.Nf6.Bg2.d3	English Reversed Sicilian Four Knights, d3	review	review
A.Eng.Rev.g3.Nf6.Bg2.O-O	English Reversed Sicilian Four Knights, Castled Line	review	review
A.Eng.Sym.Hdg.Nbd7	English Symmetrical Hedgehog, Flexible Formation	review	review
A.Eng.Sym.Nc3.Nf6.g3	English Symmetrical, Fianchetto Variation	review	review
A.Eng.Sym.Nc3.Nf6.Nc7	English Symmetrical Rubinstein, Nc7 Line	review	review
A.QPO.g5	Queen's Pawn Opening, Borg Defence	review	review
A.PoD.Bb7	Polish Defence, Bb7	review	review
A.PoD.Bb7.Bxb5	Polish Defence, Spassky Gambit Accepted	review	review
A.EID.g3	East Indian Defence, Przepiorka Prefix	review	review
A.EID.Bf4.Bg7.e3.d6.O-O	East Indian London Be2, O-O	review	review
A.EID.Nc3.d5.Bf4.Bg7.Qd2	East Indian Barry, Tarzan Attack	review	review
A.QPO.c6.Nf3	Queen's Pawn c6, Nf3	review	review
A.QPO.c6.Nf3.Nf6	Queen's Pawn c6 Nf3, Nf6	review	review
A.QPO.c6.Nf3.Nf6.c4	Slav Indian, Kudischewitsch Prefix	review	review
A.QPO.c6.Nf3.Nf6.c4.b5	Slav Indian, Kudischewitsch Gambit	review	review
A.Ret.Eng.Be7.O-O.Ker	Réti English Be7, Keres Defence	review	review
A.Ret.Eng.Be7.O-O.NCD	Réti English, Neo-Catalan Declined	review	review
B.Fre.Nrm.d5.Nc3.a6.Nfd7	French Steinitz a6, Nfd7	review	review
B.Fre.Nrm.d5.Nc3.a6.a3	French Steinitz a6, a3 Line	review	review
B.Fre.Nrm.d5.Nc3.a6.Ne2	French Steinitz a6, Ne2 Line	review	review
B.Fre.Nrm.d5.Nc3.a6.Bg5	French Steinitz a6, Bg5 Line	review	review
B.Sca.Mod.Mie.Bf5	Scandinavian Mieses-Kotrc, Classical Variation	review	review
B.Sca.Mod.Mie.Bg4	Scandinavian Mieses-Kotrc, Lasker Variation	review	review
B.Ale.Chs.Nd5.Bc4.e6.d6	Alekhine Hunt Variation, Mikėnas Setup	review	review
B.Ale.Chs.Nd5.Bc4.e6.Bxd5	Alekhine Hunt Variation, Mikėnas Gambit	review	review
B.Mod.Std.Nc3.C5S.d5	Eastern Pterodactyl, Benoni	review	review
B.Mod.Std.Nc3.C5S.d5.Qa5	Eastern Pterodactyl, Benoni Pterodactyl	review	review
B.Mod.Std.Nf3.C5S	Modern Defence Nf3, c5 System	review	review
B.Mod.Std.Nf3.C5S.Be3	Modern Pterodactyl Western, Anhanguera	review	review
B.Mod.Std.Nf3.C5S.Bc4	Modern Pterodactyl Western, Siroccopteryx	review	review
B.Sic.HAc.d4.Bg7.dxc5.Bxc3	Hyper-Accelerated Pterodactyl, Pteranodon	review	review
B.Sic.HAc.d4.Bg7.dxc5.Qxc3	Hyper-Accelerated Pterodactyl, Exchange Variation	review	review
B.Sic.SmM.Acc.Sib.Bd6	Smith-Morra Accepted Siberian, Larsen Defence	review	review
B.Sic.SmM.Acc.Sib.Ng4	Smith-Morra Accepted Siberian, Trap Line	review	review
B.Sic.Clo.Fch.Bot.e5	Closed Sicilian Botvinnik, e5 Line	review	review
B.Sic.Clo.Fch.Bot.Nge7	Closed Sicilian Botvinnik, Edge Variation	review	review
B.Sic.Cls.Be2.e5.Nxc6	Sicilian Boleslavsky, Louma Variation	review	review
B.Sic.Cls.Be2.e5.Nb3	Sicilian Boleslavsky, Nb3 Line	review	review
B.Sic.Dra.Yug.Nc6.O-O-O	Sicilian Dragon Yugoslav Nc6, Modern Line	review	review
B.Sic.Dra.Yug.Nc6.g4	Sicilian Dragon Yugoslav Nc6, Panov Variation	review	review
B.Sic.Dra.Yug.Nc6.Bc4.Bb3	Sicilian Dragon Yugoslav Bc4, Main Line	descriptor	editorial_leaf_token
B.Sic.Dra.Yug.Nc6.Bc4.h4	Sicilian Dragon Yugoslav Bc4, h4 Line	review	review
B.Sic.Win.cxb4.a3.d5.Bb2	Sicilian Wing Gambit, Marienbad Variation	review	review
B.Sic.Win.cxb4.a3.d5.Bd3	Sicilian Wing Gambit, Nanu Gambit	review	review
B.Sic.Win.cxb4.a3.d5.Qe6	Sicilian Wing Gambit, Romanian Defence	review	review
B.Car.Zil	Carr Defence, Zilbermints Gambit	review	review
B.Gld.Pic	Goldsmith Defence, Picklepuss Defence	review	review
B.War.Sna	Ware Defence, Snagglepuss Defence	review	review
B.Mod.Mas	Modern Defence, Masur Gambit	review	review
B.Sca.MLn.Qd8.d4.Nf6.c6	Scandinavian Valencian, Ilundain Variation	review	review
B.Sca.MLn.Qd8.d4.Nf6.Bg4	Scandinavian Valencian, Main Line	descriptor	editorial_leaf_token
B.Fre.Cls.MLn.e5.Qxe7	French Classical e5, Bxe7 Qxe7	review	review
B.Fre.Cls.MLn.e5.Qxe7.Qg4	French Classical Exchange, Pollock Variation	review	review
B.Fre.Cls.MLn.e5.Qxe7.Qd2	French Classical Exchange, Rubinstein Variation	review	review
B.Fre.Cls.MLn.e5.Qxe7.f4	French Classical Exchange, Steinitz Variation	review	review
B.Fre.Cls.MLn.e5.Qxe7.Bd3	French Classical Exchange, Tarrasch Variation	review	review
B.Fre.Win.Adv.MLn.Nf3	French Winawer Advance Main Line, Nf3 Setup	review	review
B.Fre.Win.Adv.MLn.Nf3.Qc7	Winawer Advance Nf3, Qc7 Line	review	review
B.Fre.Win.Adv.MLn.Nf3.h4	Winawer Advance Nf3, h4 Line	review	review
B.Fre.Nrm.d5.exd5	French Defence Normal, exd5	review	review
B.Fre.Mac.Exc	French MacCutcheon, Exchange Capture	review	review
B.Ale.Nrm.Dpn.d6.Nb6	Alekhine Defence d6, Nb6	review	review
B.Ale.Nrm.Dpn.d6.Nb6.c5	Alekhine Defence Hunt, c5	review	review
B.Ale.Nrm.Dpn.d6.Nb6.Be2	Alekhine Defence Modern, Alekhine Gambit	review	review
B.CaK.Kar.Bc4.Ngf6.Qe2	Caro-Kann Karpov Smyslov, Qe2	review	review
B.CaK.Kar.Bc4.Ngf6.Qe2.Nb6	Caro-Kann Karpov Smyslov, Nb6	review	review
B.CaK.Kar.Bc4.Ngf6.Qe2.Bb3	Caro-Kann Karpov Smyslov, Main Line	descriptor	editorial_leaf_token
B.Sca.Mod.Mie.Bf5.Ne5	Scandinavian Mieses-Kotrc Classical, Ne5	review	review
B.Sca.Mod.Mie.Bf5.Ne5.g4	Scandinavian Mieses-Kotrc, Grünfeld Variation	review	review
B.Pir.Aus.Drg.e5	Pirc Austrian Dragon, Unzicker Attack	review	review
B.Mod.Std.Nc3.StD.f4	Modern Standard Defence, Pseudo-Austrian Attack	review	review
B.Mod.Std.Ctr.e5	Modern c4 Centre, Neo-Modern Defence	review	review
B.Mod.Std.Ctr.d6	Modern c4 Centre, d6 Line	review	review
B.Mod.Std.Ctr.d6.Be3	Modern Averbakh, Pseudo-Sämisch	review	review
B.Mod.Std.Ctr.d6.Be3.f3	Modern Averbakh Pseudo-Sämisch, f3	review	review
B.Mod.Pte.Nc3	Modern Pterodactyl, Nc3 Interposition	review	review
B.Mod.Pte.Nc3.d6	Modern Pterodactyl Nc3, d6 Line	review	review
B.Sic.StC.Nc6	Sicilian Staunton-Cochrane, Nc6	review	review
B.Sic.StC.Nc6.Nc3	Sicilian Staunton-Cochrane, Nc3	review	review
B.Sic.StC.Nc6.Nc3.g6	Sicilian Staunton-Cochrane, g6 Fianchetto	review	review
B.Sic.StC.Nc6.Nc3.g6.Bg2	Sicilian Staunton-Cochrane, Double Fianchetto	review	review
B.Sic.Fre.Nc3	Sicilian French, Nc3	review	review
B.Sic.Fre.Nc3.a6	Sicilian French Nc3, Kan Setup	review	review
B.Sic.Fre.Nc3.a6.g3	Sicilian French Kan, Fianchetto Wing Attack	review	review
B.Sic.Fre.Nc3.a6.g3.b5	Sicilian French Kan, Wing Attack	review	review
B.Sic.SmM.Acc.Sib.Qe2	Smith-Morra Accepted Siberian, Qe2	review	review
A.OID.Wad.Chi	Old Indian Wade, Chigorin Plan	review	review
A.Van.d5.d3	Van Geet d5, Venezolana Variation	review	review
A.QPO.c6.c4	Queen's Pawn c6, Anglo-Slav Opening	review	review
A.EID.Col.KID	East Indian Colle, King's Indian Variation	review	review
A.Mod.Nc3.d6	Modern Defence Nc3, d6	review	review
A.Sod.g6.g4	Sodium Chenoboskion, g4	review	review
A.Tro.Psn.Nc3	Trompowsky Poisoned Pawn, Nc3	review	review
A.Eng.Rev.e3.c4	English Reversed Sicilian e3, Amsterdam Attack	review	review
A.Ret.d6.d4.g6	Zukertort Pirc Invitation, Robatsch Defence	review	review
A.OID.Mod.MLn.Bog	Old Indian Modern, Bogolubovia	review	review
A.Tro.Rap.Bh4.c6.Nd2	Trompowsky Edge c6, Hergert Gambit	review	review
A.Hng.Nc6.Nc3.d5.d4	Hungarian Nc6 d5, Asten Gambit	review	review
A.Hol.c4.Nf6.g3.d6	Dutch Defence c4 Nf6 g3, Hort-Antoshin System	review	review
A.Mod.Nc3.c5.d5.d6	Modern Pterodactyl Advance, Benoni Beefeater	review	review
A.Tro.Rap.Bh4.d5.f3	Trompowsky Edge d5, Hergert Gambit	review	review
A.Bir.Fro.d4.exd4.Nf3	From's Gambit d4, Siegener Gambit	review	review
A.Hol.c4.Nf6.Nc3.d6	Dutch Defence c4 Nf6 Nc3, Krause Variation	review	review
A.Hng.d5.Bg2.e5.c4	Hungarian d5 Bg2 e5, Winterberg Gambit	review	review
A.QPO.Nf6.e4.Nxe4.Bd3	Queen's Pawn Omega, Arafat Gambit	review	review
A.QPO.Nf6.Nf3.e6.Nc3	Queen's Pawn Indian Knights, Veresov Classical	review	review
A.Van.c5.Nf3.Nc6.d4	Van Geet c5 Nf3, Sicilian Two Knights	review	review
A.Eng.Rev.Nc3.d6.g3	English Reversed Sicilian d6, Keres Defence	review	review
A.Ret.Fch.MLn.Bg2.d6	Réti Double Fianchetto, d6 Line	review	review
A.Hol.Sto.Bot.MLn.Ba3	Dutch Stonewall Botvinnik, Ba3	review	review
A.Lar.Nf6.Bb2.g6.g4	Larsen Indian, Spike Variation	review	review
A.Pol.e5.Bb2.f6.e4	Polish Opening, Tartakower Gambit	review	review
A.EID.Bg5.Bg7.Nbd2.c5	East Indian Torre, Euwe Variation	review	review
A.Pol.e6.Bb2.Nf6.b5.a4	Polish Opening, Rooks Swap Line	review	review
A.Van.d5.f4.d4.Ne4.Nf3	Van Geet Pfeiffer, Sleipnir Countergambit	review	review
A.Ret.Ang.MLn.Nf6.Nc3.Bd6	Réti Anglo-Slav Gurevich, Bd6	review	review
A.Ret.Ang.MLn.Nf6.Nc3.Bb2	Réti Anglo-Slav Gurevich, Semi-Slav Normal	review	review
A.Col.Bd6.O-O.O-O.b3.Bb2	Colle Bd6 b3, Bb2	review	review
A.Col.Bd6.O-O.O-O.b3.c6	Colle Bd6 b3, c6	review	review
A.Col.Bd6.O-O.O-O.b3.Nbd2	Colle Bd6 b3, Nbd2	review	review
A.Hor.Fch.MLn.Bg5.Be7.Qc2	Horwitz French Orthodox, Miles Variation	review	review
A.Hor.Fch.MLn.Bg5.Be7.h6	Horwitz French Orthodox, Uhlmann Variation	review	review
A.Hor.Fch.MLn.Bg5.Nbd7.c6	Horwitz French Knight Defence, c6	review	review
A.Hor.Fch.MLn.Bg5.Nbd7.Bb4	Horwitz French Knight Defence, Manhattan Variation	review	review
A.Hor.Fch.MLn.Bg5.Nbd7.a3	Horwitz French Knight Defence, Anti-Cambridge Springs	review	review
A.PQI.e3.Bb7	Pseudo-Queen's Indian e3, Main Line	descriptor	editorial_leaf_token
C.Cen.exd4.Nf3.Bc5.c3	Center Game, Lanc-Arnold Gambit	review	review
C.Cen.exd4.Nf3.c5.Bc4	Center Game Kieseritzky, Bc4 Line	review	review
C.Bsh.Lew.Bxd5	Bishop's Opening Lewis, Bxd5 Line	review	review
C.Bsh.Ber.d3.c6	Bishop's Opening Berlin, Paulsen Defence	review	review
C.Bsh.Bc5.b4.Bxb4.f4.exf4	Bishop's Opening, Four Pawns Gambit	review	review
C.Vie.Mie.Bc5.Bg2.Nc6.d5	Vienna Mieses, Paulsen d5 Line	review	review
C.Vie.Gbt.Fal.MLn.Qf3.d4	Vienna Gambit Falkbeer, Heyde Variation	review	review
C.KGm.Nc6.Nf3.g5.fxg5	King's Gambit Declined, Hobbs-Zilbermints Gambit	review	review
C.KGm.Acc.Nf3.Mod.exd5.Nd5	King's Gambit Accepted, Abbazia Main Line	review	review
C.KGm.Acc.Nf3.KKn.Bc4.Qxf3	King's Gambit Accepted, Ghulam-Kassim Qxf3 Line	review	review
C.KGm.Acc.Kie.d5.d4.Bxf4	Kieseritzky Gambit, Brentano Defence	review	review
C.KGm.Acc.Kie.h5.Bc4	Kieseritzky Long Whip, Jaenisch Variation	review	review
C.LtO.Bc4.fxe4.Nf6.Nxf7	Latvian Gambit, Corkscrew Gambit	review	review
C.PhD.d4.Nd7.Bc4.c6.Be7	Philidor Hanham, Steiner Variation	review	review
C.PhD.Lio.Ng5.O-O.Bxf7.Ne6	Philidor Lion, Forcing Line	review	review
C.PhD.d4.Nf6.dxe5.Nxe4.Qd5	Philidor Nimzowitsch, Rellstab Variation	review	review
C.PhD.d4.f5.dxe5.fxe4.e6	Philidor Countergambit, del Rio Attack	review	review
C.Pet.Nxe5.d6.Nf3.Nxe4.Nf6	Petrov Classical, Closed Variation	review	review
C.Thr.Bb4	Three Knights Opening, Bb4 Line	review	review
C.Ita.Two.Nc3.Nxe4.Bxf7	Italian Two Knights, Noa Gambit	review	review
C.Ita.Evn.Acc.c3.Be7.d4	Evans Accepted Anderssen, Cordel Line	review	review
C.Ita.Evn.Dec.a4.a6	Evans Declined, Showalter Variation	review	review
C.Ita.Giu.c3.Nf6.b4	Italian Giuoco Piano, Bird's Attack	review	review
C.Ita.Giu.c3.Nf6.d3.a6	Italian Giuoco Piano, c3 Pianissimo a6 Line	review	review
C.Ita.Pia.Wai.MLn.Re1.Ba7	Giuoco Pianissimo a6 Main Line, Ba7	review	review
C.Ita.Giu.O-O.Nf6.d3.d5	Italian Giuoco Piano Castled, d5 Line	review	review
C.Ita.Giu.c3.Nf6.d4.b4	Italian Giuoco Piano, Dubov Italian	review	review
C.Ita.Two.Opn.MLn.e5.Ne4	Italian Two Knights Open, Ne4 Line	review	review
C.RyL.SCG.Nxe5.O-O	Spanish Countergambit, Fricke Gambit	review	review
C.RyL.Shl.Jae.fxe4.Nxe4.Qg5	Ruy López Schliemann, Classical Variation	review	review
C.RyL.Ber.O-O.Bc5.c3.Bb6	Ruy López Berlin Classical, Benelux Variation	review	review
C.RyL.Ber.O-O.Hdg.Re1	Berlin Defence Castled, Tarrasch Trap	review	review
C.RyL.Mor.Ba4.b5.Bb3.Bc5	Ruy López Morphy, Graz Variation	review	review
C.RyL.Mor.Ba4.d6.Bxc6.d4	Ruy López Modern Steinitz, d4 Line	review	review
C.RyL.Mor.Ba4.d6.c3.Nge7	Ruy López Modern Steinitz, Nge7 Line	review	review
C.RyL.Mor.Ba4.Nf6.O-O.Qe2	Ruy López Morphy Open, Tartakower Variation	review	review
C.RyL.Mor.Opn.d4.Be7	Ruy López Open, Classical Defence	review	review
C.RyL.Mor.Opn.MLn.a4.Nc3	Ruy López Open, Berger Variation	review	review
C.RyL.Cls.d4.Nxd4	Ruy López Closed, Noah's Ark Trap	review	review
C.RyL.Mar.MLn.Rxe5.c6.Bxd5	Ruy López Marshall, Re3 Variation	review	review
C.RyL.Cha.MLn.d4.Qc7.Nc6	Ruy López Chigorin, Nc6 Line	review	review
C.KPO.Kgt.MLn.Be2.Nf6.e5	King's Knight Opening Tayler, Basman Gambit	review	review
C.Fou.Spa.Dbl.MLn.d3.Ne7	Four Knights Double Spanish, Ne7 Line	review	review
C.Ita.Evn.Acc.Stn.O-O.Nxe5	Evans Accepted Steinitz, Richardson Attack	review	review
D.QGD.QKn	QGD, Queen's Knight Variation	review	review
D.QGD.QKn.Nrm	QGD Queen's Knight, Normal Defence	review	review
D.QGD.Ala	QGD, Alapin Variation	review	review
D.Sem.Bg5.Acc	Semi-Slav Bg5, Accepted	descriptor	editorial_leaf_token
D.QPG.Ver.Ric	Queen's Pawn Veresov, Richter-Veresov Attack	review	review
D.QPG.Ver.Ric.Bf5	Veresov Richter, Bf5 Line	review	review
D.QPG.Ver.Ric.Bf5.Bxf6	Veresov Richter Bf5, Bxf6 Line	review	review
D.Bgm.Acc.Bog.MLn.Klo	Blackmar-Diemer Bogoljubow, Kloss Attack	review	review
D.Bgm.Acc.Bog.MLn.Stu	Blackmar-Diemer Bogoljubow, Studier Attack	review	review
D.Bgm.Cap.Sol	Blackmar-Diemer Captured Pawn, Soller Attack	review	review
D.Sla.Cze.Kra.Car	Slav Czech Krause, Carlsbad Variation	review	review
D.Sla.Cze.Kra.Mor	Slav Czech Krause, Morozevich Variation	review	review
D.QGD.Exc.Bg5.c6.Qc2.Bd3	QGD Exchange Reshevsky, Bd3 Line	review	review
D.Sem.Mer.MLn.Old	Semi-Slav Meran Main Line, Old Variation	review	review
D.Sem.AMe.Sto.b6	Semi-Slav Stoltz, b6 Chigorin Line	review	review
D.Sem.AMe.Sto.MLn	Semi-Slav Stoltz, Main Line	descriptor	editorial_leaf_token
E.Ben.Old.Adv.Nf6.Nc3.Qa5	Old Benoni Advance Nc3, Woozle	review	review
E.Ben.Old.Adv.e5.e4.d6	Old Benoni Semi-Benoni, d6	review	review
E.Ben.Czk.MLn.g6	Czech Benoni, King's Indian System	review	review
E.Ben.Mod.Fch.MLn.O-O.Re8	Modern Benoni Fianchetto, Hastings Main Line	review	review
E.KID.Sml.Cst.Nge2.c5.cxd5	KID Sämisch Nge2 c5, King's Pawn Line	review	review
E.Gru.Hng.MLn.Bxc7	Grünfeld Hungarian, Gambit Accepted	review	review
E.Gru.Rus.Hng.e4.Na6	Grünfeld Russian, Prins Na6	review	review
E.Gru.Rus.Hng.e4.Bg4.Qb3	Grünfeld Russian Smyslov, Qb3	review	review
E.Ben.Mod.Cls.O-O	Modern Benoni Classical, Castled Defence	review	review
E.Ind.e6.Nf3.c5.Bg5	Indian Anti-Nimzo c5, Averbakh-Grivas	review	review
E.Ind.WIn.g3.Bg7.Bg2.Nxd5	West Indian Counterthrust, Exchange	review	review
E.Ind.Cat.d5.Bg2.dxc4.Qxc4	Indian Catalan Open, Qxc4	review	review
E.Ind.Cat.d5.Bg2.dxc4.Qc2	Indian Catalan Open, Alekhine Variation	review	review
E.Ind.Cat.Bb4.Bd2.Be7.O-O	Indian Catalan Bogo Retreat, Castled	review	review
E.QID.Euw.Bd3.c5.O-O.Nxd4	QID Euwe Averbakh, Nxd4	review	review
E.Nim.Rub.Res.MLn.O-O.Qc2	Nimzo Reshevsky Bernstein, Qc2	review	review
E.Ben.Bnk.Acc.Nc3.axb5.e4	Benko Accepted Zaitsev, Central Line	review	review
E.Ben.Bnk.Acc.Nc3.axb5.a4	Benko Accepted Zaitsev, a4 Line	review	review
E.Ben.Bnk.Acc.MLn.Bxa6.Nf3	Benko Accepted Bxa6, Nf3	review	review
E.Ben.Mod.Cls.MLn.a6.Nd2	Modern Benoni Classical a6, Nd2	review	review
E.Ben.Mod.Cls.MLn.a6.Bg5	Modern Benoni Classical a6, Bg5	review	review
E.Ben.Mod.Fou.MLn.h3	Modern Benoni Four Pawns Main Line, h3	review	review
E.Ben.Mod.Fou.MLn.e5	Modern Benoni Four Pawns Main Line, e5	review	review
E.Gru.Exc.SeV.Bc4.c5.Nc6	Grünfeld Exchange Seville, Nc6	review	review
C.Cen.exd4.Nf3.Bc5.c3.dxc3	Center Game Lanc-Arnold, Schippler Gambit	review	review
C.Bsh.Ber.d3.Be7	Bishop's Opening Berlin, Kitchener Folly	review	review
C.Bsh.Ber.d3.Nc6.Nc3	Bishop's Opening Berlin, Vienna Hybrid	review	review
C.Vie.Mie.MLn.exd5.c6	Vienna Mieses, Erben Gambit	review	review
C.KGm.Dec.Cls.c3.Bg4.fxe5	King's Gambit Declined Classical, Euwe Attack	review	review
C.KGm.Acc.Bsh.d5.Bxd5.Qh4	Bishop's Gambit d5, Boren-Svenonius Variation	review	review
C.PhD.d4.f5.Bc4.exd4	Philidor Countergambit, López-Jaenisch Variation	review	review
C.PhD.d4.Nf6.dxe5.Nxe4.Nbd2	Philidor Nimzowitsch, Sokolsky Variation	review	review
C.PhD.d4.exd4.Nxd4.d5.exd5	Philidor Exchange, Paulsen Attack exd5	review	review
C.KPO.Kgt.MLn.Nxe5.Nxe5.d4	King's Knight Opening, Schulze-Mueller Gambit	review	review
C.KPO.Kgt.MLn.d3.f5.exf5	King's Knight Opening, Clam Gambit	review	review
C.Sco.Gbt.Max.MLn.c3.Bg4	Scotch Gambit Max Lange, Cochrane-Anderssen Variation	review	review
C.Sco.Cls.Sch.Qd2.d5.Nb5	Scotch Classical Schmidt, Gottschall Variation	review	review
C.Fou.Spa.Rub.Nxe5.Qe7.f4	Four Knights Rubinstein Qe7, f4 Line	review	review
C.Fou.Spa.Rub.Nxe5.Bc5.O-O	Four Knights Rubinstein Marshall, Castled Line	review	review
C.Ita.Two.O-O.Bc5.Nc3	Italian Two Knights Castled, Nc3 Line	review	review
C.Ita.Two.O-O.Bc5.Nc3.d6	Italian Two Knights Castled Nc3, d6 Line	review	review
C.Ita.Evn.Acc.Mcd.Mor.Bg4	Evans Accepted McDonnell Morphy, Bg4 Line	review	review
C.Ita.Evn.Acc.Mor.d6.Qb3	Evans Accepted Morphy d6, Waller Attack	review	review
C.Ita.Giu.c3.d6.d4.exd4	Italian Giuoco Piano, La Bourdonnais Variation	review	review
C.Ita.Two.Nc3.Nxe4.Nxe4	Italian Two Knights Nc3, Nxe4 Recapture	review	review
C.Ita.Two.Nc3.Nxe4.Nxe4.d5	Italian Two Knights Nc3 Nxe4, d5 Line	review	review
C.RyL.SCG.Nxe5.Nxc6	Spanish Countergambit, Harding Gambit Nxc6	review	review
C.RyL.Stn.d4.Bd7.Nc3.Bxc6	Ruy López Steinitz, Nimzowitsch Bxc6 Line	review	review
C.RyL.Mor.Ba4.b5.Bb3.d6	Ruy López Noah's Ark, d6 Line	review	review
C.RyL.Fia.c3.a6	Ruy López Fianchetto, a6 Line	review	review
C.RyL.Fia.c3.a6.Ba4	Ruy López Fianchetto a6, Ba4 Line	review	review
C.RyL.Fia.c3.a6.Ba4.d6	Ruy López Fianchetto a6 Ba4, d6 Line	review	review
B.Fre.Adv.Mil.MLn.O-O.Bd7	French Advance Milner-Barry Hector, Bd7	review	review
B.Fre.Adv.NwG.cxd4	French Advance Nimzowitsch Gambit, cxd4	review	review
B.Fre.Adv.NwG.cxd4.Nf3	French Advance Nimzowitsch Gambit, Nf3	review	review
B.Fre.Stn.MLn.Nce2	French Steinitz Main Line, Shirov-Anand Variation	review	review
B.Fre.Stn.MLn.Qg4	French Steinitz Main Line, Gledhill Attack	review	review
B.Fre.Win.Adv.Smy.Qc7	French Winawer Smyslov, Qc7	review	review
B.Sic.Clo.Nc6.d3	Closed Sicilian Traditional, d3	review	review
B.Sic.Clo.Nc6.d3.g6	Closed Sicilian Traditional, g6	review	review
B.Sic.Clo.Nc6.d3.g6.g4	Closed Sicilian Traditional, Portland Attack	review	review
B.Sic.Fre.d4.cxd4.c3	Sicilian French Open, Smith-Morra Deferred	review	review
B.Sic.Fre.d4.cxd4.Nxd4.Qb6	Sicilian French Normal, Kveinis Variation	review	review
B.Sic.Fre.d4.cxd4.Nxd4.Bc5	Sicilian French Normal, Paulsen-Basman Defence	review	review
B.Sic.Kan.Tal.MLn.Nc6	Kan Tal Main Line, Bronstein Variation	review	review
B.Sic.Kan.Tal.MLn.Nc6.Bc2	Kan Bronstein, Bc2 Line	review	review
B.Sic.Nf3.f5.exf5	Sicilian Brussels Gambit, exf5	review	review
B.Sic.Nf3.f5.exf5.Nh6	Sicilian Double-Dutch Gambit	review	review
B.Sic.Old.Nc3.Bc4.d6.Nd2	Anti-Sveshnikov d6, Kharlov-Kramnik Line	review	review
B.Sic.Sve.Bxf6.Nd5.f5.Bxb5	Sveshnikov f5 Line, Peresypkin Sacrifice	review	review
B.Sic.Tay.Nc3.d6	Sicilian Taimanov, d6 Line	review	review
B.Sic.Tay.Nc3.d6.Be2	Taimanov d6 Line, Be2	review	review
B.Sic.Tay.Nc3.d6.Be2.Nf6	Taimanov d6 Be2, Scheveningen Modern	review	review
B.Sic.Tay.Nc3.Qc7.Be3.a6	Taimanov Bastrikov English Attack, a6	review	review
B.Sic.SmM.Acc.Nxc3.Nc6.Bc4	Smith-Morra Accepted Nc6, Bc4	review	review
B.Sic.SmM.Acc.Pau.O-O	Smith-Morra Accepted Paulsen, O-O	review	review
B.Sic.SmM.Acc.Pau.O-O.b5	Smith-Morra Accepted Paulsen, b5	review	review
B.Sic.SmM.d3.c4	Smith-Morra Declined Push, Dubois Variation	review	review
A.Ret.Ang.MLn.Nf6.Nc3.Be2	Réti Anglo-Slav Gurevich, Be2 Semi-Slav Line	review	review
A.Ret.Ang.MLn.Nf6.Nc3.Bd3	Réti Anglo-Slav Gurevich, Bd3 Semi-Slav Line	review	review
A.Hng.ReM.Nf3.Nc6.d4.O-O	Hungarian Reversed Grünfeld, Castled Line	review	review
A.Eng.Agi.Nf3.d5.Nbd2	Agincourt Defence d5, Queen's Indian Nbd2 Line	review	review
A.Eng.AIn.Nc3.d5.cxd5.Nb6	Anglo-Grünfeld Exchange, Nb6 Line	review	review
A.Eng.AIn.Nc3.d5.cxd5.Nxc3	Anglo-Grünfeld Exchange, Nxc3 Line	review	review
A.Eng.Rev.Nc3.Nf6.g3.O-O	English Reversed Sicilian g3, Castled Smyslov Line	review	review
A.Eng.Rev.Fou.e3.Bb4.Bxc3	English Four Knights Quiet, Bxc3 Line	review	review
A.Eng.Rev.Fou.e3.Bb4.Qf5	English Four Knights Quiet, Qf5 Line	review	review
A.Eng.Sym.Nc3.Nc6.g3.e5	English Symmetrical Three Knights, e5 Line	review	review
A.QPO.g6.Nf3.Bg7.e3.Qa5	Queen's Pawn Modern e3, Qa5 Check	review	review
A.QPO.g6.Nf3.Bg7.e3.Nxd4	Queen's Pawn Modern e3, Nxd4 Line	review	review
A.Mod.Nc3.c5.d5.Bxc3.f5	Modern Pterodactyl Bxc3, f5 Line	review	review
A.Mod.Nc3.c5.d5.Bxc3.Qa5	Modern Pterodactyl Bxc3, Qa5 Line	review	review
A.QPO.Nf6.Nc3.d5.e4	Queen's Pawn Nf6 Nc3 d5, Hübsch Gambit	review	review
A.PQI.e3.Bb7.Bb2	Pseudo-Queen's Indian e3, Bb2 Line	review	review
A.Hol.Sta.fxe4.Nc3.Nf6.f3	Dutch Staunton Accepted, Blackmar Second Gambit	review	review
A.Hol.Sta.fxe4.Nc3.Nf6.g4	Dutch Staunton Accepted, Tartakower g4 Line	review	review
A.Hor.Fch.Nc3.c6.g4	Horwitz French Nc3 c6, Portisch Gambit	review	review
A.Hor.Fch.MLn.Bg5.c5.Qb6	Horwitz French Pseudo-Tarrasch, Canal Qb6 Line	review	review
E.Gru.Neo.Del	Neo-Grünfeld, Delayed Exchange	review	review
E.QID.Pet.KPe	QID Petrosian, Kasparov-Petrosian	review	review
C.Vie.Mie.Bc5.Bg2.Nc6.Pol	Vienna Mieses Paulsen, Pollock Gambit	review	review
C.KGm.Acc.Kie.d5.d4.Nbd2	Kieseritzky Gambit, Caro Variation	review	review
C.PhD.d4.f5.dxe5.fxe4.Nc3	Philidor Countergambit, Berger Variation	review	review
C.Ita.Two.Opn.MLn.e5.Qh4	Italian Two Knights Open, Keidansky Variation	review	review
C.RyL.Ber.O-O.Bc5.c3.Bg5	Ruy López Berlin Classical, Modern Main Line	review	review
C.RyL.Mor.Ba4.d6.Bxc6.f6	Ruy López Modern Steinitz Bxc6, f6 Line	review	review
C.RyL.Mor.Ba4.Nf6.O-O.d3	Ruy López Worrall Castling, d3 Line	review	review
C.RyL.Cha.MLn.d4.Qc7.dxc5	Ruy López Chigorin Qc7, dxc5 Line	review	review
C.RyL.Ber.O-O.Nxe4.d4.a6	Ruy López Berlin Open d4, Rosenthal Variation	review	review
C.Bsh.Ber.d3.Be7.O-O	Bishop's Opening Berlin Kitchener, Castled Line	review	review
C.LtO.Bc4.fxe4.Nxh8	Latvian Gambit Mayet, Behting Variation	review	review
C.PhD.d4.f5.Bc4.exd4.Nxh7	Philidor Countergambit López-Jaenisch, Nxh7 Line	review	review
A.Hol.c4.Nf6.g3.e6.d5	Dutch Defence c4 Nf6 e6, d5 Line	review	review
A.Hor.Fch.MLn.Nf3.Be7.b3	Horwitz French Be7 Line, b3	review	review
A.QPO.Nf6.Nf3.e6.e3.c5	Queen's Pawn Indian Knights e3, c5 Line	review	review
A.QPO.Nf6.Nf3.e6.e3.Be7	Queen's Pawn Indian Knights e3, Be7 Line	review	review
A.Kan.MLn.e3.c5.Bd3.O-O	Kangaroo Sämisch, Castled Line	review	review
A.Kan.MLn.e3.c5.Bd3.Ne8	Kangaroo Sämisch, Capablanca Variation	review	review
A.KIA.Car.g6	King's Indian Attack Caro-Kann, g6 Line	review	review
A.KIA.Fre.Nc6	King's Indian Attack French Setup, Nc6 Line	review	review
B.Sic.Alp.Cen.MLn.cxd4.cxd4	Sicilian Alapin Central cxd4, cxd4	review	review
B.Sic.Alp.Dd6.MLn.Nc6	Sicilian Alapin d6 Main Line, Nc6	review	review
B.Sic.Alp.Dd6.MLn.Nc6.d4	Sicilian Alapin d6 Nc6, d4	review	review
B.Sic.Mor.Bd7.MLn.O-O	Sicilian Moscow Bd7 Main Line, O-O	review	review
B.Sic.Mor.Bd7.MLn.c4	Sicilian Moscow Bd7 Main Line, c4	review	review
B.Sic.Mor.Bd7.MLn.O-O.Nc6	Sicilian Moscow Bd7 Castled, Nc6	review	review
B.Fre.Rub.MLn.Nf6.Nxf6	French Rubinstein Nf6, Nxf6	review	review
B.Fre.Rub.MLn.Nf6.Nxf6.Nxf6	French Rubinstein Nxf6, Nxf6	review	review
B.Sic.OKn.Nf6.f3.e5	Sicilian Prins, e5	review	review
B.Sic.OKn.Nf6.f3.e5.Bb5	Sicilian Prins e5, Bb5	review	review
B.Sic.Naj.Sch.O-O.Nbd7	Sicilian Najdorf Scheveningen O-O, Nbd7	review	review
B.Sic.Naj.Sch.O-O.Qc7	Sicilian Najdorf Scheveningen O-O, Qc7	review	review
B.Sic.Cls.Soz.e6.Be3.Be7	Sicilian Sozin Be3, Be7	review	review
B.CaK.Cls.Spd.Nd7.Lob	Caro-Kann Classical Spassky h5, Lobron System	review	review
B.CaK.Cls.Spd.Nd7.Sei	Caro-Kann Classical Spassky h5, Seirawan Variation	review	review
B.Sic.SmM.Acc.Soz	Smith-Morra Accepted Nc6, Sozin Formation	review	review
B.Sic.SmM.Acc.Chi	Smith-Morra Accepted Nc6, Chicago Defence	review	review
B.Sic.SmM.Acc.Kan	Smith-Morra Accepted e6, Kan Formation	review	review
B.Sic.SmM.Acc.Fng	Smith-Morra Accepted e6, Finegold Defence	review	review
B.Sic.Clo.Fch.Smy	Closed Sicilian Fianchetto, Smyslov Variation	review	review
B.Sic.Sve.Brd	Sveshnikov Ndb5 Bg5, Bird Variation	review	review
B.Sic.Sve.MLn	Sveshnikov Ndb5 Bg5, Main Line	descriptor	editorial_leaf_token
B.Sic.Kan.Nc3.Chr	Sicilian Kan Wing Attack, Christiansen Dream	review	review
B.Sic.Kan.Nc3.Spr	Sicilian Kan Wing Attack, Spraggett Attack	review	review
B.Sic.Alp.Dd6.MLn.Nc6.BPg	Delayed Alapin Basman-Palatnik Gambit	review	review
B.Sic.Alp.Dd6.MLn.Nc6.BPD	Delayed Alapin Basman-Palatnik Double Gambit	review	review
B.Sic.Fre.Gaw	Sicilian French, Gaw-Paw Variation	review	review
B.Sic.Sch.Be2.Be7.Bd7	Scheveningen Classical Modern, Bd7 Line	review	review
B.Sic.Naj.Be2.Mod	Najdorf Opočenský Nb3, Modern Line	review	review
B.Sic.Naj.Be2.Trd	Najdorf Opočenský Nb3, Traditional Line	review	review
A.Bir.Fro.fxe5.d6.exd6.Nf6	From's Gambit Langheld, Nf6	review	review
A.Eng.Rev.Fou.MLn.Bg2.Bc5	English Reversed Four Knights Bg2, Bc5	review	review
A.Hor.Fch.Nf3.c5.cxd5.Bg5	Horwitz French Pseudo-Tarrasch, Bishop Attack	review	review
A.Owe.Eng.e4.Bb7.Bd3.Nc6	English Defence Perrin, Nc6	review	review
A.EID.Bg5.Bg7.Nbd2.d5.O-O	East Indian Torre d5, Castled Line	review	review
A.Eng.Rev.e3.Nf6.f4.Nf3	English Reversed Sicilian Kahiko-Hula, Nf3	review	review
A.Kan.MLn.e3.O-O.a3.bxc3	Kangaroo Sämisch, bxc3 Line	review	review
A.KIA.Sic.MLn.g3.Nf6.Re1	King's Indian Attack Sicilian Nf6, Re1	review	review
D.QGD.Mod	QGD, Modern Variation	review	review
D.QGD.Mod.BKo	QGD Modern, Been-Koomen Variation	review	review
D.QGD.Mod.PTr	QGD Modern, Pseudo-Tarrasch Variation	review	review
D.QGD.Mod.PTr.Can	QGD Pseudo-Tarrasch, Canal Variation	review	review
D.QGD.Mod.KDf	QGD Modern, Knight Defence	review	review
D.QGD.Mod.KDf.Man	QGD Modern Knight Defence, Manhattan Variation	review	review
D.QGD.Mod.KDf.ACS	QGD Modern Knight Defence, Anti-Cambridge Springs	review	review
C.LtO.Bc4.fxe4.Nxh8.Nf6	Latvian Gambit Behting, Nf6 Line	review	review
C.KPO.Kgt.MLn.c4.Nf6.Nxe5	Dresden Opening, The Goblin	review	review
B.Ale.Mod.MLn.Be2.c6	Alekhine Modern Be2, Flohr Variation	review	review
B.Sic.Alp.Nf6.MLn.cxd4	Sicilian Alapin Nf6 Main Line, cxd4	review	review
B.Sic.Tay.Nc3.Nf6.Ndb5.d6	Sicilian Four Knights, Sveshnikov Transfer	review	review
B.Sic.OKn.Nf6.Nc3.e5.Bb5	Sicilian Modern, Venice Attack	review	review
B.Sic.Naj.Pst.MLn.Qxb2	Najdorf Poisoned Pawn, Qxb2	review	review
B.Sic.Naj.Pst.MLn.Qxb2.Rb1	Najdorf Poisoned Pawn Qxb2, Rb1	review	review
A.Van.d5.e4	Van Geet d5, e4	review	review
A.Van.d5.e4.dxe4	Van Geet d5 e4, dxe4	review	review
A.Van.d5.e4.dxe4.f3	Van Geet Opening, Dougherty Gambit	review	review
A.Van.d5.e4.dxe4.d3	Van Geet Opening, Dunst-Perrenet Gambit	review	review
A.Van.d5.e4.dxe4.Bc4	Van Geet Opening, Hector Gambit	review	review
A.Eng.CKa.Nf3	English Caro-Kann, Nf3	review	review
A.Eng.CKa.Nf3.d5	English Caro-Kann Nf3, d5	review	review
A.Mod.e4	Modern Defence, e4 Line	review	review
A.Mod.e4.e5	Modern Defence, Neo-Modern Defence	review	review
A.Mod.e4.c5	Modern Defence e4, c5	review	review
A.Mod.e4.c5.d5	Modern Defence e4 c5, d5	review	review
A.Mod.e4.c5.d5.Qa5	Pterodactyl Defence, Central Benoni	review	review
A.Mod.Avk.Nc6	Modern Defence, Kotov Variation	review	review
B.Sic.Fre.d4.a6	Sicilian French, Drazic Variation	review	review
B.Ale.Fou.Trd.MLn.IlZ	Alekhine Four Pawns, Ilyin-Zhenevsky Variation	review	review
B.CaK.Adv.Bf5.VdW	Caro-Kann Advance, Van der Wiel Attack	review	review
B.Sic.Alp.Cen.MLn.Nf6.Bg4	Sicilian Alapin Barmen, Modern Line	review	review
B.Sic.Ros.Cls.MLn.Gur	Rossolimo Classical, Gurgenidze Variation	review	review
B.Sic.Naj.Pol.MLn.Sim	Najdorf Polugaevsky, Simagin Line	review	review
A.VtK.e5.Nc3.Nc6.f4.exf4	Van't Kruijs Alua, exf4	review	review
A.VtK.e5.Nc3.d5.f4.exf4	Van't Kruijs Ekolu, exf4	review	review
A.KIA.Bg2.e6.O-O	King's Indian Attack e6, Castled	review	review
A.KIA.Fre.c5	King's Indian Attack French, c5 Line	review	review
A.Eng.AIn.g3	Anglo-Indian Defence, g3 Line	review	review
A.Eng.AIn.g3.c6	Anglo-Indian g3, c6 Line	review	review
A.Eng.Sym.Nf3.Nf6.Nc3.d5	English Symmetrical Nf3 Nc3, d5	review	review
A.Eng.AIn.Nf3.g6.g3.Bg7	Anglo-Indian King's Indian, Bg7	review	review
E.Nim.Rub.StN	Nimzo Rubinstein, St. Petersburg Ne4	review	review
A.Eng.CKa.Nf3.d5.g3	English Caro-Kann Nf3 d5, g3	review	review
A.Eng.CKa.Nf3.d5.g3.Bg2	English Caro-Kann g3, Bg2	review	review
A.Eng.Agi.Nc3	Agincourt Defence, Nc3	review	review
B.Sic.Clo.Fch.MLn.Nge2.e5	Closed Sicilian Fianchetto Nge2 Line, e5	review	review
B.Sic.SmM.Acc.Cls.O-O	Smith-Morra Accepted Classical, O-O	review	review
B.Sic.SmM.Acc.Cls.O-O.Nf6	Smith-Morra Accepted Classical, Nf6	review	review
B.Sic.Cls.Soz.e6.Bb3.Be7	Sicilian Sozin Fischer, Be7	review	review
D.QGD.QKn.Acc	QGD Queen's Knight, Semi-Slav Accelerated	review	review
D.QGD.QKn.Nrm.Har	QGD Queen's Knight Normal, Harrwitz Prefix	person	attributed_to
D.QGD.Ort.Rc1.a6	QGD Orthodox Rc1, Henneberger a6 Line	review	review
C.Pet.Thr.Fou.Gun	Four Knights Spanish, Gunsberg Counterattack	review	review
B.Sca.Nf6.Mar.Gip	Scandinavian Marshall, Gipslis Variation	review	review
D.QPG.Zuk.Nf6.Bf4	Queen's Pawn Zukertort, London System	review	review
D.QGD.PTr	QGD, Pseudo-Tarrasch	review	review
D.Sla.Nf3.Nf6.Exc.Trf	Slav Exchange, Trifunovic Variation	review	review
D.QGD.Har.Har.MLn	QGD Harrwitz, dxc5 Main Line	review	review
B.CaK.Adv.Bf5.c3.e6	Caro-Kann Advance Bf5 c3, e6	review	review
B.CaK.Adv.Bf5.c3.e6.Be2	Caro-Kann Advance c3, Short Variation	review	review
C.Fou.Gun	Four Knights, Gunsberg Variation	review	review
A.Eng.Rev.Fou.BBV	English Four Knights, Bradley Beach Variation	review	review
A.Owe.Eng.e4.Bb7.f3.Nh6	English Defence, Poli Gambit	review	review
B.Sic.OKn.g6	Sicilian Open Knights, Accelerated Dragon	review	review
D.QGA.Jan.e3.b5	QGA Janowski-Larsen e3, Haberditz Variation	review	review
D.QPG.Zuk.Col.Bd3	Queen's Pawn Zukertort Colle, Bd3	review	review
B.Sic.Clo.GPr.MLn.Sch	Closed Sicilian Grand Prix, Schofman Variation	review	review
B.Sic.Alp.Cen.MLn.Nc6.Mil	Sicilian Alapin Barmen, Milner-Barry Attack	review	review
A.Ret.Eng.c5.b3.Nc6.Be7	Réti English Tarrasch Defence	review	review
E.Nim.Rub.O-O.Sml	Nimzo Rubinstein Castled, Sämisch	review	review
B.Sic.Dra.Yug.Chn.Bb3.Top	Chinese Dragon, Topalov Variation	review	review
